
wf>  
=== $ capdump 6
capdump 6
CAPHDR seq=6 version=1 unix_start=1788009251 boot_ms=25486 mcu=c0:03:cf:98:00:1a bms=40:18:03:01:20:e9 note=wildfire idf v6.1
WFR t=0 src=mcu len=16 data=aa9b0101010100000000fbfbecd30e91
WFR t=0 src=mcu len=16 data=aa9c091a0000000000000100feff85ec
WFR t=0 src=mcu len=16 data=aa9d21042f000000000000000000b7a3
WFR t=0 src=mcu len=16 data=aa9e433f01000000000000000000719c
WFR t=0 src=mcu len=16 data=aa9fb5a1b0bfd800000000000000dfe1
WFR t=3 src=mcu len=16 data=aaa000000000020c000035006a00d1bd
WFR t=3 src=bms len=12 data=d4fd8808a10dfafffdfffdff
WFE t=3 capture start seq=6 file=cap0006.wfl unix=1788009251 batt=4196 mv
WFE t=16 mcu connected addr=c0:03:cf:98:00:1a
WFE t=17 bms connected addr=40:18:03:01:20:e9
WFT t=35 batt_mv=4188 rssi_mcu=-50 rssi_bms=-60 mcu=6 bms=0 dropped=0
WFR t=43 src=mcu len=16 data=aaa188044a5357583036323430360894
WFR t=52 src=bms len=12 data=c0fd8c08a40dfffffdfffbff
WFR t=63 src=mcu len=16 data=aaa231344e4242463930333500005e71
WFR t=82 src=mcu len=16 data=aaa3091a0000000000000000feffd1ef
WFR t=102 src=bms len=12 data=c9fd7808a70dfbfffefffdff
WFR t=123 src=mcu len=16 data=aaa421042f000000000000000000eb9a
WFR t=142 src=mcu len=16 data=aaa5433f010000000000000000002ae7
WFR t=152 src=bms len=12 data=cafd8808a40df9fffefffaff
WFR t=183 src=mcu len=16 data=aaa6000000000000000000000000b4ce
WFR t=202 src=bms len=12 data=d1fd89089e0df8fffdfffcff
WFR t=203 src=mcu len=16 data=aaa7000000000000000000000000b64f
WFR t=223 src=mcu len=16 data=aaa801801b000000400052a8194013c9
WFR t=252 src=bms len=12 data=cefd8d08a10dfffffdfffdff
WFR t=258 src=bms len=129 data=d2037c0ebe0ebe0ebf0ebe0ebf0ebe0ebf0ebf0ebd0ebe0ebf0ebf0ec30ec30ec30ec20ec30ec40ec50ec40ec40ec50ec50ec50ec30ec50ec40ec50000000000000000003d000000000000000000000000000004217530029c0ec50ebd003d003d0000014e001c0001001c0000000100010ec1000800000000000000000000ea21
WFR t=262 src=mcu len=16 data=aaa9028288135c4488132400ec02f999
WFR t=283 src=mcu len=16 data=aaaa091a0000000000000000feffcc26
WFR t=302 src=bms len=12 data=d9fd86088f0df9fffefffcff
WFR t=323 src=mcu len=16 data=aaab21042f000000000000000000ff95
WFR t=342 src=mcu len=16 data=aaac433f01000000000000000000372e
WFR t=352 src=bms len=12 data=c6fd9208a00df8fffdfffcff
WFR t=383 src=mcu len=16 data=aaad0048005f00021000000100801d27
WFR t=402 src=bms len=12 data=cbfd89089a0dfafffffffcff
WFR t=403 src=mcu len=16 data=aaae55f04b0b18000000803a40005cef
WFR t=423 src=mcu len=16 data=aaaf08610005460c2f78a00f090076a9
WFR t=452 src=bms len=12 data=d6fd8c08920dfdfffefffbff
WFR t=463 src=mcu len=16 data=aab0091a0000000000000000feffeabc
WFR t=483 src=mcu len=16 data=aab121042f000000000000000000d90f
WFR t=502 src=bms len=12 data=c8fd7e088f0dfafffcfffcff
WFR t=523 src=mcu len=16 data=aab2433f010000000000000000001f30
WFR t=543 src=mcu len=16 data=aab3014a02050030000488001c0073b8
WFR t=552 src=bms len=12 data=cbfd8a08a80dfdfffefffcff
WFR t=563 src=mcu len=16 data=aab40000770c820c710c40060000c175
WFR t=602 src=bms len=12 data=cafd7c08980dfafffffffdff
WFR t=603 src=mcu len=16 data=aab51c00e84f7918060e6e0aaf00dc0f
WFR t=623 src=mcu len=16 data=aab6040804080000cb022122f13fb1e9
WFR t=652 src=bms len=12 data=e3fd8a08a10df7fffdfffcff
WFR t=663 src=mcu len=16 data=aa80091a0000000000000100feffaab0
WFR t=683 src=mcu len=16 data=aa8121042f00000000000000000098ff
WFR t=702 src=bms len=12 data=c2fd86089b0dfafffefffcff
WFR t=703 src=mcu len=16 data=aa82433f010000000000000000005ec0
WFR t=743 src=mcu len=16 data=aa83000100011101b70111019f00058c
WFR t=752 src=bms len=12 data=c5fd8308a50dfafffcfffdff
WFR t=763 src=mcu len=16 data=aa840000090a10560001310051c45a55
WFR t=802 src=bms len=12 data=d1fd8e08970df8fffdfffdff
WFR t=803 src=mcu len=16 data=aa8513088003e204080b1000507864d4
WFR t=823 src=mcu len=16 data=aa868403f4010400a00f8813c003f9eb
WFR t=852 src=bms len=12 data=cbfd7e089e0dfdfffefffdff
WFR t=863 src=mcu len=16 data=aa87091a0000000000000000feffa00b
WFR t=883 src=mcu len=16 data=aa8821042f0000000000000000008536
WFR t=902 src=bms len=12 data=c5fd8708980dfafffcfffbff
WFR t=903 src=mcu len=16 data=aa89433f01000000000000000000444b
WFR t=943 src=mcu len=16 data=aa8a480c1c0207284901230020001521
WFR t=952 src=bms len=12 data=d0fd91089e0dfafffefffbff
WFR t=963 src=mcu len=16 data=aa8b40005c03474c775419031a0e80f3
WFR t=1002 src=bms len=12 data=c2fd7d089f0dfbfffffffdff
WFR t=1003 src=mcu len=16 data=aa8c2225bf0420034006b80b3e02672c
WFR t=1023 src=mcu len=16 data=aa8d800c800000006c07102780008244
WFR t=1043 src=mcu len=16 data=aa8e091a0000000000000000feffbdc2
WFR t=1052 src=bms len=12 data=c7fd8d089d0df6fffefffdff
WFR t=1083 src=mcu len=16 data=aa8f21042f0000000000000000008e71
WFR t=1102 src=bms len=12 data=cdfd89089f0dfafffcfffcff
WFR t=1103 src=mcu len=16 data=aa90433f010000000000000000006712
WFR t=1143 src=mcu len=16 data=aa910b000f00465a667332000b9ed1a0
WFR t=1152 src=bms len=12 data=d3fd90089d0dfafffcfffdff
WFR t=1163 src=mcu len=16 data=aa92000000000000000000000000fbba
WFR t=1183 src=mcu len=16 data=aa93d804480804242c01c003214fe1ad
WFR t=1202 src=bms len=12 data=d1fd8c089b0df9fffefffcff
WFR t=1223 src=mcu len=16 data=aa94f0f465fffffff8080d00412af645
WFR t=1243 src=mcu len=16 data=aa95091a0000000000000000ffff9849
WFR t=1248 src=bms len=129 data=d2037c0ebe0ebe0ebf0ebe0ebf0ebe0ebf0ebf0ebd0ebe0ebf0ebf0ec30ec30ec30ec20ec40ec40ec50ec40ec40ec40ec50ec50ec30ec50ec40ec50000000000000000003d000000000000000000000000000004217530029c0ec50ebd003d003d0000014e001c0001001c0000000100010ec10008000000000000000000009d0a
WFR t=1252 src=bms len=12 data=d3fd8a08a00dfefffffffdff
WFR t=1283 src=mcu len=16 data=aa9621042f000000000000000000ad28
WFR t=1302 src=bms len=12 data=cafd94089a0df5fffcfffcff
WFR t=1303 src=mcu len=16 data=aa97433f010000000000000000006c55
WFR t=1323 src=mcu len=16 data=aa9807010200000056117eea00007aa4
WFR t=1352 src=bms len=12 data=d7fd8d08a20dfbfffcfffcff
WFR t=1363 src=mcu len=16 data=aa991d00ab04a08c64502748395e1e28
WFR t=1383 src=mcu len=16 data=aa9a646464625f5d5b5955010101d546
WFR t=1402 src=bms len=12 data=d5fd8c08940dfefffefffbff
WFR t=1423 src=mcu len=16 data=aa9b0101010100000000fbfbecd30e91
WFR t=1443 src=mcu len=16 data=aa9c091a0000000000000000feff8410
WFR t=1452 src=bms len=12 data=c9fd9208950dfefffefffcff
WFR t=1483 src=mcu len=16 data=aa9d21042f000000000000000000b7a3
WFR t=1502 src=bms len=12 data=d3fd8d08920dfbfffdfffdff
WFR t=1503 src=mcu len=16 data=aa9e433f01000000000000000000719c
WFR t=1523 src=mcu len=16 data=aa9fb5a1b0bfd800000000000000dfe1
WFR t=1552 src=bms len=12 data=d3fd92089a0df8fffdfffcff
WFR t=1563 src=mcu len=16 data=aaa000000000020c000035006a00d1bd
WFR t=1583 src=mcu len=16 data=aaa188044a5357583036323430360894
WFR t=1602 src=bms len=12 data=cdfd8b089a0dfafffffffcff
WFR t=1623 src=mcu len=16 data=aaa231344e4242463930333500005e71
WFR t=1643 src=mcu len=16 data=aaa3091a0000000000000000feffd1ef
WFR t=1652 src=bms len=12 data=befd8f089b0dfbfffefffbff
WFR t=1663 src=mcu len=16 data=aaa421042f000000000000000000eb9a
WFR t=1702 src=bms len=12 data=c9fd7c089f0dfcfffffffdff
WFR t=1703 src=mcu len=16 data=aaa5433f010000000000000000002ae7
WFR t=1723 src=mcu len=16 data=aaa6000000000000000000000000b4ce
WFR t=1752 src=bms len=12 data=d8fd9308980dfbfffdfffeff
WFR t=1763 src=mcu len=16 data=aaa7000000000000000000000000b64f
WFR t=1783 src=mcu len=16 data=aaa801801b000000400052a8194013c9
WFR t=1802 src=bms len=12 data=c3fd9908900dfcfffdfffdff
WFR t=1803 src=mcu len=16 data=aaa9028288135c4488132400ec02f999
WFR t=1843 src=mcu len=16 data=aaaa091a0000000000000000feffcc26
WFR t=1852 src=bms len=12 data=c3fd8a089c0dfbfffefffcff
WFR t=1863 src=mcu len=16 data=aaab21042f000000000000000000ff95
WFR t=1902 src=bms len=12 data=dbfd9308940dfcfffffffcff
WFR t=1903 src=mcu len=16 data=aaac433f01000000000000000000372e
WFR t=1996 src=mcu len=16 data=aaad0048005f00021000000100801d27
WFR t=1996 src=mcu len=16 data=aaae55f04b0b18000000803a40005cef
WFR t=1996 src=mcu len=16 data=aaaf08610005460c2f78a00f090076a9
WFR t=2007 src=bms len=12 data=cafd8208930dfafffefffbff
WFR t=2007 src=mcu len=16 data=aab0091a0000000000000000feffeabc
WFR t=2009 src=bms len=12 data=c6fd8f08980df7fffdfffcff
WFR t=2043 src=mcu len=16 data=aab121042f000000000000000000d90f
WFR t=2052 src=bms len=12 data=c7fd9008990dfdfffffffdff
WFR t=2063 src=mcu len=16 data=aab2433f010000000000000000001f30
WFR t=2102 src=bms len=12 data=befd8208950df8fffefffdff
WFR t=2103 src=mcu len=16 data=aab3014a02050030000488001c0073b8
WFR t=2123 src=mcu len=16 data=aab40000770c820c710c40060000c175
WFR t=2143 src=mcu len=16 data=aab51c00e84f7918060ec50aaf00fc2b
WFR t=2152 src=bms len=12 data=cdfd8a089a0dfcfffefffcff
WFR t=2183 src=mcu len=16 data=aab6040804080000cb022122f13fb1e9
WFR t=2202 src=bms len=12 data=c8fd8b089e0dfafffdfffcff
WFR t=2203 src=mcu len=16 data=aa80091a0000000000000000feffab4c
WFR t=2243 src=mcu len=16 data=aa8121042f00000000000000000098ff
WFR t=2252 src=bms len=12 data=c9fd8808980dfafffdfffcff
WFR t=2253 src=bms len=129 data=d2037c0ebf0ebe0ebf0ebe0ebe0ebe0ebf0ebf0ebd0ebe0ebe0ebf0ec30ec30ec30ec20ec40ec40ec50ec40ec40ec50ec50ec50ec30ec50ec40ec50000000000000000003d000000000000000000000000000004217530029c0ec50ebd003d003d0000014e001c0001001c0000000100010ec1000800000000000000000000d849
WFR t=2263 src=mcu len=16 data=aa82433f010000000000000000005ec0
WFR t=2283 src=mcu len=16 data=aa83000100011101b70111019f00058c
WFR t=2302 src=bms len=12 data=cafd9108940dfefffffffbff
WFR t=2323 src=mcu len=16 data=aa840000090a10560001310051c45a55
WFR t=2343 src=mcu len=16 data=aa8513088003e204080b1000507864d4
WFR t=2352 src=bms len=12 data=d3fd91089b0dfdfffdfffcff
WFR t=2383 src=mcu len=16 data=aa868403f4010400a00f8813c003f9eb
WFR t=2402 src=bms len=12 data=cbfd87089f0dfbfffefffcff
WFR t=2403 src=mcu len=16 data=aa87091a0000000000000000feffa00b
WFR t=2423 src=mcu len=16 data=aa8821042f0000000000000000008536
WFR t=2452 src=bms len=12 data=bafd8b08930d0000fdfffdff
WFR t=2463 src=mcu len=16 data=aa89433f01000000000000000000444b
WFR t=2483 src=mcu len=16 data=aa8a480c1c0207284901230020001521
WFR t=2502 src=bms len=12 data=cafd9008a20dfbfffefffdff
WFR t=2523 src=mcu len=16 data=aa8b40005c03474c775419031a0e80f3
WFR t=2543 src=mcu len=16 data=aa8c2225bf0420034006b80b3e02672c
WFR t=2552 src=bms len=12 data=c9fd8108900dfdfffdfffcff
WFR t=2563 src=mcu len=16 data=aa8d800c800000006c07102780008244
WFR t=2602 src=bms len=12 data=c1fd8f08940dfbfffcfffcff
WFR t=2603 src=mcu len=16 data=aa8e091a0000000000000000ffffbc52
WFR t=2623 src=mcu len=16 data=aa8f21042f0000000000000000008e71
WFR t=2652 src=bms len=12 data=c7fd8808960dfcfffdfffcff
WFR t=2663 src=mcu len=16 data=aa90433f010000000000000000006712
WFR t=2683 src=mcu len=16 data=aa910b000f00465a667332000b9ed1a0
WFR t=2702 src=bms len=12 data=c7fd8a08990dfaff0000fdff
WFR t=2723 src=mcu len=16 data=aa92000000000000000000000000fbba
WFR t=2743 src=mcu len=16 data=aa93d804480804242c01c003214fe1ad
WFR t=2752 src=bms len=12 data=d4fd9008960dfefffefffdff
WFR t=2763 src=mcu len=16 data=aa94f0f465fffffff8080d00412af645
WFR t=2802 src=bms len=12 data=d1fd7e08970dfbfffefffcff
WFR t=2803 src=mcu len=16 data=aa95091a0000000000000000feff99d9
WFR t=2823 src=mcu len=16 data=aa9621042f000000000000000000ad28
WFR t=2852 src=bms len=12 data=c4fd8f08870dfdfffefffcff
WFR t=2863 src=mcu len=16 data=aa97433f010000000000000000006c55
WFR t=2883 src=mcu len=16 data=aa9807010200000056117eea00007aa4
WFR t=2902 src=bms len=12 data=cffd8d08920df5fffffffcff
WFR t=2903 src=mcu len=16 data=aa991d00ab04a08c64502748395e1e28
WFR t=2943 src=mcu len=16 data=aa9a646464625f5d5b5955010101d546
WFR t=2952 src=bms len=12 data=d3fd8d08910dfbfffdfffbff
WFR t=2963 src=mcu len=16 data=aa9b0101010100000000fbfbecd30e91
WFR t=3011 src=bms len=12 data=d3fd86088d0dfbfffefffbff
WFR t=3011 src=mcu len=16 data=aa9c091a0000000000000000ffff8580
WFR t=3023 src=mcu len=16 data=aa9d21042f000000000000000000b7a3
WFR t=3043 src=mcu len=16 data=aa9e433f01000000000000000000719c
WFR t=3052 src=bms len=12 data=d1fd8208970dfbfffefffeff
WFR t=3083 src=mcu len=16 data=aa9fb5a1b0bfd800000000000000dfe1
WFR t=3102 src=bms len=12 data=cdfd8f08920dfefffefffcff
WFR t=3103 src=mcu len=16 data=aaa000000000020c000035006a00d1bd
WFR t=3143 src=mcu len=16 data=aaa188044a5357583036323430360894
WFR t=3152 src=bms len=12 data=ddfd8e089a0dfafffefffdff
WFR t=3163 src=mcu len=16 data=aaa231344e4242463930333500005e71
WFR t=3202 src=bms len=12 data=d3fd90088a0dfefffefffdff
WFR t=3203 src=mcu len=16 data=aaa3091a0000000000000000feffd1ef
WFR t=3223 src=mcu len=16 data=aaa421042f000000000000000000eb9a
WFR t=3243 src=mcu len=16 data=aaa5433f010000000000000000002ae7
WFR t=3252 src=bms len=12 data=d4fd8408920dfefffefffcff
WFR t=3273 src=bms len=129 data=d2037c0ebe0ebe0ebf0ebe0ebe0ebd0ebf0ebf0ebd0ebe0ebe0ebf0ec30ec30ec40ec20ec40ec40ec50ec50ec40ec50ec50ec50ec30ec50ec50ec50000000000000000003d000000000000000000000000000004217530029c0ec50ebd003d003d0000014e001c0001001c0000000100010ec1000800000000000000000000c95e
WFR t=3283 src=mcu len=16 data=aaa6000000000000000000000000b4ce
WFR t=3302 src=bms len=12 data=d3fd8d088c0dfcfffffffdff
WFR t=3303 src=mcu len=16 data=aaa7000000000000000000000000b64f
WFR t=3343 src=mcu len=16 data=aaa801801b000000400052a8194013c9
WFR t=3352 src=bms len=12 data=c8fd8a08900dfbfffefffcff
WFR t=3363 src=mcu len=16 data=aaa9028288135c4488132400ec02f999
WFR t=3383 src=mcu len=16 data=aaaa091a0000000000000000feffcc26
WFR t=3402 src=bms len=12 data=d1fd8508930df8fffdfffcff
WFR t=3423 src=mcu len=16 data=aaab21042f000000000000000000ff95
WFR t=3443 src=mcu len=16 data=aaac433f01000000000000000000372e
WFR t=3452 src=bms len=12 data=cffd8208980dfcfffdfffeff
WFR t=3483 src=mcu len=16 data=aaad0048005f00021000000100801d27
WFR t=3502 src=bms len=12 data=cafd8608970dfcfffdfffdff
WFR t=3503 src=mcu len=16 data=aaae55f04b0b18000000803a40005cef
WFR t=3523 src=mcu len=16 data=aaaf08610005460c2f78a00f090076a9
WFR t=3552 src=bms len=12 data=c9fd8808970dfafffcfffcff
WFR t=3563 src=mcu len=16 data=aab0091a0000000000000000feffeabc
WFR t=3583 src=mcu len=16 data=aab121042f000000000000000000d90f
WFR t=3602 src=bms len=12 data=d7fd90089e0dfcfffdfffdff
WFR t=3623 src=mcu len=16 data=aab2433f010000000000000000001f30
WFR t=3643 src=mcu len=16 data=aab3014a02050030000488001c0073b8
WFR t=3652 src=bms len=12 data=cffd8108990dfbfffefffdff
WFR t=3663 src=mcu len=16 data=aab40000770c820c710c40060000c175
WFR t=3702 src=bms len=12 data=cafd8b08920dfcfffefffcff
WFR t=3703 src=mcu len=16 data=aab51c00e84f7918060eac0aaf00e1b7
WFR t=3723 src=mcu len=16 data=aab6040804080000cb022122f13fb1e9
WFR t=3752 src=bms len=12 data=d0fd8d08980dfdfffcfffcff
WFR t=3763 src=mcu len=16 data=aa80091a0000000000000000feffab4c
WFR t=3783 src=mcu len=16 data=aa8121042f00000000000000000098ff
WFR t=3802 src=bms len=12 data=cafd8d08870d0000fefffdff
WFR t=3823 src=mcu len=16 data=aa82433f010000000000000000005ec0
WFR t=3843 src=mcu len=16 data=aa83000100011101b70111019f00058c
WFR t=3852 src=bms len=12 data=c4fd8e089d0dfbfffffffbff
WFR t=3863 src=mcu len=16 data=aa840000090a10560001310051c45a55
WFR t=3902 src=bms len=12 data=c1fd8908900df6fffdfffcff
WFR t=3903 src=mcu len=16 data=aa8513088003e204080b1000507864d4
WFR t=4087 src=mcu len=16 data=aa868403f4010400a00f8813c003f9eb
WFR t=4087 src=mcu len=16 data=aa87091a0000000000000000feffa00b
WFR t=4087 src=mcu len=16 data=aa8821042f0000000000000000008536
WFR t=4088 src=mcu len=16 data=aa89433f01000000000000000000444b
WFR t=4088 src=mcu len=16 data=aa8a480c1c0207284901230020001521
WFR t=4088 src=mcu len=16 data=aa8b40005c03474c775419031a0e80f3
WFR t=4100 src=bms len=12 data=cdfd8508960dfcfffdfffcff
WFR t=4102 src=bms len=12 data=c8fd8508910dfafffdfffdff
WFR t=4103 src=mcu len=16 data=aa8c2225bf0420034006b80b3e02672c
WFR t=4104 src=bms len=12 data=d6fd8e08930dfafffdfffdff
WFR t=4106 src=bms len=12 data=d6fd8e08930dfafffdfffdff
WFR t=4123 src=mcu len=16 data=aa8d800c800000006c07102780008244
WFR t=4143 src=mcu len=16 data=aa8e091a0000000000000000feffbdc2
WFR t=4152 src=bms len=12 data=d7fd8a088b0dfcfffdfffcff
WFR t=4183 src=mcu len=16 data=aa8f21042f0000000000000000008e71
WFR t=4202 src=bms len=12 data=cdfd9308940dfdfffdfffdff
WFR t=4203 src=mcu len=16 data=aa90433f010000000000000000006712
WFR t=4243 src=mcu len=16 data=aa910b000f00465a667332000b9ed1a0
WFR t=4252 src=bms len=12 data=bffd8408900df6fffdfffcff
WFR t=4263 src=mcu len=16 data=aa92000000000000000000000000fbba
WFR t=4293 src=bms len=129 data=d2037c0ebf0ebd0ebf0ebe0ebf0ebe0ebf0ebf0ebd0ebe0ebf0ebf0ec30ec30ec40ec20ec40ec40ec50ec40ec40ec50ec60ec50ec30ec50ec40ec50000000000000000003d000000000000000000000000000004217530029c0ec50ebd003d003d0000014e001c0001001c0000000100010ec100080000000000000000000036ca
WFR t=4302 src=bms len=12 data=d1fd8f08980dfdfffefffdff
WFR t=4303 src=mcu len=16 data=aa93d804480804242c01c003214fe1ad
WFR t=4323 src=mcu len=16 data=aa94f0f465fffffff8080d00412af645
WFR t=4343 src=mcu len=16 data=aa95091a0000000000000000feff99d9
WFR t=4352 src=bms len=12 data=cbfd9008950dfbfffefffdff
WFR t=4383 src=mcu len=16 data=aa9621042f000000000000000000ad28
WFR t=4402 src=bms len=12 data=ccfd89089b0df8fffdfffcff
WFR t=4403 src=mcu len=16 data=aa97433f010000000000000000006c55
WFR t=4443 src=mcu len=16 data=aa9807010200000056117eea00007aa4
WFR t=4452 src=bms len=12 data=cafd8e088f0df8fffdfffdff
WFR t=4463 src=mcu len=16 data=aa991d00ab04a08c64502748395e1e28
WFR t=4483 src=mcu len=16 data=aa9a646464625f5d5b5955010101d546
WFR t=4502 src=bms len=12 data=c8fd75088d0dfdfffffffdff
WFR t=4523 src=mcu len=16 data=aa9b0101010100000000fbfbecd30e91
WFR t=4543 src=mcu len=16 data=aa9c091a0000000000000000feff8410
WFR t=4552 src=bms len=12 data=c6fd8908910dfbfffefffdff
WFR t=4583 src=mcu len=16 data=aa9d21042f000000000000000000b7a3
WFR t=4602 src=bms len=12 data=c9fd7e08890df8fffdfffcff
WFR t=4603 src=mcu len=16 data=aa9e433f01000000000000000000719c
WFR t=4623 src=mcu len=16 data=aa9fb5a1b0bfd800000000000000dfe1
WFR t=4652 src=bms len=12 data=d0fd8908890dfbfffdfffcff
WFR t=4663 src=mcu len=16 data=aaa000000000020c000035006a00d1bd
WFR t=4683 src=mcu len=16 data=aaa188044a5357583036323430360894
WFR t=4702 src=bms len=12 data=d9fd8108990dfcfffefffdff
WFR t=4723 src=mcu len=16 data=aaa231344e4242463930333500005e71
WFR t=4743 src=mcu len=16 data=aaa3091a0000000000000100feffd013
WFR t=4752 src=bms len=12 data=cafd8908970dfcfffefffdff
WFR t=4763 src=mcu len=16 data=aaa421042f000000000000000000eb9a
WFR t=4802 src=bms len=12 data=d2fd8b08840dfcfffffffdff
WFR t=4803 src=mcu len=16 data=aaa5433f010000000000000000002ae7
WFR t=4823 src=mcu len=16 data=aaa6000000000000000000000000b4ce
WFR t=4852 src=bms len=12 data=ccfd8a08890df9fffdfffdff
WFR t=4863 src=mcu len=16 data=aaa7000000000000000000000000b64f
WFR t=4883 src=mcu len=16 data=aaa801801b000000400052a8194013c9
WFR t=4902 src=bms len=12 data=c5fd8e08900dfdfffffffcff
WFR t=4923 src=mcu len=16 data=aaa9028288135c4488132400ec02f999
WFR t=4943 src=mcu len=16 data=aaaa091a0000000000000000feffcc26
WFR t=4952 src=bms len=12 data=c5fd8f08860dfdfffefffdff
WFR t=4963 src=mcu len=16 data=aaab21042f000000000000000000ff95
WFR t=5002 src=bms len=12 data=ccfd8808910dfefffcfffcff
WFR t=5003 src=mcu len=16 data=aaac433f01000000000000000000372e
WFR t=5023 src=mcu len=16 data=aaad0048005f00021000000100801d27
WFR t=5052 src=bms len=12 data=cefd8608870dfdfffffffdff
WFR t=5063 src=mcu len=16 data=aaae55f04b0b18000000803a40005cef
WFR t=5083 src=mcu len=16 data=aaaf08610005460c2f78a00f090076a9
WFT t=5096 batt_mv=4190 rssi_mcu=-48 rssi_bms=-59 mcu=186 bms=5 dropped=0
WFR t=5102 src=bms len=12 data=cefd8c08950dfdfffdfffbff
WFR t=5103 src=mcu len=16 data=aab0091a0000000000000000feffeabc
WFR t=5143 src=mcu len=16 data=aab121042f000000000000000000d90f
WFR t=5152 src=bms len=12 data=d8fd89088d0dfafffdfffcff
WFR t=5163 src=mcu len=16 data=aab2433f010000000000000000001f30
WFR t=5202 src=bms len=12 data=c8fd7e08920dfefffdfffcff
WFR t=5203 src=mcu len=16 data=aab3014a02050030000488001c0073b8
WFR t=5223 src=mcu len=16 data=aab40000770c820c710c40060000c175
WFR t=5243 src=mcu len=16 data=aab51c00e84f7918060eac0aaf00e1b7
WFR t=5252 src=bms len=12 data=bffd8808870d0000fcfffdff
WFR t=5283 src=mcu len=16 data=aab6040804080000cb022122f13fb1e9
WFR t=5302 src=bms len=12 data=c3fd8908930dfafffcfffbff
WFR t=5303 src=mcu len=16 data=aa80091a0000000000000000feffab4c
WFR t=5313 src=bms len=129 data=d2037c0ebe0ebe0ebf0ebe0ebe0ebe0ebf0ebf0ebd0ebe0ebf0ebf0ec30ec30ec30ec20ec30ec40ec50ec40ec40ec50ec50ec50ec30ec40ec40ec50000000000000000003d000000000000000000000000000004217530029c0ec50ebd003d003d0000014e001c0001001c0000000100010ec1000800000000000000000000428a
WFR t=5343 src=mcu len=16 data=aa8121042f00000000000000000098ff
WFR t=5352 src=bms len=12 data=c6fd96088a0df9fffefffdff
WFR t=5363 src=mcu len=16 data=aa82433f010000000000000000005ec0
WFR t=5383 src=mcu len=16 data=aa83000100011101b70111019f00058c
WFR t=5402 src=bms len=12 data=c0fd7e08910dfcfffefffdff
WFR t=5423 src=mcu len=16 data=aa840000090a10560001310051c45a55
WFR t=5443 src=mcu len=16 data=aa8513088003e204080b1000507864d4
WFR t=5452 src=bms len=12 data=d2fd8a088b0df9fffcfffbff
WFR t=5483 src=mcu len=16 data=aa868403f4010400a00f8813c003f9eb
WFR t=5502 src=bms len=12 data=bdfd80088c0d0000fcfffeff
WFR t=5503 src=mcu len=16 data=aa87091a0000000000000000feffa00b
WFR t=5543 src=mcu len=16 data=aa8821042f0000000000000000008536
WFR t=5552 src=bms len=12 data=cbfd85089a0dfdfffefffdff
WFR t=5563 src=mcu len=16 data=aa89433f01000000000000000000444b
WFR t=5583 src=mcu len=16 data=aa8a480c1c0207284901230020001521
WFR t=5602 src=bms len=12 data=c9fd8b088e0dfbfffefffdff
WFR t=5623 src=mcu len=16 data=aa8b40005c03474c775419031a0e80f3
WFR t=5643 src=mcu len=16 data=aa8c2225bf0420034006b80b3e02672c
WFR t=5652 src=bms len=12 data=c8fd8208950dfafffefffcff
WFR t=5683 src=mcu len=16 data=aa8d800c800000006c07102780008244
WFR t=5702 src=bms len=12 data=cbfd89088f0df9fffefffbff
WFR t=5703 src=mcu len=16 data=aa8e091a0000000000000100feffbc3e
WFR t=5723 src=mcu len=16 data=aa8f21042f0000000000000000008e71
WFR t=5752 src=bms len=12 data=cafd8f08910df9fffefffcff
WFR t=5763 src=mcu len=16 data=aa90433f010000000000000000006712
WFR t=5783 src=mcu len=16 data=aa910b000f00465a667332000b9ed1a0
WFR t=5802 src=bms len=12 data=d1fd85088b0dfafffefffcff
WFR t=5823 src=mcu len=16 data=aa92000000000000000000000000fbba
WFR t=5843 src=mcu len=16 data=aa93d804480804242c01c003214fe1ad
WFR t=5852 src=bms len=12 data=c6fd8108960dfbfffdfffdff
WFR t=5863 src=mcu len=16 data=aa94f0f465fffffff8080d00412af645
WFR t=5902 src=bms len=12 data=d4fd8208970dfffffdfffcff
WFR t=5903 src=mcu len=16 data=aa95091a0000000000000000feff99d9
WFR t=5956 src=mcu len=16 data=aa9621042f000000000000000000ad28
WFR t=5966 src=mcu len=16 data=aa97433f010000000000000000006c55
WFR t=6001 src=bms len=12 data=d2fd9508920dfafffcfffcff
WFR t=6001 src=mcu len=16 data=aa9807010200000056117eea00007aa4
WFR t=6005 src=bms len=12 data=d5fd8708810dfdfffefffcff
WFR t=6025 src=mcu len=16 data=aa991d00ab04a08c64502748395e1e28
WFR t=6043 src=mcu len=16 data=aa9a646464625f5d5b5955010101d546
WFR t=6107 src=mcu len=16 data=aa9b0101010100000000fbfbecd30e91
WFR t=6107 src=mcu len=16 data=aa9c091a0000000000000000feff8410
WFR t=6107 src=bms len=12 data=cafd8c08890dfcfffefffdff
WFR t=6109 src=bms len=12 data=cafd8e08870dfbfffefffcff
WFR t=6123 src=mcu len=16 data=aa9d21042f000000000000000000b7a3
WFR t=6173 src=bms len=12 data=cdfd8a08930dfdfffefffdff
WFR t=6184 src=mcu len=16 data=aa9e433f01000000000000000000719c
WFR t=6184 src=mcu len=16 data=aa9fb5a1b0bfd800000000000000dfe1
WFR t=6202 src=bms len=12 data=cefd8108870df9fffdfffdff
WFR t=6203 src=mcu len=16 data=aaa000000000020c000035006a00d1bd
WFR t=6243 src=mcu len=16 data=aaa188044a5357583036323430360894
WFR t=6252 src=bms len=12 data=c0fd9008840dfdfffefffdff
WFR t=6263 src=mcu len=16 data=aaa231344e4242463930333500005e71
WFR t=6302 src=bms len=12 data=ccfd9108960dfbfffefffdff
WFR t=6303 src=mcu len=16 data=aaa3091a0000000000000000feffd1ef
WFR t=6323 src=mcu len=16 data=aaa421042f000000000000000000eb9a
WFR t=6343 src=mcu len=16 data=aaa5433f010000000000000000002ae7
WFR t=6352 src=bms len=12 data=d4fd95088b0df9fffefffdff
WFR t=6383 src=mcu len=16 data=aaa6000000000000000000000000b4ce
WFR t=6393 src=bms len=129 data=d2037c0ebf0ebe0ebf0ebe0ebe0ebe0ebf0ebf0ebd0ebe0ebf0ebf0ec30ec30ec40ec20ec40ec40ec50ec40ec40ec40ec50ec50ec30ec50ec40ec50000000000000000003d000000000000000000000000000004217530029c0ec50ebd003d003d0000014e001c0001001c0000000100010ec1000800000000000000000000cd08
WFR t=6402 src=bms len=12 data=cafd8e08950dfcfffefffcff
WFR t=6403 src=mcu len=16 data=aaa7000000000000000000000000b64f
WFR t=6443 src=mcu len=16 data=aaa801801b000000400052a8194013c9
WFR t=6452 src=bms len=12 data=d3fd7c08900dfcfffefffcff
WFR t=6463 src=mcu len=16 data=aaa9028288135c4488132400ec02f999
WFR t=6483 src=mcu len=16 data=aaaa091a0000000000000100feffcdda
WFR t=6502 src=bms len=12 data=d3fd8808980df8fffdfffcff
WFR t=6523 src=mcu len=16 data=aaab21042f000000000000000000ff95
WFR t=6543 src=mcu len=16 data=aaac433f01000000000000000000372e
WFR t=6552 src=bms len=12 data=cffda3087e0dfbfffefffcff
WFR t=6583 src=mcu len=16 data=aaad0048005f00021000000100801d27
WFR t=6602 src=bms len=12 data=d1fd83088e0dfcfffdfffdff
WFR t=6603 src=mcu len=16 data=aaae55f04b0b18000000803a40005cef
WFR t=6643 src=mcu len=16 data=aaaf08610005460c2f78a00f090076a9
WFR t=6652 src=bms len=12 data=cafd89088b0dfbfffdfffeff
WFR t=6663 src=mcu len=16 data=aab0091a0000000000000000feffeabc
WFR t=6683 src=mcu len=16 data=aab121042f000000000000000000d90f
WFR t=6702 src=bms len=12 data=cbfd8b088c0dfffffefffcff
WFR t=6723 src=mcu len=16 data=aab2433f010000000000000000001f30
WFR t=6743 src=mcu len=16 data=aab3014a02050030000488001c0073b8
WFR t=6752 src=bms len=12 data=ccfd8b088e0dfcfffcfffeff
WFR t=6783 src=mcu len=16 data=aab40000770c820c710c40060000c175
WFR t=6802 src=bms len=12 data=c9fd99088e0df7fffefffbff
WFR t=6803 src=mcu len=16 data=aab51c00e84f7918060eb20aaf00e79f
WFR t=6823 src=mcu len=16 data=aab6040804080000cb022122f13fb1e9
WFR t=6852 src=bms len=12 data=d2fd8a088f0dfafffdfffaff
WFR t=6863 src=mcu len=16 data=aa80091a000000000000fffffeffab68
WFR t=6883 src=mcu len=16 data=aa8121042f00000000000000000098ff
WFR t=6902 src=bms len=12 data=b3fd8208970df6fffdfffaff
WFR t=6923 src=mcu len=16 data=aa82433f010000000000000000005ec0
WFR t=6943 src=mcu len=16 data=aa83000100011101b70111019f00058c
WFR t=6952 src=bms len=12 data=c8fd8408960dfafffdfffdff
WFR t=6963 src=mcu len=16 data=aa840000090a10560001310051c45a55
WFR t=7002 src=bms len=12 data=d6fd93088c0dfdfffefffcff
WFR t=7003 src=mcu len=16 data=aa8513088003e204080b1000507864d4
WFR t=7023 src=mcu len=16 data=aa868403f4010400a00f8813c003f9eb
WFR t=7052 src=bms len=12 data=ccfd9808890df3fffcfffcff
WFR t=7063 src=mcu len=16 data=aa87091a0000000000000000feffa00b
WFR t=7083 src=mcu len=16 data=aa8821042f0000000000000000008536
WFR t=7102 src=bms len=12 data=cefda108850df9fffefffcff
WFR t=7103 src=mcu len=16 data=aa89433f01000000000000000000444b
WFR t=7143 src=mcu len=16 data=aa8a480c1c0207284901230020001521
WFR t=7152 src=bms len=12 data=d2fd8a08910dfafffdfffbff
WFR t=7163 src=mcu len=16 data=aa8b40005c03474c775419031a0e80f3
WFR t=7202 src=bms len=12 data=cdfd7e08920dfcff0000fcff
WFR t=7203 src=mcu len=16 data=aa8c2225bf0420034006b80b3e02672c
WFR t=7223 src=mcu len=16 data=aa8d800c800000006c07102780008244
WFR t=7252 src=bms len=12 data=bdfd87088f0df9fffdfffdff
WFR t=7263 src=mcu len=16 data=aa8e091a0000000000000000ffffbc52
WFR t=7283 src=mcu len=16 data=aa8f21042f0000000000000000008e71
WFR t=7302 src=bms len=12 data=d9fd86088e0dfcfffdfffdff
WFR t=7303 src=mcu len=16 data=aa90433f010000000000000000006712
WFR t=7338 src=bms len=129 data=d2037c0ebf0ebe0ebf0ebe0ebe0ebe0ebf0ebf0ebd0ebe0ebf0ebf0ec30ec30ec40ec20ec40ec40ec50ec40ec40ec40ec50ec50ec30ec50ec40ec50000000000000000003d000000000000000000000000000004217530029c0ec50ebd003d003d0000014e001c0001001c0000000100010ec1000800000000000000000000cd08
WFR t=7343 src=mcu len=16 data=aa910b000f00465a667332000b9ed1a0
WFR t=7352 src=bms len=12 data=c7fd8708930dfbfffcfffdff
WFR t=7363 src=mcu len=16 data=aa92000000000000000000000000fbba
WFR t=7402 src=bms len=12 data=c5fd9708930dfafffefffdff
WFR t=7403 src=mcu len=16 data=aa93d804480804242c01c003214fe1ad
WFR t=7423 src=mcu len=16 data=aa94f0f465fffffff8080d00412af645
WFR t=7443 src=mcu len=16 data=aa95091a0000000000000000feff99d9
WFR t=7452 src=bms len=12 data=cffd8808930df9fffefffbff
WFR t=7483 src=mcu len=16 data=aa9621042f000000000000000000ad28
WFR t=7502 src=bms len=12 data=c4fd8a088f0df7ff0000fcff
WFR t=7503 src=mcu len=16 data=aa97433f010000000000000000006c55
WFR t=7598 src=bms len=12 data=bbfd8e08a10dfbfffefffcff
WFR t=7599 src=mcu len=16 data=aa9807010200000056117eea00007aa4
WFR t=7599 src=mcu len=16 data=aa991d00ab04a08c64502748395e1e28
WFR t=7599 src=mcu len=16 data=aa9a646464625f5d5b5955010101d546
WFR t=7602 src=bms len=12 data=bbfd91088e0dfafffdfffcff
WFR t=7623 src=mcu len=16 data=aa9b0101010100000000fbfbecd30e91
WFR t=7643 src=mcu len=16 data=aa9c091a0000000000000000feff8410
WFR t=7652 src=bms len=12 data=ccfd7a088d0dfffffffffcff
WFR t=7683 src=mcu len=16 data=aa9d21042f000000000000000000b7a3
WFR t=7702 src=bms len=12 data=befd9608970dfdfffdfffdff
WFR t=7703 src=mcu len=16 data=aa9e433f01000000000000000000719c
WFR t=7743 src=mcu len=16 data=aa9fb5a1b0bfd800000000000000dfe1
WFR t=7752 src=bms len=12 data=cffd9008860dfcfffdfffbff
WFR t=7763 src=mcu len=16 data=aaa000000000020c000035006a00d1bd
WFR t=7783 src=mcu len=16 data=aaa188044a5357583036323430360894
WFR t=7802 src=bms len=12 data=d2fd8e08900df9fffdfffcff
WFR t=7823 src=mcu len=16 data=aaa231344e4242463930333500005e71
WFR t=7843 src=mcu len=16 data=aaa3091a0000000000000000feffd1ef
WFR t=7852 src=bms len=12 data=ccfd7e08910dfdfffdfffcff
WFR t=7883 src=mcu len=16 data=aaa421042f000000000000000000eb9a
WFR t=7902 src=bms len=12 data=c9fd9c08880df9fffdfffdff
WFR t=7903 src=mcu len=16 data=aaa5433f010000000000000000002ae7
WFR t=7923 src=mcu len=16 data=aaa6000000000000000000000000b4ce
WFR t=8016 src=bms len=12 data=ccfd8e08870dfcfffffffdff
WFR t=8027 src=mcu len=16 data=aaa7000000000000000000000000b64f
WFR t=8027 src=mcu len=16 data=aaa801801b000000400052a8194013c9
WFR t=8027 src=mcu len=16 data=aaa9028288135c4488132400ec02f999
WFR t=8028 src=bms len=12 data=d8fd8208900dfbfffffffdff
WFR t=8043 src=mcu len=16 data=aaaa091a0000000000000000ffffcdb6
WFR t=8052 src=bms len=12 data=dafd7a088c0dfcfffdfffcff
WFR t=8063 src=mcu len=16 data=aaab21042f000000000000000000ff95
WFR t=8102 src=bms len=12 data=c8fd8008950dfdfffefffcff
WFR t=8103 src=mcu len=16 data=aaac433f01000000000000000000372e
WFR t=8123 src=mcu len=16 data=aaad0048005f00021000000100801d27
WFR t=8152 src=bms len=12 data=c9fd8f088d0df9fffdfffbff
WFR t=8165 src=mcu len=16 data=aaae55f04b0b18000000803a40005cef
WFR t=8183 src=mcu len=16 data=aaaf08610005460c2f78a00f090076a9
WFR t=8202 src=bms len=12 data=d3fd9008980dfefffefffcff
WFR t=8203 src=mcu len=16 data=aab0091a0000000000000000feffeabc
WFR t=8243 src=mcu len=16 data=aab121042f000000000000000000d90f
WFR t=8252 src=bms len=12 data=cbfd8a08880dfcfffdfffeff
WFR t=8263 src=mcu len=16 data=aab2433f010000000000000000001f30
WFR t=8302 src=bms len=12 data=c7fd8608870df7fffefffcff
WFR t=8303 src=mcu len=16 data=aab3014a02050030000488001c0073b8
WFR t=8323 src=mcu len=16 data=aab40000770c820c710c40060000c175
WFR t=8352 src=bms len=12 data=ccfd90088d0df8fffefffdff
WFR t=8363 src=mcu len=16 data=aab51c00e84f7918060eca0aaf00ff3f
WFR t=8383 src=mcu len=16 data=aab6040804080000cb022122f13fb1e9
WFR t=8388 src=bms len=129 data=d2037c0ebe0ebe0ebf0ebe0ebe0ebe0ebf0ebf0ebd0ebe0ebe0ebf0ec30ec30ec30ec20ec40ec40ec40ec40ec40ec50ec50ec50ec30ec50ec40ec50000000000000000003d000000000000000000000000000004217530029c0ec50ebd003d003d0000014e001c0001001c0000000100010ec1000800000000000000000000e237
WFR t=8402 src=bms len=12 data=d5fd9308850dfafffffffdff
WFR t=8403 src=mcu len=16 data=aa80091a0000000000000000feffab4c
WFR t=8443 src=mcu len=16 data=aa8121042f00000000000000000098ff
WFR t=8452 src=bms len=12 data=cdfd8e08890dffff0000fcff
WFR t=8463 src=mcu len=16 data=aa82433f010000000000000000005ec0
WFR t=8502 src=bms len=12 data=cafd8708890dfafffffffcff
WFR t=8503 src=mcu len=16 data=aa83000100011101b70111019f00058c
WFR t=8523 src=mcu len=16 data=aa840000090a10560001310051c45a55
WFR t=8543 src=mcu len=16 data=aa8513088003e204080b1000507864d4
WFR t=8552 src=bms len=12 data=d6fd8c08920df6fffffffcff
WFR t=8583 src=mcu len=16 data=aa868403f4010400a00f8813c003f9eb
WFR t=8602 src=bms len=12 data=d5fd7708940dfcfffffffcff
WFR t=8603 src=mcu len=16 data=aa87091a0000000000000000feffa00b
WFR t=8643 src=mcu len=16 data=aa8821042f0000000000000000008536
WFR t=8652 src=bms len=12 data=ccfd83088a0dfdfffcfffcff
WFR t=8663 src=mcu len=16 data=aa89433f01000000000000000000444b
WFR t=8683 src=mcu len=16 data=aa8a480c1c0207284901230020001521
WFR t=8702 src=bms len=12 data=cafd9308890df9fffdfffdff
WFR t=8723 src=mcu len=16 data=aa8b40005c03474c775419031a0e80f3
WFR t=8743 src=mcu len=16 data=aa8c2225bf0420034006b80b3e02672c
WFR t=8752 src=bms len=12 data=c2fd92088a0dfefffefffdff
WFR t=8783 src=mcu len=16 data=aa8d800c800000006c07102780008244
WFR t=8802 src=bms len=12 data=cbfd89088d0dfcfffdfffdff
WFR t=8803 src=mcu len=16 data=aa8e091a0000000000000000feffbdc2
WFR t=8823 src=mcu len=16 data=aa8f21042f0000000000000000008e71
WFR t=8852 src=bms len=12 data=c1fd8608900dfffffdfffcff
WFR t=8863 src=mcu len=16 data=aa90433f010000000000000000006712
WFR t=8883 src=mcu len=16 data=aa910b000f00465a667332000b9ed1a0
WFR t=8902 src=bms len=12 data=d3fd8308940dfdfffdfffcff
WFR t=8923 src=mcu len=16 data=aa92000000000000000000000000fbba
WFR t=8943 src=mcu len=16 data=aa93d804480804242c01c003214fe1ad
WFR t=8952 src=bms len=12 data=c4fd8408930df8fffdfffdff
WFR t=8983 src=mcu len=16 data=aa94f0f465fffffff8080d00412af645
WFR t=9002 src=bms len=12 data=c0fd90088c0df8fffefffcff
WFR t=9003 src=mcu len=16 data=aa95091a0000000000000000feff99d9
WFR t=9023 src=mcu len=16 data=aa9621042f000000000000000000ad28
WFR t=9052 src=bms len=12 data=c9fd8d088a0dfcfffefffcff
WFR t=9063 src=mcu len=16 data=aa97433f010000000000000000006c55
WFR t=9083 src=mcu len=16 data=aa9807010200000056117eea00007aa4
WFR t=9102 src=bms len=12 data=ccfd8108840dfcfffdfffdff
WFR t=9123 src=mcu len=16 data=aa991d00ab04a08c64502748395e1e28
WFR t=9143 src=mcu len=16 data=aa9a646464625f5d5b5955010101d546
WFR t=9152 src=bms len=12 data=c2fd9308950df5fffdfffcff
WFR t=9163 src=mcu len=16 data=aa9b0101010100000000fbfbecd30e91
WFR t=9202 src=bms len=12 data=c8fd8908880df8fffffffcff
WFR t=9203 src=mcu len=16 data=aa9c091a0000000000000000feff8410
WFR t=9223 src=mcu len=16 data=aa9d21042f000000000000000000b7a3
WFR t=9252 src=bms len=12 data=ccfd9108850df9fffdfffcff
WFR t=9263 src=mcu len=16 data=aa9e433f01000000000000000000719c
WFR t=9283 src=mcu len=16 data=aa9fb5a1b0bfd800000000000000dfe1
WFR t=9302 src=bms len=12 data=c6fd79088d0dfafffdfffcff
WFR t=9303 src=mcu len=16 data=aaa000000000020c000035006a00d1bd
WFR t=9343 src=mcu len=16 data=aaa188044a5357583036323430360894
WFR t=9352 src=bms len=12 data=ccfd7d088f0dfefffefffcff
WFR t=9383 src=mcu len=16 data=aaa231344e4242463930333500005e71
WFR t=9393 src=bms len=129 data=d2037c0ebe0ebe0ebf0ebe0ebe0ebe0ebf0ebf0ebd0ebe0ebf0ebf0ec30ec30ec30ec20ec40ec40ec50ec40ec40ec50ec50ec50ec30ec50ec40ec50000000000000000003d000000000000000000000000000004217530029c0ec50ebd003d003d0000014e001c0001001c0000000100010ec10008000000000000000000002298
WFR t=9402 src=bms len=12 data=c4fd95088a0dfbfffdfffcff
WFR t=9403 src=mcu len=16 data=aaa3091a0000000000000000feffd1ef
WFR t=9452 src=mcu len=16 data=aaa421042f000000000000000000eb9a
WFR t=9453 src=bms len=12 data=cafd8d088b0dfbfffdfffcff
WFR t=9463 src=mcu len=16 data=aaa5433f010000000000000000002ae7
WFR t=9483 src=mcu len=16 data=aaa6000000000000000000000000b4ce
WFR t=9502 src=bms len=12 data=cdfd8908900dfdfffcfffeff
WFR t=9503 src=mcu len=16 data=aaa7000000000000000000000000b64f
WFR t=9543 src=mcu len=16 data=aaa801801b000000400052a8194013c9
WFR t=9552 src=bms len=12 data=cdfd89088d0df8fffcfffcff
WFR t=9563 src=mcu len=16 data=aaa9028288135c4488132400ec02f999
WFR t=9602 src=bms len=12 data=d6fd83088c0dfbfffdfffcff
WFR t=9603 src=mcu len=16 data=aaaa091a0000000000000000feffcc26
WFR t=9623 src=mcu len=16 data=aaab21042f000000000000000000ff95
WFR t=9643 src=mcu len=16 data=aaac433f01000000000000000000372e
WFR t=9652 src=bms len=12 data=c0fd8608920dfcfffefffdff
WFR t=9683 src=mcu len=16 data=aaad0048005f00021000000100801d27
WFR t=9702 src=bms len=12 data=c1fd8a08920dfafffefffcff
WFR t=9703 src=mcu len=16 data=aaae55f04b0b18000000803a40005cef
WFR t=9743 src=mcu len=16 data=aaaf08610005460c2f78a00f090076a9
WFR t=9752 src=bms len=12 data=c9fd8d08890dfafffefffcff
WFR t=9763 src=mcu len=16 data=aab0091a0000000000000000ffffeb2c
WFR t=9783 src=mcu len=16 data=aab121042f000000000000000000d90f
WFR t=9802 src=bms len=12 data=d6fd86088a0df7fffdfffdff
WFR t=9823 src=mcu len=16 data=aab2433f010000000000000000001f30
WFR t=9843 src=mcu len=16 data=aab3014a02050030000488001c0073b8
WFR t=9852 src=bms len=12 data=d4fd8608860dfcfffcfffbff
WFR t=9883 src=mcu len=16 data=aab40000770c820c710c40060000c175
WFR t=9902 src=bms len=12 data=c8fd8a08950dfdfffffffcff
WFR t=9903 src=mcu len=16 data=aab51c00e84f7918060e870aaf00e853
WFR t=9923 src=mcu len=16 data=aab6040804080000cb022122f13fb1e9
WFR t=10013 src=bms len=12 data=d1fd8308960dfbfffefffcff
WFR t=10014 src=mcu len=16 data=aa80091a000000000000fffffeffab68
WFR t=10014 src=mcu len=16 data=aa8121042f00000000000000000098ff
WFR t=10057 src=bms len=12 data=ccfd85088c0dfafffefffdff
WFR t=10057 src=mcu len=16 data=aa82433f010000000000000000005ec0
WFR t=10057 src=mcu len=16 data=aa83000100011101b70111019f00058c
WFR t=10116 src=bms len=12 data=cefd84088c0dfbfffefffcff
WFR t=10127 src=mcu len=16 data=aa840000090a10560001310051c45a55
WFR t=10128 src=mcu len=16 data=aa8513088003e204080b1000507864d4
WFR t=10128 src=mcu len=16 data=aa868403f4010400a00f8813c003f9eb
WFR t=10128 src=bms len=12 data=cdfd8508880df8fffcfffcff
WFR t=10152 src=bms len=12 data=e0fd83088e0dfafffefffdff
WFR t=10163 src=mcu len=16 data=aa87091a0000000000000000ffffa19b
WFT t=10180 batt_mv=4190 rssi_mcu=-49 rssi_bms=-60 mcu=366 bms=10 dropped=0
WFR t=10183 src=mcu len=16 data=aa8821042f0000000000000000008536
WFR t=10202 src=bms len=12 data=cefd8d088c0df8fffcfffcff
WFR t=10223 src=mcu len=16 data=aa89433f01000000000000000000444b
WFR t=10243 src=mcu len=16 data=aa8a480c1c0207284901230020001521
WFR t=10252 src=bms len=12 data=c3fd9608890df7fffdfffdff
WFR t=10263 src=mcu len=16 data=aa8b40005c03474c775419031a0e80f3
WFR t=10302 src=bms len=12 data=c1fd8308920dfafffefffcff
WFR t=10303 src=mcu len=16 data=aa8c2225bf0420034006b80b3e02672c
WFR t=10323 src=mcu len=16 data=aa8d800c800000006c07102780008244
WFR t=10352 src=bms len=12 data=bffd81088b0dfafffdfffcff
WFR t=10363 src=mcu len=16 data=aa8e091a0000000000000000feffbdc2
WFR t=10383 src=mcu len=16 data=aa8f21042f0000000000000000008e71
WFR t=10398 src=bms len=129 data=d2037c0ebe0ebe0ebf0ebe0ebe0ebe0ebf0ebf0ebd0ebe0ebf0ebf0ec30ec30ec30ec20ec30ec40ec50ec40ec40ec50ec50ec50ec30ec50ec40ec50000000000000000003d000000000000000000000000000004217530029c0ec50ebd003d003d0000014e001c0001001c0000000100010ec1000800000000000000000000105b
WFR t=10402 src=bms len=12 data=befd8908890dfefffcfffcff
WFR t=10403 src=mcu len=16 data=aa90433f010000000000000000006712
WFR t=10443 src=mcu len=16 data=aa910b000f00465a667332000b9ed1a0
WFR t=10452 src=bms len=12 data=c3fd8808820dfcfffffffdff
WFR t=10463 src=mcu len=16 data=aa92000000000000000000000000fbba
WFR t=10502 src=bms len=12 data=cafd8b088f0dfcfffefffeff
WFR t=10503 src=mcu len=16 data=aa93d804480804242c01c003214fe1ad
WFR t=10523 src=mcu len=16 data=aa94f0f465fffffff8080d00412af645
WFR t=10543 src=mcu len=16 data=aa95091a0000000000000000feff99d9
WFR t=10552 src=bms len=12 data=c2fd8b087e0dfdfffdfffdff
WFR t=10583 src=mcu len=16 data=aa9621042f000000000000000000ad28
WFR t=10602 src=bms len=12 data=cdfd7d088c0df9fffffffcff
WFR t=10603 src=mcu len=16 data=aa97433f010000000000000000006c55
WFR t=10643 src=mcu len=16 data=aa9807010200000056117eea00007aa4
WFR t=10652 src=bms len=12 data=cefd8408860dfcfffdfffcff
WFR t=10663 src=mcu len=16 data=aa991d00ab04a08c64502748395e1e28
WFR t=10702 src=bms len=12 data=c4fd8808930dfcfffefffcff
WFR t=10703 src=mcu len=16 data=aa9a646464625f5d5b5955010101d546
WFR t=10723 src=mcu len=16 data=aa9b0101010100000000fbfbecd30e91
WFR t=10743 src=mcu len=16 data=aa9c091a0000000000000000feff8410
WFR t=10752 src=bms len=12 data=d8fd8e088c0df8fffdfffeff
WFR t=10783 src=mcu len=16 data=aa9d21042f000000000000000000b7a3
WFR t=10802 src=bms len=12 data=d1fd9908980df5fffcfffcff
WFR t=10803 src=mcu len=16 data=aa9e433f01000000000000000000719c
WFR t=10843 src=mcu len=16 data=aa9fb5a1b0bfd800000000000000dfe1
WFR t=10852 src=bms len=12 data=d9fd89088d0dfafffefffcff
WFR t=10863 src=mcu len=16 data=aaa000000000020c000035006a00d1bd
WFR t=10883 src=mcu len=16 data=aaa188044a5357583036323430360894
WFR t=10902 src=bms len=12 data=c9fd8908870dfbfffffffdff
WFR t=10923 src=mcu len=16 data=aaa231344e4242463930333500005e71
WFR t=10943 src=mcu len=16 data=aaa3091a0000000000000000feffd1ef
WFR t=10952 src=bms len=12 data=c8fd8508910dfcfffefffcff
WFR t=10983 src=mcu len=16 data=aaa421042f000000000000000000eb9a
WFR t=11002 src=bms len=12 data=c7fd7d08940dfafffdfffcff
WFR t=11003 src=mcu len=16 data=aaa5433f010000000000000000002ae7
WFR t=11023 src=mcu len=16 data=aaa6000000000000000000000000b4ce
WFR t=11052 src=bms len=12 data=c8fd9008860dfafffdfffcff
WFR t=11063 src=mcu len=16 data=aaa7000000000000000000000000b64f
WFR t=11083 src=mcu len=16 data=aaa801801b000000400052a8194013c9
WFR t=11102 src=bms len=12 data=c7fd9608880dfbfffefffdff
WFR t=11123 src=mcu len=16 data=aaa9028288135c4488132400ec02f999
WFR t=11143 src=mcu len=16 data=aaaa091a0000000000000000feffcc26
WFR t=11152 src=bms len=12 data=cbfd8d08870dfefffdfffdff
WFR t=11184 src=mcu len=16 data=aaab21042f000000000000000000ff95
WFR t=11202 src=bms len=12 data=c1fd8508880df6fffdfffdff
WFR t=11203 src=mcu len=16 data=aaac433f01000000000000000000372e
WFR t=11223 src=mcu len=16 data=aaad0048005f00021000000100801d27
WFR t=11252 src=bms len=12 data=cbfd8108940d0000fffffcff
WFR t=11263 src=mcu len=16 data=aaae55f04b0b18000000803a40005cef
WFR t=11283 src=mcu len=16 data=aaaf08610005460c2f78a00f090076a9
WFR t=11302 src=bms len=12 data=c6fd91088c0dfdfffffffdff
WFR t=11323 src=mcu len=16 data=aab0091a0000000000000000feffeabc
WFR t=11343 src=mcu len=16 data=aab121042f000000000000000000d90f
WFR t=11352 src=bms len=12 data=c4fd8508920df8fffdfffdff
WFR t=11363 src=mcu len=16 data=aab2433f010000000000000000001f30
WFR t=11388 src=bms len=129 data=d2037c0ebf0ebe0ebe0ebe0ebf0ebe0ebf0ebf0ebd0ebe0ebf0ebf0ec30ec30ec30ec20ec40ec40ec50ec40ec40ec40ec50ec50ec30ec40ec40ec50000000000000000003d000000000000000000000000000004217530029c0ec50ebd003d003d0000014e001c0001001c0000000100010ec10008000000000000000000008a26
WFR t=11402 src=bms len=12 data=ccfd8508950dfafffdfffeff
WFR t=11403 src=mcu len=16 data=aab3014a02050030000488001c0073b8
WFR t=11423 src=mcu len=16 data=aab40000770c820c710c40060000c175
WFR t=11452 src=bms len=12 data=c7fd8c08970dfafffefffcff
WFR t=11463 src=mcu len=16 data=aab51c00e84f7918060e870aaf00e853
WFR t=11483 src=mcu len=16 data=aab6040804080000cb022122f13fb1e9
WFR t=11502 src=bms len=12 data=c3fd80088b0dfdff0000fcff
WFR t=11503 src=mcu len=16 data=aa80091a0000000000000000feffab4c
WFR t=11543 src=mcu len=16 data=aa8121042f00000000000000000098ff
WFR t=11552 src=bms len=12 data=cafd7e08860dfdfffcfffdff
WFR t=11563 src=mcu len=16 data=aa82433f010000000000000000005ec0
WFR t=11602 src=bms len=12 data=c5fd7e08850dfcfffffffdff
WFR t=11603 src=mcu len=16 data=aa83000100011101b70111019f00058c
WFR t=11623 src=mcu len=16 data=aa840000090a10560001310051c45a55
WFR t=11643 src=mcu len=16 data=aa8513088003e204080b1000507864d4
WFR t=11652 src=bms len=12 data=c1fd8a088f0dfbfffdfffdff
WFR t=11683 src=mcu len=16 data=aa868403f4010400a00f8813c003f9eb
WFR t=11702 src=bms len=12 data=c2fd95088e0dfcfffdfffcff
WFR t=11703 src=mcu len=16 data=aa87091a0000000000000000feffa00b
WFR t=11743 src=mcu len=16 data=aa8821042f0000000000000000008536
WFR t=11752 src=bms len=12 data=d0fd9108910dfcfffefffcff
WFR t=11763 src=mcu len=16 data=aa89433f01000000000000000000444b
WFR t=11802 src=bms len=12 data=cbfd9008910df8fffefffcff
WFR t=11803 src=mcu len=16 data=aa8a480c1c0207284901230020001521
WFR t=11823 src=mcu len=16 data=aa8b40005c03474c775419031a0e80f3
WFR t=11843 src=mcu len=16 data=aa8c2225bf0420034006b80b3e02672c
WFR t=11852 src=bms len=12 data=d8fd8908950dfafffdfffcff
WFR t=11883 src=mcu len=16 data=aa8d800c800000006c07102780008244
WFR t=11902 src=bms len=12 data=b7fd7b088b0df8fffefffdff
WFR t=11903 src=mcu len=16 data=aa8e091a0000000000000000feffbdc2
WFR t=11943 src=mcu len=16 data=aa8f21042f0000000000000000008e71
WFR t=12045 src=bms len=12 data=ccfd8e088f0dfcfffdfffdff
WFR t=12045 src=mcu len=16 data=aa90433f010000000000000000006712
WFR t=12045 src=mcu len=16 data=aa910b000f00465a667332000b9ed1a0
WFR t=12045 src=mcu len=16 data=aa92000000000000000000000000fbba
WFR t=12045 src=mcu len=16 data=aa93d804480804242c01c003214fe1ad
WFR t=12047 src=bms len=12 data=d3fd8608930dfafffdfffbff
WFR t=12052 src=bms len=12 data=c0fd9108890df6fffdfffcff
WFR t=12083 src=mcu len=16 data=aa94f0f465fffffff8080d00412af645
WFR t=12102 src=bms len=12 data=cafd84088e0df9fffffffcff
WFR t=12103 src=mcu len=16 data=aa95091a000000000000fffffeff99fd
WFR t=12123 src=mcu len=16 data=aa9621042f000000000000000000ad28
WFR t=12152 src=bms len=12 data=cffd7d088b0dfcfffefffeff
WFR t=12163 src=mcu len=16 data=aa97433f010000000000000000006c55
WFR t=12183 src=mcu len=16 data=aa9807010200000056117eea00007aa4
WFR t=12202 src=bms len=12 data=cdfd8908870df5fffefffbff
WFR t=12223 src=mcu len=16 data=aa991d00ab04a08c64502748395e1e28
WFR t=12243 src=mcu len=16 data=aa9a646464625f5d5b5955010101d546
WFR t=12252 src=bms len=12 data=dafd8208910dfbfffffffdff
WFR t=12283 src=mcu len=16 data=aa9b0101010100000000fbfbecd30e91
WFR t=12302 src=bms len=12 data=bcfd8d08910df8fffdfffdff
WFR t=12303 src=mcu len=16 data=aa9c091a0000000000000100fdff851c
WFR t=12323 src=mcu len=16 data=aa9d21042f000000000000000000b7a3
WFR t=12352 src=bms len=12 data=cbfd8708800d0000fdfffdff
WFR t=12363 src=mcu len=16 data=aa9e433f01000000000000000000719c
WFR t=12383 src=mcu len=16 data=aa9fb5a1b0bfd800000000000000dfe1
WFR t=12402 src=bms len=12 data=d0fd87088c0dfafffdfffcff
WFR t=12423 src=mcu len=16 data=aaa000000000020c000035006a00d1bd
WFR t=12443 src=mcu len=16 data=aaa188044a5357583036323430360894
WFR t=12452 src=bms len=12 data=d1fd9408870df4fffefffbff
WFR t=12453 src=bms len=129 data=d2037c0ebe0ebe0ebf0ebf0ebe0ebe0ebf0ebf0ebd0ebe0ebf0ebf0ec30ec30ec30ec20ec40ec40ec50ec40ec40ec50ec50ec50ec30ec50ec40ec50000000000000000003d000000000000000000000000000004217530029c0ec50ebd003d003d0000014e001c0001001c0000000100010ec1000800000000000000000000e1db
WFR t=12463 src=mcu len=16 data=aaa231344e4242463930333500005e71
WFR t=12513 src=bms len=12 data=c8fd82088f0df9fffefffdff
WFR t=12524 src=mcu len=16 data=aaa3091a0000000000000000feffd1ef
WFR t=12524 src=mcu len=16 data=aaa421042f000000000000000000eb9a
WFR t=12552 src=bms len=12 data=c2fd92088f0df4fffefffdff
WFR t=12563 src=mcu len=16 data=aaa5433f010000000000000000002ae7
WFR t=12583 src=mcu len=16 data=aaa6000000000000000000000000b4ce
WFR t=12602 src=bms len=12 data=bffd87088d0df9fffefffcff
WFR t=12603 src=mcu len=16 data=aaa7000000000000000000000000b64f
WFR t=12643 src=mcu len=16 data=aaa801801b000000400052a8194013c9
WFR t=12652 src=bms len=12 data=d5fd89088a0df7fffefffcff
WFR t=12663 src=mcu len=16 data=aaa9028288135c4488132400ec02f999
WFR t=12702 src=bms len=12 data=c5fd8708870d0100fefffcff
WFR t=12703 src=mcu len=16 data=aaaa091a0000000000000000feffcc26
WFR t=12723 src=mcu len=16 data=aaab21042f000000000000000000ff95
WFR t=12743 src=mcu len=16 data=aaac433f01000000000000000000372e
WFR t=12752 src=bms len=12 data=ccfd8c088c0dfbfffefffdff
WFR t=12783 src=mcu len=16 data=aaad0048005f00021000000100801d27
WFR t=12802 src=bms len=12 data=cefd8b088d0df8fffefffeff
WFR t=12803 src=mcu len=16 data=aaae55f04b0b18000000803a40005cef
WFR t=12843 src=mcu len=16 data=aaaf08610005460c2f78a00f090076a9
WFR t=12852 src=bms len=12 data=d0fd8b088c0df9fffcfffdff
WFR t=12863 src=mcu len=16 data=aab0091a0000000000000000feffeabc
WFR t=12902 src=bms len=12 data=c8fd8308870dfdfffffffcff
WFR t=12903 src=mcu len=16 data=aab121042f000000000000000000d90f
WFR t=12923 src=mcu len=16 data=aab2433f010000000000000000001f30
WFR t=12985 src=bms len=12 data=cdfd8308870df6fffcfffcff
WFR t=13028 src=bms len=12 data=cdfd8c08940dfefffefffcff
WFR t=13029 src=mcu len=16 data=aab3014a02050030000488001c0073b8
WFR t=13029 src=mcu len=16 data=aab40000770c820c710c40060000c175
WFR t=13030 src=mcu len=16 data=aab51c00e84f7918060e750aaf00daeb
WFR t=13043 src=mcu len=16 data=aab6040804080000cb022122f13fb1e9
WFR t=13052 src=bms len=12 data=cffd8c088c0dfbfffdfffdff
WFR t=13063 src=mcu len=16 data=aa80091a0000000000000000feffab4c
WFR t=13083 src=mcu len=16 data=aa8121042f00000000000000000098ff
WFR t=13102 src=bms len=12 data=cdfd8308980df7fffdfffcff
WFR t=13123 src=mcu len=16 data=aa82433f010000000000000000005ec0
WFR t=13143 src=mcu len=16 data=aa83000100011101b70111019f00058c
WFR t=13152 src=bms len=12 data=ccfd89088d0dfdfffffffcff
WFR t=13183 src=mcu len=16 data=aa840000090a10560001310051c45a55
WFR t=13202 src=bms len=12 data=cbfd8608900df8fffefffcff
WFR t=13203 src=mcu len=16 data=aa8513088003e204080b1000507864d4
WFR t=13223 src=mcu len=16 data=aa868403f4010400a00f8813c003f9eb
WFR t=13252 src=bms len=12 data=cbfd8308920df8fffefffcff
WFR t=13263 src=mcu len=16 data=aa87091a0000000000000000feffa00b
WFR t=13283 src=mcu len=16 data=aa8821042f0000000000000000008536
WFR t=13302 src=bms len=12 data=ccfd9008960dfcfffdfffdff
WFR t=13323 src=mcu len=16 data=aa89433f01000000000000000000444b
WFR t=13343 src=mcu len=16 data=aa8a480c1c0207284901230020001521
WFR t=13352 src=bms len=12 data=cafd88088f0dfbfffefffdff
WFR t=13383 src=mcu len=16 data=aa8b40005c03474c775419031a0e80f3
WFR t=13402 src=bms len=12 data=c9fd8b08860df8fffffffcff
WFR t=13403 src=mcu len=16 data=aa8c2225bf0420034006b80b3e02672c
WFR t=13423 src=mcu len=16 data=aa8d800c800000006c07102780008244
WFR t=13428 src=bms len=129 data=d2037c0ebe0ebe0ebf0ebe0ebe0ebe0ebf0ebf0ebd0ebe0ebf0ebf0ec30ec30ec30ec10ec30ec40ec50ec40ec40ec40ec50ec50ec30ec40ec40ec50000000000000000003d000000000000000000000000000004217530029c0ec50ebd003d003d0000014e001c0001001c0000000100010ec10008000000000000000000009492
WFR t=13452 src=bms len=12 data=d4fd8e08850dfcfffefffeff
WFR t=13463 src=mcu len=16 data=aa8e091a0000000000000000feffbdc2
WFR t=13483 src=mcu len=16 data=aa8f21042f0000000000000000008e71
WFR t=13502 src=bms len=12 data=c9fd8f08820df7fffcfffdff
WFR t=13523 src=mcu len=16 data=aa90433f010000000000000000006712
WFR t=13543 src=mcu len=16 data=aa910b000f00465a667332000b9ed1a0
WFR t=13552 src=bms len=12 data=ccfd8c08940dfcfffffffcff
WFR t=13563 src=mcu len=16 data=aa92000000000000000000000000fbba
WFR t=13602 src=bms len=12 data=c3fd8908880dfcfffefffeff
WFR t=13603 src=mcu len=16 data=aa93d804480804242c01c003214fe1ad
WFR t=13623 src=mcu len=16 data=aa94f0f465fffffff8080d00412af645
WFR t=13652 src=bms len=12 data=cdfd8908950df9fffcfffdff
WFR t=13663 src=mcu len=16 data=aa95091a0000000000000000feff99d9
WFR t=13683 src=mcu len=16 data=aa9621042f000000000000000000ad28
WFR t=13702 src=bms len=12 data=c6fd8508890dfafffdfffcff
WFR t=13703 src=mcu len=16 data=aa97433f010000000000000000006c55
WFR t=13743 src=mcu len=16 data=aa9807010200000056117eea00007aa4
WFR t=13752 src=bms len=12 data=c8fd89088f0dfafffefffcff
WFR t=13763 src=mcu len=16 data=aa991d00ab04a08c64502748395e1e28
WFR t=13802 src=bms len=12 data=d8fd88088a0dfeff0000fdff
WFR t=13803 src=mcu len=16 data=aa9a646464625f5d5b5955010101d546
WFR t=13823 src=mcu len=16 data=aa9b0101010100000000fbfbecd30e91
WFR t=13843 src=mcu len=16 data=aa9c091a0000000000000000feff8410
WFR t=13852 src=bms len=12 data=d1fd8808880df9fffdfffcff
WFR t=13883 src=mcu len=16 data=aa9d21042f000000000000000000b7a3
WFR t=13902 src=bms len=12 data=c1fd8908950dfdfffdfffcff
WFR t=13903 src=mcu len=16 data=aa9e433f01000000000000000000719c
WFR t=13943 src=mcu len=16 data=aa9fb5a1b0bfd800000000000000dfe1
WFR t=13952 src=bms len=12 data=b7fd8208890dfefffefffcff
WFR t=14002 src=bms len=12 data=c9fd8708840dfbfffffffcff
WFR t=14006 src=mcu len=16 data=aaa000000000020c000035006a00d1bd
WFR t=14006 src=mcu len=16 data=aaa188044a5357583036323430360894
WFR t=14024 src=mcu len=16 data=aaa231344e4242463930333500005e71
WFR t=14078 src=mcu len=16 data=aaa3091a0000000000000000feffd1ef
WFR t=14133 src=bms len=12 data=d3fd8208910df9fffffffdff
WFR t=14144 src=mcu len=16 data=aaa421042f000000000000000000eb9a
WFR t=14144 src=mcu len=16 data=aaa5433f010000000000000000002ae7
WFR t=14144 src=mcu len=16 data=aaa6000000000000000000000000b4ce
WFR t=14145 src=bms len=12 data=bafd83088c0df8fffdfffcff
WFR t=14152 src=bms len=12 data=d1fd8d088d0dfafffefffdff
WFR t=14164 src=mcu len=16 data=aaa7000000000000000000000000b64f
WFR t=14183 src=mcu len=16 data=aaa801801b000000400052a8194013c9
WFR t=14202 src=bms len=12 data=d0fd86088a0dfafffffffcff
WFR t=14223 src=mcu len=16 data=aaa9028288135c4488132400ec02f999
WFR t=14244 src=mcu len=16 data=aaaa091a0000000000000000feffcc26
WFR t=14252 src=bms len=12 data=cdfd8108920dfafffdfffcff
WFR t=14283 src=mcu len=16 data=aaab21042f000000000000000000ff95
WFR t=14302 src=bms len=12 data=cdfd8908910df8fffdfffdff
WFR t=14303 src=mcu len=16 data=aaac433f01000000000000000000372e
WFR t=14323 src=mcu len=16 data=aaad0048005f00021000000100801d27
WFR t=14352 src=bms len=12 data=c7fd8b088b0df5fffdfffcff
WFR t=14363 src=mcu len=16 data=aaae55f04b0b18000000803a40005cef
WFR t=14383 src=mcu len=16 data=aaaf08610005460c2f78a00f090076a9
WFR t=14402 src=bms len=12 data=bffd8b08940dfcfffefffcff
WFR t=14423 src=mcu len=16 data=aab0091a000000000000fffffeffea98
WFR t=14433 src=bms len=129 data=d2037c0ebe0ebe0ebe0ebe0ebe0ebe0ebf0ebf0ebd0ebe0ebe0ebf0ec30ec30ec30ec20ec30ec40ec50ec40ec40ec50ec50ec50ec30ec50ec40ec50000000000000000003d000000000000000000000000000004217530029c0ec50ebd003d003d0000014e001c0001001c0000000100010ec1000800000000000000000000af77
WFR t=14443 src=mcu len=16 data=aab121042f000000000000000000d90f
WFR t=14452 src=bms len=12 data=cffd7e08930df8fffcfffcff
WFR t=14463 src=mcu len=16 data=aab2433f010000000000000000001f30
WFR t=14502 src=bms len=12 data=cafd8608980df8fffcfffdff
WFR t=14503 src=mcu len=16 data=aab3014a02050030000488001c0073b8
WFR t=14523 src=mcu len=16 data=aab40000770c820c710c40060000c175
WFR t=14552 src=bms len=12 data=d3fd8108870df9fffffffcff
WFR t=14563 src=mcu len=16 data=aab51c00e84f7918060efd0aaf00f14b
WFR t=14583 src=mcu len=16 data=aab6040804080000cb022122f13fb1e9
WFR t=14602 src=bms len=12 data=bffd85088a0df9fffefffcff
WFR t=14623 src=mcu len=16 data=aa80091a0000000000000000feffab4c
WFR t=14643 src=mcu len=16 data=aa8121042f00000000000000000098ff
WFR t=14652 src=bms len=12 data=c5fd9008890dfcfffefffdff
WFR t=14663 src=mcu len=16 data=aa82433f010000000000000000005ec0
WFR t=14702 src=bms len=12 data=cbfd8508870dfafffdfffdff
WFR t=14703 src=mcu len=16 data=aa83000100011101b70111019f00058c
WFR t=14723 src=mcu len=16 data=aa840000090a10560001310051c45a55
WFR t=14752 src=bms len=12 data=c5fd8008880dfcfffffffcff
WFR t=14763 src=mcu len=16 data=aa8513088003e204080b1000507864d4
WFR t=14783 src=mcu len=16 data=aa868403f4010400a00f8813c003f9eb
WFR t=14802 src=bms len=12 data=c7fd8b088d0dfafffffffdff
WFR t=14803 src=mcu len=16 data=aa87091a0000000000000000feffa00b
WFR t=14843 src=mcu len=16 data=aa8821042f0000000000000000008536
WFR t=14852 src=bms len=12 data=d2fd7d088c0df7fffcfffcff
WFR t=14863 src=mcu len=16 data=aa89433f01000000000000000000444b
WFR t=14902 src=bms len=12 data=c8fd8708860dfcfffffffcff
WFR t=14903 src=mcu len=16 data=aa8a480c1c0207284901230020001521
WFR t=14923 src=mcu len=16 data=aa8b40005c03474c775419031a0e80f3
WFR t=14943 src=mcu len=16 data=aa8c2225bf0420034006b80b3e02672c
WFR t=14952 src=bms len=12 data=c9fd8608850df7fffefffcff
WFR t=14983 src=mcu len=16 data=aa8d800c800000006c07102780008244
WFR t=15002 src=bms len=12 data=cefd99088a0df8fffcfffcff
WFR t=15003 src=mcu len=16 data=aa8e091a0000000000000000feffbdc2
WFR t=15043 src=mcu len=16 data=aa8f21042f0000000000000000008e71
WFR t=15052 src=bms len=12 data=d9fd8a08870df9fffcfffcff
WFR t=15063 src=mcu len=16 data=aa90433f010000000000000000006712
WFR t=15102 src=bms len=12 data=cdfd8908810df8fffefffdff
WFR t=15103 src=mcu len=16 data=aa910b000f00465a667332000b9ed1a0
WFR t=15123 src=mcu len=16 data=aa92000000000000000000000000fbba
WFR t=15143 src=mcu len=16 data=aa93d804480804242c01c003214fe1ad
WFR t=15152 src=bms len=12 data=ccfd99088e0dfafffffffdff
WFR t=15183 src=mcu len=16 data=aa94f0f465fffffff8080d00412af645
WFR t=15202 src=bms len=12 data=cbfd8e08910dfafffdfffcff
WFR t=15203 src=mcu len=16 data=aa95091a0000000000000000feff99d9
WFR t=15243 src=mcu len=16 data=aa9621042f000000000000000000ad28
WFT t=15250 batt_mv=4192 rssi_mcu=-47 rssi_bms=-60 mcu=546 bms=15 dropped=0
WFR t=15252 src=bms len=12 data=c9fd79088f0df8ff0000fdff
WFR t=15263 src=mcu len=16 data=aa97433f010000000000000000006c55
WFR t=15283 src=mcu len=16 data=aa9807010200000056117eea00007aa4
WFR t=15302 src=bms len=12 data=c1fd87087e0df9fffefffdff
WFR t=15323 src=mcu len=16 data=aa991d00ab04a08c64502748395e1e28
WFR t=15343 src=mcu len=16 data=aa9a646464625f5d5b5955010101d546
WFR t=15352 src=bms len=12 data=c9fd8d08930df8fffefffdff
WFR t=15383 src=mcu len=16 data=aa9b0101010100000000fbfbecd30e91
WFR t=15402 src=bms len=12 data=c8fd95088b0df8fffbfffcff
WFR t=15403 src=mcu len=16 data=aa9c091a000000000000ffffffff85a4
WFR t=15423 src=mcu len=16 data=aa9d21042f000000000000000000b7a3
WFR t=15438 src=bms len=129 data=d2037c0ebe0ebe0ebf0ebe0ebe0ebe0ebf0ebf0ebd0ebe0ebf0ebf0ec30ec30ec30ec20ec30ec40ec50ec40ec40ec50ec50ec50ec30ec40ec40ec50000000000000000003d000000000000000000000000000004217530029c0ec50ebd003d003d0000014e001c0001001c0000000100010ec1000800000000000000000000428a
WFR t=15452 src=bms len=12 data=c4fd8d08900df6fffffffcff
WFR t=15463 src=mcu len=16 data=aa9e433f01000000000000000000719c
WFR t=15483 src=mcu len=16 data=aa9fb5a1b0bfd800000000000000dfe1
WFR t=15502 src=bms len=12 data=cbfd8308820df4fffdfffcff
WFR t=15523 src=mcu len=16 data=aaa000000000020c000035006a00d1bd
WFR t=15543 src=mcu len=16 data=aaa188044a5357583036323430360894
WFR t=15552 src=bms len=12 data=cbfd7d08900dfbfffefffdff
WFR t=15563 src=mcu len=16 data=aaa231344e4242463930333500005e71
WFR t=15602 src=bms len=12 data=c5fd97088a0dfefffffffeff
WFR t=15603 src=mcu len=16 data=aaa3091a0000000000000000feffd1ef
WFR t=15623 src=mcu len=16 data=aaa421042f000000000000000000eb9a
WFR t=15652 src=bms len=12 data=ccfd9608860dfafffefffcff
WFR t=15663 src=mcu len=16 data=aaa5433f010000000000000000002ae7
WFR t=15683 src=mcu len=16 data=aaa6000000000000000000000000b4ce
WFR t=15734 src=mcu len=16 data=aaa7000000000000000000000000b64f
WFR t=15734 src=bms len=12 data=bbfd7e08880df8fffefffbff
WFR t=15743 src=mcu len=16 data=aaa801801b000000400052a8194013c9
WFR t=15752 src=bms len=12 data=c4fd8308860dfbfffdfffcff
WFR t=15763 src=mcu len=16 data=aaa9028288135c4488132400ec02f999
WFR t=15802 src=bms len=12 data=c2fd8408880dfbfffefffeff
WFR t=15803 src=mcu len=16 data=aaaa091a0000000000000000feffcc26
WFR t=15823 src=mcu len=16 data=aaab21042f000000000000000000ff95
WFR t=15852 src=bms len=12 data=c8fd8108880dfcfffffffdff
WFR t=15863 src=mcu len=16 data=aaac433f01000000000000000000372e
WFR t=15883 src=mcu len=16 data=aaad0048005f00021000000100801d27
WFR t=15902 src=bms len=12 data=c2fd94088d0df8fffefffdff
WFR t=15903 src=mcu len=16 data=aaae55f04b0b18000000803a40005cef
WFR t=15943 src=mcu len=16 data=aaaf08610005460c2f78a00f090076a9
WFR t=15952 src=bms len=12 data=c3fd82088b0dfefffffffdff
WFR t=15963 src=mcu len=16 data=aab0091a0000000000000000feffeabc
WFR t=16051 src=mcu len=16 data=aab121042f000000000000000000d90f
WFR t=16094 src=bms len=12 data=cbfd8a088d0df9fffcfffcff
WFR t=16094 src=mcu len=16 data=aab2433f010000000000000000001f30
WFR t=16095 src=mcu len=16 data=aab3014a02050030000488001c0073b8
WFR t=16095 src=mcu len=16 data=aab40000770c820c710c40060000c175
WFR t=16153 src=bms len=12 data=cafd85088a0dfbfffefffdff
WFR t=16164 src=mcu len=16 data=aab51c00e84f7918060ea60aaf00e26f
WFR t=16164 src=mcu len=16 data=aab6040804080000cb022122f13fb1e9
WFR t=16164 src=mcu len=16 data=aa80091a0000000000000000feffab4c
WFR t=16165 src=bms len=12 data=ccfd8608870dfcfffcfffeff
WFR t=16167 src=bms len=12 data=c8fd8a08890dfffffffffcff
WFR t=16202 src=bms len=12 data=c0fd8a08930dfafffcfffcff
WFR t=16204 src=mcu len=16 data=aa8121042f00000000000000000098ff
WFR t=16223 src=mcu len=16 data=aa82433f010000000000000000005ec0
WFR t=16243 src=mcu len=16 data=aa83000100011101b70111019f00058c
WFR t=16252 src=bms len=12 data=cdfd88087d0df8fffefffcff
WFR t=16283 src=mcu len=16 data=aa840000090a10560001310051c45a55
WFR t=16302 src=bms len=12 data=d0fd7e088e0dfefffefffdff
WFR t=16303 src=mcu len=16 data=aa8513088003e204080b1000507864d4
WFR t=16343 src=mcu len=16 data=aa868403f4010400a00f8813c003f9eb
WFR t=16352 src=bms len=12 data=c7fd8f08880dfcff0000fcff
WFR t=16363 src=mcu len=16 data=aa87091a0000000000000000feffa00b
WFR t=16384 src=mcu len=16 data=aa8821042f0000000000000000008536
WFR t=16402 src=bms len=12 data=cbfd8808950df6fffdfffcff
WFR t=16423 src=mcu len=16 data=aa89433f01000000000000000000444b
WFR t=16443 src=mcu len=16 data=aa8a480c1c0207284901230020001521
WFR t=16452 src=bms len=12 data=c7fd7e088a0dfbfffffffdff
WFR t=16458 src=bms len=129 data=d2037c0ebf0ebe0ebf0ebe0ebe0ebe0ebf0ebf0ebd0ebe0ebf0ebf0ec30ec30ec30ec20ec40ec40ec50ec40ec40ec50ec50ec50ec30ec50ec40ec50000000000000000003d000000000000000000000000000004217530029c0ec50ebd003d003d0000014e001c0001001c0000000100010ec10008000000000000000000007664
WFR t=16483 src=mcu len=16 data=aa8b40005c03474c775419031a0e80f3
WFR t=16502 src=bms len=12 data=c6fd79088c0dfbfffcfffbff
WFR t=16503 src=mcu len=16 data=aa8c2225bf0420034006b80b3e02672c
WFR t=16523 src=mcu len=16 data=aa8d800c800000006c07102780008244
WFR t=16552 src=bms len=12 data=ccfd8208770dfbfffefffdff
WFR t=16563 src=mcu len=16 data=aa8e091a000000000000fffffeffbde6
WFR t=16583 src=mcu len=16 data=aa8f21042f0000000000000000008e71
WFR t=16602 src=bms len=12 data=c8fd8f08820dfafffffffeff
WFR t=16623 src=mcu len=16 data=aa90433f010000000000000000006712
WFR t=16643 src=mcu len=16 data=aa910b000f00465a667332000b9ed1a0
WFR t=16652 src=bms len=12 data=d1fd9308860dfafffefffcff
WFR t=16663 src=mcu len=16 data=aa92000000000000000000000000fbba
WFR t=16702 src=bms len=12 data=ccfd88088c0df7ff0000fcff
WFR t=16703 src=mcu len=16 data=aa93d804480804242c01c003214fe1ad
WFR t=16723 src=mcu len=16 data=aa94f0f465fffffff8080d00412af645
WFR t=16752 src=bms len=12 data=bcfd7908960dfbfffefffcff
WFR t=16763 src=mcu len=16 data=aa95091a0000000000000000feff99d9
WFR t=16783 src=mcu len=16 data=aa9621042f000000000000000000ad28
WFR t=16802 src=bms len=12 data=befd8108870dfeff0000fcff
WFR t=16823 src=mcu len=16 data=aa97433f010000000000000000006c55
WFR t=16843 src=mcu len=16 data=aa9807010200000056117eea00007aa4
WFR t=16852 src=bms len=12 data=c3fd8408870dfbfffdfffdff
WFR t=16863 src=mcu len=16 data=aa991d00ab04a08c64502748395e1e28
WFR t=16902 src=bms len=12 data=cbfd8d08860dfbfffffffdff
WFR t=16903 src=mcu len=16 data=aa9a646464625f5d5b5955010101d546
WFR t=16923 src=mcu len=16 data=aa9b0101010100000000fbfbecd30e91
WFR t=16952 src=bms len=12 data=d2fd92087e0df9fffdfffdff
WFR t=16963 src=mcu len=16 data=aa9c091a000000000000fffffeff8434
WFR t=16983 src=mcu len=16 data=aa9d21042f000000000000000000b7a3
WFR t=17002 src=bms len=12 data=c5fd8a08870dfbfffffffcff
WFR t=17003 src=mcu len=16 data=aa9e433f01000000000000000000719c
WFR t=17043 src=mcu len=16 data=aa9fb5a1b0bfd800000000000000dfe1
WFR t=17052 src=bms len=12 data=c3fd8d088c0df8fffdfffbff
WFR t=17063 src=mcu len=16 data=aaa000000000020c000035006a00d1bd
WFR t=17102 src=bms len=12 data=cefd7d087d0dfdfffefffdff
WFR t=17103 src=mcu len=16 data=aaa188044a5357583036323430360894
WFR t=17123 src=mcu len=16 data=aaa231344e4242463930333500005e71
WFR t=17143 src=mcu len=16 data=aaa3091a0000000000000000feffd1ef
WFR t=17152 src=bms len=12 data=d0fd83088d0df9fffcfffdff
WFR t=17183 src=mcu len=16 data=aaa421042f000000000000000000eb9a
WFR t=17202 src=bms len=12 data=ccfd8408850dffffffffffff
WFR t=17203 src=mcu len=16 data=aaa5433f010000000000000000002ae7
WFR t=17243 src=mcu len=16 data=aaa6000000000000000000000000b4ce
WFR t=17252 src=bms len=12 data=c6fd9d08880dfdfffffffeff
WFR t=17263 src=mcu len=16 data=aaa7000000000000000000000000b64f
WFR t=17283 src=mcu len=16 data=aaa801801b000000400052a8194013c9
WFR t=17302 src=bms len=12 data=d3fd89088e0df5fffdfffcff
WFR t=17323 src=mcu len=16 data=aaa9028288135c4488132400ec02f999
WFR t=17343 src=mcu len=16 data=aaaa091a0000000000000000feffcc26
WFR t=17352 src=bms len=12 data=cafd91088c0dfcfffdfffcff
WFR t=17383 src=mcu len=16 data=aaab21042f000000000000000000ff95
WFR t=17402 src=bms len=12 data=b8fd8208930df8fffefffdff
WFR t=17403 src=mcu len=16 data=aaac433f01000000000000000000372e
WFR t=17443 src=mcu len=16 data=aaad0048005f00021000000100801d27
WFR t=17448 src=bms len=129 data=d2037c0ebe0ebe0ebf0ebe0ebf0ebe0ebf0ebf0ebd0ebe0ebe0ebf0ec30ec30ec30ec20ec40ec40ec50ec40ec40ec50ec50ec50ec30ec40ec40ec50000000000000000003d000000000000000000000000000004217530029c0ec50ebd003d003d0000014e001c0001001c0000000100010ec1000800000000000000000000241e
WFR t=17452 src=bms len=12 data=c6fd7d088b0dfafffdfffcff
WFR t=17463 src=mcu len=16 data=aaae55f04b0b18000000803a40005cef
WFR t=17483 src=mcu len=16 data=aaaf08610005460c2f78a00f090076a9
WFR t=17502 src=bms len=12 data=d6fd8708930dfbfffdfffdff
WFR t=17523 src=mcu len=16 data=aab0091a0000000000000000feffeabc
WFR t=17543 src=mcu len=16 data=aab121042f000000000000000000d90f
WFR t=17552 src=bms len=12 data=c1fd9208900dfcfffefffeff
WFR t=17583 src=mcu len=16 data=aab2433f010000000000000000001f30
WFR t=17602 src=bms len=12 data=cbfd92088f0dfcfffffffcff
WFR t=17603 src=mcu len=16 data=aab3014a02050030000488001c0073b8
WFR t=17623 src=mcu len=16 data=aab40000770c820c710c40060000c175
WFR t=17652 src=bms len=12 data=c8fd90087e0df8fffdfffcff
WFR t=17663 src=mcu len=16 data=aab51c00e84f7918060e7a0aaf00d9ff
WFR t=17683 src=mcu len=16 data=aab6040804080000cb022122f13fb1e9
WFR t=17702 src=bms len=12 data=bdfd7c08870dfafffdfffdff
WFR t=17723 src=mcu len=16 data=aa80091a000000000000fffffeffab68
WFR t=17743 src=mcu len=16 data=aa8121042f00000000000000000098ff
WFR t=17752 src=bms len=12 data=cdfd8208910df9fffffffdff
WFR t=17763 src=mcu len=16 data=aa82433f010000000000000000005ec0
WFR t=17802 src=bms len=12 data=ccfd91088c0df9fffcfffcff
WFR t=17803 src=mcu len=16 data=aa83000100011101b70111019f00058c
WFR t=17823 src=mcu len=16 data=aa840000090a10560001310051c45a55
WFR t=17853 src=bms len=12 data=d4fd86088a0dfdfffefffeff
WFR t=17863 src=mcu len=16 data=aa8513088003e204080b1000507864d4
WFR t=17883 src=mcu len=16 data=aa868403f4010400a00f8813c003f9eb
WFR t=17902 src=bms len=12 data=c5fd8b088f0dfafffefffdff
WFR t=17923 src=mcu len=16 data=aa87091a0000000000000000feffa00b
WFR t=17943 src=mcu len=16 data=aa8821042f0000000000000000008536
WFR t=17952 src=bms len=12 data=bffd91088a0dfafffdfffbff
WFR t=17963 src=mcu len=16 data=aa89433f01000000000000000000444b
WFR t=18020 src=mcu len=16 data=aa8a480c1c0207284901230020001521
WFR t=18077 src=bms len=12 data=ccfd8108890dfafffefffdff
WFR t=18088 src=mcu len=16 data=aa8b40005c03474c775419031a0e80f3
WFR t=18088 src=mcu len=16 data=aa8c2225bf0420034006b80b3e02672c
WFR t=18088 src=mcu len=16 data=aa8d800c800000006c07102780008244
WFR t=18089 src=bms len=12 data=bbfd86088d0dfefffffffdff
WFR t=18102 src=bms len=12 data=c3fd86088d0dfffffefffdff
WFR t=18103 src=mcu len=16 data=aa8e091a000000000000fffffeffbde6
WFR t=18143 src=mcu len=16 data=aa8f21042f0000000000000000008e71
WFR t=18152 src=bms len=12 data=cafd8d08980dfafffdfffdff
WFR t=18163 src=mcu len=16 data=aa90433f010000000000000000006712
WFR t=18202 src=bms len=12 data=d9fd87088b0df7fffdfffdff
WFR t=18203 src=mcu len=16 data=aa910b000f00465a667332000b9ed1a0
WFR t=18223 src=mcu len=16 data=aa92000000000000000000000000fbba
WFR t=18243 src=mcu len=16 data=aa93d804480804242c01c003214fe1ad
WFR t=18252 src=bms len=12 data=d2fd85088a0df3fffefffdff
WFR t=18283 src=mcu len=16 data=aa94f0f465fffffff8080d00412af645
WFR t=18302 src=bms len=12 data=d0fd8f08850df8fffffffdff
WFR t=18303 src=mcu len=16 data=aa95091a0000000000000000feff99d9
WFR t=18343 src=mcu len=16 data=aa9621042f000000000000000000ad28
WFR t=18352 src=bms len=12 data=d2fd7d08900dfcfffffffcff
WFR t=18363 src=mcu len=16 data=aa97433f010000000000000000006c55
WFR t=18383 src=mcu len=16 data=aa9807010200000056117eea00007aa4
WFR t=18402 src=bms len=12 data=c1fd7e088e0dfffffefffcff
WFR t=18423 src=mcu len=16 data=aa991d00ab04a08c64502748395e1e28
WFR t=18443 src=mcu len=16 data=aa9a646464625f5d5b5955010101d546
WFR t=18452 src=bms len=12 data=cdfd94088a0dfdfffefffcff
WFR t=18468 src=bms len=129 data=d2037c0ebf0ebe0ebf0ebe0ebe0ebe0ebf0ebf0ebd0ebe0ebf0ebf0ec30ec30ec30ec20ec30ec40ec40ec40ec40ec40ec50ec50ec30ec40ec40ec50000000000000000003d000000000000000000000000000004217530029c0ec50ebd003d003d0000014e001c0001001c0000000100010ec10008000000000000000000003d1c
WFR t=18483 src=mcu len=16 data=aa9b0101010100000000fbfbecd30e91
WFR t=18502 src=bms len=12 data=d6fd8b08860dfbfffefffeff
WFR t=18503 src=mcu len=16 data=aa9c091a000000000000fffffeff8434
WFR t=18544 src=mcu len=16 data=aa9d21042f000000000000000000b7a3
WFR t=18552 src=bms len=12 data=c9fd8808970dfafffefffeff
WFR t=18563 src=mcu len=16 data=aa9e433f01000000000000000000719c
WFR t=18583 src=mcu len=16 data=aa9fb5a1b0bfd800000000000000dfe1
WFR t=18602 src=bms len=12 data=cbfd7d088e0dfcfffdfffcff
WFR t=18623 src=mcu len=16 data=aaa000000000020c000035006a00d1bd
WFR t=18643 src=mcu len=16 data=aaa188044a5357583036323430360894
WFR t=18652 src=bms len=12 data=c7fd8d088e0dfbfffdfffcff
WFR t=18683 src=mcu len=16 data=aaa231344e4242463930333500005e71
WFR t=18702 src=bms len=12 data=d2fd7708900df8fffefffcff
WFR t=18703 src=mcu len=16 data=aaa3091a0000000000000000feffd1ef
WFR t=18724 src=mcu len=16 data=aaa421042f000000000000000000eb9a
WFR t=18752 src=bms len=12 data=ccfd9208850dfcfffefffdff
WFR t=18763 src=mcu len=16 data=aaa5433f010000000000000000002ae7
WFR t=18783 src=mcu len=16 data=aaa6000000000000000000000000b4ce
WFR t=18802 src=bms len=12 data=c8fd8c088b0dfcfffefffdff
WFR t=18823 src=mcu len=16 data=aaa7000000000000000000000000b64f
WFR t=18843 src=mcu len=16 data=aaa801801b000000400052a8194013c9
WFR t=18852 src=bms len=12 data=d0fd8508890dfbfffdfffcff
WFR t=18863 src=mcu len=16 data=aaa9028288135c4488132400ec02f999
WFR t=18902 src=bms len=12 data=c0fd9508890dfcfffefffcff
WFR t=18903 src=mcu len=16 data=aaaa091a0000000000000000feffcc26
WFR t=18923 src=mcu len=16 data=aaab21042f000000000000000000ff95
WFR t=18965 src=mcu len=16 data=aaac433f01000000000000000000372e
WFR t=18975 src=bms len=12 data=c1fd8e088f0df8fffffffbff
WFR t=18983 src=mcu len=16 data=aaad0048005f00021000000100801d27
WFR t=19002 src=bms len=12 data=d2fd8e08820dfdfffffffcff
WFR t=19003 src=mcu len=16 data=aaae55f04b0b18000000803a40005cef
WFR t=19043 src=mcu len=16 data=aaaf08610005460c2f78a00f090076a9
WFR t=19052 src=bms len=12 data=c8fd85088f0dfcfffefffcff
WFR t=19063 src=mcu len=16 data=aab0091a0000000000000000feffeabc
WFR t=19102 src=bms len=12 data=cdfd8308870dfcfffefffcff
WFR t=19103 src=mcu len=16 data=aab121042f000000000000000000d90f
WFR t=19123 src=mcu len=16 data=aab2433f010000000000000000001f30
WFR t=19152 src=bms len=12 data=d5fd8608900dfdfffeffffff
WFR t=19163 src=mcu len=16 data=aab3014a02050030000488001c0073b8
WFR t=19183 src=mcu len=16 data=aab40000770c820c710c40060000c175
WFR t=19202 src=bms len=12 data=d1fd8c08890df9ff0000feff
WFR t=19204 src=mcu len=16 data=aab51c00e84f7918060e7a0aaf00d9ff
WFR t=19243 src=mcu len=16 data=aab6040804080000cb022122f13fb1e9
WFR t=19252 src=bms len=12 data=c8fd9008910df8fffdfffdff
WFR t=19264 src=mcu len=16 data=aa80091a0000000000000000feffab4c
WFR t=19302 src=bms len=12 data=cafd8e08820df9fffefffdff
WFR t=19303 src=mcu len=16 data=aa8121042f00000000000000000098ff
WFR t=19323 src=mcu len=16 data=aa82433f010000000000000000005ec0
WFR t=19343 src=mcu len=16 data=aa83000100011101b70111019f00058c
WFR t=19352 src=bms len=12 data=c9fd8808840df9fffbfffcff
WFR t=19383 src=mcu len=16 data=aa840000090a10560001310051c45a55
WFR t=19402 src=bms len=12 data=c6fd89088e0dfbfffefffdff
WFR t=19404 src=mcu len=16 data=aa8513088003e204080b1000507864d4
WFR t=19444 src=mcu len=16 data=aa868403f4010400a00f8813c003f9eb
WFR t=19452 src=bms len=12 data=ccfd8a08910dfafffefffbff
WFR t=19463 src=mcu len=16 data=aa87091a0000000000000000feffa00b
WFR t=19473 src=bms len=129 data=d2037c0ebe0ebe0ebf0ebe0ebf0ebe0ebf0ebf0ebd0ebe0ebf0ebf0ec30ec30ec30ec20ec40ec40ec50ec40ec40ec50ec50ec50ec30ec40ec40ec40000000000000000003d000000000000000000000000000004217530029c0ec50ebd003d003d0000014e001c0001001c0000000100010ec100080000000000000000000084e2
WFR t=19483 src=mcu len=16 data=aa8821042f0000000000000000008536
WFR t=19502 src=bms len=12 data=cbfd8b08910dfcfffffffdff
WFR t=19523 src=mcu len=16 data=aa89433f01000000000000000000444b
WFR t=19543 src=mcu len=16 data=aa8a480c1c0207284901230020001521
WFR t=19552 src=bms len=12 data=c5fd8908920df8fffdfffcff
WFR t=19583 src=mcu len=16 data=aa8b40005c03474c775419031a0e80f3
WFR t=19602 src=bms len=12 data=c8fd7e08940df7fffdfffcff
WFR t=19603 src=mcu len=16 data=aa8c2225bf0420034006b80b3e02672c
WFR t=19644 src=mcu len=16 data=aa8d800c800000006c07102780008244
WFR t=19652 src=bms len=12 data=d9fd8e087e0df9fffcfffcff
WFR t=19663 src=mcu len=16 data=aa8e091a0000000000000000feffbdc2
WFR t=19684 src=mcu len=16 data=aa8f21042f0000000000000000008e71
WFR t=19702 src=bms len=12 data=ccfd86088d0dfbfffcfffbff
WFR t=19723 src=mcu len=16 data=aa90433f010000000000000000006712
WFR t=19743 src=mcu len=16 data=aa910b000f00465a667332000b9ed1a0
WFR t=19752 src=bms len=12 data=dafd8308930dfafffffffbff
WFR t=19783 src=mcu len=16 data=aa92000000000000000000000000fbba
WFR t=19802 src=bms len=12 data=cdfd7708820dfafffefffdff
WFR t=19804 src=mcu len=16 data=aa93d804480804242c01c003214fe1ad
WFR t=19824 src=mcu len=16 data=aa94f0f465fffffff8080d00412af645
WFR t=19852 src=bms len=12 data=b4fd8808990df9fffefffcff
WFR t=19864 src=mcu len=16 data=aa95091a0000000000000000feff99d9
WFR t=19883 src=mcu len=16 data=aa9621042f000000000000000000ad28
WFR t=19902 src=bms len=12 data=cefd88088f0df6fffffffdff
WFR t=19924 src=mcu len=16 data=aa97433f010000000000000000006c55
WFR t=19943 src=mcu len=16 data=aa9807010200000056117eea00007aa4
WFR t=19952 src=bms len=12 data=c8fd8808930df6fffefffcff
WFR t=19963 src=mcu len=16 data=aa991d00ab04a08c64502748395e1e28
WFR t=20029 src=mcu len=16 data=aa9a646464625f5d5b5955010101d546
WFR t=20029 src=mcu len=16 data=aa9b0101010100000000fbfbecd30e91
WFR t=20074 src=bms len=12 data=d2fd87088a0df9fffefffdff
WFR t=20175 src=bms len=12 data=cefd8808830dfdfffffffdff
WFR t=20175 src=mcu len=16 data=aa9c091a0000000000000000feff8410
WFR t=20186 src=mcu len=16 data=aa9d21042f000000000000000000b7a3
WFR t=20186 src=mcu len=16 data=aa9e433f01000000000000000000719c
WFR t=20186 src=mcu len=16 data=aa9fb5a1b0bfd800000000000000dfe1
WFR t=20187 src=mcu len=16 data=aaa000000000020c000035006a00d1bd
WFR t=20187 src=bms len=12 data=cdfd8b08910df8fffefffcff
WFR t=20189 src=bms len=12 data=cdfd8308890dfdfffffffcff
WFR t=20202 src=bms len=12 data=cbfd89088c0dfbfffefffcff
WFR t=20204 src=mcu len=16 data=aaa188044a5357583036323430360894
WFR t=20223 src=mcu len=16 data=aaa231344e4242463930333500005e71
WFR t=20252 src=bms len=12 data=cafd8f08820df6fffdfffdff
WFR t=20263 src=mcu len=16 data=aaa3091a0000000000000000feffd1ef
WFR t=20283 src=mcu len=16 data=aaa421042f000000000000000000eb9a
WFR t=20302 src=bms len=12 data=defd9a08900df8fffefffbff
WFR t=20303 src=mcu len=16 data=aaa5433f010000000000000000002ae7
WFT t=20321 batt_mv=4190 rssi_mcu=-51 rssi_bms=-60 mcu=726 bms=20 dropped=0
WFR t=20344 src=mcu len=16 data=aaa6000000000000000000000000b4ce
WFR t=20352 src=bms len=12 data=befd8708940df8ff0100fcff
WFR t=20363 src=mcu len=16 data=aaa7000000000000000000000000b64f
WFR t=20402 src=bms len=12 data=b6fd6408820df9fffcfffcff
WFR t=20404 src=mcu len=16 data=aaa801801b000000400052a8194013c9
WFR t=20423 src=mcu len=16 data=aaa9028288135c4488132400ec02f999
WFR t=20443 src=mcu len=16 data=aaaa091a0000000000000000feffcc26
WFR t=20452 src=bms len=12 data=bdfd75089e0dfcfffbfffcff
WFR t=20484 src=mcu len=16 data=aaab21042f000000000000000000ff95
WFR t=20502 src=bms len=12 data=c3fd8c08610dfafffcfffeff
WFR t=20503 src=mcu len=16 data=aaac033f010000000000000000003611
WFR t=20509 src=bms len=129 data=d2037c0ebf0ebe0ebf0ebe0ebe0ebe0ebf0ebf0ebd0ebe0ebf0ebf0ec30ec30ec30ec20ec30ec40ec40ec40ec40ec40ec50ec50ec30ec40ec40ec50000000000000000003d000000000000000000000000000004217530029c0ec50ebd003d003d0000014e001c0001001c0000000100010ec10008000000000000000000003d1c
WFR t=20543 src=mcu len=16 data=aaad0048005f00021000000100801d27
WFR t=20552 src=bms len=12 data=d5fd9e088b0dfbfffffffdff
WFR t=20563 src=mcu len=16 data=aaae55f04b0b18000000803a40005cef
WFR t=20584 src=mcu len=16 data=aaaf08610005460c2f78a00f090076a9
WFR t=20602 src=bms len=12 data=c6fd8d087b0df2fffdfffaff
WFR t=20624 src=mcu len=16 data=aab00519000000000000fffffefff5cc
WFR t=20644 src=mcu len=16 data=aab121042f000000000000000000d90f
WFR t=20652 src=bms len=12 data=b8fd8108820df6fffefffaff
WFR t=20683 src=mcu len=16 data=aab2033f010000000000000000001e0f
WFR t=20702 src=bms len=12 data=b6fd8f089b0df9ff0000fcff
WFR t=20704 src=mcu len=16 data=aab3014a02050030000488001c0073b8
WFR t=20723 src=mcu len=16 data=aab40000770c820c710c40060000c175
WFR t=20752 src=bms len=12 data=abfd65089a0dfaff0000feff
WFR t=20764 src=mcu len=16 data=aab51c00e84f7918060ec80aaf00fe87
WFR t=20783 src=mcu len=16 data=aab6040804080000cb020122f13fba29
WFR t=20802 src=bms len=12 data=c2fd7508a30dfbfffdffffff
WFR t=20824 src=mcu len=16 data=aa8001180000000000000000feff412b
WFR t=20844 src=mcu len=16 data=aa8121042f00000000000000000098ff
WFR t=20852 src=bms len=12 data=b4fd9108900d0000fdffffff
WFR t=20884 src=mcu len=16 data=aa82233f01000000000000000000de40
WFR t=20902 src=bms len=12 data=ccfd9508820dfbfffdfffeff
WFR t=20903 src=mcu len=16 data=aa83000100011101b70111019f00058c
WFR t=20923 src=mcu len=16 data=aa840000090a10560001310051c45a55
WFR t=20952 src=bms len=12 data=dcfdb208920dfffffdfffeff
WFR t=20964 src=mcu len=16 data=aa8513088003e204080b1000507864d4
WFR t=20983 src=mcu len=16 data=aa868403f4010400a00f8813c003f9eb
WFR t=21002 src=bms len=12 data=d0fd9908840df7fffffffaff
WFR t=21024 src=mcu len=16 data=aa8701180000000000000000feff4a6c
WFR t=21044 src=mcu len=16 data=aa8821042f0000000000000000008536
WFR t=21052 src=bms len=12 data=c7fd7c088b0df4fffffffaff
WFR t=21064 src=mcu len=16 data=aa89233f01000000000000000000c4cb
WFR t=21102 src=bms len=12 data=bcfd57089d0dfbfffefffbff
WFR t=21104 src=mcu len=16 data=aa8a480c1c0207284901230020001521
WFR t=21124 src=mcu len=16 data=aa8b40005c03474c775419031a0e80f3
WFR t=21152 src=bms len=12 data=bdfd6d08a20dfcfffcfffeff
WFR t=21164 src=mcu len=16 data=aa8c2225bf0420034006b80b3e02672c
WFR t=21184 src=mcu len=16 data=aa8d800c800000006c07102780008244
WFR t=21202 src=bms len=12 data=c9fd8c08890dfdfffeff0000
WFR t=21204 src=mcu len=16 data=aa8e01180000000000000000feff57a5
WFR t=21244 src=mcu len=16 data=aa8f21042f0000000000000000008e71
WFR t=21252 src=bms len=12 data=cffda2088b0dfffffdfffeff
WFR t=21264 src=mcu len=16 data=aa90233f01000000000000000000e792
WFR t=21302 src=bms len=12 data=dafda7088a0dfefffffffdff
WFR t=21304 src=mcu len=16 data=aa910b000f00465a667332000b9ed1a0
WFR t=21324 src=mcu len=16 data=aa92000000000000000000000000fbba
WFR t=21352 src=bms len=12 data=cefd9508850df8fffffffaff
WFR t=21364 src=mcu len=16 data=aa93d804480804242c01c003214fe1ad
WFR t=21383 src=mcu len=16 data=aa94f0f465fffffff8080d00412af645
WFR t=21402 src=bms len=12 data=c4fd7508a40df7fffffffbff
WFR t=21404 src=mcu len=16 data=aa950118000000000000fffffeff739a
WFR t=21443 src=mcu len=16 data=aa9621042f000000000000000000ad28
WFR t=21452 src=bms len=12 data=c9fd6a08930dfafffefffeff
WFR t=21464 src=mcu len=16 data=aa97233f01000000000000000000ecd5
WFR t=21502 src=bms len=12 data=c9fd8a08900dfcfffdfffeff
WFR t=21504 src=mcu len=16 data=aa9807010200000056117eea00007aa4
WFR t=21513 src=bms len=129 data=d2037c0ebe0ebe0ebf0ebe0ebe0ebe0ebf0ebf0ebd0ebe0ebf0ebf0ec30ec30ec30ec20ec30ec40ec50ec40ec40ec50ec50ec50ec30ec40ec40ec40000000000000000003d000000000000000000000000000004217530029c0ec50ebd003d003d0000014e001c0001001c0000000100010ec10008000000000000000000004c5b
WFR t=21523 src=mcu len=16 data=aa991d00ab04a08c64502748395e1e28
WFR t=21544 src=mcu len=16 data=aa9a646464625f5d5b5955010101d546
WFR t=21552 src=bms len=12 data=d4fd92087e0dfdffffffffff
WFR t=21584 src=mcu len=16 data=aa9b0101010100000000fbfbecd30e91
WFR t=21602 src=bms len=12 data=d7fd9d08870dfcfffefffdff
WFR t=21604 src=mcu len=16 data=aa9c01180000000000000000feff6e77
WFR t=21644 src=mcu len=16 data=aa9d21042f000000000000000000b7a3
WFR t=21652 src=bms len=12 data=d6fda1088d0df9fffffffaff
WFR t=21664 src=mcu len=16 data=aa9e233f01000000000000000000f11c
WFR t=21684 src=mcu len=16 data=aa9fb5a1b0bfd800000000000000dfe1
WFR t=21702 src=bms len=12 data=bdfd79088b0df9fffffffbff
WFR t=21724 src=mcu len=16 data=aaa000000000020c000035006a00d1bd
WFR t=21744 src=mcu len=16 data=aaa188044a5357583036323430360894
WFR t=21752 src=bms len=12 data=befd7c088a0df3fffffffcff
WFR t=21784 src=mcu len=16 data=aaa231344e4242463930333500005e71
WFR t=21802 src=bms len=12 data=b9fd7508940dfeff0000feff
WFR t=21804 src=mcu len=16 data=aaa30118000000000000fffffeff3bac
WFR t=21824 src=mcu len=16 data=aaa421042f000000000000000000eb9a
WFR t=21852 src=bms len=12 data=c8fd82088d0dfcfffcfffeff
WFR t=21864 src=mcu len=16 data=aaa5233f01000000000000000000aa67
WFR t=21884 src=mcu len=16 data=aaa6000000000000000000000000b4ce
WFR t=21902 src=bms len=12 data=d3fd9108930df9fffdfffdff
WFR t=21924 src=mcu len=16 data=aaa7000000000000000000000000b64f
WFR t=21944 src=mcu len=16 data=aaa801801b000000400052a8194013c9
WFR t=21952 src=bms len=12 data=ccfd9c088e0dfbfffdfffdff
WFR t=21984 src=mcu len=16 data=aaa9028288135c4488132400ec02f999
WFR t=22002 src=bms len=12 data=ccfd9a08860df8fffffffaff
WFR t=22004 src=mcu len=16 data=aaaa0118000000000000fffffeff2665
WFR t=22039 src=mcu len=16 data=aaab21042f000000000000000000ff95
WFR t=22104 src=bms len=12 data=c3fd6d08940dfbfffffffcff
WFR t=22104 src=mcu len=16 data=aaac233f01000000000000000000b7ae
WFR t=22104 src=mcu len=16 data=aaad0048005f00021000000100801d27
WFR t=22106 src=bms len=12 data=bcfd7408940dfbfffefffdff
WFR t=22124 src=mcu len=16 data=aaae55f04b0b18000000803a40005cef
WFR t=22144 src=mcu len=16 data=aaaf08610005460c2f78a00f090076a9
WFR t=22152 src=bms len=12 data=cffd7e08930dfcff0000feff
WFR t=22164 src=mcu len=16 data=aab00118000000000000fffffeff00ff
WFR t=22205 src=mcu len=16 data=aab121042f000000000000000000d90f
WFR t=22209 src=bms len=12 data=e2fd8908920df9fffdfffeff
WFR t=22224 src=mcu len=16 data=aab2033f010000000000000000001e0f
WFR t=22294 src=bms len=12 data=d7fd9b088f0df9fffffffdff
WFR t=22302 src=bms len=12 data=d4fdac088f0df8fffefffbff
WFR t=22304 src=mcu len=16 data=aab3014a02050030000488001c0073b8
WFR t=22304 src=mcu len=16 data=aab40000770c820c710c40060000c175
WFR t=22304 src=mcu len=16 data=aab51c00e84f7918060ea60aaf00e26f
WFR t=22344 src=mcu len=16 data=aab6040804080000cb021122f13fbee9
WFR t=22352 src=bms len=12 data=d1fd98088e0df9fffefffbff
WFR t=22364 src=mcu len=16 data=aa8005190000000000000000feffb418
WFR t=22402 src=bms len=12 data=cefd7708990df5ff0200faff
WFR t=22404 src=mcu len=16 data=aa8121042f00000000000000000098ff
WFR t=22424 src=mcu len=16 data=aa82433f010000000000000000005ec0
WFR t=22444 src=mcu len=16 data=aa83000100011101b70111019f00058c
WFR t=22452 src=bms len=12 data=c0fd68086a0df8fffefffcff
WFR t=22484 src=mcu len=16 data=aa840000090a10560001310051c45a55
WFR t=22502 src=bms len=12 data=c2fd8d08840dfbfffeffffff
WFR t=22504 src=mcu len=16 data=aa8513088003e204080b1000507864d4
WFR t=22519 src=bms len=129 data=d2037c0ebe0ebe0ebf0ebe0ebe0ebe0ebf0ebf0ebd0ebe0ebf0ebf0ec30ec30ec30ec20ec30ec40ec50ec40ec40ec40ec50ec50ec30ec40ec40ec40000000000000000003d000000000000000000000000000004217530029c0ec50ebd003d003d0000014e001c0001001c0000000100010ec100080000000000000000000009b3
WFR t=22544 src=mcu len=16 data=aa868403f4010400a00f8813c003f9eb
WFR t=22552 src=bms len=12 data=cbfd83088e0dfffffdff0000
WFR t=22564 src=mcu len=16 data=aa87091a000000000000fffffeffa02f
WFR t=22602 src=bms len=12 data=bcfd8e08870dfcff02000000
WFR t=22604 src=mcu len=16 data=aa8821042f0000000000000000008536
WFR t=22624 src=mcu len=16 data=aa89433f01000000000000000000444b
WFR t=22644 src=mcu len=16 data=aa8a480c1c0207284901230020001521
WFR t=22652 src=bms len=12 data=dbfda6088f0df8fffffffbff
WFR t=22684 src=mcu len=16 data=aa8b40005c03474c775419031a0e80f3
WFR t=22702 src=bms len=12 data=cffd8608790df5fffffffbff
WFR t=22704 src=mcu len=16 data=aa8c2225bf0420034006b80b3e02672c
WFR t=22744 src=mcu len=16 data=aa8d800c800000006c07102780008244
WFR t=22752 src=bms len=12 data=bafd7a088e0df5ff0000fcff
WFR t=22764 src=mcu len=16 data=aa8e091a0000000000000000feffbdc2
WFR t=22784 src=mcu len=16 data=aa8f21042f0000000000000000008e71
WFR t=22802 src=bms len=12 data=c3fd6f08990df6fffdfffcff
WFR t=22824 src=mcu len=16 data=aa90433f010000000000000000006712
WFR t=22844 src=mcu len=16 data=aa910b000f00465a667332000b9ed1a0
WFR t=22852 src=bms len=12 data=bcfd8808890dfaff0000ffff
WFR t=22884 src=mcu len=16 data=aa92000000000000000000000000fbba
WFR t=22902 src=bms len=12 data=c3fd90088a0dfffffdfffeff
WFR t=22904 src=mcu len=16 data=aa93d804480804242c01c003214fe1ad
WFR t=22924 src=mcu len=16 data=aa94f0f465fffffff8080d00412af645
WFR t=22952 src=bms len=12 data=c5fd8b08800dfcfffffffdff
WFR t=22964 src=mcu len=16 data=aa95091a0000000000000000feff99d9
WFR t=22984 src=mcu len=16 data=aa9621042f000000000000000000ad28
WFR t=23002 src=bms len=12 data=cefd9d08950df9fffdfffeff
WFR t=23024 src=mcu len=16 data=aa97433f010000000000000000006c55
WFR t=23044 src=mcu len=16 data=aa9807010200000056117eea00007aa4
WFR t=23052 src=bms len=12 data=cefd98088a0dfafffefffdff
WFR t=23084 src=mcu len=16 data=aa991d00ab04a08c64502748395e1e28
WFR t=23102 src=bms len=12 data=cafd79088a0df9fffffffdff
WFR t=23104 src=mcu len=16 data=aa9a646464625f5d5b5955010101d546
WFR t=23124 src=mcu len=16 data=aa9b0101010100000000fbfbecd30e91
WFR t=23152 src=bms len=12 data=d1fd7e089d0dfbfffffffdff
WFR t=23164 src=mcu len=16 data=aa9c091a0000000000000000feff8410
WFR t=23184 src=mcu len=16 data=aa9d21042f000000000000000000b7a3
WFR t=23202 src=bms len=12 data=c5fd8d08870df9fffefffcff
WFR t=23224 src=mcu len=16 data=aa9e433f01000000000000000000719c
WFR t=23244 src=mcu len=16 data=aa9fb5a1b0bfd800000000000000dfe1
WFR t=23252 src=bms len=12 data=c4fd87088c0d0100fefffeff
WFR t=23264 src=mcu len=16 data=aaa000000000020c000035006a00d1bd
WFR t=23302 src=bms len=12 data=cefda608890dfbfffefffcff
WFR t=23304 src=mcu len=16 data=aaa188044a5357583036323430360894
WFR t=23324 src=mcu len=16 data=aaa231344e4242463930333500005e71
WFR t=23352 src=bms len=12 data=c2fd92088e0df8fffefffcff
WFR t=23364 src=mcu len=16 data=aaa3091a0000000000000000feffd1ef
WFR t=23384 src=mcu len=16 data=aaa421042f000000000000000000eb9a
WFR t=23402 src=bms len=12 data=cdfd7e08960df8fffefffcff
WFR t=23404 src=mcu len=16 data=aaa5433f010000000000000000002ae7
WFR t=23444 src=mcu len=16 data=aaa6000000000000000000000000b4ce
WFR t=23452 src=bms len=12 data=c0fd7e088d0d0000fefffcff
WFR t=23464 src=mcu len=16 data=aaa7000000000000000000000000b64f
WFR t=23502 src=bms len=12 data=c2fd8608850df9fffefffbff
WFR t=23504 src=mcu len=16 data=aaa801801b000000400052a8194013c9
WFR t=23524 src=mcu len=16 data=aaa9028288135c4488132400ec02f999
WFR t=23544 src=mcu len=16 data=aaaa091a0000000000000000feffcc26
WFR t=23552 src=bms len=12 data=c7fd91088b0dfafffefffeff
WFR t=23569 src=bms len=129 data=d2037c0ebf0ebe0ebf0ebe0ebe0ebe0ebf0ebf0ebd0ebe0ebe0ebf0ec30ec30ec30ec20ec40ec40ec50ec40ec40ec50ec50ec50ec30ec40ec40ec40000000000000000003d000000000000000000000000000004217530029c0ec50ebd003d003d0000014e001c0001001c0000000100010ec10008000000000000000000008449
WFR t=23584 src=mcu len=16 data=aaab21042f000000000000000000ff95
WFR t=23602 src=bms len=12 data=c7fd8608880dfdfffefffcff
WFR t=23604 src=mcu len=16 data=aaac433f01000000000000000000372e
WFR t=23644 src=mcu len=16 data=aaad0048005f00021000000100801d27
WFR t=23652 src=bms len=12 data=b8fd8508890df6fffdfffcff
WFR t=23664 src=mcu len=16 data=aaae55f04b0b18000000803a40005cef
WFR t=23702 src=bms len=12 data=c5fd8a08990dfafffdfffcff
WFR t=23704 src=mcu len=16 data=aaaf08610005460c2f78a00f090076a9
WFR t=23724 src=mcu len=16 data=aab0091a0000000000000000feffeabc
WFR t=23744 src=mcu len=16 data=aab121042f000000000000000000d90f
WFR t=23752 src=bms len=12 data=c6fd82088d0df5fffffffcff
WFR t=23784 src=mcu len=16 data=aab2433f010000000000000000001f30
WFR t=23802 src=bms len=12 data=c4fd8d088a0df9fffcfffdff
WFR t=23804 src=mcu len=16 data=aab3014a02050030000488001c0073b8
WFR t=23844 src=mcu len=16 data=aab40000770c820c710c40060000c175
WFR t=23852 src=bms len=12 data=c5fd7e08950df8fffffffcff
WFR t=23864 src=mcu len=16 data=aab51c00e84f7918060ee10aaf00f6db
WFR t=23884 src=mcu len=16 data=aab6040804080000cb022122f13fb1e9
WFR t=23902 src=bms len=12 data=c9fd80088e0dfafffefffcff
WFR t=23924 src=mcu len=16 data=aa80091a0000000000000000feffab4c
WFR t=23944 src=mcu len=16 data=aa8121042f00000000000000000098ff
WFR t=23952 src=bms len=12 data=cafd88088a0dfdff0000fdff
WFR t=23984 src=mcu len=16 data=aa82433f010000000000000000005ec0
WFR t=24002 src=bms len=12 data=befd8b08970dfafffefffdff
WFR t=24004 src=mcu len=16 data=aa83000100011101b70111019f00058c
WFR t=24139 src=mcu len=16 data=aa840000090a10560001310051c45a55
WFR t=24139 src=bms len=12 data=cdfd9008920dfdfffffffdff
WFR t=24139 src=mcu len=16 data=aa8513088003e204080b1000507864d4
WFR t=24139 src=mcu len=16 data=aa868403f4010400a00f8813c003f9eb
WFR t=24193 src=mcu len=16 data=aa87091a000000000000fffffeffa02f
WFR t=24193 src=mcu len=16 data=aa8821042f0000000000000000008536
WFR t=24193 src=mcu len=16 data=aa89033f010000000000000000004574
WFR t=24204 src=bms len=12 data=bcfd8a088e0df8fffffffcff
WFR t=24204 src=mcu len=16 data=aa8a480c1c0207284901230020001521
WFR t=24206 src=bms len=12 data=c0fd8808820dfafffefffdff
WFR t=24208 src=bms len=12 data=c0fd8808820dfafffefffdff
WFR t=24224 src=mcu len=16 data=aa8b40005c03474c775419031a0e80f3
WFR t=24252 src=bms len=12 data=cbfd9408900df8ff0000fcff
WFR t=24264 src=mcu len=16 data=aa8c2225bf0420034006b80b3e02672c
WFR t=24284 src=mcu len=16 data=aa8d800c800000006c07102780008244
WFR t=24302 src=bms len=12 data=c0fd8408960d01000000fdff
WFR t=24324 src=mcu len=16 data=aa8e0519000000000000fffffeffa2b2
WFR t=24344 src=mcu len=16 data=aa8f21042f0000000000000000008e71
WFR t=24352 src=bms len=12 data=cdfd8108890dfbfffffffdff
WFR t=24364 src=mcu len=16 data=aa90033f01000000000000000000662d
WFR t=24402 src=bms len=12 data=bffd8a088e0dfcfffefffdff
WFR t=24404 src=mcu len=16 data=aa910b000f00465a667332000b9ed1a0
WFR t=24424 src=mcu len=16 data=aa92000000000000000000000000fbba
WFR t=24452 src=bms len=12 data=c6fd86088a0df7fffffffdff
WFR t=24464 src=mcu len=16 data=aa93d804480804242c01c003214fe1ad
WFR t=24484 src=mcu len=16 data=aa94f0f465fffffff8080d00412af645
WFR t=24502 src=bms len=12 data=d7fda808850dfbfffefffdff
WFR t=24504 src=mcu len=16 data=aa950519000000000000fffffeff86a9
WFR t=24544 src=mcu len=16 data=aa9621042f000000000000000000ad28
WFR t=24552 src=bms len=12 data=d1fd8b088c0df8fffffffcff
WFR t=24559 src=bms len=129 data=d2037c0ebf0ebe0ebf0ebe0ebf0ebe0ebf0ebf0ebd0ebe0ebf0ebf0ec30ec30ec30ec20ec30ec40ec40ec40ec40ec40ec50ec50ec30ec50ec40ec50000000000000000003d000000000000000000000000000004217530029c0ec50ebd003d003d0000014e001c0001001c0000000100010ec100080000000000000000000095b7
WFR t=24564 src=mcu len=16 data=aa97233f01000000000000000000ecd5
WFR t=24602 src=bms len=12 data=d5fd9308850df7fffdfffcff
WFR t=24604 src=mcu len=16 data=aa9807010200000056117eea00007aa4
WFR t=24624 src=mcu len=16 data=aa991d00ab04a08c64502748395e1e28
WFR t=24644 src=mcu len=16 data=aa9a646464625f5d5b5955010101d546
WFR t=24652 src=bms len=12 data=b5fd7a08970dfaff0000fdff
WFR t=24684 src=mcu len=16 data=aa9b0101010100000000fbfbecd30e91
WFR t=24702 src=bms len=12 data=befd8d088a0dfcfffdfffeff
WFR t=24704 src=mcu len=16 data=aa9c01180000000000000000feff6e77
WFR t=24744 src=mcu len=16 data=aa9d21042f000000000000000000b7a3
WFR t=24752 src=bms len=12 data=d3fd8508850dfcfffefffdff
WFR t=24764 src=mcu len=16 data=aa9e233f01000000000000000000f11c
WFR t=24802 src=bms len=12 data=cbfd93088b0dfafffefffcff
WFR t=24804 src=mcu len=16 data=aa9fb5a1b0bfd800000000000000dfe1
WFR t=24824 src=mcu len=16 data=aaa000000000020c000035006a00d1bd
WFR t=24844 src=mcu len=16 data=aaa188044a5357583036323430360894
WFR t=24852 src=bms len=12 data=c3fd8308830dfbfffffffbff
WFR t=24884 src=mcu len=16 data=aaa231344e4242463930333500005e71
WFR t=24902 src=bms len=12 data=cbfd7a08940df6ff0000fcff
WFR t=24904 src=mcu len=16 data=aaa301180000000000000000feff3b88
WFR t=24944 src=mcu len=16 data=aaa421042f000000000000000000eb9a
WFR t=24952 src=bms len=12 data=d3fd84089c0df6fffdfffbff
WFR t=24964 src=mcu len=16 data=aaa5233f01000000000000000000aa67
WFR t=24984 src=mcu len=16 data=aaa6000000000000000000000000b4ce
WFR t=25002 src=bms len=12 data=c2fd6f08860dfcfffefffeff
WFR t=25024 src=mcu len=16 data=aaa7000000000000000000000000b64f
WFR t=25044 src=mcu len=16 data=aaa801801b000000400052a8194013c9
WFR t=25052 src=bms len=12 data=c5fd8708880dfbfffdfffdff
WFR t=25084 src=mcu len=16 data=aaa9028288135c4488132400ec02f999
WFR t=25102 src=bms len=12 data=c2fd82088a0df9fffdfffdff
WFR t=25104 src=mcu len=16 data=aaaa01180000000000000000feff2641
WFR t=25124 src=mcu len=16 data=aaab21042f000000000000000000ff95
WFR t=25152 src=bms len=12 data=d5fd9608890df9ff0000fdff
WFR t=25164 src=mcu len=16 data=aaac233f01000000000000000000b7ae
WFR t=25184 src=mcu len=16 data=aaad0048005f00021000000100801d27
WFR t=25202 src=bms len=12 data=cbfd9008900dfbfffefffcff
WFR t=25224 src=mcu len=16 data=aaae55f04b0b18000000803a40005cef
WFR t=25244 src=mcu len=16 data=aaaf08610005460c2f78a00f090076a9
WFR t=25252 src=bms len=12 data=cbfd84088b0df8fffefffcff
WFR t=25264 src=mcu len=16 data=aab001180000000000000000feff00db
WFR t=25302 src=bms len=12 data=cafd88088d0dfcfffefffeff
WFR t=25304 src=mcu len=16 data=aab121042f000000000000000000d90f
WFR t=25324 src=mcu len=16 data=aab2233f010000000000000000009fb0
WFT t=25346 batt_mv=4196 rssi_mcu=-53 rssi_bms=-60 mcu=904 bms=25 dropped=0
WFR t=25352 src=bms len=12 data=d3fd86088b0df8fffefffeff
WFR t=25364 src=mcu len=16 data=aab3014a02050030000488001c0073b8
WFR t=25384 src=mcu len=16 data=aab40000770c820c710c40060000c175
WFR t=25402 src=bms len=12 data=ccfd8c088c0dfcfffffffcff
WFR t=25424 src=mcu len=16 data=aab51c00e84f7918060ee10aaf00f6db
WFR t=25444 src=mcu len=16 data=aab6040804080000cb020122f13fba29
WFR t=25452 src=bms len=12 data=c6fd80088e0dfcfffefffdff
WFR t=25464 src=mcu len=16 data=aa8001180000000000000000feff412b
WFR t=25517 src=mcu len=16 data=aa8121042f00000000000000000098ff
WFR t=25518 src=bms len=12 data=bbfd8808920df7fffdfffcff
WFR t=25524 src=mcu len=16 data=aa82233f01000000000000000000de40
WFR t=25552 src=bms len=12 data=cdfd7e088d0df8fffdfffbff
WFR t=25564 src=mcu len=16 data=aa83000100011101b70111019f00058c
WFR t=25579 src=bms len=129 data=d2037c0ebe0ebe0ebf0ebe0ebe0ebe0ebf0ebf0ebd0ebe0ebf0ebf0ec30ec30ec30ec20ec30ec40ec50ec40ec40ec50ec50ec50ec30ec50ec40ec50000000000000000003d000000000000000000000000000004217530029c0ec50ebd003d003d0000014e001c0001001c0000000100010ec1000800000000000000000000105b
WFR t=25584 src=mcu len=16 data=aa840000090a10560001310051c45a55
WFR t=25602 src=bms len=12 data=d3fd9a088e0dfefffffffdff
WFR t=25604 src=mcu len=16 data=aa8513088003e204080b1000507864d4
WFR t=25644 src=mcu len=16 data=aa868403f4010400a00f8813c003f9eb
WFR t=25652 src=bms len=12 data=c7fd8808820dfbff0000fcff
WFR t=25664 src=mcu len=16 data=aa8701180000000000000000feff4a6c
WFR t=25702 src=bms len=12 data=c9fd9008900df8ff0100feff
WFR t=25704 src=mcu len=16 data=aa8821042f0000000000000000008536
WFR t=25724 src=mcu len=16 data=aa89233f01000000000000000000c4cb
WFR t=25744 src=mcu len=16 data=aa8a480c1c0207284901230020001521
WFR t=25752 src=bms len=12 data=b6fd6108860df9ff0200fdff
WFR t=25784 src=mcu len=16 data=aa8b40005c03474c775419031a0e80f3
WFR t=25802 src=bms len=12 data=bbfd8508900dfafffefffdff
WFR t=25804 src=mcu len=16 data=aa8c2225bf0420034006b80b3e02672c
WFR t=25844 src=mcu len=16 data=aa8d800c800000006c07102780008244
WFR t=25852 src=bms len=12 data=b7fd6908760dfcfffffffdff
WFR t=25864 src=mcu len=16 data=aa8e05190000000000000000ffffa306
WFR t=25902 src=bms len=12 data=c6fd8a08900dfbfffdfffdff
WFR t=25904 src=mcu len=16 data=aa8f21042f0000000000000000008e71
WFR t=25924 src=mcu len=16 data=aa90033f01000000000000000000662d
WFR t=25944 src=mcu len=16 data=aa910b000f00465a667332000b9ed1a0
WFR t=25952 src=bms len=12 data=c9fd9f08810dfbfffdfffeff
WFR t=25984 src=mcu len=16 data=aa92000000000000000000000000fbba
WFR t=26002 src=bms len=12 data=c0fd9608870dfbfffffffcff
WFR t=26004 src=mcu len=16 data=aa93d804480804242c01c003214fe1ad
WFR t=26044 src=mcu len=16 data=aa94f0f465fffffff8080d00412af645
WFR t=26052 src=bms len=12 data=c3fd8908860dfbff0000fbff
WFR t=26064 src=mcu len=16 data=aa9505190000000000000000feff868d
WFR t=26084 src=mcu len=16 data=aa9621042f000000000000000000ad28
WFR t=26141 src=bms len=12 data=bafd5d088e0df8ff0000fbff
WFR t=26221 src=mcu len=16 data=aa97033f010000000000000000006d6a
WFR t=26222 src=mcu len=16 data=aa9807010200000056117eea00007aa4
WFR t=26222 src=mcu len=16 data=aa991d00ab04a08c64502748395e1e28
WFR t=26222 src=mcu len=16 data=aa9a646464625f5d5b5955010101d546
WFR t=26277 src=bms len=12 data=d0fd9008950df7fffefffeff
WFR t=26277 src=mcu len=16 data=aa9b0101010100000000fbfbecd30e91
WFR t=26288 src=mcu len=16 data=aa9c091a0000000000000000feff8410
WFR t=26288 src=mcu len=16 data=aa9d21042f000000000000000000b7a3
WFR t=26289 src=bms len=12 data=bdfd86088c0dfafffefffdff
WFR t=26291 src=bms len=12 data=c1fd7e088b0dfaff0000fdff
WFR t=26302 src=bms len=12 data=c1fd7e087e0dfafffefffeff
WFR t=26324 src=mcu len=16 data=aa9e433f01000000000000000000719c
WFR t=26344 src=mcu len=16 data=aa9fb5a1b0bfd800000000000000dfe1
WFR t=26352 src=bms len=12 data=c6fd9608820dfefffffffcff
WFR t=26364 src=mcu len=16 data=aaa000000000020c000035006a00d1bd
WFR t=26402 src=bms len=12 data=cdfd7a088e0df9fffffffdff
WFR t=26404 src=mcu len=16 data=aaa188044a5357583036323430360894
WFR t=26424 src=mcu len=16 data=aaa231344e4242463930333500005e71
WFR t=26452 src=bms len=12 data=c6fd8608920dfbfffffffdff
WFR t=26464 src=mcu len=16 data=aaa3091a0000000000000000feffd1ef
WFR t=26484 src=mcu len=16 data=aaa421042f000000000000000000eb9a
WFR t=26502 src=bms len=12 data=c8fd9208840df8fffefffcff
WFR t=26524 src=mcu len=16 data=aaa5433f010000000000000000002ae7
WFR t=26544 src=mcu len=16 data=aaa6000000000000000000000000b4ce
WFR t=26552 src=bms len=12 data=c9fd83088a0dfcfffdfffcff
WFR t=26564 src=mcu len=16 data=aaa7000000000000000000000000b64f
WFR t=26569 src=bms len=129 data=d2037c0ebe0ebe0ebe0ebe0ebe0ebe0ebf0ebf0ebd0ebe0ebf0ebf0ec30ec30ec30ec20ec30ec40ec50ec40ec40ec50ec50ec50ec30ec40ec40ec50000000000000000003d000000000000000000000000000004217530029c0ec50ebd003d003d0000014e001c0001001c0000000100010ec1000800000000000000000000538b
WFR t=26602 src=bms len=12 data=d6fd8c088a0dfcff0100fcff
WFR t=26604 src=mcu len=16 data=aaa801801b000000400052a8194013c9
WFR t=26624 src=mcu len=16 data=aaa9028288135c4488132400ec02f999
WFR t=26652 src=bms len=12 data=c4fd7e08880df7fffefffdff
WFR t=26664 src=mcu len=16 data=aaaa091a0000000000000000feffcc26
WFR t=26684 src=mcu len=16 data=aaab21042f000000000000000000ff95
WFR t=26702 src=bms len=12 data=c7fd7708870dfbfffffffdff
WFR t=26704 src=mcu len=16 data=aaac433f01000000000000000000372e
WFR t=26744 src=mcu len=16 data=aaad0048005f00021000000100801d27
WFR t=26752 src=bms len=12 data=c4fd7e087b0d0000fffffeff
WFR t=26764 src=mcu len=16 data=aaae55f04b0b18000000803a40005cef
WFR t=26802 src=bms len=12 data=c0fd96087c0dfcfffefffdff
WFR t=26804 src=mcu len=16 data=aaaf08610005460c2f78a00f090076a9
WFR t=26824 src=mcu len=16 data=aab0091a0000000000000000feffeabc
WFR t=26844 src=mcu len=16 data=aab121042f000000000000000000d90f
WFR t=26852 src=bms len=12 data=c5fd8b08840df5fffdfffcff
WFR t=26884 src=mcu len=16 data=aab2433f010000000000000000001f30
WFR t=26902 src=bms len=12 data=c9fd8f088a0dfdfffffffcff
WFR t=26904 src=mcu len=16 data=aab3014a02050030000488001c0073b8
WFR t=26944 src=mcu len=16 data=aab40000770c820c710c40060000c175
WFR t=26952 src=bms len=12 data=d2fd8608910dfdfffefffbff
WFR t=26984 src=mcu len=16 data=aab51c00e84f7918060ecc0aaf00ffb7
WFR t=26984 src=mcu len=16 data=aab6040804080000cb022122f13fb1e9
WFR t=27002 src=bms len=12 data=befd8008830dfafffffffeff
WFR t=27024 src=mcu len=16 data=aa80091a0000000000000000feffab4c
WFR t=27044 src=mcu len=16 data=aa8121042f00000000000000000098ff
WFR t=27052 src=bms len=12 data=c8fd7d088d0df8fffefffcff
WFR t=27084 src=mcu len=16 data=aa82433f010000000000000000005ec0
WFR t=27102 src=bms len=12 data=c9fd87088b0d0000fefffcff
WFR t=27104 src=mcu len=16 data=aa83000100011101b70111019f00058c
WFR t=27144 src=mcu len=16 data=aa840000090a10560001310051c45a55
WFR t=27152 src=bms len=12 data=c9fd9008800df6fffffffdff
WFR t=27164 src=mcu len=16 data=aa8513088003e204080b1000507864d4
WFR t=27184 src=mcu len=16 data=aa868403f4010400a00f8813c003f9eb
WFR t=27202 src=bms len=12 data=cbfd8b087e0df4fffdfffcff
WFR t=27224 src=mcu len=16 data=aa87091a0000000000000000feffa00b
WFR t=27244 src=mcu len=16 data=aa8821042f0000000000000000008536
WFR t=27252 src=bms len=12 data=c3fd8908820dfafffefffbff
WFR t=27284 src=mcu len=16 data=aa89433f01000000000000000000444b
WFR t=27302 src=bms len=12 data=c6fd7e08880df7fffefffcff
WFR t=27304 src=mcu len=16 data=aa8a480c1c0207284901230020001521
WFR t=27324 src=mcu len=16 data=aa8b40005c03474c775419031a0e80f3
WFR t=27352 src=bms len=12 data=c6fd76089b0dfbfffffffcff
WFR t=27364 src=mcu len=16 data=aa8c2225bf0420034006b80b3e02672c
WFR t=27384 src=mcu len=16 data=aa8d800c800000006c07102780008244
WFR t=27402 src=bms len=12 data=c3fd8608850df8fffefffdff
WFR t=27424 src=mcu len=16 data=aa8e091a0000000000000000feffbdc2
WFR t=27444 src=mcu len=16 data=aa8f21042f0000000000000000008e71
WFR t=27452 src=bms len=12 data=c1fd8108840dfffffefffdff
WFR t=27464 src=mcu len=16 data=aa90433f010000000000000000006712
WFR t=27502 src=bms len=12 data=d6fd99088b0df8fffefffdff
WFR t=27504 src=mcu len=16 data=aa910b000f00465a667332000b9ed1a0
WFR t=27524 src=mcu len=16 data=aa92000000000000000000000000fbba
WFR t=27552 src=bms len=12 data=cefd8a08890df6fffdfffdff
WFR t=27564 src=mcu len=16 data=aa93d804480804242c01c003214fe1ad
WFR t=27584 src=mcu len=16 data=aa94f0f465fffffff8080d00412af645
WFR t=27602 src=bms len=12 data=cafd8208850df9fffffffcff
WFR t=27624 src=mcu len=16 data=aa95091a0000000000000000feff99d9
WFR t=27644 src=mcu len=16 data=aa9621042f000000000000000000ad28
WFR t=27652 src=bms len=12 data=c6fd7308990df9fffefffdff
WFR t=27664 src=mcu len=16 data=aa97433f010000000000000000006c55
WFR t=27702 src=bms len=12 data=bcfd7b08860dfefffffffcff
WFR t=27704 src=mcu len=16 data=aa9807010200000056117eea00007aa4
WFR t=27724 src=mcu len=16 data=aa991d00ab04a08c64502748395e1e28
WFR t=27752 src=bms len=12 data=c5fd79088d0dfafffdfffcff
WFR t=27764 src=mcu len=16 data=aa9a646464625f5d5b5955010101d546
WFR t=27784 src=mcu len=16 data=aa9b0101010100000000fbfbecd30e91
WFR t=27802 src=bms len=12 data=d6fd8608910dfefffdfffdff
WFR t=27804 src=mcu len=16 data=aa9c091a0000000000000000feff8410
WFR t=27844 src=mcu len=16 data=aa9d21042f000000000000000000b7a3
WFR t=27852 src=bms len=12 data=d1fd8f08810df9fffffffdff
WFR t=27864 src=mcu len=16 data=aa9e433f01000000000000000000719c
WFR t=27902 src=bms len=12 data=c1fd8c089f0dfcfffffffcff
WFR t=27904 src=mcu len=16 data=aa9fb5a1b0bfd800000000000000dfe1
WFR t=27924 src=mcu len=16 data=aaa000000000020c000035006a00d1bd
WFR t=27944 src=mcu len=16 data=aaa188044a5357583036323430360894
WFR t=27952 src=bms len=12 data=c9fd7e088a0df4fffdfffcff
WFR t=27984 src=mcu len=16 data=aaa231344e4242463930333500005e71
WFR t=28002 src=bms len=12 data=c8fd88087c0dfefffffffdff
WFR t=28004 src=mcu len=16 data=aaa3091a000000000000fffffeffd1cb
WFR t=28044 src=mcu len=16 data=aaa421042f000000000000000000eb9a
WFR t=28052 src=bms len=12 data=cbfd8208820df9fffefffdff
WFR t=28064 src=mcu len=16 data=aaa5433f010000000000000000002ae7
WFR t=28084 src=mcu len=16 data=aaa6000000000000000000000000b4ce
WFR t=28102 src=bms len=12 data=c6fd8a088a0dfcfffffffdff
WFR t=28141 src=mcu len=16 data=aaa7000000000000000000000000b64f
WFR t=28195 src=mcu len=16 data=aaa801801b000000400052a8194013c9
WFR t=28195 src=mcu len=16 data=aaa9028288135c4488132400ec02f999
WFR t=28207 src=bms len=12 data=cdfd92088c0dfcfffffffdff
WFR t=28207 src=mcu len=16 data=aaaa091a0000000000000000feffcc26
WFR t=28208 src=bms len=12 data=c3fd7e08940df7fffefffdff
WFR t=28244 src=mcu len=16 data=aaab21042f000000000000000000ff95
WFR t=28252 src=bms len=12 data=c1fd8708810df6fffffffcff
WFR t=28264 src=mcu len=16 data=aaac433f01000000000000000000372e
WFR t=28284 src=mcu len=16 data=aaad0048005f00021000000100801d27
WFR t=28302 src=bms len=12 data=bdfd8508870df9ff0000fdff
WFR t=28324 src=mcu len=16 data=aaae55f04b0b18000000803a40005cef
WFR t=28344 src=mcu len=16 data=aaaf08610005460c2f78a00f090076a9
WFR t=28352 src=bms len=12 data=c8fd7908940df7fffdfffdff
WFR t=28384 src=mcu len=16 data=aab0091a0000000000000000feffeabc
WFR t=28402 src=bms len=12 data=c5fd8408880df9fffefffcff
WFR t=28404 src=mcu len=16 data=aab121042f000000000000000000d90f
WFR t=28424 src=mcu len=16 data=aab2433f010000000000000000001f30
WFR t=28452 src=bms len=12 data=c3fd9408830dfcff0000fdff
WFR t=28464 src=mcu len=16 data=aab3014a02050030000488001c0073b8
WFR t=28484 src=mcu len=16 data=aab40000770c820c710c40060000c175
WFR t=28502 src=bms len=12 data=d0fd8c08930dfaff0000fdff
WFR t=28524 src=mcu len=16 data=aab51c00e84f7918060eb00aaf00e627
WFR t=28544 src=mcu len=16 data=aab6040804080000cb022122f13fb1e9
WFR t=28552 src=bms len=12 data=c0fd84088b0dfdfffdfffcff
WFR t=28564 src=mcu len=16 data=aa80091a000000000000fffffeffab68
WFR t=28602 src=bms len=12 data=dafd8008920df9fffdfffbff
WFR t=28604 src=mcu len=16 data=aa8121042f00000000000000000098ff
WFR t=28624 src=mcu len=16 data=aa82433f010000000000000000005ec0
WFR t=28652 src=bms len=12 data=cbfd7a08910dfafffffffeff
WFR t=28664 src=mcu len=16 data=aa83000100011101b70111019f00058c
WFR t=28684 src=mcu len=16 data=aa840000090a10560001310051c45a55
WFR t=28702 src=bms len=12 data=cffd8008910dfcfffefffcff
WFR t=28724 src=mcu len=16 data=aa8513088003e204080b1000507864d4
WFR t=28744 src=mcu len=16 data=aa868403f4010400a00f8813c003f9eb
WFR t=28752 src=bms len=12 data=d7fd8208890dfefffdfffdff
WFR t=28764 src=mcu len=16 data=aa87091a0000000000000000feffa00b
WFR t=28802 src=bms len=12 data=c2fd84088e0dfdfffdfffeff
WFR t=28804 src=mcu len=16 data=aa8821042f0000000000000000008536
WFR t=28856 src=bms len=12 data=c9fd9008870df8fffffffcff
WFR t=28865 src=mcu len=16 data=aa89433f01000000000000000000444b
WFR t=28865 src=mcu len=16 data=aa8a480c1c0207284901230020001521
WFR t=28884 src=mcu len=16 data=aa8b40005c03474c775419031a0e80f3
WFR t=28902 src=bms len=12 data=c8fd8108880dfafffffffdff
WFR t=28904 src=mcu len=16 data=aa8c2225bf0420034006b80b3e02672c
WFR t=28944 src=mcu len=16 data=aa8d800c800000006c07102780008244
WFR t=28952 src=bms len=12 data=c6fd8908900df8fffefffdff
WFR t=28964 src=mcu len=16 data=aa8e091a0000000000000000ffffbc52
WFR t=29002 src=bms len=12 data=c3fd8408870dfcff0000fdff
WFR t=29004 src=mcu len=16 data=aa8f21042f0000000000000000008e71
WFR t=29024 src=mcu len=16 data=aa90433f010000000000000000006712
WFR t=29044 src=mcu len=16 data=aa910b000f00465a667332000b9ed1a0
WFR t=29052 src=bms len=12 data=cafd88088e0df9fffefffdff
WFR t=29084 src=mcu len=16 data=aa92000000000000000000000000fbba
WFR t=29102 src=bms len=12 data=d1fd85088d0df9fffefffcff
WFR t=29104 src=mcu len=16 data=aa93d804480804242c01c003214fe1ad
WFR t=29144 src=mcu len=16 data=aa94f0f465fffffff8080d00412af645
WFR t=29152 src=bms len=12 data=cafd8108880dfeff0200fdff
WFR t=29164 src=mcu len=16 data=aa95091a0000000000000000feff99d9
WFR t=29184 src=mcu len=16 data=aa9621042f000000000000000000ad28
WFR t=29202 src=bms len=12 data=cafd9408850dfcfffdfffdff
WFR t=29224 src=mcu len=16 data=aa97433f010000000000000000006c55
WFR t=29244 src=mcu len=16 data=aa9807010200000056117eea00007aa4
WFR t=29252 src=bms len=12 data=c8fd85088b0dfafffffffdff
WFR t=29284 src=mcu len=16 data=aa991d00ab04a08c64502748395e1e28
WFR t=29302 src=bms len=12 data=c0fd8708840df8fffefffcff
WFR t=29304 src=mcu len=16 data=aa9a646464625f5d5b5955010101d546
WFR t=29344 src=mcu len=16 data=aa9b0101010100000000fbfbecd30e91
WFR t=29352 src=bms len=12 data=b9fd8908900d01000100fdff
WFR t=29364 src=mcu len=16 data=aa9c091a0000000000000000feff8410
WFR t=29384 src=mcu len=16 data=aa9d21042f000000000000000000b7a3
WFR t=29402 src=bms len=12 data=c4fd8308870df9fffdfffcff
WFR t=29424 src=mcu len=16 data=aa9e433f01000000000000000000719c
WFR t=29444 src=mcu len=16 data=aa9fb5a1b0bfd800000000000000dfe1
WFR t=29452 src=bms len=12 data=befd8708860df6fffffffcff
WFR t=29484 src=mcu len=16 data=aaa000000000020c000035006a00d1bd
WFR t=29502 src=bms len=12 data=c8fd8308910df9ff0000fdff
WFR t=29504 src=mcu len=16 data=aaa188044a5357583036323430360894
WFR t=29524 src=mcu len=16 data=aaa231344e4242463930333500005e71
WFR t=29552 src=bms len=12 data=c2fd8608950dfefffffffcff
WFR t=29564 src=mcu len=16 data=aaa3091a000000000000fffffeffd1cb
WFR t=29584 src=mcu len=16 data=aaa421042f000000000000000000eb9a
WFR t=29602 src=bms len=12 data=cafd8708830dfbff0000feff
WFR t=29624 src=mcu len=16 data=aaa5433f010000000000000000002ae7
WFR t=29644 src=mcu len=16 data=aaa6000000000000000000000000b4ce
WFR t=29652 src=bms len=12 data=cafd7c08880dfcfffdfffdff
WFR t=29664 src=mcu len=16 data=aaa7000000000000000000000000b64f
WFR t=29746 src=bms len=12 data=c3fd8c088e0dfafffefffdff
WFR t=29780 src=mcu len=16 data=aaa801801b000000400052a8194013c9
WFR t=29780 src=mcu len=16 data=aaa9028288135c4488132400ec02f999
WFR t=29780 src=mcu len=16 data=aaaa091a000000000000fffffeffcc02
WFR t=29791 src=mcu len=16 data=aaab21042f000000000000000000ff95
WFR t=29791 src=bms len=12 data=c3fd8a08950dfcfffdfffdff
WFR t=29802 src=bms len=12 data=ccfd81088c0df9fffefffcff
WFR t=29804 src=mcu len=16 data=aaac433f01000000000000000000372e
WFR t=29844 src=mcu len=16 data=aaad0048005f00021000000100801d27
WFR t=29852 src=bms len=12 data=bafd81088a0df9fffffffeff
WFR t=29864 src=mcu len=16 data=aaae55f04b0b18000000803a40005cef
WFR t=29902 src=bms len=12 data=c6fd76088b0d0000fefffdff
WFR t=29904 src=mcu len=16 data=aaaf08610005460c2f78a00f090076a9
WFR t=29924 src=mcu len=16 data=aab0091a000000000000ffffffffeb08
WFR t=29952 src=bms len=12 data=cffd9208930df8fffcfffdff
WFR t=29964 src=mcu len=16 data=aab121042f000000000000000000d90f
WFR t=29984 src=mcu len=16 data=aab2433f010000000000000000001f30
WFR t=30002 src=bms len=12 data=bbfd8c08820df8ff0000fdff
WFR t=30004 src=mcu len=16 data=aab3014a02050030000488001c0073b8
WFR t=30044 src=mcu len=16 data=aab40000770c820c710c40060000c175
WFR t=30052 src=bms len=12 data=c9fd86088d0dfbfffdfffcff
WFR t=30064 src=mcu len=16 data=aab51c00e84f7918060ef60aaf00f36f
WFR t=30102 src=bms len=12 data=bffd8908890df5fffffffbff
WFR t=30104 src=mcu len=16 data=aab6040804080000cb022122f13fb1e9
WFR t=30193 src=mcu len=16 data=aa80091a0000000000000000feffab4c
WFR t=30193 src=mcu len=16 data=aa8121042f00000000000000000098ff
WFR t=30193 src=mcu len=16 data=aa82433f010000000000000000005ec0
WFR t=30195 src=bms len=12 data=c1fd8808850dfaff0000fdff
WFR t=30203 src=bms len=12 data=befd82088e0dfcfffffffcff
WFR t=30205 src=mcu len=16 data=aa83000100011101b70111019f00058c
WFR t=30295 src=mcu len=16 data=aa840000090a10560001310051c45a55
WFR t=30295 src=mcu len=16 data=aa8513088003e204080b1000507864d4
WFR t=30296 src=mcu len=16 data=aa868403f4010400a00f8813c003f9eb
WFR t=30296 src=bms len=12 data=c3fd8f08810dfafffffffdff
WFR t=30302 src=bms len=12 data=cefd7c08910dfafffefffcff
WFR t=30324 src=mcu len=16 data=aa87091a0000000000000000feffa00b
WFR t=30344 src=mcu len=16 data=aa8821042f0000000000000000008536
WFR t=30352 src=bms len=12 data=c9fd94088c0d0000fffffcff
WFR t=30384 src=mcu len=16 data=aa89433f01000000000000000000444b
WFR t=30402 src=bms len=12 data=c3fd88088d0dfafffdfffdff
WFR t=30404 src=mcu len=16 data=aa8a480c1c0207284901230020001521
WFR t=30444 src=mcu len=16 data=aa8b40005c03474c775419031a0e80f3
WFR t=30452 src=bms len=12 data=c2fd92088d0dfdfffefffdff
WFR t=30464 src=mcu len=16 data=aa8c2225bf0420034006b80b3e02672c
WFR t=30484 src=mcu len=16 data=aa8d800c800000006c07102780008244
WFT t=30499 batt_mv=4192 rssi_mcu=-49 rssi_bms=-59 mcu=1087 bms=27 dropped=0
WFR t=30502 src=bms len=12 data=c6fd9108830dfdfffffffdff
WFR t=30524 src=mcu len=16 data=aa8e091a0000000000000000feffbdc2
WFR t=30544 src=mcu len=16 data=aa8f21042f0000000000000000008e71
WFR t=30552 src=bms len=12 data=cbfd8108880df8fffffffdff
WFR t=30584 src=mcu len=16 data=aa90433f010000000000000000006712
WFR t=30602 src=bms len=12 data=c8fd7908820dfdff0000fcff
WFR t=30604 src=mcu len=16 data=aa910b000f00465a667332000b9ed1a0
WFR t=30624 src=mcu len=16 data=aa92000000000000000000000000fbba
WFR t=30652 src=bms len=12 data=c4fd8f08890df9fffffffcff
WFR t=30664 src=mcu len=16 data=aa93d804480804242c01c003214fe1ad
WFR t=30684 src=mcu len=16 data=aa94f0f465fffffff8080d00412af645
WFR t=30702 src=bms len=12 data=c8fd85088f0df9fffefffdff
WFR t=30724 src=mcu len=16 data=aa95091a0000000000000000feff99d9
WFR t=30744 src=mcu len=16 data=aa9621042f000000000000000000ad28
WFR t=30752 src=bms len=12 data=c4fd74088d0df8fffefffcff
WFR t=30764 src=mcu len=16 data=aa97433f010000000000000000006c55
WFR t=30802 src=bms len=12 data=c1fd8608860df9fffcfffdff
WFR t=30804 src=mcu len=16 data=aa9807010200000056117eea00007aa4
WFR t=30824 src=mcu len=16 data=aa991d00ab04a08c64502748395e1e28
WFR t=30852 src=bms len=12 data=d2fd8c088c0df7fffcfffdff
WFR t=30864 src=mcu len=16 data=aa9a646464625f5d5b5955010101d546
WFR t=30884 src=mcu len=16 data=aa9b0101010100000000fbfbecd30e91
WFR t=30902 src=bms len=12 data=d1fd8508930dfbff0000fdff
WFR t=30904 src=mcu len=16 data=aa9c091a0000000000000000feff8410
WFR t=30944 src=mcu len=16 data=aa9d21042f000000000000000000b7a3
WFR t=30952 src=bms len=12 data=cdfd9108930dfbfffffffcff
WFR t=30964 src=mcu len=16 data=aa9e433f01000000000000000000719c
WFR t=31002 src=bms len=12 data=cffd80088c0df8fffefffcff
WFR t=31004 src=mcu len=16 data=aa9fb5a1b0bfd800000000000000dfe1
WFR t=31024 src=mcu len=16 data=aaa000000000020c000035006a00d1bd
WFR t=31052 src=bms len=12 data=c9fd7c088d0df8ff0000fdff
WFR t=31064 src=mcu len=16 data=aaa188044a5357583036323430360894
WFR t=31084 src=mcu len=16 data=aaa231344e4242463930333500005e71
WFR t=31102 src=bms len=12 data=ccfd7e088b0df5fffffffdff
WFR t=31104 src=mcu len=16 data=aaa3091a0000000000000000feffd1ef
WFR t=31144 src=mcu len=16 data=aaa421042f000000000000000000eb9a
WFR t=31152 src=bms len=12 data=c7fd8308920dfbfffefffcff
WFR t=31164 src=mcu len=16 data=aaa5433f010000000000000000002ae7
WFR t=31202 src=bms len=12 data=c3fd8208830dfdfffffffdff
WFR t=31204 src=mcu len=16 data=aaa6000000000000000000000000b4ce
WFR t=31224 src=mcu len=16 data=aaa7000000000000000000000000b64f
WFR t=31244 src=mcu len=16 data=aaa801801b000000400052a8194013c9
WFR t=31252 src=bms len=12 data=cafd91089b0df6fffefffdff
WFR t=31284 src=mcu len=16 data=aaa9028288135c4488132400ec02f999
WFR t=31302 src=bms len=12 data=cefd9108890dfdfffdfffcff
WFR t=31304 src=mcu len=16 data=aaaa091a0000000000000000feffcc26
WFR t=31344 src=mcu len=16 data=aaab21042f000000000000000000ff95
WFR t=31352 src=bms len=12 data=c3fd87088f0dfbfffdfffdff
WFR t=31364 src=mcu len=16 data=aaac433f01000000000000000000372e
WFR t=31384 src=mcu len=16 data=aaad0048005f00021000000100801d27
WFR t=31402 src=bms len=12 data=d1fd91088a0df9fffcfffcff
WFR t=31424 src=mcu len=16 data=aaae55f04b0b18000000803a40005cef
WFR t=31444 src=mcu len=16 data=aaaf08610005460c2f78a00f090076a9
WFR t=31452 src=bms len=12 data=cbfd8308900df8fffefffdff
WFR t=31484 src=mcu len=16 data=aab0091a0000000000000000ffffeb2c
WFR t=31502 src=bms len=12 data=d4fd7b08860dfbfffefffcff
WFR t=31504 src=mcu len=16 data=aab121042f000000000000000000d90f
WFR t=31524 src=mcu len=16 data=aab2433f010000000000000000001f30
WFR t=31552 src=bms len=12 data=c4fd8d088f0d0100fefffdff
WFR t=31564 src=mcu len=16 data=aab3014a02050030000488011c002278
WFR t=31584 src=mcu len=16 data=aab40000770c820c710c40060000c175
WFR t=31602 src=bms len=12 data=c7fd8408820dfafffefffdff
WFR t=31624 src=mcu len=16 data=aab51c00e84f7918060ef60aaf00f36f
WFR t=31644 src=mcu len=16 data=aab6040804080000cb022122f13fb1e9
WFR t=31652 src=bms len=12 data=c8fd83088a0df8fffffffbff
WFR t=31684 src=mcu len=16 data=aa80091a0000000000000000feffab4c
WFR t=31702 src=bms len=12 data=cafd80088b0dfdfffffffdff
WFR t=31704 src=mcu len=16 data=aa8121042f00000000000000000098ff
WFR t=31724 src=mcu len=16 data=aa82433f010000000000000000005ec0
WFR t=31752 src=bms len=12 data=c2fd8908910dfdfffefffdff
WFR t=31764 src=mcu len=16 data=aa83000100011101b70111019f00058c
WFR t=31784 src=mcu len=16 data=aa840000090a10560001310051c45a55
WFR t=31802 src=bms len=12 data=bffd85088b0df9fffffffcff
WFR t=31824 src=mcu len=16 data=aa8513088003e204080b1000507864d4
WFR t=31844 src=mcu len=16 data=aa868403f4010400a00f8813c003f9eb
WFR t=31852 src=bms len=12 data=c4fd7d088c0dfafffcfffeff
WFR t=31864 src=mcu len=16 data=aa87091a0000000000000000feffa00b
WFR t=31902 src=bms len=12 data=cbfd91088c0dfafffdfffcff
WFR t=31904 src=mcu len=16 data=aa8821042f0000000000000000008536
WFR t=31924 src=mcu len=16 data=aa89433f01000000000000000000444b
WFR t=31952 src=bms len=12 data=c2fd7e088b0df6fffefffcff
WFR t=31964 src=mcu len=16 data=aa8a480c1c0207284901230020001521
WFR t=31984 src=mcu len=16 data=aa8b40005c03474c775419031a0e80f3
WFR t=32002 src=bms len=12 data=c2fd7a08850dfdfffffffcff
WFR t=32004 src=mcu len=16 data=aa8c2225bf0420034006b80b3e02672c
WFR t=32044 src=mcu len=16 data=aa8d800c800000006c07102780008244
WFR t=32052 src=bms len=12 data=cbfd89088f0df7fffefffdff
WFR t=32064 src=mcu len=16 data=aa8e091a0000000000000000feffbdc2
WFR t=32102 src=bms len=12 data=c4fd7b088b0dfaff0000fcff
WFR t=32104 src=mcu len=16 data=aa8f21042f0000000000000000008e71
WFR t=32157 src=mcu len=16 data=aa90433f010000000000000000006712
WFR t=32210 src=bms len=12 data=c4fd83088c0dfefffffffdff
WFR t=32222 src=mcu len=16 data=aa910b000f00465a667332000b9ed1a0
WFR t=32222 src=mcu len=16 data=aa92000000000000000000000000fbba
WFR t=32222 src=mcu len=16 data=aa93d804480804242c01c003214fe1ad
WFR t=32223 src=bms len=12 data=cdfd86088e0df7fffffffcff
WFR t=32244 src=mcu len=16 data=aa94f0f465fffffff8080d00412af645
WFR t=32252 src=bms len=12 data=c2fd8d089c0df9fffefffdff
WFR t=32264 src=mcu len=16 data=aa95091a0000000000000000feff99d9
WFR t=32302 src=bms len=12 data=c5fd85088a0dfaff0100fdff
WFR t=32304 src=mcu len=16 data=aa9621042f000000000000000000ad28
WFR t=32324 src=mcu len=16 data=aa97433f010000000000000000006c55
WFR t=32344 src=mcu len=16 data=aa9807010200000056117eea00007aa4
WFR t=32352 src=bms len=12 data=c9fd8508930dfaff0000fdff
WFR t=32411 src=mcu len=16 data=aa991d00ab04a08c64502748395e1e28
WFR t=32411 src=mcu len=16 data=aa9a646464625f5d5b5955010101d546
WFR t=32412 src=bms len=12 data=bdfd81088e0df6fffdfffcff
WFR t=32444 src=mcu len=16 data=aa9b0101010100000000fbfbecd30e91
WFR t=32452 src=bms len=12 data=d2fd8508870df6fffffffdff
WFR t=32464 src=mcu len=16 data=aa9c091a0000000000000000feff8410
WFR t=32484 src=mcu len=16 data=aa9d21042f000000000000000000b7a3
WFR t=32502 src=bms len=12 data=c2fd8708890dfafffffffdff
WFR t=32524 src=mcu len=16 data=aa9e433f01000000000000000000719c
WFR t=32544 src=mcu len=16 data=aa9fb5a1b0bfd800000000000000dfe1
WFR t=32552 src=bms len=12 data=ccfd8808840dfcfffefffeff
WFR t=32584 src=mcu len=16 data=aaa000000000020c000035006a00d1bd
WFR t=32602 src=bms len=12 data=bafd83088a0dfafffffffcff
WFR t=32604 src=mcu len=16 data=aaa188044a5357583036323430360894
WFR t=32624 src=mcu len=16 data=aaa231344e4242463930333500005e71
WFR t=32652 src=bms len=12 data=c2fd88088d0df5fffffffbff
WFR t=32664 src=mcu len=16 data=aaa3091a0000000000000000feffd1ef
WFR t=32684 src=mcu len=16 data=aaa421042f000000000000000000eb9a
WFR t=32702 src=bms len=12 data=c8fd8008900dfaff0000fcff
WFR t=32724 src=mcu len=16 data=aaa5433f010000000000000000002ae7
WFR t=32744 src=mcu len=16 data=aaa6000000000000000000000000b4ce
WFR t=32752 src=bms len=12 data=c8fd8208810df6fffcfffdff
WFR t=32784 src=mcu len=16 data=aaa7000000000000000000000000b64f
WFR t=32802 src=bms len=12 data=c6fd7a088c0dfafffffffcff
WFR t=32804 src=mcu len=16 data=aaa801801b000000400052a8194013c9
WFR t=32824 src=mcu len=16 data=aaa9028288135c4488132400ec02f999
WFR t=32852 src=bms len=12 data=c4fd8a08900df8fffffffcff
WFR t=32864 src=mcu len=16 data=aaaa091a0000000000000000feffcc26
WFR t=32884 src=mcu len=16 data=aaab21042f000000000000000000ff95
WFR t=32902 src=bms len=12 data=d3fd8a08940df8fffffffdff
WFR t=32924 src=mcu len=16 data=aaac433f01000000000000000000372e
WFR t=32944 src=mcu len=16 data=aaad0048005f00021000000100801d27
WFR t=32952 src=bms len=12 data=c3fd90088c0df7fffefffcff
WFR t=32964 src=mcu len=16 data=aaae55f04b0b18000000803a40005cef
WFR t=33002 src=bms len=12 data=b8fd85088f0df6fffefffcff
WFR t=33004 src=mcu len=16 data=aaaf08610005460c2f78a00f090076a9
WFR t=33024 src=mcu len=16 data=aab0091a0000000000000000feffeabc
WFR t=33052 src=bms len=12 data=cefd91088c0dfdfffffffdff
WFR t=33064 src=mcu len=16 data=aab121042f000000000000000000d90f
WFR t=33084 src=mcu len=16 data=aab2433f010000000000000000001f30
WFR t=33102 src=bms len=12 data=bffd7e08910df8fffffffcff
WFR t=33104 src=mcu len=16 data=aab3014a02050030000488011c002278
WFR t=33144 src=mcu len=16 data=aab40000770c820c710c40060000c175
WFR t=33152 src=bms len=12 data=d3fd9208880df7fffffffcff
WFR t=33164 src=mcu len=16 data=aab51c00e84f7918060ebd0aaf00e48b
WFR t=33202 src=bms len=12 data=cdfd82087d0df8fffdfffbff
WFR t=33204 src=mcu len=16 data=aab6040804080000cb022122f13fb1e9
WFR t=33224 src=mcu len=16 data=aa80091a0000000000000000feffab4c
WFR t=33244 src=mcu len=16 data=aa8121042f00000000000000000098ff
WFR t=33252 src=bms len=12 data=cdfd8208920dfdff0000fdff
WFR t=33284 src=mcu len=16 data=aa82433f010000000000000000005ec0
WFR t=33302 src=bms len=12 data=c0fd80088d0df7fffefffcff
WFR t=33304 src=mcu len=16 data=aa83000100011101b70111019f00058c
WFR t=33344 src=mcu len=16 data=aa840000090a10560001310051c45a55
WFR t=33352 src=bms len=12 data=cefd8a08900dfcff0000feff
WFR t=33364 src=mcu len=16 data=aa8513088003e204080b1000507864d4
WFR t=33402 src=bms len=12 data=c7fd8708920df7fffffffdff
WFR t=33404 src=mcu len=16 data=aa868403f4010400a00f8813c003f9eb
WFR t=33424 src=mcu len=16 data=aa87091a000000000000fffffeffa02f
WFR t=33444 src=mcu len=16 data=aa8821042f0000000000000000008536
WFR t=33452 src=bms len=12 data=c2fd7c088e0df8fffffffcff
WFR t=33484 src=mcu len=16 data=aa89433f01000000000000000000444b
WFR t=33502 src=bms len=12 data=c7fd8d08880df8fffffffcff
WFR t=33504 src=mcu len=16 data=aa8a480c1c0207284901230020001521
WFR t=33544 src=mcu len=16 data=aa8b40005c03474c775419031a0e80f3
WFR t=33552 src=bms len=12 data=b8fd80088b0dfbfffefffdff
WFR t=33564 src=mcu len=16 data=aa8c2225bf0420034006b80b3e02672c
WFR t=33584 src=mcu len=16 data=aa8d800c800000006c07102780008244
WFR t=33602 src=bms len=12 data=cdfd8f088a0df9ff0000fcff
WFR t=33624 src=mcu len=16 data=aa8e091a0000000000000000feffbdc2
WFR t=33644 src=mcu len=16 data=aa8f21042f0000000000000000008e71
WFR t=33652 src=bms len=12 data=cbfd87087e0df5fffffffdff
WFR t=33684 src=mcu len=16 data=aa90433f010000000000000000006712
WFR t=33702 src=bms len=12 data=d3fd8008830dfdff0000feff
WFR t=33725 src=mcu len=16 data=aa910b000f00465a667332000b9ed1a0
WFR t=33725 src=mcu len=16 data=aa92000000000000000000000000fbba
WFR t=33752 src=bms len=12 data=c8fd8308880df9fffefffdff
WFR t=33764 src=mcu len=16 data=aa93d804480804242c01c003214fe1ad
WFR t=33784 src=mcu len=16 data=aa94f0f465fffffff8080d00412af645
WFR t=33802 src=bms len=12 data=bdfd7a08920dfafffffffcff
WFR t=33824 src=mcu len=16 data=aa95091a0000000000000000feff99d9
WFR t=33844 src=mcu len=16 data=aa9621042f000000000000000000ad28
WFR t=33852 src=bms len=12 data=bffd8408980dfdfffffffdff
WFR t=33884 src=mcu len=16 data=aa97433f010000000000000000006c55
WFR t=33902 src=bms len=12 data=c3fd8b08910dfbfffffffdff
WFR t=33904 src=mcu len=16 data=aa9807010200000056117eea00007aa4
WFR t=33924 src=mcu len=16 data=aa991d00ab04a08c64502748395e1e28
WFR t=33952 src=bms len=12 data=d2fd82088d0df6fffdfffcff
WFR t=33964 src=mcu len=16 data=aa9a646464625f5d5b5955010101d546
WFR t=33984 src=mcu len=16 data=aa9b0101010100000000fbfbecd30e91
WFR t=34002 src=bms len=12 data=b8fd83088e0df9fffffffcff
WFR t=34024 src=mcu len=16 data=aa9c091a0000000000000000feff8410
WFR t=34044 src=mcu len=16 data=aa9d21042f000000000000000000b7a3
WFR t=34052 src=bms len=12 data=c5fd8908990dfefffefffeff
WFR t=34064 src=mcu len=16 data=aa9e433f01000000000000000000719c
WFR t=34102 src=bms len=12 data=c5fd7e08910df5fffefffcff
WFR t=34104 src=mcu len=16 data=aa9fb5a1b0bfd800000000000000dfe1
WFR t=34124 src=mcu len=16 data=aaa000000000020c000035006a00d1bd
WFR t=34210 src=bms len=12 data=cffd8508840dfafffefffcff
WFR t=34254 src=mcu len=16 data=aaa188044a5357583036323430360894
WFR t=34306 src=bms len=12 data=cafd8b088c0dfcfffeffffff
WFR t=34318 src=mcu len=16 data=aaa231344e4242463930333500005e71
WFR t=34318 src=mcu len=16 data=aaa3091a0000000000000000feffd1ef
WFR t=34318 src=mcu len=16 data=aaa421042f000000000000000000eb9a
WFR t=34319 src=bms len=12 data=c2fd8908890dfafffefffdff
WFR t=34321 src=bms len=12 data=c6fd9b08850df9fffffffcff
WFR t=34325 src=mcu len=16 data=aaa5433f010000000000000000002ae7
WFR t=34325 src=mcu len=16 data=aaa6000000000000000000000000b4ce
WFR t=34326 src=mcu len=16 data=aaa7000000000000000000000000b64f
WFR t=34344 src=mcu len=16 data=aaa801801b000000400052a8194013c9
WFR t=34352 src=bms len=12 data=cffd8f08870dfafffffffcff
WFR t=34384 src=mcu len=16 data=aaa9028288135c4488132400ec02f999
WFR t=34402 src=bms len=12 data=c2fd8508930df9fffdfffcff
WFR t=34404 src=mcu len=16 data=aaaa091a0000000000000000feffcc26
WFR t=34444 src=mcu len=16 data=aaab21042f000000000000000000ff95
WFR t=34452 src=bms len=12 data=cbfd86088d0df8ff0000feff
WFR t=34464 src=mcu len=16 data=aaac433f01000000000000000000372e
WFR t=34502 src=bms len=12 data=c0fd8108900dfafffffffcff
WFR t=34504 src=mcu len=16 data=aaad0048005f00021000000100801d27
WFR t=34524 src=mcu len=16 data=aaae55f04b0b18000000803a40005cef
WFR t=34544 src=mcu len=16 data=aaaf08610005460c2f78a00f090076a9
WFR t=34552 src=bms len=12 data=d0fd90088f0dfffffdfffdff
WFR t=34584 src=mcu len=16 data=aab0091a0000000000000000feffeabc
WFR t=34602 src=bms len=12 data=c4fd7e08810df5fffefffcff
WFR t=34604 src=mcu len=16 data=aab121042f000000000000000000d90f
WFR t=34644 src=mcu len=16 data=aab2433f010000000000000000001f30
WFR t=34652 src=bms len=12 data=bcfd82088e0dfbff0000fbff
WFR t=34664 src=mcu len=16 data=aab3014a02050030000488001c0073b8
WFR t=34684 src=mcu len=16 data=aab40000770c820c710c40060000c175
WFR t=34702 src=bms len=12 data=cefd8608870dfafffdfffdff
WFR t=34724 src=mcu len=16 data=aab51c00e84f7918060ed20aaf00f99f
WFR t=34744 src=mcu len=16 data=aab6040804080000cb022122f13fb1e9
WFR t=34752 src=bms len=12 data=c9fd9408890dfcff0000fcff
WFR t=34784 src=mcu len=16 data=aa80091a0000000000000000feffab4c
WFR t=34802 src=bms len=12 data=c7fd8708910dfbfffffffeff
WFR t=34804 src=mcu len=16 data=aa8121042f00000000000000000098ff
WFR t=34824 src=mcu len=16 data=aa82433f010000000000000000005ec0
WFR t=34852 src=bms len=12 data=c6fd83088d0dfbfffefffcff
WFR t=34864 src=mcu len=16 data=aa83000100011101b70111019f00058c
WFR t=34884 src=mcu len=16 data=aa840000090a10560001310051c45a55
WFR t=34902 src=bms len=12 data=d1fd9208870dfffffdfffdff
WFR t=34924 src=mcu len=16 data=aa8513088003e204080b1000507864d4
WFR t=34944 src=mcu len=16 data=aa868403f4010400a00f8813c003f9eb
WFR t=34952 src=bms len=12 data=d4fd96088c0dfafffffffdff
WFR t=34964 src=mcu len=16 data=aa87091a0000000000000000feffa00b
WFR t=35002 src=bms len=12 data=d3fd82087e0df9fffdfffcff
WFR t=35004 src=mcu len=16 data=aa8821042f0000000000000000008536
WFR t=35024 src=mcu len=16 data=aa89433f01000000000000000000444b
WFR t=35052 src=bms len=12 data=c3fd8308920df9fffffffbff
WFR t=35064 src=mcu len=16 data=aa8a480c1c0207284901230020001521
WFR t=35084 src=mcu len=16 data=aa8b40005c03474c775419031a0e80f3
WFR t=35102 src=bms len=12 data=cbfd96088a0dfafffffffdff
WFR t=35124 src=mcu len=16 data=aa8c2225bf0420034006b80b3e02672c
WFR t=35144 src=mcu len=16 data=aa8d800c800000006c07102780008244
WFR t=35152 src=bms len=12 data=cafd85088a0df8fffffffbff
WFR t=35164 src=mcu len=16 data=aa8e091a0000000000000000feffbdc2
WFR t=35202 src=bms len=12 data=c7fd8608940df8fffefffeff
WFR t=35204 src=mcu len=16 data=aa8f21042f0000000000000000008e71
WFR t=35224 src=mcu len=16 data=aa90433f010000000000000000006712
WFR t=35252 src=bms len=12 data=bafd9008860dfcfffffffcff
WFR t=35264 src=mcu len=16 data=aa910b000f00465a667332000b9ed1a0
WFR t=35284 src=mcu len=16 data=aa92000000000000000000000000fbba
WFR t=35302 src=bms len=12 data=b9fd91088b0df5fffffffcff
WFR t=35304 src=mcu len=16 data=aa93d804480804242c01c003214fe1ad
WFR t=35344 src=mcu len=16 data=aa94f0f465fffffff8080d00412af645
WFR t=35352 src=bms len=12 data=c7fd8c088a0df8fffefffcff
WFR t=35364 src=mcu len=16 data=aa95091a0000000000000000feff99d9
WFR t=35402 src=bms len=12 data=c4fd85088b0df6fffffffbff
WFR t=35404 src=mcu len=16 data=aa9621042f000000000000000000ad28
WFR t=35424 src=mcu len=16 data=aa97433f010000000000000000006c55
WFR t=35444 src=mcu len=16 data=aa9807010200000056117eea00007aa4
WFR t=35452 src=bms len=12 data=befd8e087e0df8fffefffcff
WFR t=35484 src=mcu len=16 data=aa991d00ab04a08c64502748395e1e28
WFR t=35502 src=bms len=12 data=cbfd8408830df5fffdfffeff
WFR t=35504 src=mcu len=16 data=aa9a646464625f5d5b5955010101d546
WFT t=35517 batt_mv=4194 rssi_mcu=-49 rssi_bms=-60 mcu=1265 bms=27 dropped=0
WFR t=35544 src=mcu len=16 data=aa9b0101010100000000fbfbecd30e91
WFR t=35552 src=bms len=12 data=c0fd8b08840dfbfffffffdff
WFR t=35564 src=mcu len=16 data=aa9c091a000000000000fffffeff8434
WFR t=35602 src=bms len=12 data=cafd91088f0dfffffefffcff
WFR t=35604 src=mcu len=16 data=aa9d21042f000000000000000000b7a3
WFR t=35624 src=mcu len=16 data=aa9e433f01000000000000000000719c
WFR t=35644 src=mcu len=16 data=aa9fb5a1b0bfd800000000000000dfe1
WFR t=35652 src=bms len=12 data=bffd9408900df8fffffffdff
WFR t=35684 src=mcu len=16 data=aaa000000000020c000035006a00d1bd
WFR t=35702 src=bms len=12 data=d1fd87088a0dfbfffefffcff
WFR t=35704 src=mcu len=16 data=aaa188044a5357583036323430360894
WFR t=35744 src=mcu len=16 data=aaa231344e4242463930333500005e71
WFR t=35752 src=bms len=12 data=bbfd7d088e0df6fffefffdff
WFR t=35764 src=mcu len=16 data=aaa3091a0000000000000000ffffd07f
WFR t=35784 src=mcu len=16 data=aaa421042f000000000000000000eb9a
WFR t=35802 src=bms len=12 data=befd8b088d0dfafffffffcff
WFR t=35824 src=mcu len=16 data=aaa5433f010000000000000000002ae7
WFR t=35844 src=mcu len=16 data=aaa6000000000000000000000000b4ce
WFR t=35852 src=bms len=12 data=c8fd8b087d0df8fffefffcff
WFR t=35884 src=mcu len=16 data=aaa7000000000000000000000000b64f
WFR t=35902 src=bms len=12 data=c5fd8c088a0dfafffefffcff
WFR t=35904 src=mcu len=16 data=aaa801801b000000400052a8194013c9
WFR t=35965 src=bms len=12 data=bffd90088d0df7fffffffcff
WFR t=35966 src=mcu len=16 data=aaa9028288135c4488132400ec02f999
WFR t=35966 src=mcu len=16 data=aaaa091a0000000000000000feffcc26
WFR t=35984 src=mcu len=16 data=aaab21042f000000000000000000ff95
WFR t=36002 src=bms len=12 data=cdfd8308850df7fffffffbff
WFR t=36024 src=mcu len=16 data=aaac433f01000000000000000000372e
WFR t=36044 src=mcu len=16 data=aaad0048005f00021000000100801d27
WFR t=36052 src=bms len=12 data=d2fd95088d0dfafffffffdff
WFR t=36064 src=mcu len=16 data=aaae55f04b0b18000000803a40005cef
WFR t=36102 src=bms len=12 data=c3fd8108860dfbfffffffdff
WFR t=36104 src=mcu len=16 data=aaaf08610005460c2f78a00f090076a9
WFR t=36124 src=mcu len=16 data=aab0091a0000000000000000feffeabc
WFR t=36179 src=mcu len=16 data=aab121042f000000000000000000d90f
WFR t=36224 src=bms len=12 data=c0fd85088f0df8fffefffdff
WFR t=36225 src=mcu len=16 data=aab2433f010000000000000000001f30
WFR t=36225 src=mcu len=16 data=aab3014a02050030000488001c0073b8
WFR t=36268 src=mcu len=16 data=aab40000770c820c710c40060000c175
WFR t=36268 src=mcu len=16 data=aab51c00e84f7918060ec10aaf00fd1b
WFR t=36279 src=bms len=12 data=c8fd79088c0df5fffffffdff
WFR t=36324 src=mcu len=16 data=aab6040804080000cb022122f13fb1e9
WFR t=36324 src=mcu len=16 data=aa80091a000000000000fffffeffab68
WFR t=36335 src=bms len=12 data=c9fd8808970dfafffefffcff
WFR t=36337 src=bms len=12 data=cdfd8908930dfcfffffffcff
WFR t=36352 src=bms len=12 data=c0fd8008880dfdfffffffdff
WFR t=36364 src=mcu len=16 data=aa8121042f00000000000000000098ff
WFR t=36384 src=mcu len=16 data=aa82433f010000000000000000005ec0
WFR t=36402 src=bms len=12 data=c9fd8808860df8fffefffeff
WFR t=36404 src=mcu len=16 data=aa83000100011101b70111019f00058c
WFR t=36444 src=mcu len=16 data=aa840000090a10560001310051c45a55
WFR t=36452 src=bms len=12 data=bffd8c08960dfaff0000fdff
WFR t=36464 src=mcu len=16 data=aa8513088003e204080b1000507864d4
WFR t=36502 src=bms len=12 data=c7fd8108860dfbfffffffcff
WFR t=36504 src=mcu len=16 data=aa868403f4010400a00f8813c003f9eb
WFR t=36524 src=mcu len=16 data=aa87091a0000000000000000ffffa19b
WFR t=36544 src=mcu len=16 data=aa8821042f0000000000000000008536
WFR t=36552 src=bms len=12 data=c3fd8b08870dfbfffdfffdff
WFR t=36584 src=mcu len=16 data=aa89433f01000000000000000000444b
WFR t=36602 src=bms len=12 data=b3fd7d088a0dfafffefffcff
WFR t=36604 src=mcu len=16 data=aa8a480c1c0207284901230020001521
WFR t=36644 src=mcu len=16 data=aa8b40005c03474c775419031a0e80f3
WFR t=36652 src=bms len=12 data=c8fd8908880df8fffefffeff
WFR t=36685 src=mcu len=16 data=aa8c2225bf0420034006b80b3e02672c
WFR t=36685 src=mcu len=16 data=aa8d800c800000006c07102780008244
WFR t=36702 src=bms len=12 data=bdfd8108850df8fffffffeff
WFR t=36724 src=mcu len=16 data=aa8e091a0000000000000000feffbdc2
WFE t=36727 bms stale, no frame for 10157 ms, dropping link
WFR t=36744 src=mcu len=16 data=aa8f21042f0000000000000000008e71
WFR t=36752 src=bms len=12 data=c8fd9308840df9fffffffcff
WFE t=36757 bms disconnected reason=534
WFR t=36788 src=mcu len=16 data=aa90433f010000000000000000006712
WFR t=36802 src=bms len=12 data=c1fd8b08880dfbfffffffcff
WFR t=36804 src=mcu len=16 data=aa910b000f00465a667332000b9ed1a0
WFR t=36844 src=mcu len=16 data=aa92000000000000000000000000fbba
WFR t=36852 src=bms len=12 data=cbfd7b08870dfbfffffffdff
WFR t=36864 src=mcu len=16 data=aa93d804480804242c01c003214fe1ad
WFR t=36884 src=mcu len=16 data=aa94f0f465fffffff8080d00412af645
WFR t=36902 src=bms len=12 data=bafd84088c0df8fffffffdff
WFR t=36924 src=mcu len=16 data=aa95091a000000000000fffffeff99fd
WFR t=36944 src=mcu len=16 data=aa9621042f000000000000000000ad28
WFR t=36952 src=bms len=12 data=b7fd7e088f0dfcfffffffeff
WFR t=36984 src=mcu len=16 data=aa97433f010000000000000000006c55
WFR t=37002 src=bms len=12 data=c4fd8b08830dfcfffefffeff
WFR t=37004 src=mcu len=16 data=aa9807010200000056117eea00007aa4
WFR t=37024 src=mcu len=16 data=aa991d00ab04a08c64502748395e1e28
WFR t=37052 src=bms len=12 data=c7fd89088a0df6fffffffcff
WFR t=37064 src=mcu len=16 data=aa9a646464625f5d5b5955010101d546
WFR t=37084 src=mcu len=16 data=aa9b0101010100000000fbfbecd30e91
WFR t=37102 src=bms len=12 data=c5fd8b088b0df7fffcfffdff
WFR t=37124 src=mcu len=16 data=aa9c091a0000000000000000feff8410
WFR t=37144 src=mcu len=16 data=aa9d21042f000000000000000000b7a3
WFR t=37152 src=bms len=12 data=c5fd8e08800df6fffefffdff
WFR t=37164 src=mcu len=16 data=aa9e433f01000000000000000000719c
WFR t=37202 src=bms len=12 data=c2fd8408900df5fffffffdff
WFR t=37204 src=mcu len=16 data=aa9fb5a1b0bfd800000000000000dfe1
WFR t=37224 src=mcu len=16 data=aaa000000000020c000035006a00d1bd
WFR t=37252 src=bms len=12 data=c6fd9008880dfefffefffdff
WFR t=37264 src=mcu len=16 data=aaa188044a5357583036323430360894
WFR t=37284 src=mcu len=16 data=aaa231344e4242463930333500005e71
WFR t=37302 src=bms len=12 data=c5fd8908890dfafffefffeff
WFR t=37324 src=mcu len=16 data=aaa3091a0000000000000000feffd1ef
WFR t=37344 src=mcu len=16 data=aaa421042f000000000000000000eb9a
WFR t=37352 src=bms len=12 data=c8fd8208870dfbfffffffdff
WFR t=37364 src=mcu len=16 data=aaa5433f010000000000000000002ae7
WFR t=37402 src=bms len=12 data=c2fd8108850df7fffffffcff
WFR t=37404 src=mcu len=16 data=aaa6000000000000000000000000b4ce
WFR t=37424 src=mcu len=16 data=aaa7000000000000000000000000b64f
WFR t=37452 src=bms len=12 data=c1fd7c08890df7fffefffdff
WFR t=37464 src=mcu len=16 data=aaa801801b000000400052a8194013c9
WFR t=37484 src=mcu len=16 data=aaa9028288135c4488132400ec02f999
WFR t=37502 src=bms len=12 data=b8fd8c088b0df8fffdfffcff
WFR t=37504 src=mcu len=16 data=aaaa091a0000000000000000feffcc26
WFR t=37544 src=mcu len=16 data=aaab21042f000000000000000000ff95
WFR t=37552 src=bms len=12 data=c2fd85087e0df9fffdfffcff
WFR t=37564 src=mcu len=16 data=aaac433f01000000000000000000372e
WFR t=37602 src=bms len=12 data=bffd8608880dfafffffffeff
WFR t=37604 src=mcu len=16 data=aaad0048005f00021000000100801d27
WFR t=37624 src=mcu len=16 data=aaae55f04b0b18000000803a40005cef
WFR t=37644 src=mcu len=16 data=aaaf08610005460c2f78a00f090076a9
WFR t=37652 src=bms len=12 data=c9fd8e088b0dfdfffffffcff
WFR t=37684 src=mcu len=16 data=aab0091a0000000000000000feffeabc
WFR t=37702 src=bms len=12 data=c2fd8f08810df6fffefffdff
WFR t=37704 src=mcu len=16 data=aab121042f000000000000000000d90f
WFR t=37744 src=mcu len=16 data=aab2433f010000000000000000001f30
WFR t=37752 src=bms len=12 data=bdfd87088d0dfefffffffcff
WFR t=37764 src=mcu len=16 data=aab3014a02050030000488001c0073b8
WFR t=37784 src=mcu len=16 data=aab40000770c820c710c40060000c175
WFR t=37802 src=bms len=12 data=c2fd8d08830dfbfffffffdff
WFR t=37824 src=mcu len=16 data=aab51c00e84f7918060e050baf0091eb
WFR t=37844 src=mcu len=16 data=aab6040804080000cb022122f13fb1e9
WFR t=37852 src=bms len=12 data=cafd8608850dfbfffcfffcff
WFR t=37884 src=mcu len=16 data=aa80091a000000000000fffffeffab68
WFR t=37902 src=bms len=12 data=c5fd8b087e0df9fffffffdff
WFR t=37904 src=mcu len=16 data=aa8121042f00000000000000000098ff
WFR t=37944 src=mcu len=16 data=aa82433f010000000000000000005ec0
WFR t=37952 src=bms len=12 data=c1fd9108950df2fffffffbff
WFR t=37964 src=mcu len=16 data=aa83000100011101b70111019f00058c
WFR t=37984 src=mcu len=16 data=aa840000090a10560001310051c45a55
WFR t=38002 src=bms len=12 data=c0fd7808900dfafffefffcff
WFR t=38024 src=mcu len=16 data=aa8513088003e204080b1000507864d4
WFR t=38044 src=mcu len=16 data=aa868403f4010400a00f8813c003f9eb
WFR t=38052 src=bms len=12 data=d3fd8308900df9fffefffcff
WFR t=38084 src=mcu len=16 data=aa87091a000000000000fffffeffa02f
WFR t=38102 src=bms len=12 data=c4fd89088a0dfcff0100fdff
WFR t=38104 src=mcu len=16 data=aa8821042f0000000000000000008536
WFR t=38124 src=mcu len=16 data=aa89433f01000000000000000000444b
WFR t=38152 src=bms len=12 data=cffd8b088e0dfcff0000fdff
WFR t=38253 src=bms len=12 data=cafd84087d0dfcfffffffcff
WFR t=38254 src=mcu len=16 data=aa8a480c1c0207284901230020001521
WFR t=38254 src=mcu len=16 data=aa8b40005c03474c775419031a0e80f3
WFR t=38254 src=mcu len=16 data=aa8c2225bf0420034006b80b3e02672c
WFR t=38254 src=mcu len=16 data=aa8d800c800000006c07102780008244
WFR t=38255 src=bms len=12 data=bffd7908890df9ff0000fdff
WFR t=38265 src=mcu len=16 data=aa8e091a000000000000fffffeffbde6
WFR t=38302 src=bms len=12 data=c8fd85088d0dfbfffffffcff
WFR t=38304 src=mcu len=16 data=aa8f21042f0000000000000000008e71
WFR t=38324 src=mcu len=16 data=aa90433f010000000000000000006712
WFR t=38352 src=bms len=12 data=b5fd7a08900dfafffefffdff
WFR t=38364 src=mcu len=16 data=aa910b000f00465a667332000b9ed1a0
WFR t=38384 src=mcu len=16 data=aa92000000000000000000000000fbba
WFR t=38402 src=bms len=12 data=31fd6108270d870060ff9400
WFR t=38404 src=mcu len=16 data=aa93d804480804242c01c003214fe1ad
WFR t=38444 src=mcu len=16 data=aa94f0f465fffffff8080d00412af645
WFR t=38452 src=bms len=12 data=d9fda607280d8fff06013001
WFR t=38464 src=mcu len=16 data=aa95091a000000000000fffffeff99fd
WFR t=38502 src=bms len=12 data=9dfd9908cd0f02fe9b03c7ff
WFR t=38504 src=mcu len=16 data=aa9621042f000000000000000000ad28
WFR t=38524 src=mcu len=16 data=aa97433f010000000000000000006c55
WFR t=38552 src=bms len=12 data=c8fd2208400ad2fe1b004200
WFR t=38564 src=mcu len=16 data=aa9807010200000056117eea00007aa4
WFR t=38584 src=mcu len=16 data=aa991d00ab04a08c64502748395e1e28
WFR t=38602 src=bms len=12 data=5dfd7c07dd0e19fc47fac6fd
WFR t=38604 src=mcu len=16 data=aa9a646464625f5d5b5955010101d546
WFR t=38644 src=mcu len=16 data=aa9b0101010100000000fbfbecd30e91
WFR t=38652 src=bms len=12 data=3e011403a80b07fd5df832fe
WFR t=38664 src=mcu len=16 data=aa9c091a0000000000000000feff8410
WFR t=38702 src=bms len=12 data=a20049017c12e9ff660034ff
WFR t=38704 src=mcu len=16 data=aa9d21042f000000000000000000b7a3
WFR t=38724 src=mcu len=16 data=aa9e433f01000000000000000000719c
WFR t=38744 src=mcu len=16 data=aa9fb5a1b0bfd800000000000000dfe1
WFR t=38752 src=bms len=12 data=6701c006220da9fd420038ff
WFR t=38784 src=mcu len=16 data=aaa000000000020c000035006a00d1bd
WFR t=38802 src=bms len=12 data=60fe8803d20ed0fe58013aff
WFR t=38804 src=mcu len=16 data=aaa188044a5357583036323430360894
WFR t=38844 src=mcu len=16 data=aaa231344e4242463930333500005e71
WFR t=38852 src=bms len=12 data=cbfee104290fdefda8036800
WFR t=38864 src=mcu len=16 data=aaa3091a0000000000000000feffd1ef
WFR t=38884 src=mcu len=16 data=aaa421042f000000000000000000eb9a
WFR t=38902 src=bms len=12 data=ddfebf02960db4fc3602c6ff
WFR t=38924 src=mcu len=16 data=aaa5433f010000000000000000002ae7
WFR t=38944 src=mcu len=16 data=aaa6000000000000000000000000b4ce
WFR t=38952 src=bms len=12 data=b1fb3d033d10bbfb1805ccfe
WFR t=38984 src=mcu len=16 data=aaa7000000000000000000000000b64f
WFR t=39002 src=bms len=12 data=c4fa5303881095fd0306d5ff
WFR t=39004 src=mcu len=16 data=aaa801801b000000400052a8194013c9
WFR t=39044 src=mcu len=16 data=aaa9028288135c4488132400ec02f999
WFR t=39052 src=bms len=12 data=34f9ed01b00f70fc2e096afe
WFR t=39064 src=mcu len=16 data=aaaa091a000000000000fffffeffcc02
WFR t=39084 src=mcu len=16 data=aaab21042f000000000000000000ff95
WFR t=39102 src=bms len=12 data=88f76b008b0f3ffc4108f3fe
WFR t=39124 src=mcu len=16 data=aaac433f01000000000000000000372e
WFR t=39144 src=mcu len=16 data=aaad0048005f00021000000100801d27
WFR t=39152 src=bms len=12 data=a6f7daff76154401f3fd9b00
WFR t=39184 src=mcu len=16 data=aaae55f04b0b18000000803a40005cef
WFR t=39202 src=bms len=12 data=25f5cc00cf0a0608bafa6ffe
WFR t=39204 src=mcu len=16 data=aaaf08610005460c2f78a00f090076a9
WFR t=39224 src=mcu len=16 data=aab0091a0000000000000000feffeabc
WFR t=39252 src=bms len=12 data=1bf91d02e60e87ff98014400
WFR t=39264 src=mcu len=16 data=aab121042f000000000000000000d90f
WFR t=39284 src=mcu len=16 data=aab2433f010000000000000000001f30
WFR t=39302 src=bms len=12 data=c2f87b02a50e710432ffbd00
WFR t=39325 src=mcu len=16 data=aab3014a02050030000488001c0073b8
WFR t=39344 src=mcu len=16 data=aab40000770c820c710c40060000c175
WFR t=39352 src=bms len=12 data=d0f96802830a37008dff2b02
WFR t=39364 src=mcu len=16 data=aab51c00e84f7918060e050baf0091eb
WFR t=39402 src=bms len=12 data=6af7e4056b1007ffeeff61fe
WFR t=39404 src=mcu len=16 data=aab6040804080000cb022122f13fb1e9
WFR t=39459 src=bms len=12 data=d8f538020f0b35ffd2fd7903
WFR t=39465 src=mcu len=16 data=aa80091a000000000000fffffeffab68
WFR t=39465 src=mcu len=16 data=aa8121042f00000000000000000098ff
WFR t=39484 src=mcu len=16 data=aa82433f010000000000000000005ec0
WFR t=39502 src=bms len=12 data=0afc8603700e0cf633fc4903
WFR t=39504 src=mcu len=16 data=aa83000100011101b70111019f00058c
WFR t=39552 src=bms len=12 data=a5fce2ffc01055ff03f241fd
WFR t=39574 src=mcu len=16 data=aa840000090a10560001310051c45a55
WFR t=39575 src=mcu len=16 data=aa8513088003e204080b1000507864d4
WFR t=39602 src=bms len=12 data=c1fdc0ffa71b88fbaa0162fa
WFR t=39604 src=mcu len=16 data=aa868403f4010400a00f8813c003f9eb
WFR t=39624 src=mcu len=16 data=aa87091a0000000000000000ffffa19b
WFR t=39652 src=bms len=12 data=29fbc3ff1e0ffa04a0fae1fe
WFR t=39664 src=mcu len=16 data=aa8821042f0000000000000000008536
WFR t=39684 src=mcu len=16 data=aa89433f01000000000000000000444b
WFR t=39702 src=bms len=12 data=2301c7ff2711610191006cff
WFR t=39704 src=mcu len=16 data=aa8a480c1c0207284901230020001521
WFR t=39744 src=mcu len=16 data=aa8b40005c03474c775419031a0e80f3
WFR t=39752 src=bms len=12 data=c2fc690116150801aefddf02
WFR t=39764 src=mcu len=16 data=aa8c2225bf0420034006b80b3e02672c
WFR t=39802 src=bms len=12 data=7d024fff1b0e1102f9fe7e04
WFR t=39804 src=mcu len=16 data=aa8d800c800000006c07102780008244
WFR t=39824 src=mcu len=16 data=aa8e091a0000000000000000feffbdc2
WFR t=39844 src=mcu len=16 data=aa8f21042f0000000000000000008e71
WFR t=39852 src=bms len=12 data=fffa8308a811a004470cf6ff
WFR t=39884 src=mcu len=16 data=aa90433f010000000000000000006712
WFR t=39902 src=bms len=12 data=69feea028d0c470123fb4702
WFR t=39904 src=mcu len=16 data=aa910b000f00465a667332000b9ed1a0
WFR t=39944 src=mcu len=16 data=aa92000000000000000000000000fbba
WFE t=39950 bms subscribed val=0x0010 cccd=0x0011 ctrl=0x0014 mtu=512
WFE t=39951 bms reconnected (attempt 1)
WFR t=39952 src=bms len=12 data=50f7e504fd105002e808a5fb
WFR t=39964 src=mcu len=16 data=aa93d804480804242c01c003214fe1ad
WFR t=39984 src=mcu len=16 data=aa94f0f465fffffff8080d00412af645
WFR t=40002 src=bms len=12 data=47fa1d05c70978041efbc502
WFR t=40024 src=mcu len=16 data=aa95091a0000000000000000feff99d9
WFR t=40044 src=mcu len=16 data=aa9621042f000000000000000000ad28
WFR t=40052 src=bms len=12 data=4df9ea057e0f09fe12ff0dff
WFR t=40084 src=mcu len=16 data=aa97433f010000000000000000006c55
WFR t=40102 src=bms len=12 data=8efd7b042d0db80117fbc500
WFR t=40104 src=mcu len=16 data=aa9807010200000056117eea00007aa4
WFR t=40124 src=mcu len=16 data=aa991d00ab04a08c64502748395e1e28
WFR t=40152 src=bms len=12 data=edfa21068b0e8dfe09fef7fe
WFR t=40203 src=bms len=12 data=9400bc050010e00242fc34fe
WFR t=40208 src=mcu len=16 data=aa9a646464625f5d5b5955010101d546
WFR t=40209 src=mcu len=16 data=aa9b0101010100000000fbfbecd30e91
WFR t=40226 src=mcu len=16 data=aa9c091a000000000000ffffffff85a4
WFR t=40322 src=mcu len=16 data=aa9d21042f000000000000000000b7a3
WFR t=40365 src=bms len=12 data=20fca704d7130ffb5d02dfff
WFR t=40365 src=bms len=129 data=d2037c0ebf0ebe0ebf0ebe0ebe0ebe0ebf0ebf0ebd0ebe0ebe0ebf0ec30ec30ec30ec10ec30ec40ec40ec40ec40ec50ec50ec50ec30ec50ec40ec40000000000000000003d000000000000000000000000000004217530029c0ec50ebd003d003d0000014e001c0001001c0000000100010ec10008000000000000000000001929
WFR t=40366 src=mcu len=16 data=aa9e433f01000000000000000000719c
WFR t=40366 src=mcu len=16 data=aa9fb5a1b0bfd800000000000000dfe1
WFR t=40366 src=mcu len=16 data=aaa000000000020c000035006a00d1bd
WFR t=40366 src=mcu len=16 data=aaa188044a5357583036323430360894
WFR t=40432 src=bms len=12 data=4900ba04ec0d0200f7030d05
WFR t=40432 src=mcu len=16 data=aaa231344e4242463930333500005e71
WFR t=40432 src=mcu len=16 data=aaa3091a000000000000fffffeffd1cb
WFR t=40433 src=bms len=12 data=630297046d0a1901cafe2704
WFR t=40436 src=bms len=12 data=630297046d0a1901cafe2704
WFR t=40445 src=mcu len=16 data=aaa421042f000000000000000000eb9a
WFR t=40452 src=bms len=12 data=86009105c30cabffbafe5301
WFR t=40464 src=mcu len=16 data=aaa5433f010000000000000000002ae7
WFR t=40502 src=bms len=12 data=b1fe4506b215fb0801021403
WFR t=40504 src=mcu len=16 data=aaa6000000000000000000000000b4ce
WFR t=40524 src=mcu len=16 data=aaa7000000000000000000000000b64f
WFR t=40552 src=bms len=12 data=d701d5053c0543fb52fb6803
WFR t=40564 src=mcu len=16 data=aaa801801b000000400052a8194013c9
WFR t=40584 src=mcu len=16 data=aaa9028288135c4488132400ec02f999
WFR t=40602 src=bms len=12 data=60ff9b07880ea10236f98302
WFR t=40604 src=mcu len=16 data=aaaa091a0000000000000100feffcdda
WFT t=40621 batt_mv=4190 rssi_mcu=-51 rssi_bms=-69 mcu=1446 bms=28 dropped=0
WFR t=40644 src=mcu len=16 data=aaab21042f000000000000000000ff95
WFR t=40652 src=bms len=12 data=a7005e09060811028cefac05
WFR t=40664 src=mcu len=16 data=aaac433f01000000000000000000372e
WFR t=40702 src=bms len=12 data=dd09c0030410c0ea48f9390d
WFR t=40704 src=mcu len=16 data=aaad0048005f00021000000100801d27
WFR t=40724 src=mcu len=16 data=aaae55f04b0b18000000803a40005cef
WFR t=40752 src=bms len=12 data=72046a00c01272039cf9a5fc
WFR t=40764 src=mcu len=16 data=aaaf08610005460c2f78a00f090076a9
WFR t=40784 src=mcu len=16 data=aab0091a000000000000fffffeffea98
WFR t=40802 src=bms len=12 data=27086b07b910ba0729fdebf9
WFR t=40804 src=mcu len=16 data=aab121042f000000000000000000d90f
WFR t=40844 src=mcu len=16 data=aab2433f010000000000000000001f30
WFR t=40852 src=bms len=12 data=ae047307e90c640106fde200
WFR t=40865 src=mcu len=16 data=aab3014a02050030000488001c0073b8
WFR t=40902 src=bms len=12 data=2905eb04910fa5fde2ff5001
WFR t=40904 src=mcu len=16 data=aab40000770c820c710c40060000c175
WFR t=40924 src=mcu len=16 data=aab51c00e84f7918060ec20aaf00fd5f
WFR t=40944 src=mcu len=16 data=aab6040804080000cb022122f13fb1e9
WFR t=40952 src=bms len=12 data=20021b06880a73f80502dd01
WFR t=40984 src=mcu len=16 data=aa80091a0000000000000000fdffabbc
WFR t=41002 src=bms len=12 data=ac0270027e0d8afab3fec102
WFR t=41004 src=mcu len=16 data=aa8121042f00000000000000000098ff
WFR t=41044 src=mcu len=16 data=aa82433f010000000000000000005ec0
WFR t=41052 src=bms len=12 data=32fee805471fa5010603edfc
WFR t=41064 src=mcu len=16 data=aa83000100011101b70111019f00058c
WFR t=41084 src=mcu len=16 data=aa840000090a10560001310051c45a55
WFR t=41102 src=bms len=12 data=df077e05a6082c0de4004f09
WFR t=41124 src=mcu len=16 data=aa8513088003e204080b1000507864d4
WFR t=41144 src=mcu len=16 data=aa868403f4010400a00f8813c003f9eb
WFR t=41152 src=bms len=12 data=4efd6b070c13e3fe43030b02
WFR t=41184 src=mcu len=16 data=aa87091a000000000000fffffeffa02f
WFR t=41202 src=bms len=12 data=76080c06640905060ffe0205
WFR t=41204 src=mcu len=16 data=aa8821042f0000000000000000008536
WFR t=41209 src=bms len=129 data=d2037c0ebe0ebe0ebe0ebe0ebe0ebe0ebf0ebf0ebd0ebe0ebf0ebf0ec30ec30ec30ec20ec40ec40ec50ec40ec40ec50ec50ec50ec30ec50ec40ec50000000000000000003d000000000000000000000000000004217530029c0ec50ebd003d003d0000014e001c0001001c0000000100010ec10008000000000000000000003399
WFR t=41224 src=mcu len=16 data=aa89433f01000000000000000000444b
WFR t=41252 src=bms len=12 data=e5ff4805cf0c2dfc7efd5604
WFR t=41264 src=mcu len=16 data=aa8a480c1c0207284901230020001521
WFR t=41285 src=mcu len=16 data=aa8b40005c03474c775419031a0e80f3
WFR t=41302 src=bms len=12 data=f808d2019a0ca6fca2009801
WFR t=41324 src=mcu len=16 data=aa8c2225bf0420034006b80b3e02672c
WFR t=41344 src=mcu len=16 data=aa8d800c800000006c07102780008244
WFR t=41352 src=bms len=12 data=fa0faa00f1116cf854fd5a03
WFR t=41384 src=mcu len=16 data=aa8e091a000000000000fffffeffbde6
WFR t=41402 src=bms len=12 data=b8011f04eb07a500c5f532f8
WFR t=41405 src=mcu len=16 data=aa8f21042f0000000000000000008e71
WFR t=41424 src=mcu len=16 data=aa90433f010000000000000000006712
WFR t=41452 src=bms len=12 data=480cc601e013e0f4e6fee903
WFR t=41464 src=mcu len=16 data=aa910b000f00465a667332000b9ed1a0
WFR t=41484 src=mcu len=16 data=aa92000000000000000000000000fbba
WFR t=41502 src=bms len=12 data=4510bdffeb09190397fc2ffe
WFR t=41525 src=mcu len=16 data=aa93d804480804242c01c003214fe1ad
WFR t=41544 src=mcu len=16 data=aa94f0f465fffffff8080d00412af645
WFR t=41552 src=bms len=12 data=73067a01071a70f97e0176fc
WFR t=41564 src=mcu len=16 data=aa95091a000000000000fffffeff99fd
WFR t=41602 src=bms len=12 data=5a0bbd00ef0da4080af5d9fc
WFR t=41604 src=mcu len=16 data=aa9621042f000000000000000000ad28
WFR t=41624 src=mcu len=16 data=aa97433f010000000000000000006c55
WFR t=41652 src=bms len=12 data=f0ff9b05a10d0003f4fa1eff
WFR t=41664 src=mcu len=16 data=aa9807010200000056117eea00007aa4
WFR t=41684 src=mcu len=16 data=aa991d00ab04a08c64502748395e1e28
WFR t=41702 src=bms len=12 data=4308ad012507b409f2fcfe04
WFR t=41705 src=mcu len=16 data=aa9a646464625f5d5b5955010101d546
WFR t=41745 src=mcu len=16 data=aa9b0101010100000000fbfbecd30e91
WFR t=41752 src=bms len=12 data=e6066e0487099bfedc009802
WFR t=41765 src=mcu len=16 data=aa9c091a0000000000000000feff8410
WFR t=41802 src=bms len=12 data=0a0e1dffcc0afa047efe7405
WFR t=41804 src=mcu len=16 data=aa9d21042f000000000000000000b7a3
WFR t=41824 src=mcu len=16 data=aa9e433f01000000000000000000719c
WFR t=41844 src=mcu len=16 data=aa9fb5a1b0bfd800000000000000dfe1
WFR t=41852 src=bms len=12 data=7c0a8f02a10848014c0284ff
WFR t=41885 src=mcu len=16 data=aaa000000000020c000035006a00d1bd
WFR t=41902 src=bms len=12 data=630e3000b60b18031afe0f05
WFR t=41904 src=mcu len=16 data=aaa188044a5357583036323430360894
WFR t=41945 src=mcu len=16 data=aaa231344e4242463930333500005e71
WFR t=41952 src=bms len=12 data=020d05042f0da9ffe1fe7001
WFR t=41964 src=mcu len=16 data=aaa3091a000000000000fffffeffd1cb
WFR t=42002 src=bms len=12 data=ad0e78002a08420455f9ff04
WFR t=42005 src=mcu len=16 data=aaa421042f000000000000000000eb9a
WFR t=42024 src=mcu len=16 data=aaa5433f010000000000000000002ae7
WFR t=42044 src=mcu len=16 data=aaa6000000000000000000000000b4ce
WFR t=42052 src=bms len=12 data=3e0d5902d00bb401d0fb0dff
WFR t=42084 src=mcu len=16 data=aaa7000000000000000000000000b64f
WFR t=42102 src=bms len=12 data=390a8d0223039a063dfdaa01
WFR t=42104 src=mcu len=16 data=aaa801801b000000400052a8194013c9
WFR t=42145 src=mcu len=16 data=aaa9028288135c4488132400ec02f999
WFR t=42152 src=bms len=12 data=150cd40140033a0061003003
WFR t=42164 src=mcu len=16 data=aaaa091a0000000000000000feffcc26
WFR t=42269 src=bms len=12 data=160f8b024308e4021900c6ff
WFR t=42270 src=bms len=129 data=d2037c0ebf0ebe0ebe0ebe0ebf0ebe0ebf0ebf0ebd0ebe0ebe0ebf0ec30ec30ec30ec20ec30ec40ec50ec40ec40ec50ec50ec50ec30ec40ec40ec50000000000000000003d000000000000000000000000000004217530029c0ec50ebd003d003d0000014e001c0001001c0000000100010ec10008000000000000000000005320
WFR t=42270 src=mcu len=16 data=aaab21042f000000000000000000ff95
WFR t=42270 src=mcu len=16 data=aaac433f01000000000000000000372e
WFR t=42270 src=mcu len=16 data=aaad0048005f00021000000100801d27
WFR t=42271 src=bms len=12 data=d10eec02ef06b0028d011c00
WFR t=42284 src=mcu len=16 data=aaae55f04b0b18000000803a40005cef
WFR t=42302 src=bms len=12 data=6e0e7603aa0779034902be00
WFR t=42305 src=mcu len=16 data=aaaf08610005460c2f78a00f090076a9
WFR t=42324 src=mcu len=16 data=aab0091a000000000000fffffeffea98
WFR t=42352 src=bms len=12 data=b11024033a07770587025700
WFR t=42365 src=mcu len=16 data=aab121042f000000000000000000d90f
WFR t=42384 src=mcu len=16 data=aab2433f010000000000000000001f30
WFR t=42402 src=bms len=12 data=b00ef20522069001640277fe
WFR t=42445 src=mcu len=16 data=aab3014a02050030000488001c0073b8
WFR t=42445 src=mcu len=16 data=aab40000770c820c710c40060000c175
WFR t=42452 src=bms len=12 data=0711cc0532069f00f80059fe
WFR t=42485 src=mcu len=16 data=aab51c00e84f7918060eae0aaf00e00f
WFR t=42502 src=bms len=12 data=ce0aa00473063c029effbbfd
WFR t=42504 src=mcu len=16 data=aab6040804080000cb022122f13fb1e9
WFR t=42544 src=mcu len=16 data=aa80091a000000000000fffffeffab68
WFR t=42556 src=bms len=12 data=640c72046e052d01c800d9ff
WFR t=42565 src=mcu len=16 data=aa8121042f00000000000000000098ff
WFR t=42584 src=mcu len=16 data=aa82433f010000000000000000005ec0
WFR t=42602 src=bms len=12 data=fb0c1f05f604c500500050ff
WFR t=42624 src=mcu len=16 data=aa83000100011101b70111019f00058c
WFR t=42644 src=mcu len=16 data=aa840000090a10560001310051c45a55
WFR t=42652 src=bms len=12 data=0e0cd3052b0459021600f5fe
WFR t=42665 src=mcu len=16 data=aa8513088003e204080b1000507864d4
WFR t=42702 src=bms len=12 data=960d86068a043200c3ffb800
WFR t=42704 src=mcu len=16 data=aa868403f4010400a00f8813c003f9eb
WFR t=42725 src=mcu len=16 data=aa87091a000000000000fffffeffa02f
WFR t=42752 src=bms len=12 data=d90d11069605edfedbfe3b01
WFR t=42764 src=mcu len=16 data=aa8821042f0000000000000000008536
WFR t=42785 src=mcu len=16 data=aa89433f01000000000000000000444b
WFR t=42802 src=bms len=12 data=030c0a066506bb018dfe6f00
WFR t=42804 src=mcu len=16 data=aa8a480c1c0207284901230020001521
WFR t=42845 src=mcu len=16 data=aa8b40005c03474c775419031a0e80f3
WFR t=42852 src=bms len=12 data=340d6805e50798febfff5f00
WFR t=42864 src=mcu len=16 data=aa8c2225bf0420034006b80b3e02672c
WFR t=42902 src=bms len=12 data=170e17058d065400fdfe1100
WFR t=42905 src=mcu len=16 data=aa8d800c800000006c07102780008244
WFR t=42924 src=mcu len=16 data=aa8e091a000000000000fffffeffbde6
WFR t=42944 src=mcu len=16 data=aa8f21042f0000000000000000008e71
WFR t=42952 src=bms len=12 data=150e0705d9053b0050fffbff
WFR t=42985 src=mcu len=16 data=aa90433f010000000000000000006712
WFR t=43002 src=bms len=12 data=4b0d9c044005100181ff1f00
WFR t=43005 src=mcu len=16 data=aa910b000f00465a667332000b9ed1a0
WFR t=43044 src=mcu len=16 data=aa92000000000000000000000000fbba
WFR t=43052 src=bms len=12 data=4a0df204dc05d2ff9effc3ff
WFR t=43064 src=mcu len=16 data=aa93d804480804242c01c003214fe1ad
WFR t=43102 src=bms len=12 data=710dcb0452056c00f9ff7e00
WFR t=43105 src=mcu len=16 data=aa94f0f465fffffff8080d00412af645
WFR t=43124 src=mcu len=16 data=aa95091a000000000000fffffeff99fd
WFR t=43145 src=mcu len=16 data=aa9621042f000000000000000000ad28
WFR t=43152 src=bms len=12 data=930e7e0420065300bd006400
WFR t=43185 src=mcu len=16 data=aa97433f010000000000000000006c55
WFR t=43202 src=bms len=12 data=050eb104c5059eff70004300
WFR t=43205 src=mcu len=16 data=aa9807010200000056117eea00007aa4
WFR t=43244 src=mcu len=16 data=aa991d00ab04a08c64502748395e1e28
WFR t=43250 src=bms len=129 data=d2037c0ebf0ebe0ebf0ebe0ebe0ebe0ebf0ebf0ebd0ebe0ebf0ebf0ec30ec30ec30ec20ec30ec40ec40ec40ec40ec50ec50ec50ec30ec40ec40ec40000000000000000003d000000000000000000000000000004217530029c0ec50ebd003d003d0000014e001c0001001c0000000100010ec10008000000000000000000007625
WFR t=43252 src=bms len=12 data=350e66049506e4ff6e008d00
WFR t=43265 src=mcu len=16 data=aa9a646464625f5d5b5955010101d546
WFR t=43284 src=mcu len=16 data=aa9b0101010100000000fbfbecd30e91
WFR t=43302 src=bms len=12 data=dc0d5c049105dfff57004c00
WFR t=43325 src=mcu len=16 data=aa9c091a0000000000000000feff8410
WFR t=43344 src=mcu len=16 data=aa9d21042f000000000000000000b7a3
WFR t=43352 src=bms len=12 data=710d5f04cf0666ff65007800
WFR t=43385 src=mcu len=16 data=aa9e433f01000000000000000000719c
WFR t=43402 src=bms len=12 data=fe0e85044007e6fe24001b00
WFR t=43405 src=mcu len=16 data=aa9fb5a1b0bfd800000000000000dfe1
WFR t=43425 src=mcu len=16 data=aaa000000000020c000035006a00d1bd
WFR t=43452 src=bms len=12 data=2d0dba048e0746ff8400a4ff
WFR t=43465 src=mcu len=16 data=aaa188044a5357583036323430360894
WFR t=43484 src=mcu len=16 data=aaa231344e4242463930333500005e71
WFR t=43502 src=bms len=12 data=b60e7e04f3065cff2400adff
WFR t=43525 src=mcu len=16 data=aaa3091a000000000000fffffeffd1cb
WFR t=43544 src=mcu len=16 data=aaa421042f000000000000000000eb9a
WFR t=43552 src=bms len=12 data=0b0de204060819ff820012ff
WFR t=43565 src=mcu len=16 data=aaa5433f010000000000000000002ae7
WFR t=43602 src=bms len=12 data=aa0d6f04f80658fff7ffa7ff
WFR t=43605 src=mcu len=16 data=aaa6000000000000000000000000b4ce
WFR t=43625 src=mcu len=16 data=aaa7000000000000000000000000b64f
WFR t=43652 src=bms len=12 data=c60c4d0462074dff3b0068ff
WFR t=43665 src=mcu len=16 data=aaa801801b000000400052a8194013c9
WFR t=43685 src=mcu len=16 data=aaa9028288135c4488132400ec02f999
WFR t=43702 src=bms len=12 data=820d3a04d706e5ff1e002100
WFR t=43725 src=mcu len=16 data=aaaa091a0000000000000000feffcc26
WFR t=43745 src=mcu len=16 data=aaab21042f000000000000000000ff95
WFR t=43752 src=bms len=12 data=1e0d83044007e2ff62009aff
WFR t=43765 src=mcu len=16 data=aaac433f01000000000000000000372e
WFR t=43802 src=bms len=12 data=620d7e049607f1ff77005200
WFR t=43805 src=mcu len=16 data=aaad0048005f00021000000100801d27
WFR t=43825 src=mcu len=16 data=aaae55f04b0b18000000803a40005cef
WFR t=43852 src=bms len=12 data=bd0d8004690722001000c4ff
WFR t=43865 src=mcu len=16 data=aaaf08610005460c2f78a00f090076a9
WFR t=43884 src=mcu len=16 data=aab0091a0000000000000000feffeabc
WFR t=43902 src=bms len=12 data=230d8604de0701008c00eaff
WFR t=43905 src=mcu len=16 data=aab121042f000000000000000000d90f
WFR t=43945 src=mcu len=16 data=aab2433f010000000000000000001f30
WFR t=43952 src=bms len=12 data=d50d50041707dafff7ff0c00
WFR t=43965 src=mcu len=16 data=aab3014a02050030000488001c0073b8
WFR t=44002 src=bms len=12 data=490d5104df07c2ffa000aaff
WFR t=44005 src=mcu len=16 data=aab40000770c820c710c40060000c175
WFR t=44025 src=mcu len=16 data=aab51c00e84f7918060ee00aaf00f727
WFR t=44045 src=mcu len=16 data=aab6040804080000cb022122f13fb1e9
WFR t=44052 src=bms len=12 data=c30d16044307e0ff0e005d00
WFR t=44085 src=mcu len=16 data=aa80091a000000000000fffffeffab68
WFR t=44102 src=bms len=12 data=420d7404490749fff0ff9dff
WFR t=44105 src=mcu len=16 data=aa8121042f00000000000000000098ff
WFR t=44145 src=mcu len=16 data=aa82433f010000000000000000005ec0
WFR t=44152 src=bms len=12 data=ce0c13048607faff0a005a00
WFR t=44165 src=mcu len=16 data=aa83000100011101b70111019f00058c
WFR t=44354 src=bms len=12 data=690d240464078effe0ffdbff
WFR t=44355 src=mcu len=16 data=aa840000090a10560001310051c45a55
WFR t=44366 src=bms len=12 data=ba0c36040d08b2ff6200beff
WFR t=44366 src=mcu len=16 data=aa8513088003e204080b1000507864d4
WFR t=44366 src=mcu len=16 data=aa868403f4010400a00f8813c003f9eb
WFR t=44367 src=bms len=129 data=d2037c0ebe0ebe0ebf0ebe0ebe0ebe0ebf0ebf0ebd0ebe0ebf0ebf0ec30ec30ec30ec20ec40ec40ec50ec40ec40ec50ec50ec50ec30ec40ec40ec50000000000000000003d000000000000000000000000000004217530029c0ec50ebd003d003d0000014e001c0001001c0000000100010ec10008000000000000000000007049
WFR t=44367 src=mcu len=16 data=aa87091a000000000000fffffeffa02f
WFR t=44367 src=mcu len=16 data=aa8821042f0000000000000000008536
WFR t=44367 src=mcu len=16 data=aa89433f01000000000000000000444b
WFR t=44367 src=mcu len=16 data=aa8a480c1c0207284901230020001521
WFR t=44368 src=bms len=12 data=ac0c2d040908d7ff41000100
WFR t=44370 src=bms len=12 data=a40c2704f007edff36001f00
WFR t=44385 src=mcu len=16 data=aa8b40005c03474c775419031a0e80f3
WFR t=44402 src=bms len=12 data=b20deb037207f0fff1ffa500
WFR t=44425 src=mcu len=16 data=aa8c2225bf0420034006b80b3e02672c
WFR t=44445 src=mcu len=16 data=aa8d800c800000006c07102780008244
WFR t=44452 src=bms len=12 data=6e0dd9037807a6ff1d00dfff
WFR t=44485 src=mcu len=16 data=aa8e091a000000000000fffffeffbde6
WFR t=44502 src=bms len=12 data=6e0db1038107090022007e00
WFR t=44505 src=mcu len=16 data=aa8f21042f0000000000000000008e71
WFR t=44525 src=mcu len=16 data=aa90433f010000000000000000006712
WFR t=44552 src=bms len=12 data=5f0d8f036207b7ffc0ff0200
WFR t=44565 src=mcu len=16 data=aa910b000f00465a667332000b9ed1a0
WFR t=44585 src=mcu len=16 data=aa92000000000000000000000000fbba
WFR t=44602 src=bms len=12 data=fb0cc8039208f0ff38002d00
WFR t=44625 src=mcu len=16 data=aa93d804480804242c01c003214fe1ad
WFR t=44645 src=mcu len=16 data=aa94f0f465fffffff8080d00412af645
WFR t=44652 src=bms len=12 data=2b0e8703fc078dffb9ff3b00
WFR t=44665 src=mcu len=16 data=aa95091a000000000000fffffeff99fd
WFR t=44702 src=bms len=12 data=350dd703b90772ffe2ff0d00
WFR t=44705 src=mcu len=16 data=aa9621042f000000000000000000ad28
WFR t=44725 src=mcu len=16 data=aa97433f010000000000000000006c55
WFR t=44752 src=bms len=12 data=a20d73035107fafffaff5d00
WFR t=44765 src=mcu len=16 data=aa9807010200000056117eea00007aa4
WFR t=44785 src=mcu len=16 data=aa991d00ab04a08c64502748395e1e28
WFR t=44802 src=bms len=12 data=9a0d59036307c0ffc7ffdeff
WFR t=44825 src=mcu len=16 data=aa9a646464625f5d5b5955010101d546
WFR t=44845 src=mcu len=16 data=aa9b0101010100000000fbfbecd30e91
WFR t=44852 src=bms len=12 data=730d5e031a0893ff15006500
WFR t=44865 src=mcu len=16 data=aa9c091a0000000000000000feff8410
WFR t=44902 src=bms len=12 data=100ea003c1072400a0ff1800
WFR t=44905 src=mcu len=16 data=aa9d21042f000000000000000000b7a3
WFR t=44925 src=mcu len=16 data=aa9e433f01000000000000000000719c
WFR t=44952 src=bms len=12 data=0a0dc403580891fff9ffebff
WFR t=44965 src=mcu len=16 data=aa9fb5a1b0bfd800000000000000dfe1
WFR t=44985 src=mcu len=16 data=aaa000000000020c000035006a00d1bd
WFR t=45002 src=bms len=12 data=8f0e4c03f007e0ffa0ff5500
WFR t=45005 src=mcu len=16 data=aaa188044a5357583036323430360894
WFR t=45045 src=mcu len=16 data=aaa231344e4242463930333500005e71
WFR t=45052 src=bms len=12 data=b60d5103e50783ffb7ffa8ff
WFR t=45065 src=mcu len=16 data=aaa3091a000000000000fffffeffd1cb
WFR t=45102 src=bms len=12 data=b10d57035d072e00bdffedff
WFR t=45105 src=mcu len=16 data=aaa4210420000000000000000000dbaa
WFR t=45125 src=mcu len=16 data=aaa5433f010000000000000000002ae7
WFR t=45145 src=mcu len=16 data=aaa6000000000000000000000000b4ce
WFR t=45152 src=bms len=12 data=240d68032907b4ffc8ff7cff
WFR t=45185 src=mcu len=16 data=aaa7000000000000000000000000b64f
WFR t=45202 src=bms len=12 data=fc0cdf027d078ffffbff6200
WFR t=45205 src=mcu len=16 data=aaa801801b000000400052a8194013c9
WFR t=45245 src=mcu len=16 data=aaa9028288135c4488132400ec02f999
WFR t=45252 src=bms len=12 data=010edd02240734ff79ff3300
WFR t=45260 src=bms len=129 data=d2037c0ebe0ebd0ebf0ebe0ebe0ebe0ebf0ebf0ebd0ebe0ebe0ebf0ec30ec30ec30ec20ec30ec30ec40ec40ec40ec50ec50ec50ec30ec40ec40ec50000000000000000003d000000000000000000000000000004217530029c0ec50ebd003d003d0000014e001c0001001c0000000100010ec100080000000000000000000092d0
WFR t=45265 src=mcu len=16 data=aaaa391a018000000000db0b67f25cd6
WFR t=45302 src=bms len=12 data=3c0d2c03e5072bffe0ff1500
WFR t=45352 src=bms len=12 data=420ee402d706f5fe83ff5400
WFR t=45402 src=bms len=12 data=770ef902840787fea0ff5900
WFR t=45452 src=bms len=12 data=05102602e805b8fee6feeeff
WFR t=45502 src=bms len=12 data=d50fd5014806defda8fe9dff
WFR t=45552 src=bms len=12 data=8f1024021e0465fe4afed1ff
WFR t=45602 src=bms len=12 data=5c0f0102160574fdb0fee2fe
WFR t=45652 src=bms len=12 data=9810f9019f05a5fc52fe77fe
WFT t=45674 batt_mv=4200 rssi_mcu=-60 rssi_bms=-75 mcu=1611 bms=33 dropped=0
WFR t=45702 src=bms len=12 data=d20f5e01ee04bffca5fe51fe
WFR t=45752 src=bms len=12 data=ab0f1500ef03b8fdd4fd59fe
WFR t=45802 src=bms len=12 data=6a117bffd5054cfa12ff9bfd
WFR t=45852 src=bms len=12 data=01106cffe1031dfbc9fdddfd
WFR t=45902 src=bms len=12 data=571062fd310496f905fd7dfe
WFR t=45952 src=bms len=12 data=561083fe960775f947fec1fc
WFR t=46002 src=bms len=12 data=5f116dfe5e057af8e2fcb8fd
WFR t=46052 src=bms len=12 data=3d10a0fec00756faa0fd15fc
WFR t=46102 src=bms len=12 data=530e24ff69078ef944fe5afc
WFR t=46152 src=bms len=12 data=cf0d13009906c5fa48febdfc
WFR t=46278 src=bms len=12 data=c60f5c019f08b1f99100c9fb
WFR t=46290 src=bms len=12 data=6b0b050281056cfa4a00e0fb
WFE t=46291 mcu disconnected reason=520
WFR t=46302 src=bms len=12 data=ac0b0404f00604f9bb0038fd
WFR t=46308 src=bms len=129 data=d2037c0ebe0ebe0ebf0ebe0ebf0ebe0ebf0ebf0ebd0ebe0ebf0ebf0ec30ec30ec30ec20ec40ec40ec50ec40ec40ec40ec50ec50ec30ec40ec40ec40000000000000000003d000000000000000000000000000004217530029c0ec50ebd003d003d0000014e001c0001001c0000000100010ec1000800000000000000000000c10a
WFR t=46379 src=bms len=12 data=2b0a1c04a8079dfe5e006ffd
WFR t=46402 src=bms len=12 data=1e0f5e02a7062cfb11021ffd
WFR t=46452 src=bms len=12 data=bb0e3e09d40c0afc1b0afffa
WFR t=46502 src=bms len=12 data=160c0206f50930fe250a5bf9
WFR t=46552 src=bms len=12 data=9907f106120c57fef109e2f9
WFR t=46602 src=bms len=12 data=210a9a059f0de1019404bfff
WFR t=46652 src=bms len=12 data=69049d07910e0b00e4036ffe
WFR t=46702 src=bms len=12 data=f0039d07890d9209ec018a01
WFR t=46752 src=bms len=12 data=560302085009eaff49fc2a02
WFR t=46802 src=bms len=12 data=6a0b6904710aa007eb02c5ff
WFR t=46852 src=bms len=12 data=a705a107df0610fe62ff87fd
WFR t=46902 src=bms len=12 data=2a0cb505f61055f998fc27fe
WFR t=46952 src=bms len=12 data=4900120bce14a7fd67ff18f9
WFR t=47002 src=bms len=12 data=b0021d089c0775063afef2fc
WFR t=47052 src=bms len=12 data=ca03f906220842ff3b0153fb
WFR t=47102 src=bms len=12 data=9cfa700bee0d84ff0f01cefa
WFR t=47152 src=bms len=12 data=cdf7f70a8109f9fbebfea603
WFR t=47202 src=bms len=12 data=99fda4081d12a2fdb9077103
WFR t=47252 src=bms len=12 data=fafdaa07c3107403c90bfb00
WFR t=47302 src=bms len=12 data=01069f0512135a00bb044803
WFR t=47352 src=bms len=12 data=c80513067511bd015404d5ff
WFR t=47402 src=bms len=12 data=6005d407600853080604c9fe
WFR t=47452 src=bms len=12 data=78ff8d0b360599f7bcfe73fe
WFR t=47502 src=bms len=12 data=06066c0bb61e6ffc330834fd
WFR t=47552 src=bms len=12 data=17019f0be7078a062d000cfc
WFR t=47602 src=bms len=12 data=cffc6509460949ff5d015ffe
WFR t=47652 src=bms len=12 data=b8ffe208270a4dfb51fdfefc
WFR t=47702 src=bms len=12 data=68fd6508cd14f4fb34062dfd
WFR t=47752 src=bms len=12 data=b0055e0764088d01d7fca2fe
WFR t=47802 src=bms len=12 data=28f4e90b210b4200b1fa33fb
WFR t=47852 src=bms len=12 data=9806a5061208b004d4fa2102
WFR t=47902 src=bms len=12 data=6bfb790da21195f6f5052cfa
WFR t=47952 src=bms len=12 data=aeff6d08f3088f0810fe5601
WFR t=48002 src=bms len=12 data=b2f7bd08230afff7b9fc1c00
WFR t=48052 src=bms len=12 data=27fd1f08be1021feeb004501
WFR t=48102 src=bms len=12 data=65f93f085e0f3afa49fe8100
WFR t=48152 src=bms len=12 data=6b00ff05bf10b900dcff1602
WFR t=48274 src=bms len=12 data=02fec605e00ed0fca5ff4103
WFR t=48324 src=bms len=12 data=14019104ea0e8dfe16fff401
WFR t=48330 src=bms len=12 data=b8fc65051712f8fe7300e401
WFR t=48353 src=bms len=12 data=d7ff10050f10200001005503
WFR t=48468 src=bms len=12 data=b3ffa703a80ed2fe4500c301
WFR t=48470 src=bms len=12 data=d103a503731282fc59ff1900
WFR t=48502 src=bms len=12 data=d6f9c903a21291fc9403c3fb
WFR t=48552 src=bms len=12 data=5d001e02470c0e00c9fef504
WFR t=48602 src=bms len=12 data=76014b027e14a8fc79006a01
WFR t=48652 src=bms len=12 data=e1fe29ff7810840125000101
WFR t=48702 src=bms len=12 data=37fe7d03e80e6effc1ffc901
WFR t=48752 src=bms len=12 data=5b00cd011b124c039e00b800
WFR t=48802 src=bms len=12 data=7dfd4a048b0c22017c0000ff
WFR t=48852 src=bms len=12 data=72ffad03410e3fffa1ff3101
WFR t=48902 src=bms len=12 data=82027003ba139900ab017e00
WFR t=48952 src=bms len=12 data=affcb1041f0e97019800b300
WFR t=49002 src=bms len=12 data=0a0152052d0c0a001301ab01
WFR t=49052 src=bms len=12 data=8eff2b059b1409fd60016802
WFR t=49102 src=bms len=12 data=cb01bd038b0e3802b300a801
WFR t=49152 src=bms len=12 data=47fef303911148fd4b02fe01
WFR t=49202 src=bms len=12 data=55ff1404ec0d2b03baff07ff
WFR t=49252 src=bms len=12 data=a3f86f042312ba0036026c01
WFR t=49302 src=bms len=12 data=86fc4606690910066d008604
WFR t=49352 src=bms len=12 data=0ffdb105810c45fbc0fbc600
WFR t=49402 src=bms len=12 data=4ffb8d0a2c127efac1fca201
WFR t=49452 src=bms len=12 data=f8fe23045810960032f83301
WFR t=49502 src=bms len=12 data=96fe9004f40f8bfd34ff6202
WFR t=49552 src=bms len=12 data=6701a703b00f22020f01c901
WFR t=49602 src=bms len=12 data=72ff8c0515113301d8005602
WFR t=49652 src=bms len=12 data=7804ca06930f680328046202
WFR t=49702 src=bms len=12 data=54fdb7058a0c92015afe8900
WFR t=49752 src=bms len=12 data=eb027e043b10c3fd0903a502
WFR t=49802 src=bms len=12 data=42fe4b07a90ab502b6002a00
WFR t=49852 src=bms len=12 data=6b016708560d24fc88012a01
WFR t=49902 src=bms len=12 data=1cfd5c07be10280274ff8102
WFR t=49952 src=bms len=12 data=3100c706060891fd53fd1001
WFR t=50002 src=bms len=12 data=a5006a026b17e0f044f5b604
WFR t=50052 src=bms len=12 data=a503d405900c8104800019fe
WFR t=50102 src=bms len=12 data=19fe4e03c117f6f9cffba901
WFR t=50152 src=bms len=12 data=740a5c00f7111703ef03c600
WFR t=50202 src=bms len=12 data=20ff70ffc00fa4036c0160f8
WFR t=50308 src=bms len=12 data=03025301e90d51f5470196fe
WFR t=50310 src=bms len=12 data=8c017e006c1079f31c0590fe
WFR t=50352 src=bms len=12 data=a5005c00a617d6ff76ff2d03
WFR t=50402 src=bms len=12 data=d00208014d0db3014eff5201
WFR t=50452 src=bms len=12 data=9501ce008910830fa808e506
WFR t=50502 src=bms len=12 data=1705e00468081f0559065504
WFR t=50552 src=bms len=12 data=a902e804a80e440284044b04
WFR t=50602 src=bms len=12 data=4d001d06750ec4ffdb024e02
WFR t=50652 src=bms len=12 data=7802610610104f017503f802
WFR t=50702 src=bms len=12 data=75ff270611101c00da038202
WFR t=50752 src=bms len=12 data=4f0027061c0f10ff0402c202
WFR t=50802 src=bms len=12 data=f0002005f50f95fb30fef002
WFR t=50852 src=bms len=12 data=38fefc01e61418fcb501da02
WFR t=50902 src=bms len=12 data=b001ae01940dcb01dbff4700
WFR t=50952 src=bms len=12 data=26fedb02560f5bffcaffbd02
WFR t=51002 src=bms len=12 data=94fe40044c10a90431021902
WFR t=51052 src=bms len=12 data=f1fd7004ec0fa3fe8dfe0e03
WFR t=51102 src=bms len=12 data=edff310308111d0528025a03
WFR t=51152 src=bms len=12 data=81fcdc045a0a53fed1027a02
WFR t=51203 src=bms len=12 data=befe8503d210b4fb89009c09
WFR t=51252 src=bms len=12 data=330ac00513109c0198f68301
WFR t=51302 src=bms len=12 data=b1fddd04c610f6fac5fdd9f5
WFR t=51352 src=bms len=12 data=47ff6005790c6405ed040004
WFR t=51402 src=bms len=12 data=e300ef042f0e0e056f00c703
WFR t=51452 src=bms len=12 data=1903ac07400fd405c7ff5aff
WFR t=51502 src=bms len=12 data=18fdcd05de0fb60509055103
WFR t=51552 src=bms len=12 data=bef85e08411075068b07e707
WFR t=51602 src=bms len=12 data=2d012a08710db5069b071f03
WFR t=51652 src=bms len=12 data=75009508cf05ac08ea01e905
WFR t=51702 src=bms len=12 data=66079c0582145ef927ff1107
WFR t=51752 src=bms len=12 data=42ff3106a40b88fbe5027cfe
WFR t=51802 src=bms len=12 data=fd016e05330c1ef26206a400
WFR t=51852 src=bms len=12 data=e8fca6066f108af74c061cfb
WFR t=51902 src=bms len=12 data=10ff76039f1359020bfcff01
WFR t=51952 src=bms len=12 data=42014005330f2802eaffc8fd
WFR t=52002 src=bms len=12 data=03011504e610510428fd0b01
WFR t=52052 src=bms len=12 data=890081056e0c0b0565fcd8ff
WFR t=52102 src=bms len=12 data=32fec405c80e28113909c001
WFR t=52152 src=bms len=12 data=09fc020a7c07e8ffa7fc7eff
WFR t=52202 src=bms len=12 data=87044c095f09fcfa51ffe405
WFR t=52314 src=bms len=12 data=5f02bf089210cbf69cfd0806
WFR t=52326 src=bms len=12 data=ce004208d6115ffafffb3c00
WFR t=52352 src=bms len=12 data=99016908431169ffeafd4101
WFR t=52402 src=bms len=12 data=a106fe02ce132bfc490023fc
WFR t=52452 src=bms len=12 data=4bff8d01b80d5cfd91011400
WFR t=52502 src=bms len=12 data=5b08380150107c079d002efd
WFR t=52552 src=bms len=12 data=e0fda803440a150b33ffe9fe
WFR t=52602 src=bms len=12 data=4e03db063f0c3f05a401b900
WFR t=52652 src=bms len=12 data=13fd2609150e47ff49015900
WFR t=52702 src=bms len=12 data=23012d02e710eefbce01fc00
WFR t=52752 src=bms len=12 data=c0fd7907890f0d006701a2fe
WFR t=52802 src=bms len=12 data=3a00f9051d0dcf007c013c00
WFR t=52852 src=bms len=12 data=21feab06d10d98ff5d01d3fe
WFR t=52902 src=bms len=12 data=35ff6507840e8b00d600d6ff
WFR t=52952 src=bms len=12 data=d0fc7e07f40ddaffa600b6fe
WFR t=53002 src=bms len=12 data=4bfee807d60db8fec7ff45ff
WFR t=53052 src=bms len=12 data=f2fcf507150fcdff22007300
WFR t=53102 src=bms len=12 data=76fd88078511a7fd8a013202
WFR t=53152 src=bms len=12 data=310250060410a5014702ef02
WFR t=53202 src=bms len=12 data=4b0070078f0c510317037dff
WFT t=53218 batt_mv=4196 rssi_mcu=0 rssi_bms=-82 mcu=1611 bms=34 dropped=0
WFE t=53231 stop: user
CAPDUMP_END records=0
wf>  