
wf>  
=== $ capdump 7
capdump 7
CAPHDR seq=7 version=1 unix_start=1788080992 boot_ms=246609 mcu=c0:0e:11:de:00:d8 bms=40:18:03:01:20:e9 note=wildfire idf v6.1
WFR t=1 src=mcu type=0x01 len=16 data=aa800118008000000000feff00002115
WFR t=1 src=mcu type=0x01 len=16 data=aa811f042e00000000000000000060ad
WFR t=1 src=mcu type=0x01 len=16 data=aa822325751500000000000000001a36
WFR t=1 src=mcu type=0x01 len=16 data=aa83000100011101b70111019f00058c
WFR t=1 src=mcu type=0x01 len=16 data=aa840000090a10560001310051c45a55
WFE t=3 capture start seq=7 file=cap0007.wfl unix=1788080992 batt=3942 mv
WFI t=4 a=-3445,4838,1654 g=860,-2608,2125
WFE t=16 mcu connected addr=c0:0e:11:de:00:d8
WFE t=17 bms connected addr=40:18:03:01:20:e9
WFR t=21 src=mcu type=0x01 len=16 data=aa8513088003e204080b1000507864d4
WFT t=34 batt_mv=3936 rssi_mcu=-57 rssi_bms=-67 mcu=6 bms=0 dropped=0
WFR t=41 src=mcu type=0x01 len=16 data=aa868403f4010400a00f8813c003f9eb
WFI t=53 a=-2309,2815,863 g=922,-1862,1424
WFR t=61 src=mcu type=0x01 len=16 data=aa870118008000000000feff00002a52
WFR t=101 src=mcu type=0x01 len=16 data=aa881f042e0000000000000000007d64
WFI t=103 a=-2467,4277,851 g=2279,-801,-1432
WFR t=121 src=mcu type=0x01 len=16 data=aa8923257515000000000000000000bd
WFI t=153 a=-2941,3439,230 g=-4752,-1509,736
WFR t=161 src=mcu type=0x01 len=16 data=aa8a480c1c0207284901230020001521
WFR t=181 src=mcu type=0x01 len=16 data=aa8b40005c03474c775419031a0e80f3
WFR t=201 src=mcu type=0x01 len=16 data=aa8c2225bf0420034006b80b3e02672c
WFI t=203 a=-1452,5175,5419 g=-5113,-929,1524
WFR t=241 src=mcu type=0x01 len=16 data=aa8d800c800000006c07102780008244
WFI t=253 a=-1846,681,2514 g=75,-141,-1476
WFR t=256 src=bms type=0x02 len=129 data=d2037c0eb50eb40eb50eb40eb50eb40eb50eb50eb30eb40eb50eb60eba0eb90eba0eb80eba0eba0ebb0ebb0eba0ebb0ebb0ebb0eba0ebb0ebb0ebb0000000000000000003b0000000000000000000000000000041f752f029b0ebb0eb3003b003b0000014d001c0001001c0000000100010eb70008000a0000000000000000ec19
WFR t=261 src=mcu type=0x01 len=16 data=aa8e0118008000000000ffff00003667
WFR t=301 src=mcu type=0x01 len=16 data=aa8f1f042e0000000000000000007623
WFI t=303 a=-2194,3915,2308 g=5992,628,-1562
WFR t=321 src=mcu type=0x01 len=16 data=aa9023257515000000000000000023e4
WFR t=341 src=mcu type=0x01 len=16 data=aa910b000f00465a667332000b9ed1a0
WFI t=353 a=-3375,2875,416 g=-828,-380,328
WFR t=381 src=mcu type=0x01 len=16 data=aa92000000000000000000000000fbba
WFR t=401 src=mcu type=0x01 len=16 data=aa93d804480804242c01c003214fe1ad
WFI t=403 a=-583,3737,3634 g=4729,1458,-1206
WFR t=441 src=mcu type=0x01 len=16 data=aa94f0f465fffffff8080e00412af601
WFI t=453 a=-924,3665,232 g=1137,-1911,-2871
WFR t=461 src=mcu type=0x01 len=16 data=aa950118008000000000ffff0000127c
WFR t=501 src=mcu type=0x01 len=16 data=aa961f042e000000000000000000557a
WFI t=503 a=-2084,1178,2288 g=-926,-1221,-7070
WFR t=521 src=mcu type=0x01 len=16 data=aa9723257515000000000000000028a3
WFR t=541 src=mcu type=0x01 len=16 data=aa9807010300000056117eea00002b61
WFI t=553 a=-3040,3049,765 g=88,-2609,-5
WFR t=581 src=mcu type=0x01 len=16 data=aa991d00ab04a08c64502748395e1e28
WFR t=601 src=mcu type=0x01 len=16 data=aa9a646464625f5d5b5955010101d546
WFI t=603 a=1088,2914,2110 g=-3438,-2101,39
WFR t=641 src=mcu type=0x01 len=16 data=aa9b0101010100000000fbfbecd30e91
WFI t=653 a=-7307,-675,1574 g=-3059,-1842,-3661
WFR t=661 src=mcu type=0x01 len=16 data=aa9c0118008000000000ffff00000fb5
WFR t=681 src=mcu type=0x01 len=16 data=aa9d1f042e0000000000000000004ff1
WFI t=703 a=-4224,173,2494 g=963,521,289
WFR t=721 src=mcu type=0x01 len=16 data=aa9e232575150000000000000000356a
WFR t=741 src=mcu type=0x01 len=16 data=aa9fb5a1b0bfd800000000000000dfe1
WFI t=753 a=-3249,-191,2406 g=-491,-1401,-949
WFR t=781 src=mcu type=0x01 len=16 data=aaa000000000020c000035006a00d1bd
WFR t=801 src=mcu type=0x01 len=16 data=aaa188044a5357583036323430360894
WFI t=803 a=-1847,178,4016 g=881,-3612,-658
WFR t=821 src=mcu type=0x01 len=16 data=aaa231344e4242463930333500005e71
WFI t=853 a=-2849,246,3425 g=632,-1460,-227
WFR t=861 src=mcu type=0x01 len=16 data=aaa30118008000000000ffff00005a4a
WFR t=881 src=mcu type=0x01 len=16 data=aaa41f042e00000000000000000013c8
WFI t=903 a=-1652,-273,3840 g=354,-874,-569
WFR t=921 src=mcu type=0x01 len=16 data=aaa52325751500000000000000006e11
WFR t=941 src=mcu type=0x01 len=16 data=aaa6000000000000000000000000b4ce
WFI t=953 a=-1395,218,3888 g=486,18,10
WFR t=961 src=mcu type=0x01 len=16 data=aaa7000000000000000000000000b64f
WFR t=1001 src=mcu type=0x01 len=16 data=aaa801801b000000400052a8194013c9
WFI t=1003 a=-2010,2156,4645 g=3148,-1773,877
WFR t=1021 src=mcu type=0x01 len=16 data=aaa9028288135c4488132400ec02f999
WFI t=1053 a=-83,-2215,3916 g=1,-30,-1332
WFR t=1061 src=mcu type=0x01 len=16 data=aaaa0118008000000000ffffffff4633
WFR t=1081 src=mcu type=0x01 len=16 data=aaab1f042e00000000000000000007c7
WFI t=1103 a=-1699,596,3827 g=6,-10,-10
WFR t=1121 src=mcu type=0x01 len=16 data=aaac23257515000000000000000073d8
WFR t=1141 src=mcu type=0x01 len=16 data=aaad0048005f00021000000100801d27
WFI t=1153 a=-1701,625,3840 g=8,-9,-2
WFR t=1161 src=mcu type=0x01 len=16 data=aaae55f04b0b18000000803a40005cef
WFR t=1201 src=mcu type=0x01 len=16 data=aaaf08610005460c2d78a00f0900774b
WFI t=1203 a=-1644,864,3787 g=-4,-52,1321
WFR t=1221 src=mcu type=0x01 len=16 data=aab00118008000000000feffffff6155
WFR t=1231 src=bms type=0x02 len=129 data=d2037c0eb50eb40eb50eb50eb50eb40eb50eb50eb40eb40eb50eb60eba0eba0eba0eb80eba0eba0ebb0ebb0eba0ebb0ebb0ebb0eb90ebb0ebb0ebb0000000000000000003b0000000000000000000000000000041f752f029b0ebb0eb4003b003b0000014d001c0001001c0000000100010eb70007000a0000000000000000e198
WFI t=1253 a=-1586,714,3849 g=2,-10,-4
WFR t=1261 src=mcu type=0x01 len=16 data=aab11f042e000000000000000000215d
WFR t=1281 src=mcu type=0x01 len=16 data=aab22325751500000000000000005bc6
WFR t=1301 src=mcu type=0x01 len=16 data=aab3014a020500300004880017007488
WFI t=1303 a=-1639,764,3822 g=0,-7,-4
WFR t=1341 src=mcu type=0x01 len=16 data=aab40000750c800c710c3f060000f8b2
WFI t=1353 a=-1969,987,3858 g=7,-27,-2
WFR t=1361 src=mcu type=0x01 len=16 data=aab51900e84e7918060ef90ac500df47
WFR t=1401 src=mcu type=0x01 len=16 data=aab6070807080000cb020122f13f4e22
WFI t=1403 a=-980,-148,3742 g=2,8,-743
WFR t=1421 src=mcu type=0x01 len=16 data=aa800118008000000000ffff000020e9
WFR t=1441 src=mcu type=0x01 len=16 data=aa811f042e00000000000000000060ad
WFI t=1453 a=-1650,659,3844 g=-1,1,3
WFR t=1481 src=mcu type=0x01 len=16 data=aa822325751500000000000000001a36
WFR t=1501 src=mcu type=0x01 len=16 data=aa83000100011101b70111019f00058c
WFI t=1503 a=-1597,886,3668 g=4,15,1280
WFR t=1541 src=mcu type=0x01 len=16 data=aa840000090a10560001310051c45a55
WFI t=1553 a=-1622,775,3829 g=-1,-10,-3
WFR t=1561 src=mcu type=0x01 len=16 data=aa8513088003e204080b1000507864d4
WFR t=1601 src=mcu type=0x01 len=16 data=aa868403f4010400a00f8813c003f9eb
WFI t=1603 a=-1612,800,3821 g=1,-8,-2
WFR t=1621 src=mcu type=0x01 len=16 data=aa870118008000000000ffff00002bae
WFR t=1641 src=mcu type=0x01 len=16 data=aa881f042e0000000000000000007d64
WFI t=1653 a=-1628,781,3827 g=3,-9,-3
WFR t=1681 src=mcu type=0x01 len=16 data=aa8923257515000000000000000000bd
WFR t=1701 src=mcu type=0x01 len=16 data=aa8a480c1c0207284901230020001521
WFI t=1703 a=-1617,796,3814 g=-1,-8,-1
WFR t=1741 src=mcu type=0x01 len=16 data=aa8b40005c03474c775419031a0e80f3
WFI t=1753 a=-1643,815,3834 g=-4,-8,-4
WFR t=1761 src=mcu type=0x01 len=16 data=aa8c2225bf0420034006b80b3e02672c
WFR t=1781 src=mcu type=0x01 len=16 data=aa8d800c800000006c07102780008244
WFI t=1803 a=-1601,782,3829 g=-2,-8,-4
WFR t=1821 src=mcu type=0x01 len=16 data=aa8e0118008000000000ffff00003667
WFR t=1841 src=mcu type=0x01 len=16 data=aa8f1f042e0000000000000000007623
WFI t=1853 a=-1591,793,3845 g=-3,-6,-4
WFR t=1881 src=mcu type=0x01 len=16 data=aa9023257515000000000000000023e4
WFR t=1901 src=mcu type=0x01 len=16 data=aa910b000f00465a667332000b9ed1a0
WFI t=1903 a=-1609,763,3849 g=-5,-5,-6
WFR t=2008 src=mcu type=0x01 len=16 data=aa92000000000000000000000000fbba
WFR t=2009 src=mcu type=0x01 len=16 data=aa93d804480804242c01c003214fe1ad
WFR t=2009 src=mcu type=0x01 len=16 data=aa94f0f465fffffff8080e00412af601
WFI t=2010 a=-1625,792,3825 g=-2,-8,-2
WFI t=2013 a=-1636,777,3815 g=3,-8,-4
WFR t=2021 src=mcu type=0x01 len=16 data=aa950118008000000000ffff0000127c
WFR t=2041 src=mcu type=0x01 len=16 data=aa961f042e000000000000000000557a
WFI t=2053 a=-1645,765,3829 g=3,-9,-3
WFR t=2061 src=mcu type=0x01 len=16 data=aa9723257515000000000000000028a3
WFR t=2101 src=mcu type=0x01 len=16 data=aa9807010300000056117eea00002b61
WFI t=2103 a=-1680,750,3822 g=-3,-8,0
WFR t=2121 src=mcu type=0x01 len=16 data=aa991d00ab04a08c64502748395e1e28
WFI t=2153 a=-1623,807,3834 g=2,-10,3
WFR t=2161 src=mcu type=0x01 len=16 data=aa9a646464625f5d5b5955010101d546
WFR t=2181 src=mcu type=0x01 len=16 data=aa9b0101010100000000fbfbecd30e91
WFI t=2203 a=-1584,809,3830 g=4,-10,-1
WFR t=2222 src=mcu type=0x01 len=16 data=aa9c0118008000000000ffffffff0e05
WFR t=2236 src=bms type=0x02 len=129 data=d2037c0eb50eb40eb50eb50eb50eb40eb50eb50eb30eb40eb50eb60eba0eba0eba0eb80eba0eba0ebb0ebb0ebb0ebb0ebc0ebb0eb90ebb0ebb0ebb0000000000000000003b0000000000000000000000000000041f752f029b0ebc0eb3003b003b0000014d001c0001001c0000000100010eb70009000a0000000000000000b0d8
WFR t=2241 src=mcu type=0x01 len=16 data=aa9d1f042e0000000000000000004ff1
WFI t=2253 a=-1614,786,3837 g=-2,-12,-2
WFR t=2261 src=mcu type=0x01 len=16 data=aa9e232575150000000000000000356a
WFR t=2301 src=mcu type=0x01 len=16 data=aa9fb5a1b0bfd800000000000000dfe1
WFI t=2303 a=-1605,794,3831 g=1,-10,-1
WFR t=2321 src=mcu type=0x01 len=16 data=aaa000000000020c000035006a00d1bd
WFI t=2353 a=-1597,830,3837 g=-4,-10,-2
WFR t=2361 src=mcu type=0x01 len=16 data=aaa188044a5357583036323430360894
WFR t=2381 src=mcu type=0x01 len=16 data=aaa231344e4242463930333500005e71
WFR t=2401 src=mcu type=0x01 len=16 data=aaa30118008000000000ffff00005a4a
WFI t=2403 a=-1606,809,3811 g=-1,-6,-1
WFR t=2441 src=mcu type=0x01 len=16 data=aaa41f042e00000000000000000013c8
WFI t=2453 a=-1591,809,3810 g=0,-5,-5
WFR t=2461 src=mcu type=0x01 len=16 data=aaa52325751500000000000000006e11
WFR t=2501 src=mcu type=0x01 len=16 data=aaa6000000000000000000000000b4ce
WFI t=2503 a=-1608,793,3833 g=-1,-2,0
WFR t=2521 src=mcu type=0x01 len=16 data=aaa7000000000000000000000000b64f
WFR t=2541 src=mcu type=0x01 len=16 data=aaa801801b000000400052a8194013c9
WFI t=2553 a=-1601,752,3849 g=-10,-4,-5
WFR t=2581 src=mcu type=0x01 len=16 data=aaa9028288135c4488132400ec02f999
WFR t=2601 src=mcu type=0x01 len=16 data=aaaa0118008000000000ffffffff4633
WFI t=2603 a=-1569,817,3829 g=-2,-7,-8
WFR t=2641 src=mcu type=0x01 len=16 data=aaab1f042e00000000000000000007c7
WFI t=2653 a=-1683,699,3817 g=7,-14,-4
WFR t=2661 src=mcu type=0x01 len=16 data=aaac2324751500000000000000007724
WFR t=2681 src=mcu type=0x01 len=16 data=aaad0048005f00021000000100801d27
WFI t=2703 a=-1643,771,3820 g=0,-12,-2
WFR t=2721 src=mcu type=0x01 len=16 data=aaae55f04b0b18000000803a40005cef
WFR t=2741 src=mcu type=0x01 len=16 data=aaaf08610005460c2d78a00f0900774b
WFI t=2753 a=-1667,777,3821 g=6,-14,1
WFR t=2781 src=mcu type=0x01 len=16 data=aab00118008000000000ffffffff60a9
WFR t=2801 src=mcu type=0x01 len=16 data=aab11f042e000000000000000000215d
WFI t=2803 a=-1589,904,3799 g=4,-14,5
WFR t=2841 src=mcu type=0x01 len=16 data=aab2232576150000000000000000abc9
WFI t=2853 a=-1639,816,3794 g=13,-15,5
WFR t=2861 src=mcu type=0x01 len=16 data=aab3014a020500300004880017007488
WFR t=2881 src=mcu type=0x01 len=16 data=aab40000750c800c710c3f060000f8b2
WFI t=2903 a=-1593,805,3822 g=6,-10,0
WFR t=2921 src=mcu type=0x01 len=16 data=aab51900e84e7918060ef90ac500df47
WFI t=2974 a=-1528,839,3848 g=4,-9,-2
WFR t=2982 src=mcu type=0x01 len=16 data=aab6070807080000cb020122f13f4e22
WFR t=2982 src=mcu type=0x01 len=16 data=aa800118008000000000ffff000020e9
WFR t=3001 src=mcu type=0x01 len=16 data=aa811f042e00000000000000000060ad
WFI t=3003 a=-1545,851,3818 g=-2,-5,-5
WFR t=3021 src=mcu type=0x01 len=16 data=aa82232477150000000000000000bf00
WFI t=3053 a=-1555,855,3835 g=-4,-3,-8
WFR t=3062 src=mcu type=0x01 len=16 data=aa83000100011101b70111019f00058c
WFR t=3081 src=mcu type=0x01 len=16 data=aa840000090a10560001310051c45a55
WFI t=3103 a=-1604,820,3808 g=-8,-3,-8
WFR t=3121 src=mcu type=0x01 len=16 data=aa8513088003e204080b1000507864d4
WFR t=3141 src=mcu type=0x01 len=16 data=aa868403f4010400a00f8813c003f9eb
WFI t=3153 a=-1627,809,3817 g=-12,-2,-8
WFR t=3161 src=mcu type=0x01 len=16 data=aa870118008000000000ffffffff2a1e
WFR t=3201 src=mcu type=0x01 len=16 data=aa881f042e0000000000000000007d64
WFI t=3203 a=-1636,800,3814 g=-7,0,-10
WFR t=3221 src=mcu type=0x01 len=16 data=aa89232577150000000000000000a177
WFR t=3226 src=bms type=0x02 len=129 data=d2037c0eb50eb40eb50eb50eb50eb40eb50eb50eb30eb40eb50eb60eba0eba0eba0eb90eba0eba0ebb0eba0ebb0ebb0ebc0ebb0eb90ebb0ebb0ebb0000000000000000003b0000000000000000000000000000041f752f029b0ebc0eb3003b003b0000014d001c0001001c0000000100010eb70009000a00000000000000005570
WFI t=3253 a=-1661,734,3838 g=-3,-3,-6
WFR t=3261 src=mcu type=0x01 len=16 data=aa8a480c1c0207284901230020001521
WFR t=3281 src=mcu type=0x01 len=16 data=aa8b40005c03474c775419031a0e80f3
WFR t=3301 src=mcu type=0x01 len=16 data=aa8c2225bf0420034006b80b3e02672c
WFI t=3303 a=-1598,784,3811 g=-1,-7,-5
WFR t=3341 src=mcu type=0x01 len=16 data=aa8d800c800000006c07102780008244
WFI t=3353 a=-1627,792,3823 g=1,-8,-3
WFR t=3361 src=mcu type=0x01 len=16 data=aa8e0118008000000000ffff00003667
WFR t=3401 src=mcu type=0x01 len=16 data=aa8f1f042e0000000000000000007623
WFI t=3403 a=-1614,836,3812 g=2,-9,-1
WFR t=3421 src=mcu type=0x01 len=16 data=aa90232577150000000000000000822e
WFI t=3453 a=-1608,835,3792 g=1,-8,-3
WFR t=3461 src=mcu type=0x01 len=16 data=aa910b000f00465a667332000b9ed1a0
WFR t=3482 src=mcu type=0x01 len=16 data=aa92000000000000000000000000fbba
WFR t=3501 src=mcu type=0x01 len=16 data=aa93d804480804242c01c003214fe1ad
WFI t=3503 a=-1610,847,3819 g=-2,-4,-5
WFR t=3541 src=mcu type=0x01 len=16 data=aa94f0f465fffffff8080e00412af601
WFI t=3553 a=-1575,810,3838 g=-5,-7,-7
WFR t=3561 src=mcu type=0x01 len=16 data=aa950118008000000000ffff0000127c
WFR t=3601 src=mcu type=0x01 len=16 data=aa961f042e000000000000000000557a
WFI t=3603 a=-1642,748,3833 g=-6,-6,-7
WFR t=3621 src=mcu type=0x01 len=16 data=aa972325771500000000000000008969
WFR t=3641 src=mcu type=0x01 len=16 data=aa9807010300000056117eea00002b61
WFI t=3653 a=-1614,782,3840 g=-6,-5,-6
WFR t=3681 src=mcu type=0x01 len=16 data=aa991d00ab04a08c64502748395e1e28
WFR t=3701 src=mcu type=0x01 len=16 data=aa9a646464625f5d5b5955010101d546
WFI t=3703 a=-1606,808,3829 g=-6,-6,-6
WFR t=3741 src=mcu type=0x01 len=16 data=aa9b0101010100000000fbfbecd30e91
WFI t=3753 a=-1588,814,3818 g=-5,-3,-5
WFR t=3761 src=mcu type=0x01 len=16 data=aa9c0118008000000000feffffff0ff9
WFR t=3781 src=mcu type=0x01 len=16 data=aa9d1f042e0000000000000000004ff1
WFI t=3803 a=-1614,821,3820 g=-11,-1,-9
WFR t=3821 src=mcu type=0x01 len=16 data=aa9e23257715000000000000000094a0
WFR t=3841 src=mcu type=0x01 len=16 data=aa9fb5a1b0bfd800000000000000dfe1
WFI t=3853 a=-1605,838,3816 g=-10,-2,-9
WFR t=3881 src=mcu type=0x01 len=16 data=aaa000000000020c000035006a00d1bd
WFR t=3902 src=mcu type=0x01 len=16 data=aaa188044a5357583036323430360894
WFI t=3903 a=-1648,817,3785 g=-10,-3,-9
WFR t=3949 src=mcu type=0x01 len=16 data=aaa231344e4242463930333500005e71
WFR t=4037 src=mcu type=0x01 len=16 data=aaa30118008000000000feff00005bb6
WFR t=4037 src=mcu type=0x01 len=16 data=aaa41f042e00000000000000000013c8
WFR t=4048 src=mcu type=0x01 len=16 data=aaa5232577150000000000000000cfdb
WFR t=4048 src=mcu type=0x01 len=16 data=aaa6000000000000000000000000b4ce
WFI t=4094 a=-1657,799,3837 g=-11,-3,-8
WFI t=4106 a=-1578,784,3848 g=-8,1,-7
WFR t=4106 src=mcu type=0x01 len=16 data=aaa7000000000000000000000000b64f
WFR t=4107 src=mcu type=0x01 len=16 data=aaa801801b000000400052a8194013c9
WFI t=4107 a=-1587,781,3858 g=-8,-1,-10
WFI t=4110 a=-1593,775,3860 g=-10,0,-10
WFR t=4121 src=mcu type=0x01 len=16 data=aaa9028288135c4488132400ec02f999
WFI t=4153 a=-1562,816,3830 g=-10,0,-8
WFR t=4161 src=mcu type=0x01 len=16 data=aaaa01180080000000000000000047a7
WFR t=4181 src=mcu type=0x01 len=16 data=aaab1f042e00000000000000000007c7
WFI t=4203 a=-1605,767,3838 g=-15,1,-13
WFR t=4221 src=mcu type=0x01 len=16 data=aaac232478150000000000000000e6de
WFR t=4241 src=mcu type=0x01 len=16 data=aaad0048005f00021000000100801d27
WFI t=4253 a=-1624,780,3831 g=-15,2,-13
WFR t=4261 src=mcu type=0x01 len=16 data=aaae55f04b0b18000000803a40005cef
WFR t=4291 src=bms type=0x02 len=129 data=d2037c0eb50eb40eb50eb50eb50eb40eb50eb50eb30eb40eb50eb60eb90eb90eba0eb80eba0eba0ebb0ebb0ebb0ebb0ebc0ebb0eb90ebb0ebb0ebb0000000000000000003b0000000000000000000000000000041f752f029b0ebc0eb3003b003b0000014d001c0001001c0000000100010eb70009000a0000000000000000c0d9
WFR t=4301 src=mcu type=0x01 len=16 data=aaaf08610005460c2d78a00f0900774b
WFI t=4303 a=-1627,759,3789 g=-12,1,-10
WFR t=4322 src=mcu type=0x01 len=16 data=aab00118008000000000ffff00006119
WFI t=4353 a=-1633,755,3826 g=-7,-1,-9
WFR t=4361 src=mcu type=0x01 len=16 data=aab11f042e000000000000000000215d
WFR t=4381 src=mcu type=0x01 len=16 data=aab2232478150000000000000000cec0
WFR t=4401 src=mcu type=0x01 len=16 data=aab3014a020500300004880017007488
WFI t=4403 a=-1614,761,3840 g=-8,-2,-8
WFR t=4441 src=mcu type=0x01 len=16 data=aab40000750c800c710c3f060000f8b2
WFI t=4453 a=-1609,752,3841 g=-3,-4,-8
WFR t=4461 src=mcu type=0x01 len=16 data=aab51900e84e7918060eb60ac500c993
WFR t=4501 src=mcu type=0x01 len=16 data=aab6070807080000cb020122f13f4e22
WFI t=4503 a=-1659,728,3822 g=-5,-6,-6
WFR t=4521 src=mcu type=0x01 len=16 data=aa8001180080000000000000000020cd
WFI t=4553 a=-1655,777,3804 g=-5,-7,-4
WFR t=4562 src=mcu type=0x01 len=16 data=aa811f042e00000000000000000060ad
WFR t=4581 src=mcu type=0x01 len=16 data=aa822324781500000000000000008f30
WFR t=4601 src=mcu type=0x01 len=16 data=aa83000100011101b70111019f00058c
WFI t=4603 a=-1676,798,3795 g=0,-9,-3
WFR t=4641 src=mcu type=0x01 len=16 data=aa840000090a10560001310051c45a55
WFI t=4653 a=-1678,764,3822 g=7,-10,-2
WFR t=4661 src=mcu type=0x01 len=16 data=aa8513088003e204080b1000507864d4
WFR t=4701 src=mcu type=0x01 len=16 data=aa868403f4010400a00f8813c003f9eb
WFI t=4703 a=-1626,793,3763 g=11,-10,-1
WFR t=4721 src=mcu type=0x01 len=16 data=aa87391a008000000000ffffffff8039
WFR t=4742 src=mcu type=0x01 len=16 data=aa881f042e0000000000000000007d64
WFI t=4753 a=-1617,816,3844 g=6,-9,-1
WFR t=4781 src=mcu type=0x01 len=16 data=aa894325791500000000000000004002
WFR t=4802 src=mcu type=0x01 len=16 data=aa8a480c1c0207284901230020001521
WFI t=4803 a=-1576,828,3801 g=-2,-6,-5
WFR t=4841 src=mcu type=0x01 len=16 data=aa8b40005c03474c775419031a0e80f3
WFI t=4853 a=-1610,785,3833 g=0,-3,-7
WFR t=4862 src=mcu type=0x01 len=16 data=aa8c2225bf0420034006b80b3e02672c
WFR t=4881 src=mcu type=0x01 len=16 data=aa8d800c800000006c07102780008244
WFI t=4903 a=-1573,792,3830 g=-10,-3,-7
WFR t=4922 src=mcu type=0x01 len=16 data=aa8e391a008000000000ffff00009c40
WFR t=4941 src=mcu type=0x01 len=16 data=aa8f1f042e0000000000000000007623
WFI t=4953 a=-1536,887,3801 g=-15,3,-14
WFR t=4982 src=mcu type=0x01 len=16 data=aa90432579150000000000000000635b
WFR t=5001 src=mcu type=0x01 len=16 data=aa910b000f00465a667332000b9ed1a0
WFI t=5003 a=-1593,777,3855 g=-24,10,-13
WFR t=5021 src=mcu type=0x01 len=16 data=aa92000000000000000000000000fbba
WFI t=5053 a=-1600,759,3815 g=-23,14,-20
WFR t=5061 src=mcu type=0x01 len=16 data=aa93d804480804242c01c003214fe1ad
WFR t=5081 src=mcu type=0x01 len=16 data=aa94f0f465fffffff8080e00412af601
WFT t=5098 batt_mv=3932 rssi_mcu=-51 rssi_bms=-64 mcu=186 bms=5 dropped=0
WFI t=5103 a=-1634,711,3827 g=-18,9,-20
WFR t=5121 src=mcu type=0x01 len=16 data=aa950118008000000000feffffff1230
WFR t=5141 src=mcu type=0x01 len=16 data=aa961f042e000000000000000000557a
WFI t=5153 a=-1677,665,3836 g=-19,3,-15
WFR t=5181 src=mcu type=0x01 len=16 data=aa97232579150000000000000000e89c
WFR t=5201 src=mcu type=0x01 len=16 data=aa9807010300000056117eea00002b61
WFI t=5203 a=-1752,683,3792 g=-10,-1,-11
WFR t=5222 src=mcu type=0x01 len=16 data=aa991d00ab04a08c64502748395e1e28
WFI t=5253 a=-1660,847,3778 g=-10,-3,-9
WFR t=5261 src=mcu type=0x01 len=16 data=aa9a646464625f5d5b5955010101d546
WFR t=5281 src=mcu type=0x01 len=16 data=aa9b0101010100000000fbfbecd30e91
WFR t=5296 src=bms type=0x02 len=129 data=d2037c0eb50eb40eb50eb50eb50eb40eb50eb50eb30eb40eb50eb60eba0eba0eba0eb80eba0eba0ebb0ebb0ebb0ebb0ebb0ebb0eb90ebb0ebb0ebb0000000000000000003b0000000000000000000000000000041f752f029b0ebc0eb3003b003b0000014d001c0001001c0000000100010eb70009000a0000000000000000627a
WFI t=5303 a=-1721,766,3737 g=-8,-1,-8
WFR t=5321 src=mcu type=0x01 len=16 data=aa9c0118008000000000ffffffff0e05
WFR t=5341 src=mcu type=0x01 len=16 data=aa9d1f042e0000000000000000004ff1
WFI t=5353 a=-1685,866,3788 g=-15,1,-10
WFR t=5361 src=mcu type=0x01 len=16 data=aa9e232579150000000000000000f555
WFR t=5402 src=mcu type=0x01 len=16 data=aa9fb5a1b0bfd800000000000000dfe1
WFI t=5403 a=-1684,764,3782 g=-13,0,-10
WFR t=5421 src=mcu type=0x01 len=16 data=aaa000000000020c000035006a00d1bd
WFI t=5453 a=-1677,735,3802 g=-14,1,-8
WFR t=5462 src=mcu type=0x01 len=16 data=aaa188044a5357583036323430360894
WFR t=5481 src=mcu type=0x01 len=16 data=aaa231344e4242463930333500005e71
WFR t=5501 src=mcu type=0x01 len=16 data=aaa30118008000000000ffffffff5bfa
WFI t=5503 a=-1649,714,3814 g=-12,-1,-12
WFR t=5541 src=mcu type=0x01 len=16 data=aaa41f042e00000000000000000013c8
WFI t=5553 a=-1661,690,3820 g=-3,-6,-7
WFR t=5561 src=mcu type=0x01 len=16 data=aaa5232579150000000000000000ae2e
WFR t=5602 src=mcu type=0x01 len=16 data=aaa6000000000000000000000000b4ce
WFI t=5603 a=-1655,696,3817 g=-3,-5,-3
WFR t=5621 src=mcu type=0x01 len=16 data=aaa7000000000000000000000000b64f
WFI t=5653 a=-1642,719,3836 g=2,-8,-3
WFR t=5661 src=mcu type=0x01 len=16 data=aaa801801b000000400052a8194013c9
WFR t=5681 src=mcu type=0x01 len=16 data=aaa9028288135c4488132400ec02f999
WFR t=5702 src=mcu type=0x01 len=16 data=aaaa0118008000000000ffffffff4633
WFI t=5703 a=-1656,692,3827 g=1,-10,-4
WFR t=5741 src=mcu type=0x01 len=16 data=aaab1f042e00000000000000000007c7
WFI t=5753 a=-1611,766,3818 g=2,-7,-3
WFR t=5762 src=mcu type=0x01 len=16 data=aaac232579150000000000000000b3e7
WFR t=5802 src=mcu type=0x01 len=16 data=aaad0048005f00021000000100801d27
WFI t=5803 a=-1625,779,3826 g=-6,-7,-4
WFR t=5822 src=mcu type=0x01 len=16 data=aaae55f04b0b18000000803a40005cef
WFR t=5841 src=mcu type=0x01 len=16 data=aaaf08610005460c2d78a00f0900774b
WFI t=5853 a=-1663,755,3816 g=-7,-5,-6
WFR t=5882 src=mcu type=0x01 len=16 data=aab00118000000000000feffffff0093
WFR t=5901 src=mcu type=0x01 len=16 data=aab11f042e000000000000000000215d
WFI t=5903 a=-1664,772,3795 g=-7,-3,-7
WFI t=5969 a=-1657,743,3801 g=-7,-3,-9
WFR t=6006 src=mcu type=0x01 len=16 data=aab22327791500000000000000009041
WFR t=6006 src=mcu type=0x01 len=16 data=aab3014a020500300004880017007488
WFI t=6007 a=-1685,726,3815 g=-1,-6,-6
WFR t=6024 src=mcu type=0x01 len=16 data=aab40000750c800c710c3f060000f8b2
WFR t=6025 src=mcu type=0x01 len=16 data=aab51900e84e7918060ec40ac500d2eb
WFR t=6044 src=mcu type=0x01 len=16 data=aab6070807080000cb020122f13f4e22
WFR t=6107 src=mcu type=0x01 len=16 data=aa800118000000000000ffff0000412f
WFR t=6107 src=mcu type=0x01 len=16 data=aa811f042e00000000000000000060ad
WFI t=6107 a=-1641,797,3805 g=-2,-7,-2
WFI t=6109 a=-1646,839,3773 g=-3,-7,-5
WFR t=6122 src=mcu type=0x01 len=16 data=aa82232779150000000000000000d1b1
WFI t=6172 a=-1703,670,3824 g=-7,-5,-6
WFR t=6182 src=mcu type=0x01 len=16 data=aa83000100011101b70111019f00058c
WFR t=6182 src=mcu type=0x01 len=16 data=aa840000090a10560001310051c45a55
WFI t=6203 a=-1617,772,3797 g=-6,-4,-6
WFR t=6221 src=mcu type=0x01 len=16 data=aa8513088003e204080b1000507864d4
WFR t=6242 src=mcu type=0x01 len=16 data=aa868403f4010400a00f8813c003f9eb
WFI t=6253 a=-1658,735,3792 g=-6,-4,-8
WFR t=6282 src=mcu type=0x01 len=16 data=aa870118000000000000ffff00004a68
WFR t=6302 src=mcu type=0x01 len=16 data=aa881f042e0000000000000000007d64
WFI t=6303 a=-1684,726,3804 g=-8,-3,-6
WFR t=6321 src=mcu type=0x01 len=16 data=aa89232779150000000000000000cb3a
WFI t=6353 a=-1647,764,3805 g=-5,-5,-5
WFR t=6362 src=mcu type=0x01 len=16 data=aa8a480c1c0207284901230020001521
WFR t=6376 src=bms type=0x02 len=129 data=d2037c0eb50eb40eb50eb50eb50eb40eb50eb50eb30eb40eb50eb60eba0eba0eba0eb90eba0eba0ebb0ebb0ebb0ebb0ebc0ebb0eba0ebb0ebb0ebb0000000000000000003b0000000000000000000000000000041f752f029b0ebc0eb3003b003b0000014d001c0001001c0000000100010eb80009000a0000000000000000d302
WFR t=6381 src=mcu type=0x01 len=16 data=aa8b40005c03474c775419031a0e80f3
WFI t=6403 a=-1664,742,3819 g=-4,-6,-9
WFR t=6422 src=mcu type=0x01 len=16 data=aa8c2225bf0420034006b80b3e02672c
WFR t=6441 src=mcu type=0x01 len=16 data=aa8d800c800000006c07102780008244
WFI t=6453 a=-1693,739,3782 g=-4,-8,-5
WFR t=6462 src=mcu type=0x01 len=16 data=aa8e0118000000000000ffff000057a1
WFR t=6502 src=mcu type=0x01 len=16 data=aa8f1f042e0000000000000000007623
WFI t=6503 a=-1712,688,3809 g=-1,-10,-4
WFR t=6521 src=mcu type=0x01 len=16 data=aa90232779150000000000000000e863
WFI t=6553 a=-1683,718,3791 g=6,-10,0
WFR t=6561 src=mcu type=0x01 len=16 data=aa910b000f00465a667332000b9ed1a0
WFR t=6581 src=mcu type=0x01 len=16 data=aa92000000000000000000000000fbba
WFR t=6602 src=mcu type=0x01 len=16 data=aa93d804480804242c01c003214fe1ad
WFI t=6603 a=-1657,750,3815 g=6,-12,1
WFR t=6642 src=mcu type=0x01 len=16 data=aa94f0f465fffffff8080e00412af601
WFI t=6653 a=-1653,718,3822 g=11,-12,1
WFR t=6662 src=mcu type=0x01 len=16 data=aa950118000000000000ffff000073ba
WFR t=6702 src=mcu type=0x01 len=16 data=aa961f042e000000000000000000557a
WFI t=6703 a=-1614,774,3820 g=9,-13,2
WFR t=6722 src=mcu type=0x01 len=16 data=aa97232779150000000000000000e324
WFR t=6741 src=mcu type=0x01 len=16 data=aa9807010300000056117eea00002b61
WFI t=6753 a=-1626,788,3794 g=2,-11,-2
WFR t=6782 src=mcu type=0x01 len=16 data=aa991d00ab04a08c64502748395e1e28
WFR t=6801 src=mcu type=0x01 len=16 data=aa9a646464625f5d5b5955010101d546
WFI t=6803 a=-1621,796,3829 g=-3,-8,-2
WFR t=6842 src=mcu type=0x01 len=16 data=aa9b0101010100000000fbfbecd30e91
WFI t=6853 a=-1600,810,3803 g=-7,-5,-8
WFR t=6862 src=mcu type=0x01 len=16 data=aa9c0118000000000000ffff00006e73
WFR t=6902 src=mcu type=0x01 len=16 data=aa9d1f042e0000000000000000004ff1
WFI t=6903 a=-1643,750,3817 g=-10,-2,-9
WFR t=6921 src=mcu type=0x01 len=16 data=aa9e232779150000000000000000feed
WFR t=6941 src=mcu type=0x01 len=16 data=aa9fb5a1b0bfd800000000000000dfe1
WFI t=6953 a=-1656,709,3809 g=-7,-4,-7
WFR t=6982 src=mcu type=0x01 len=16 data=aaa000000000020c000035006a00d1bd
WFR t=7002 src=mcu type=0x01 len=16 data=aaa188044a5357583036323430360894
WFI t=7003 a=-1689,724,3793 g=-6,-5,-7
WFR t=7041 src=mcu type=0x01 len=16 data=aaa231344e4242463930333500005e71
WFI t=7053 a=-1689,705,3796 g=-3,-8,-4
WFR t=7062 src=mcu type=0x01 len=16 data=aaa30118000000000000ffff00003b8c
WFR t=7082 src=mcu type=0x01 len=16 data=aaa41f042e00000000000000000013c8
WFI t=7103 a=-1669,728,3802 g=4,-9,-2
WFR t=7122 src=mcu type=0x01 len=16 data=aaa5232779150000000000000000a596
WFR t=7142 src=mcu type=0x01 len=16 data=aaa6000000000000000000000000b4ce
WFI t=7153 a=-1659,729,3806 g=9,-11,-1
WFR t=7182 src=mcu type=0x01 len=16 data=aaa7000000000000000000000000b64f
WFR t=7202 src=mcu type=0x01 len=16 data=aaa801801b000000400052a8194013c9
WFI t=7203 a=-1674,742,3814 g=7,-13,1
WFR t=7221 src=mcu type=0x01 len=16 data=aaa9028288135c4488132400ec02f999
WFI t=7253 a=-1571,776,3799 g=5,-12,-1
WFR t=7262 src=mcu type=0x01 len=16 data=aaaa0118000000000000feffffff2609
WFR t=7281 src=mcu type=0x01 len=16 data=aaab1f042e00000000000000000007c7
WFI t=7303 a=-1680,744,3834 g=3,-9,-2
WFR t=7322 src=mcu type=0x01 len=16 data=aaac232779150000000000000000b85f
WFR t=7336 src=bms type=0x02 len=129 data=d2037c0eb50eb40eb50eb50eb50eb40eb50eb50eb40eb40eb50eb50eba0eba0eba0eb80eba0eba0ebb0ebb0ebb0ebb0ebc0ebb0eba0ebb0ebb0ebb0000000000000000003b0000000000000000000000000000041f752f029b0ebc0eb4003b003b0000014d001c0001001c0000000100010eb80008000a0000000000000000cafc
WFR t=7341 src=mcu type=0x01 len=16 data=aaad0048005f00021000000100801d27
WFI t=7353 a=-1633,789,3828 g=-5,-7,-5
WFR t=7382 src=mcu type=0x01 len=16 data=aaae55f04b0b18000000803a40005cef
WFR t=7402 src=mcu type=0x01 len=16 data=aaaf08610005460c2d78a00f0900774b
WFI t=7403 a=-1633,782,3802 g=-6,-6,-6
WFR t=7422 src=mcu type=0x01 len=16 data=aab00118000000000000ffff000000df
WFI t=7453 a=-1660,749,3781 g=-6,-5,-7
WFR t=7462 src=mcu type=0x01 len=16 data=aab11f042e000000000000000000215d
WFR t=7482 src=mcu type=0x01 len=16 data=aab22327791500000000000000009041
WFR t=7535 src=mcu type=0x01 len=16 data=aab3014a020500300004880017007488
WFI t=7546 a=-1646,730,3802 g=-7,-6,-5
WFR t=7580 src=mcu type=0x01 len=16 data=aab40000750c800c710c3f060000f8b2
WFI t=7590 a=-1667,752,3811 g=-1,-5,-5
WFR t=7592 src=mcu type=0x01 len=16 data=aab51900e84e7918060ef00ac500dcdb
WFR t=7602 src=mcu type=0x01 len=16 data=aab6070807080000cb020122f13f4e22
WFI t=7603 a=-1650,758,3804 g=-4,-6,-5
WFR t=7622 src=mcu type=0x01 len=16 data=aa800118000000000000ffff0000412f
WFI t=7653 a=-1666,744,3791 g=-4,-8,-3
WFR t=7662 src=mcu type=0x01 len=16 data=aa811f042e00000000000000000060ad
WFR t=7682 src=mcu type=0x01 len=16 data=aa82232779150000000000000000d1b1
WFR t=7702 src=mcu type=0x01 len=16 data=aa83000100011101b70111019f00058c
WFI t=7703 a=-1688,728,3827 g=-1,-10,-4
WFR t=7742 src=mcu type=0x01 len=16 data=aa840000090a10560001310051c45a55
WFI t=7753 a=-1667,747,3798 g=-2,-11,-1
WFR t=7762 src=mcu type=0x01 len=16 data=aa8513088003e204080b1000507864d4
WFR t=7802 src=mcu type=0x01 len=16 data=aa868403f4010400a00f8813c003f9eb
WFI t=7803 a=-1678,740,3813 g=5,-13,0
WFR t=7822 src=mcu type=0x01 len=16 data=aa870118000000000000ffff00004a68
WFR t=7842 src=mcu type=0x01 len=16 data=aa881f042e0000000000000000007d64
WFI t=7853 a=-1689,683,3857 g=0,-9,-1
WFR t=7882 src=mcu type=0x01 len=16 data=aa89232779150000000000000000cb3a
WFR t=7902 src=mcu type=0x01 len=16 data=aa8a480c1c0207284901230020001521
WFI t=7903 a=-1570,811,3794 g=9,-13,-3
WFI t=8027 a=-1543,874,3810 g=3,-14,1
WFR t=8038 src=mcu type=0x01 len=16 data=aa8b40005c03474c775419031a0e80f3
WFR t=8038 src=mcu type=0x01 len=16 data=aa8c2225bf0420034006b80b3e02672c
WFR t=8038 src=mcu type=0x01 len=16 data=aa8d800c800000006c07102780008244
WFR t=8039 src=mcu type=0x01 len=16 data=aa8e0118000000000000ffff000057a1
WFI t=8039 a=-1689,847,3708 g=-3,-8,3
WFR t=8042 src=mcu type=0x01 len=16 data=aa8f1f042e0000000000000000007623
WFI t=8053 a=-1783,635,3813 g=-19,0,1
WFR t=8082 src=mcu type=0x01 len=16 data=aa90232779150000000000000000e863
WFR t=8102 src=mcu type=0x01 len=16 data=aa910b000f00465a667332000b9ed1a0
WFI t=8103 a=-1542,910,3692 g=10,-15,10
WFR t=8142 src=mcu type=0x01 len=16 data=aa92000000000000000000000000fbba
WFI t=8153 a=-1663,714,3844 g=4,-6,-6
WFR t=8162 src=mcu type=0x01 len=16 data=aa93d804480804242c01c003214fe1ad
WFR t=8182 src=mcu type=0x01 len=16 data=aa94f0f465fffffff8080e00412af601
WFI t=8203 a=-1680,598,3858 g=7,-14,-1
WFR t=8222 src=mcu type=0x01 len=16 data=aa950118000000000000feff00007246
WFR t=8242 src=mcu type=0x01 len=16 data=aa961f042e000000000000000000557a
WFI t=8254 a=-1571,724,3801 g=5,-15,5
WFR t=8282 src=mcu type=0x01 len=16 data=aa97232779150000000000000000e324
WFR t=8302 src=mcu type=0x01 len=16 data=aa9807010300000056117eea00002b61
WFI t=8303 a=-1672,641,3858 g=18,-17,9
WFR t=8322 src=mcu type=0x01 len=16 data=aa994c00ab04a08c64502748395e232b
WFI t=8353 a=-1613,768,3805 g=14,-19,11
WFR t=8357 src=bms type=0x02 len=129 data=d2037c0eb50eb40eb50eb50eb50eb40eb50eb50eb30eb50eb50eb50eba0eba0eba0eb80eba0eba0ebb0ebb0ebb0ebb0ebc0ebb0eba0ebb0ebb0ebb0000000000000000003b0000000000000000000000000000041f752f029b0ebc0eb3003b003b0000014d001c0001001c0000000100010eb80009000a0000000000000000a699
WFR t=8362 src=mcu type=0x01 len=16 data=aa9a646464625f5d5b5955010101d546
WFR t=8382 src=mcu type=0x01 len=16 data=aa9b0101010100000000fbfbecd30e91
WFI t=8403 a=-1747,821,3870 g=25,-11,13
WFR t=8422 src=mcu type=0x01 len=16 data=aa9c0118000000010000fdff45004d9b
WFR t=8442 src=mcu type=0x01 len=16 data=aa9d1f042e000300edff0a031800f555
WFI t=8453 a=-1795,813,3776 g=17,-26,13
WFR t=8462 src=mcu type=0x01 len=16 data=aa9e232779150000000001370b0309ee
WFR t=8502 src=mcu type=0x01 len=16 data=aa9fb5a1b0bfd800000000000000dfe1
WFI t=8503 a=-1732,878,3664 g=21,-19,14
WFR t=8522 src=mcu type=0x01 len=16 data=aaa000000000020c000035006a00d1bd
WFI t=8553 a=-1731,922,3842 g=13,-18,12
WFR t=8562 src=mcu type=0x01 len=16 data=aaa188044a5357583036323430360894
WFR t=8582 src=mcu type=0x01 len=16 data=aaa231344e4242463930333500005e71
WFI t=8603 a=-2399,1189,3589 g=16,-13,19
WFR t=8622 src=mcu type=0x01 len=16 data=aaa30118000000050000ceffef042d83
WFR t=8642 src=mcu type=0x01 len=16 data=aaa41e042e000a00b8ff760633008fa1
WFI t=8653 a=-1892,909,3665 g=22,-12,20
WFR t=8662 src=mcu type=0x01 len=16 data=aaa5232679150005d6000608b9069544
WFR t=8702 src=mcu type=0x01 len=16 data=aaa6000000000000000000000000b4ce
WFI t=8703 a=-1687,857,3739 g=27,-22,20
WFR t=8722 src=mcu type=0x01 len=16 data=aaa7000000000000000000000000b64f
WFI t=8753 a=-1851,995,3950 g=27,-19,25
WFR t=8762 src=mcu type=0x01 len=16 data=aaa801801b000000400052a8194013c9
WFR t=8782 src=mcu type=0x01 len=16 data=aaa9028288135c4488132400ec02f999
WFR t=8802 src=mcu type=0x01 len=16 data=aaaa211800000007000088ffb708bcb8
WFI t=8803 a=-1879,998,3565 g=35,-14,38
WFR t=8842 src=mcu type=0x01 len=16 data=aaab1d042e0013008bffbd0845002288
WFI t=8853 a=-1591,736,3855 g=14,-22,53
WFR t=8862 src=mcu type=0x01 len=16 data=aaac23367b15000aa4000000c108aadb
WFR t=8902 src=mcu type=0x01 len=16 data=aaad0048005f00021000000100801d27
WFI t=8903 a=-1822,789,3547 g=4,-1,87
WFR t=8922 src=mcu type=0x01 len=16 data=aaae55f04b0b18000000803a40005cef
WFR t=8942 src=mcu type=0x01 len=16 data=aaaf08610005460c2d78a00f0900774b
WFI t=8953 a=-1908,618,3846 g=11,-16,126
WFR t=8982 src=mcu type=0x01 len=16 data=aab021180000000700007fff14091166
WFR t=9002 src=mcu type=0x01 len=16 data=aab11c042e00150082ff1e0948000e76
WFI t=9003 a=-1702,1105,3699 g=19,-38,125
WFR t=9042 src=mcu type=0x01 len=16 data=aab223377c15000b3d000b8222091016
WFI t=9053 a=-1629,861,3866 g=33,-22,114
WFR t=9062 src=mcu type=0x01 len=16 data=aab3014a022500300000880017001c89
WFR t=9102 src=mcu type=0x01 len=16 data=aab40000750c800c710c3f060000f8b2
WFI t=9103 a=-2048,902,3527 g=25,5,151
WFR t=9122 src=mcu type=0x01 len=16 data=aab51b00e84e7918060ef00ac500251c
WFR t=9142 src=mcu type=0x01 len=16 data=aab6070807080000cb0201a2f13f4fca
WFI t=9153 a=-1625,950,3756 g=-1,-6,150
WFR t=9182 src=mcu type=0x01 len=16 data=aa8021180000000700007fff14095096
WFR t=9202 src=mcu type=0x01 len=16 data=aa811d042e00140082ff1e0948007389
WFI t=9203 a=-1662,1352,3413 g=28,13,124
WFR t=9242 src=mcu type=0x01 len=16 data=aa8223367e15000be20000162209a477
WFI t=9253 a=-1790,818,3654 g=4,-14,134
WFR t=9262 src=mcu type=0x01 len=16 data=aa83000100011101b70111019f00058c
WFR t=9282 src=mcu type=0x01 len=16 data=aa840000090a10560001310051c45a55
WFI t=9303 a=-1910,986,3523 g=10,16,170
WFR t=9322 src=mcu type=0x01 len=16 data=aa8513088003e204080b1000507864d4
WFR t=9332 src=bms type=0x02 len=129 data=d2037c0eb00eaf0eb00eb00eaf0eae0eb00eb00eaf0eb00eaf0eb00eb40eb40eb40eb30eb60eb60eb70eb70eb60eb70eb70eb70eb50eb60eb60eb60000000000000000003b0000000000000000000000000000041e751c029b0eba0eb1003b003b0000014d001c0001001c0000000100010eb3000900d2000000000000000090a0
WFR t=9382 src=mcu type=0x01 len=16 data=aa868403f4010400a00f8813c003f9eb
WFR t=9382 src=mcu type=0x01 len=16 data=aa87211800000008000070fff109ed55
WFI t=9384 a=-1595,1099,4079 g=-3,25,177
WFR t=9402 src=mcu type=0x01 len=16 data=aa881c042e001b0071ff010a4f0032e4
WFI t=9403 a=-2165,1027,3750 g=-42,23,181
WFR t=9422 src=mcu type=0x01 len=16 data=aa8923278115000000000ddc060a0fe2
WFI t=9453 a=-1348,1076,3842 g=-25,23,234
WFR t=9462 src=mcu type=0x01 len=16 data=aa8a480c1c0207284901230020001521
WFR t=9482 src=mcu type=0x01 len=16 data=aa8b40005c03474c775419031a0e80f3
WFI t=9503 a=-1548,988,3575 g=-53,31,181
WFR t=9522 src=mcu type=0x01 len=16 data=aa8c2225bf0420034006b80b3e02672c
WFR t=9542 src=mcu type=0x01 len=16 data=aa8d800c800000006c07102780008244
WFI t=9553 a=-1672,939,3834 g=-24,23,217
WFR t=9562 src=mcu type=0x01 len=16 data=aa8e21180000000800006bffc409e128
WFR t=9602 src=mcu type=0x01 len=16 data=aa8f1b042e001a0071ff010a4f000da4
WFI t=9603 a=-1946,956,3437 g=-29,41,231
WFR t=9622 src=mcu type=0x01 len=16 data=aa90232785150002e900098c060a5976
WFI t=9653 a=-1698,1133,3488 g=-18,56,236
WFR t=9662 src=mcu type=0x01 len=16 data=aa910b000f00465a667332000b9ed1a0
WFR t=9682 src=mcu type=0x01 len=16 data=aa92000000000000000000000000fbba
WFI t=9703 a=-2125,1101,4028 g=-32,47,236
WFR t=9722 src=mcu type=0x01 len=16 data=aa93d804480804242c01c003214fe1ad
WFR t=9742 src=mcu type=0x01 len=16 data=aa94f0f465fffffff8080e00412af601
WFI t=9753 a=-1683,1310,3515 g=-51,43,252
WFR t=9762 src=mcu type=0x01 len=16 data=aa9521180000000851006fffff09dab2
WFR t=9802 src=mcu type=0x01 len=16 data=aa961b042e001e0071ff010a4f002f0e
WFI t=9803 a=-1877,1367,3999 g=-61,34,297
WFR t=9822 src=mcu type=0x01 len=16 data=aa9723268a150009cb000e38060a9bed
WFI t=9853 a=-1651,947,3453 g=-78,89,289
WFR t=9862 src=mcu type=0x01 len=16 data=aa9807010300000056117eea00002b61
WFR t=9882 src=mcu type=0x01 len=16 data=aa998a00ab04a08c64502748395e2862
WFR t=9902 src=mcu type=0x01 len=16 data=aa9a646464625f5d5b5955010101d546
WFI t=9903 a=-1025,803,3829 g=-83,31,301
WFR t=9972 src=mcu type=0x01 len=16 data=aa9b0101010100000000fbfbecd30e91
WFR t=9973 src=mcu type=0x01 len=16 data=aa9c21180000000864006fffe509c9be
WFI t=10018 a=-2156,1285,3168 g=-96,126,287
WFR t=10018 src=mcu type=0x01 len=16 data=aa9d1b042e001c0071ff010a4f00b45c
WFI t=10061 a=-1925,1147,3742 g=-113,63,314
WFI t=10115 a=-1728,1131,4203 g=-120,114,305
WFR t=10116 src=mcu type=0x01 len=16 data=aa9e233e8f150000fc000dc1060aa5a6
WFR t=10116 src=mcu type=0x01 len=16 data=aa9fb5a1b0bfd800000000000000dfe1
WFR t=10116 src=mcu type=0x01 len=16 data=aaa000000000020c000035006a00d1bd
WFI t=10127 a=-1189,893,3553 g=-143,114,317
WFR t=10127 src=mcu type=0x01 len=16 data=aaa188044a5357583036323430360894
WFR t=10142 src=mcu type=0x01 len=16 data=aaa231344e4242463930333500005e71
WFT t=10147 batt_mv=3936 rssi_mcu=-49 rssi_bms=-58 mcu=365 bms=10 dropped=0
WFI t=10153 a=-1395,1008,3595 g=-164,113,357
WFR t=10162 src=mcu type=0x01 len=16 data=aaa321180000000874006fffbe09a5e1
WFR t=10182 src=mcu type=0x01 len=16 data=aaa41a042e00230071ff010a4f0056f2
WFI t=10203 a=-1527,1060,3896 g=-167,138,360
WFR t=10222 src=mcu type=0x01 len=16 data=aaa5232e9515000025000c6b060ab97d
WFR t=10242 src=mcu type=0x01 len=16 data=aaa6000000000000000000000000b4ce
WFI t=10253 a=-1712,1022,3510 g=-184,105,343
WFR t=10282 src=mcu type=0x01 len=16 data=aaa7000000000000000000000000b64f
WFR t=10302 src=mcu type=0x01 len=16 data=aaa801801b000000400052a8194013c9
WFI t=10303 a=-2157,1095,3839 g=-159,123,348
WFR t=10342 src=mcu type=0x01 len=16 data=aaa9028288135c4488132400ec02f999
WFR t=10352 src=bms type=0x02 len=129 data=d2037c0ea80ea70ea90ea80ea90ea70ea90ea90ea60ea70ea70ea80eac0eac0ead0eab0eae0ead0eaf0eaf0ead0eaf0eaf0eaf0eac0ead0eaf0eaf0000000000000000003b0000000000000000000000000000041b74fd029b0eb10ea8003b003b0002014d001c0001001c0000000100010eab0009021800000000000000002a75
WFI t=10353 a=-1449,1223,3606 g=-175,118,314
WFR t=10362 src=mcu type=0x01 len=16 data=aaaa21180000000881006aff7509fb71
WFR t=10382 src=mcu type=0x01 len=16 data=aaab1a042e00230071ff010a4f0042fd
WFI t=10403 a=-1646,1268,3788 g=-165,135,307
WFR t=10422 src=mcu type=0x01 len=16 data=aaac23279d15000dd40003f8060a311a
WFR t=10442 src=mcu type=0x01 len=16 data=aaad0048005f00021000000100801d27
WFI t=10453 a=-1802,1098,3142 g=-158,135,313
WFR t=10482 src=mcu type=0x01 len=16 data=aaae55f04b0b18000000803a40005cef
WFR t=10502 src=mcu type=0x01 len=16 data=aaaf08610005460c2d78a00f0900774b
WFI t=10503 a=-1330,1030,4180 g=-135,114,292
WFR t=10522 src=mcu type=0x01 len=16 data=aab02118000000069100aaffa906147f
WFI t=10553 a=-1531,692,3347 g=-130,114,269
WFR t=10562 src=mcu type=0x01 len=16 data=aab11c042e001700b8ff760633008466
WFR t=10582 src=mcu type=0x01 len=16 data=aab22336a31500033500020d7806e028
WFI t=10603 a=-1625,1048,4121 g=-89,83,286
WFR t=10622 src=mcu type=0x01 len=16 data=aab3014a022500300000880017001c89
WFR t=10642 src=mcu type=0x01 len=16 data=aab40000750c800c710c3f060000f8b2
WFI t=10653 a=-1853,1183,3196 g=-92,89,262
WFR t=10662 src=mcu type=0x01 len=16 data=aab51d00e84e7918060ef40ac5002c24
WFR t=10702 src=mcu type=0x01 len=16 data=aab6070807080000cb0201a2f13f4fca
WFI t=10703 a=-1669,1094,3800 g=-67,46,261
WFR t=10722 src=mcu type=0x01 len=16 data=aa802118000000069b00b3ff2d063179
WFI t=10753 a=-1471,1158,3656 g=-71,41,238
WFR t=10762 src=mcu type=0x01 len=16 data=aa811c042e001200b8ff7606330005a9
WFR t=10782 src=mcu type=0x01 len=16 data=aa822336ac150000e600053b78065031
WFI t=10803 a=-1606,1083,3898 g=-48,9,248
WFR t=10822 src=mcu type=0x01 len=16 data=aa83000100011101b70111019f00058c
WFR t=10842 src=mcu type=0x01 len=16 data=aa840000090a10560001310051c45a55
WFI t=10853 a=-1788,880,3255 g=-45,22,252
WFR t=10862 src=mcu type=0x01 len=16 data=aa8513088003e204080b1000507864d4
WFR t=10902 src=mcu type=0x01 len=16 data=aa868403f4010400a00f8813c003f9eb
WFI t=10903 a=-1768,1015,3946 g=-40,21,272
WFR t=10922 src=mcu type=0x01 len=16 data=aa87211800000006a200b1ff260639df
WFI t=10953 a=-1979,922,3583 g=-41,23,278
WFR t=10962 src=mcu type=0x01 len=16 data=aa881c042e001300b8ff76063300d9ac
WFR t=10982 src=mcu type=0x01 len=16 data=aa89233fb41500014400059c78065c38
WFR t=11002 src=mcu type=0x01 len=16 data=aa8a480c1c0207284901230020001521
WFI t=11003 a=-1634,1086,4030 g=-19,46,308
WFR t=11042 src=mcu type=0x01 len=16 data=aa8b40005c03474c775419031a0e80f3
WFI t=11053 a=-1735,725,3674 g=-48,39,321
WFR t=11062 src=mcu type=0x01 len=16 data=aa8c2225bf0420034006b80b3e02672c
WFR t=11102 src=mcu type=0x01 len=16 data=aa8d800c800000006c07102780008244
WFI t=11103 a=-1573,877,3976 g=-41,41,349
WFR t=11122 src=mcu type=0x01 len=16 data=aa8e211800000006ab00b5ff43060eef
WFR t=11142 src=mcu type=0x01 len=16 data=aa8f1c042e001800b8ff760633009358
WFI t=11153 a=-1484,954,3798 g=-62,12,353
WFR t=11182 src=mcu type=0x01 len=16 data=aa90232fbd1500043900012c7806a474
WFR t=11202 src=mcu type=0x01 len=16 data=aa910b000f00465a667332000b9ed1a0
WFI t=11203 a=-1449,700,3886 g=-56,25,374
WFR t=11242 src=mcu type=0x01 len=16 data=aa92000000000000000000000000fbba
WFI t=11253 a=-1892,946,3766 g=-79,55,399
WFR t=11262 src=mcu type=0x01 len=16 data=aa93d804480804242c01c003214fe1ad
WFR t=11282 src=mcu type=0x01 len=16 data=aa94f0f465fffffff8080e00412af601
WFI t=11303 a=-1612,1170,4111 g=-56,110,445
WFR t=11322 src=mcu type=0x01 len=16 data=aa95211800000006b200b6ff4b062f79
WFR t=11342 src=mcu type=0x01 len=16 data=aa961c042e001700b8ff76063300f041
WFI t=11353 a=-1610,704,3903 g=-114,98,448
WFR t=11372 src=bms type=0x02 len=129 data=d2037c0eab0eab0eab0eaa0eac0eaa0eab0eac0ea60ea90eaa0eab0eb00eaf0eb00eae0ead0eaf0eaf0eb00eaf0eb10eb20eb00eb00eb00eb00eb10000000000000000003b0000000000000000000000000000041b7506029b0eb00ea4003b003b0002014d001c0001001c0000000100010ead000c01b900000000000000004921
WFR t=11382 src=mcu type=0x01 len=16 data=aa972336c7150005eb0002387806b596
WFR t=11402 src=mcu type=0x01 len=16 data=aa9807010300000056117eea00002b61
WFI t=11403 a=-1832,712,4080 g=-100,75,469
WFR t=11442 src=mcu type=0x01 len=16 data=aa997400ab04a08c64502748395e82b4
WFI t=11453 a=-1820,1006,3949 g=-131,89,488
WFR t=11462 src=mcu type=0x01 len=16 data=aa9a646464625f5d5b5955010101d546
WFR t=11482 src=mcu type=0x01 len=16 data=aa9b0101010100000000fbfbecd30e91
WFI t=11503 a=-1831,1189,3423 g=-135,119,515
WFR t=11522 src=mcu type=0x01 len=16 data=aa9c211800000006b700b1ff29061af1
WFR t=11542 src=mcu type=0x01 len=16 data=aa9d1c042e001500b8ff760633006b13
WFI t=11553 a=-1438,818,3803 g=-156,130,535
WFR t=11582 src=mcu type=0x01 len=16 data=aa9e232fd11500064900025578068816
WFR t=11602 src=mcu type=0x01 len=16 data=aa9fb5a1b0bfd800000000000000dfe1
WFI t=11603 a=-1890,748,3748 g=-196,190,552
WFR t=11622 src=mcu type=0x01 len=16 data=aaa000000000020c000035006a00d1bd
WFI t=11653 a=-1845,942,3731 g=-187,198,584
WFR t=11662 src=mcu type=0x01 len=16 data=aaa188044a5357583036323430360894
WFR t=11682 src=mcu type=0x01 len=16 data=aaa231344e4242463930333500005e71
WFI t=11703 a=-1128,946,4199 g=-209,190,572
WFR t=11722 src=mcu type=0x01 len=16 data=aaa3211800000006c000b3ff41066bf1
WFR t=11742 src=mcu type=0x01 len=16 data=aaa41c042e001800b8ff76063300f6b3
WFI t=11753 a=-1564,804,3572 g=-204,219,577
WFR t=11762 src=mcu type=0x01 len=16 data=aaa52336db150003b900060a7806f9c3
WFR t=11802 src=mcu type=0x01 len=16 data=aaa6000000000000000000000000b4ce
WFI t=11803 a=-1138,727,4570 g=-225,214,603
WFR t=11822 src=mcu type=0x01 len=16 data=aaa7000000000000000000000000b64f
WFI t=11853 a=-1587,1010,3847 g=-224,277,609
WFR t=11862 src=mcu type=0x01 len=16 data=aaa801801b000000400052a8194013c9
WFR t=11882 src=mcu type=0x01 len=16 data=aaa9028288135c4488132400ec02f999
WFR t=11902 src=mcu type=0x01 len=16 data=aaaa211800000006cd00b3ff5e067f15
WFI t=11903 a=-1439,946,4060 g=-248,184,614
WFR t=11942 src=mcu type=0x01 len=16 data=aaab1b042e001a00b8ff7606330096ae
WFI t=12035 a=-1301,872,3875 g=-255,215,598
WFI t=12045 a=-973,1119,3969 g=-249,234,587
WFR t=12046 src=mcu type=0x01 len=16 data=aaac2327e6150003ec00018f780639ab
WFR t=12047 src=mcu type=0x01 len=16 data=aaad0048005f00021000000100801d27
WFR t=12047 src=mcu type=0x01 len=16 data=aaae55f04b0b18000000803a40005cef
WFI t=12053 a=-1277,1011,3543 g=-244,216,567
WFR t=12062 src=mcu type=0x01 len=16 data=aaaf08610005460c2d78a00f0900774b
WFR t=12082 src=mcu type=0x01 len=16 data=aab0211800000006d200b3ff4f0657b0
WFR t=12102 src=mcu type=0x01 len=16 data=aab11b042e001700b8ff7606330071ad
WFI t=12103 a=-1003,1681,3753 g=-205,186,553
WFR t=12142 src=mcu type=0x01 len=16 data=aab2233eef150004fd0003e878067e20
WFI t=12153 a=-1946,525,3493 g=-260,231,534
WFR t=12162 src=mcu type=0x01 len=16 data=aab3014a022500300000880017001c89
WFR t=12202 src=mcu type=0x01 len=16 data=aab40000750c800c710c3f060000f8b2
WFI t=12203 a=-1390,640,4178 g=-234,159,555
WFR t=12222 src=mcu type=0x01 len=16 data=aab51d00e84e7918060e3d0bc5004278
WFR t=12242 src=mcu type=0x01 len=16 data=aab6070807080000cb0201a2f13f4fca
WFI t=12253 a=-1674,956,4462 g=-224,217,527
WFR t=12282 src=mcu type=0x01 len=16 data=aa80211800000006dc00c2ff8a065f02
WFR t=12302 src=mcu type=0x01 len=16 data=aa811b042e001b00b8ff760633003008
WFI t=12303 a=-1500,1047,4019 g=-194,242,499
WFR t=12342 src=mcu type=0x01 len=16 data=aa822336fb1500054c00040a7806ff93
WFI t=12353 a=-1324,989,4012 g=-193,215,498
WFR t=12362 src=mcu type=0x01 len=16 data=aa83000100011101b70111019f00058c
WFR t=12377 src=bms type=0x02 len=129 data=d2037c0ea90eaa0eaa0ea90eaa0ea80eaa0eaa0ea80ea90ea90eaa0eae0eae0eb00ead0eb10eaf0eaf0eaf0eae0eb00eb00eb00eaf0eaf0eb00eaf0000000000000000003b0000000000000000000000000000041c74fd029b0eb10ea8003b003b0002014d001c0001001c0000000100010eac0009021800000000000000005180
WFR t=12382 src=mcu type=0x01 len=16 data=aa840000090a10560001310051c45a55
WFI t=12403 a=-1714,1121,3512 g=-210,203,474
WFR t=12422 src=mcu type=0x01 len=16 data=aa8513088003e204080b1000507864d4
WFR t=12442 src=mcu type=0x01 len=16 data=aa868403f4010400a00f8813c003f9eb
WFI t=12453 a=-1308,1156,3473 g=-209,136,437
WFR t=12482 src=mcu type=0x01 len=16 data=aa87211800000106ed00b4ff6206c5e0
WFR t=12502 src=mcu type=0x01 len=16 data=aa881b042e001a00b8ff76063300ec0d
WFI t=12503 a=-1000,857,3575 g=-180,169,428
WFR t=12551 src=mcu type=0x01 len=16 data=aa89233e08160002ef0002bf78065179
WFI t=12553 a=-1883,562,4213 g=-145,205,413
WFR t=12562 src=mcu type=0x01 len=16 data=aa8a480c1c0207284901230020001521
WFR t=12582 src=mcu type=0x01 len=16 data=aa8b40005c03474c775419031a0e80f3
WFI t=12603 a=-916,988,3321 g=-114,113,394
WFR t=12622 src=mcu type=0x01 len=16 data=aa8c2225bf0420034006b80b3e02672c
WFR t=12642 src=mcu type=0x01 len=16 data=aa8d800c800000006c07102780008244
WFI t=12653 a=-1386,765,4934 g=-67,174,358
WFR t=12682 src=mcu type=0x01 len=16 data=aa8e211800000106fb00bbff7f06d09b
WFR t=12702 src=mcu type=0x01 len=16 data=aa8f1b042e001c00bbff3506310073b7
WFI t=12703 a=-1696,521,3286 g=-57,158,368
WFR t=12722 src=mcu type=0x01 len=16 data=aa902327151600024b0003d5f6058576
WFI t=12753 a=-1323,977,2995 g=-77,75,409
WFR t=12762 src=mcu type=0x01 len=16 data=aa910b000f00465a667332000b9ed1a0
WFR t=12782 src=mcu type=0x01 len=16 data=aa92000000000000000000000000fbba
WFI t=12803 a=-1255,541,4566 g=-98,68,385
WFR t=12822 src=mcu type=0x01 len=16 data=aa93d804480804242c01c003214fe1ad
WFR t=12842 src=mcu type=0x01 len=16 data=aa94f0f465fffffff8080e00412af601
WFI t=12853 a=-1585,957,4168 g=-80,172,392
WFR t=12862 src=mcu type=0x01 len=16 data=aa95211800000002fc00f8ff4e0270ec
WFI t=12934 a=-1983,1366,3218 g=-154,135,460
WFI t=12979 a=-1546,430,4363 g=-178,126,455
WFR t=12980 src=mcu type=0x01 len=16 data=aa961d042e000900f5ff47021200d5b2
WFR t=12980 src=mcu type=0x01 len=16 data=aa97232e2216000063000065480205a1
WFR t=12980 src=mcu type=0x01 len=16 data=aa9807010400000056117eea00009abb
WFR t=12982 src=mcu type=0x01 len=16 data=aa995c00ab04a08c64502748395ee2d4
WFR t=13002 src=mcu type=0x01 len=16 data=aa9a646464625f5d5b5955010101d546
WFI t=13003 a=-1783,698,4004 g=-218,158,453
WFR t=13042 src=mcu type=0x01 len=16 data=aa9b0101010100000000fbfbecd30e91
WFI t=13053 a=-1217,697,4163 g=-221,136,463
WFR t=13062 src=mcu type=0x01 len=16 data=aa9c211800000002fb00f5ff4d026ece
WFR t=13102 src=mcu type=0x01 len=16 data=aa9d1d042e000900f5ff47021200cf39
WFI t=13103 a=-1448,1097,4638 g=-212,236,452
WFR t=13122 src=mcu type=0x01 len=16 data=aa9e23362f1600008c00004f4802c065
WFI t=13153 a=-1297,1119,3614 g=-212,259,440
WFR t=13162 src=mcu type=0x01 len=16 data=aa9fb5a1b0bfd800000000000000dfe1
WFR t=13182 src=mcu type=0x01 len=16 data=aaa000000000020c000035006a00d1bd
WFR t=13202 src=mcu type=0x01 len=16 data=aaa188044a5357583036323430360894
WFI t=13203 a=-1193,672,3941 g=-238,233,447
WFR t=13242 src=mcu type=0x01 len=16 data=aaa231344e4242463930333500005e71
WFI t=13253 a=-1215,512,3798 g=-284,150,447
WFR t=13262 src=mcu type=0x01 len=16 data=aaa3211800000002fd00f2ff540231b3
WFR t=13302 src=mcu type=0x01 len=16 data=aaa41d042e000900f5ff470212009300
WFI t=13303 a=-706,531,4416 g=-281,145,439
WFR t=13322 src=mcu type=0x01 len=16 data=aaa5232f3d160000bf00006a48025515
WFR t=13342 src=mcu type=0x01 len=16 data=aaa6000000000000000000000000b4ce
WFI t=13353 a=-1292,960,3988 g=-268,174,398
WFR t=13382 src=mcu type=0x01 len=16 data=aaa7000000000000000000000000b64f
WFR t=13402 src=mcu type=0x01 len=16 data=aaa801801b000000400052a8194013c9
WFI t=13403 a=-1249,1050,3466 g=-266,172,387
WFR t=13412 src=bms type=0x02 len=129 data=d2037c0eaa0eaa0ea90eaa0eaa0eaa0eaa0eab0ea70eaa0eaa0eab0eae0eae0eae0ead0eaf0eaf0eb00eaf0eaf0eb00eb10eb00eae0eaf0eb00eb00000000000000000003b0000000000000000000000000000041b7504029b0eaf0ea5003b003b0002014d001c0001001c0000000100010eac000a01ce00000000000000000d0d
WFR t=13442 src=mcu type=0x01 len=16 data=aaa9028288135c4488132400ec02f999
WFI t=13453 a=-1594,724,3534 g=-264,174,343
WFR t=13462 src=mcu type=0x01 len=16 data=aaaa211800000002f300f1ff2f020fe0
WFR t=13482 src=mcu type=0x01 len=16 data=aaab1d042e000700f5ff470212000683
WFI t=13503 a=-1788,894,3626 g=-259,159,352
WFR t=13522 src=mcu type=0x01 len=16 data=aaac23274a160000be0000664802109f
WFR t=13542 src=mcu type=0x01 len=16 data=aaad0048005f00021000000100801d27
WFI t=13553 a=-1474,1104,4292 g=-244,215,313
WFR t=13582 src=mcu type=0x01 len=16 data=aaae55f04b0b18000000803a40005cef
WFR t=13602 src=mcu type=0x01 len=16 data=aaaf08610005460c2d78a00f0900774b
WFI t=13603 a=-1674,1372,3781 g=-241,241,294
WFR t=13622 src=mcu type=0x01 len=16 data=aab0211800000002f600f1ff470206ef
WFI t=13653 a=-1873,1172,3337 g=-267,183,296
WFR t=13662 src=mcu type=0x01 len=16 data=aab11e042e000900f5ff47021200a591
WFR t=13682 src=mcu type=0x01 len=16 data=aab2232f55160000ab00005d4802504c
WFI t=13703 a=-1697,1216,4001 g=-261,200,199
WFR t=13722 src=mcu type=0x01 len=16 data=aab3014a022500300000880017001c89
WFR t=13742 src=mcu type=0x01 len=16 data=aab40000750c800c710c3f060000f8b2
WFI t=13753 a=-1463,1198,3023 g=-222,140,203
WFR t=13782 src=mcu type=0x01 len=16 data=aab51d00e84e7918060e270bc5004560
WFR t=13802 src=mcu type=0x01 len=16 data=aab6070807080000cb0201a2f13f4fca
WFI t=13803 a=-1614,506,4216 g=-206,140,28
WFR t=13822 src=mcu type=0x01 len=16 data=aa80211800000002f600f7ff50024867
WFI t=13853 a=-1216,1116,3671 g=-137,128,117
WFR t=13862 src=mcu type=0x01 len=16 data=aa811d042e000800f5ff4702120021a9
WFR t=13882 src=mcu type=0x01 len=16 data=aa822327621600009700004c4802dfc0
WFI t=13903 a=-1118,764,4574 g=-124,111,-82
WFR t=13922 src=mcu type=0x01 len=16 data=aa83000100011101b70111019f00058c
WFR t=13942 src=mcu type=0x01 len=16 data=aa840000090a10560001310051c45a55
WFR t=13984 src=mcu type=0x01 len=16 data=aa8513088003e204080b1000507864d4
WFI t=13985 a=-1387,1154,4263 g=-51,24,-42
WFR t=14003 src=mcu type=0x01 len=16 data=aa868403f4010400a00f8813c003f9eb
WFI t=14005 a=-1437,371,3900 g=-41,49,-44
WFR t=14023 src=mcu type=0x01 len=16 data=aa87211800000002f700f0ff41024fd5
WFI t=14116 a=-1410,900,3701 g=-17,-26,-87
WFR t=14128 src=mcu type=0x01 len=16 data=aa881e042e000800f5ff470212003864
WFR t=14128 src=mcu type=0x01 len=16 data=aa89233e6f1600009d00007b48029f89
WFR t=14128 src=mcu type=0x01 len=16 data=aa8a480c1c0207284901230020001521
WFI t=14129 a=-1359,1444,4022 g=53,-7,-95
WFR t=14142 src=mcu type=0x01 len=16 data=aa8b40005c03474c775419031a0e80f3
WFI t=14153 a=-1494,1269,3585 g=73,-15,-121
WFR t=14162 src=mcu type=0x01 len=16 data=aa8c2225bf0420034006b80b3e02672c
WFR t=14202 src=mcu type=0x01 len=16 data=aa8d800c800000006c07102780008244
WFI t=14203 a=-1585,756,4186 g=76,-71,-123
WFR t=14222 src=mcu type=0x01 len=16 data=aa8e211800000002f800f0ff440251b3
WFI t=14253 a=-1063,727,4432 g=59,-65,-143
WFR t=14262 src=mcu type=0x01 len=16 data=aa8f1e042e000800f5ff470212003323
WFR t=14282 src=mcu type=0x01 len=16 data=aa9023377c1600006a0000c148025774
WFR t=14302 src=mcu type=0x01 len=16 data=aa910b000f00465a667332000b9ed1a0
WFI t=14303 a=-1247,622,4313 g=132,-6,-110
WFR t=14342 src=mcu type=0x01 len=16 data=aa92000000000000000000000000fbba
WFI t=14353 a=-1399,673,3485 g=79,1,-128
WFR t=14362 src=mcu type=0x01 len=16 data=aa93d804480804242c01c003214fe1ad
WFR t=14402 src=mcu type=0x01 len=16 data=aa94f0f465fffffff8080e00412af601
WFI t=14403 a=-1134,690,4109 g=64,-19,-90
WFR t=14417 src=bms type=0x02 len=129 data=d2037c0eaf0eae0eaf0eaf0eaf0eae0eb00eb00ead0eaf0eaf0eb00eb40eb40eb40eb30eb50eb50eb50eb50eb50eb60eb60eb60eb40eb50eb50eb50000000000000000003b0000000000000000000000000000041d751d029b0eb60ead003b003b0000014d001c0001001c0000000100010eb2000900c80000000000000000a0a9
WFR t=14422 src=mcu type=0x01 len=16 data=aa95211800000002fa00f1ff52027bd6
WFR t=14442 src=mcu type=0x01 len=16 data=aa961d042e000900f5ff47021200d5b2
WFI t=14453 a=-1404,121,4040 g=55,-14,-84
WFR t=14482 src=mcu type=0x01 len=16 data=aa97232f89160000920000970702f6d8
WFR t=14502 src=mcu type=0x01 len=16 data=aa9807010400000056117eea00009abb
WFI t=14503 a=-982,858,4277 g=67,-29,-83
WFR t=14542 src=mcu type=0x01 len=16 data=aa995900ab04a08c64502748395eeed8
WFI t=14553 a=-1336,861,3112 g=82,-16,-76
WFR t=14562 src=mcu type=0x01 len=16 data=aa9a646464625f5d5b5955010101d546
WFR t=14582 src=mcu type=0x01 len=16 data=aa9b0101010100000000fbfbecd30e91
WFI t=14603 a=-1105,1032,3945 g=51,-26,-68
WFR t=14622 src=mcu type=0x01 len=16 data=aa9c211800000001f200f8ff7c010a6a
WFR t=14642 src=mcu type=0x01 len=16 data=aa9d1e042e000500fcff84010c000e15
WFI t=14653 a=-2164,890,3751 g=63,21,-70
WFR t=14682 src=mcu type=0x01 len=16 data=aa9e2326971600002600004085012ec0
WFR t=14702 src=mcu type=0x01 len=16 data=aa9fb5a1b0bfd800000000000000dfe1
WFI t=14703 a=-1585,914,2848 g=31,-11,-67
WFR t=14722 src=mcu type=0x01 len=16 data=aaa000000000020c000035006a00d1bd
WFI t=14753 a=-1442,545,3801 g=24,-60,-62
WFR t=14762 src=mcu type=0x01 len=16 data=aaa188044a5357583036323430360894
WFR t=14782 src=mcu type=0x01 len=16 data=aaa231344e4242463930333500005e71
WFI t=14803 a=-1561,971,3849 g=24,-34,-54
WFR t=14822 src=mcu type=0x01 len=16 data=aaa3211800000001ec00faff89011ac3
WFR t=14842 src=mcu type=0x01 len=16 data=aaa41e042e000400fcff84010c0093e0
WFI t=14853 a=-1088,859,4440 g=6,-70,-51
WFR t=14882 src=mcu type=0x01 len=16 data=aaa5233ea31600005300002d8501d089
WFR t=14902 src=mcu type=0x01 len=16 data=aaa6000000000000000000000000b4ce
WFI t=14903 a=-2044,617,4885 g=47,74,-48
WFR t=14922 src=mcu type=0x01 len=16 data=aaa7000000000000000000000000b64f
WFI t=14953 a=-1650,1238,2665 g=21,20,-133
WFR t=14962 src=mcu type=0x01 len=16 data=aaa801801b000000400052a8194013c9
WFR t=14982 src=mcu type=0x01 len=16 data=aaa9028288135c4488132400ec02f999
WFI t=15003 a=-1361,749,4135 g=-15,-16,-24
WFR t=15022 src=mcu type=0x01 len=16 data=aaaa211800000001ef00f9ff7a01438d
WFR t=15042 src=mcu type=0x01 len=16 data=aaab1e042e000500fcff84010c004623
WFI t=15053 a=-1287,1027,3626 g=-6,-24,-82
WFR t=15062 src=mcu type=0x01 len=16 data=aaac2336af1600003600004d85012ef4
WFR t=15102 src=mcu type=0x01 len=16 data=aaad0048005f00021000000100801d27
WFI t=15103 a=-1337,792,3744 g=-7,-67,-77
WFR t=15122 src=mcu type=0x01 len=16 data=aaae55f04b0b18000000803a40005cef
WFI t=15153 a=-1463,1207,4021 g=4,-93,-96
WFR t=15162 src=mcu type=0x01 len=16 data=aaaf08610005460c2d78a00f0900774b
WFR t=15182 src=mcu type=0x01 len=16 data=aab0211800000001e100f7ff7e016411
WFT t=15198 batt_mv=3884 rssi_mcu=-48 rssi_bms=-63 mcu=544 bms=15 dropped=0
WFR t=15202 src=mcu type=0x01 len=16 data=aab11e042e000400fcff84010c00a175
WFI t=15203 a=-1537,777,3842 g=45,-99,-126
WFR t=15242 src=mcu type=0x01 len=16 data=aab2232fba1600002c00003b85018ed3
WFI t=15253 a=-1275,513,3824 g=63,-126,-136
WFR t=15262 src=mcu type=0x01 len=16 data=aab3014a022500300000880017001c89
WFR t=15302 src=mcu type=0x01 len=16 data=aab40000750c800c710c3f060000f8b2
WFI t=15303 a=-1311,975,3541 g=118,-121,-147
WFR t=15322 src=mcu type=0x01 len=16 data=aab51d00e84e7918060e270bc5004560
WFR t=15342 src=mcu type=0x01 len=16 data=aab6070807080000cb0201a2f13f4fca
WFI t=15353 a=-1558,513,3925 g=133,-143,-145
WFR t=15382 src=mcu type=0x01 len=16 data=aa80211800000001dc00fdfff7008484
WFR t=15392 src=bms type=0x02 len=129 data=d2037c0eb00eb00eb10eb00eb00eb00eb10eb10eae0eb00eb00eb20eb50eb50eb60eb40eb50eb50eb60eb60eb60eb70eb70eb70eb50eb70eb70eb70000000000000000003b0000000000000000000000000000041d7523029b0eb60eae003b003b0000014d001c0001001c0000000100010eb3000800880000000000000000f067
WFR t=15402 src=mcu type=0x01 len=16 data=aa811e042e00010000008000040077a2
WFI t=15403 a=-1568,943,4254 g=144,-141,-128
WFR t=15442 src=mcu type=0x01 len=16 data=aa822327c5160000070000078100d24f
WFI t=15453 a=-1268,665,3937 g=141,-130,-139
WFR t=15462 src=mcu type=0x01 len=16 data=aa83000100011101b70111019f00058c
WFR t=15502 src=mcu type=0x01 len=16 data=aa840000090a10560001310051c45a55
WFI t=15503 a=-1472,470,3846 g=134,-102,-81
WFR t=15522 src=mcu type=0x01 len=16 data=aa8513088003e204080b1000507864d4
WFR t=15542 src=mcu type=0x01 len=16 data=aa868403f4010400a00f8813c003f9eb
WFI t=15553 a=-1387,713,3984 g=135,-106,-51
WFR t=15582 src=mcu type=0x01 len=16 data=aa87211800000000d80003008d00bc3f
WFR t=15602 src=mcu type=0x01 len=16 data=aa881e042e0001000000800004006a6b
WFI t=15603 a=-1232,440,3713 g=156,-72,-57
WFR t=15642 src=mcu type=0x01 len=16 data=aa89232fd11600000600000a810032f6
WFI t=15653 a=-1715,597,3639 g=105,-94,36
WFR t=15662 src=mcu type=0x01 len=16 data=aa8a480c1c0207284901230020001521
WFR t=15682 src=mcu type=0x01 len=16 data=aa8b40005c03474c775419031a0e80f3
WFI t=15703 a=-1520,107,4582 g=72,-69,125
WFR t=15722 src=mcu type=0x01 len=16 data=aa8c2225bf0420034006b80b3e02672c
WFR t=15742 src=mcu type=0x01 len=16 data=aa8d800c800000006c07102780008244
WFI t=15753 a=-1723,704,3676 g=107,-24,139
WFI t=15813 a=-1672,718,3702 g=35,-65,216
WFR t=15823 src=mcu type=0x01 len=16 data=aa8e211800000000d00000008000a46a
WFR t=15823 src=mcu type=0x01 len=16 data=aa8f1e042e000100000080000400612c
WFR t=15823 src=mcu type=0x01 len=16 data=aa902337dc1600000200000781006eb2
WFI t=15853 a=-1479,536,4380 g=-6,-24,188
WFR t=15862 src=mcu type=0x01 len=16 data=aa910b000f00465a667332000b9ed1a0
WFR t=15882 src=mcu type=0x01 len=16 data=aa92000000000000000000000000fbba
WFI t=15903 a=-1658,623,3779 g=-4,31,295
WFR t=15922 src=mcu type=0x01 len=16 data=aa93d804480804242c01c003214fe1ad
WFR t=15942 src=mcu type=0x01 len=16 data=aa94f0f465fffffff8080e00412af601
WFI t=15985 a=-1400,598,3726 g=-46,40,322
WFI t=16131 a=-1436,576,3486 g=-102,63,324
WFR t=16143 src=mcu type=0x01 len=16 data=aa95211800000000ce00fcff820082cf
WFR t=16143 src=mcu type=0x01 len=16 data=aa961e042e00000000008000040083b9
WFR t=16143 src=mcu type=0x01 len=16 data=aa97233ee71600000700000381007be7
WFR t=16143 src=mcu type=0x01 len=16 data=aa9807010400000056117eea00009abb
WFI t=16143 a=-1328,560,4098 g=-125,119,330
WFR t=16143 src=mcu type=0x01 len=16 data=aa995300ab04a08c64502748395ef6c0
WFR t=16144 src=mcu type=0x01 len=16 data=aa9a646464625f5d5b5955010101d546
WFI t=16145 a=-1727,727,3527 g=-119,123,337
WFI t=16153 a=-1692,747,3821 g=-133,116,339
WFR t=16163 src=mcu type=0x01 len=16 data=aa9b0101010100000000fbfbecd30e91
WFR t=16163 src=mcu type=0x01 len=16 data=aa9c211800000000c600fbff7c00df5a
WFR t=16202 src=mcu type=0x01 len=16 data=aa9d1f042e00000000008000040064f1
WFI t=16203 a=-1622,709,3963 g=-125,109,344
WFR t=16222 src=mcu type=0x01 len=16 data=aa9e2327f11600000a00000581001ce4
WFI t=16253 a=-1299,758,4433 g=-162,85,343
WFR t=16262 src=mcu type=0x01 len=16 data=aa9fb5a1b0bfd800000000000000dfe1
WFR t=16282 src=mcu type=0x01 len=16 data=aaa000000000020c000035006a00d1bd
WFR t=16302 src=mcu type=0x01 len=16 data=aaa188044a5357583036323430360894
WFI t=16303 a=-1080,971,4258 g=-110,131,332
WFR t=16342 src=mcu type=0x01 len=16 data=aaa231344e4242463930333500005e71
WFI t=16353 a=-1678,353,3236 g=-151,152,343
WFR t=16362 src=mcu type=0x01 len=16 data=aaa3211800000000c500ffff8a00cc06
WFR t=16402 src=mcu type=0x01 len=16 data=aaa41f042e000100000080000400f904
WFI t=16403 a=-1132,979,4004 g=-146,86,366
WFR t=16422 src=mcu type=0x01 len=16 data=aaa5233ffc16000005000008810039f9
WFR t=16442 src=mcu type=0x01 len=16 data=aaa6000000000000000000000000b4ce
WFI t=16453 a=-1397,892,4025 g=-151,147,330
WFR t=16457 src=bms type=0x02 len=129 data=d2037c0eb30eb20eb30eb20eb20eb20eb30eb30eb10eb20eb20eb30eb70eb70eb70eb60eb80eb80eb90eb80eb80eb90eb90eb90eb70eb80eb80eb80000000000000000003b0000000000000000000000000000041e752b029b0eb90eb0003b003b0000014d001c0001001c0000000100010eb500090034000000000000000088b6
WFR t=16482 src=mcu type=0x01 len=16 data=aaa7000000000000000000000000b64f
WFR t=16502 src=mcu type=0x01 len=16 data=aaa801801b000000400052a8194013c9
WFI t=16503 a=-1509,834,3767 g=-143,120,363
WFR t=16542 src=mcu type=0x01 len=16 data=aaa9028288135c4488132400ec02f999
WFI t=16553 a=-1477,1003,3804 g=-140,145,375
WFR t=16562 src=mcu type=0x01 len=16 data=aaaa211800000000be00faff8400df28
WFR t=16602 src=mcu type=0x01 len=16 data=aaab1f042e0000000000800004002cc7
WFI t=16603 a=-1387,1041,3660 g=-145,122,365
WFR t=16622 src=mcu type=0x01 len=16 data=aaac232e061700000300000981000dd9
WFR t=16642 src=mcu type=0x01 len=16 data=aaad0048005f00021000000100801d27
WFI t=16653 a=-1516,784,3681 g=-136,101,359
WFR t=16682 src=mcu type=0x01 len=16 data=aaae55f04b0b18000000803a40005cef
WFR t=16702 src=mcu type=0x01 len=16 data=aaaf08610005460c2d78a00f0900774b
WFI t=16703 a=-1518,861,4142 g=-125,91,369
WFR t=16742 src=mcu type=0x01 len=16 data=aab0211800000000b6000100070098de
WFI t=16753 a=-1356,673,3901 g=-130,91,376
WFR t=16762 src=mcu type=0x01 len=16 data=aab11f042e000000000000000000215d
WFR t=16782 src=mcu type=0x01 len=16 data=aab223260e1700000000000000003e2c
WFI t=16803 a=-1151,522,4214 g=-119,106,400
WFR t=16822 src=mcu type=0x01 len=16 data=aab3014a022500300000880117004d49
WFR t=16842 src=mcu type=0x01 len=16 data=aab40000750c800c710c3f060000f8b2
WFI t=16853 a=-1423,743,3825 g=-141,110,405
WFR t=16882 src=mcu type=0x01 len=16 data=aab51d00e84e7918060e1f0bc5004800
WFR t=16902 src=mcu type=0x01 len=16 data=aab6070807080040cb020122f13f0fe6
WFI t=16903 a=-1593,962,3785 g=-137,155,463
WFR t=16922 src=mcu type=0x01 len=16 data=aa80211800000000af0000000500dbbb
WFI t=16953 a=-1537,763,3868 g=-176,131,452
WFR t=16962 src=mcu type=0x01 len=16 data=aa811f042e00ffff00000000000020a6
WFR t=16982 src=mcu type=0x01 len=16 data=aa82233e17170000000000000000d0c6
WFI t=17003 a=-1383,1006,3663 g=-179,159,486
WFR t=17022 src=mcu type=0x01 len=16 data=aa83000100011101b70111019f00058c
WFR t=17042 src=mcu type=0x01 len=16 data=aa840000090a10560001310051c45a55
WFI t=17053 a=-1454,727,4037 g=-183,133,466
WFR t=17062 src=mcu type=0x01 len=16 data=aa8513088003e204080b1000507864d4
WFR t=17102 src=mcu type=0x01 len=16 data=aa868403f4010400a00f8813c003f9eb
WFI t=17103 a=-1285,829,4264 g=-176,158,462
WFR t=17122 src=mcu type=0x01 len=16 data=aa87211800000000a800fcfff9ffd06b
WFI t=17153 a=-1288,567,4047 g=-183,104,451
WFR t=17162 src=mcu type=0x01 len=16 data=aa881f042e00ffff0000000000003d6f
WFR t=17182 src=mcu type=0x01 len=16 data=aa8923272117000000000000000050f1
WFI t=17203 a=-910,991,4031 g=-155,111,447
WFR t=17222 src=mcu type=0x01 len=16 data=aa8a480c1c0207284901230020001521
WFR t=17242 src=mcu type=0x01 len=16 data=aa8b40005c03474c775419031a0e80f3
WFI t=17253 a=-1615,377,3917 g=-176,120,452
WFR t=17262 src=mcu type=0x01 len=16 data=aa8c2225bf0420034006b80b3e02672c
WFR t=17302 src=mcu type=0x01 len=16 data=aa8d800c800000006c07102780008244
WFI t=17303 a=-1166,960,3748 g=-156,129,481
WFR t=17322 src=mcu type=0x01 len=16 data=aa8e211800000000a000fcfff8ffcd7a
WFI t=17353 a=-1520,476,4189 g=-183,140,469
WFR t=17362 src=mcu type=0x01 len=16 data=aa8f1f042e0000000000000000007623
WFR t=17382 src=mcu type=0x01 len=16 data=aa90232729170000000000000000f242
WFR t=17402 src=mcu type=0x01 len=16 data=aa910b000f00465a667332000b9ed1a0
WFI t=17403 a=-1244,648,4083 g=-169,156,488
WFR t=17432 src=bms type=0x02 len=129 data=d2037c0eb30eb20eb30eb30eb30eb20eb30eb30eb10eb20eb30eb40eb70eb70eb80eb60eb80eb80eb90eb90eb90eba0eba0eb90eb70eb90eb90eb90000000000000000003b0000000000000000000000000000041e752d029b0eba0eb1003b003b0000014d001c0001001c0000000100010eb50009001f0000000000000000350b
WFR t=17442 src=mcu type=0x01 len=16 data=aa92000000000000000000000000fbba
WFI t=17453 a=-1478,774,3660 g=-153,151,491
WFR t=17462 src=mcu type=0x01 len=16 data=aa93d804480804242c01c003214fe1ad
WFR t=17502 src=mcu type=0x01 len=16 data=aa94f0f465fffffff8080e00412af601
WFI t=17503 a=-1364,798,3731 g=-165,147,487
WFR t=17522 src=mcu type=0x01 len=16 data=aa952118000000009900fbfffdffee2c
WFR t=17542 src=mcu type=0x01 len=16 data=aa961f042e00ffff0000000000001571
WFI t=17553 a=-1395,558,3630 g=-166,139,503
WFR t=17582 src=mcu type=0x01 len=16 data=aa97232f31170000000000000000531a
WFR t=17602 src=mcu type=0x01 len=16 data=aa9807010400000056117eea00009abb
WFI t=17603 a=-1099,520,4153 g=-163,130,486
WFR t=17642 src=mcu type=0x01 len=16 data=aa994c00ab04a08c64502748395e232b
WFI t=17653 a=-1285,857,3835 g=-170,120,498
WFR t=17662 src=mcu type=0x01 len=16 data=aa9a646464625f5d5b5955010101d546
WFR t=17682 src=mcu type=0x01 len=16 data=aa9b0101010100000000fbfbecd30e91
WFI t=17703 a=-1322,920,4179 g=-183,120,526
WFR t=17722 src=mcu type=0x01 len=16 data=aa9c2118000000009100fcfff9fff119
WFR t=17742 src=mcu type=0x01 len=16 data=aa9d1f042e00000000008000040064f1
WFI t=17753 a=-1361,878,4276 g=-174,138,495
WFR t=17782 src=mcu type=0x01 len=16 data=aa9e232739170000270000000702607f
WFR t=17802 src=mcu type=0x01 len=16 data=aa9fb5a1b0bfd800000000000000dfe1
WFI t=17803 a=-1089,1049,3922 g=-177,140,488
WFR t=17842 src=mcu type=0x01 len=16 data=aaa000000000020c000035006a00d1bd
WFI t=17853 a=-1364,874,3799 g=-187,148,490
WFR t=17862 src=mcu type=0x01 len=16 data=aaa188044a5357583036323430360894
WFR t=17882 src=mcu type=0x01 len=16 data=aaa231344e4242463930333500005e71
WFI t=17903 a=-1175,1017,3817 g=-187,129,483
WFR t=17922 src=mcu type=0x01 len=16 data=aaa32118000000038f00eaffc6024061
WFR t=17942 src=mcu type=0x01 len=16 data=aaa41d042e000a00e0ff0e04200032ed
WFI t=17953 a=-1189,988,3814 g=-208,134,453
WFR t=17995 src=mcu type=0x01 len=16 data=aaa52327401700015b00025e0f041594
WFR t=18050 src=mcu type=0x01 len=16 data=aaa6000000000000000000000000b4ce
WFR t=18050 src=mcu type=0x01 len=16 data=aaa7000000000000000000000000b64f
WFI t=18061 a=-1229,1147,3523 g=-225,177,444
WFI t=18063 a=-1728,741,3656 g=-237,187,438
WFR t=18083 src=mcu type=0x01 len=16 data=aaa801801b000000400052a8194013c9
WFR t=18083 src=mcu type=0x01 len=16 data=aaa9028288135c4488132400ec02f999
WFI t=18103 a=-1768,908,3661 g=-218,195,444
WFR t=18122 src=mcu type=0x01 len=16 data=aaaa2118000000049400dbffd603ea7f
WFR t=18142 src=mcu type=0x01 len=16 data=aaab1d042e000a00e0ff0e04200026e2
WFI t=18153 a=-1463,1344,3712 g=-228,174,418
WFR t=18162 src=mcu type=0x01 len=16 data=aaac232f48170001aa00025f0f04e736
WFR t=18202 src=mcu type=0x01 len=16 data=aaad0048005f00021000000100801d27
WFI t=18203 a=-1713,922,4016 g=-230,218,417
WFR t=18222 src=mcu type=0x01 len=16 data=aaae55f04b0b18000000803a40005cef
WFI t=18253 a=-1252,782,4090 g=-242,217,414
WFR t=18262 src=mcu type=0x01 len=16 data=aaaf08610005460c2d78a00f0900774b
WFR t=18282 src=mcu type=0x01 len=16 data=aab02118000000049900e1ff1c04d642
WFI t=18303 a=-892,1015,3781 g=-230,227,395
WFR t=18322 src=mcu type=0x01 len=16 data=aab11d042e000c00e0ff0e0420008052
WFR t=18342 src=mcu type=0x01 len=16 data=aab223364f170000750002260f04d6d8
WFI t=18353 a=-1580,932,3899 g=-237,162,352
WFR t=18362 src=mcu type=0x01 len=16 data=aab3014a022500300000880017001c89
WFR t=18402 src=mcu type=0x01 len=16 data=aab40000750c800c710c3f060000f8b2
WFI t=18403 a=-1742,1106,3577 g=-219,196,346
WFR t=18422 src=mcu type=0x01 len=16 data=aab51d00e84e7918060eaa0bc5006e0c
WFR t=18452 src=bms type=0x02 len=129 data=d2037c0eb30eb30eb40eb30eb40eb30eb40eb40eb20eb30eb30eb50eb80eb80eb80eb70eb90eb90eba0eb90eb90eba0eba0eba0eb80eba0eba0eba0000000000000000003b0000000000000000000000000000041e752e029b0eba0eb2003b003b0000014d001c0001001c0000000100010eb60008001500000000000000006e88
WFI t=18453 a=-1604,1205,3844 g=-194,157,341
WFR t=18462 src=mcu type=0x01 len=16 data=aab6070807080000cb0201a2f13f4fca
WFR t=18482 src=mcu type=0x01 len=16 data=aa802118000000049f00dcffff03928a
WFR t=18502 src=mcu type=0x01 len=16 data=aa811d042e000b00e0ff0e0420008044
WFI t=18503 a=-1578,1078,3872 g=-194,158,291
WFR t=18542 src=mcu type=0x01 len=16 data=aa82233758170000670002170f047126
WFI t=18553 a=-1662,961,3735 g=-197,152,261
WFR t=18562 src=mcu type=0x01 len=16 data=aa83000100011101b70111019f00058c
WFR t=18602 src=mcu type=0x01 len=16 data=aa840000090a10560001310051c45a55
WFI t=18603 a=-1679,938,3526 g=-176,152,247
WFR t=18622 src=mcu type=0x01 len=16 data=aa8513088003e204080b1000507864d4
WFR t=18642 src=mcu type=0x01 len=16 data=aa868403f4010400a00f8813c003f9eb
WFI t=18653 a=-1588,1039,3876 g=-185,103,212
WFR t=18682 src=mcu type=0x01 len=16 data=aa87211800000005ab00d9ff09054a17
WFR t=18702 src=mcu type=0x01 len=16 data=aa881c042e001100cfff11052800b776
WFI t=18703 a=-1353,896,4128 g=-164,97,156
WFR t=18742 src=mcu type=0x01 len=16 data=aa89232f61170002cb00009333056f20
WFI t=18753 a=-1523,755,4123 g=-144,95,157
WFR t=18762 src=mcu type=0x01 len=16 data=aa8a480c1c0207284901230020001521
WFR t=18782 src=mcu type=0x01 len=16 data=aa8b40005c03474c775419031a0e80f3
WFI t=18803 a=-1443,1020,3908 g=-121,54,94
WFR t=18822 src=mcu type=0x01 len=16 data=aa8c2225bf0420034006b80b3e02672c
WFR t=18842 src=mcu type=0x01 len=16 data=aa8d800c800000006c07102780008244
WFI t=18853 a=-1241,1054,3360 g=-158,36,49
WFR t=18882 src=mcu type=0x01 len=16 data=aa8e211800000005b200c9ff0d0553d7
WFR t=18902 src=mcu type=0x01 len=16 data=aa8f1c042e001000cdff31052900764f
WFI t=18903 a=-1704,1126,3477 g=-104,12,-25
WFR t=18955 src=mcu type=0x01 len=16 data=aa9023366b1700038e0001303305f98e
WFI t=18965 a=-1757,1163,4000 g=-35,4,49
WFR t=18966 src=mcu type=0x01 len=16 data=aa910b000f00465a667332000b9ed1a0
WFR t=18981 src=mcu type=0x01 len=16 data=aa92000000000000000000000000fbba
WFI t=19003 a=-1448,979,3770 g=-13,-13,15
WFR t=19022 src=mcu type=0x01 len=16 data=aa93d804480804242c01c003214fe1ad
WFR t=19042 src=mcu type=0x01 len=16 data=aa94f0f465fffffff8080e00412af601
WFI t=19053 a=-1425,698,3646 g=61,-36,-15
WFR t=19082 src=mcu type=0x01 len=16 data=aa95211800000005bd00ceff40054317
WFR t=19102 src=mcu type=0x01 len=16 data=aa961c042e001000cdff310529005516
WFI t=19103 a=-1598,945,4030 g=146,-7,-28
WFR t=19122 src=mcu type=0x01 len=16 data=aa97232775170002a40003ae3305b5c9
WFI t=19153 a=-1464,819,4055 g=34,-32,-42
WFR t=19162 src=mcu type=0x01 len=16 data=aa9807010400000056117eea00009abb
WFR t=19182 src=mcu type=0x01 len=16 data=aa996e00ab04a08c64502748395e5b53
WFI t=19203 a=-1359,657,3820 g=40,-29,-28
WFR t=19222 src=mcu type=0x01 len=16 data=aa9a646464625f5d5b5955010101d546
WFR t=19242 src=mcu type=0x01 len=16 data=aa9b0101010100000000fbfbecd30e91
WFI t=19253 a=-1480,510,3795 g=44,-37,-30
WFR t=19262 src=mcu type=0x01 len=16 data=aa9c211800000005c800c4ff54055963
WFR t=19302 src=mcu type=0x01 len=16 data=aa9d1c042e001400c6ffb3052d0065ad
WFI t=19303 a=-1374,672,3699 g=32,-4,4
WFR t=19322 src=mcu type=0x01 len=16 data=aa9e233e7f17000310000101b505aaf1
WFI t=19353 a=-1791,1034,3465 g=6,-6,20
WFR t=19362 src=mcu type=0x01 len=16 data=aa9fb5a1b0bfd800000000000000dfe1
WFR t=19382 src=mcu type=0x01 len=16 data=aaa000000000020c000035006a00d1bd
WFR t=19402 src=mcu type=0x01 len=16 data=aaa188044a5357583036323430360894
WFI t=19403 a=-2051,1397,3733 g=7,16,9
WFR t=19442 src=mcu type=0x01 len=16 data=aaa231344e4242463930333500005e71
WFI t=19453 a=-1443,767,3858 g=-17,0,6
WFR t=19462 src=mcu type=0x01 len=16 data=aaa3211800000005d500c0ffb40547e1
WFR t=19502 src=mcu type=0x01 len=16 data=aaa41c042e001600c6ffb3052d00b84d
WFI t=19503 a=-1556,850,3983 g=-12,-4,14
WFR t=19517 src=bms type=0x02 len=129 data=d2037c0ead0ead0ead0ead0ead0eac0ead0ead0eab0ead0eac0eae0eb20eb10eb20eb00eb20eb20eb30eb40eb30eb30eb40eb30eb20eb20eb30eb30000000000000000003b0000000000000000000000000000041d7510029b0eb60eac003b003b0002014d001c0001001c0000000100010eb0000a015000000000000000007ef2
WFR t=19522 src=mcu type=0x01 len=16 data=aaa523368b1700047e0002267405006d
WFI t=19553 a=-1070,863,3497 g=8,-5,2
WFR t=19562 src=mcu type=0x01 len=16 data=aaa6000000000000000000000000b4ce
WFR t=19582 src=mcu type=0x01 len=16 data=aaa7000000000000000000000000b64f
WFR t=19602 src=mcu type=0x01 len=16 data=aaa801801b000000400052a8194013c9
WFI t=19603 a=-1657,1072,3927 g=13,-11,-28
WFR t=19642 src=mcu type=0x01 len=16 data=aaa9028288135c4488132400ec02f999
WFI t=19653 a=-1414,677,3802 g=5,-8,-11
WFR t=19662 src=mcu type=0x01 len=16 data=aaaa211800000005e000c2ff71050d65
WFR t=19702 src=mcu type=0x01 len=16 data=aaab1c042e001700c9ff72052b00532d
WFI t=19703 a=-1432,955,4088 g=17,-51,-19
WFR t=19722 src=mcu type=0x01 len=16 data=aaac233e971700014d0003fcb505d73a
WFR t=19742 src=mcu type=0x01 len=16 data=aaad0048005f00021000000100801d27
WFI t=19753 a=-2005,734,4381 g=48,34,-2
WFR t=19782 src=mcu type=0x01 len=16 data=aaae55f04b0b18000000803a40005cef
WFR t=19802 src=mcu type=0x01 len=16 data=aaaf08610005460c2d78a00f0900774b
WFI t=19803 a=-1426,842,3431 g=30,9,-4
WFR t=19842 src=mcu type=0x01 len=16 data=aab0211800000005ee00c2ff6c052381
WFI t=19853 a=-1399,569,3761 g=-9,-1,46
WFR t=19862 src=mcu type=0x01 len=16 data=aab11c042e001500c9ff72052b00f46e
WFR t=19882 src=mcu type=0x01 len=16 data=aab22327a1170001d30002c07405e986
WFI t=19903 a=-1706,804,4488 g=-16,41,19
WFR t=19922 src=mcu type=0x01 len=16 data=aab3014a022500300000880017001c89
WFR t=19942 src=mcu type=0x01 len=16 data=aab40000750c800c710c3f060000f8b2
WFI t=19953 a=-1868,909,3826 g=8,91,66
WFR t=20046 src=mcu type=0x01 len=16 data=aab51d00e84e7918060e090bc5004c48
WFI t=20089 a=-1980,1078,3140 g=-43,27,15
WFR t=20090 src=mcu type=0x01 len=16 data=aab6070807080000cb0201a2f13f4fca
WFR t=20090 src=mcu type=0x01 len=16 data=aa80211800000004f500d8ff30048e82
WFR t=20090 src=mcu type=0x01 len=16 data=aa811d042e000e00e4ffcd031e00dc1a
WFR t=20090 src=mcu type=0x01 len=16 data=aa82232eae170000e2000170ce0350fa
WFI t=20145 a=-1598,815,3533 g=-26,87,18
WFR t=20156 src=mcu type=0x01 len=16 data=aa83000100011101b70111019f00058c
WFR t=20156 src=mcu type=0x01 len=16 data=aa840000090a10560001310051c45a55
WFI t=20157 a=-1462,703,3860 g=-30,53,13
WFI t=20159 a=-1136,591,4003 g=-24,49,9
WFR t=20182 src=mcu type=0x01 len=16 data=aa8513088003e204080b1000507864d4
WFR t=20202 src=mcu type=0x01 len=16 data=aa868403f4010400a00f8813c003f9eb
WFI t=20203 a=-1963,1267,3770 g=-3,56,-75
WFR t=20222 src=mcu type=0x01 len=16 data=aa87211800000004f800e0ffcb038b4a
WFI t=20253 a=-1666,1370,3498 g=-6,20,-53
WFT t=20260 batt_mv=3924 rssi_mcu=-55 rssi_bms=-62 mcu=723 bms=20 dropped=0
WFR t=20262 src=mcu type=0x01 len=16 data=aa881d042e000f00e4ffcd031e00001f
WFR t=20282 src=mcu type=0x01 len=16 data=aa892336bb170001460000bace030d72
WFI t=20303 a=-1787,1068,3404 g=2,-18,-61
WFR t=20322 src=mcu type=0x01 len=16 data=aa8a480c1c0207284901230020001521
WFR t=20342 src=mcu type=0x01 len=16 data=aa8b40005c03474c775419031a0e80f3
WFI t=20353 a=-1707,1090,3933 g=73,-30,-55
WFR t=20362 src=mcu type=0x01 len=16 data=aa8c2225bf0420034006b80b3e02672c
WFR t=20402 src=mcu type=0x01 len=16 data=aa8d800c800000006c07102780008244
WFI t=20403 a=-2120,1147,3307 g=94,-34,-103
WFR t=20422 src=mcu type=0x01 len=16 data=aa8e211800000004fa00dfffd20390e5
WFI t=20453 a=-1726,1055,3701 g=114,-64,-77
WFR t=20462 src=mcu type=0x01 len=16 data=aa8f1d042e000f00e4ffcd031e000b58
WFR t=20477 src=bms type=0x02 len=129 data=d2037c0ea90ea90ea90ea90ea90ea90eaa0eab0ea80ea80eaa0ea90ead0eae0ead0eae0eae0eaf0eaf0eb00eaf0eb00eb00eaf0eaf0eaf0eb00eb00000000000000000003b0000000000000000000000000000041b7502029b0eb10ea8003b003b0002014d001c0001001c0000000100010eac000901e30000000000000000c680
WFR t=20482 src=mcu type=0x01 len=16 data=aa90232fc9170001d7000103ce033b0e
WFR t=20502 src=mcu type=0x01 len=16 data=aa910b000f00465a667332000b9ed1a0
WFI t=20503 a=-1809,374,4286 g=76,-45,-78
WFR t=20542 src=mcu type=0x01 len=16 data=aa92000000000000000000000000fbba
WFI t=20553 a=-1158,766,3964 g=93,-70,-35
WFR t=20562 src=mcu type=0x01 len=16 data=aa93d804480804242c01c003214fe1ad
WFR t=20602 src=mcu type=0x01 len=16 data=aa94f0f465fffffff8080e00412af601
WFI t=20603 a=-1858,625,3675 g=81,-37,35
WFR t=20622 src=mcu type=0x01 len=16 data=aa95211800000004fd00dfffd903b279
WFI t=20653 a=-1787,812,4073 g=8,-59,34
WFR t=20662 src=mcu type=0x01 len=16 data=aa961c042e000f00e4ffcd031e00d5c2
WFR t=20682 src=mcu type=0x01 len=16 data=aa972326d7170001d9000141ce03df8f
WFR t=20702 src=mcu type=0x01 len=16 data=aa9807010400000056117eea00009abb
WFI t=20703 a=-1548,209,3433 g=-58,-55,5
WFR t=20742 src=mcu type=0x01 len=16 data=aa996100ab04a08c64502748395e4f47
WFI t=20753 a=-1479,865,4159 g=-47,-36,133
WFR t=20762 src=mcu type=0x01 len=16 data=aa9a646464625f5d5b5955010101d546
WFR t=20802 src=mcu type=0x01 len=16 data=aa9b0101010100000000fbfbecd30e91
WFI t=20803 a=-1098,569,3975 g=-99,-19,169
WFR t=20822 src=mcu type=0x01 len=16 data=aa9c211800000001f600fcff7d010b4e
WFR t=20842 src=mcu type=0x01 len=16 data=aa9d1e042e000000000000000000b232
WFI t=20853 a=-1755,899,4015 g=-112,12,130
WFR t=20882 src=mcu type=0x01 len=16 data=aa9e233ee3170000000000000000bb8c
WFR t=20902 src=mcu type=0x01 len=16 data=aa9fb5a1b0bfd800000000000000dfe1
WFI t=20903 a=-1239,909,5396 g=-84,67,134
WFR t=20942 src=mcu type=0x01 len=16 data=aaa000000000020c000035006a00d1bd
WFI t=20953 a=-1408,531,4155 g=-101,71,144
WFR t=20962 src=mcu type=0x01 len=16 data=aaa188044a5357583036323430360894
WFR t=20982 src=mcu type=0x01 len=16 data=aaa231344e4242463930333500005e71
WFI t=21003 a=-1050,1365,3393 g=-87,74,91
WFR t=21022 src=mcu type=0x01 len=16 data=aaa3211800000000f100fcff0400ad96
WFR t=21042 src=mcu type=0x01 len=16 data=aaa41f042e00ffff00000000000053c3
WFI t=21053 a=-1394,606,3100 g=-87,43,90
WFR t=21082 src=mcu type=0x01 len=16 data=aaa52337f01700000000000000003ff1
WFR t=21102 src=mcu type=0x01 len=16 data=aaa6000000000000000000000000b4ce
WFI t=21103 a=-1588,1055,3778 g=-71,24,54
WFR t=21122 src=mcu type=0x01 len=16 data=aaa7000000000000000000000000b64f
WFI t=21153 a=-1601,614,3943 g=-49,57,46
WFR t=21162 src=mcu type=0x01 len=16 data=aaa801801b000000400052a8194013c9
WFR t=21182 src=mcu type=0x01 len=16 data=aaa9028288135c4488132400ec02f999
WFI t=21203 a=-1179,1158,3751 g=-14,88,46
WFR t=21222 src=mcu type=0x01 len=16 data=aaaa211800000000e70002000400b371
WFR t=21242 src=mcu type=0x01 len=16 data=aaab1f042e00ffff00000000000047cc
WFI t=21253 a=-1709,658,4389 g=-53,87,75
WFR t=21282 src=mcu type=0x01 len=16 data=aaac233ffd17000000000000000099a2
WFR t=21302 src=mcu type=0x01 len=16 data=aaad0048005f00021000000100801d27
WFI t=21303 a=-1394,838,3268 g=-56,81,72
WFR t=21322 src=mcu type=0x01 len=16 data=aaae55f04b0b18000000803a40005cef
WFI t=21353 a=-1095,737,3728 g=-73,22,46
WFR t=21362 src=mcu type=0x01 len=16 data=aaaf08610005460c2d78a00f0900774b
WFR t=21382 src=mcu type=0x01 len=16 data=aab0211800000000e000fbfffeff9610
WFI t=21403 a=-1320,741,3571 g=-69,37,44
WFR t=21422 src=mcu type=0x01 len=16 data=aab11f042e000000000000000000215d
WFR t=21442 src=mcu type=0x01 len=16 data=aab2233607180000000000000000fb33
WFR t=21452 src=bms type=0x02 len=129 data=d2037c0eaf0eae0eae0eae0eae0eae0eaf0eaf0ead0eae0eae0eaf0eb30eb20eb40eb10eb40eb40eb50eb40eb50eb50eb60eb50eb30eb40eb50eb50000000000000000003b0000000000000000000000000000041c7516029b0eb30eab003b003b0002014d001c0001001c0000000100010eb1000801110000000000000000636e
WFI t=21453 a=-1186,800,3836 g=-63,50,20
WFR t=21462 src=mcu type=0x01 len=16 data=aab3014a022500300000880017001c89
WFR t=21502 src=mcu type=0x01 len=16 data=aab40000750c800c710c3f060000f8b2
WFI t=21503 a=-1368,896,3867 g=-44,27,6
WFR t=21522 src=mcu type=0x01 len=16 data=aab51d00e84e7918060e0b0bc5004df0
WFI t=21553 a=-1637,669,3927 g=-53,40,7
WFR t=21562 src=mcu type=0x01 len=16 data=aab6070807080040cb020122f13f0fe6
WFR t=21582 src=mcu type=0x01 len=16 data=aa80211800000000d600fdfffaffd03e
WFR t=21602 src=mcu type=0x01 len=16 data=aa811f042e00000000000000000060ad
WFI t=21603 a=-1711,766,4066 g=-61,39,16
WFR t=21642 src=mcu type=0x01 len=16 data=aa82232e12180000000000000000d5e6
WFI t=21653 a=-1482,1005,3962 g=-50,50,-2
WFR t=21662 src=mcu type=0x01 len=16 data=aa83000100011101b70111019f00058c
WFR t=21702 src=mcu type=0x01 len=16 data=aa840000090a10560001310051c45a55
WFI t=21703 a=-1771,698,3755 g=-25,51,-3
WFR t=21722 src=mcu type=0x01 len=16 data=aa8513088003e204080b1000507864d4
WFI t=21753 a=-1412,961,4019 g=-42,6,-13
WFR t=21762 src=mcu type=0x01 len=16 data=aa868403f4010400a00f8813c003f9eb
WFR t=21782 src=mcu type=0x01 len=16 data=aa87211800000000cc00fcfffdffda8f
WFR t=21802 src=mcu type=0x01 len=16 data=aa881f042e00ffff0000000000003d6f
WFI t=21803 a=-1467,828,4050 g=-45,22,-22
WFR t=21842 src=mcu type=0x01 len=16 data=aa8923271d180000000000000000d1c1
WFI t=21853 a=-1352,739,3633 g=-46,-22,-103
WFR t=21862 src=mcu type=0x01 len=16 data=aa8a480c1c0207284901230020001521
WFR t=21902 src=mcu type=0x01 len=16 data=aa8b40005c03474c775419031a0e80f3
WFI t=21903 a=-1419,871,4258 g=-11,-24,-87
WFR t=21922 src=mcu type=0x01 len=16 data=aa8c2225bf0420034006b80b3e02672c
WFR t=21942 src=mcu type=0x01 len=16 data=aa8d800c800000006c07102780008244
WFI t=21953 a=-1368,852,3714 g=14,-11,-86
WFR t=22012 src=mcu type=0x01 len=16 data=aa8e211800000000c50000000300c79f
WFR t=22012 src=mcu type=0x01 len=16 data=aa8f1f042e0000000000000000007623
WFI t=22066 a=-1414,951,3966 g=47,-39,-135
WFR t=22077 src=mcu type=0x01 len=16 data=aa90233627180000000000000000827b
WFR t=22077 src=mcu type=0x01 len=16 data=aa910b000f00465a667332000b9ed1a0
WFI t=22078 a=-1360,1185,3280 g=32,-57,-153
WFR t=22083 src=mcu type=0x01 len=16 data=aa92000000000000000000000000fbba
WFI t=22103 a=-1357,670,4010 g=57,-80,-167
WFR t=22122 src=mcu type=0x01 len=16 data=aa93d804480804242c01c003214fe1ad
WFR t=22142 src=mcu type=0x01 len=16 data=aa94f0f465fffffff8080e00412af601
WFI t=22153 a=-1752,757,4070 g=83,-40,-178
WFR t=22182 src=mcu type=0x01 len=16 data=aa95211800000002b200f4ffb4017ef3
WFR t=22202 src=mcu type=0x01 len=16 data=aa961e042e000900e7ff8c031c00b940
WFI t=22203 a=-1704,711,3796 g=90,-23,-162
WFR t=22256 src=mcu type=0x01 len=16 data=aa97232f31180001da0000830f04e4cb
WFI t=22257 a=-1551,989,3802 g=88,-36,-164
WFR t=22264 src=mcu type=0x01 len=16 data=aa9807010400000056117eea00009abb
WFR t=22283 src=mcu type=0x01 len=16 data=aa996900ab04a08c64502748395eae98
WFI t=22348 a=-1559,792,3849 g=107,-34,-170
WFR t=22349 src=mcu type=0x01 len=16 data=aa9a646464625f5d5b5955010101d546
WFR t=22349 src=mcu type=0x01 len=16 data=aa9b0101010100000000fbfbecd30e91
WFI t=22353 a=-1563,826,3902 g=130,-37,-177
WFR t=22382 src=mcu type=0x01 len=16 data=aa9c211800000005b400d2ffc204f8b7
WFR t=22402 src=mcu type=0x01 len=16 data=aa9d1d042e001100d3ffd104260013dc
WFI t=22403 a=-1609,849,3915 g=112,-35,-174
WFR t=22422 src=mcu type=0x01 len=16 data=aa9e23263a180000ce000309d204cd51
WFI t=22453 a=-1107,940,3776 g=106,-38,-178
WFR t=22462 src=mcu type=0x01 len=16 data=aa9fb5a1b0bfd800000000000000dfe1
WFR t=22482 src=mcu type=0x01 len=16 data=aaa000000000020c000035006a00d1bd
WFI t=22503 a=-1574,700,3619 g=104,-27,-175
WFR t=22517 src=bms type=0x02 len=129 data=d2037c0eb30eb20eb30eb30eb30eb20eb30eb40eb20eb20eb30eb40eb70eb80eb80eb70eb80eb80eb90eb90eb90eba0eba0eba0eb80eb90eb90eb90000000000000000003b0000000000000000000000000000041e752c029b0eba0eb1003b003b0000014d001c0001001c0000000100010eb60009002a0000000000000000b094
WFR t=22522 src=mcu type=0x01 len=16 data=aaa188044a5357583036323430360894
WFR t=22542 src=mcu type=0x01 len=16 data=aaa231344e4242463930333500005e71
WFI t=22553 a=-1293,854,3641 g=79,-43,-163
WFR t=22562 src=mcu type=0x01 len=16 data=aaa3211800000003b500d4ffad04e7e1
WFR t=22602 src=mcu type=0x01 len=16 data=aaa41e042e000000000000000000ee0b
WFI t=22603 a=-1517,779,4106 g=68,-40,-166
WFR t=22622 src=mcu type=0x01 len=16 data=aaa5233f4418000000000000000012a3
WFI t=22653 a=-1621,782,3887 g=73,-9,-163
WFR t=22662 src=mcu type=0x01 len=16 data=aaa6000000000000000000000000b4ce
WFR t=22682 src=mcu type=0x01 len=16 data=aaa7000000000000000000000000b64f
WFR t=22702 src=mcu type=0x01 len=16 data=aaa801801b000000400052a8194013c9
WFI t=22703 a=-1608,848,3514 g=55,-60,-162
WFR t=22742 src=mcu type=0x01 len=16 data=aaa9028288135c4488132400ec02f999
WFI t=22753 a=-1520,792,3704 g=69,-73,-166
WFR t=22762 src=mcu type=0x01 len=16 data=aaaa211800000000a700fffff8ffbd6d
WFR t=22802 src=mcu type=0x01 len=16 data=aaab1f042e00ffff00000000000047cc
WFI t=22803 a=-1492,925,3758 g=94,-99,-182
WFR t=22822 src=mcu type=0x01 len=16 data=aaac23274d180000000000000000a1e5
WFR t=22842 src=mcu type=0x01 len=16 data=aaad0048005f00021000000100801d27
WFI t=22853 a=-1214,916,3906 g=118,-123,-203
WFR t=22882 src=mcu type=0x01 len=16 data=aaae55f04b0b18000000803a40005cef
WFR t=22902 src=mcu type=0x01 len=16 data=aaaf08610005460c2d78a00f0900774b
WFI t=22903 a=-1146,1063,3494 g=423,-72,-132
WFR t=22942 src=mcu type=0x01 len=16 data=aab0211800000000a0000000000099e4
WFI t=22953 a=-1342,1309,4383 g=168,-147,-217
WFR t=22962 src=mcu type=0x01 len=16 data=aab11f042e000000000000000000215d
WFR t=23002 src=mcu type=0x01 len=16 data=aab22337541800000000000000000c81
WFI t=23003 a=-991,1237,3877 g=155,-164,-246
WFR t=23022 src=mcu type=0x01 len=16 data=aab3014a022500300000880018001979
WFR t=23042 src=mcu type=0x01 len=16 data=aab40000750c800c710c3f060000f8b2
WFI t=23053 a=-876,1208,3999 g=117,-175,-264
WFR t=23082 src=mcu type=0x01 len=16 data=aab51d00e84e7918060e0b0bc5004df0
WFR t=23102 src=mcu type=0x01 len=16 data=aab6070807080040cb020122f13f0fe6
WFI t=23103 a=-917,1316,4116 g=79,-164,-305
WFR t=23142 src=mcu type=0x01 len=16 data=aa802118000000009100fdff0200dcc9
WFI t=23153 a=-952,1181,3805 g=75,-149,-325
WFR t=23162 src=mcu type=0x01 len=16 data=aa811f042e00ffff00000000000020a6
WFR t=23182 src=mcu type=0x01 len=16 data=aa82233e5b18000000000000000053dd
WFI t=23203 a=-1047,1081,3901 g=78,-134,-352
WFR t=23222 src=mcu type=0x01 len=16 data=aa83000100011101b70111019f00058c
WFR t=23242 src=mcu type=0x01 len=16 data=aa840000090a10560001310051c45a55
WFI t=23253 a=-1087,999,3853 g=84,-118,-361
WFR t=23282 src=mcu type=0x01 len=16 data=aa8513088003e204080b1000507864d4
WFR t=23302 src=mcu type=0x01 len=16 data=aa868403f4010400a00f8813c003f9eb
WFI t=23303 a=-1116,879,3963 g=59,-100,-382
WFR t=23322 src=mcu type=0x01 len=16 data=aa872118000000007900fdff0000c1c6
WFI t=23353 a=-927,534,4236 g=119,-6,-322
WFR t=23362 src=mcu type=0x01 len=16 data=aa881f042e0000000000000000007d64
WFR t=23382 src=mcu type=0x01 len=16 data=aa89232662180000000000000000e726
WFI t=23403 a=-1133,402,4688 g=83,-63,-388
WFR t=23422 src=mcu type=0x01 len=16 data=aa8a480c1c0207284901230020001521
WFR t=23442 src=mcu type=0x01 len=16 data=aa8b40005c03474c775419031a0e80f3
WFI t=23453 a=-959,590,3719 g=193,-22,-329
WFR t=23482 src=mcu type=0x01 len=16 data=aa8c2225bf0420034006b80b3e02672c
WFR t=23492 src=bms type=0x02 len=129 data=d2037c0eb00eaf0eb00eb10eb10eb00eb10eb10eaf0eb00eb10eb20eb50eb50eb50eb50eb60eb60eb80eb60eb60eb70eb70eb80eb50eb70eb70eb70000000000000000003b0000000000000000000000000000041d7522029b0eb50ead003b003b0000014d001c0001001c0000000100010eb300080093000000000000000018a3
WFR t=23502 src=mcu type=0x01 len=16 data=aa8d800c800000006c07102780008244
WFI t=23503 a=-1458,669,2354 g=34,-198,-677
WFR t=23522 src=mcu type=0x01 len=16 data=aa8e2118000000006c00fcff0100dea6
WFI t=23553 a=-1802,1088,5566 g=201,-203,-391
WFR t=23562 src=mcu type=0x01 len=16 data=aa8f1f042e00ffff0000000000003628
WFR t=23582 src=mcu type=0x01 len=16 data=aa9023366718000000000000000080af
WFI t=23603 a=-1232,938,2490 g=156,-210,-447
WFR t=23622 src=mcu type=0x01 len=16 data=aa910b000f00465a667332000b9ed1a0
WFR t=23642 src=mcu type=0x01 len=16 data=aa92000000000000000000000000fbba
WFI t=23653 a=-1538,295,5045 g=245,-158,-405
WFR t=23662 src=mcu type=0x01 len=16 data=aa93d804480804242c01c003214fe1ad
WFR t=23702 src=mcu type=0x01 len=16 data=aa94f0f465fffffff8080e00412af601
WFI t=23703 a=-857,798,3520 g=169,-117,-366
WFR t=23722 src=mcu type=0x01 len=16 data=aa952118000000006100fffff6fffd94
WFI t=23753 a=-1202,561,4030 g=140,-113,-358
WFR t=23762 src=mcu type=0x01 len=16 data=aa961f042e00ffff0000000000001571
WFR t=23782 src=mcu type=0x01 len=16 data=aa97232f6c1800000000000000008051
WFR t=23802 src=mcu type=0x01 len=16 data=aa9807010400000056117eea00009abb
WFI t=23803 a=-1112,1201,3897 g=142,-105,-377
WFR t=23890 src=mcu type=0x01 len=16 data=aa992400ab04a08c64502748395e4274
WFR t=23890 src=mcu type=0x01 len=16 data=aa9a646464625f5d5b5955010101d546
WFI t=23901 a=-1849,139,4046 g=142,-117,-386
WFR t=23902 src=mcu type=0x01 len=16 data=aa9b0101010100000000fbfbecd30e91
WFI t=23904 a=-1703,961,3655 g=159,-120,-373
WFR t=23922 src=mcu type=0x01 len=16 data=aa9c2118000000005400feffffffe254
WFR t=23942 src=mcu type=0x01 len=16 data=aa9d1f042e000100faffc5010e00e71f
WFI t=23953 a=-1817,618,3653 g=168,-99,-328
WFR t=23982 src=mcu type=0x01 len=16 data=aa9e232f71180000740000370b03f1bc
WFI t=24076 a=-1694,453,3844 g=187,-131,-329
WFR t=24088 src=mcu type=0x01 len=16 data=aa9fb5a1b0bfd800000000000000dfe1
WFI t=24088 a=-1386,1065,4202 g=206,-165,-354
WFR t=24088 src=mcu type=0x01 len=16 data=aaa000000000020c000035006a00d1bd
WFR t=24088 src=mcu type=0x01 len=16 data=aaa188044a5357583036323430360894
WFR t=24102 src=mcu type=0x01 len=16 data=aaa231344e4242463930333500005e71
WFI t=24103 a=-1908,857,3719 g=207,-166,-312
WFR t=24122 src=mcu type=0x01 len=16 data=aaa32118000000065100b3ff800626e0
WFR t=24142 src=mcu type=0x01 len=16 data=aaa41c042e000f00abff18073800fee2
WFI t=24153 a=-1506,1150,3862 g=185,-184,-328
WFR t=24182 src=mcu type=0x01 len=16 data=aaa5232f75180002480003f31b078054
WFR t=24202 src=mcu type=0x01 len=16 data=aaa6000000000000000000000000b4ce
WFI t=24204 a=-1134,586,3838 g=209,-183,-326
WFR t=24242 src=mcu type=0x01 len=16 data=aaa7000000000000000000000000b64f
WFI t=24253 a=-753,879,4202 g=177,-140,-310
WFR t=24262 src=mcu type=0x01 len=16 data=aaa801801b000000400052a8194013c9
WFR t=24282 src=mcu type=0x01 len=16 data=aaa9028288135c4488132400ec02f999
WFI t=24303 a=-985,1200,3780 g=156,-117,-326
WFR t=24322 src=mcu type=0x01 len=16 data=aaaa2118000000005300feff1700a595
WFR t=24342 src=mcu type=0x01 len=16 data=aaab1f042e00000000000000000007c7
WFI t=24353 a=-1139,1187,3775 g=102,-104,-316
WFR t=24382 src=mcu type=0x01 len=16 data=aaac232f79180000000000000000caaf
WFR t=24402 src=mcu type=0x01 len=16 data=aaad0048005f00021000000100801d27
WFI t=24403 a=-1154,1021,4189 g=64,-52,-328
WFR t=24422 src=mcu type=0x01 len=16 data=aaae55f04b0b18000000803a40005cef
WFI t=24453 a=-1082,1087,3852 g=28,-50,-342
WFR t=24462 src=mcu type=0x01 len=16 data=aaaf08610005460c2d78a00f0900774b
WFR t=24482 src=mcu type=0x01 len=16 data=aab02118000000004900fefffcff8f85
WFR t=24497 src=bms type=0x02 len=129 data=d2037c0eb30eb30eb30eb30eb30eb30eb40eb40eb20eb30eb30eb40eb70eb70eb80eb60eb80eb80eba0eb90eb90eb90eba0eba0eb70eb90eb90eb90000000000000000003b0000000000000000000000000000041e752d029b0eba0eb2003b003b0000014d001c0001001c0000000100010eb60008001f0000000000000000b3d8
WFI t=24503 a=-1198,917,3925 g=13,-24,-339
WFR t=24522 src=mcu type=0x01 len=16 data=aab11f042e000000000000000000215d
WFR t=24543 src=mcu type=0x01 len=16 data=aab2232f7d180000000000000000a364
WFI t=24553 a=-1240,775,4162 g=10,-3,-358
WFR t=24562 src=mcu type=0x01 len=16 data=aab3014a022500300000880018001979
WFR t=24602 src=mcu type=0x01 len=16 data=aab40000750c800c710c3f060000f8b2
WFI t=24603 a=-1578,755,3771 g=22,-3,-360
WFR t=24622 src=mcu type=0x01 len=16 data=aab51d00e84e7918060e590bc5005d48
WFI t=24653 a=-1572,650,4013 g=46,-2,-344
WFR t=24662 src=mcu type=0x01 len=16 data=aab6070807080000cb0201a2f13f4fca
WFR t=24682 src=mcu type=0x01 len=16 data=aa802118000000054300d5ff9204ffd8
WFI t=24703 a=-1723,703,3763 g=72,-23,-368
WFR t=24722 src=mcu type=0x01 len=16 data=aa811d042e000e00c1fff4052f002222
WFR t=24742 src=mcu type=0x01 len=16 data=aa82232f80180004c40003f3f605543d
WFI t=24753 a=-1487,735,3684 g=67,-48,-361
WFR t=24762 src=mcu type=0x01 len=16 data=aa83000100011101b70111019f00058c
WFR t=24802 src=mcu type=0x01 len=16 data=aa840000090a10560001310051c45a55
WFI t=24803 a=-1342,809,3734 g=73,-54,-326
WFR t=24822 src=mcu type=0x01 len=16 data=aa8513088003e204080b1000507864d4
WFI t=24853 a=-1303,921,3959 g=70,-72,-348
WFR t=24862 src=mcu type=0x01 len=16 data=aa868403f4010400a00f8813c003f9eb
WFR t=24882 src=mcu type=0x01 len=16 data=aa872118000000064400bcffe3053e24
WFR t=24902 src=mcu type=0x01 len=16 data=aa881d042e000e00c1fff4052f003feb
WFI t=24903 a=-1828,655,3676 g=65,-40,-357
WFR t=24942 src=mcu type=0x01 len=16 data=aa89233f84180003090004e7f6057c0e
WFI t=24953 a=-1511,745,4147 g=74,-50,-353
WFR t=24963 src=mcu type=0x01 len=16 data=aa8a480c1c0207284901230020001521
WFR t=25002 src=mcu type=0x01 len=16 data=aa8b40005c03474c775419031a0e80f3
WFI t=25003 a=-1277,1135,3784 g=103,-72,-370
WFR t=25022 src=mcu type=0x01 len=16 data=aa8c2225bf0420034006b80b3e02672c
WFR t=25042 src=mcu type=0x01 len=16 data=aa8d800c800000006c07102780008244
WFI t=25053 a=-1923,570,3810 g=116,-65,-386
WFR t=25082 src=mcu type=0x01 len=16 data=aa8e2118000000064900bbffd9053124
WFR t=25102 src=mcu type=0x01 len=16 data=aa8f1d042e000f00c1fff4052f00f560
WFI t=25103 a=-1602,637,3546 g=151,-83,-383
WFR t=25142 src=mcu type=0x01 len=16 data=aa90233f8818000479000507f605e292
WFI t=25153 a=-1684,728,3835 g=147,-106,-370
WFR t=25162 src=mcu type=0x01 len=16 data=aa910b000f00465a667332000b9ed1a0
WFR t=25202 src=mcu type=0x01 len=16 data=aa92000000000000000000000000fbba
WFI t=25203 a=-2010,626,3859 g=168,-78,-363
WFR t=25222 src=mcu type=0x01 len=16 data=aa93d804480804242c01c003214fe1ad
WFR t=25242 src=mcu type=0x01 len=16 data=aa94f0f465fffffff8080e00412af601
WFI t=25253 a=-1474,1372,3841 g=198,-128,-376
WFR t=25282 src=mcu type=0x01 len=16 data=aa952118000000065200bbffbe053ce4
WFT t=25299 batt_mv=3924 rssi_mcu=-54 rssi_bms=-71 mcu=902 bms=25 dropped=0
WFR t=25302 src=mcu type=0x01 len=16 data=aa961d042e000f00c1fff4052f00d639
WFI t=25303 a=-1333,664,3896 g=192,-130,-396
WFR t=25342 src=mcu type=0x01 len=16 data=aa97232f8d18000529000016f605e15c
WFI t=25353 a=-1402,1179,3576 g=224,-122,-392
WFR t=25362 src=mcu type=0x01 len=16 data=aa9807010400000056117eea00009abb
WFR t=25383 src=mcu type=0x01 len=16 data=aa997100ab04a08c64502748395e8eb8
WFI t=25438 a=-1085,711,3824 g=234,-144,-420
WFR t=25443 src=mcu type=0x01 len=16 data=aa9a646464625f5d5b5955010101d546
WFR t=25443 src=mcu type=0x01 len=16 data=aa9b0101010100000000fbfbecd30e91
WFI t=25453 a=-1927,1263,3881 g=247,-153,-413
WFR t=25482 src=mcu type=0x01 len=16 data=aa9c2118000000065d00befff405167e
WFR t=25502 src=mcu type=0x01 len=16 data=aa9d1d042e000f00c1fff4052f00ccb2
WFI t=25503 a=-2071,1316,3951 g=272,-164,-421
WFR t=25517 src=bms type=0x02 len=129 data=d2037c0eb00eaf0eb00eaf0eb00eb00eb00eb00eaf0eb00eb00eb10eb50eb40eb50eb30eb50eb50eb60eb60eb50eb60eb60eb60eb50eb60eb60eb70000000000000000003b0000000000000000000000000000041e7520029b0eb80eb0003b003b0000014d001c0001001c0000000100010eb3000800a80000000000000000b957
WFR t=25522 src=mcu type=0x01 len=16 data=aa9e232e9218000365000502f605e108
WFI t=25553 a=-1074,1111,3843 g=258,-173,-424
WFR t=25562 src=mcu type=0x01 len=16 data=aa9fb5a1b0bfd800000000000000dfe1
WFR t=25582 src=mcu type=0x01 len=16 data=aaa000000000020c000035006a00d1bd
WFI t=25603 a=-929,610,3825 g=231,-183,-407
WFR t=25622 src=mcu type=0x01 len=16 data=aaa188044a5357583036323430360894
WFR t=25642 src=mcu type=0x01 len=16 data=aaa231344e4242463930333500005e71
WFI t=25653 a=-1180,1331,3828 g=224,-163,-411
WFR t=25662 src=mcu type=0x01 len=16 data=aaa32118000000046700d6ffb604881b
WFR t=25702 src=mcu type=0x01 len=16 data=aaa41e042e0001000000bd0002000acb
WFI t=25704 a=-1048,1315,4016 g=204,-146,-393
WFR t=25722 src=mcu type=0x01 len=16 data=aaa5233e971800005900000600000e31
WFI t=25753 a=-1687,1257,3714 g=167,-88,-392
WFR t=25762 src=mcu type=0x01 len=16 data=aaa6000000000000000000000000b4ce
WFR t=25782 src=mcu type=0x01 len=16 data=aaa7000000000000000000000000b64f
WFI t=25803 a=-972,977,4096 g=131,-94,-365
WFR t=25822 src=mcu type=0x01 len=16 data=aaa801801b000000400052a8194013c9
WFR t=25842 src=mcu type=0x01 len=16 data=aaa9028288135c4488132400ec02f999
WFI t=25853 a=-1049,983,4099 g=110,-71,-373
WFR t=25862 src=mcu type=0x01 len=16 data=aaaa2118000000005e00fdfff7ffad4c
WFR t=25902 src=mcu type=0x01 len=16 data=aaab1f042e00ffff00000000000047cc
WFI t=25904 a=-1401,603,3633 g=93,-75,-379
WFR t=25922 src=mcu type=0x01 len=16 data=aaac23379c180000000000000000a049
WFI t=25953 a=-1536,733,3874 g=82,-49,-381
WFR t=25962 src=mcu type=0x01 len=16 data=aaad0048005f00021000000100801d27
WFR t=25982 src=mcu type=0x01 len=16 data=aaae55f04b0b18000000803a40005cef
WFI t=26129 a=-1344,1092,3682 g=104,-37,-386
WFR t=26129 src=mcu type=0x01 len=16 data=aaaf08610005460c2d78a00f0900774b
WFR t=26140 src=mcu type=0x01 len=16 data=aab02118000000005800fefffaff8f64
WFR t=26140 src=mcu type=0x01 len=16 data=aab11f042e000000000000000000215d
WFR t=26140 src=mcu type=0x01 len=16 data=aab22337a01800000000000000004897
WFR t=26184 src=mcu type=0x01 len=16 data=aab3014a022500300000880018001979
WFI t=26195 a=-1622,604,3907 g=145,-84,-324
WFR t=26195 src=mcu type=0x01 len=16 data=aab40000750c800c710c3f060000f8b2
WFR t=26196 src=mcu type=0x01 len=16 data=aab51d00e84e7918060ecd0bc5007178
WFI t=26197 a=-1525,126,3987 g=141,-112,-336
WFI t=26199 a=-1525,126,3987 g=141,-112,-336
WFR t=26202 src=mcu type=0x01 len=16 data=aab6070807080040cb020122f13f0fe6
WFI t=26203 a=-1709,811,3865 g=156,-111,-336
WFR t=26242 src=mcu type=0x01 len=16 data=aa8021180000000051000000ffffcc85
WFI t=26253 a=-1477,579,3697 g=162,-89,-308
WFR t=26262 src=mcu type=0x01 len=16 data=aa811f042e00000000000000000060ad
WFR t=26282 src=mcu type=0x01 len=16 data=aa822327a41800000000000000001c72
WFI t=26303 a=-1178,635,4096 g=149,-95,-276
WFR t=26322 src=mcu type=0x01 len=16 data=aa83000100011101b70111019f00058c
WFR t=26343 src=mcu type=0x01 len=16 data=aa840000090a10560001310051c45a55
WFI t=26353 a=-1411,701,4318 g=158,-87,-250
WFR t=26382 src=mcu type=0x01 len=16 data=aa8513088003e204080b1000507864d4
WFR t=26403 src=mcu type=0x01 len=16 data=aa868403f4010400a00f8813c003f9eb
WFI t=26404 a=-1637,430,3789 g=185,-86,-214
WFR t=26442 src=mcu type=0x01 len=16 data=aa872118000000004c000000feffc5df
WFI t=26453 a=-1522,463,4175 g=178,-79,-224
WFR t=26463 src=mcu type=0x01 len=16 data=aa881f042e0000000000000000007d64
WFR t=26482 src=mcu type=0x01 len=16 data=aa892327a8180000000000000000c6c6
WFI t=26503 a=-1280,567,4141 g=176,-99,-162
WFR t=26522 src=mcu type=0x01 len=16 data=aa8a480c1c0207284901230020001521
WFR t=26542 src=mcu type=0x01 len=16 data=aa8b40005c03474c775419031a0e80f3
WFR t=26552 src=bms type=0x02 len=129 data=d2037c0eaf0eae0eaf0eae0ead0ead0eaf0eaf0eac0ead0eae0eaf0eb30eb40eb30eb30eb40eb50eb50eb50eb40eb50eb60eb50eb20eb40eb50eb40000000000000000003b0000000000000000000000000000041d7524029b0eb60eac003b003b0000014d001c0001001c0000000100010eb1000a007e0000000000000000b77b
WFI t=26553 a=-1729,508,3718 g=183,-55,-155
WFR t=26582 src=mcu type=0x01 len=16 data=aa8c2225bf0420034006b80b3e02672c
WFR t=26602 src=mcu type=0x01 len=16 data=aa8d800c800000006c07102780008244
WFI t=26604 a=-1429,598,3966 g=147,-117,-98
WFR t=26622 src=mcu type=0x01 len=16 data=aa8e2118000000004200fdfffdffd854
WFI t=26653 a=-1291,606,3925 g=122,-114,-78
WFR t=26662 src=mcu type=0x01 len=16 data=aa8f1f042e0000000000000000007623
WFR t=26682 src=mcu type=0x01 len=16 data=aa902336ab18000000000000000045ac
WFI t=26703 a=-1184,718,3931 g=98,-85,-52
WFR t=26722 src=mcu type=0x01 len=16 data=aa910b000f00465a667332000b9ed1a0
WFR t=26742 src=mcu type=0x01 len=16 data=aa92000000000000000000000000fbba
WFI t=26753 a=-929,793,3856 g=55,-60,-46
WFR t=26763 src=mcu type=0x01 len=16 data=aa93d804480804242c01c003214fe1ad
WFR t=26802 src=mcu type=0x01 len=16 data=aa94f0f465fffffff8080e00412af601
WFI t=26804 a=-1179,846,4097 g=23,-30,-43
WFR t=26823 src=mcu type=0x01 len=16 data=aa952118000000003800ffff0300f64d
WFI t=26853 a=-1083,819,4031 g=21,-24,-9
WFR t=26862 src=mcu type=0x01 len=16 data=aa961f042e000000000000000000557a
WFR t=26882 src=mcu type=0x01 len=16 data=aa972326ad180000000000000000fa34
WFI t=26903 a=-1219,840,3945 g=-1,-7,77
WFR t=26922 src=mcu type=0x01 len=16 data=aa9807010400000056117eea00009abb
WFR t=26942 src=mcu type=0x01 len=16 data=aa991d00ab04a08c64502748395e1e28
WFI t=26953 a=-908,919,4002 g=-21,0,113
WFR t=26962 src=mcu type=0x01 len=16 data=aa9a646464625f5d5b5955010101d546
WFR t=27003 src=mcu type=0x01 len=16 data=aa9b0101010100000000fbfbecd30e91
WFI t=27003 a=-1042,785,3997 g=-35,6,156
WFR t=27022 src=mcu type=0x01 len=16 data=aa9c2118000000002c00feff0100e80c
WFI t=27053 a=-1098,884,3991 g=-41,23,182
WFR t=27063 src=mcu type=0x01 len=16 data=aa9d1f042e0000000000000000004ff1
WFR t=27082 src=mcu type=0x01 len=16 data=aa9e2336ae1800000000000000004332
WFR t=27102 src=mcu type=0x01 len=16 data=aa9fb5a1b0bfd800000000000000dfe1
WFI t=27103 a=-1180,783,3983 g=-79,57,119
WFR t=27142 src=mcu type=0x01 len=16 data=aaa000000000020c000035006a00d1bd
WFI t=27153 a=-1185,716,3884 g=-83,44,111
WFR t=27162 src=mcu type=0x01 len=16 data=aaa188044a5357583036323430360894
WFR t=27202 src=mcu type=0x01 len=16 data=aaa231344e4242463930333500005e71
WFI t=27204 a=-1230,826,4025 g=-83,50,160
WFR t=27222 src=mcu type=0x01 len=16 data=aaa32118000000002c00feff0200bd03
WFR t=27243 src=mcu type=0x01 len=16 data=aaa41f042e00000000000000000013c8
WFI t=27253 a=-1305,770,3913 g=-105,58,158
WFR t=27282 src=mcu type=0x01 len=16 data=aaa52336ae1800000000000000001849
WFR t=27303 src=mcu type=0x01 len=16 data=aaa6000000000000000000000000b4ce
WFI t=27304 a=-1306,837,3888 g=-81,41,172
WFR t=27342 src=mcu type=0x01 len=16 data=aaa7000000000000000000000000b64f
WFI t=27353 a=-1202,993,3977 g=-64,45,178
WFR t=27363 src=mcu type=0x01 len=16 data=aaa801801b000000400052a8194013c9
WFR t=27382 src=mcu type=0x01 len=16 data=aaa9028288135c4488132400ec02f999
WFI t=27403 a=-1312,847,3850 g=-54,37,200
WFR t=27423 src=mcu type=0x01 len=16 data=aaaa2118000000002c00ffffffffa1e6
WFR t=27442 src=mcu type=0x01 len=16 data=aaab1f042e00000000000000000007c7
WFI t=27453 a=-1367,1111,3794 g=-61,46,88
WFR t=27483 src=mcu type=0x01 len=16 data=aaac2327af1800000000000000000479
WFR t=27502 src=mcu type=0x01 len=16 data=aaad0048005f00021000000100801d27
WFI t=27504 a=-1070,1058,3915 g=-47,29,81
WFR t=27543 src=mcu type=0x01 len=16 data=aaae55f04b0b18000000803a40005cef
WFI t=27553 a=-1241,1275,3840 g=-32,23,44
WFR t=27562 src=mcu type=0x01 len=16 data=aaaf08610005460c2d78a00f0900774b
WFR t=27582 src=mcu type=0x01 len=16 data=aab03118000000000000fdff00004127
WFI t=27603 a=-1376,1143,3916 g=-18,6,39
WFR t=27622 src=mcu type=0x01 len=16 data=aab11f042e000000000000000000215d
WFR t=27642 src=mcu type=0x01 len=16 data=aab22327b11800000000000000004c07
WFI t=27653 a=-1165,1398,3936 g=-15,8,-35
WFR t=27683 src=mcu type=0x01 len=16 data=aab3014a0205003000008800180080b8
WFR t=27702 src=mcu type=0x01 len=16 data=aab40000750c800c710c3f060000f8b2
WFI t=27704 a=-1081,1410,3724 g=-3,8,-64
WFR t=27723 src=mcu type=0x01 len=16 data=aab51c00e84e7918060e070bc500b363
WFI t=27753 a=-1243,1110,3924 g=-18,-1,-91
WFR t=27762 src=mcu type=0x01 len=16 data=aab6070807080000cb020122f13f4e22
WFR t=27783 src=mcu type=0x01 len=16 data=aa803118000000000000fefffcff01d3
WFI t=27803 a=-1240,1125,3941 g=-49,20,-126
WFR t=27822 src=mcu type=0x01 len=16 data=aa811f042e00000000000000000060ad
WFR t=27843 src=mcu type=0x01 len=16 data=aa822336b2180000000000000000adc4
WFI t=27853 a=-1281,957,3736 g=-57,30,-139
WFR t=27862 src=mcu type=0x01 len=16 data=aa83000100011101b70111019f00058c
WFR t=27903 src=mcu type=0x01 len=16 data=aa840000090a10560001310051c45a55
WFI t=27904 a=-1343,927,3591 g=-82,27,-152
WFR t=27922 src=mcu type=0x01 len=16 data=aa8513088003e204080b1000507864d4
WFI t=27953 a=-1262,752,4530 g=-70,25,-136
WFR t=27963 src=mcu type=0x01 len=16 data=aa868403f4010400a00f8813c003f9eb
WFR t=27982 src=mcu type=0x01 len=16 data=aa8731180000000000000000ffff0bbc
WFR t=28002 src=mcu type=0x01 len=16 data=aa881f042e0000000000000000007d64
WFI t=28003 a=-1574,573,3586 g=-62,87,-146
WFI t=28111 a=-1625,638,4078 g=-30,9,-117
WFR t=28123 src=mcu type=0x01 len=16 data=aa892327b4180000000000000000076c
WFR t=28123 src=mcu type=0x01 len=16 data=aa8a480c1c0207284901230020001521
WFR t=28123 src=mcu type=0x01 len=16 data=aa8b40005c03474c775419031a0e80f3
WFI t=28123 a=-2078,555,3752 g=6,-12,-125
WFR t=28143 src=mcu type=0x01 len=16 data=aa8c2225bf0420034006b80b3e02672c
WFI t=28153 a=-2009,634,3868 g=33,-57,-89
WFR t=28162 src=mcu type=0x01 len=16 data=aa8d800c800000006c07102780008244
WFR t=28182 src=mcu type=0x01 len=16 data=aa8e3118000000000000feff0000161d
WFR t=28203 src=mcu type=0x01 len=16 data=aa8f1f042e0000000000000000007623
WFI t=28204 a=-1739,635,3878 g=52,-79,-69
WFR t=28242 src=mcu type=0x01 len=16 data=aa902336b6180000000000000000d5c3
WFI t=28253 a=-1952,372,3817 g=107,-90,-37
WFR t=28263 src=mcu type=0x01 len=16 data=aa910b000f00465a667332000b9ed1a0
WFR t=28302 src=mcu type=0x01 len=16 data=aa92000000000000000000000000fbba
WFI t=28303 a=-1427,641,3952 g=116,-135,-14
WFR t=28323 src=mcu type=0x01 len=16 data=aa93d804480804242c01c003214fe1ad
WFR t=28343 src=mcu type=0x01 len=16 data=aa94f0f465fffffff8080e00412af601
WFI t=28353 a=-1380,622,3826 g=153,-142,-9
WFR t=28383 src=mcu type=0x01 len=16 data=aa953118000000000000fffffeff33da
WFR t=28402 src=mcu type=0x01 len=16 data=aa961f042e000000000000000000557a
WFI t=28404 a=-1318,697,3816 g=173,-151,-10
WFR t=28443 src=mcu type=0x01 len=16 data=aa972327b8180000000000000000ef4d
WFI t=28453 a=-1440,1003,3939 g=173,-137,5
WFR t=28462 src=mcu type=0x01 len=16 data=aa9807010400000056117eea00009abb
WFR t=28482 src=mcu type=0x01 len=16 data=aa991d00ab04a08c64502748395e1e28
WFI t=28503 a=-1178,1082,3724 g=158,-124,10
WFR t=28523 src=mcu type=0x01 len=16 data=aa9a646464625f5d5b5955010101d546
WFR t=28542 src=mcu type=0x01 len=16 data=aa9b0101010100000000fbfbecd30e91
WFI t=28553 a=-1003,1534,3874 g=136,-141,-19
WFR t=28583 src=mcu type=0x01 len=16 data=aa9c3118000000000000ffff00002e33
WFR t=28602 src=mcu type=0x01 len=16 data=aa9d1f042e0000000000000000004ff1
WFI t=28603 a=-1154,1401,3863 g=98,-111,-55
WFR t=28643 src=mcu type=0x01 len=16 data=aa9e2336ba1800000000000000000372
WFI t=28653 a=-1175,1443,3958 g=44,-94,-74
WFR t=28663 src=mcu type=0x01 len=16 data=aa9fb5a1b0bfd800000000000000dfe1
WFR t=28683 src=mcu type=0x01 len=16 data=aaa000000000020c000035006a00d1bd
WFI t=28703 a=-1244,1344,3719 g=21,-62,-91
WFR t=28723 src=mcu type=0x01 len=16 data=aaa188044a5357583036323430360894
WFR t=28775 src=mcu type=0x01 len=16 data=aaa231344e4242463930333500005e71
WFI t=28776 a=-1143,1162,3882 g=7,-41,-105
WFR t=28783 src=mcu type=0x01 len=16 data=aaa33118000000002700fffffeff7d3b
WFR t=28803 src=mcu type=0x01 len=16 data=aaa41f042e00000000000000000013c8
WFI t=28803 a=-1169,1177,3851 g=-5,-25,-121
WFR t=28822 src=mcu type=0x01 len=16 data=aaa52327bc180000000000000000e82a
WFI t=28853 a=-1232,1022,3857 g=-3,11,-126
WFR t=28863 src=mcu type=0x01 len=16 data=aaa6000000000000000000000000b4ce
WFR t=28882 src=mcu type=0x01 len=16 data=aaa7000000000000000000000000b64f
WFI t=28903 a=-1056,1158,3876 g=-26,-8,-138
WFR t=28923 src=mcu type=0x01 len=16 data=aaa801801b000000400052a8194013c9
WFR t=28942 src=mcu type=0x01 len=16 data=aaa9028288135c4488132400ec02f999
WFI t=28953 a=-1012,1029,3963 g=-27,13,-166
WFR t=28963 src=mcu type=0x01 len=16 data=aaaa3118000000002a00feff00006033
WFR t=29003 src=mcu type=0x01 len=16 data=aaab1f042e00000000000000000007c7
WFI t=29003 a=-1255,900,3994 g=-28,22,-163
WFR t=29023 src=mcu type=0x01 len=16 data=aaac2326bf1800000000000000000110
WFI t=29053 a=-985,1095,3847 g=-36,29,-172
WFR t=29063 src=mcu type=0x01 len=16 data=aaad0048005f00021000000100801d27
WFR t=29083 src=mcu type=0x01 len=16 data=aaae55f04b0b18000000803a40005cef
WFR t=29103 src=mcu type=0x01 len=16 data=aaaf08610005460c2d78a00f0900774b
WFI t=29103 a=-1280,941,3821 g=-33,44,-190
WFR t=29143 src=mcu type=0x01 len=16 data=aab03118000000002e00fdff00004769
WFI t=29153 a=-1542,754,3840 g=-26,52,-186
WFR t=29163 src=mcu type=0x01 len=16 data=aab11f042e000000000000000000215d
WFR t=29203 src=mcu type=0x01 len=16 data=aab22337c11800000000000000001aec
WFI t=29203 a=-1492,795,3997 g=-12,12,-164
WFR t=29223 src=mcu type=0x01 len=16 data=aab3014a0205003000008800180080b8
WFI t=29253 a=-1554,744,3925 g=0,12,-175
WFR t=29263 src=mcu type=0x01 len=16 data=aab40000750c800c710c3f060000f8b2
WFR t=29283 src=mcu type=0x01 len=16 data=aab51900e84e7918060e070bc500bf6f
WFR t=29303 src=mcu type=0x01 len=16 data=aab6070807080040cb020122f13f0fe6
WFI t=29303 a=-1823,561,3992 g=27,-5,-142
WFR t=29343 src=mcu type=0x01 len=16 data=aa803118000000003500010000000512
WFI t=29353 a=-1861,714,3682 g=48,-20,-124
WFR t=29363 src=mcu type=0x01 len=16 data=aa811f042e00000000000000000060ad
WFR t=29403 src=mcu type=0x01 len=16 data=aa822327c41800000000000000001fcc
WFI t=29403 a=-1683,694,3796 g=83,-61,-92
WFI t=29486 a=-1806,775,3868 g=94,-69,-90
WFR t=29487 src=mcu type=0x01 len=16 data=aa83000100011101b70111019f00058c
WFR t=29487 src=mcu type=0x01 len=16 data=aa840000090a10560001310051c45a55
WFR t=29498 src=mcu type=0x01 len=16 data=aa8513088003e204080b1000507864d4
WFR t=29503 src=mcu type=0x01 len=16 data=aa868403f4010400a00f8813c003f9eb
WFI t=29503 a=-1432,825,3977 g=121,-76,-68
WFR t=29543 src=mcu type=0x01 len=16 data=aa873118000000003300fffffeff0fcb
WFI t=29553 a=-1598,1070,3575 g=132,-78,-59
WFR t=29563 src=mcu type=0x01 len=16 data=aa881f042e0000000000000000007d64
WFR t=29583 src=mcu type=0x01 len=16 data=aa892336c6180000000000000000f4b1
WFI t=29603 a=-1270,1155,3945 g=133,-103,-60
WFR t=29623 src=mcu type=0x01 len=16 data=aa8a480c1c0207284901230020001521
WFR t=29643 src=mcu type=0x01 len=16 data=aa8b40005c03474c775419031a0e80f3
WFI t=29653 a=-1553,1264,3858 g=114,-72,-73
WFR t=29683 src=mcu type=0x01 len=16 data=aa8c2225bf0420034006b80b3e02672c
WFR t=29703 src=mcu type=0x01 len=16 data=aa8d800c800000006c07102780008244
WFI t=29703 a=-1450,1554,3742 g=82,-65,-66
WFR t=29723 src=mcu type=0x01 len=16 data=aa8e3118000000022d00f6ffdd01a950
WFI t=29753 a=-1358,1302,3756 g=68,-58,-89
WFR t=29763 src=mcu type=0x01 len=16 data=aa8f1f042e000100f7ff060210001a34
WFR t=29783 src=mcu type=0x01 len=16 data=aa902327c81800009400000007027904
WFI t=29803 a=-1430,1217,3848 g=47,-52,-95
WFR t=29823 src=mcu type=0x01 len=16 data=aa910b000f00465a667332000b9ed1a0
WFR t=29843 src=mcu type=0x01 len=16 data=aa92000000000000000000000000fbba
WFI t=29853 a=-1502,1074,3825 g=23,-35,-91
WFR t=29883 src=mcu type=0x01 len=16 data=aa93d804480804242c01c003214fe1ad
WFR t=29903 src=mcu type=0x01 len=16 data=aa94f0f465fffffff8080e00412af601
WFI t=29903 a=-1671,1302,3729 g=28,-23,-81
WFR t=29923 src=mcu type=0x01 len=16 data=aa953118000000062600ccfffe041c1b
WFI t=29953 a=-1803,1111,3504 g=8,-26,-88
WFR t=29963 src=mcu type=0x01 len=16 data=aa961e042e000b00abff180738004064
WFR t=29983 src=mcu type=0x01 len=16 data=aa972336c9180000000007fa3f08ddec
WFI t=30003 a=-1662,1080,3577 g=2,-9,-94
WFR t=30023 src=mcu type=0x01 len=16 data=aa9807010400000056117eea00009abb
WFR t=30060 src=mcu type=0x01 len=16 data=aa997f00ab04a08c64502748395e676f
WFI t=30103 a=-1666,1181,3716 g=-7,4,-86
WFR t=30104 src=mcu type=0x01 len=16 data=aa9a646464625f5d5b5955010101d546
WFR t=30104 src=mcu type=0x01 len=16 data=aa9b0101010100000000fbfbecd30e91
WFI t=30107 a=-1605,947,3686 g=-31,13,-68
WFR t=30124 src=mcu type=0x01 len=16 data=aa9c3118000000071e008cff8108205f
WFR t=30204 src=mcu type=0x01 len=16 data=aa9d1d042e0013007fff5f094a001d82
WFR t=30204 src=mcu type=0x01 len=16 data=aa9e2336cb18000bfb00000063091721
WFR t=30204 src=mcu type=0x01 len=16 data=aa9fb5a1b0bfd800000000000000dfe1
WFI t=30205 a=-1467,1204,3779 g=-66,32,-71
WFI t=30207 a=-1709,1114,3726 g=-63,31,-53
WFR t=30243 src=mcu type=0x01 len=16 data=aaa000000000020c000035006a00d1bd
WFI t=30253 a=-1845,1244,3454 g=-74,23,-77
WFR t=30263 src=mcu type=0x01 len=16 data=aaa188044a5357583036323430360894
WFR t=30303 src=mcu type=0x01 len=16 data=aaa231344e4242463930333500005e71
WFI t=30303 a=-1775,1092,3737 g=-61,16,-97
WFR t=30323 src=mcu type=0x01 len=16 data=aaa33118000000081e0062ff8f0a3a29
WFR t=30343 src=mcu type=0x01 len=16 data=aaa41c042e001c0063ffa30a54003794
WFI t=30353 a=-1780,1326,3586 g=-54,34,-147
WFR t=30383 src=mcu type=0x01 len=16 data=aaa52337cb18000e9a00100ea80a67e5
WFR t=30403 src=mcu type=0x01 len=16 data=aaa6000000000000000000000000b4ce
WFI t=30403 a=-1990,1318,3580 g=-53,-8,-125
WFT t=30411 batt_mv=3932 rssi_mcu=-49 rssi_bms=-60 mcu=1084 bms=27 dropped=0
WFR t=30443 src=mcu type=0x01 len=16 data=aaa7000000000000000000000000b64f
WFI t=30453 a=-1678,1206,3643 g=-19,28,-80
WFR t=30463 src=mcu type=0x01 len=16 data=aaa801801b000000400052a8194013c9
WFR t=30503 src=mcu type=0x01 len=16 data=aaa9028288135c4488132400ec02f999
WFI t=30503 a=-1646,1250,3638 g=-17,-18,-106
WFR t=30523 src=mcu type=0x01 len=16 data=aaaa211800000008000062ffa60afa31
WFR t=30543 src=mcu type=0x01 len=16 data=aaab1c042e001d0063ffa30a5400e257
WFI t=30553 a=-1640,1287,3578 g=-40,-26,-139
WFR t=30583 src=mcu type=0x01 len=16 data=aaac2326ce18000f6a000f91a80a09ca
WFR t=30603 src=mcu type=0x01 len=16 data=aaad0048005f00021000000100801d27
WFI t=30603 a=-2337,1173,3470 g=214,18,-54
WFR t=30643 src=mcu type=0x01 len=16 data=aaae55f04b0b18000000803a40005cef
WFI t=30653 a=-1543,1156,3693 g=33,-11,-137
WFR t=30663 src=mcu type=0x01 len=16 data=aaaf08610005460c2d78a00f0900774b
WFR t=30683 src=mcu type=0x01 len=16 data=aab021180000000800005fff590a90f7
WFI t=30703 a=-1585,1439,3322 g=-6,-84,-162
WFR t=30723 src=mcu type=0x01 len=16 data=aab11b042e001e0063ffa30a54007113
WFR t=30743 src=mcu type=0x01 len=16 data=aab22327d1180004c7000964a80aa74a
WFI t=30753 a=-945,1279,4881 g=78,-38,-216
WFR t=30783 src=mcu type=0x01 len=16 data=aab3014a022500300000880018001979
WFR t=30803 src=mcu type=0x01 len=16 data=aab40000750c800c710c3f060000f8b2
WFI t=30803 a=-1691,757,3115 g=-3,-37,-315
WFR t=30823 src=mcu type=0x01 len=16 data=aab51c00e84e7918060e890ac600c97b
WFI t=30853 a=-1947,1322,4360 g=36,-26,-211
WFR t=30863 src=mcu type=0x01 len=16 data=aab6070807080000cb0201a2f13f4fca
WFR t=30883 src=mcu type=0x01 len=16 data=aa80211800000008000064ff8a0a8113
WFI t=30903 a=-1009,857,3200 g=26,-2,-254
WFR t=30923 src=mcu type=0x01 len=16 data=aa811c042e000b00dbff5d0416007fe8
WFR t=30943 src=mcu type=0x01 len=16 data=aa822326d5180000620001150000531a
WFI t=30953 a=-757,404,4562 g=-4,-35,-262
WFR t=30983 src=mcu type=0x01 len=16 data=aa83000100011101b70111019f00058c
WFR t=31003 src=mcu type=0x01 len=16 data=aa840000090a10560001310051c45a55
WFI t=31003 a=-1238,660,3775 g=9,42,-260
WFR t=31023 src=mcu type=0x01 len=16 data=aa8513088003e204080b1000507864d4
WFI t=31053 a=-1059,944,4120 g=-23,-4,-262
WFR t=31063 src=mcu type=0x01 len=16 data=aa868403f4010400a00f8813c003f9eb
WFR t=31083 src=mcu type=0x01 len=16 data=aa872118000000005300fdff0100c79c
WFI t=31103 a=-1530,995,4230 g=11,1,-303
WFR t=31123 src=mcu type=0x01 len=16 data=aa881e042e00000000000000000080a7
WFR t=31143 src=mcu type=0x01 len=16 data=aa892326da18000000000000000061db
WFI t=31153 a=-1686,498,3776 g=-15,-50,-584
WFR t=31163 src=mcu type=0x01 len=16 data=aa8a480c1c0207284901230020001521
WFR t=31203 src=mcu type=0x01 len=16 data=aa8b40005c03474c775419031a0e80f3
WFI t=31203 a=-1460,422,3998 g=29,-47,-285
WFR t=31223 src=mcu type=0x01 len=16 data=aa8c2225bf0420034006b80b3e02672c
WFI t=31253 a=-1256,809,3797 g=38,-59,-290
WFR t=31263 src=mcu type=0x01 len=16 data=aa8d800c800000006c07102780008244
WFR t=31283 src=mcu type=0x01 len=16 data=aa8e2118000000005400ffff0000dbca
WFR t=31303 src=mcu type=0x01 len=16 data=aa8f1f042e0000000000000000007623
WFI t=31303 a=-1267,511,4260 g=44,-45,-286
WFR t=31343 src=mcu type=0x01 len=16 data=aa902336df1800000000000000000652
WFI t=31353 a=-1254,848,3427 g=84,9,-270
WFR t=31363 src=mcu type=0x01 len=16 data=aa910b000f00465a667332000b9ed1a0
WFR t=31403 src=mcu type=0x01 len=16 data=aa92000000000000000000000000fbba
WFI t=31403 a=-1462,291,4293 g=44,-18,-262
WFR t=31423 src=mcu type=0x01 len=16 data=aa93d804480804242c01c003214fe1ad
WFR t=31443 src=mcu type=0x01 len=16 data=aa94f0f465fffffff8080e00412af601
WFI t=31454 a=-1971,306,4238 g=126,21,-251
WFR t=31483 src=mcu type=0x01 len=16 data=aa952118000000034e00f4ff9d01659f
WFR t=31503 src=mcu type=0x01 len=16 data=aa961e042e000900dcff4f042200202e
WFI t=31503 a=-1757,527,3282 g=106,-51,-235
WFR t=31543 src=mcu type=0x01 len=16 data=aa972336e3180002e80000009104956e
WFI t=31553 a=-1630,273,4272 g=126,-91,-234
WFR t=31563 src=mcu type=0x01 len=16 data=aa9807010400000056117eea00009abb
WFR t=31603 src=mcu type=0x01 len=16 data=aa996f00ab04a08c64502748395ea690
WFI t=31603 a=-1763,756,3635 g=185,-93,-233
WFR t=31623 src=mcu type=0x01 len=16 data=aa9a646464625f5d5b5955010101d546
WFR t=31643 src=mcu type=0x01 len=16 data=aa9b0101010100000000fbfbecd30e91
WFI t=31653 a=-1752,945,3770 g=167,-136,-650
WFR t=31683 src=mcu type=0x01 len=16 data=aa9c2118000000054e00c5ffaa050759
WFR t=31703 src=mcu type=0x01 len=16 data=aa9d1d042e000d00c6ffb3052d005908
WFI t=31703 a=-1651,605,4025 g=226,-103,-216
WFR t=31743 src=mcu type=0x01 len=16 data=aa9e2336e7180001bc00024fb5051d09
WFI t=31753 a=-1356,917,3376 g=202,-108,-208
WFR t=31763 src=mcu type=0x01 len=16 data=aa9fb5a1b0bfd800000000000000dfe1
WFR t=31783 src=mcu type=0x01 len=16 data=aaa000000000020c000035006a00d1bd
WFI t=31803 a=-1020,547,3894 g=222,-72,-188
WFR t=31823 src=mcu type=0x01 len=16 data=aaa188044a5357583036323430360894
WFR t=31843 src=mcu type=0x01 len=16 data=aaa231344e4242463930333500005e71
WFI t=31853 a=-1239,686,3924 g=189,-50,-201
WFR t=31883 src=mcu type=0x01 len=16 data=aaa32118000000004e00feff58008fe1
WFR t=31903 src=mcu type=0x01 len=16 data=aaa41f042e00000000000000000013c8
WFI t=31903 a=-1361,907,3895 g=161,-38,-197
WFR t=31923 src=mcu type=0x01 len=16 data=aaa52336eb1800000000000000000a8d
WFI t=31953 a=-1308,910,4050 g=143,-14,-214
WFR t=31963 src=mcu type=0x01 len=16 data=aaa6000000000000000000000000b4ce
WFR t=31983 src=mcu type=0x01 len=16 data=aaa7000000000000000000000000b64f
WFI t=32003 a=-1416,840,4090 g=92,-73,-211
WFR t=32023 src=mcu type=0x01 len=16 data=aaa801801b000000400052a8194013c9
WFR t=32043 src=mcu type=0x01 len=16 data=aaa9028288135c4488132400ec02f999
WFI t=32136 a=-1703,899,3544 g=94,-90,-228
WFR t=32147 src=mcu type=0x01 len=16 data=aaaa2118000000054000d9ff4204c611
WFR t=32147 src=mcu type=0x01 len=16 data=aaab1d042e000e00bbff350631008a8e
WFR t=32147 src=mcu type=0x01 len=16 data=aaac2336ee1800051e0004fe3706a718
WFI t=32148 a=-1790,641,3334 g=107,-125,-417
WFI t=32153 a=-1660,929,3556 g=96,-135,-271
WFR t=32163 src=mcu type=0x01 len=16 data=aaad0048005f00021000000100801d27
WFR t=32183 src=mcu type=0x01 len=16 data=aaae55f04b0b18000000803a40005cef
WFI t=32203 a=-1564,957,3876 g=165,-98,-247
WFR t=32223 src=mcu type=0x01 len=16 data=aaaf08610005460c2d78a00f0900774b
WFR t=32243 src=mcu type=0x01 len=16 data=aab02118000000064500b9ff38066f7f
WFI t=32253 a=-1416,1153,3501 g=122,-112,-252
WFR t=32263 src=mcu type=0x01 len=16 data=aab11d042e000f00bbff350631006dd8
WFR t=32303 src=mcu type=0x01 len=16 data=aab22326f11800001700053237067e39
WFI t=32303 a=-1341,1118,4013 g=135,-103,-241
WFR t=32344 src=mcu type=0x01 len=16 data=aab3014a022500300000880018001979
WFI t=32356 a=-1246,727,3974 g=132,-79,-263
WFR t=32363 src=mcu type=0x01 len=16 data=aab40000750c800c710c3f060000f8b2
WFR t=32383 src=mcu type=0x01 len=16 data=aab51c00e84e7918060ef10ac600d1db
WFR t=32403 src=mcu type=0x01 len=16 data=aab6070807080000cb0201a2f13f4fca
WFI t=32403 a=-1619,1189,3789 g=116,-94,-279
WFR t=32443 src=mcu type=0x01 len=16 data=aa802118000000044e00dfffc303918f
WFI t=32453 a=-1427,797,3612 g=111,-76,-286
WFR t=32463 src=mcu type=0x01 len=16 data=aa811e042e000300f5ff47021200641e
WFR t=32503 src=mcu type=0x01 len=16 data=aa822326f5180000620000a10702905b
WFI t=32503 a=-1075,655,4153 g=72,-59,-289
WFR t=32523 src=mcu type=0x01 len=16 data=aa83000100011101b70111019f00058c
WFR t=32543 src=mcu type=0x01 len=16 data=aa840000090a10560001310051c45a55
WFI t=32553 a=-1262,1093,3844 g=87,-60,-276
WFR t=32583 src=mcu type=0x01 len=16 data=aa8513088003e204080b1000507864d4
WFR t=32603 src=mcu type=0x01 len=16 data=aa868403f4010400a00f8813c003f9eb
WFI t=32603 a=-1487,957,3797 g=81,-59,-290
WFR t=32643 src=mcu type=0x01 len=16 data=aa872118000000024d00f3ff0002655b
WFI t=32653 a=-1302,767,3840 g=81,-58,-304
WFR t=32663 src=mcu type=0x01 len=16 data=aa881e042e000300f7ff060210006d69
WFI t=32703 a=-1524,1216,3362 g=81,-55,-329
WFR t=32703 src=mcu type=0x01 len=16 data=aa892326fa1800008700009707024cdb
WFR t=32723 src=mcu type=0x01 len=16 data=aa8a480c1c0207284901230020001521
WFR t=32743 src=mcu type=0x01 len=16 data=aa8b40005c03474c775419031a0e80f3
WFI t=32753 a=-1533,1064,3961 g=75,-106,-320
WFR t=32783 src=mcu type=0x01 len=16 data=aa8c2225bf0420034006b80b3e02672c
WFR t=32803 src=mcu type=0x01 len=16 data=aa8d800c800000006c07102780008244
WFI t=32803 a=-1413,952,3670 g=105,-90,-344
WFR t=32843 src=mcu type=0x01 len=16 data=aa8e2118000000024d00f4ff05027ab6
WFI t=32853 a=-1234,529,3946 g=90,-81,-346
WFR t=32863 src=mcu type=0x01 len=16 data=aa8f1e042e000300f7ff06021000662e
WFR t=32883 src=mcu type=0x01 len=16 data=aa902326fe1800007e0000540702ca02
WFI t=32903 a=-1355,460,4174 g=144,-47,-324
WFR t=32923 src=mcu type=0x01 len=16 data=aa910b000f00465a667332000b9ed1a0
WFR t=32943 src=mcu type=0x01 len=16 data=aa92000000000000000000000000fbba
WFI t=32953 a=-1617,647,3823 g=107,-78,-351
WFR t=32983 src=mcu type=0x01 len=16 data=aa93d804480804242c01c003214fe1ad
WFI t=33003 a=-1713,638,3947 g=151,-74,-358
WFR t=33003 src=mcu type=0x01 len=16 data=aa94f0f465fffffff8080e00412af601
WFR t=33023 src=mcu type=0x01 len=16 data=aa952118000000025200f3ff140251e6
WFI t=33053 a=-1735,1150,3613 g=153,-78,-333
WFR t=33063 src=mcu type=0x01 len=16 data=aa961e042e000300f7ff060210004577
WFR t=33083 src=mcu type=0x01 len=16 data=aa97233602190000850000190702d875
WFI t=33103 a=-1274,1045,4264 g=156,-102,-336
WFR t=33123 src=mcu type=0x01 len=16 data=aa9807010400000056117eea00009abb
WFR t=33143 src=mcu type=0x01 len=16 data=aa995b00ab04a08c64502748395e171f
WFI t=33153 a=-1270,716,3739 g=170,-105,-333
WFR t=33163 src=mcu type=0x01 len=16 data=aa9a646464625f5d5b5955010101d546
WFR t=33203 src=mcu type=0x01 len=16 data=aa9b0101010100000000fbfbecd30e91
WFI t=33203 a=-1570,861,3873 g=168,-120,-338
WFR t=33223 src=mcu type=0x01 len=16 data=aa9c2118000000015600f5ffd1016d72
WFI t=33253 a=-1541,924,3950 g=206,-91,-351
WFR t=33263 src=mcu type=0x01 len=16 data=aa9d1e042e000100feff02010800258c
WFR t=33283 src=mcu type=0x01 len=16 data=aa9e233e071900000000001d0301e359
WFI t=33303 a=-1661,410,4018 g=186,-104,-340
WFR t=33323 src=mcu type=0x01 len=16 data=aa9fb5a1b0bfd800000000000000dfe1
WFR t=33343 src=mcu type=0x01 len=16 data=aaa000000000020c000035006a00d1bd
WFI t=33353 a=-1669,926,3929 g=189,-109,-328
WFR t=33363 src=mcu type=0x01 len=16 data=aaa188044a5357583036323430360894
WFR t=33403 src=mcu type=0x01 len=16 data=aaa231344e4242463930333500005e71
WFI t=33403 a=-1642,709,3492 g=205,-110,-323
WFR t=33423 src=mcu type=0x01 len=16 data=aaa32118000000015900f8fff300e3be
WFI t=33453 a=-1456,1091,4034 g=196,-125,-321
WFR t=33463 src=mcu type=0x01 len=16 data=aaa41e042e000000000000000000ee0b
WFR t=33483 src=mcu type=0x01 len=16 data=aaa5233f0c1900000000000000009c0d
WFR t=33503 src=mcu type=0x01 len=16 data=aaa6000000000000000000000000b4ce
WFI t=33503 a=-1191,710,4009 g=186,-126,-306
WFR t=33543 src=mcu type=0x01 len=16 data=aaa7000000000000000000000000b64f
WFI t=33553 a=-1167,585,3794 g=161,-121,-299
WFR t=33563 src=mcu type=0x01 len=16 data=aaa801801b000000400052a8194013c9
WFI t=33603 a=-1092,600,4364 g=128,-108,-289
WFR t=33603 src=mcu type=0x01 len=16 data=aaa9028288135c4488132400ec02f999
WFR t=33623 src=mcu type=0x01 len=16 data=aaaa2118000000005700fcff0100abc9
WFR t=33643 src=mcu type=0x01 len=16 data=aaab1f042e00000000000000000007c7
WFI t=33653 a=-1008,1011,3907 g=100,-107,-271
WFR t=33683 src=mcu type=0x01 len=16 data=aaac232f1019000000000000000014ae
WFR t=33703 src=mcu type=0x01 len=16 data=aaad0048005f00021000000100801d27
WFI t=33703 a=-1174,837,4015 g=76,-88,-276
WFR t=33743 src=mcu type=0x01 len=16 data=aaae55f04b0b18000000803a40005cef
WFI t=33753 a=-1236,772,4024 g=49,-67,-258
WFR t=33763 src=mcu type=0x01 len=16 data=aaaf08610005460c2d78a00f0900774b
WFR t=33783 src=mcu type=0x01 len=16 data=aab02118000000004c00fcfffcff8e68
WFI t=33803 a=-1247,583,3857 g=34,-36,-268
WFR t=33823 src=mcu type=0x01 len=16 data=aab11f042e000000000000000000215d
WFR t=33843 src=mcu type=0x01 len=16 data=aab2233f13190000000000000000987f
WFI t=33853 a=-1269,714,4048 g=14,-42,-244
WFR t=33883 src=mcu type=0x01 len=16 data=aab3014a022500300000880018001979
WFI t=33903 a=-1314,621,3943 g=20,-6,-244
WFR t=33903 src=mcu type=0x01 len=16 data=aab40000750c800c710c3f060000f8b2
WFR t=33943 src=mcu type=0x01 len=16 data=aab51d00e84e7918060ee30ac6002960
WFI t=33953 a=-1248,596,4202 g=-25,-8,-228
WFR t=33963 src=mcu type=0x01 len=16 data=aab6070807080040cb020122f13f0fe6
WFR t=33983 src=mcu type=0x01 len=16 data=aa802118000000004100fcfffaffcd25
WFI t=34003 a=-1471,413,3884 g=0,-11,-195
WFR t=34023 src=mcu type=0x01 len=16 data=aa811f042e00000000000000000060ad
WFR t=34043 src=mcu type=0x01 len=16 data=aa82233e171900000000000000009ca6
WFI t=34053 a=-1487,526,3779 g=-37,-2,-193
WFI t=34175 a=-1336,628,3963 g=-26,-25,-143
WFR t=34176 src=mcu type=0x01 len=16 data=aa83000100011101b70111019f00058c
WFR t=34176 src=mcu type=0x01 len=16 data=aa840000090a10560001310051c45a55
WFR t=34176 src=mcu type=0x01 len=16 data=aa8513088003e204080b1000507864d4
WFR t=34176 src=mcu type=0x01 len=16 data=aa868403f4010400a00f8813c003f9eb
WFI t=34231 a=-1489,142,3987 g=-17,-7,-317
WFR t=34242 src=mcu type=0x01 len=16 data=aa872118000000003800feff0100cf03
WFR t=34242 src=mcu type=0x01 len=16 data=aa881f042e0000000000000000007d64
WFI t=34243 a=-1492,147,3895 g=-25,-19,-97
WFI t=34253 a=-1391,328,4119 g=-30,-21,-78
WFR t=34264 src=mcu type=0x01 len=16 data=aa89232e19190000000000000000b318
WFR t=34264 src=mcu type=0x01 len=16 data=aa8a480c1c0207284901230020001521
WFR t=34303 src=mcu type=0x01 len=16 data=aa8b40005c03474c775419031a0e80f3
WFI t=34303 a=-1325,496,3817 g=8,-17,287
WFR t=34323 src=mcu type=0x01 len=16 data=aa8c2225bf0420034006b80b3e02672c
WFI t=34353 a=-1475,316,3894 g=-6,-24,252
WFR t=34363 src=mcu type=0x01 len=16 data=aa8d800c800000006c07102780008244
WFR t=34383 src=mcu type=0x01 len=16 data=aa8e2118000000002f00ffffffffd031
WFI t=34403 a=-1228,410,3996 g=39,-29,264
WFR t=34423 src=mcu type=0x01 len=16 data=aa8f1f042e0000000000000000007623
WFR t=34443 src=mcu type=0x01 len=16 data=aa90233f1b19000000000000000061b7
WFI t=34453 a=-1398,454,3902 g=15,-18,225
WFR t=34463 src=mcu type=0x01 len=16 data=aa910b000f00465a667332000b9ed1a0
WFI t=34503 a=-1255,475,3980 g=15,-35,271
WFR t=34503 src=mcu type=0x01 len=16 data=aa92000000000000000000000000fbba
WFR t=34523 src=mcu type=0x01 len=16 data=aa93d804480804242c01c003214fe1ad
WFI t=34553 a=-1116,707,4002 g=20,-38,209
WFR t=34563 src=mcu type=0x01 len=16 data=aa94f0f465fffffff8080e00412af601
WFR t=34583 src=mcu type=0x01 len=16 data=aa952118000000002500ffff0200f450
WFR t=34603 src=mcu type=0x01 len=16 data=aa961f042e000000000000000000557a
WFI t=34603 a=-1186,569,4013 g=16,-45,161
WFR t=34643 src=mcu type=0x01 len=16 data=aa97232f1c1900000000000000008fea
WFI t=34653 a=-1135,577,3970 g=10,-28,103
WFR t=34663 src=mcu type=0x01 len=16 data=aa9807010400000056117eea00009abb
WFR t=34703 src=mcu type=0x01 len=16 data=aa991d00ab04a08c64502748395e1e28
WFI t=34703 a=-1149,644,4009 g=13,-14,110
WFR t=34723 src=mcu type=0x01 len=16 data=aa9a646464625f5d5b5955010101d546
WFR t=34743 src=mcu type=0x01 len=16 data=aa9b0101010100000000fbfbecd30e91
WFI t=34753 a=-1185,756,3968 g=14,-14,92
WFR t=34783 src=mcu type=0x01 len=16 data=aa9c2118000000001b00feff0200ecbb
WFI t=34803 a=-1289,597,4001 g=12,-13,83
WFR t=34803 src=mcu type=0x01 len=16 data=aa9d1f042e0000000000000000004ff1
WFR t=34843 src=mcu type=0x01 len=16 data=aa9e232f1d190000000000000000c3e6
WFI t=34853 a=-1155,746,4001 g=8,-13,83
WFR t=34863 src=mcu type=0x01 len=16 data=aa9fb5a1b0bfd800000000000000dfe1
WFR t=34883 src=mcu type=0x01 len=16 data=aaa000000000020c000035006a00d1bd
WFI t=34903 a=-1116,879,3985 g=23,-29,63
WFR t=34923 src=mcu type=0x01 len=16 data=aaa188044a5357583036323430360894
WFR t=34943 src=mcu type=0x01 len=16 data=aaa231344e4242463930333500005e71
WFI t=34953 a=-1193,722,4020 g=9,-23,51
WFR t=34983 src=mcu type=0x01 len=16 data=aaa32118000000001b00ffff0200b8b8
WFR t=35003 src=mcu type=0x01 len=16 data=aaa41f042e00000000000000000013c8
WFI t=35003 a=-1050,806,3964 g=4,-2,53
WFR t=35043 src=mcu type=0x01 len=16 data=aaa5233f1e1900000000000000003c52
WFI t=35053 a=-1267,798,4035 g=-4,-11,59
WFR t=35063 src=mcu type=0x01 len=16 data=aaa6000000000000000000000000b4ce
WFR t=35083 src=mcu type=0x01 len=16 data=aaa7000000000000000000000000b64f
WFI t=35103 a=-1203,750,3981 g=11,-21,74
WFR t=35123 src=mcu type=0x01 len=16 data=aaa801801b000000400052a8194013c9
WFR t=35143 src=mcu type=0x01 len=16 data=aaa9028288135c4488132400ec02f999
WFI t=35153 a=-1241,727,3994 g=32,-16,76
WFR t=35183 src=mcu type=0x01 len=16 data=aaaa3118000000000000fffffcff6745
WFR t=35203 src=mcu type=0x01 len=16 data=aaab1f042e00000000000000000007c7
WFI t=35203 a=-1225,827,3812 g=39,-23,77
WFR t=35223 src=mcu type=0x01 len=16 data=aaac233e1f19000000000000000074a2
WFI t=35253 a=-1080,873,3988 g=43,-47,41
WFR t=35263 src=mcu type=0x01 len=16 data=aaad0048005f00021000000100801d27
WFR t=35283 src=mcu type=0x01 len=16 data=aaae55f04b0b18000000803a40005cef
WFI t=35303 a=-1175,894,3942 g=56,-55,83
WFR t=35323 src=mcu type=0x01 len=16 data=aaaf08610005460c2d78a00f0900774b
WFR t=35343 src=mcu type=0x01 len=16 data=aab03118000000000000010002004027
WFI t=35353 a=-911,1084,3889 g=17,-31,9
WFR t=35363 src=mcu type=0x01 len=16 data=aab11f042e000000000000000000215d
WFI t=35403 a=-927,1400,3840 g=16,18,-8
WFR t=35403 src=mcu type=0x01 len=16 data=aab2232f211900000000000000006d8a
WFR t=35423 src=mcu type=0x01 len=16 data=aab3014a0205003000008800180080b8
WFT t=35439 batt_mv=3920 rssi_mcu=-48 rssi_bms=-61 mcu=1262 bms=27 dropped=0
WFI t=35453 a=-1174,1233,3762 g=-42,26,-55
WFR t=35463 src=mcu type=0x01 len=16 data=aab40000750c800c710c3f060000f8b2
WFR t=35483 src=mcu type=0x01 len=16 data=aab51b00e84e7918060ee30ac6002168
WFI t=35503 a=-1058,1180,3803 g=-35,43,-76
WFR t=35503 src=mcu type=0x01 len=16 data=aab6070807080000cb020122f13f4e22
WFR t=35543 src=mcu type=0x01 len=16 data=aa803118000000000000feffffff0123
WFI t=35553 a=-1147,731,4045 g=-57,54,-95
WFR t=35563 src=mcu type=0x01 len=16 data=aa811f042e00000000000000000060ad
WFR t=35603 src=mcu type=0x01 len=16 data=aa82233e23190000000000000000dd8c
WFI t=35603 a=-1367,699,3646 g=-33,84,-83
WFR t=35623 src=mcu type=0x01 len=16 data=aa83000100011101b70111019f00058c
WFI t=35653 a=-1260,490,4018 g=-11,71,-70
WFR t=35663 src=mcu type=0x01 len=16 data=aa840000090a10560001310051c45a55
WFR t=35683 src=mcu type=0x01 len=16 data=aa8513088003e204080b1000507864d4
WFI t=35703 a=-1490,726,3815 g=6,76,-72
WFR t=35703 src=mcu type=0x01 len=16 data=aa868403f4010400a00f8813c003f9eb
WFR t=35743 src=mcu type=0x01 len=16 data=aa873118000000000000000000000a0c
WFI t=35753 a=-1934,684,4008 g=45,42,-57
WFR t=35763 src=mcu type=0x01 len=16 data=aa881f042e0000000000000000007d64
WFR t=35803 src=mcu type=0x01 len=16 data=aa89233f26190000000000000000d3eb
WFI t=35803 a=-2050,728,3896 g=69,-9,-26
WFR t=35823 src=mcu type=0x01 len=16 data=aa8a480c1c0207284901230020001521
WFR t=35843 src=mcu type=0x01 len=16 data=aa8b40005c03474c775419031a0e80f3
WFI t=35853 a=-1904,875,3431 g=101,-83,0
WFR t=35883 src=mcu type=0x01 len=16 data=aa8c2225bf0420034006b80b3e02672c
WFR t=35903 src=mcu type=0x01 len=16 data=aa8d800c800000006c07102780008244
WFI t=35903 a=-1589,712,4086 g=119,-144,-11
WFR t=35966 src=mcu type=0x01 len=16 data=aa8e3118000000000000fffffeff17c1
WFR t=35966 src=mcu type=0x01 len=16 data=aa8f1f042e0000000000000000007623
WFI t=35967 a=-1351,679,3777 g=157,-130,6
WFR t=35983 src=mcu type=0x01 len=16 data=aa90232f291900000000000000009442
WFI t=36003 a=-1247,798,3732 g=193,-146,22
WFR t=36023 src=mcu type=0x01 len=16 data=aa910b000f00465a667332000b9ed1a0
WFR t=36043 src=mcu type=0x01 len=16 data=aa92000000000000000000000000fbba
WFI t=36053 a=-989,1199,3814 g=199,-175,17
WFR t=36147 src=mcu type=0x01 len=16 data=aa93d804480804242c01c003214fe1ad
WFR t=36147 src=mcu type=0x01 len=16 data=aa94f0f465fffffff8080e00412af601
WFR t=36147 src=mcu type=0x01 len=16 data=aa953118000000003200feff00003614
WFI t=36190 a=-1200,1434,3551 g=170,-141,6
WFR t=36201 src=mcu type=0x01 len=16 data=aa961f042e000000000000000000557a
WFI t=36253 a=-1079,1503,4376 g=151,-189,-31
WFR t=36253 src=mcu type=0x01 len=16 data=aa97233e2b1900000000000000006ef3
WFR t=36253 src=mcu type=0x01 len=16 data=aa9807010400000056117eea00009abb
WFR t=36253 src=mcu type=0x01 len=16 data=aa991d00ab04a08c64502748395e1e28
WFI t=36254 a=-825,1674,3966 g=71,-143,-98
WFI t=36257 a=-825,1674,3966 g=71,-143,-98
WFR t=36283 src=mcu type=0x01 len=16 data=aa9a646464625f5d5b5955010101d546
WFI t=36303 a=-808,1499,3921 g=45,-145,-109
WFR t=36303 src=mcu type=0x01 len=16 data=aa9b0101010100000000fbfbecd30e91
WFR t=36323 src=mcu type=0x01 len=16 data=aa9c31180000000035000000ffff2a02
WFI t=36353 a=-898,1329,3716 g=14,-91,-154
WFR t=36363 src=mcu type=0x01 len=16 data=aa9d1f042e0000000000000000004ff1
WFR t=36383 src=mcu type=0x01 len=16 data=aa9e233f2f1900000000000000003613
WFI t=36403 a=-825,1504,3822 g=3,-58,-149
WFR t=36423 src=mcu type=0x01 len=16 data=aa9fb5a1b0bfd800000000000000dfe1
WFR t=36443 src=mcu type=0x01 len=16 data=aaa000000000020c000035006a00d1bd
WFI t=36453 a=-896,1522,3788 g=-35,-17,-184
WFR t=36463 src=mcu type=0x01 len=16 data=aaa188044a5357583036323430360894
WFI t=36503 a=-1011,1206,4090 g=-56,28,-214
WFR t=36503 src=mcu type=0x01 len=16 data=aaa231344e4242463930333500005e71
WFR t=36523 src=mcu type=0x01 len=16 data=aaa33118000000003500fffffeff7e49
WFI t=36554 a=-1236,1208,3675 g=-77,28,-203
WFR t=36563 src=mcu type=0x01 len=16 data=aaa41f042e00000000000000000013c8
WFR t=36583 src=mcu type=0x01 len=16 data=aaa5232f3119000000000000000059c8
WFI t=36603 a=-1179,1200,3984 g=-74,63,-232
WFR t=36603 src=mcu type=0x01 len=16 data=aaa6000000000000000000000000b4ce
WFR t=36643 src=mcu type=0x01 len=16 data=aaa7000000000000000000000000b64f
WFE t=36646 bms stale, no frame for 10092 ms, dropping link
WFI t=36653 a=-1486,857,3515 g=-50,91,-226
WFR t=36663 src=mcu type=0x01 len=16 data=aaa801801b000000400052a8194013c9
WFE t=36679 bms disconnected reason=534
WFI t=36703 a=-1389,880,3756 g=-43,107,-219
WFR t=36710 src=mcu type=0x01 len=16 data=aaa9028288135c4488132400ec02f999
WFR t=36723 src=mcu type=0x01 len=16 data=aaaa3118000000003500feffffff63ec
WFI t=36753 a=-1721,848,3730 g=-21,121,-196
WFR t=36763 src=mcu type=0x01 len=16 data=aaab1f042e00000000000000000007c7
WFR t=36783 src=mcu type=0x01 len=16 data=aaac232e3419000000000000000050ed
WFR t=36803 src=mcu type=0x01 len=16 data=aaad0048005f00021000000100801d27
WFI t=36803 a=-1809,793,3951 g=-28,93,-181
WFR t=36843 src=mcu type=0x01 len=16 data=aaae55f04b0b18000000803a40005cef
WFI t=36853 a=-1872,789,3673 g=3,58,-153
WFR t=36863 src=mcu type=0x01 len=16 data=aaaf08610005460c2d78a00f0900774b
WFR t=36903 src=mcu type=0x01 len=16 data=aab031180000000031000000ffff452a
WFI t=36903 a=-1648,871,4003 g=-19,41,-123
WFR t=36923 src=mcu type=0x01 len=16 data=aab11f042e000000000000000000215d
WFR t=36942 src=mcu type=0x01 len=16 data=aab2232f36190000000000000000ddc5
WFI t=36953 a=-1651,941,3863 g=-25,-6,-81
WFR t=36983 src=mcu type=0x01 len=16 data=aab3014a0205003000008800180080b8
WFI t=37003 a=-1377,837,3897 g=-19,4,-96
WFR t=37003 src=mcu type=0x01 len=16 data=aab40000750c800c710c3f060000f8b2
WFR t=37042 src=mcu type=0x01 len=16 data=aab51900e84e7918060ea00ac600cd2b
WFI t=37053 a=-1425,967,3586 g=-31,20,-72
WFR t=37063 src=mcu type=0x01 len=16 data=aab6070806080040cb020122f13f5e23
WFR t=37082 src=mcu type=0x01 len=16 data=aa803118000000002c00feff0000073f
WFI t=37103 a=-1339,1024,3957 g=-66,25,-54
WFR t=37123 src=mcu type=0x01 len=16 data=aa811f042e00000000000000000060ad
WFR t=37142 src=mcu type=0x01 len=16 data=aa82233e371900000000000000009dcc
WFI t=37153 a=-1554,945,3885 g=-57,46,-63
WFR t=37183 src=mcu type=0x01 len=16 data=aa83000100011101b70111019f00058c
WFR t=37203 src=mcu type=0x01 len=16 data=aa840000090a10560001310051c45a55
WFI t=37203 a=-1655,783,3735 g=-49,17,-70
WFR t=37223 src=mcu type=0x01 len=16 data=aa8513088003e204080b1000507864d4
WFI t=37253 a=-1653,1062,3705 g=-28,19,-60
WFR t=37263 src=mcu type=0x01 len=16 data=aa868403f4010400a00f8813c003f9eb
WFR t=37282 src=mcu type=0x01 len=16 data=aa8731180000000022000000fdff0c5e
WFI t=37303 a=-1711,1026,3805 g=-34,14,-47
WFR t=37323 src=mcu type=0x01 len=16 data=aa881f042e00000000003f0002007010
WFR t=37342 src=mcu type=0x01 len=16 data=aa89232f3919000000000002070294bf
WFI t=37353 a=-1772,913,3526 g=-45,22,-42
WFR t=37383 src=mcu type=0x01 len=16 data=aa8a480c1c0207284901230020001521
WFR t=37403 src=mcu type=0x01 len=16 data=aa8b40005c03474c775419031a0e80f3
WFI t=37403 a=-1775,855,3771 g=-37,9,-28
WFR t=37423 src=mcu type=0x01 len=16 data=aa8c2225bf0420034006b80b3e02672c
WFI t=37453 a=-1916,1047,3606 g=-30,14,-29
WFR t=37463 src=mcu type=0x01 len=16 data=aa8d800c800000006c07102780008244
WFR t=37483 src=mcu type=0x01 len=16 data=aa8e3118000000051d00d5ff77046f47
WFI t=37503 a=-1891,1168,3596 g=-27,16,-25
WFR t=37523 src=mcu type=0x01 len=16 data=aa8f1e042e000700cfff11052800c4d0
WFR t=37543 src=mcu type=0x01 len=16 data=aa90232f391900039100000013057765
WFI t=37553 a=-1764,958,3720 g=-33,18,-20
WFR t=37563 src=mcu type=0x01 len=16 data=aa910b000f00465a667332000b9ed1a0
WFI t=37603 a=-1757,968,3683 g=-27,13,-19
WFR t=37603 src=mcu type=0x01 len=16 data=aa92000000000000000000000000fbba
WFR t=37623 src=mcu type=0x01 len=16 data=aa93d804480804242c01c003214fe1ad
WFI t=37653 a=-1809,981,3744 g=-22,14,-19
WFR t=37663 src=mcu type=0x01 len=16 data=aa94f0f465fffffff8080e00412af601
WFR t=37683 src=mcu type=0x01 len=16 data=aa953118000000051d00ccff0d05aea0
WFI t=37703 a=-1774,1020,3671 g=-30,-2,-9
WFR t=37703 src=mcu type=0x01 len=16 data=aa961e042e000800cfff11052800a7c9
WFR t=37743 src=mcu type=0x01 len=16 data=aa97232f3a1900000000036b1305d234
WFI t=37753 a=-1680,832,3831 g=-26,4,-11
WFR t=37763 src=mcu type=0x01 len=16 data=aa9807010400000056117eea00009abb
WFI t=37803 a=-1751,1040,3739 g=-18,-15,-20
WFR t=37803 src=mcu type=0x01 len=16 data=aa996b00ab04a08c64502748395e575f
WFR t=37823 src=mcu type=0x01 len=16 data=aa9a646464625f5d5b5955010101d546
WFR t=37843 src=mcu type=0x01 len=16 data=aa9b0101010100000000fbfbecd30e91
WFI t=37853 a=-1651,982,3755 g=-25,-14,-24
WFR t=37883 src=mcu type=0x01 len=16 data=aa9c2118000000050000cbfffe04f55f
WFI t=37903 a=-1711,947,3788 g=-11,8,-38
WFR t=37903 src=mcu type=0x01 len=16 data=aa9d1e042e000900cfff110528007c8e
WFR t=37943 src=mcu type=0x01 len=16 data=aa9e233e3c1900039c000000130520da
WFI t=37953 a=-1634,941,3620 g=-24,-7,-30
WFR t=37963 src=mcu type=0x01 len=16 data=aa9fb5a1b0bfd800000000000000dfe1
WFI t=38003 a=-1544,870,4051 g=-13,-5,-47
WFR t=38003 src=mcu type=0x01 len=16 data=aaa000000000020c000035006a00d1bd
WFR t=38023 src=mcu type=0x01 len=16 data=aaa188044a5357583036323430360894
WFR t=38043 src=mcu type=0x01 len=16 data=aaa231344e4242463930333500005e71
WFI t=38053 a=-1693,945,3643 g=-2,-2,-30
WFI t=38162 a=-1631,829,3944 g=15,-14,-48
WFR t=38163 src=mcu type=0x01 len=16 data=aaa32118000000050000ccff0d0524e4
WFR t=38174 src=mcu type=0x01 len=16 data=aaa41e042e000900cfff1105280020b7
WFR t=38174 src=mcu type=0x01 len=16 data=aaa5232f3e1900036400001a1305be28
WFI t=38174 a=-1702,829,3635 g=4,-29,-29
WFR t=38174 src=mcu type=0x01 len=16 data=aaa6000000000000000000000000b4ce
WFR t=38183 src=mcu type=0x01 len=16 data=aaa7000000000000000000000000b64f
WFI t=38203 a=-1663,789,4117 g=21,-29,-57
WFR t=38223 src=mcu type=0x01 len=16 data=aaa801801b000000400052a8194013c9
WFR t=38243 src=mcu type=0x01 len=16 data=aaa9028288135c4488132400ec02f999
WFI t=38253 a=-1510,470,3894 g=24,-38,-11
WFR t=38283 src=mcu type=0x01 len=16 data=aaaa2118000000000000faff070164c6
WFI t=38303 a=-1461,697,3875 g=21,-16,-5
WFR t=38303 src=mcu type=0x01 len=16 data=aaab1f042e00000000000000000007c7
WFR t=38323 src=mcu type=0x01 len=16 data=aaac233f4119000000000000000012ea
WFI t=38353 a=-1575,826,3941 g=24,-27,-7
WFR t=38363 src=mcu type=0x01 len=16 data=aaad0048005f00021000000100801d27
WFR t=38383 src=mcu type=0x01 len=16 data=aaae55f04b0b18000000803a40005cef
WFI t=38403 a=-1496,763,3845 g=18,-37,-18
WFR t=38423 src=mcu type=0x01 len=16 data=aaaf08610005460c2d78a00f0900774b
WFR t=38443 src=mcu type=0x01 len=16 data=aab02118000000000000fffffeff8140
WFI t=38453 a=-1524,848,3813 g=35,-22,-14
WFR t=38483 src=mcu type=0x01 len=16 data=aab11f042e000000000000000000215d
WFI t=38503 a=-1301,880,3993 g=24,-37,-25
WFR t=38503 src=mcu type=0x01 len=16 data=aab2232e43190000000000000000cb02
WFR t=38523 src=mcu type=0x01 len=16 data=aab3014a0205003000008800180080b8
WFI t=38553 a=-1477,937,3600 g=31,-17,-11
WFR t=38563 src=mcu type=0x01 len=16 data=aab40000750c800c710c3f060000f8b2
WFR t=38583 src=mcu type=0x01 len=16 data=aab51b00e84e7918060e9e0ac6003904
WFI t=38603 a=-1426,713,4270 g=20,-34,-22
WFR t=38623 src=mcu type=0x01 len=16 data=aab6070806080000cb020122f13f1fe7
WFR t=38643 src=mcu type=0x01 len=16 data=aa802118000000000000feff0000c16c
WFI t=38653 a=-1450,915,3443 g=23,-13,-20
WFR t=38663 src=mcu type=0x01 len=16 data=aa811f042e00000000000000000060ad
WFI t=38703 a=-1356,784,4227 g=25,-37,-31
WFR t=38703 src=mcu type=0x01 len=16 data=aa82233f451900000000000000003ad1
WFR t=38723 src=mcu type=0x01 len=16 data=aa83000100011101b70111019f00058c
WFI t=38753 a=-1389,829,3567 g=9,-18,-45
WFR t=38763 src=mcu type=0x01 len=16 data=aa840000090a10560001310051c45a55
WFR t=38783 src=mcu type=0x01 len=16 data=aa8513088003e204080b1000507864d4
WFI t=38803 a=-1439,851,4072 g=26,-34,-46
WFR t=38803 src=mcu type=0x01 len=16 data=aa868403f4010400a00f8813c003f9eb
WFR t=38843 src=mcu type=0x01 len=16 data=aa872118000000002b00fefffeffcc10
WFI t=38853 a=-1379,663,3725 g=12,-22,-39
WFR t=38863 src=mcu type=0x01 len=16 data=aa881f042e0000000000000000007d64
WFI t=38903 a=-1377,767,3938 g=27,-35,-35
WFR t=38903 src=mcu type=0x01 len=16 data=aa89232e47190000000000000000d1ac
WFR t=38923 src=mcu type=0x01 len=16 data=aa8a480c1c0207284901230020001521
WFR t=38943 src=mcu type=0x01 len=16 data=aa8b40005c03474c775419031a0e80f3
WFI t=38953 a=-1334,780,3845 g=17,-35,-36
WFR t=38983 src=mcu type=0x01 len=16 data=aa8c2225bf0420034006b80b3e02672c
WFI t=39003 a=-1604,847,3822 g=30,-20,-30
WFR t=39003 src=mcu type=0x01 len=16 data=aa8d800c800000006c07102780008244
WFR t=39043 src=mcu type=0x01 len=16 data=aa8e2118000000022600f3ffd5016ed8
WFI t=39053 a=-1597,929,3551 g=28,-32,-28
WFR t=39063 src=mcu type=0x01 len=16 data=aa8f1e042e000600e7ff8c031c00da59
WFI t=39103 a=-1444,871,4091 g=34,-38,-30
WFR t=39103 src=mcu type=0x01 len=16 data=aa90233f49190001a20001c28d034fef
WFR t=39123 src=mcu type=0x01 len=16 data=aa910b000f00465a667332000b9ed1a0
WFR t=39143 src=mcu type=0x01 len=16 data=aa92000000000000000000000000fbba
WFI t=39153 a=-1436,1008,3731 g=41,-43,-36
WFR t=39183 src=mcu type=0x01 len=16 data=aa93d804480804242c01c003214fe1ad
WFI t=39203 a=-1259,870,4032 g=20,-41,-39
WFR t=39203 src=mcu type=0x01 len=16 data=aa94f0f465fffffff8080e00412af601
WFR t=39243 src=mcu type=0x01 len=16 data=aa952118000000042400e2ff8103971c
WFI t=39253 a=-1459,852,3606 g=33,-9,-40
WFR t=39263 src=mcu type=0x01 len=16 data=aa961e042e000600e7ff8c031c00f900
WFR t=39283 src=mcu type=0x01 len=16 data=aa97232e4b190001a70001c98d03c4c9
WFI t=39303 a=-1163,821,3937 g=12,-12,-46
WFR t=39323 src=mcu type=0x01 len=16 data=aa9807010400000056117eea00009abb
WFR t=39343 src=mcu type=0x01 len=16 data=aa994000ab04a08c64502748395e333b
WFI t=39353 a=-1299,850,3948 g=26,-1,-49
WFR t=39383 src=mcu type=0x01 len=16 data=aa9a646464625f5d5b5955010101d546
WFI t=39403 a=-1390,796,3926 g=15,-16,-52
WFR t=39403 src=mcu type=0x01 len=16 data=aa9b0101010100000000fbfbecd30e91
WFR t=39423 src=mcu type=0x01 len=16 data=aa9c2118000000002300ffff0200e9ff
WFI t=39481 a=-1459,1019,3829 g=7,-10,-55
WFR t=39484 src=mcu type=0x01 len=16 data=aa9d1f042e0000000000000000004ff1
WFR t=39484 src=mcu type=0x01 len=16 data=aa9e233f4d1900000000000000009467
WFI t=39503 a=-1420,751,4092 g=-4,-19,-54
WFR t=39523 src=mcu type=0x01 len=16 data=aa9fb5a1b0bfd800000000000000dfe1
WFR t=39543 src=mcu type=0x01 len=16 data=aaa000000000020c000035006a00d1bd
WFI t=39553 a=-1314,857,3801 g=-21,1,-47
WFR t=39569 src=mcu type=0x01 len=16 data=aaa188044a5357583036323430360894
WFI t=39603 a=-1318,810,3889 g=-10,0,-51
WFR t=39603 src=mcu type=0x01 len=16 data=aaa231344e4242463930333500005e71
WFR t=39623 src=mcu type=0x01 len=16 data=aaa32118000000002100ffff0300bc72
WFI t=39654 a=-1475,770,3855 g=-18,-8,-53
WFR t=39663 src=mcu type=0x01 len=16 data=aaa41f042e00000000000000000013c8
WFR t=39683 src=mcu type=0x01 len=16 data=aaa5232f4e1900000000000000006bd3
WFI t=39703 a=-1437,832,4028 g=-11,0,-46
WFR t=39723 src=mcu type=0x01 len=16 data=aaa6000000000000000000000000b4ce
WFR t=39743 src=mcu type=0x01 len=16 data=aaa7000000000000000000000000b64f
WFI t=39753 a=-1419,859,3867 g=-19,7,-50
WFR t=39763 src=mcu type=0x01 len=16 data=aaa801801b000000400052a8194013c9
WFI t=39803 a=-1413,858,3716 g=-22,8,-49
WFR t=39803 src=mcu type=0x01 len=16 data=aaa9028288135c4488132400ec02f999
WFR t=39823 src=mcu type=0x01 len=16 data=aaaa2118000000011d00faff3101602b
WFE t=39848 bms subscribed val=0x0010 cccd=0x0011 ctrl=0x0014 mtu=512
WFE t=39849 bms reconnected (attempt 1)
WFI t=39853 a=-1527,853,4056 g=-25,12,-52
WFR t=39865 src=mcu type=0x01 len=16 data=aaab1f042e000100fdff43010a008516
WFR t=39883 src=mcu type=0x01 len=16 data=aaac233e4f190000390000148902d4df
WFI t=39903 a=-1569,1017,3798 g=-26,10,-55
WFR t=39903 src=mcu type=0x01 len=16 data=aaad0048005f00021000000100801d27
WFR t=39943 src=mcu type=0x01 len=16 data=aaae55f04b0b18000000803a40005cef
WFI t=39953 a=-1502,949,3854 g=-36,16,-61
WFR t=39963 src=mcu type=0x01 len=16 data=aaaf08610005460c2d78a00f0900774b
WFI t=40003 a=-1541,906,3783 g=-44,12,-66
WFR t=40003 src=mcu type=0x01 len=16 data=aab02118000000041900ddff0204cc72
WFR t=40023 src=mcu type=0x01 len=16 data=aab11e042e000600e0ff0e0420000429
WFR t=40043 src=mcu type=0x01 len=16 data=aab2233e50190000000002210f043bd9
WFI t=40053 a=-1578,795,3953 g=-42,11,-69
WFR t=40119 src=mcu type=0x01 len=16 data=aab3014a022500300000880018001979
WFR t=40120 src=mcu type=0x01 len=16 data=aab40000750c800c710c3f060000f8b2
WFI t=40121 a=-1635,737,3775 g=-50,-10,-62
WFR t=40145 src=mcu type=0x01 len=16 data=aab51d00e84e7918060e060bc6004fac
WFR t=40150 src=bms type=0x02 len=129 data=d2037c0eb30eb20eb30eb20eb30eb30eb40eb40eb20eb20eb30eb40eb80eb80eb90eb70eb80eb80eb90eb90eb80eb90eb90eb90eb70eb90eb90eb90000000000000000003b0000000000000000000000000000041e752b029b0eb90eb1003b003b0000014d001c0001001c0000000100010eb6000800340000000000000000197b
WFI t=40154 a=-1427,542,4103 g=-46,-7,-56
WFR t=40242 src=mcu type=0x01 len=16 data=aab6070806080000cb0201a2f13f1e0f
WFR t=40242 src=mcu type=0x01 len=16 data=aa802118000000021900f5ff1e026ae0
WFI t=40290 a=-1478,570,3865 g=-45,-5,-46
WFR t=40290 src=mcu type=0x01 len=16 data=aa811e042e000200faffc5010e007595
WFR t=40301 src=mcu type=0x01 len=16 data=aa82232f5219000049000020c60143ad
WFR t=40301 src=mcu type=0x01 len=16 data=aa83000100011101b70111019f00058c
WFR t=40353 src=mcu type=0x01 len=16 data=aa840000090a10560001310051c45a55
WFI t=40353 a=-1502,591,3828 g=-22,-7,-41
WFR t=40353 src=mcu type=0x01 len=16 data=aa8513088003e204080b1000507864d4
WFI t=40355 a=-1483,590,3934 g=1,2,-35
WFI t=40357 a=-1483,590,3934 g=1,2,-35
WFR t=40363 src=mcu type=0x01 len=16 data=aa868403f4010400a00f8813c003f9eb
WFR t=40383 src=mcu type=0x01 len=16 data=aa872118000000001900ffff0300c92e
WFI t=40403 a=-1486,605,3913 g=-2,-3,-33
WFR t=40423 src=mcu type=0x01 len=16 data=aa881f042e0000000000000000007d64
WFR t=40443 src=mcu type=0x01 len=16 data=aa89232e5319000000000000000091ec
WFI t=40453 a=-1487,616,3897 g=-4,-6,-29
WFR t=40483 src=mcu type=0x01 len=16 data=aa8a480c1c0207284901230020001521
WFT t=40492 batt_mv=3890 rssi_mcu=-51 rssi_bms=-66 mcu=1441 bms=28 dropped=0
WFI t=40503 a=-1493,663,3927 g=12,-6,-25
WFR t=40503 src=mcu type=0x01 len=16 data=aa8b40005c03474c775419031a0e80f3
WFR t=40523 src=mcu type=0x01 len=16 data=aa8c2225bf0420034006b80b3e02672c
WFI t=40553 a=-1472,665,3898 g=11,-9,-25
WFR t=40563 src=mcu type=0x01 len=16 data=aa8d800c800000006c07102780008244
WFR t=40583 src=mcu type=0x01 len=16 data=aa8e2118000000001800ffff0000d5c6
WFI t=40603 a=-1510,565,3903 g=20,-8,-22
WFR t=40623 src=mcu type=0x01 len=16 data=aa8f1f042e0000000000000000007623
WFR t=40643 src=mcu type=0x01 len=16 data=aa90233e5419000000000000000057af
WFI t=40653 a=-1565,601,3954 g=12,-12,-11
WFR t=40663 src=mcu type=0x01 len=16 data=aa910b000f00465a667332000b9ed1a0
WFI t=40703 a=-1480,695,3976 g=16,-16,-6
WFR t=40703 src=mcu type=0x01 len=16 data=aa92000000000000000000000000fbba
WFR t=40723 src=mcu type=0x01 len=16 data=aa93d804480804242c01c003214fe1ad
WFI t=40753 a=-1420,716,3916 g=7,-13,-6
WFR t=40763 src=mcu type=0x01 len=16 data=aa94f0f465fffffff8080e00412af601
WFR t=40783 src=mcu type=0x01 len=16 data=aa952118000000001600fffffffff143
WFI t=40803 a=-1518,591,3867 g=6,-6,-8
WFR t=40823 src=mcu type=0x01 len=16 data=aa961f042e000000000000000000557a
WFR t=40843 src=mcu type=0x01 len=16 data=aa97233e541900000000000000005ce8
WFI t=40853 a=-1353,695,3952 g=3,-10,-6
WFR t=40863 src=mcu type=0x01 len=16 data=aa9807010400000056117eea00009abb
WFI t=40903 a=-1470,711,3869 g=-5,-3,3
WFR t=40903 src=mcu type=0x01 len=16 data=aa991d00ab04a08c64502748395e1e28
WFR t=40923 src=mcu type=0x01 len=16 data=aa9a646464625f5d5b5955010101d546
WFI t=40953 a=-1472,676,3904 g=-10,3,11
WFR t=40963 src=mcu type=0x01 len=16 data=aa9b0101010100000000fbfbecd30e91
WFR t=40983 src=mcu type=0x01 len=16 data=aa9c2118000000001200ffff0000ecbe
WFI t=41003 a=-1385,712,3910 g=-18,2,25
WFR t=41003 src=mcu type=0x01 len=16 data=aa9d1f042e0000000000000000004ff1
WFR t=41043 src=mcu type=0x01 len=16 data=aa9e233f551900000000000000001418
WFI t=41053 a=-1469,698,3907 g=-13,1,8
WFR t=41063 src=mcu type=0x01 len=16 data=aa9fb5a1b0bfd800000000000000dfe1
WFI t=41103 a=-1505,651,3869 g=0,-3,1
WFR t=41103 src=mcu type=0x01 len=16 data=aaa000000000020c000035006a00d1bd
WFR t=41118 src=bms type=0x02 len=129 data=d2037c0eb30eb20eb40eb30eb30eb20eb40eb40eb20eb30eb40eb40eb80eb70eb80eb70eb80eb80eba0eb90eb90eb90eba0eba0eb80eba0eb90eba0000000000000000003b0000000000000000000000000000041e752d029b0eba0eb2003b003b0000014d001c0001001c0000000100010eb60008001f000000000000000043c7
WFR t=41123 src=mcu type=0x01 len=16 data=aaa188044a5357583036323430360894
WFR t=41143 src=mcu type=0x01 len=16 data=aaa231344e4242463930333500005e71
WFI t=41153 a=-1500,669,3935 g=12,-17,0
WFR t=41183 src=mcu type=0x01 len=16 data=aaa32118000000001200ffffffffb8f1
WFI t=41203 a=-1512,680,3857 g=20,-34,-27
WFR t=41203 src=mcu type=0x01 len=16 data=aaa41f042e00000000000000000013c8
WFR t=41243 src=mcu type=0x01 len=16 data=aaa5233f551900000000000000004f63
WFI t=41253 a=-1432,743,3870 g=32,-35,-4
WFR t=41263 src=mcu type=0x01 len=16 data=aaa6000000000000000000000000b4ce
WFR t=41283 src=mcu type=0x01 len=16 data=aaa7000000000000000000000000b64f
WFI t=41303 a=-1404,738,3867 g=17,-16,-5
WFR t=41323 src=mcu type=0x01 len=16 data=aaa801801b000000400052a8194013c9
WFR t=41343 src=mcu type=0x01 len=16 data=aaa9028288135c4488132400ec02f999
WFI t=41353 a=-1505,782,3910 g=3,-7,-13
WFR t=41383 src=mcu type=0x01 len=16 data=aaaa0118000000000000ffff00002645
WFI t=41403 a=-1494,791,3796 g=-9,8,-6
WFR t=41403 src=mcu type=0x01 len=16 data=aaab1f042e00000000000000000007c7
WFR t=41443 src=mcu type=0x01 len=16 data=aaac233e551900000000000000005656
WFI t=41453 a=-1532,768,3837 g=-6,7,-3
WFR t=41463 src=mcu type=0x01 len=16 data=aaad0048005f00021000000100801d27
WFR t=41483 src=mcu type=0x01 len=16 data=aaae55f04b0b18000000803a40005cef
WFI t=41503 a=-1560,788,3902 g=-8,0,-23
WFR t=41523 src=mcu type=0x01 len=16 data=aaaf08610005460c2d78a00f0900774b
WFR t=41543 src=mcu type=0x01 len=16 data=aab03118000000000000feffffff40d3
WFI t=41553 a=-1557,823,3832 g=-3,-7,-9
WFR t=41583 src=mcu type=0x01 len=16 data=aab11f042e000000000000000000215d
WFI t=41603 a=-1606,739,3814 g=-2,-5,-19
WFR t=41603 src=mcu type=0x01 len=16 data=aab2233e551900000000000000007e48
WFR t=41623 src=mcu type=0x01 len=16 data=aab3014a02050030000088011800d178
WFI t=41653 a=-1539,785,3845 g=-1,-9,-17
WFR t=41663 src=mcu type=0x01 len=16 data=aab40000750c800c710c3f060000f8b2
WFR t=41683 src=mcu type=0x01 len=16 data=aab51b00e84e7918060e160bc6004364
WFI t=41703 a=-1585,627,3873 g=-6,-4,-6
WFR t=41723 src=mcu type=0x01 len=16 data=aab6070806080000cb020122f13f1fe7
WFR t=41743 src=mcu type=0x01 len=16 data=aa803118000000000000fdfffeff00f7
WFI t=41753 a=-1513,726,3851 g=2,-9,-3
WFR t=41763 src=mcu type=0x01 len=16 data=aa811f042e00000000000000000060ad
WFI t=41803 a=-1532,722,3878 g=6,-12,-1
WFR t=41803 src=mcu type=0x01 len=16 data=aa82233e551900000000000000003fb8
WFR t=41823 src=mcu type=0x01 len=16 data=aa83000100011101b70111019f00058c
WFI t=41853 a=-1532,745,3855 g=4,-14,-1
WFR t=41863 src=mcu type=0x01 len=16 data=aa840000090a10560001310051c45a55
WFR t=41883 src=mcu type=0x01 len=16 data=aa8513088003e204080b1000507864d4
WFI t=41903 a=-1533,726,3860 g=3,-15,1
WFR t=41923 src=mcu type=0x01 len=16 data=aa868403f4010400a00f8813c003f9eb
WFR t=41943 src=mcu type=0x01 len=16 data=aa870118000000000000feffffff4a24
WFI t=41953 a=-1520,681,3839 g=11,-15,3
WFR t=41963 src=mcu type=0x01 len=16 data=aa881f042e0000000000000000007d64
WFI t=42003 a=-1525,721,3885 g=17,-20,4
WFR t=42003 src=mcu type=0x01 len=16 data=aa89233e551900000000000000002533
WFR t=42023 src=mcu type=0x01 len=16 data=aa8a480c1c0207284901230020001521
WFI t=42053 a=-1518,749,3851 g=17,-19,7
WFR t=42063 src=mcu type=0x01 len=16 data=aa8b40005c03474c775419031a0e80f3
WFR t=42083 src=mcu type=0x01 len=16 data=aa8c2225bf0420034006b80b3e02672c
WFI t=42180 a=-1478,801,3867 g=13,-19,7
WFR t=42191 src=bms type=0x02 len=129 data=d2037c0eb40eb30eb40eb40eb40eb30eb40eb50eb20eb40eb40eb50eb80eb80eb80eb70eb90eb90eba0eba0eba0eba0ebb0eba0eb80eba0eba0eba0000000000000000003b0000000000000000000000000000041e752f029b0eba0eb2003b003b0000014d001c0001001c0000000100010eb60008000a0000000000000000d648
WFR t=42191 src=mcu type=0x01 len=16 data=aa8d800c800000006c07102780008244
WFR t=42191 src=mcu type=0x01 len=16 data=aa8e0118000000000000feffffff57ed
WFR t=42191 src=mcu type=0x01 len=16 data=aa8f1f042e0000000000000000007623
WFI t=42192 a=-1465,795,3847 g=12,-15,4
WFI t=42203 a=-1493,777,3857 g=13,-15,2
WFR t=42203 src=mcu type=0x01 len=16 data=aa90233e55190000000000000000066a
WFR t=42223 src=mcu type=0x01 len=16 data=aa910b000f00465a667332000b9ed1a0
WFR t=42243 src=mcu type=0x01 len=16 data=aa92000000000000000000000000fbba
WFI t=42253 a=-1547,781,3868 g=13,-15,2
WFR t=42283 src=mcu type=0x01 len=16 data=aa93d804480804242c01c003214fe1ad
WFI t=42303 a=-1467,789,3865 g=9,-13,2
WFR t=42303 src=mcu type=0x01 len=16 data=aa94f0f465fffffff8080e00412af601
WFR t=42343 src=mcu type=0x01 len=16 data=aa950118000000000000feffffff73f6
WFI t=42353 a=-1470,805,3862 g=9,-14,1
WFR t=42363 src=mcu type=0x01 len=16 data=aa961f042e000000000000000000557a
WFR t=42383 src=mcu type=0x01 len=16 data=aa97233e551900000000000000000d2d
WFI t=42403 a=-1503,818,3871 g=6,-10,-2
WFR t=42423 src=mcu type=0x01 len=16 data=aa9807010400000056117eea00009abb
WFR t=42443 src=mcu type=0x01 len=16 data=aa991d00ab04a08c64502748395e1e28
WFI t=42453 a=-1478,816,3848 g=-1,-9,-2
WFR t=42483 src=mcu type=0x01 len=16 data=aa9a646464625f5d5b5955010101d546
WFI t=42503 a=-1507,779,3881 g=3,-10,-2
WFR t=42503 src=mcu type=0x01 len=16 data=aa9b0101010100000000fbfbecd30e91
WFR t=42543 src=mcu type=0x01 len=16 data=aa9c0118000000000000feffffff6e3f
WFI t=42553 a=-1497,760,3886 g=1,-9,-4
WFR t=42563 src=mcu type=0x01 len=16 data=aa9d1f042e0000000000000000004ff1
WFI t=42615 a=-1487,762,3879 g=3,-10,-3
WFR t=42624 src=mcu type=0x01 len=16 data=aa9e233e5519000000000000000010e4
WFR t=42624 src=mcu type=0x01 len=16 data=aa9fb5a1b0bfd800000000000000dfe1
WFR t=42643 src=mcu type=0x01 len=16 data=aaa000000000020c000035006a00d1bd
WFI t=42653 a=-1475,755,3848 g=1,-10,-3
WFR t=42683 src=mcu type=0x01 len=16 data=aaa188044a5357583036323430360894
WFI t=42703 a=-1481,791,3882 g=2,-9,-2
WFR t=42703 src=mcu type=0x01 len=16 data=aaa231344e4242463930333500005e71
WFR t=42723 src=mcu type=0x01 len=16 data=aaa30118000000000000feffffff3bc0
WFI t=42753 a=-1458,788,3853 g=4,-8,-2
WFR t=42763 src=mcu type=0x01 len=16 data=aaa41f042e00000000000000000013c8
WFR t=42783 src=mcu type=0x01 len=16 data=aaa5233e551900000000000000004b9f
WFI t=42803 a=-1464,788,3864 g=-2,-7,-3
WFR t=42823 src=mcu type=0x01 len=16 data=aaa6000000000000000000000000b4ce
WFR t=42843 src=mcu type=0x01 len=16 data=aaa7000000000000000000000000b64f
WFI t=42853 a=-1470,777,3890 g=2,-7,-2
WFR t=42863 src=mcu type=0x01 len=16 data=aaa801801b000000400052a8194013c9
WFI t=42903 a=-1489,763,3850 g=0,-6,-4
WFR t=42903 src=mcu type=0x01 len=16 data=aaa9028288135c4488132400ec02f999
WFR t=42923 src=mcu type=0x01 len=16 data=aaaa0118000000000000feffffff2609
WFI t=42953 a=-1517,797,3879 g=4,-7,-1
WFR t=42963 src=mcu type=0x01 len=16 data=aaab1f042e00000000000000000007c7
WFR t=42983 src=mcu type=0x01 len=16 data=aaac233e551900000000000000005656
WFI t=43003 a=-1514,778,3818 g=4,-11,-1
WFR t=43023 src=mcu type=0x01 len=16 data=aaad0048005f00021000000100801d27
WFR t=43043 src=mcu type=0x01 len=16 data=aaae55f04b0b18000000803a40005cef
WFI t=43053 a=-1588,750,3875 g=6,-14,0
WFR t=43063 src=mcu type=0x01 len=16 data=aaaf08610005460c2d78a00f0900774b
WFI t=43103 a=-1525,758,3828 g=16,-19,5
WFR t=43103 src=mcu type=0x01 len=16 data=aab00118000000000000feffffff0093
WFR t=43123 src=mcu type=0x01 len=16 data=aab11f042e000000000000000000215d
WFI t=43153 a=-1512,762,3875 g=20,-21,8
WFR t=43158 src=bms type=0x02 len=129 data=d2037c0eb40eb30eb40eb40eb40eb30eb40eb40eb30eb40eb40eb50eb80eb80eb90eb80eb90eb90eba0eba0eba0eba0ebb0eba0eb80eba0eba0eba0000000000000000003b0000000000000000000000000000041e752f029b0ebb0eb3003b003b0000014d001c0001001c0000000100010eb70008000a00000000000000001eae
WFR t=43163 src=mcu type=0x01 len=16 data=aab2233e551900000000000000007e48
WFR t=43183 src=mcu type=0x01 len=16 data=aab3014a0205003000008800180080b8
WFI t=43203 a=-1482,769,3858 g=23,-25,9
WFR t=43203 src=mcu type=0x01 len=16 data=aab40000750c800c710c3f060000f8b2
WFR t=43243 src=mcu type=0x01 len=16 data=aab51900e84e7918060e160bc600baa3
WFI t=43253 a=-1471,780,3870 g=19,-25,9
WFR t=43263 src=mcu type=0x01 len=16 data=aab6070806080000cb020122f13f1fe7
WFI t=43303 a=-1433,857,3873 g=25,-26,9
WFR t=43303 src=mcu type=0x01 len=16 data=aa800118000000000000feffffff4163
WFR t=43323 src=mcu type=0x01 len=16 data=aa811f042e00000000000000000060ad
WFR t=43343 src=mcu type=0x01 len=16 data=aa82233e551900000000000000003fb8
WFI t=43353 a=-1389,915,3837 g=16,-20,6
WFR t=43383 src=mcu type=0x01 len=16 data=aa83000100011101b70111019f00058c
WFI t=43403 a=-1380,937,3903 g=3,-11,0
WFR t=43403 src=mcu type=0x01 len=16 data=aa840000090a10560001310051c45a55
WFR t=43443 src=mcu type=0x01 len=16 data=aa8513088003e204080b1000507864d4
WFI t=43453 a=-1428,891,3830 g=-7,-5,-6
WFR t=43463 src=mcu type=0x01 len=16 data=aa868403f4010400a00f8813c003f9eb
WFR t=43483 src=mcu type=0x01 len=16 data=aa870118000000000000feffffff4a24
WFI t=43503 a=-1451,886,3876 g=-9,0,-8
WFR t=43523 src=mcu type=0x01 len=16 data=aa881f042e0000000000000000007d64
WFR t=43543 src=mcu type=0x01 len=16 data=aa89233e551900000000000000002533
WFI t=43553 a=-1474,832,3856 g=-10,1,-12
WFR t=43583 src=mcu type=0x01 len=16 data=aa8a480c1c0207284901230020001521
WFI t=43603 a=-1448,835,3864 g=-10,2,-9
WFR t=43603 src=mcu type=0x01 len=16 data=aa8b40005c03474c775419031a0e80f3
WFR t=43643 src=mcu type=0x01 len=16 data=aa8c2225bf0420034006b80b3e02672c
WFI t=43653 a=-1451,844,3877 g=-15,0,-14
WFR t=43663 src=mcu type=0x01 len=16 data=aa8d800c800000006c07102780008244
WFR t=43683 src=mcu type=0x01 len=16 data=aa8e0118000000000000feffffff57ed
WFI t=43703 a=-1480,835,3867 g=-18,1,-15
WFR t=43723 src=mcu type=0x01 len=16 data=aa8f1f042e0000000000000000007623
WFR t=43743 src=mcu type=0x01 len=16 data=aa90233e55190000000000000000066a
WFI t=43753 a=-1433,907,3837 g=-24,5,-16
WFR t=43783 src=mcu type=0x01 len=16 data=aa910b000f00465a667332000b9ed1a0
WFI t=43803 a=-1465,858,3880 g=-30,9,-18
WFR t=43803 src=mcu type=0x01 len=16 data=aa92000000000000000000000000fbba
WFR t=43823 src=mcu type=0x01 len=16 data=aa93d804480804242c01c003214fe1ad
WFI t=43853 a=-1445,779,3866 g=-35,12,-23
WFR t=43863 src=mcu type=0x01 len=16 data=aa94f0f465fffffff8080e00412af601
WFR t=43883 src=mcu type=0x01 len=16 data=aa950118000000000000fefffeff7266
WFI t=43903 a=-1380,806,3877 g=-31,17,-21
WFR t=43924 src=mcu type=0x01 len=16 data=aa961f042e000000000000000000557a
WFR t=43943 src=mcu type=0x01 len=16 data=aa97233e551900000000000000000d2d
WFI t=43953 a=-1446,792,3865 g=-38,20,-26
WFR t=43963 src=mcu type=0x01 len=16 data=aa9807010400000056117eea00009abb
WFI t=44003 a=-1465,743,3889 g=-46,23,-28
WFR t=44003 src=mcu type=0x01 len=16 data=aa991d00ab04a08c64502748395e1e28
WFR t=44023 src=mcu type=0x01 len=16 data=aa9a646464625f5d5b5955010101d546
WFI t=44053 a=-1515,701,3909 g=-42,20,-24
WFR t=44063 src=mcu type=0x01 len=16 data=aa9b0101010100000000fbfbecd30e91
WFR t=44083 src=mcu type=0x01 len=16 data=aa9c0118000000000000feffffff6e3f
WFI t=44173 a=-1608,812,3829 g=-47,9,-18
WFR t=44174 src=bms type=0x02 len=129 data=d2037c0eb40eb30eb40eb40eb40eb40eb40eb50eb30eb40eb40eb50eb90eb90eb90eb80eb90eba0eba0eba0eba0eba0ebb0ebb0eb80eba0eba0eba0000000000000000003b0000000000000000000000000000041e752f029b0ebb0eb3003b003b0000014d001c0001001c0000000100010eb70008000a0000000000000000bc94
WFR t=44174 src=mcu type=0x01 len=16 data=aa9d1f042e0000000000000000004ff1
WFI t=44219 a=-1541,777,3886 g=-54,4,-24
WFR t=44219 src=mcu type=0x01 len=16 data=aa9e233e5519000000000000000010e4
WFR t=44220 src=mcu type=0x01 len=16 data=aa9fb5a1b0bfd800000000000000dfe1
WFR t=44220 src=mcu type=0x01 len=16 data=aaa000000000020c000035006a00d1bd
WFI t=44272 a=-1590,637,3836 g=-35,-2,-20
WFR t=44284 src=mcu type=0x01 len=16 data=aaa188044a5357583036323430360894
WFR t=44284 src=mcu type=0x01 len=16 data=aaa231344e4242463930333500005e71
WFI t=44284 a=-1632,690,3843 g=-30,-2,-16
WFI t=44303 a=-1595,745,3878 g=-26,-11,-7
WFR t=44304 src=mcu type=0x01 len=16 data=aaa30118000000000000fefffeff3a50
WFR t=44304 src=mcu type=0x01 len=16 data=aaa41f042e00000000000000000013c8
WFR t=44343 src=mcu type=0x01 len=16 data=aaa5233e551900000000000000004b9f
WFI t=44353 a=-1592,632,3873 g=-28,-18,-13
WFR t=44363 src=mcu type=0x01 len=16 data=aaa6000000000000000000000000b4ce
WFI t=44403 a=-1519,641,3851 g=-23,-19,-12
WFR t=44403 src=mcu type=0x01 len=16 data=aaa7000000000000000000000000b64f
WFR t=44423 src=mcu type=0x01 len=16 data=aaa801801b000000400052a8194013c9
WFR t=44443 src=mcu type=0x01 len=16 data=aaa9028288135c4488132400ec02f999
WFI t=44453 a=-1489,679,3847 g=-6,-16,3
WFR t=44483 src=mcu type=0x01 len=16 data=aaaa0118000000000000feffffff2609
WFI t=44503 a=-1547,577,3894 g=3,-13,-6
WFR t=44503 src=mcu type=0x01 len=16 data=aaab1f042e00000000000000000007c7
WFR t=44543 src=mcu type=0x01 len=16 data=aaac233e551900000000000000005656
WFI t=44553 a=-1561,609,3884 g=18,-22,8
WFR t=44563 src=mcu type=0x01 len=16 data=aaad0048005f00021000000100801d27
WFR t=44583 src=mcu type=0x01 len=16 data=aaae55f04b0b18000000803a40005cef
WFI t=44603 a=-1425,825,3881 g=16,-22,9
WFR t=44623 src=mcu type=0x01 len=16 data=aaaf08610005460c2d78a00f0900774b
WFR t=44643 src=mcu type=0x01 len=16 data=aab00118000000000000feffffff0093
WFI t=44653 a=-1470,838,3908 g=1,-18,-1
WFR t=44683 src=mcu type=0x01 len=16 data=aab11f042e000000000000000000215d
WFI t=44703 a=-1445,764,3870 g=-8,-17,-4
WFR t=44703 src=mcu type=0x01 len=16 data=aab2233e551900000000000000007e48
WFR t=44723 src=mcu type=0x01 len=16 data=aab3014a0205003000008800180080b8
WFI t=44753 a=-1397,751,3853 g=-10,-5,-6
WFR t=44763 src=mcu type=0x01 len=16 data=aab40000750c800c710c3f060000f8b2
WFR t=44783 src=mcu type=0x01 len=16 data=aab51900e84e7918060ec10ac600d2d7
WFI t=44803 a=-1445,775,3898 g=-18,5,-15
WFR t=44823 src=mcu type=0x01 len=16 data=aab6070806080000cb020122f13f1fe7
WFR t=44843 src=mcu type=0x01 len=16 data=aa800118000000000000feffffff4163
WFI t=44853 a=-1518,673,3866 g=-22,6,-15
WFR t=44883 src=mcu type=0x01 len=16 data=aa811f042e00000000000000000060ad
WFI t=44903 a=-1531,704,3893 g=-23,5,-13
WFR t=44903 src=mcu type=0x01 len=16 data=aa82233e551900000000000000003fb8
WFR t=44923 src=mcu type=0x01 len=16 data=aa83000100011101b70111019f00058c
WFI t=44953 a=-1526,679,3881 g=-16,3,-16
WFR t=44963 src=mcu type=0x01 len=16 data=aa840000090a10560001310051c45a55
WFR t=44983 src=mcu type=0x01 len=16 data=aa8513088003e204080b1000507864d4
WFI t=45003 a=-1486,679,3884 g=-16,3,-11
WFR t=45023 src=mcu type=0x01 len=16 data=aa868403f4010400a00f8813c003f9eb
WFR t=45043 src=mcu type=0x01 len=16 data=aa870118000000000000feffffff4a24
WFI t=45053 a=-1480,718,3905 g=-22,6,-13
WFR t=45063 src=mcu type=0x01 len=16 data=aa881f042e0000000000000000007d64
WFI t=45103 a=-1670,736,3838 g=-26,-3,-14
WFR t=45103 src=mcu type=0x01 len=16 data=aa89233e551900000000000000002533
WFR t=45123 src=mcu type=0x01 len=16 data=aa8a480c1c0207284901230020001521
WFI t=45153 a=-1572,715,3916 g=-39,-17,-15
WFR t=45153 src=bms type=0x02 len=129 data=d2037c0eb40eb30eb40eb40eb40eb40eb50eb50eb30eb40eb40eb50eb90eb90eb90eb80eb90eb90eba0eba0eba0eba0ebb0eba0eb80eba0eba0eba0000000000000000003b0000000000000000000000000000041e752f029b0ebb0eb3003b003b0000014d001c0001001c0000000100010eb70008000a00000000000000007ee1
WFR t=45163 src=mcu type=0x01 len=16 data=aa8b40005c03474c775419031a0e80f3
WFR t=45183 src=mcu type=0x01 len=16 data=aa8c2225bf0420034006b80b3e02672c
WFI t=45203 a=-1442,693,3815 g=-43,-17,-14
WFR t=45203 src=mcu type=0x01 len=16 data=aa8d800c800000006c07102780008244
WFR t=45243 src=mcu type=0x01 len=16 data=aa8e0118000000000000feffffff57ed
WFI t=45253 a=-1440,672,3851 g=-31,3,-19
WFR t=45263 src=mcu type=0x01 len=16 data=aa8f1f042e0000000000000000007623
WFI t=45303 a=-1512,611,3875 g=-24,9,-18
WFR t=45303 src=mcu type=0x01 len=16 data=aa90233f56190000000000000000f299
WFR t=45323 src=mcu type=0x01 len=16 data=aa910b000f00465a667332000b9ed1a0
WFI t=45353 a=-1464,736,3913 g=-28,13,-18
WFR t=45363 src=mcu type=0x01 len=16 data=aa92000000000000000000000000fbba
WFR t=45383 src=mcu type=0x01 len=16 data=aa93d804480804242c01c003214fe1ad
WFI t=45403 a=-1497,633,3867 g=-29,14,-23
WFR t=45403 src=mcu type=0x01 len=16 data=aa94f0f465fffffff8080e00412af601
WFR t=45443 src=mcu type=0x01 len=16 data=aa950118000000000000feff00007246
WFI t=45453 a=-1589,511,3904 g=-26,8,-19
WFR t=45463 src=mcu type=0x01 len=16 data=aa961f042e000000000000000000557a
WFI t=45503 a=-1495,614,3898 g=-19,7,-15
WFR t=45503 src=mcu type=0x01 len=16 data=aa97233f56190000000000000000f9de
WFR t=45523 src=mcu type=0x01 len=16 data=aa9807010400000056117eea00009abb
WFT t=45542 batt_mv=3920 rssi_mcu=-50 rssi_bms=-64 mcu=1620 bms=33 dropped=0
WFR t=45543 src=mcu type=0x01 len=16 data=aa991d00ab04a08c64502748395e1e28
WFI t=45553 a=-1513,592,3884 g=-19,5,-14
WFR t=45583 src=mcu type=0x01 len=16 data=aa9a646464625f5d5b5955010101d546
WFI t=45603 a=-1578,579,3874 g=-13,3,-9
WFR t=45603 src=mcu type=0x01 len=16 data=aa9b0101010100000000fbfbecd30e91
WFR t=45643 src=mcu type=0x01 len=16 data=aa9c0118000000000000feff00006f8f
WFI t=45653 a=-1563,560,3866 g=-5,1,-8
WFR t=45663 src=mcu type=0x01 len=16 data=aa9d1f042e0000000000000000004ff1
WFR t=45683 src=mcu type=0x01 len=16 data=aa9e233f56190000000000000000e417
WFI t=45703 a=-1574,568,3903 g=1,-4,-4
WFR t=45723 src=mcu type=0x01 len=16 data=aa9fb5a1b0bfd800000000000000dfe1
WFR t=45743 src=mcu type=0x01 len=16 data=aaa000000000020c000035006a00d1bd
WFI t=45789 a=-1590,534,3879 g=12,-15,2
WFR t=45790 src=mcu type=0x01 len=16 data=aaa188044a5357583036323430360894
WFI t=45875 a=-1547,609,3892 g=17,-19,6
WFI t=45885 a=-1492,671,3890 g=20,-19,7
WFR t=45887 src=mcu type=0x01 len=16 data=aaa231344e4242463930333500005e71
WFR t=45887 src=mcu type=0x01 len=16 data=aaa30118000000000000feff00003a70
WFR t=45887 src=mcu type=0x01 len=16 data=aaa41f042e00000000000000000013c8
WFR t=45887 src=mcu type=0x01 len=16 data=aaa5233f56190000000000000000bf6c
WFI t=45903 a=-1480,675,3887 g=17,-13,6
WFR t=45923 src=mcu type=0x01 len=16 data=aaa6000000000000000000000000b4ce
WFR t=45943 src=mcu type=0x01 len=16 data=aaa7000000000000000000000000b64f
WFI t=45953 a=-1492,665,3878 g=19,-8,3
WFR t=45983 src=mcu type=0x01 len=16 data=aaa801801b000000400052a8194013c9
WFI t=46003 a=-1470,710,3858 g=13,-1,0
WFR t=46003 src=mcu type=0x01 len=16 data=aaa9028288135c4488132400ec02f999
WFR t=46023 src=mcu type=0x01 len=16 data=aaaa0118000000000000feff000027b9
WFI t=46053 a=-1482,733,3896 g=12,1,-3
WFR t=46063 src=mcu type=0x01 len=16 data=aaab1f042e00000000000000000007c7
WFR t=46083 src=mcu type=0x01 len=16 data=aaac233e57190000000000000000f79c
WFR t=46129 src=mcu type=0x01 len=16 data=aaad0048005f00021000000100801d27
WFI t=46191 a=-1565,655,3912 g=-7,-3,-6
WFR t=46191 src=mcu type=0x01 len=16 data=aaae55f04b0b18000000803a40005cef
WFR t=46191 src=mcu type=0x01 len=16 data=aaaf08610005460c2d78a00f0900774b
WFR t=46192 src=bms type=0x02 len=129 data=d2037c0eb40eb30eb40eb40eb40eb40eb50eb50eb30eb40eb40eb50eb90eb80eb90eb80eb90eba0eba0eba0eba0ebb0ebb0ebb0eb90eba0eba0eba0000000000000000003b0000000000000000000000000000041e752f029b0ebb0eb3003b003b0000014d001c0001001c0000000100010eb70008000a0000000000000000685b
WFI t=46193 a=-1548,618,3838 g=-8,-5,-6
WFI t=46203 a=-1544,616,3842 g=-5,-4,-6
WFR t=46204 src=mcu type=0x01 len=16 data=aab03118000000000000fdfffeff4107
WFR t=46223 src=mcu type=0x01 len=16 data=aab11f042e000000000000000000215d
WFI t=46253 a=-1561,623,3893 g=0,-7,-4
WFR t=46263 src=mcu type=0x01 len=16 data=aab2233e57190000000000000000df82
WFR t=46283 src=mcu type=0x01 len=16 data=aab3014a020500300004880018007178
WFI t=46303 a=-1539,619,3871 g=2,-10,-1
WFR t=46303 src=mcu type=0x01 len=16 data=aab40000750c800c710c3f060000f8b2
WFR t=46343 src=mcu type=0x01 len=16 data=aab51900e84e7918060eb50ac600c927
WFI t=46353 a=-1553,635,3889 g=8,-14,1
WFR t=46363 src=mcu type=0x01 len=16 data=aab6070806080000cb020122f13f1fe7
WFI t=46403 a=-1592,606,3877 g=18,-17,3
WFR t=46404 src=mcu type=0x01 len=16 data=aa803118000000000000feffffff0123
WFR t=46423 src=mcu type=0x01 len=16 data=aa811f042e00000000000000000060ad
WFI t=46453 a=-1559,638,3864 g=17,-23,7
WFR t=46463 src=mcu type=0x01 len=16 data=aa82233e571900000000000000009e72
WFR t=46483 src=mcu type=0x01 len=16 data=aa83000100011101b70111019f00058c
WFI t=46503 a=-1526,646,3878 g=23,-25,8
WFR t=46503 src=mcu type=0x01 len=16 data=aa840000090a10560001310051c45a55
WFR t=46543 src=mcu type=0x01 len=16 data=aa8513088003e204080b1000507864d4
WFI t=46553 a=-1527,669,3876 g=23,-24,9
WFR t=46563 src=mcu type=0x01 len=16 data=aa868403f4010400a00f8813c003f9eb
WFI t=46603 a=-1493,697,3883 g=19,-23,9
WFR t=46603 src=mcu type=0x01 len=16 data=aa870118000000000000feffffff4a24
WFR t=46624 src=mcu type=0x01 len=16 data=aa881f042e0000000000000000007d64
WFR t=46643 src=mcu type=0x01 len=16 data=aa89233e5719000000000000000084f9
WFI t=46653 a=-1507,697,3875 g=28,-33,8
WFR t=46683 src=mcu type=0x01 len=16 data=aa8a480c1c0207284901230020001521
WFI t=46703 a=-1465,718,3876 g=16,-27,4
WFR t=46703 src=mcu type=0x01 len=16 data=aa8b40005c03474c775419031a0e80f3
WFR t=46743 src=mcu type=0x01 len=16 data=aa8c2225bf0420034006b80b3e02672c
WFI t=46753 a=-1472,697,3872 g=14,-18,5
WFR t=46763 src=mcu type=0x01 len=16 data=aa8d800c800000006c07102780008244
WFR t=46783 src=mcu type=0x01 len=16 data=aa8e0118000000000000feffffff57ed
WFI t=46803 a=-1499,695,3894 g=14,-15,3
WFR t=46823 src=mcu type=0x01 len=16 data=aa8f1f042e0000000000000000007623
WFR t=46843 src=mcu type=0x01 len=16 data=aa90233e57190000000000000000a7a0
WFI t=46853 a=-1474,715,3871 g=19,-16,4
WFR t=46883 src=mcu type=0x01 len=16 data=aa910b000f00465a667332000b9ed1a0
WFI t=46903 a=-1511,735,3864 g=40,-25,1
WFR t=46903 src=mcu type=0x01 len=16 data=aa92000000000000000000000000fbba
WFR t=46923 src=mcu type=0x01 len=16 data=aa93d804480804242c01c003214fe1ad
WFI t=46953 a=-1485,722,3886 g=20,-16,0
WFR t=46963 src=mcu type=0x01 len=16 data=aa94f0f465fffffff8080e00412af601
WFR t=46984 src=mcu type=0x01 len=16 data=aa950118000000000000feffffff73f6
WFI t=47003 a=-1485,742,3902 g=2,-7,-3
WFR t=47023 src=mcu type=0x01 len=16 data=aa961f042e000000000000000000557a
WFR t=47044 src=mcu type=0x01 len=16 data=aa97233e57190000000000000000ace7
WFI t=47053 a=-1585,599,4148 g=4,-30,-9
WFE t=47081 stop: user
CAPDUMP_END records=0
wf>  