
wf>  
=== $ capdump 1
capdump 1
CAPHDR seq=1 version=1 unix_start=1788621164 boot_ms=249019 mcu=c0:06:7d:a2:00:69 bms=40:18:03:01:20:e9 note=wildfire idf v6.1
WFR t=2 src=mcu type=0x01 len=16 data=aa9fb5a1b0bfd800000000000000dfe1
WFR t=2 src=mcu type=0x01 len=16 data=aaa000000000020c000035006a00d1bd
WFR t=2 src=mcu type=0x01 len=16 data=aaa188044a5357583036323430360894
WFE t=3 capture start seq=1 file=cap0001.wfl unix=1788621164 batt=4224 mv
WFI t=4 a=-1638,-2360,407 g=297,406,2523
WFE t=16 tune poll_ms=1000 poll_regs=0 stale_ms=10000 miss_probe=3 probe=1 mcu_off=0
WFE t=17 mcu connected addr=c0:06:7d:a2:00:69
WFR t=20 src=mcu type=0x01 len=16 data=aaa231344e4242463930333500005e71
WFR t=20 src=mcu type=0x01 len=16 data=aaa301180080000000000000feff5a4e
WFE t=29 bms connected addr=40:18:03:01:20:e9
WFT t=35 batt_mv=4218 rssi_mcu=-69 rssi_bms=-81 mcu=5 bms=0 dropped=0
WFE t=36 mcu mtu event mtu=247
WFR t=40 src=mcu type=0x01 len=16 data=aaa42e042f000000000000000000ff8e
WFE t=49 mcu conn update status=0 itvl=16 latency=0 timeout=100
WFE t=50 bms mtu event mtu=512
WFI t=54 a=-2918,-2532,1990 g=1420,-578,2361
WFR t=59 src=mcu type=0x01 len=16 data=aaa5232c00000000000000000000a026
WFE t=62 bms conn update status=0 itvl=12 latency=0 timeout=400
WFR t=99 src=mcu type=0x01 len=16 data=aaa6000000000000000000000000b4ce
WFI t=104 a=-2402,-1775,504 g=-78,61,1702
WFR t=119 src=mcu type=0x01 len=16 data=aaa7000000000000000000000000b64f
WFR t=139 src=mcu type=0x01 len=16 data=aaa801801b000000400052a8194013c9
WFI t=154 a=-4391,-2476,3636 g=1749,-2110,2703
WFR t=179 src=mcu type=0x01 len=16 data=aaa9028288135c4488132400ec02f999
WFR t=200 src=mcu type=0x01 len=16 data=aaaa01180080000000000000ffff4617
WFI t=204 a=-997,-339,102 g=3415,-484,2311
WFR t=240 src=mcu type=0x01 len=16 data=aaab2e042f000000000000000000eb81
WFI t=254 a=-4891,-864,1079 g=793,-1159,2400
WFR t=259 src=mcu type=0x01 len=16 data=aaac232c00000000000000000000bdef
WFR t=279 src=mcu type=0x01 len=16 data=aaad0048005f00021000000100801d27
WFR t=295 src=bms type=0x02 len=205 data=d203fa0eee0eed0eee0eee0eee0eed0eee0eee0eed0eed0eee0eee0ef20ef10ef20ef10ef20ef20ef30ef30ef30ef30ef40ef30ef20ef30ef30ef30000000000000000003d0000000000000000000000000000042e752f02af0ef40eed003d003d00000157001c0001001d0000000100010ef00007000a00000000000000000000000075300000ffff000000000000000000000000000000000000000000000000000000000000000000000000000000003230374a4331343031303031303300000000000000000000ffffffff
WFI t=304 a=-2797,594,2556 g=247,73,2235
WFR t=319 src=mcu type=0x01 len=16 data=aaae55f04b0b18000000803a40005cef
WFR t=339 src=mcu type=0x01 len=16 data=aaaf08610005460c2f78a00f090076a9
WFI t=354 a=-4092,380,1524 g=958,-361,1531
WFR t=369 src=bms type=0x02 len=50 data=ffffffffffffffffffffffffffffffffffffffffffffffffffffffffffffffffffffffffffffffffffffffffffffffff33ae
WFR t=380 src=mcu type=0x01 len=16 data=aab001180080000000000000ffff608d
WFR t=399 src=mcu type=0x01 len=16 data=aab12e042f000000000000000000cd1b
WFI t=404 a=-2469,1659,2395 g=-84,707,2655
WFR t=439 src=mcu type=0x01 len=16 data=aab2232c0000000000000000000095f1
WFI t=454 a=-2306,1257,1179 g=297,1169,588
WFR t=460 src=mcu type=0x01 len=16 data=aab3014a02050030000488001b007188
WFR t=499 src=mcu type=0x01 len=16 data=aab400009f0ca90c9a0c540600001589
WFI t=504 a=-5456,649,6010 g=-1758,-617,213
WFR t=519 src=mcu type=0x01 len=16 data=aab51c00e8517918060edb0ab0007393
WFR t=539 src=mcu type=0x01 len=16 data=aab6050804080080cb020122f13fc622
WFI t=554 a=-4717,1014,1729 g=654,1294,1598
WFR t=580 src=mcu type=0x01 len=16 data=aa8001180080000000000000ffff217d
WFR t=599 src=mcu type=0x01 len=16 data=aa812e042f0000000000000000008ceb
WFI t=604 a=-1279,2200,952 g=-4234,-1917,2448
WFR t=619 src=mcu type=0x01 len=16 data=aa82232c00000000000000000000d401
WFI t=654 a=-3051,1358,3291 g=-1317,-651,-44
WFR t=659 src=mcu type=0x01 len=16 data=aa83000100011101b70111019f00058c
WFR t=679 src=mcu type=0x01 len=16 data=aa840000090a10560001310051c45a55
WFI t=704 a=-3185,2020,1324 g=-1235,515,886
WFR t=719 src=mcu type=0x01 len=16 data=aa8513088003e204080b1000507864d4
WFR t=739 src=mcu type=0x01 len=16 data=aa868403f4010400a00f8813c003f9eb
WFI t=754 a=-2906,1371,2812 g=-999,208,1002
WFR t=760 src=mcu type=0x01 len=16 data=aa8701180080000000000000feff2baa
WFR t=799 src=mcu type=0x01 len=16 data=aa882e042f0000000000000000009122
WFI t=804 a=-2172,1940,1912 g=-433,1304,1128
WFR t=819 src=mcu type=0x01 len=16 data=aa89232c00000000000000000000ce8a
WFI t=854 a=-2871,1492,1701 g=-472,158,605
WFR t=859 src=mcu type=0x01 len=16 data=aa8a480c1c0207284901230020001521
WFR t=880 src=mcu type=0x01 len=16 data=aa8b40005c03474c775419031a0e80f3
WFR t=899 src=mcu type=0x01 len=16 data=aa8c2225bf0420034006b80b3e02672c
WFI t=904 a=-3231,1922,1865 g=-809,2172,503
WFR t=939 src=mcu type=0x01 len=16 data=aa8d800c800000006c07102780008244
WFI t=954 a=-3012,1537,2372 g=-752,-336,507
WFR t=960 src=mcu type=0x01 len=16 data=aa8e01180080000000000000feff3663
WFR t=1000 src=mcu type=0x01 len=16 data=aa8f2e042f0000000000000000009a65
WFI t=1004 a=-2372,2015,2343 g=-695,1136,1175
WFR t=1019 src=mcu type=0x01 len=16 data=aa90232c00000000000000000000edd3
WFI t=1054 a=-3095,1904,2732 g=-313,757,729
WFR t=1059 src=mcu type=0x01 len=16 data=aa910b000f00465a667332000b9ed1a0
WFR t=1079 src=mcu type=0x01 len=16 data=aa92000000000000000000000000fbba
WFR t=1099 src=mcu type=0x01 len=16 data=aa93d804480804242c01c003214fe1ad
WFI t=1104 a=-3262,1999,2275 g=121,1611,1762
WFR t=1139 src=mcu type=0x01 len=16 data=aa94f0f465fffffff8080d00412af645
WFI t=1154 a=-3148,2395,2297 g=2265,-824,348
WFR t=1160 src=mcu type=0x01 len=16 data=aa9501180080000000000000feff1278
WFR t=1199 src=mcu type=0x01 len=16 data=aa962e042f000000000000000000b93c
WFI t=1204 a=-2929,2220,-316 g=2077,1745,1568
WFR t=1219 src=mcu type=0x01 len=16 data=aa97232c00000000000000000000e694
WFR t=1239 src=mcu type=0x01 len=16 data=aa9807010200000056117eea00007aa4
WFI t=1254 a=-2264,2926,545 g=-647,-1075,-151
WFR t=1279 src=mcu type=0x01 len=16 data=aa991d00ab04a08c64502748395e1e28
WFR t=1300 src=mcu type=0x01 len=16 data=aa9a646464625f5d5b5955010101d546
WFI t=1304 a=-3819,2211,1630 g=-857,-998,50
WFR t=1315 src=bms type=0x02 len=205 data=d203fa0eee0eed0eee0eee0eee0eed0eee0eee0eec0eed0eee0eef0ef20ef20ef20ef10ef20ef30ef30ef30ef30ef30ef30ef30ef20ef30ef30ef30000000000000000003d0000000000000000000000000000042e752f02af0ef30eec003d003d00000157001c0001001d0000000100010ef00007000a00000000000000000000000075300000ffff000000000000000000000000000000000000000000000000000000000000000000000000000000003230374a4331343031303031303300000000000000000000ffffffff
WFR t=1339 src=mcu type=0x01 len=16 data=aa9b0101010100000000fbfbecd30e91
WFI t=1354 a=-2039,3159,1465 g=302,189,373
WFR t=1360 src=mcu type=0x01 len=16 data=aa9c01180080000000000000ffff0e21
WFR t=1379 src=mcu type=0x01 len=16 data=aa9d2e042f000000000000000000a3b7
WFR t=1389 src=bms type=0x02 len=50 data=ffffffffffffffffffffffffffffffffffffffffffffffffffffffffffffffffffffffffffffffffffffffffffffffff3b00
WFI t=1404 a=-2810,2721,1459 g=451,-833,-1000
WFR t=1419 src=mcu type=0x01 len=16 data=aa9e232c00000000000000000000fb5d
WFR t=1439 src=mcu type=0x01 len=16 data=aa9fb5a1b0bfd800000000000000dfe1
WFI t=1454 a=-3436,2686,1038 g=566,1685,892
WFR t=1479 src=mcu type=0x01 len=16 data=aaa000000000020c000035006a00d1bd
WFR t=1500 src=mcu type=0x01 len=16 data=aaa188044a5357583036323430360894
WFI t=1504 a=-1878,2845,894 g=1164,1038,303
WFR t=1540 src=mcu type=0x01 len=16 data=aaa231344e4242463930333500005e71
WFI t=1554 a=-2814,2981,290 g=-717,-1023,372
WFR t=1560 src=mcu type=0x01 len=16 data=aaa301180080000000000000ffff5bde
WFR t=1579 src=mcu type=0x01 len=16 data=aaa42e042f000000000000000000ff8e
WFI t=1604 a=-2057,3034,2468 g=-815,239,105
WFR t=1619 src=mcu type=0x01 len=16 data=aaa5232c00000000000000000000a026
WFR t=1639 src=mcu type=0x01 len=16 data=aaa6000000000000000000000000b4ce
WFI t=1654 a=-2334,2517,1643 g=1506,262,-686
WFR t=1679 src=mcu type=0x01 len=16 data=aaa7000000000000000000000000b64f
WFR t=1699 src=mcu type=0x01 len=16 data=aaa801801b000000400052a8194013c9
WFI t=1704 a=-2622,574,1633 g=1916,-707,84
WFR t=1720 src=mcu type=0x01 len=16 data=aaa9028288135c4488132400ec02f999
WFI t=1754 a=-2579,2942,230 g=316,79,276
WFR t=1760 src=mcu type=0x01 len=16 data=aaaa01180080000000000000ffff4617
WFR t=1780 src=mcu type=0x01 len=16 data=aaab2e042f000000000000000000eb81
WFI t=1804 a=-2548,3062,-19 g=-593,725,29
WFR t=1819 src=mcu type=0x01 len=16 data=aaac232c00000000000000000000bdef
WFR t=1839 src=mcu type=0x01 len=16 data=aaad0048005f00021000000100801d27
WFI t=1854 a=-2267,3146,551 g=-643,-488,-1174
WFR t=1859 src=mcu type=0x01 len=16 data=aaae55f04b0b18000000803a40005cef
WFR t=1899 src=mcu type=0x01 len=16 data=aaaf08610005460c2f78a00f090076a9
WFI t=1904 a=-3042,2694,802 g=1,-566,-979
WFR t=1920 src=mcu type=0x01 len=16 data=aab001180080000000000000feff611d
WFR t=1972 src=mcu type=0x01 len=16 data=aab12e042f000000000000000000cd1b
WFI t=2056 a=-3320,2341,655 g=227,-212,-1494
WFR t=2070 src=mcu type=0x01 len=16 data=aab2232c0000000000000000000095f1
WFR t=2070 src=mcu type=0x01 len=16 data=aab3014a02050030000488001b007188
WFR t=2070 src=mcu type=0x01 len=16 data=aab400009f0ca90c9a0c540600001589
WFR t=2070 src=mcu type=0x01 len=16 data=aab51c00e8517918060eb60ab0006f3f
WFI t=2072 a=-3007,2454,684 g=130,754,-100
WFI t=2074 a=-3546,2061,229 g=280,426,-350
WFR t=2099 src=mcu type=0x01 len=16 data=aab6050804080080cb020122f13fc622
WFI t=2104 a=-3451,2234,287 g=-156,-384,39
WFR t=2120 src=mcu type=0x01 len=16 data=aa8001180080000000000000ffff217d
WFI t=2154 a=-3210,2441,786 g=73,125,80
WFR t=2160 src=mcu type=0x01 len=16 data=aa812e042f0000000000000000008ceb
WFR t=2179 src=mcu type=0x01 len=16 data=aa82232c00000000000000000000d401
WFR t=2199 src=mcu type=0x01 len=16 data=aa83000100011101b70111019f00058c
WFI t=2204 a=-3362,2311,560 g=-247,-282,178
WFR t=2239 src=mcu type=0x01 len=16 data=aa840000090a10560001310051c45a55
WFI t=2254 a=-3279,2392,539 g=79,356,19
WFR t=2260 src=mcu type=0x01 len=16 data=aa8513088003e204080b1000507864d4
WFE t=2274 bms probe start after 3 unanswered, silent 883 ms
WFR t=2299 src=mcu type=0x01 len=16 data=aa868403f4010400a00f8813c003f9eb
WFI t=2304 a=-3228,2220,169 g=-165,-914,-552
WFR t=2320 src=mcu type=0x01 len=16 data=aa8701180080000000000000ffff2a3a
WFR t=2336 src=bms type=0x02 len=205 data=d203fa0eee0eed0eee0eee0eee0eed0eee0eee0eed0eed0eee0eee0ef20ef20ef20ef10ef20ef20ef30ef30ef30ef30ef40ef30ef20ef30ef30ef30000000000000000003d0000000000000000000000000000042e752f02af0ef40eed003d003d00000157001c0001001d0000000100010ef00007000a00000000000000000000000075300000ffff000000000000000000000000000000000000000000000000000000000000000000000000000000003230374a4331343031303031303300000000000000000000ffffffff
WFE t=2337 bms probe write_rsp rc=0
WFR t=2340 src=mcu type=0x01 len=16 data=aa882e042f0000000000000000009122
WFI t=2404 a=-3607,2144,1179 g=-349,-594,-402
WFR t=2405 src=mcu type=0x01 len=16 data=aa89232c00000000000000000000ce8a
WFR t=2405 src=mcu type=0x01 len=16 data=aa8a480c1c0207284901230020001521
WFI t=2406 a=-3172,2312,645 g=294,173,-92
WFE t=2409 bms probe read rc=0 len=0
WFR t=2439 src=mcu type=0x01 len=16 data=aa8b40005c03474c775419031a0e80f3
WFI t=2454 a=-3287,1930,678 g=-50,-849,-367
WFE t=2454 bms probe cccd off rc=0
WFR t=2459 src=mcu type=0x01 len=16 data=aa8c2225bf0420034006b80b3e02672c
WFR t=2479 src=mcu type=0x01 len=16 data=aa8d800c800000006c07102780008244
WFE t=2484 bms probe cccd on rc=0
WFI t=2504 a=-3936,2181,1245 g=-256,-939,-94
WFR t=2520 src=mcu type=0x01 len=16 data=aa8e01180080000000000000ffff37f3
WFR t=2540 src=mcu type=0x01 len=16 data=aa8f2e042f0000000000000000009a65
WFI t=2554 a=-3318,1921,881 g=-40,267,57
WFR t=2575 src=bms type=0x02 len=205 data=ffffffffffffffffffffffffffffffffffffffffffffffffffffffffffffffffffffffffffffffffffffffffffffffff5882d203fa0eee0eed0eee0eee0eee0eed0eee0eee0eed0eed0eee0eee0ef20ef20ef20ef10ef20ef20ef30ef30ef30ef30ef40ef30ef20ef30ef30ef30000000000000000003d0000000000000000000000000000042e752f02af0ef40eed003d003d00000157001c0001001d0000000100010ef00007000a00000000000000000000000075300000ffff000000000000000000000000000000000000
WFR t=2579 src=mcu type=0x01 len=16 data=aa90232c00000000000000000000edd3
WFR t=2599 src=mcu type=0x01 len=16 data=aa910b000f00465a667332000b9ed1a0
WFI t=2604 a=-3258,1496,1216 g=20,-233,-268
WFR t=2620 src=mcu type=0x01 len=16 data=aa92000000000000000000000000fbba
WFI t=2654 a=-2947,1766,768 g=-109,248,-770
WFR t=2659 src=mcu type=0x01 len=16 data=aa93d804480804242c01c003214fe1ad
WFR t=2679 src=mcu type=0x01 len=16 data=aa94f0f465fffffff8080d00412af645
WFR t=2694 src=bms type=0x02 len=100 data=000000000000000000000000000000000000000000003230374a4331343031303031303300000000000000000000ffffffffffffffffffffffffffffffffffffffffffffffffffffffffffffffffffffffffffffffffffffffffffffffffffffffff5882
WFI t=2704 a=-3600,2100,1301 g=-491,-263,-1023
WFR t=2720 src=mcu type=0x01 len=16 data=aa9501180080000000000000ffff13e8
WFR t=2740 src=mcu type=0x01 len=16 data=aa962e042f000000000000000000b93c
WFI t=2754 a=-1653,78,1634 g=-18,-198,-613
WFR t=2780 src=mcu type=0x01 len=16 data=aa97232c00000000000000000000e694
WFR t=2799 src=mcu type=0x01 len=16 data=aa9807010200000056117eea00007aa4
WFI t=2804 a=-4018,1674,1811 g=144,-67,-313
WFR t=2819 src=mcu type=0x01 len=16 data=aa991d00ab04a08c64502748395e1e28
WFI t=2854 a=-3240,812,905 g=1752,2346,158
WFR t=2860 src=mcu type=0x01 len=16 data=aa9a646464625f5d5b5955010101d546
WFR t=2879 src=mcu type=0x01 len=16 data=aa9b0101010100000000fbfbecd30e91
WFI t=2904 a=-3436,1870,778 g=1276,228,-221
WFR t=2920 src=mcu type=0x01 len=16 data=aa9c01180080000000000000ffff0e21
WFR t=2940 src=mcu type=0x01 len=16 data=aa9d2e042f000000000000000000a3b7
WFI t=2954 a=-3437,2110,157 g=1144,-80,-65
WFR t=2960 src=mcu type=0x01 len=16 data=aa9e232c00000000000000000000fb5d
WFR t=2999 src=mcu type=0x01 len=16 data=aa9fb5a1b0bfd800000000000000dfe1
WFI t=3004 a=-3245,2014,358 g=-537,-1030,212
WFR t=3019 src=mcu type=0x01 len=16 data=aaa000000000020c000035006a00d1bd
WFI t=3054 a=-2796,1801,1591 g=290,514,-1620
WFR t=3059 src=mcu type=0x01 len=16 data=aaa188044a5357583036323430360894
WFR t=3079 src=mcu type=0x01 len=16 data=aaa231344e4242463930333500005e71
WFR t=3100 src=mcu type=0x01 len=16 data=aaa301180080000000000000ffff5bde
WFI t=3104 a=-3706,1200,-416 g=2607,4432,-1053
WFR t=3140 src=mcu type=0x01 len=16 data=aaa42e042f000000000000000000ff8e
WFI t=3154 a=-4050,1206,-51 g=-410,318,-213
WFR t=3160 src=mcu type=0x01 len=16 data=aaa5232c00000000000000000000a026
WFR t=3199 src=mcu type=0x01 len=16 data=aaa6000000000000000000000000b4ce
WFI t=3204 a=-3708,1140,-885 g=479,611,-469
WFR t=3220 src=mcu type=0x01 len=16 data=aaa7000000000000000000000000b64f
WFI t=3254 a=-3838,1301,-302 g=-125,235,656
WFR t=3259 src=mcu type=0x01 len=16 data=aaa801801b000000400052a8194013c9
WFR t=3280 src=mcu type=0x01 len=16 data=aaa9028288135c4488132400ec02f999
WFR t=3300 src=mcu type=0x01 len=16 data=aaaa01180080000000000000feff4787
WFI t=3304 a=-3900,1352,-1578 g=927,1138,-928
WFR t=3340 src=mcu type=0x01 len=16 data=aaab2e042f000000000000000000eb81
WFI t=3354 a=-4116,1451,-703 g=-1036,603,93
WFR t=3355 src=bms type=0x02 len=205 data=d203fa0eee0eed0eee0eee0eee0eed0eee0eee0eed0eed0eee0eef0ef20ef20ef20ef10ef20ef20ef30ef30ef30ef30ef30ef40ef20ef30ef30ef30000000000000000003d0000000000000000000000000000042e752f02af0ef40eed003d003d00000157001c0001001d0000000100010ef00007000a00000000000000000000000075300000ffff000000000000000000000000000000000000000000000000000000000000000000000000000000003230374a4331343031303031303300000000000000000000ffffffff
WFR t=3359 src=mcu type=0x01 len=16 data=aaac232c00000000000000000000bdef
WFR t=3400 src=mcu type=0x01 len=16 data=aaad0048005f00021000000100801d27
WFI t=3404 a=-3896,1091,-752 g=-597,-328,-234
WFR t=3419 src=mcu type=0x01 len=16 data=aaae55f04b0b18000000803a40005cef
WFR t=3429 src=bms type=0x02 len=50 data=ffffffffffffffffffffffffffffffffffffffffffffffffffffffffffffffffffffffffffffffffffffffffffffffff071a
WFR t=3439 src=mcu type=0x01 len=16 data=aaaf08610005460c2f78a00f090076a9
WFI t=3454 a=-4278,825,-562 g=-2234,247,-114
WFR t=3480 src=mcu type=0x01 len=16 data=aab001180080000000000000feff611d
WFR t=3500 src=mcu type=0x01 len=16 data=aab12e042f000000000000000000cd1b
WFI t=3504 a=-3032,950,464 g=-1427,-1669,767
WFR t=3540 src=mcu type=0x01 len=16 data=aab2232c0000000000000000000095f1
WFI t=3554 a=-4278,1275,-176 g=-1387,-2647,-309
WFR t=3560 src=mcu type=0x01 len=16 data=aab3014a02050030000488001b007188
WFR t=3580 src=mcu type=0x01 len=16 data=aab400009f0ca90c9a0c540600001589
WFI t=3604 a=-2829,1544,1972 g=-1377,-2106,194
WFR t=3620 src=mcu type=0x01 len=16 data=aab51c00e8517918060eb60ab0006f3f
WFR t=3640 src=mcu type=0x01 len=16 data=aab6050804080080cb020122f13fc622
WFI t=3654 a=-4161,1554,245 g=180,-1162,954
WFR t=3680 src=mcu type=0x01 len=16 data=aa8001180080000000000000ffff217d
WFR t=3700 src=mcu type=0x01 len=16 data=aa812e042f0000000000000000008ceb
WFI t=3704 a=-5684,1937,1930 g=-25,-1016,368
WFR t=3720 src=mcu type=0x01 len=16 data=aa82232c00000000000000000000d401
WFI t=3754 a=-3665,1675,308 g=674,-838,630
WFR t=3760 src=mcu type=0x01 len=16 data=aa83000100011101b70111019f00058c
WFR t=3780 src=mcu type=0x01 len=16 data=aa840000090a10560001310051c45a55
WFI t=3804 a=-3658,1637,2132 g=58,-1231,1157
WFR t=3820 src=mcu type=0x01 len=16 data=aa8513088003e204080b1000507864d4
WFR t=3839 src=mcu type=0x01 len=16 data=aa868403f4010400a00f8813c003f9eb
WFI t=3854 a=-3168,1593,894 g=634,-543,379
WFR t=3880 src=mcu type=0x01 len=16 data=aa8701180080000000000000ffff2a3a
WFR t=3900 src=mcu type=0x01 len=16 data=aa882e042f0000000000000000009122
WFI t=3904 a=-2967,2067,1998 g=307,-48,-927
WFR t=3920 src=mcu type=0x01 len=16 data=aa89232c00000000000000000000ce8a
WFI t=4042 a=-4224,1483,788 g=-323,-1584,-79
WFR t=4103 src=mcu type=0x01 len=16 data=aa8a480c1c0207284901230020001521
WFR t=4104 src=mcu type=0x01 len=16 data=aa8b40005c03474c775419031a0e80f3
WFR t=4104 src=mcu type=0x01 len=16 data=aa8c2225bf0420034006b80b3e02672c
WFR t=4104 src=mcu type=0x01 len=16 data=aa8d800c800000006c07102780008244
WFR t=4104 src=mcu type=0x01 len=16 data=aa8e01180080000000000000ffff37f3
WFR t=4104 src=mcu type=0x01 len=16 data=aa8f2e042f0000000000000000009a65
WFI t=4191 a=-3148,2141,2139 g=-58,-399,1336
WFI t=4206 a=-2546,2374,1845 g=441,261,1605
WFR t=4206 src=mcu type=0x01 len=16 data=aa90232c00000000000000000000edd3
WFR t=4206 src=mcu type=0x01 len=16 data=aa910b000f00465a667332000b9ed1a0
WFR t=4207 src=mcu type=0x01 len=16 data=aa92000000000000000000000000fbba
WFR t=4207 src=mcu type=0x01 len=16 data=aa93d804480804242c01c003214fe1ad
WFI t=4208 a=-2554,2262,1970 g=11,-501,1534
WFI t=4210 a=-2554,2262,1970 g=11,-501,1534
WFI t=4212 a=-2466,2304,2019 g=-61,-383,1613
WFR t=4240 src=mcu type=0x01 len=16 data=aa94f0f465fffffff8080d00412af645
WFI t=4254 a=-533,1793,2290 g=-202,1641,2000
WFR t=4260 src=mcu type=0x01 len=16 data=aa9501180080000000000000feff1278
WFR t=4300 src=mcu type=0x01 len=16 data=aa962e042f000000000000000000b93c
WFI t=4304 a=-2755,2557,1917 g=-325,134,-188
WFR t=4320 src=mcu type=0x01 len=16 data=aa97232c00000000000000000000e694
WFI t=4354 a=-509,3108,2832 g=249,1806,716
WFR t=4360 src=mcu type=0x01 len=16 data=aa9807010200000056117eea00007aa4
WFR t=4375 src=bms type=0x02 len=205 data=d203fa0eee0eed0eee0eee0eee0eed0eee0eee0eed0eee0eee0eef0ef20ef10ef20ef10ef20ef20ef30ef30ef20ef30ef40ef40ef20ef30ef30ef30000000000000000003d0000000000000000000000000000042e752f02af0ef40eed003d003d00000157001c0001001d0000000100010ef00007000a00000000000000000000000075300000ffff000000000000000000000000000000000000000000000000000000000000000000000000000000003230374a4331343031303031303300000000000000000000ffffffff
WFR t=4379 src=mcu type=0x01 len=16 data=aa991d00ab04a08c64502748395e1e28
WFR t=4400 src=mcu type=0x01 len=16 data=aa9a646464625f5d5b5955010101d546
WFI t=4404 a=-1840,3512,1703 g=677,-1053,-1126
WFR t=4440 src=mcu type=0x01 len=16 data=aa9b0101010100000000fbfbecd30e91
WFR t=4449 src=bms type=0x02 len=50 data=ffffffffffffffffffffffffffffffffffffffffffffffffffffffffffffffffffffffffffffffffffffffffffffffffce19
WFI t=4454 a=-3307,3953,2707 g=-644,-1507,1223
WFR t=4460 src=mcu type=0x01 len=16 data=aa9c01180080000000000000feff0fb1
WFR t=4500 src=mcu type=0x01 len=16 data=aa9d2e042f000000000000000000a3b7
WFI t=4504 a=-216,2418,2887 g=1137,428,940
WFR t=4520 src=mcu type=0x01 len=16 data=aa9e232c00000000000000000000fb5d
WFR t=4540 src=mcu type=0x01 len=16 data=aa9fb5a1b0bfd800000000000000dfe1
WFI t=4554 a=-2831,2797,1379 g=1289,-802,-2283
WFR t=4580 src=mcu type=0x01 len=16 data=aaa000000000020c000035006a00d1bd
WFR t=4600 src=mcu type=0x01 len=16 data=aaa188044a5357583036323430360894
WFI t=4604 a=-3300,3224,2589 g=192,-1546,-570
WFR t=4640 src=mcu type=0x01 len=16 data=aaa231344e4242463930333500005e71
WFI t=4654 a=-977,2147,925 g=1033,-4401,-363
WFR t=4660 src=mcu type=0x01 len=16 data=aaa301180080000000000000ffff5bde
WFR t=4680 src=mcu type=0x01 len=16 data=aaa42e042f000000000000000000ff8e
WFI t=4704 a=-1212,3210,2445 g=-31,-1678,-551
WFR t=4720 src=mcu type=0x01 len=16 data=aaa5232c00000000000000000000a026
WFR t=4739 src=mcu type=0x01 len=16 data=aaa6000000000000000000000000b4ce
WFI t=4754 a=807,1846,1830 g=724,790,-3749
WFR t=4780 src=mcu type=0x01 len=16 data=aaa7000000000000000000000000b64f
WFR t=4800 src=mcu type=0x01 len=16 data=aaa801801b000000400052a8194013c9
WFI t=4804 a=-4714,1077,3126 g=-163,-1928,-4127
WFR t=4840 src=mcu type=0x01 len=16 data=aaa9028288135c4488132400ec02f999
WFI t=4854 a=357,2723,1500 g=2005,2896,-1739
WFR t=4860 src=mcu type=0x01 len=16 data=aaaa01180080000000000000ffff4617
WFR t=4880 src=mcu type=0x01 len=16 data=aaab2e042f000000000000000000eb81
WFI t=4904 a=-5206,-704,1945 g=-3544,-4704,-6790
WFR t=4920 src=mcu type=0x01 len=16 data=aaac232c00000000000000000000bdef
WFR t=4940 src=mcu type=0x01 len=16 data=aaad0048005f00021000000100801d27
WFI t=4954 a=-3689,1255,1377 g=355,457,-599
WFR t=4980 src=mcu type=0x01 len=16 data=aaae55f04b0b18000000803a40005cef
WFR t=5000 src=mcu type=0x01 len=16 data=aaaf08610005460c2f78a00f090076a9
WFI t=5004 a=-3479,-167,668 g=-2937,-792,-4691
WFR t=5020 src=mcu type=0x01 len=16 data=aab001180080000000000000ffff608d
WFI t=5054 a=-3551,-1327,5099 g=-473,1489,-1449
WFR t=5060 src=mcu type=0x01 len=16 data=aab12e042f000000000000000000cd1b
WFR t=5080 src=mcu type=0x01 len=16 data=aab2232c0000000000000000000095f1
WFI t=5104 a=-2741,-1724,-329 g=2778,-1104,-2733
WFR t=5120 src=mcu type=0x01 len=16 data=aab3014a02050030000488001b007188
WFE t=5121 bms answered none of 5 wide reads, asking for 62 registers
WFT t=5173 batt_mv=4214 rssi_mcu=-65 rssi_bms=-74 mcu=186 bms=11 dropped=0
WFI t=5174 a=-6819,-3435,1688 g=-4605,1596,-6035
WFR t=5180 src=mcu type=0x01 len=16 data=aab400009f0ca90c9a0c540600001589
WFR t=5180 src=mcu type=0x01 len=16 data=aab51c00e8517918060ebe0ab0006d5f
WFR t=5200 src=mcu type=0x01 len=16 data=aab6050804080080cb020122f13fc622
WFI t=5204 a=-5744,-2631,5076 g=-1032,-1922,-1467
WFR t=5220 src=mcu type=0x01 len=16 data=aa8001180080000000000000ffff217d
WFI t=5254 a=-3107,-2094,1246 g=2278,298,2739
WFR t=5260 src=mcu type=0x01 len=16 data=aa812e042f0000000000000000008ceb
WFR t=5280 src=mcu type=0x01 len=16 data=aa82232c00000000000000000000d401
WFR t=5300 src=mcu type=0x01 len=16 data=aa83000100011101b70111019f00058c
WFI t=5304 a=-1390,-1525,357 g=-2231,908,344
WFR t=5340 src=mcu type=0x01 len=16 data=aa840000090a10560001310051c45a55
WFI t=5354 a=-1553,-3509,4956 g=-2379,-1231,-2401
WFR t=5360 src=mcu type=0x01 len=16 data=aa8513088003e204080b1000507864d4
WFR t=5395 src=bms type=0x02 len=129 data=d2037c0eee0eed0eee0eee0eee0eed0eee0eee0eec0eed0eee0eee0ef20ef10ef20ef10ef20ef20ef30ef30ef20ef30ef30ef30ef10ef30ef30ef30000000000000000003d0000000000000000000000000000042e752f02af0ef30eec003d003d00000157001c0001001d0000000100010ef00007000a0000000000000000d43c
WFR t=5399 src=mcu type=0x01 len=16 data=aa868403f4010400a00f8813c003f9eb
WFI t=5404 a=-3228,-2732,1408 g=2478,1063,-1489
WFR t=5420 src=mcu type=0x01 len=16 data=aa8701180080000000000000feff2baa
WFI t=5454 a=-2028,-1746,2095 g=31,-153,-812
WFR t=5460 src=mcu type=0x01 len=16 data=aa882e042f0000000000000000009122
WFR t=5480 src=mcu type=0x01 len=16 data=aa89232c00000000000000000000ce8a
WFR t=5500 src=mcu type=0x01 len=16 data=aa8a480c1c0207284901230020001521
WFI t=5504 a=-886,-2427,2645 g=457,5400,-4259
WFR t=5540 src=mcu type=0x01 len=16 data=aa8b40005c03474c775419031a0e80f3
WFI t=5554 a=-1588,-4851,2710 g=1239,237,-5525
WFR t=5560 src=mcu type=0x01 len=16 data=aa8c2225bf0420034006b80b3e02672c
WFE t=5574 bms answered 2911 ms after probe
WFR t=5600 src=mcu type=0x01 len=16 data=aa8d800c800000006c07102780008244
WFI t=5604 a=-1494,-3685,2826 g=2869,-1513,-4135
WFR t=5620 src=mcu type=0x01 len=16 data=aa8e01180080000000000000feff3663
WFR t=5640 src=mcu type=0x01 len=16 data=aa8f2e042f0000000000000000009a65
WFI t=5654 a=-783,-5069,2313 g=2214,-161,-3959
WFR t=5680 src=mcu type=0x01 len=16 data=aa90232c00000000000000000000edd3
WFR t=5700 src=mcu type=0x01 len=16 data=aa910b000f00465a667332000b9ed1a0
WFI t=5704 a=-489,-2957,3217 g=-1192,200,2744
WFR t=5740 src=mcu type=0x01 len=16 data=aa92000000000000000000000000fbba
WFI t=5754 a=708,-3200,2506 g=-838,419,2476
WFR t=5760 src=mcu type=0x01 len=16 data=aa93d804480804242c01c003214fe1ad
WFR t=5780 src=mcu type=0x01 len=16 data=aa94f0f465fffffff8080d00412af645
WFI t=5804 a=710,-3555,2955 g=-800,798,501
WFR t=5820 src=mcu type=0x01 len=16 data=aa9501180080000000000000ffff13e8
WFR t=5840 src=mcu type=0x01 len=16 data=aa962e042f000000000000000000b93c
WFI t=5854 a=-971,-3363,2459 g=-492,641,-555
WFR t=5900 src=mcu type=0x01 len=16 data=aa97232c00000000000000000000e694
WFR t=5900 src=mcu type=0x01 len=16 data=aa9807010200000056117eea00007aa4
WFI t=5904 a=-13,-3433,2269 g=-607,2126,-309
WFR t=5920 src=mcu type=0x01 len=16 data=aa991d00ab04a08c64502748395e1e28
WFI t=5989 a=-1025,-3887,2271 g=-754,968,-481
WFR t=6003 src=mcu type=0x01 len=16 data=aa9a646464625f5d5b5955010101d546
WFR t=6003 src=mcu type=0x01 len=16 data=aa9b0101010100000000fbfbecd30e91
WFI t=6006 a=-724,-3476,2201 g=-89,1459,-582
WFR t=6022 src=mcu type=0x01 len=16 data=aa9c01180080000000000000ffff0e21
WFR t=6195 src=mcu type=0x01 len=16 data=aa9d2e042f000000000000000000a3b7
WFR t=6195 src=mcu type=0x01 len=16 data=aa9e232c00000000000000000000fb5d
WFR t=6195 src=mcu type=0x01 len=16 data=aa9fb5a1b0bfd800000000000000dfe1
WFR t=6195 src=mcu type=0x01 len=16 data=aaa000000000020c000035006a00d1bd
WFR t=6196 src=mcu type=0x01 len=16 data=aaa188044a5357583036323430360894
WFR t=6196 src=mcu type=0x01 len=16 data=aaa231344e4242463930333500005e71
WFI t=6196 a=-1310,-3607,2097 g=-472,-48,-465
WFI t=6280 a=-74,-3337,1101 g=-1217,-547,499
WFR t=6296 src=mcu type=0x01 len=16 data=aaa301180080000000000000feff5a4e
WFI t=6296 a=-559,-3113,1016 g=-1660,1211,1413
WFR t=6296 src=mcu type=0x01 len=16 data=aaa42e042f000000000000000000ff8e
WFR t=6296 src=mcu type=0x01 len=16 data=aaa5232c00000000000000000000a026
WFI t=6298 a=-528,-3408,794 g=-1587,1104,1359
WFI t=6300 a=-3089,-4064,1337 g=-2043,948,1081
WFR t=6300 src=mcu type=0x01 len=16 data=aaa6000000000000000000000000b4ce
WFI t=6304 a=-2283,-5104,534 g=-2222,474,294
WFR t=6320 src=mcu type=0x01 len=16 data=aaa7000000000000000000000000b64f
WFI t=6354 a=-2202,-4080,1305 g=-1580,4493,1667
WFR t=6360 src=mcu type=0x01 len=16 data=aaa801801b000000400052a8194013c9
WFR t=6380 src=mcu type=0x01 len=16 data=aaa9028288135c4488132400ec02f999
WFR t=6400 src=mcu type=0x01 len=16 data=aaaa01180080000000000000ffff4617
WFI t=6404 a=-1788,-4003,1554 g=249,-1470,-201
WFR t=6430 src=bms type=0x02 len=129 data=d2037c0eee0eed0eee0eee0eee0eed0eee0eee0eed0eee0eee0eee0ef20ef20ef20ef00ef20ef20ef30ef30ef30ef30ef40ef30ef20ef30ef30ef30000000000000000003d0000000000000000000000000000042e752f02af0ef40eed003d003d00000157001c0001001d0000000100010ef00007000a00000000000000006775
WFR t=6440 src=mcu type=0x01 len=16 data=aaab2e042f000000000000000000eb81
WFI t=6454 a=-2453,-3958,1743 g=865,-886,1295
WFR t=6480 src=mcu type=0x01 len=16 data=aaac232c00000000000000000000bdef
WFR t=6500 src=mcu type=0x01 len=16 data=aaad0048005f00021000000100801d27
WFI t=6504 a=-2259,-3667,1457 g=1728,-430,1501
WFR t=6520 src=mcu type=0x01 len=16 data=aaae55f04b0b18000000803a40005cef
WFR t=6540 src=mcu type=0x01 len=16 data=aaaf08610005460c2f78a00f090076a9
WFI t=6554 a=-1968,-2912,1769 g=1703,-2061,1985
WFR t=6580 src=mcu type=0x01 len=16 data=aab001180080000000000000feff611d
WFR t=6600 src=mcu type=0x01 len=16 data=aab12e042f000000000000000000cd1b
WFI t=6604 a=-2140,-2835,620 g=474,-572,1071
WFR t=6640 src=mcu type=0x01 len=16 data=aab2232c0000000000000000000095f1
WFI t=6654 a=-1508,-2615,3024 g=-962,-1618,911
WFR t=6660 src=mcu type=0x01 len=16 data=aab3014a02050030000488001b007188
WFR t=6700 src=mcu type=0x01 len=16 data=aab400009f0ca90c9a0c540600001589
WFI t=6704 a=-1187,-2639,780 g=-209,-130,-183
WFR t=6720 src=mcu type=0x01 len=16 data=aab51c00e8517918060ed20ab000700f
WFR t=6740 src=mcu type=0x01 len=16 data=aab6050804080080cb020122f13fc622
WFI t=6754 a=-2208,-3723,2150 g=-3955,-1726,18
WFR t=6780 src=mcu type=0x01 len=16 data=aa8001180080000000000000ffff217d
WFR t=6800 src=mcu type=0x01 len=16 data=aa812e042f0000000000000000008ceb
WFI t=6804 a=-1361,-2722,2769 g=-874,-1702,-72
WFR t=6840 src=mcu type=0x01 len=16 data=aa82232c00000000000000000000d401
WFI t=6854 a=-2728,-4332,946 g=-1974,-1322,65
WFR t=6860 src=mcu type=0x01 len=16 data=aa83000100011101b70111019f00058c
WFR t=6880 src=mcu type=0x01 len=16 data=aa840000090a10560001310051c45a55
WFI t=6904 a=-1358,-3735,2111 g=-197,-394,606
WFR t=6920 src=mcu type=0x01 len=16 data=aa8513088003e204080b1000507864d4
WFR t=6940 src=mcu type=0x01 len=16 data=aa868403f4010400a00f8813c003f9eb
WFI t=6954 a=-1600,-4136,892 g=-841,-188,-777
WFR t=6980 src=mcu type=0x01 len=16 data=aa8701180080000000000000feff2baa
WFR t=7000 src=mcu type=0x01 len=16 data=aa882e042f0000000000000000009122
WFI t=7004 a=-1228,-3165,1448 g=-76,1142,-59
WFR t=7020 src=mcu type=0x01 len=16 data=aa89232c00000000000000000000ce8a
WFI t=7054 a=-477,-3489,313 g=-524,904,-1355
WFR t=7060 src=mcu type=0x01 len=16 data=aa8a480c1c0207284901230020001521
WFR t=7080 src=mcu type=0x01 len=16 data=aa8b40005c03474c775419031a0e80f3
WFI t=7104 a=-1453,-3487,1603 g=-1531,-1590,-110
WFR t=7120 src=mcu type=0x01 len=16 data=aa8c2225bf0420034006b80b3e02672c
WFR t=7140 src=mcu type=0x01 len=16 data=aa8d800c800000006c07102780008244
WFI t=7154 a=-1228,-4349,717 g=-478,3423,319
WFR t=7180 src=mcu type=0x01 len=16 data=aa8e01180080000000000000feff3663
WFR t=7200 src=mcu type=0x01 len=16 data=aa8f2e042f0000000000000000009a65
WFI t=7204 a=-2161,-4203,1120 g=-372,459,-430
WFR t=7220 src=mcu type=0x01 len=16 data=aa90232c00000000000000000000edd3
WFI t=7254 a=-1183,-4058,500 g=428,2676,146
WFR t=7260 src=mcu type=0x01 len=16 data=aa910b000f00465a667332000b9ed1a0
WFR t=7280 src=mcu type=0x01 len=16 data=aa92000000000000000000000000fbba
WFI t=7304 a=-1226,-3422,-178 g=174,1001,-50
WFR t=7320 src=mcu type=0x01 len=16 data=aa93d804480804242c01c003214fe1ad
WFR t=7340 src=mcu type=0x01 len=16 data=aa94f0f465fffffff8080d00412af645
WFI t=7354 a=-2209,-4228,343 g=-217,924,-1178
WFR t=7360 src=mcu type=0x01 len=16 data=aa9501180080000000000000ffff13e8
WFR t=7400 src=mcu type=0x01 len=16 data=aa962e042f000000000000000000b93c
WFI t=7404 a=-1926,-3724,18 g=-7,45,-277
WFR t=7420 src=mcu type=0x01 len=16 data=aa97232c00000000000000000000e694
WFR t=7435 src=bms type=0x02 len=129 data=d2037c0eee0eed0eee0eee0eee0eed0eee0eee0eed0eee0eee0eef0ef20ef20ef20ef10ef20ef20ef30ef30ef30ef30ef30ef30ef20ef30ef30ef30000000000000000003d0000000000000000000000000000042e752f02af0ef30eed003d003d00000157001c0001001d0000000100010ef00006000a000000000000000007a6
WFI t=7454 a=-1361,-4086,265 g=-47,-304,58
WFR t=7460 src=mcu type=0x01 len=16 data=aa9807010200000056117eea00007aa4
WFR t=7480 src=mcu type=0x01 len=16 data=aa991d00ab04a08c64502748395e1e28
WFR t=7500 src=mcu type=0x01 len=16 data=aa9a646464625f5d5b5955010101d546
WFI t=7504 a=-1523,-3846,121 g=-37,-403,154
WFR t=7540 src=mcu type=0x01 len=16 data=aa9b0101010100000000fbfbecd30e91
WFI t=7554 a=-1498,-3993,336 g=-13,-258,247
WFR t=7560 src=mcu type=0x01 len=16 data=aa9c01180080000000000000ffff0e21
WFR t=7600 src=mcu type=0x01 len=16 data=aa9d2e042f000000000000000000a3b7
WFI t=7604 a=-1239,-3886,204 g=-39,-147,88
WFR t=7620 src=mcu type=0x01 len=16 data=aa9e232c00000000000000000000fb5d
WFR t=7640 src=mcu type=0x01 len=16 data=aa9fb5a1b0bfd800000000000000dfe1
WFI t=7654 a=-1307,-3905,290 g=-5,155,-133
WFR t=7680 src=mcu type=0x01 len=16 data=aaa000000000020c000035006a00d1bd
WFR t=7700 src=mcu type=0x01 len=16 data=aaa188044a5357583036323430360894
WFI t=7704 a=-1671,-3916,256 g=-9,122,-160
WFR t=7740 src=mcu type=0x01 len=16 data=aaa231344e4242463930333500005e71
WFI t=7754 a=-1556,-3889,246 g=-6,-100,62
WFR t=7760 src=mcu type=0x01 len=16 data=aaa301180080000000000000feff5a4e
WFR t=7800 src=mcu type=0x01 len=16 data=aaa42e042f000000000000000000ff8e
WFI t=7804 a=-1333,-3916,237 g=3,1,19
WFR t=7820 src=mcu type=0x01 len=16 data=aaa5232c00000000000000000000a026
WFR t=7840 src=mcu type=0x01 len=16 data=aaa6000000000000000000000000b4ce
WFI t=7854 a=-1546,-3925,266 g=-10,39,-71
WFR t=7880 src=mcu type=0x01 len=16 data=aaa7000000000000000000000000b64f
WFR t=7900 src=mcu type=0x01 len=16 data=aaa801801b000000400052a8194013c9
WFI t=7904 a=-1546,-3906,242 g=-9,-95,72
WFR t=7940 src=mcu type=0x01 len=16 data=aaa9028288135c4488132400ec02f999
WFI t=7988 a=-1331,-3926,222 g=-9,-44,16
WFR t=8084 src=mcu type=0x01 len=16 data=aaaa01180080000000000000ffff4617
WFR t=8085 src=mcu type=0x01 len=16 data=aaab2e042f000000000000000000eb81
WFR t=8085 src=mcu type=0x01 len=16 data=aaac232c00000000000000000000bdef
WFR t=8085 src=mcu type=0x01 len=16 data=aaad0048005f00021000000100801d27
WFR t=8085 src=mcu type=0x01 len=16 data=aaae55f04b0b18000000803a40005cef
WFI t=8086 a=-1493,-3923,250 g=-1,-22,22
WFI t=8087 a=-1484,-3927,262 g=-2,-28,19
WFR t=8100 src=mcu type=0x01 len=16 data=aaaf08610005460c2f78a00f090076a9
WFI t=8104 a=-1457,-3939,269 g=2,-24,31
WFR t=8120 src=mcu type=0x01 len=16 data=aab001180080000000000000feff611d
WFI t=8154 a=-1467,-3927,238 g=-3,-17,11
WFR t=8160 src=mcu type=0x01 len=16 data=aab12e042f000000000000000000cd1b
WFR t=8180 src=mcu type=0x01 len=16 data=aab2232c0000000000000000000095f1
WFI t=8204 a=-1503,-3932,259 g=-4,-43,35
WFR t=8220 src=mcu type=0x01 len=16 data=aab3014a02050030000488001b007188
WFR t=8260 src=mcu type=0x01 len=16 data=aab400009f0ca90c9a0c540600001589
WFI t=8271 a=-1407,-3917,244 g=-6,-2,-12
WFR t=8280 src=mcu type=0x01 len=16 data=aab51c00e8517918060ec10ab000748b
WFR t=8300 src=mcu type=0x01 len=16 data=aab6050804080080cb020122f13fc622
WFI t=8304 a=-1450,-3929,243 g=7,87,-66
WFR t=8320 src=mcu type=0x01 len=16 data=aa8001180080000000000000ffff217d
WFI t=8354 a=-1527,-3915,236 g=6,55,-42
WFR t=8360 src=mcu type=0x01 len=16 data=aa812e042f0000000000000000008ceb
WFR t=8380 src=mcu type=0x01 len=16 data=aa82232c00000000000000000000d401
WFI t=8404 a=-1495,-3913,239 g=-6,-42,35
WFR t=8420 src=mcu type=0x01 len=16 data=aa83000100011101b70111019f00058c
WFR t=8440 src=mcu type=0x01 len=16 data=aa840000090a10560001310051c45a55
WFI t=8454 a=-1437,-3926,223 g=-2,-41,38
WFR t=8460 src=mcu type=0x01 len=16 data=aa8513088003e204080b1000507864d4
WFR t=8470 src=bms type=0x02 len=129 data=d2037c0eee0eed0eee0eee0eee0eed0eee0eee0eed0eed0eee0eef0ef10ef20ef20ef00ef20ef20ef30ef30ef30ef30ef40ef30ef10ef30ef30ef30000000000000000003d0000000000000000000000000000042e752f02af0ef40eed003d003d00000157001c0001001d0000000100010ef00007000a00000000000000006eed
WFR t=8500 src=mcu type=0x01 len=16 data=aa868403f4010400a00f8813c003f9eb
WFI t=8504 a=-1463,-3915,245 g=0,-1,7
WFR t=8520 src=mcu type=0x01 len=16 data=aa8701180080000000000000ffff2a3a
WFI t=8554 a=-1456,-3910,231 g=6,22,-14
WFR t=8560 src=mcu type=0x01 len=16 data=aa882e042f0000000000000000009122
WFR t=8580 src=mcu type=0x01 len=16 data=aa89232c00000000000000000000ce8a
WFR t=8600 src=mcu type=0x01 len=16 data=aa8a480c1c0207284901230020001521
WFI t=8604 a=-1501,-3919,241 g=-3,24,-26
WFR t=8640 src=mcu type=0x01 len=16 data=aa8b40005c03474c775419031a0e80f3
WFI t=8654 a=-1508,-3935,256 g=-7,-34,13
WFR t=8660 src=mcu type=0x01 len=16 data=aa8c2225bf0420034006b80b3e02672c
WFR t=8700 src=mcu type=0x01 len=16 data=aa8d800c800000006c07102780008244
WFI t=8704 a=-1425,-3907,255 g=2,-44,36
WFR t=8720 src=mcu type=0x01 len=16 data=aa8e01180080000000000000ffff37f3
WFR t=8740 src=mcu type=0x01 len=16 data=aa8f2e042f0000000000000000009a65
WFI t=8754 a=-1428,-3923,233 g=1,47,-51
WFR t=8780 src=mcu type=0x01 len=16 data=aa90232c00000000000000000000edd3
WFR t=8800 src=mcu type=0x01 len=16 data=aa910b000f00465a667332000b9ed1a0
WFI t=8804 a=-1544,-3911,219 g=2,67,-57
WFR t=8840 src=mcu type=0x01 len=16 data=aa92000000000000000000000000fbba
WFI t=8854 a=-1530,-3913,233 g=0,-36,41
WFR t=8860 src=mcu type=0x01 len=16 data=aa93d804480804242c01c003214fe1ad
WFR t=8900 src=mcu type=0x01 len=16 data=aa94f0f465fffffff8080d00412af645
WFI t=8904 a=-1423,-3924,268 g=-4,-73,50
WFR t=8920 src=mcu type=0x01 len=16 data=aa9501180080000000000000feff1278
WFR t=8940 src=mcu type=0x01 len=16 data=aa962e042f000000000000000000b93c
WFI t=8954 a=-1449,-3926,271 g=-4,-3,-4
WFR t=8980 src=mcu type=0x01 len=16 data=aa97232c00000000000000000000e694
WFI t=9004 a=-1474,-3924,242 g=-1,30,-31
WFR t=9020 src=mcu type=0x01 len=16 data=aa9807010200000056117eea00007aa4
WFR t=9040 src=mcu type=0x01 len=16 data=aa991d00ab04a08c64502748395e1e28
WFI t=9054 a=-1484,-3912,224 g=-5,26,-37
WFR t=9060 src=mcu type=0x01 len=16 data=aa9a646464625f5d5b5955010101d546
WFR t=9080 src=mcu type=0x01 len=16 data=aa9b0101010100000000fbfbecd30e91
WFI t=9104 a=-1498,-3907,241 g=-6,12,-17
WFR t=9120 src=mcu type=0x01 len=16 data=aa9c01180080000000000000ffff0e21
WFR t=9140 src=mcu type=0x01 len=16 data=aa9d2e042f000000000000000000a3b7
WFI t=9154 a=-1487,-3903,263 g=-5,-33,19
WFR t=9180 src=mcu type=0x01 len=16 data=aa9e232c00000000000000000000fb5d
WFR t=9200 src=mcu type=0x01 len=16 data=aa9fb5a1b0bfd800000000000000dfe1
WFI t=9204 a=-1457,-3909,236 g=-6,-28,25
WFR t=9220 src=mcu type=0x01 len=16 data=aaa000000000020c000035006a00d1bd
WFI t=9254 a=-1470,-3915,233 g=-2,-4,-1
WFR t=9260 src=mcu type=0x01 len=16 data=aaa188044a5357583036323430360894
WFR t=9280 src=mcu type=0x01 len=16 data=aaa231344e4242463930333500005e71
WFI t=9304 a=-1473,-3916,235 g=2,10,-17
WFR t=9320 src=mcu type=0x01 len=16 data=aaa301180080000000000000feff5a4e
WFR t=9340 src=mcu type=0x01 len=16 data=aaa42e042f000000000000000000ff8e
WFI t=9354 a=-1472,-3919,255 g=1,18,-18
WFR t=9380 src=mcu type=0x01 len=16 data=aaa5232c00000000000000000000a026
WFR t=9400 src=mcu type=0x01 len=16 data=aaa6000000000000000000000000b4ce
WFI t=9404 a=-1474,-3918,252 g=2,19,-15
WFR t=9420 src=mcu type=0x01 len=16 data=aaa7000000000000000000000000b64f
WFI t=9454 a=-1494,-3917,260 g=-3,-19,5
WFR t=9460 src=mcu type=0x01 len=16 data=aaa801801b000000400052a8194013c9
WFR t=9480 src=mcu type=0x01 len=16 data=aaa9028288135c4488132400ec02f999
WFR t=9490 src=bms type=0x02 len=129 data=d2037c0eee0eed0eee0eed0eee0eed0eee0eee0eed0eed0eee0eef0ef20ef20ef20ef10ef20ef20ef30ef30ef30ef30ef30ef30ef20ef30ef30ef30000000000000000003d0000000000000000000000000000042e752f02af0ef30eed003d003d00000157001c0001001d0000000100010ef00006000a000000000000000086e4
WFI t=9504 a=-1484,-3918,230 g=0,-35,31
WFR t=9520 src=mcu type=0x01 len=16 data=aaaa01180080000000000000ffff4617
WFR t=9540 src=mcu type=0x01 len=16 data=aaab2e042f000000000000000000eb81
WFI t=9554 a=-1446,-3919,235 g=-4,-10,1
WFR t=9560 src=mcu type=0x01 len=16 data=aaac232c00000000000000000000bdef
WFR t=9600 src=mcu type=0x01 len=16 data=aaad0048005f00021000000100801d27
WFI t=9604 a=-1463,-3920,245 g=2,33,-29
WFR t=9620 src=mcu type=0x01 len=16 data=aaae55f04b0b18000000803a40005cef
WFI t=9654 a=-1498,-3923,245 g=3,29,-28
WFR t=9660 src=mcu type=0x01 len=16 data=aaaf08610005460c2f78a00f090076a9
WFR t=9680 src=mcu type=0x01 len=16 data=aab001180080000000000000ffff608d
WFR t=9700 src=mcu type=0x01 len=16 data=aab12e042f000000000000000000cd1b
WFI t=9704 a=-1506,-3921,235 g=0,-10,-1
WFR t=9740 src=mcu type=0x01 len=16 data=aab2232c0000000000000000000095f1
WFI t=9754 a=-1479,-3917,251 g=-3,-38,24
WFR t=9760 src=mcu type=0x01 len=16 data=aab3014a02050030000488001b007188
WFR t=9800 src=mcu type=0x01 len=16 data=aab400009f0ca90c9a0c540600001589
WFI t=9804 a=-1455,-3922,244 g=-5,-26,12
WFR t=9820 src=mcu type=0x01 len=16 data=aab51c00e8517918060ec10ab000748b
WFR t=9840 src=mcu type=0x01 len=16 data=aab6050804080080cb020122f13fc622
WFI t=9854 a=-1461,-3930,257 g=3,19,-20
WFR t=9880 src=mcu type=0x01 len=16 data=aa8001180080000000000000ffff217d
WFR t=9900 src=mcu type=0x01 len=16 data=aa812e042f0000000000000000008ceb
WFI t=9904 a=-1496,-3917,233 g=2,42,-38
WFI t=9954 a=-1512,-3928,248 g=-1,-1,-11
WFR t=9960 src=mcu type=0x01 len=16 data=aa82232c00000000000000000000d401
WFR t=9961 src=mcu type=0x01 len=16 data=aa83000100011101b70111019f00058c
WFI t=10150 a=-1467,-3929,250 g=-5,-37,25
WFI t=10249 a=-1469,-3921,246 g=-1,22,-23
WFR t=10250 src=mcu type=0x01 len=16 data=aa840000090a10560001310051c45a55
WFR t=10250 src=mcu type=0x01 len=16 data=aa8513088003e204080b1000507864d4
WFR t=10250 src=mcu type=0x01 len=16 data=aa868403f4010400a00f8813c003f9eb
WFR t=10251 src=mcu type=0x01 len=16 data=aa8701180080000000000000ffff2a3a
WFR t=10251 src=mcu type=0x01 len=16 data=aa882e042f0000000000000000009122
WFI t=10251 a=-1498,-3933,246 g=1,-9,1
WFR t=10252 src=mcu type=0x01 len=16 data=aa89232c00000000000000000000ce8a
WFR t=10252 src=mcu type=0x01 len=16 data=aa8a480c1c0207284901230020001521
WFR t=10252 src=mcu type=0x01 len=16 data=aa8b40005c03474c775419031a0e80f3
WFR t=10252 src=mcu type=0x01 len=16 data=aa8c2225bf0420034006b80b3e02672c
WFR t=10252 src=mcu type=0x01 len=16 data=aa8d800c800000006c07102780008244
WFI t=10253 a=-1498,-3933,246 g=1,-9,1
WFI t=10256 a=-1481,-3924,249 g=-3,-10,3
WFI t=10259 a=-1483,-3923,244 g=-7,-13,5
WFR t=10280 src=mcu type=0x01 len=16 data=aa8e01180080000000000000ffff37f3
WFT t=10283 batt_mv=4220 rssi_mcu=-75 rssi_bms=-77 mcu=369 bms=16 dropped=0
WFR t=10300 src=mcu type=0x01 len=16 data=aa8f2e042f0000000000000000009a65
WFI t=10304 a=-1470,-3910,231 g=-4,-23,5
WFR t=10320 src=mcu type=0x01 len=16 data=aa90232c00000000000000000000edd3
WFI t=10354 a=-1480,-3918,234 g=-2,-9,7
WFR t=10360 src=mcu type=0x01 len=16 data=aa910b000f00465a667332000b9ed1a0
WFR t=10380 src=mcu type=0x01 len=16 data=aa92000000000000000000000000fbba
WFI t=10404 a=-1463,-3922,245 g=0,-4,-1
WFR t=10440 src=mcu type=0x01 len=16 data=aa93d804480804242c01c003214fe1ad
WFR t=10441 src=mcu type=0x01 len=16 data=aa94f0f465fffffff8080d00412af645
WFI t=10454 a=-1465,-3917,248 g=-5,4,-18
WFR t=10480 src=mcu type=0x01 len=16 data=aa9501180080000000000000feff1278
WFR t=10500 src=mcu type=0x01 len=16 data=aa962e042f000000000000000000b93c
WFI t=10504 a=-1477,-3918,238 g=6,17,-18
WFR t=10510 src=bms type=0x02 len=129 data=d2037c0eee0eed0eee0eee0eee0eed0eee0eee0eec0eee0eee0eef0ef20ef10ef20ef00ef20ef20ef30ef30ef20ef30ef40ef30ef10ef30ef30ef30000000000000000003d0000000000000000000000000000042e752f02af0ef30eec003d003d00000157001c0001001d0000000100010ef00007000a000000000000000025a5
WFR t=10520 src=mcu type=0x01 len=16 data=aa97232c00000000000000000000e694
WFI t=10554 a=-1489,-3923,233 g=-2,2,-10
WFR t=10560 src=mcu type=0x01 len=16 data=aa9807010200000056117eea00007aa4
WFR t=10580 src=mcu type=0x01 len=16 data=aa991d00ab04a08c64502748395e1e28
WFI t=10604 a=-1500,-3928,240 g=-5,-22,10
WFR t=10620 src=mcu type=0x01 len=16 data=aa9a646464625f5d5b5955010101d546
WFR t=10640 src=mcu type=0x01 len=16 data=aa9b0101010100000000fbfbecd30e91
WFI t=10654 a=-1454,-3918,249 g=-7,-31,17
WFR t=10660 src=mcu type=0x01 len=16 data=aa9c01180080000000000000ffff0e21
WFR t=10700 src=mcu type=0x01 len=16 data=aa9d2e042f000000000000000000a3b7
WFI t=10704 a=-1454,-3922,242 g=-1,-2,-9
WFR t=10720 src=mcu type=0x01 len=16 data=aa9e232c00000000000000000000fb5d
WFI t=10754 a=-1482,-3924,252 g=0,20,-25
WFR t=10760 src=mcu type=0x01 len=16 data=aa9fb5a1b0bfd800000000000000dfe1
WFR t=10780 src=mcu type=0x01 len=16 data=aaa000000000020c000035006a00d1bd
WFR t=10800 src=mcu type=0x01 len=16 data=aaa188044a5357583036323430360894
WFI t=10804 a=-1487,-3904,241 g=-3,7,-12
WFR t=10840 src=mcu type=0x01 len=16 data=aaa231344e4242463930333500005e71
WFI t=10854 a=-1483,-3927,251 g=-3,-14,-2
WFR t=10860 src=mcu type=0x01 len=16 data=aaa301180080000000000000ffff5bde
WFR t=10900 src=mcu type=0x01 len=16 data=aaa42e042f000000000000000000ff8e
WFI t=10904 a=-1475,-3916,253 g=-6,-25,12
WFR t=10920 src=mcu type=0x01 len=16 data=aaa5232c00000000000000000000a026
WFR t=10940 src=mcu type=0x01 len=16 data=aaa6000000000000000000000000b4ce
WFI t=10954 a=-1447,-3913,257 g=-4,-16,5
WFR t=10980 src=mcu type=0x01 len=16 data=aaa7000000000000000000000000b64f
WFR t=11000 src=mcu type=0x01 len=16 data=aaa801801b000000400052a8194013c9
WFI t=11004 a=-1468,-3915,235 g=-2,24,-24
WFR t=11040 src=mcu type=0x01 len=16 data=aaa9028288135c4488132400ec02f999
WFI t=11054 a=-1495,-3913,241 g=-1,26,-27
WFR t=11060 src=mcu type=0x01 len=16 data=aaaa01180080000000000000ffff4617
WFR t=11100 src=mcu type=0x01 len=16 data=aaab2e042f000000000000000000eb81
WFI t=11104 a=-1489,-3926,252 g=0,-21,7
WFR t=11120 src=mcu type=0x01 len=16 data=aaac232c00000000000000000000bdef
WFR t=11140 src=mcu type=0x01 len=16 data=aaad0048005f00021000000100801d27
WFI t=11154 a=-1454,-3907,230 g=-4,-21,13
WFR t=11180 src=mcu type=0x01 len=16 data=aaae55f04b0b18000000803a40005cef
WFR t=11200 src=mcu type=0x01 len=16 data=aaaf08610005460c2f78a00f090076a9
WFI t=11204 a=-1486,-3916,245 g=-5,-14,-1
WFR t=11240 src=mcu type=0x01 len=16 data=aab001180080000000000000ffff608d
WFI t=11254 a=-1465,-3927,247 g=-3,-3,-1
WFR t=11260 src=mcu type=0x01 len=16 data=aab12e042f000000000000000000cd1b
WFR t=11280 src=mcu type=0x01 len=16 data=aab2232c0000000000000000000095f1
WFI t=11304 a=-1455,-3922,252 g=0,22,-26
WFR t=11320 src=mcu type=0x01 len=16 data=aab3014a02050030000488001b007188
WFR t=11340 src=mcu type=0x01 len=16 data=aab400009f0ca90c9a0c540600001589
WFI t=11354 a=-1506,-3917,244 g=-3,16,-25
WFR t=11380 src=mcu type=0x01 len=16 data=aab51c00e8517918060e4d0bb0000fdb
WFR t=11400 src=mcu type=0x01 len=16 data=aab6050804080080cb020122f13fc622
WFI t=11404 a=-1501,-3918,229 g=-1,-18,13
WFR t=11420 src=mcu type=0x01 len=16 data=aa8001180080000000000000feff20ed
WFI t=11476 a=-1464,-3920,239 g=-3,-18,8
WFR t=11477 src=bms type=0x02 len=129 data=d2037c0eee0eed0eee0eee0eee0eed0eee0eee0eec0eee0eee0eef0ef20ef10ef20ef10ef20ef20ef30ef30ef30ef30ef40ef40ef20ef30ef30ef30000000000000000003d0000000000000000000000000000042e752f02af0ef40eec003d003d00000157001c0001001d0000000100010ef00008000a0000000000000000c4cc
WFR t=11501 src=mcu type=0x01 len=16 data=aa812e042f0000000000000000008ceb
WFR t=11501 src=mcu type=0x01 len=16 data=aa82232c00000000000000000000d401
WFI t=11504 a=-1462,-3920,244 g=-5,-3,-3
WFR t=11520 src=mcu type=0x01 len=16 data=aa83000100011101b70111019f00058c
WFR t=11540 src=mcu type=0x01 len=16 data=aa840000090a10560001310051c45a55
WFI t=11554 a=-1480,-3923,236 g=1,3,-11
WFR t=11560 src=mcu type=0x01 len=16 data=aa8513088003e204080b1000507864d4
WFR t=11600 src=mcu type=0x01 len=16 data=aa868403f4010400a00f8813c003f9eb
WFI t=11604 a=-1468,-3914,244 g=-2,14,-16
WFR t=11620 src=mcu type=0x01 len=16 data=aa8701180080000000000000ffff2a3a
WFI t=11654 a=-1497,-3921,239 g=-2,6,-15
WFR t=11660 src=mcu type=0x01 len=16 data=aa882e042f0000000000000000009122
WFR t=11680 src=mcu type=0x01 len=16 data=aa89232c00000000000000000000ce8a
WFI t=11704 a=-1500,-3901,247 g=-5,-16,6
WFR t=11720 src=mcu type=0x01 len=16 data=aa8a480c1c0207284901230020001521
WFR t=11740 src=mcu type=0x01 len=16 data=aa8b40005c03474c775419031a0e80f3
WFI t=11754 a=-1466,-3928,255 g=-4,-18,11
WFR t=11760 src=mcu type=0x01 len=16 data=aa8c2225bf0420034006b80b3e02672c
WFR t=11800 src=mcu type=0x01 len=16 data=aa8d800c800000006c07102780008244
WFI t=11804 a=-1471,-3928,256 g=0,5,-10
WFR t=11820 src=mcu type=0x01 len=16 data=aa8e01180080000000000000ffff37f3
WFI t=11854 a=-1485,-3911,247 g=2,9,-15
WFR t=11860 src=mcu type=0x01 len=16 data=aa8f2e042f0000000000000000009a65
WFR t=11880 src=mcu type=0x01 len=16 data=aa90232c00000000000000000000edd3
WFR t=11900 src=mcu type=0x01 len=16 data=aa910b000f00465a667332000b9ed1a0
WFI t=11904 a=-1488,-3900,227 g=0,-8,-3
WFR t=11940 src=mcu type=0x01 len=16 data=aa92000000000000000000000000fbba
WFI t=11954 a=-1481,-3923,244 g=-4,-10,1
WFR t=11960 src=mcu type=0x01 len=16 data=aa93d804480804242c01c003214fe1ad
WFR t=12014 src=mcu type=0x01 len=16 data=aa94f0f465fffffff8080d00412af645
WFI t=12079 a=-1476,-3923,254 g=-1,-7,-2
WFI t=12154 a=-1461,-3917,250 g=-4,8,-15
WFI t=12235 a=-1500,-3924,245 g=-3,-1,-5
WFR t=12236 src=mcu type=0x01 len=16 data=aa9501180080000000000000ffff13e8
WFI t=12250 a=-1459,-3932,242 g=-3,-17,1
WFR t=12251 src=mcu type=0x01 len=16 data=aa962e042f000000000000000000b93c
WFR t=12251 src=mcu type=0x01 len=16 data=aa97232c00000000000000000000e694
WFR t=12251 src=mcu type=0x01 len=16 data=aa9807010200000056117eea00007aa4
WFR t=12251 src=mcu type=0x01 len=16 data=aa991d00ab04a08c64502748395e1e28
WFR t=12251 src=mcu type=0x01 len=16 data=aa9a646464625f5d5b5955010101d546
WFR t=12251 src=mcu type=0x01 len=16 data=aa9b0101010100000000fbfbecd30e91
WFR t=12252 src=mcu type=0x01 len=16 data=aa9c01180080000000000000feff0fb1
WFI t=12252 a=-1474,-3924,249 g=-7,-13,-2
WFR t=12252 src=mcu type=0x01 len=16 data=aa9d2e042f000000000000000000a3b7
WFI t=12254 a=-1474,-3924,249 g=-7,-13,-2
WFR t=12280 src=mcu type=0x01 len=16 data=aa9e232c00000000000000000000fb5d
WFR t=12300 src=mcu type=0x01 len=16 data=aa9fb5a1b0bfd800000000000000dfe1
WFI t=12304 a=-1470,-3909,229 g=0,-1,-4
WFR t=12340 src=mcu type=0x01 len=16 data=aaa000000000020c000035006a00d1bd
WFI t=12354 a=-1468,-3908,247 g=-2,8,-11
WFR t=12360 src=mcu type=0x01 len=16 data=aaa188044a5357583036323430360894
WFR t=12380 src=mcu type=0x01 len=16 data=aaa231344e4242463930333500005e71
WFI t=12404 a=-1484,-3916,247 g=-5,6,-16
WFR t=12420 src=mcu type=0x01 len=16 data=aaa301180080000000000000feff5a4e
WFR t=12440 src=mcu type=0x01 len=16 data=aaa42e042f000000000000000000ff8e
WFI t=12454 a=-1498,-3919,242 g=-5,-10,0
WFR t=12480 src=mcu type=0x01 len=16 data=aaa5232c00000000000000000000a026
WFR t=12500 src=mcu type=0x01 len=16 data=aaa6000000000000000000000000b4ce
WFI t=12504 a=-1468,-3913,245 g=-6,-22,3
WFR t=12520 src=mcu type=0x01 len=16 data=aaa7000000000000000000000000b64f
WFR t=12550 src=bms type=0x02 len=129 data=d2037c0eee0eed0eee0eee0eee0eed0eee0eee0eec0eee0eee0eef0ef20ef20ef20ef10ef20ef20ef30ef30ef30ef30ef40ef30ef20ef30ef30ef30000000000000000003d0000000000000000000000000000042e752f02af0ef40eed003d003d00000157001c0001001d0000000100010ef00007000a00000000000000003029
WFI t=12554 a=-1455,-3928,224 g=-1,-2,-3
WFR t=12560 src=mcu type=0x01 len=16 data=aaa801801b000000400052a8194013c9
WFR t=12600 src=mcu type=0x01 len=16 data=aaa9028288135c4488132400ec02f999
WFI t=12604 a=-1465,-3911,252 g=-3,6,-12
WFR t=12620 src=mcu type=0x01 len=16 data=aaaa01180080000000000000feff4787
WFR t=12640 src=mcu type=0x01 len=16 data=aaab2e042f000000000000000000eb81
WFI t=12654 a=-1477,-3922,221 g=-1,0,-10
WFR t=12660 src=mcu type=0x01 len=16 data=aaac232c00000000000000000000bdef
WFR t=12700 src=mcu type=0x01 len=16 data=aaad0048005f00021000000100801d27
WFI t=12704 a=-1465,-3912,243 g=-2,-6,1
WFR t=12720 src=mcu type=0x01 len=16 data=aaae55f04b0b18000000803a40005cef
WFI t=12754 a=-1481,-3928,241 g=-2,-10,-1
WFR t=12760 src=mcu type=0x01 len=16 data=aaaf08610005460c2f78a00f090076a9
WFR t=12780 src=mcu type=0x01 len=16 data=aab001180080000000000000feff611d
WFI t=12804 a=-1484,-3920,250 g=-5,-4,-2
WFR t=12820 src=mcu type=0x01 len=16 data=aab12e042f000000000000000000cd1b
WFR t=12840 src=mcu type=0x01 len=16 data=aab2232c0000000000000000000095f1
WFI t=12854 a=-1466,-3916,243 g=1,3,-12
WFR t=12860 src=mcu type=0x01 len=16 data=aab3014a02050030000488001b007188
WFR t=12900 src=mcu type=0x01 len=16 data=aab400009f0ca90c9a0c540600001589
WFI t=12904 a=-1493,-3932,231 g=-4,7,-13
WFR t=12920 src=mcu type=0x01 len=16 data=aab51c00e8517918060ecd0ab00077db
WFI t=12954 a=-1476,-3914,245 g=-2,-6,-3
WFR t=12960 src=mcu type=0x01 len=16 data=aab6050804080080cb020122f13fc622
WFR t=12980 src=mcu type=0x01 len=16 data=aa8001180080000000000000ffff217d
WFR t=13000 src=mcu type=0x01 len=16 data=aa812e042f0000000000000000008ceb
WFI t=13004 a=-1467,-3921,254 g=-4,-14,3
WFR t=13040 src=mcu type=0x01 len=16 data=aa82232c00000000000000000000d401
WFI t=13054 a=-1463,-3934,247 g=-1,-9,1
WFR t=13060 src=mcu type=0x01 len=16 data=aa83000100011101b70111019f00058c
WFR t=13100 src=mcu type=0x01 len=16 data=aa840000090a10560001310051c45a55
WFI t=13104 a=-1468,-3924,242 g=-1,8,-13
WFR t=13120 src=mcu type=0x01 len=16 data=aa8513088003e204080b1000507864d4
WFR t=13140 src=mcu type=0x01 len=16 data=aa868403f4010400a00f8813c003f9eb
WFI t=13154 a=-1488,-3922,244 g=-6,6,-15
WFR t=13180 src=mcu type=0x01 len=16 data=aa8701180080000000000000ffff2a3a
WFR t=13200 src=mcu type=0x01 len=16 data=aa882e042f0000000000000000009122
WFI t=13204 a=-1483,-3919,244 g=1,-7,0
WFR t=13240 src=mcu type=0x01 len=16 data=aa89232c00000000000000000000ce8a
WFI t=13254 a=-1464,-3916,252 g=0,-6,-5
WFR t=13260 src=mcu type=0x01 len=16 data=aa8a480c1c0207284901230020001521
WFR t=13300 src=mcu type=0x01 len=16 data=aa8b40005c03474c775419031a0e80f3
WFI t=13304 a=-1479,-3903,260 g=-1,-3,0
WFR t=13340 src=mcu type=0x01 len=16 data=aa8c2225bf0420034006b80b3e02672c
WFR t=13340 src=mcu type=0x01 len=16 data=aa8d800c800000006c07102780008244
WFI t=13354 a=-1465,-3921,248 g=1,-9,4
WFR t=13380 src=mcu type=0x01 len=16 data=aa8e01180080000000000000feff3663
WFR t=13400 src=mcu type=0x01 len=16 data=aa8f2e042f0000000000000000009a65
WFI t=13404 a=-1470,-3918,233 g=2,8,-14
WFR t=13440 src=mcu type=0x01 len=16 data=aa90232c00000000000000000000edd3
WFI t=13454 a=-1485,-3931,243 g=-6,3,-8
WFR t=13460 src=mcu type=0x01 len=16 data=aa910b000f00465a667332000b9ed1a0
WFR t=13480 src=mcu type=0x01 len=16 data=aa92000000000000000000000000fbba
WFI t=13504 a=-1478,-3906,245 g=-8,-10,3
WFR t=13520 src=mcu type=0x01 len=16 data=aa93d804480804242c01c003214fe1ad
WFR t=13540 src=mcu type=0x01 len=16 data=aa94f0f465fffffff8080d00412af645
WFI t=13554 a=-1475,-3920,232 g=-5,0,-7
WFR t=13570 src=bms type=0x02 len=129 data=d2037c0eee0eed0eee0eee0eee0eed0eee0eee0eed0eee0eee0eef0ef10ef10ef20ef10ef20ef20ef30ef30ef30ef30ef40ef40ef20ef30ef30ef30000000000000000003d0000000000000000000000000000042e752f02af0ef40eed003d003d00000157001c0001001d0000000100010ef00007000a0000000000000000358f
WFR t=13580 src=mcu type=0x01 len=16 data=aa9501180080000000000000ffff13e8
WFR t=13600 src=mcu type=0x01 len=16 data=aa962e042f000000000000000000b93c
WFI t=13604 a=-1483,-3924,243 g=2,-1,-1
WFR t=13620 src=mcu type=0x01 len=16 data=aa97232c00000000000000000000e694
WFI t=13654 a=-1464,-3923,235 g=0,-5,-5
WFR t=13660 src=mcu type=0x01 len=16 data=aa9807010200000056117eea00007aa4
WFR t=13680 src=mcu type=0x01 len=16 data=aa991d00ab04a08c64502748395e1e28
WFI t=13704 a=-1470,-3926,234 g=-3,5,-16
WFR t=13720 src=mcu type=0x01 len=16 data=aa9a646464625f5d5b5955010101d546
WFR t=13740 src=mcu type=0x01 len=16 data=aa9b0101010100000000fbfbecd30e91
WFI t=13754 a=-1483,-3929,238 g=1,0,-3
WFR t=13760 src=mcu type=0x01 len=16 data=aa9c01180080000000000000ffff0e21
WFR t=13800 src=mcu type=0x01 len=16 data=aa9d2e042f000000000000000000a3b7
WFI t=13804 a=-1473,-3916,252 g=-1,-23,5
WFR t=13820 src=mcu type=0x01 len=16 data=aa9e232c00000000000000000000fb5d
WFI t=13854 a=-1455,-3930,240 g=-1,1,-3
WFR t=13860 src=mcu type=0x01 len=16 data=aa9fb5a1b0bfd800000000000000dfe1
WFR t=13880 src=mcu type=0x01 len=16 data=aaa000000000020c000035006a00d1bd
WFI t=13904 a=-1484,-3913,238 g=-6,5,-15
WFR t=13920 src=mcu type=0x01 len=16 data=aaa188044a5357583036323430360894
WFR t=13940 src=mcu type=0x01 len=16 data=aaa231344e4242463930333500005e71
WFI t=13954 a=-1480,-3905,235 g=1,0,-7
WFR t=13960 src=mcu type=0x01 len=16 data=aaa30118008000000000ffffffff5bfa
WFI t=14026 a=-1486,-3928,237 g=-4,-4,-1
WFR t=14043 src=mcu type=0x01 len=16 data=aaa42e042f000000000000000000ff8e
WFR t=14044 src=mcu type=0x01 len=16 data=aaa5232c00000000000000000000a026
WFI t=14057 a=-1468,-3914,236 g=-3,-8,0
WFR t=14062 src=mcu type=0x01 len=16 data=aaa6000000000000000000000000b4ce
WFI t=14193 a=-1480,-3922,246 g=-8,-12,0
WFI t=14208 a=-1475,-3918,236 g=-5,4,-15
WFR t=14208 src=mcu type=0x01 len=16 data=aaa7000000000000000000000000b64f
WFR t=14208 src=mcu type=0x01 len=16 data=aaa801801b000000400052a8194013c9
WFR t=14209 src=mcu type=0x01 len=16 data=aaa9028288135c4488132400ec02f999
WFR t=14209 src=mcu type=0x01 len=16 data=aaaa01180080000000000000ffff4617
WFI t=14210 a=-1475,-3922,240 g=-5,3,-14
WFR t=14210 src=mcu type=0x01 len=16 data=aaab2e042f000000000000000000eb81
WFR t=14220 src=mcu type=0x01 len=16 data=aaac232c00000000000000000000bdef
WFR t=14240 src=mcu type=0x01 len=16 data=aaad0048005f00021000000100801d27
WFI t=14254 a=-1488,-3922,241 g=-2,6,-4
WFR t=14280 src=mcu type=0x01 len=16 data=aaae55f04b0b18000000803a40005cef
WFR t=14300 src=mcu type=0x01 len=16 data=aaaf08610005460c2f78a00f090076a9
WFI t=14304 a=-1476,-3907,235 g=-6,-10,-4
WFR t=14340 src=mcu type=0x01 len=16 data=aab001180080000000000000ffff608d
WFI t=14354 a=-1479,-3926,252 g=-6,-13,2
WFR t=14360 src=mcu type=0x01 len=16 data=aab12e042f000000000000000000cd1b
WFR t=14400 src=mcu type=0x01 len=16 data=aab2232c0000000000000000000095f1
WFI t=14404 a=-1478,-3926,240 g=-4,-11,2
WFR t=14420 src=mcu type=0x01 len=16 data=aab3014a02050030000488001b007188
WFI t=14454 a=-1466,-3914,243 g=-6,0,-12
WFR t=14460 src=mcu type=0x01 len=16 data=aab400009f0ca90c9a0c540600001589
WFR t=14480 src=mcu type=0x01 len=16 data=aab51c00e8517918060e020bb000190f
WFR t=14500 src=mcu type=0x01 len=16 data=aab6050804080080cb020122f13fc622
WFI t=14504 a=-1482,-3929,238 g=1,16,-15
WFR t=14540 src=mcu type=0x01 len=16 data=aa8001180080000000000000ffff217d
WFI t=14554 a=-1489,-3910,225 g=-10,-2,-14
WFR t=14560 src=mcu type=0x01 len=16 data=aa812e042f0000000000000000008ceb
WFR t=14580 src=mcu type=0x01 len=16 data=aa82232c00000000000000000000d401
WFR t=14590 src=bms type=0x02 len=129 data=d2037c0eee0eed0eee0eee0eee0eed0eee0eee0eed0eed0eee0eef0ef10ef10ef20ef10ef20ef20ef30ef30ef30ef30ef40ef30ef20ef30ef30ef30000000000000000003d0000000000000000000000000000042e753002af0ef40eed003d003d00000157001c0001001d0000000100010ef00007000000000000000000000564
WFI t=14604 a=-1495,-3915,237 g=-5,-19,11
WFI t=14658 a=-1453,-3924,249 g=-8,-10,0
WFR t=14661 src=mcu type=0x01 len=16 data=aa83000100011101b70111019f00058c
WFR t=14661 src=mcu type=0x01 len=16 data=aa840000090a10560001310051c45a55
WFR t=14680 src=mcu type=0x01 len=16 data=aa8513088003e204080b1000507864d4
WFR t=14700 src=mcu type=0x01 len=16 data=aa868403f4010400a00f8813c003f9eb
WFI t=14704 a=-1474,-3919,250 g=-1,0,-13
WFR t=14720 src=mcu type=0x01 len=16 data=aa8701180080000000000000feff2baa
WFI t=14754 a=-1480,-3926,242 g=0,6,-6
WFR t=14781 src=mcu type=0x01 len=16 data=aa882e042f0000000000000000009122
WFR t=14781 src=mcu type=0x01 len=16 data=aa89232c00000000000000000000ce8a
WFI t=14804 a=-1467,-3921,242 g=-4,1,-17
WFR t=14820 src=mcu type=0x01 len=16 data=aa8a480c1c0207284901230020001521
WFR t=14840 src=mcu type=0x01 len=16 data=aa8b40005c03474c775419031a0e80f3
WFI t=14854 a=-1483,-3916,236 g=6,5,-9
WFR t=14860 src=mcu type=0x01 len=16 data=aa8c2225bf0420034006b80b3e02672c
WFR t=14900 src=mcu type=0x01 len=16 data=aa8d800c800000006c07102780008244
WFI t=14904 a=-1480,-3914,231 g=-1,-15,6
WFR t=14920 src=mcu type=0x01 len=16 data=aa8e01180080000000000000ffff37f3
WFI t=14954 a=-1452,-3922,243 g=-3,-16,8
WFR t=14960 src=mcu type=0x01 len=16 data=aa8f2e042f0000000000000000009a65
WFR t=14980 src=mcu type=0x01 len=16 data=aa90232c00000000000000000000edd3
WFI t=15004 a=-1446,-3920,245 g=-7,4,-12
WFR t=15020 src=mcu type=0x01 len=16 data=aa910b000f00465a667332000b9ed1a0
WFR t=15040 src=mcu type=0x01 len=16 data=aa92000000000000000000000000fbba
WFI t=15054 a=-1492,-3917,230 g=-3,15,-18
WFR t=15060 src=mcu type=0x01 len=16 data=aa93d804480804242c01c003214fe1ad
WFR t=15100 src=mcu type=0x01 len=16 data=aa94f0f465fffffff8080d00412af645
WFI t=15104 a=-1480,-3906,236 g=-2,3,-7
WFR t=15120 src=mcu type=0x01 len=16 data=aa9501180080000000000000ffff13e8
WFI t=15154 a=-1486,-3927,259 g=0,-7,-2
WFR t=15160 src=mcu type=0x01 len=16 data=aa962e042f000000000000000000b93c
WFR t=15180 src=mcu type=0x01 len=16 data=aa97232c00000000000000000000e694
WFR t=15200 src=mcu type=0x01 len=16 data=aa9807010200000056117eea00007aa4
WFI t=15204 a=-1489,-3922,245 g=-3,-24,12
WFR t=15240 src=mcu type=0x01 len=16 data=aa991d00ab04a08c64502748395e1e28
WFI t=15254 a=-1452,-3920,252 g=-3,-10,5
WFR t=15260 src=mcu type=0x01 len=16 data=aa9a646464625f5d5b5955010101d546
WFR t=15300 src=mcu type=0x01 len=16 data=aa9b0101010100000000fbfbecd30e91
WFI t=15304 a=-1466,-3913,243 g=-3,21,-26
WFR t=15320 src=mcu type=0x01 len=16 data=aa9c01180080000000000000ffff0e21
WFR t=15340 src=mcu type=0x01 len=16 data=aa9d2e042f000000000000000000a3b7
WFI t=15354 a=-1496,-3910,244 g=-2,12,-14
WFR t=15380 src=mcu type=0x01 len=16 data=aa9e232c00000000000000000000fb5d
WFR t=15400 src=mcu type=0x01 len=16 data=aa9fb5a1b0bfd800000000000000dfe1
WFT t=15401 batt_mv=4218 rssi_mcu=-71 rssi_bms=-82 mcu=551 bms=21 dropped=0
WFI t=15404 a=-1473,-3913,237 g=0,-12,0
WFR t=15440 src=mcu type=0x01 len=16 data=aaa000000000020c000035006a00d1bd
WFI t=15454 a=-1481,-3921,248 g=-5,-14,2
WFR t=15460 src=mcu type=0x01 len=16 data=aaa188044a5357583036323430360894
WFR t=15500 src=mcu type=0x01 len=16 data=aaa231344e4242463930333500005e71
WFI t=15504 a=-1480,-3926,248 g=-5,-18,9
WFR t=15520 src=mcu type=0x01 len=16 data=aaa30118008000000000ffffffff5bfa
WFR t=15540 src=mcu type=0x01 len=16 data=aaa42e042f000000000000000000ff8e
WFI t=15554 a=-1465,-3924,242 g=-6,3,-9
WFR t=15580 src=mcu type=0x01 len=16 data=aaa5232c00000000000000000000a026
WFR t=15600 src=mcu type=0x01 len=16 data=aaa6000000000000000000000000b4ce
WFI t=15604 a=-1488,-3920,241 g=-1,18,-24
WFR t=15640 src=mcu type=0x01 len=16 data=aaa7000000000000000000000000b64f
WFI t=15654 a=-1488,-3923,224 g=-4,4,-12
WFR t=15655 src=bms type=0x02 len=129 data=d2037c0eee0eed0eee0eee0eee0eed0eee0eee0eed0eee0eee0eee0ef10ef20ef20ef10ef20ef20ef30ef30ef20ef30ef40ef30ef20ef30ef30ef30000000000000000003d0000000000000000000000000000042e752f02af0ef40eed003d003d00000157001c0001001d0000000100010ef00007000a0000000000000000784d
WFR t=15660 src=mcu type=0x01 len=16 data=aaa801801b000000400052a8194013c9
WFR t=15680 src=mcu type=0x01 len=16 data=aaa9028288135c4488132400ec02f999
WFI t=15704 a=-1468,-3931,242 g=-4,-16,5
WFR t=15720 src=mcu type=0x01 len=16 data=aaaa01180080000000000000feff4787
WFR t=15740 src=mcu type=0x01 len=16 data=aaab2e042f000000000000000000eb81
WFI t=15754 a=-1458,-3912,239 g=-5,-13,6
WFR t=15780 src=mcu type=0x01 len=16 data=aaac232c00000000000000000000bdef
WFR t=15800 src=mcu type=0x01 len=16 data=aaad0048005f00021000000100801d27
WFI t=15804 a=-1465,-3922,253 g=-8,-9,-4
WFR t=15820 src=mcu type=0x01 len=16 data=aaae55f04b0b18000000803a40005cef
WFI t=15854 a=-1470,-3922,244 g=3,5,-9
WFR t=15860 src=mcu type=0x01 len=16 data=aaaf08610005460c2f78a00f090076a9
WFR t=15880 src=mcu type=0x01 len=16 data=aab001180080000000000100feff60e1
WFI t=15904 a=-1469,-3912,240 g=0,15,-18
WFR t=15920 src=mcu type=0x01 len=16 data=aab12e042f000000000000000000cd1b
WFR t=15940 src=mcu type=0x01 len=16 data=aab2232c0000000000000000000095f1
WFI t=15954 a=-1487,-3921,245 g=-2,5,-10
WFR t=15960 src=mcu type=0x01 len=16 data=aab3014a02050030000488001b007188
WFR t=16032 src=mcu type=0x01 len=16 data=aab400009f0ca90c9a0c540600001589
WFI t=16096 a=-1458,-3917,245 g=-4,-27,17
WFR t=16096 src=mcu type=0x01 len=16 data=aab51c00e8517918060e020bb000190f
WFR t=16097 src=mcu type=0x01 len=16 data=aab6050804080080cb020122f13fc622
WFI t=16251 a=-1478,-3917,247 g=-1,6,-13
WFI t=16266 a=-1496,-3924,235 g=-6,-3,-10
WFR t=16266 src=mcu type=0x01 len=16 data=aa8001180080000000000000ffff217d
WFR t=16267 src=mcu type=0x01 len=16 data=aa812e042f0000000000000000008ceb
WFR t=16267 src=mcu type=0x01 len=16 data=aa82232c00000000000000000000d401
WFR t=16267 src=mcu type=0x01 len=16 data=aa83000100011101b70111019f00058c
WFR t=16267 src=mcu type=0x01 len=16 data=aa840000090a10560001310051c45a55
WFR t=16267 src=mcu type=0x01 len=16 data=aa8513088003e204080b1000507864d4
WFR t=16268 src=mcu type=0x01 len=16 data=aa868403f4010400a00f8813c003f9eb
WFI t=16268 a=-1496,-3921,239 g=-7,-8,-2
WFI t=16270 a=-1496,-3921,239 g=-7,-8,-2
WFI t=16272 a=-1496,-3917,242 g=-1,-10,0
WFR t=16281 src=mcu type=0x01 len=16 data=aa8701180080000000000000feff2baa
WFR t=16300 src=mcu type=0x01 len=16 data=aa882e042f0000000000000000009122
WFI t=16304 a=-1481,-3918,232 g=-5,-22,14
WFR t=16340 src=mcu type=0x01 len=16 data=aa89232c00000000000000000000ce8a
WFI t=16354 a=-1463,-3919,233 g=-1,-15,9
WFR t=16360 src=mcu type=0x01 len=16 data=aa8a480c1c0207284901230020001521
WFR t=16400 src=mcu type=0x01 len=16 data=aa8b40005c03474c775419031a0e80f3
WFI t=16404 a=-1462,-3913,236 g=-5,8,-15
WFR t=16420 src=mcu type=0x01 len=16 data=aa8c2225bf0420034006b80b3e02672c
WFR t=16440 src=mcu type=0x01 len=16 data=aa8d800c800000006c07102780008244
WFI t=16454 a=-1480,-3927,243 g=-4,14,-18
WFR t=16480 src=mcu type=0x01 len=16 data=aa8e0118008000000000ffffffff37d7
WFR t=16500 src=mcu type=0x01 len=16 data=aa8f2e042f0000000000000000009a65
WFI t=16504 a=-1464,-3911,237 g=-1,4,-13
WFR t=16540 src=mcu type=0x01 len=16 data=aa90232c00000000000000000000edd3
WFI t=16554 a=-1482,-3927,238 g=-1,-4,-1
WFR t=16560 src=mcu type=0x01 len=16 data=aa910b000f00465a667332000b9ed1a0
WFR t=16580 src=mcu type=0x01 len=16 data=aa92000000000000000000000000fbba
WFI t=16604 a=-1485,-3913,236 g=-3,-23,11
WFR t=16620 src=mcu type=0x01 len=16 data=aa93d804480804242c01c003214fe1ad
WFR t=16640 src=mcu type=0x01 len=16 data=aa94f0f465fffffff8080d00412af645
WFI t=16654 a=-1463,-3919,233 g=-1,-13,6
WFR t=16675 src=bms type=0x02 len=129 data=d2037c0eee0eed0eee0eee0eee0eed0eee0eee0eed0eed0eee0eee0ef20ef10ef20ef10ef20ef20ef30ef30ef30ef30ef40ef40ef20ef30ef30ef30000000000000000003d0000000000000000000000000000042e753002af0ef40eed003d003d00000157001c0001001d0000000100010ef00007000000000000000000000a79
WFR t=16680 src=mcu type=0x01 len=16 data=aa9501180080000000000000ffff13e8
WFR t=16700 src=mcu type=0x01 len=16 data=aa962e042f000000000000000000b93c
WFI t=16704 a=-1466,-3923,233 g=-1,6,-15
WFR t=16740 src=mcu type=0x01 len=16 data=aa97232c00000000000000000000e694
WFI t=16754 a=-1477,-3917,234 g=-3,11,-18
WFR t=16760 src=mcu type=0x01 len=16 data=aa9807010200000056117eea00007aa4
WFR t=16780 src=mcu type=0x01 len=16 data=aa991d00ab04a08c64502748395e1e28
WFI t=16804 a=-1481,-3916,239 g=-1,3,-7
WFR t=16820 src=mcu type=0x01 len=16 data=aa9a646464625f5d5b5955010101d546
WFR t=16840 src=mcu type=0x01 len=16 data=aa9b0101010100000000fbfbecd30e91
WFI t=16854 a=-1480,-3913,239 g=-5,-12,-1
WFR t=16880 src=mcu type=0x01 len=16 data=aa9c0118008000000000ffffffff0e05
WFR t=16901 src=mcu type=0x01 len=16 data=aa9d2e042f000000000000000000a3b7
WFI t=16904 a=-1475,-3917,236 g=-3,-26,13
WFR t=16920 src=mcu type=0x01 len=16 data=aa9e232c00000000000000000000fb5d
WFI t=16954 a=-1450,-3923,223 g=-5,-5,-2
WFR t=16960 src=mcu type=0x01 len=16 data=aa9fb5a1b0bfd800000000000000dfe1
WFR t=16980 src=mcu type=0x01 len=16 data=aaa000000000020c000035006a00d1bd
WFI t=17004 a=-1475,-3909,247 g=-2,20,-25
WFR t=17020 src=mcu type=0x01 len=16 data=aaa188044a5357583036323430360894
WFR t=17040 src=mcu type=0x01 len=16 data=aaa231344e4242463930333500005e71
WFI t=17054 a=-1484,-3907,235 g=0,8,-10
WFR t=17060 src=mcu type=0x01 len=16 data=aaa301180080000000000000ffff5bde
WFR t=17100 src=mcu type=0x01 len=16 data=aaa42e042f000000000000000000ff8e
WFI t=17105 a=-1465,-3919,238 g=-8,-13,0
WFR t=17120 src=mcu type=0x01 len=16 data=aaa5232c00000000000000000000a026
WFI t=17154 a=-1491,-3930,240 g=0,-16,8
WFR t=17160 src=mcu type=0x01 len=16 data=aaa6000000000000000000000000b4ce
WFR t=17180 src=mcu type=0x01 len=16 data=aaa7000000000000000000000000b64f
WFI t=17204 a=-1469,-3926,236 g=-1,-16,8
WFR t=17220 src=mcu type=0x01 len=16 data=aaa801801b000000400052a8194013c9
WFR t=17240 src=mcu type=0x01 len=16 data=aaa9028288135c4488132400ec02f999
WFI t=17254 a=-1459,-3916,243 g=-8,1,-13
WFR t=17260 src=mcu type=0x01 len=16 data=aaaa01180080000000000000feff4787
WFR t=17300 src=mcu type=0x01 len=16 data=aaab2e042f000000000000000000eb81
WFI t=17304 a=-1489,-3921,239 g=-4,21,-21
WFR t=17320 src=mcu type=0x01 len=16 data=aaac232c00000000000000000000bdef
WFI t=17354 a=-1487,-3919,233 g=-1,5,-15
WFR t=17360 src=mcu type=0x01 len=16 data=aaad0048005f00021000000100801d27
WFR t=17380 src=mcu type=0x01 len=16 data=aaae55f04b0b18000000803a40005cef
WFR t=17400 src=mcu type=0x01 len=16 data=aaaf08610005460c2f78a00f090076a9
WFI t=17404 a=-1491,-3918,237 g=1,-16,9
WFR t=17440 src=mcu type=0x01 len=16 data=aab001180080000000000000ffff608d
WFI t=17454 a=-1471,-3916,234 g=-5,-23,14
WFR t=17460 src=mcu type=0x01 len=16 data=aab12e042f000000000000000000cd1b
WFR t=17500 src=mcu type=0x01 len=16 data=aab2232c0000000000000000000095f1
WFI t=17504 a=-1467,-3919,235 g=-7,-9,-4
WFR t=17520 src=mcu type=0x01 len=16 data=aab3014a02050030000488001b007188
WFR t=17540 src=mcu type=0x01 len=16 data=aab400009f0ca90c9a0c540600001589
WFI t=17554 a=-1476,-3924,232 g=3,13,-13
WFR t=17580 src=mcu type=0x01 len=16 data=aab51c00e8517918060eb40ab0006e87
WFR t=17600 src=mcu type=0x01 len=16 data=aab6050804080080cb020122f13fc622
WFI t=17604 a=-1472,-3926,243 g=-5,13,-22
WFR t=17640 src=mcu type=0x01 len=16 data=aa8001180080000000000000feff20ed
WFR t=17650 src=bms type=0x02 len=129 data=d2037c0eee0eed0eee0eee0eee0eed0eee0eee0eed0eed0eee0eee0ef20ef10ef20ef10ef20ef20ef30ef30ef20ef30ef30ef30ef20ef30ef30ef30000000000000000003d0000000000000000000000000000042e752f02af0ef30eed003d003d00000157001c0001001d0000000100010ef00006000a00000000000000004ba4
WFI t=17654 a=-1483,-3914,243 g=1,4,-10
WFR t=17660 src=mcu type=0x01 len=16 data=aa812e042f0000000000000000008ceb
WFR t=17680 src=mcu type=0x01 len=16 data=aa82232c00000000000000000000d401
WFI t=17704 a=-1469,-3926,233 g=-2,-19,9
WFR t=17720 src=mcu type=0x01 len=16 data=aa83000100011101b70111019f00058c
WFR t=17740 src=mcu type=0x01 len=16 data=aa840000090a10560001310051c45a55
WFI t=17754 a=-1483,-3911,242 g=-2,-23,9
WFR t=17780 src=mcu type=0x01 len=16 data=aa8513088003e204080b1000507864d4
WFR t=17800 src=mcu type=0x01 len=16 data=aa868403f4010400a00f8813c003f9eb
WFI t=17804 a=-1466,-3912,235 g=-3,-2,-1
WFR t=17850 src=mcu type=0x01 len=16 data=aa8701180080000000000000ffff2a3a
WFI t=17854 a=-1484,-3910,249 g=0,13,-19
WFR t=17860 src=mcu type=0x01 len=16 data=aa882e042f0000000000000000009122
WFR t=17880 src=mcu type=0x01 len=16 data=aa89232c00000000000000000000ce8a
WFI t=17904 a=-1486,-3920,248 g=-2,8,-17
WFR t=17920 src=mcu type=0x01 len=16 data=aa8a480c1c0207284901230020001521
WFR t=17940 src=mcu type=0x01 len=16 data=aa8b40005c03474c775419031a0e80f3
WFI t=17954 a=-1499,-3920,230 g=-4,-1,-5
WFR t=17980 src=mcu type=0x01 len=16 data=aa8c2225bf0420034006b80b3e02672c
WFR t=18000 src=mcu type=0x01 len=16 data=aa8d800c800000006c07102780008244
WFI t=18004 a=-1491,-3925,232 g=-4,-16,5
WFI t=18197 a=-1467,-3918,245 g=-1,-1,-14
WFR t=18197 src=mcu type=0x01 len=16 data=aa8e01180080000000000000ffff37f3
WFR t=18265 src=mcu type=0x01 len=16 data=aa8f2e042f0000000000000000009a65
WFI t=18279 a=-1491,-3907,243 g=1,-3,-4
WFR t=18280 src=mcu type=0x01 len=16 data=aa90232c00000000000000000000edd3
WFR t=18280 src=mcu type=0x01 len=16 data=aa910b000f00465a667332000b9ed1a0
WFR t=18280 src=mcu type=0x01 len=16 data=aa92000000000000000000000000fbba
WFR t=18280 src=mcu type=0x01 len=16 data=aa93d804480804242c01c003214fe1ad
WFR t=18280 src=mcu type=0x01 len=16 data=aa94f0f465fffffff8080d00412af645
WFR t=18280 src=mcu type=0x01 len=16 data=aa9501180080000000000000ffff13e8
WFR t=18281 src=mcu type=0x01 len=16 data=aa962e042f000000000000000000b93c
WFI t=18281 a=-1490,-3915,244 g=-1,-6,1
WFI t=18283 a=-1490,-3915,244 g=-1,-6,1
WFI t=18286 a=-1480,-3916,243 g=0,-9,2
WFR t=18300 src=mcu type=0x01 len=16 data=aa97232c00000000000000000000e694
WFI t=18304 a=-1494,-3919,238 g=0,-15,7
WFR t=18320 src=mcu type=0x01 len=16 data=aa9807010200000056117eea00007aa4
WFR t=18340 src=mcu type=0x01 len=16 data=aa991d00ab04a08c64502748395e1e28
WFI t=18354 a=-1454,-3911,227 g=-4,-20,7
WFR t=18360 src=mcu type=0x01 len=16 data=aa9a646464625f5d5b5955010101d546
WFR t=18400 src=mcu type=0x01 len=16 data=aa9b0101010100000000fbfbecd30e91
WFI t=18404 a=-1461,-3921,242 g=-2,2,-9
WFR t=18420 src=mcu type=0x01 len=16 data=aa9c01180080000000000000ffff0e21
WFI t=18454 a=-1486,-3915,237 g=3,12,-16
WFR t=18460 src=mcu type=0x01 len=16 data=aa9d2e042f000000000000000000a3b7
WFR t=18480 src=mcu type=0x01 len=16 data=aa9e232c00000000000000000000fb5d
WFR t=18500 src=mcu type=0x01 len=16 data=aa9fb5a1b0bfd800000000000000dfe1
WFI t=18504 a=-1484,-3926,244 g=0,-2,-9
WFR t=18540 src=mcu type=0x01 len=16 data=aaa000000000020c000035006a00d1bd
WFI t=18554 a=-1472,-3907,243 g=-8,-9,0
WFR t=18560 src=mcu type=0x01 len=16 data=aaa188044a5357583036323430360894
WFR t=18600 src=mcu type=0x01 len=16 data=aaa231344e4242463930333500005e71
WFI t=18604 a=-1479,-3921,234 g=-6,-16,1
WFR t=18620 src=mcu type=0x01 len=16 data=aaa301180080000000000000ffff5bde
WFR t=18640 src=mcu type=0x01 len=16 data=aaa42e042f000000000000000000ff8e
WFI t=18654 a=-1482,-3924,239 g=-3,-12,6
WFR t=18680 src=mcu type=0x01 len=16 data=aaa5232c00000000000000000000a026
WFR t=18700 src=mcu type=0x01 len=16 data=aaa6000000000000000000000000b4ce
WFI t=18704 a=-1472,-3913,236 g=-1,7,-13
WFR t=18730 src=bms type=0x02 len=129 data=d2037c0eee0eed0eee0eee0eee0eed0eee0eee0eed0eed0eee0eee0ef10ef10ef20ef10ef20ef20ef30ef30ef20ef30ef30ef40ef20ef30ef30ef30000000000000000003d0000000000000000000000000000042e752f02af0ef30eed003d003d00000157001c0001001d0000000100010ef00006000a0000000000000000d394
WFR t=18740 src=mcu type=0x01 len=16 data=aaa7000000000000000000000000b64f
WFI t=18754 a=-1487,-3926,240 g=-3,16,-20
WFR t=18760 src=mcu type=0x01 len=16 data=aaa801801b000000400052a8194013c9
WFR t=18780 src=mcu type=0x01 len=16 data=aaa9028288135c4488132400ec02f999
WFI t=18804 a=-1492,-3914,241 g=-3,-6,-3
WFR t=18820 src=mcu type=0x01 len=16 data=aaaa01180080000000000000feff4787
WFR t=18840 src=mcu type=0x01 len=16 data=aaab2e042f000000000000000000eb81
WFI t=18854 a=-1465,-3929,239 g=-6,-20,7
WFR t=18880 src=mcu type=0x01 len=16 data=aaac232c00000000000000000000bdef
WFR t=18900 src=mcu type=0x01 len=16 data=aaad0048005f00021000000100801d27
WFI t=18904 a=-1484,-3919,241 g=-3,-12,2
WFR t=18940 src=mcu type=0x01 len=16 data=aaae55f04b0b18000000803a40005cef
WFI t=18954 a=-1483,-3916,241 g=-4,-2,-4
WFR t=18960 src=mcu type=0x01 len=16 data=aaaf08610005460c2f78a00f090076a9
WFR t=18980 src=mcu type=0x01 len=16 data=aab001180080000000000100feff60e1
WFI t=19004 a=-1470,-3927,241 g=1,8,-13
WFR t=19020 src=mcu type=0x01 len=16 data=aab12e042f000000000000000000cd1b
WFR t=19040 src=mcu type=0x01 len=16 data=aab2232c0000000000000000000095f1
WFI t=19054 a=-1486,-3922,231 g=-8,9,-18
WFR t=19080 src=mcu type=0x01 len=16 data=aab3014a02050030000488001b007188
WFR t=19100 src=mcu type=0x01 len=16 data=aab400009f0ca90c9a0c540600001589
WFI t=19104 a=-1497,-3916,231 g=-4,-9,0
WFR t=19121 src=mcu type=0x01 len=16 data=aab51c00e8517918060ed80ab00073d7
WFI t=19154 a=-1477,-3919,242 g=-4,-18,7
WFR t=19160 src=mcu type=0x01 len=16 data=aab6050804080080cb020122f13fc622
WFR t=19180 src=mcu type=0x01 len=16 data=aa8001180080000000000000feff20ed
WFI t=19204 a=-1474,-3917,250 g=-1,-4,-3
WFR t=19220 src=mcu type=0x01 len=16 data=aa812e042f0000000000000000008ceb
WFR t=19240 src=mcu type=0x01 len=16 data=aa82232c00000000000000000000d401
WFI t=19254 a=-1476,-3931,243 g=-2,-3,-6
WFR t=19260 src=mcu type=0x01 len=16 data=aa83000100011101b70111019f00058c
WFR t=19300 src=mcu type=0x01 len=16 data=aa840000090a10560001310051c45a55
WFI t=19304 a=-1460,-3923,227 g=-2,5,-13
WFR t=19320 src=mcu type=0x01 len=16 data=aa8513088003e204080b1000507864d4
WFI t=19354 a=-1484,-3910,237 g=-5,6,-16
WFR t=19360 src=mcu type=0x01 len=16 data=aa868403f4010400a00f8813c003f9eb
WFR t=19380 src=mcu type=0x01 len=16 data=aa870118008000000000ffffffff2a1e
WFI t=19404 a=-1482,-3913,245 g=0,-8,2
WFR t=19420 src=mcu type=0x01 len=16 data=aa882e042f0000000000000000009122
WFR t=19440 src=mcu type=0x01 len=16 data=aa89232c00000000000000000000ce8a
WFI t=19454 a=-1485,-3927,239 g=-6,-19,7
WFR t=19460 src=mcu type=0x01 len=16 data=aa8a480c1c0207284901230020001521
WFR t=19500 src=mcu type=0x01 len=16 data=aa8b40005c03474c775419031a0e80f3
WFI t=19504 a=-1472,-3915,251 g=-2,-8,1
WFR t=19520 src=mcu type=0x01 len=16 data=aa8c2225bf0420034006b80b3e02672c
WFI t=19554 a=-1468,-3909,244 g=-1,4,-9
WFR t=19560 src=mcu type=0x01 len=16 data=aa8d800c800000006c07102780008244
WFR t=19580 src=mcu type=0x01 len=16 data=aa8e01180080000000000000feff3663
WFR t=19600 src=mcu type=0x01 len=16 data=aa8f2e042f0000000000000000009a65
WFI t=19604 a=-1477,-3909,245 g=2,16,-20
WFR t=19640 src=mcu type=0x01 len=16 data=aa90232c00000000000000000000edd3
WFI t=19654 a=-1478,-3912,232 g=-1,4,-12
WFR t=19660 src=mcu type=0x01 len=16 data=aa910b000f00465a667332000b9ed1a0
WFR t=19700 src=mcu type=0x01 len=16 data=aa92000000000000000000000000fbba
WFI t=19704 a=-1491,-3912,237 g=-2,-18,8
WFR t=19720 src=mcu type=0x01 len=16 data=aa93d804480804242c01c003214fe1ad
WFR t=19735 src=bms type=0x02 len=129 data=d2037c0eee0eed0eee0eee0eee0eed0eee0eee0eed0eed0eee0eef0ef10ef20ef20ef10ef20ef20ef30ef30ef30ef30ef40ef30ef20ef30ef30ef30000000000000000003d0000000000000000000000000000042e752f02af0ef40eed003d003d00000157001c0001001d0000000100010ef00007000a00000000000000001938
WFR t=19740 src=mcu type=0x01 len=16 data=aa94f0f465fffffff8080d00412af645
WFI t=19754 a=-1469,-3928,243 g=-5,-14,6
WFR t=19801 src=mcu type=0x01 len=16 data=aa950118008000000000ffffffff13cc
WFR t=19801 src=mcu type=0x01 len=16 data=aa962e042f000000000000000000b93c
WFI t=19804 a=-1474,-3917,246 g=-3,-5,-6
WFR t=19840 src=mcu type=0x01 len=16 data=aa97232c00000000000000000000e694
WFI t=19854 a=-1467,-3918,243 g=-2,7,-8
WFR t=19860 src=mcu type=0x01 len=16 data=aa9807010200000056117eea00007aa4
WFR t=19880 src=mcu type=0x01 len=16 data=aa991d00ab04a08c64502748395e1e28
WFI t=19904 a=-1479,-3917,228 g=-8,10,-18
WFR t=19920 src=mcu type=0x01 len=16 data=aa9a646464625f5d5b5955010101d546
WFR t=19940 src=mcu type=0x01 len=16 data=aa9b0101010100000000fbfbecd30e91
WFI t=19954 a=-1496,-3932,239 g=-3,1,-8
WFR t=19981 src=mcu type=0x01 len=16 data=aa9c01180080000000000000ffff0e21
WFR t=20000 src=mcu type=0x01 len=16 data=aa9d2e042f000000000000000000a3b7
WFI t=20004 a=-1483,-3914,251 g=-3,-20,10
WFR t=20054 src=mcu type=0x01 len=16 data=aa9e232c00000000000000000000fb5d
WFI t=20138 a=-1472,-3921,237 g=-2,-10,1
WFR t=20152 src=mcu type=0x01 len=16 data=aa9fb5a1b0bfd800000000000000dfe1
WFR t=20153 src=mcu type=0x01 len=16 data=aaa000000000020c000035006a00d1bd
WFR t=20153 src=mcu type=0x01 len=16 data=aaa188044a5357583036323430360894
WFR t=20153 src=mcu type=0x01 len=16 data=aaa231344e4242463930333500005e71
WFI t=20153 a=-1481,-3922,251 g=2,5,-7
WFI t=20155 a=-1494,-3909,246 g=-1,0,-5
WFR t=20181 src=mcu type=0x01 len=16 data=aaa301180080000000000000feff5a4e
WFR t=20200 src=mcu type=0x01 len=16 data=aaa42e042f000000000000000000ff8e
WFI t=20204 a=-1471,-3916,224 g=-4,4,-7
WFR t=20220 src=mcu type=0x01 len=16 data=aaa5232c00000000000000000000a026
WFI t=20254 a=-1490,-3928,249 g=-2,-4,-10
WFR t=20260 src=mcu type=0x01 len=16 data=aaa6000000000000000000000000b4ce
WFR t=20280 src=mcu type=0x01 len=16 data=aaa7000000000000000000000000b64f
WFI t=20304 a=-1486,-3914,246 g=0,-19,7
WFR t=20320 src=mcu type=0x01 len=16 data=aaa801801b000000400052a8194013c9
WFR t=20340 src=mcu type=0x01 len=16 data=aaa9028288135c4488132400ec02f999
WFI t=20354 a=-1468,-3926,237 g=-6,-7,-1
WFR t=20360 src=mcu type=0x01 len=16 data=aaaa01180080000000000000ffff4617
WFR t=20400 src=mcu type=0x01 len=16 data=aaab2e042f000000000000000000eb81
WFI t=20404 a=-1490,-3913,243 g=0,19,-22
WFR t=20420 src=mcu type=0x01 len=16 data=aaac232c00000000000000000000bdef
WFI t=20454 a=-1490,-3920,228 g=1,3,-9
WFR t=20460 src=mcu type=0x01 len=16 data=aaad0048005f00021000000100801d27
WFR t=20480 src=mcu type=0x01 len=16 data=aaae55f04b0b18000000803a40005cef
WFR t=20500 src=mcu type=0x01 len=16 data=aaaf08610005460c2f78a00f090076a9
WFI t=20504 a=-1485,-3914,244 g=-1,-18,8
WFR t=20541 src=mcu type=0x01 len=16 data=aab001180080000000000000ffff608d
WFT t=20542 batt_mv=4220 rssi_mcu=-71 rssi_bms=-74 mcu=733 bms=26 dropped=0
WFI t=20554 a=-1476,-3914,247 g=-7,-12,-2
WFR t=20560 src=mcu type=0x01 len=16 data=aab12e042f000000000000000000cd1b
WFR t=20600 src=mcu type=0x01 len=16 data=aab2232c0000000000000000000095f1
WFI t=20604 a=-1484,-3925,248 g=1,-1,-2
WFR t=20620 src=mcu type=0x01 len=16 data=aab3014a02050030000488001b007188
WFI t=20654 a=-1473,-3923,254 g=-1,-1,-5
WFR t=20660 src=mcu type=0x01 len=16 data=aab400009f0ca90c9a0c540600001589
WFR t=20680 src=mcu type=0x01 len=16 data=aab51c00e8517918060ecd0ab00077db
WFR t=20700 src=mcu type=0x01 len=16 data=aab6050804080080cb020122f13fc622
WFI t=20704 a=-1483,-3904,239 g=-6,6,-14
WFR t=20741 src=mcu type=0x01 len=16 data=aa8001180080000000000000feff20ed
WFI t=20754 a=-1498,-3905,246 g=-7,-6,-7
WFR t=20760 src=mcu type=0x01 len=16 data=aa812e042f0000000000000000008ceb
WFR t=20770 src=bms type=0x02 len=129 data=d2037c0eee0eed0eee0eee0eee0eed0eee0eee0eec0eed0eee0eef0ef10ef10ef20ef10ef20ef20ef30ef30ef20ef30ef40ef40ef20ef30ef30ef30000000000000000003d0000000000000000000000000000042e752f02af0ef40eec003d003d00000157001c0001001d0000000100010ef00008000a00000000000000006fe2
WFR t=20800 src=mcu type=0x01 len=16 data=aa82232c00000000000000000000d401
WFI t=20804 a=-1465,-3908,253 g=0,-13,5
WFR t=20820 src=mcu type=0x01 len=16 data=aa83000100011101b70111019f00058c
WFR t=20840 src=mcu type=0x01 len=16 data=aa840000090a10560001310051c45a55
WFI t=20854 a=-1473,-3919,243 g=-4,-4,-6
WFR t=20880 src=mcu type=0x01 len=16 data=aa8513088003e204080b1000507864d4
WFR t=20900 src=mcu type=0x01 len=16 data=aa868403f4010400a00f8813c003f9eb
WFI t=20904 a=-1478,-3905,239 g=0,-1,-5
WFR t=20941 src=mcu type=0x01 len=16 data=aa8701180080000000000000feff2baa
WFI t=20954 a=-1472,-3915,242 g=-5,-5,-2
WFR t=20960 src=mcu type=0x01 len=16 data=aa882e042f0000000000000000009122
WFR t=20980 src=mcu type=0x01 len=16 data=aa89232c00000000000000000000ce8a
WFI t=21004 a=-1473,-3933,237 g=-9,2,-12
WFI t=21060 a=-1491,-3925,241 g=-4,-1,-9
WFR t=21061 src=mcu type=0x01 len=16 data=aa8a480c1c0207284901230020001521
WFR t=21061 src=mcu type=0x01 len=16 data=aa8b40005c03474c775419031a0e80f3
WFR t=21080 src=mcu type=0x01 len=16 data=aa8c2225bf0420034006b80b3e02672c
WFR t=21100 src=mcu type=0x01 len=16 data=aa8d800c800000006c07102780008244
WFI t=21104 a=-1481,-3912,245 g=-1,-12,5
WFR t=21141 src=mcu type=0x01 len=16 data=aa8e0118008000000000fffffeff3647
WFI t=21154 a=-1471,-3916,243 g=-6,-8,1
WFR t=21160 src=mcu type=0x01 len=16 data=aa8f2e042f0000000000000000009a65
WFR t=21180 src=mcu type=0x01 len=16 data=aa90232c00000000000000000000edd3
WFI t=21204 a=-1488,-3908,240 g=-6,-1,-7
WFR t=21220 src=mcu type=0x01 len=16 data=aa910b000f00465a667332000b9ed1a0
WFR t=21240 src=mcu type=0x01 len=16 data=aa92000000000000000000000000fbba
WFI t=21254 a=-1469,-3913,244 g=-1,1,-6
WFR t=21280 src=mcu type=0x01 len=16 data=aa93d804480804242c01c003214fe1ad
WFR t=21300 src=mcu type=0x01 len=16 data=aa94f0f465fffffff8080d00412af645
WFI t=21304 a=-1472,-3927,247 g=-6,5,-13
WFR t=21320 src=mcu type=0x01 len=16 data=aa950118008000000000ffffffff13cc
WFI t=21354 a=-1493,-3924,246 g=-1,2,-8
WFR t=21360 src=mcu type=0x01 len=16 data=aa962e042f000000000000000000b93c
WFR t=21380 src=mcu type=0x01 len=16 data=aa97232c00000000000000000000e694
WFI t=21404 a=-1496,-3917,241 g=-1,-24,7
WFR t=21420 src=mcu type=0x01 len=16 data=aa9807010200000056117eea00007aa4
WFR t=21440 src=mcu type=0x01 len=16 data=aa991d00ab04a08c64502748395e1e28
WFI t=21454 a=-1471,-3914,244 g=-1,-11,3
WFR t=21460 src=mcu type=0x01 len=16 data=aa9a646464625f5d5b5955010101d546
WFR t=21500 src=mcu type=0x01 len=16 data=aa9b0101010100000000fbfbecd30e91
WFI t=21504 a=-1478,-3914,231 g=1,10,-17
WFR t=21521 src=mcu type=0x01 len=16 data=aa9c01180080000000000100feff0e4d
WFI t=21554 a=-1498,-3910,248 g=-2,4,-9
WFR t=21560 src=mcu type=0x01 len=16 data=aa9d2e042f000000000000000000a3b7
WFR t=21580 src=mcu type=0x01 len=16 data=aa9e232c00000000000000000000fb5d
WFI t=21604 a=-1471,-3930,224 g=-1,-4,-5
WFR t=21620 src=mcu type=0x01 len=16 data=aa9fb5a1b0bfd800000000000000dfe1
WFR t=21640 src=mcu type=0x01 len=16 data=aaa000000000020c000035006a00d1bd
WFI t=21654 a=-1483,-3924,248 g=-6,0,-5
WFR t=21660 src=mcu type=0x01 len=16 data=aaa188044a5357583036323430360894
WFR t=21700 src=mcu type=0x01 len=16 data=aaa231344e4242463930333500005e71
WFI t=21704 a=-1493,-3909,242 g=-4,-15,7
WFR t=21721 src=mcu type=0x01 len=16 data=aaa301180080000000000000ffff5bde
WFR t=21730 src=bms type=0x02 len=129 data=d2037c0eee0eed0eee0eee0eee0eed0eee0eee0eed0eee0eee0eef0ef10ef20ef20ef10ef20ef20ef30ef30ef30ef30ef40ef40ef20ef30ef30ef30000000000000000003d0000000000000000000000000000042e752e02af0ef40eec003d003d00000157001c0001001d0000000100010ef00008001500000000000000008fa1
WFI t=21754 a=-1463,-3924,243 g=-4,-2,-1
WFR t=21761 src=mcu type=0x01 len=16 data=aaa42e042f000000000000000000ff8e
WFR t=21780 src=mcu type=0x01 len=16 data=aaa5232c00000000000000000000a026
WFR t=21800 src=mcu type=0x01 len=16 data=aaa6000000000000000000000000b4ce
WFI t=21804 a=-1485,-3921,247 g=-4,8,-18
WFI t=21854 a=-1493,-3913,235 g=0,3,-7
WFR t=21861 src=mcu type=0x01 len=16 data=aaa7000000000000000000000000b64f
WFR t=21861 src=mcu type=0x01 len=16 data=aaa801801b000000400052a8194013c9
WFR t=21900 src=mcu type=0x01 len=16 data=aaa9028288135c4488132400ec02f999
WFI t=21904 a=-1474,-3905,240 g=-4,-6,-3
WFR t=21921 src=mcu type=0x01 len=16 data=aaaa01180080000000000000ffff4617
WFR t=21940 src=mcu type=0x01 len=16 data=aaab2e042f000000000000000000eb81
WFI t=21954 a=-1499,-3930,246 g=-5,-9,-4
WFR t=21980 src=mcu type=0x01 len=16 data=aaac232c00000000000000000000bdef
WFR t=22000 src=mcu type=0x01 len=16 data=aaad0048005f00021000000100801d27
WFI t=22004 a=-1480,-3913,246 g=-5,-21,11
WFR t=22075 src=mcu type=0x01 len=16 data=aaae55f04b0b18000000803a40005cef
WFR t=22076 src=mcu type=0x01 len=16 data=aaaf08610005460c2f78a00f090076a9
WFI t=22121 a=-1467,-3911,246 g=1,15,-19
WFR t=22122 src=mcu type=0x01 len=16 data=aab001180080000000000000ffff608d
WFR t=22122 src=mcu type=0x01 len=16 data=aab12e042f000000000000000000cd1b
WFI t=22128 a=-1489,-3920,244 g=-2,18,-24
WFR t=22142 src=mcu type=0x01 len=16 data=aab2232c0000000000000000000095f1
WFI t=22155 a=-1500,-3913,234 g=-4,-1,-9
WFI t=22296 a=-1473,-3924,247 g=-3,-19,3
WFI t=22384 a=-1482,-3907,250 g=1,-17,6
WFR t=22385 src=mcu type=0x01 len=16 data=aab3014a02050030000488001b007188
WFR t=22385 src=mcu type=0x01 len=16 data=aab400009f0ca90c9a0c540600001589
WFR t=22385 src=mcu type=0x01 len=16 data=aab51c00e8517918060ebb0ab0006d93
WFR t=22385 src=mcu type=0x01 len=16 data=aab6050804080080cb020122f13fc622
WFR t=22386 src=mcu type=0x01 len=16 data=aa8001180080000000000000ffff217d
WFR t=22386 src=mcu type=0x01 len=16 data=aa812e042f0000000000000000008ceb
WFR t=22386 src=mcu type=0x01 len=16 data=aa82232c00000000000000000000d401
WFI t=22386 a=-1482,-3917,230 g=0,21,-29
WFR t=22386 src=mcu type=0x01 len=16 data=aa83000100011101b70111019f00058c
WFI t=22388 a=-1482,-3917,230 g=0,21,-29
WFR t=22400 src=mcu type=0x01 len=16 data=aa840000090a10560001310051c45a55
WFI t=22404 a=-1495,-3908,234 g=-2,21,-27
WFR t=22420 src=mcu type=0x01 len=16 data=aa8513088003e204080b1000507864d4
WFI t=22454 a=-1494,-3911,245 g=1,-8,5
WFR t=22460 src=mcu type=0x01 len=16 data=aa868403f4010400a00f8813c003f9eb
WFR t=22481 src=mcu type=0x01 len=16 data=aa8701180080000000000000ffff2a3a
WFI t=22504 a=-1464,-3921,242 g=-6,-17,6
WFR t=22520 src=mcu type=0x01 len=16 data=aa882e042f0000000000000000009122
WFR t=22540 src=mcu type=0x01 len=16 data=aa89232c00000000000000000000ce8a
WFI t=22554 a=-1492,-3912,241 g=-5,-5,-3
WFR t=22560 src=mcu type=0x01 len=16 data=aa8a480c1c0207284901230020001521
WFR t=22601 src=mcu type=0x01 len=16 data=aa8b40005c03474c775419031a0e80f3
WFI t=22604 a=-1478,-3911,233 g=1,-10,0
WFR t=22620 src=mcu type=0x01 len=16 data=aa8c2225bf0420034006b80b3e02672c
WFI t=22654 a=-1470,-3914,240 g=-1,8,-14
WFR t=22660 src=mcu type=0x01 len=16 data=aa8d800c800000006c07102780008244
WFR t=22681 src=mcu type=0x01 len=16 data=aa8e01180080000000000000feff3663
WFI t=22704 a=-1502,-3917,250 g=-3,12,-21
WFR t=22721 src=mcu type=0x01 len=16 data=aa8f2e042f0000000000000000009a65
WFI t=22754 a=-1487,-3909,244 g=-3,-16,1
WFR t=22761 src=mcu type=0x01 len=16 data=aa90232c00000000000000000000edd3
WFR t=22761 src=mcu type=0x01 len=16 data=aa910b000f00465a667332000b9ed1a0
WFR t=22795 src=bms type=0x02 len=129 data=d2037c0eee0eed0eee0eee0eee0eed0eee0eee0eed0eed0eee0eee0ef10ef20ef20ef10ef20ef20ef30ef30ef30ef30ef40ef30ef20ef30ef30ef30000000000000000003d0000000000000000000000000000042e752f02af0ef40eed003d003d00000157001c0001001d0000000100010ef00007000a00000000000000008e15
WFR t=22800 src=mcu type=0x01 len=16 data=aa92000000000000000000000000fbba
WFI t=22804 a=-1480,-3912,233 g=-4,-20,9
WFR t=22820 src=mcu type=0x01 len=16 data=aa93d804480804242c01c003214fe1ad
WFI t=22854 a=-1479,-3925,229 g=-5,-6,1
WFR t=22860 src=mcu type=0x01 len=16 data=aa94f0f465fffffff8080d00412af645
WFR t=22881 src=mcu type=0x01 len=16 data=aa9501180080000000000000ffff13e8
WFR t=22901 src=mcu type=0x01 len=16 data=aa962e042f000000000000000000b93c
WFI t=22904 a=-1476,-3924,248 g=-6,3,-10
WFR t=22940 src=mcu type=0x01 len=16 data=aa97232c00000000000000000000e694
WFI t=22954 a=-1478,-3921,251 g=-3,12,-19
WFR t=22960 src=mcu type=0x01 len=16 data=aa9807010200000056117eea00007aa4
WFR t=23000 src=mcu type=0x01 len=16 data=aa991d00ab04a08c64502748395e1e28
WFI t=23004 a=-1497,-3922,239 g=-4,-3,-8
WFR t=23021 src=mcu type=0x01 len=16 data=aa9a646464625f5d5b5955010101d546
WFR t=23040 src=mcu type=0x01 len=16 data=aa9b0101010100000000fbfbecd30e91
WFI t=23054 a=-1480,-3918,243 g=-2,-14,4
WFR t=23081 src=mcu type=0x01 len=16 data=aa9c01180080000000000000feff0fb1
WFR t=23100 src=mcu type=0x01 len=16 data=aa9d2e042f000000000000000000a3b7
WFI t=23104 a=-1480,-3919,247 g=-2,-10,5
WFR t=23140 src=mcu type=0x01 len=16 data=aa9e232c00000000000000000000fb5d
WFI t=23154 a=-1485,-3919,256 g=-1,-12,1
WFR t=23160 src=mcu type=0x01 len=16 data=aa9fb5a1b0bfd800000000000000dfe1
WFR t=23180 src=mcu type=0x01 len=16 data=aaa000000000020c000035006a00d1bd
WFI t=23204 a=-1474,-3931,246 g=-4,8,-13
WFR t=23220 src=mcu type=0x01 len=16 data=aaa188044a5357583036323430360894
WFR t=23240 src=mcu type=0x01 len=16 data=aaa231344e4242463930333500005e71
WFI t=23254 a=-1492,-3919,244 g=-6,12,-21
WFR t=23281 src=mcu type=0x01 len=16 data=aaa301180080000000000000ffff5bde
WFR t=23300 src=mcu type=0x01 len=16 data=aaa42e042f000000000000000000ff8e
WFI t=23304 a=-1482,-3908,234 g=2,3,-5
WFR t=23340 src=mcu type=0x01 len=16 data=aaa5232c00000000000000000000a026
WFI t=23354 a=-1481,-3927,241 g=-6,-20,8
WFR t=23360 src=mcu type=0x01 len=16 data=aaa6000000000000000000000000b4ce
WFR t=23380 src=mcu type=0x01 len=16 data=aaa7000000000000000000000000b64f
WFI t=23404 a=-1473,-3904,240 g=-4,-16,8
WFR t=23421 src=mcu type=0x01 len=16 data=aaa801801b000000400052a8194013c9
WFR t=23441 src=mcu type=0x01 len=16 data=aaa9028288135c4488132400ec02f999
WFI t=23454 a=-1461,-3924,243 g=-4,-1,-8
WFR t=23481 src=mcu type=0x01 len=16 data=aaaa01180080000000000000ffff4617
WFR t=23501 src=mcu type=0x01 len=16 data=aaab2e042f000000000000000000eb81
WFI t=23504 a=-1486,-3914,248 g=-1,14,-15
WFR t=23520 src=mcu type=0x01 len=16 data=aaac232c00000000000000000000bdef
WFI t=23554 a=-1473,-3921,242 g=-1,13,-16
WFR t=23560 src=mcu type=0x01 len=16 data=aaad0048005f00021000000100801d27
WFR t=23580 src=mcu type=0x01 len=16 data=aaae55f04b0b18000000803a40005cef
WFI t=23604 a=-1491,-3905,235 g=-1,-12,0
WFR t=23620 src=mcu type=0x01 len=16 data=aaaf08610005460c2f78a00f090076a9
WFR t=23641 src=mcu type=0x01 len=16 data=aab001180080000000000000ffff608d
WFI t=23654 a=-1475,-3898,235 g=-8,-28,16
WFR t=23661 src=mcu type=0x01 len=16 data=aab12e042f000000000000000000cd1b
WFR t=23700 src=mcu type=0x01 len=16 data=aab2232c0000000000000000000095f1
WFI t=23704 a=-1465,-3905,238 g=-6,-8,0
WFR t=23720 src=mcu type=0x01 len=16 data=aab3014a02050030000488001b007188
WFI t=23754 a=-1480,-3925,247 g=-6,11,-19
WFR t=23760 src=mcu type=0x01 len=16 data=aab400009f0ca90c9a0c540600001589
WFR t=23770 src=bms type=0x02 len=129 data=d2037c0eee0eed0eee0eee0eee0eed0eee0eee0eed0eee0eee0eee0ef20ef10ef20ef10ef20ef20ef30ef30ef20ef30ef30ef30ef10ef30ef30ef30000000000000000003d0000000000000000000000000000042e752f02af0ef30eed003d003d00000157001c0001001d0000000100010ef00006000a00000000000000008867
WFR t=23780 src=mcu type=0x01 len=16 data=aab51c00e8517918060ebb0ab0006d93
WFR t=23800 src=mcu type=0x01 len=16 data=aab6050804080080cb020122f13fc622
WFI t=23804 a=-1487,-3918,244 g=-4,11,-14
WFR t=23841 src=mcu type=0x01 len=16 data=aa8001180080000000000000ffff217d
WFI t=23854 a=-1480,-3919,245 g=-5,-1,-10
WFR t=23861 src=mcu type=0x01 len=16 data=aa812e042f0000000000000000008ceb
WFR t=23900 src=mcu type=0x01 len=16 data=aa82232c00000000000000000000d401
WFI t=23904 a=-1495,-3915,243 g=-1,-15,7
WFR t=23920 src=mcu type=0x01 len=16 data=aa83000100011101b70111019f00058c
WFI t=23954 a=-1467,-3921,244 g=-4,-17,8
WFR t=23960 src=mcu type=0x01 len=16 data=aa840000090a10560001310051c45a55
WFR t=23980 src=mcu type=0x01 len=16 data=aa8513088003e204080b1000507864d4
WFR t=24000 src=mcu type=0x01 len=16 data=aa868403f4010400a00f8813c003f9eb
WFI t=24004 a=-1464,-3928,249 g=-9,-2,-8
WFR t=24041 src=mcu type=0x01 len=16 data=aa8701180080000000000000feff2baa
WFI t=24157 a=-1472,-3905,240 g=-3,6,-16
WFI t=24172 a=-1493,-3924,241 g=-4,-1,-6
WFR t=24172 src=mcu type=0x01 len=16 data=aa882e042f0000000000000000009122
WFR t=24172 src=mcu type=0x01 len=16 data=aa89232c00000000000000000000ce8a
WFR t=24173 src=mcu type=0x01 len=16 data=aa8a480c1c0207284901230020001521
WFR t=24173 src=mcu type=0x01 len=16 data=aa8b40005c03474c775419031a0e80f3
WFI t=24174 a=-1490,-3915,234 g=2,-7,0
WFR t=24180 src=mcu type=0x01 len=16 data=aa8c2225bf0420034006b80b3e02672c
WFR t=24200 src=mcu type=0x01 len=16 data=aa8d800c800000006c07102780008244
WFI t=24204 a=-1486,-3911,246 g=-2,-19,6
WFR t=24241 src=mcu type=0x01 len=16 data=aa8e01180080000000000000feff3663
WFI t=24254 a=-1461,-3915,246 g=-2,-19,8
WFR t=24261 src=mcu type=0x01 len=16 data=aa8f2e042f0000000000000000009a65
WFR t=24280 src=mcu type=0x01 len=16 data=aa90232c00000000000000000000edd3
WFI t=24304 a=-1460,-3920,247 g=-3,2,-11
WFI t=24363 a=-1488,-3925,236 g=-6,12,-21
WFR t=24364 src=mcu type=0x01 len=16 data=aa910b000f00465a667332000b9ed1a0
WFR t=24364 src=mcu type=0x01 len=16 data=aa92000000000000000000000000fbba
WFR t=24381 src=mcu type=0x01 len=16 data=aa93d804480804242c01c003214fe1ad
WFR t=24401 src=mcu type=0x01 len=16 data=aa94f0f465fffffff8080d00412af645
WFI t=24404 a=-1494,-3927,236 g=-1,6,-10
WFR t=24441 src=mcu type=0x01 len=16 data=aa9501180080000000000000ffff13e8
WFI t=24454 a=-1485,-3933,251 g=-6,-14,3
WFR t=24461 src=mcu type=0x01 len=16 data=aa962e042f000000000000000000b93c
WFR t=24500 src=mcu type=0x01 len=16 data=aa97232c00000000000000000000e694
WFI t=24504 a=-1477,-3920,248 g=-3,-18,8
WFR t=24520 src=mcu type=0x01 len=16 data=aa9807010200000056117eea00007aa4
WFR t=24540 src=mcu type=0x01 len=16 data=aa991d00ab04a08c64502748395e1e28
WFI t=24554 a=-1461,-3928,239 g=-4,-5,1
WFR t=24581 src=mcu type=0x01 len=16 data=aa9a646464625f5d5b5955010101d546
WFR t=24600 src=mcu type=0x01 len=16 data=aa9b0101010100000000fbfbecd30e91
WFI t=24604 a=-1460,-3915,244 g=2,10,-12
WFR t=24621 src=mcu type=0x01 len=16 data=aa9c01180080000000000000ffff0e21
WFI t=24654 a=-1475,-3909,247 g=-3,17,-22
WFR t=24661 src=mcu type=0x01 len=16 data=aa9d2e042f000000000000000000a3b7
WFR t=24680 src=mcu type=0x01 len=16 data=aa9e232c00000000000000000000fb5d
WFI t=24704 a=-1491,-3919,247 g=-3,-4,-1
WFR t=24720 src=mcu type=0x01 len=16 data=aa9fb5a1b0bfd800000000000000dfe1
WFR t=24740 src=mcu type=0x01 len=16 data=aaa000000000020c000035006a00d1bd
WFI t=24754 a=-1491,-3913,240 g=-8,-33,11
WFR t=24761 src=mcu type=0x01 len=16 data=aaa188044a5357583036323430360894
WFR t=24801 src=mcu type=0x01 len=16 data=aaa231344e4242463930333500005e71
WFI t=24804 a=-1468,-3915,239 g=-11,-15,9
WFR t=24806 src=bms type=0x02 len=129 data=d2037c0eee0eed0eee0eee0eee0eed0eee0eee0eed0eed0eee0eee0ef20ef10ef20ef10ef20ef20ef30ef30ef30ef30ef40ef40ef20ef30ef30ef30000000000000000003d0000000000000000000000000000042e752f02af0ef40eed003d003d00000157001c0001001d0000000100010ef00007000a00000000000000003b52
WFR t=24821 src=mcu type=0x01 len=16 data=aaa301180080000000000000ffff5bde
WFI t=24854 a=-1466,-3927,242 g=-6,-3,-11
WFR t=24861 src=mcu type=0x01 len=16 data=aaa42e042f000000000000000000ff8e
WFR t=24880 src=mcu type=0x01 len=16 data=aaa5232c00000000000000000000a026
WFR t=24900 src=mcu type=0x01 len=16 data=aaa6000000000000000000000000b4ce
WFI t=24904 a=-1491,-3919,250 g=-7,-4,-16
WFR t=24940 src=mcu type=0x01 len=16 data=aaa7000000000000000000000000b64f
WFI t=24954 a=-1477,-3921,231 g=-5,7,-15
WFR t=24960 src=mcu type=0x01 len=16 data=aaa801801b000000400052a8194013c9
WFR t=25000 src=mcu type=0x01 len=16 data=aaa9028288135c4488132400ec02f999
WFI t=25004 a=-1492,-3913,250 g=-4,4,-13
WFR t=25021 src=mcu type=0x01 len=16 data=aaaa01180080000000000000ffff4617
WFI t=25054 a=-1485,-3922,240 g=-6,-12,8
WFR t=25061 src=mcu type=0x01 len=16 data=aaab2e042f000000000000000000eb81
WFR t=25080 src=mcu type=0x01 len=16 data=aaac232c00000000000000000000bdef
WFR t=25100 src=mcu type=0x01 len=16 data=aaad0048005f00021000000100801d27
WFI t=25104 a=-1478,-3926,235 g=0,-14,5
WFR t=25140 src=mcu type=0x01 len=16 data=aaae55f04b0b18000000803a40005cef
WFI t=25154 a=-1474,-3914,241 g=-5,-4,-5
WFR t=25160 src=mcu type=0x01 len=16 data=aaaf08610005460c2f78a00f090076a9
WFR t=25201 src=mcu type=0x01 len=16 data=aab001180080000000000000ffff608d
WFI t=25204 a=-1463,-3915,243 g=-2,8,-6
WFR t=25221 src=mcu type=0x01 len=16 data=aab12e042f000000000000000000cd1b
WFR t=25240 src=mcu type=0x01 len=16 data=aab2232c0000000000000000000095f1
WFI t=25254 a=-1475,-3920,235 g=0,8,-18
WFR t=25280 src=mcu type=0x01 len=16 data=aab3014a02050030000488001b007188
WFR t=25300 src=mcu type=0x01 len=16 data=aab400009f0ca90c9a0c540600001589
WFI t=25304 a=-1502,-3917,251 g=-4,-4,-4
WFR t=25340 src=mcu type=0x01 len=16 data=aab51c00e8517918060e7f0ab00050a3
WFI t=25354 a=-1479,-3921,235 g=-6,-27,9
WFR t=25361 src=mcu type=0x01 len=16 data=aab6050804080080cb020122f13fc622
WFR t=25381 src=mcu type=0x01 len=16 data=aa8001180080000000000000ffff217d
WFI t=25404 a=-1464,-3914,242 g=-4,-9,2
WFR t=25421 src=mcu type=0x01 len=16 data=aa812e042f0000000000000000008ceb
WFR t=25441 src=mcu type=0x01 len=16 data=aa82232c00000000000000000000d401
WFI t=25454 a=-1478,-3910,224 g=-2,13,-16
WFR t=25481 src=mcu type=0x01 len=16 data=aa83000100011101b70111019f00058c
WFR t=25500 src=mcu type=0x01 len=16 data=aa840000090a10560001310051c45a55
WFI t=25504 a=-1496,-3920,252 g=-2,4,-14
WFR t=25541 src=mcu type=0x01 len=16 data=aa8513088003e204080b1000507864d4
WFI t=25554 a=-1486,-3914,237 g=-2,-14,3
WFR t=25560 src=mcu type=0x01 len=16 data=aa868403f4010400a00f8813c003f9eb
WFR t=25581 src=mcu type=0x01 len=16 data=aa8701180080000000000000feff2baa
WFT t=25583 batt_mv=4222 rssi_mcu=-71 rssi_bms=-81 mcu=912 bms=31 dropped=0
WFI t=25604 a=-1469,-3926,238 g=-9,-10,-6
WFR t=25621 src=mcu type=0x01 len=16 data=aa882e042f0000000000000000009122
WFR t=25641 src=mcu type=0x01 len=16 data=aa89232c00000000000000000000ce8a
WFI t=25654 a=-1485,-3913,243 g=-3,1,-7
WFR t=25680 src=mcu type=0x01 len=16 data=aa8a480c1c0207284901230020001521
WFR t=25700 src=mcu type=0x01 len=16 data=aa8b40005c03474c775419031a0e80f3
WFI t=25704 a=-1475,-3917,242 g=-2,-10,4
WFR t=25721 src=mcu type=0x01 len=16 data=aa8c2225bf0420034006b80b3e02672c
WFI t=25754 a=-1479,-3924,249 g=-5,-11,-5
WFR t=25760 src=mcu type=0x01 len=16 data=aa8d800c800000006c07102780008244
WFR t=25781 src=mcu type=0x01 len=16 data=aa8e01180080000000000000feff3663
WFI t=25804 a=-1479,-3914,246 g=-7,6,-9
WFR t=25811 src=bms type=0x02 len=129 data=d2037c0eee0eed0eee0eee0eee0eed0eee0eee0eed0eed0eee0eef0ef10ef10ef20ef10ef20ef20ef30ef30ef20ef30ef40ef30ef10ef30ef30ef30000000000000000003d0000000000000000000000000000042e752f02af0ef40eed003d003d00000157001c0001001d0000000100010ef00007000a000000000000000001d4
WFR t=25821 src=mcu type=0x01 len=16 data=aa8f2e042f0000000000000000009a65
WFR t=25841 src=mcu type=0x01 len=16 data=aa90232c00000000000000000000edd3
WFI t=25854 a=-1472,-3918,242 g=-6,10,-18
WFR t=25860 src=mcu type=0x01 len=16 data=aa910b000f00465a667332000b9ed1a0
WFR t=25901 src=mcu type=0x01 len=16 data=aa92000000000000000000000000fbba
WFI t=25904 a=-1488,-3918,240 g=-3,3,-6
WFR t=25920 src=mcu type=0x01 len=16 data=aa93d804480804242c01c003214fe1ad
WFI t=25954 a=-1489,-3908,250 g=0,-18,9
WFR t=25961 src=mcu type=0x01 len=16 data=aa94f0f465fffffff8080d00412af645
WFR t=25981 src=mcu type=0x01 len=16 data=aa9501180080000000000000ffff13e8
WFR t=26001 src=mcu type=0x01 len=16 data=aa962e042f000000000000000000b93c
WFI t=26004 a=-1470,-3910,261 g=-10,-27,8
WFR t=26041 src=mcu type=0x01 len=16 data=aa97232c00000000000000000000e694
WFI t=26054 a=-1455,-3927,241 g=1,9,-8
WFR t=26061 src=mcu type=0x01 len=16 data=aa9807010200000056117eea00007aa4
WFR t=26161 src=mcu type=0x01 len=16 data=aa991d00ab04a08c64502748395e1e28
WFR t=26161 src=mcu type=0x01 len=16 data=aa9a646464625f5d5b5955010101d546
WFR t=26161 src=mcu type=0x01 len=16 data=aa9b0101010100000000fbfbecd30e91
WFI t=26233 a=-1501,-3915,238 g=-4,-7,-2
WFR t=26319 src=mcu type=0x01 len=16 data=aa9c01180080000000000000ffff0e21
WFI t=26333 a=-1476,-3913,240 g=-7,-25,7
WFR t=26334 src=mcu type=0x01 len=16 data=aa9d2e042f000000000000000000a3b7
WFR t=26334 src=mcu type=0x01 len=16 data=aa9e232c00000000000000000000fb5d
WFR t=26334 src=mcu type=0x01 len=16 data=aa9fb5a1b0bfd800000000000000dfe1
WFR t=26335 src=mcu type=0x01 len=16 data=aaa000000000020c000035006a00d1bd
WFR t=26335 src=mcu type=0x01 len=16 data=aaa188044a5357583036323430360894
WFI t=26335 a=-1452,-3914,249 g=-2,10,-15
WFI t=26337 a=-1472,-3931,246 g=-5,12,-18
WFI t=26341 a=-1472,-3931,246 g=-5,12,-18
WFR t=26341 src=mcu type=0x01 len=16 data=aaa231344e4242463930333500005e71
WFI t=26354 a=-1471,-3921,257 g=-1,15,-24
WFR t=26381 src=mcu type=0x01 len=16 data=aaa301180080000000000000ffff5bde
WFR t=26401 src=mcu type=0x01 len=16 data=aaa42e042f000000000000000000ff8e
WFI t=26404 a=-1494,-3913,236 g=-6,8,-18
WFR t=26441 src=mcu type=0x01 len=16 data=aaa5232c00000000000000000000a026
WFI t=26454 a=-1488,-3918,239 g=-5,-26,14
WFR t=26461 src=mcu type=0x01 len=16 data=aaa6000000000000000000000000b4ce
WFR t=26480 src=mcu type=0x01 len=16 data=aaa7000000000000000000000000b64f
WFI t=26504 a=-1466,-3920,261 g=-5,-20,3
WFR t=26521 src=mcu type=0x01 len=16 data=aaa801801b000000400052a8194013c9
WFR t=26540 src=mcu type=0x01 len=16 data=aaa9028288135c4488132400ec02f999
WFI t=26554 a=-1481,-3922,255 g=4,15,-11
WFR t=26581 src=mcu type=0x01 len=16 data=aaaa01180080000000000000feff4787
WFR t=26601 src=mcu type=0x01 len=16 data=aaab2e042f000000000000000000eb81
WFI t=26604 a=-1499,-3910,243 g=-5,8,-11
WFR t=26621 src=mcu type=0x01 len=16 data=aaac232c00000000000000000000bdef
WFI t=26654 a=-1486,-3931,242 g=-7,0,-7
WFR t=26661 src=mcu type=0x01 len=16 data=aaad0048005f00021000000100801d27
WFR t=26681 src=mcu type=0x01 len=16 data=aaae55f04b0b18000000803a40005cef
WFI t=26704 a=-1493,-3914,240 g=-3,-8,-6
WFR t=26721 src=mcu type=0x01 len=16 data=aaaf08610005460c2f78a00f090076a9
WFR t=26741 src=mcu type=0x01 len=16 data=aab001180080000000000000ffff608d
WFI t=26755 a=-1493,-3918,245 g=-7,-19,8
WFR t=26781 src=mcu type=0x01 len=16 data=aab12e042f000000000000000000cd1b
WFR t=26801 src=mcu type=0x01 len=16 data=aab2232c0000000000000000000095f1
WFI t=26804 a=-1453,-3918,244 g=-3,-2,3
WFR t=26821 src=mcu type=0x01 len=16 data=aab3014a02050030000488001b007188
WFR t=26831 src=bms type=0x02 len=129 data=d2037c0eee0eed0eee0eee0eee0eed0eee0eee0eed0eee0eee0eef0ef10ef20ef20ef10ef20ef20ef30ef30ef30ef30ef40ef40ef20ef30ef30ef30000000000000000003d0000000000000000000000000000042e752f02af0ef40eed003d003d00000157001c0001001d0000000100010ef00007000a000000000000000018f8
WFI t=26854 a=-1481,-3921,246 g=-2,16,-18
WFR t=26861 src=mcu type=0x01 len=16 data=aab400009f0ca90c9a0c540600001589
WFR t=26880 src=mcu type=0x01 len=16 data=aab51c00e8517918060ec90ab00076eb
WFI t=26904 a=-1498,-3919,252 g=-5,5,-9
WFR t=26921 src=mcu type=0x01 len=16 data=aab6050804080080cb020122f13fc622
WFR t=26941 src=mcu type=0x01 len=16 data=aa8001180080000000000000ffff217d
WFI t=26954 a=-1478,-3915,241 g=-7,-5,-4
WFR t=26961 src=mcu type=0x01 len=16 data=aa812e042f0000000000000000008ceb
WFR t=27001 src=mcu type=0x01 len=16 data=aa82232c00000000000000000000d401
WFI t=27004 a=-1486,-3919,234 g=-2,-4,-3
WFR t=27021 src=mcu type=0x01 len=16 data=aa83000100011101b70111019f00058c
WFI t=27054 a=-1488,-3921,237 g=-4,-20,14
WFR t=27061 src=mcu type=0x01 len=16 data=aa840000090a10560001310051c45a55
WFR t=27081 src=mcu type=0x01 len=16 data=aa8513088003e204080b1000507864d4
WFR t=27101 src=mcu type=0x01 len=16 data=aa868403f4010400a00f8813c003f9eb
WFI t=27104 a=-1454,-3930,247 g=-5,-10,-2
WFR t=27141 src=mcu type=0x01 len=16 data=aa8701180080000000000000ffff2a3a
WFI t=27154 a=-1476,-3910,256 g=-3,20,-27
WFR t=27161 src=mcu type=0x01 len=16 data=aa882e042f0000000000000000009122
WFR t=27201 src=mcu type=0x01 len=16 data=aa89232c00000000000000000000ce8a
WFI t=27204 a=-1496,-3926,233 g=-1,4,-10
WFR t=27221 src=mcu type=0x01 len=16 data=aa8a480c1c0207284901230020001521
WFI t=27254 a=-1477,-3919,238 g=-6,-6,2
WFR t=27261 src=mcu type=0x01 len=16 data=aa8b40005c03474c775419031a0e80f3
WFR t=27281 src=mcu type=0x01 len=16 data=aa8c2225bf0420034006b80b3e02672c
WFR t=27300 src=mcu type=0x01 len=16 data=aa8d800c800000006c07102780008244
WFI t=27304 a=-1486,-3925,238 g=-6,-7,-2
WFR t=27341 src=mcu type=0x01 len=16 data=aa8e01180080000000000000ffff37f3
WFI t=27354 a=-1482,-3922,250 g=-2,-16,7
WFR t=27361 src=mcu type=0x01 len=16 data=aa8f2e042f0000000000000000009a65
WFR t=27401 src=mcu type=0x01 len=16 data=aa90232c00000000000000000000edd3
WFI t=27404 a=-1484,-3918,241 g=-5,-7,-3
WFR t=27421 src=mcu type=0x01 len=16 data=aa910b000f00465a667332000b9ed1a0
WFR t=27441 src=mcu type=0x01 len=16 data=aa92000000000000000000000000fbba
WFI t=27454 a=-1486,-3923,249 g=4,25,-24
WFR t=27481 src=mcu type=0x01 len=16 data=aa93d804480804242c01c003214fe1ad
WFR t=27501 src=mcu type=0x01 len=16 data=aa94f0f465fffffff8080d00412af645
WFI t=27504 a=-1502,-3909,244 g=-2,5,-11
WFI t=27562 a=-1480,-3921,246 g=-2,-19,10
WFR t=27582 src=mcu type=0x01 len=16 data=aa9501180080000000000000feff1278
WFR t=27583 src=mcu type=0x01 len=16 data=aa962e042f000000000000000000b93c
WFR t=27583 src=mcu type=0x01 len=16 data=aa97232c00000000000000000000e694
WFI t=27604 a=-1463,-3910,250 g=-2,-21,7
WFR t=27621 src=mcu type=0x01 len=16 data=aa9807010200000056117eea00007aa4
WFR t=27641 src=mcu type=0x01 len=16 data=aa991d00ab04a08c64502748395e1e28
WFI t=27654 a=-1470,-3918,253 g=-5,1,-6
WFR t=27681 src=mcu type=0x01 len=16 data=aa9a646464625f5d5b5955010101d546
WFR t=27701 src=mcu type=0x01 len=16 data=aa9b0101010100000000fbfbecd30e91
WFI t=27704 a=-1485,-3909,248 g=1,18,-24
WFR t=27721 src=mcu type=0x01 len=16 data=aa9c01180080000000000000ffff0e21
WFI t=27754 a=-1496,-3914,230 g=-5,1,-8
WFR t=27761 src=mcu type=0x01 len=16 data=aa9d2e042f000000000000000000a3b7
WFR t=27781 src=mcu type=0x01 len=16 data=aa9e232c00000000000000000000fb5d
WFI t=27804 a=-1476,-3913,255 g=-2,-14,5
WFR t=27821 src=mcu type=0x01 len=16 data=aa9fb5a1b0bfd800000000000000dfe1
WFR t=27841 src=mcu type=0x01 len=16 data=aaa000000000020c000035006a00d1bd
WFI t=27854 a=-1487,-3934,255 g=-6,-16,5
WFR t=27881 src=mcu type=0x01 len=16 data=aaa188044a5357583036323430360894
WFR t=27901 src=mcu type=0x01 len=16 data=aaa231344e4242463930333500005e71
WFI t=27904 a=-1473,-3915,242 g=-3,0,4
WFR t=27921 src=mcu type=0x01 len=16 data=aaa301180080000000000000feff5a4e
WFI t=27954 a=-1479,-3907,241 g=-3,8,-20
WFR t=27961 src=mcu type=0x01 len=16 data=aaa42e042f000000000000000000ff8e
WFR t=27981 src=mcu type=0x01 len=16 data=aaa5232c00000000000000000000a026
WFI t=28004 a=-1491,-3912,236 g=-2,8,-13
WFR t=28021 src=mcu type=0x01 len=16 data=aaa6000000000000000000000000b4ce
WFR t=28041 src=mcu type=0x01 len=16 data=aaa7000000000000000000000000b64f
WFI t=28054 a=-1494,-3910,250 g=-1,-6,-2
WFR t=28061 src=mcu type=0x01 len=16 data=aaa801801b000000400052a8194013c9
WFR t=28114 src=mcu type=0x01 len=16 data=aaa9028288135c4488132400ec02f999
WFI t=28176 a=-1488,-3912,245 g=-5,-7,-1
WFR t=28177 src=mcu type=0x01 len=16 data=aaaa01180080000000000000ffff4617
WFI t=28247 a=-1474,-3919,236 g=-4,-20,7
WFI t=28346 a=-1455,-3917,250 g=-3,6,-13
WFR t=28346 src=mcu type=0x01 len=16 data=aaab2e042f000000000000000000eb81
WFR t=28346 src=mcu type=0x01 len=16 data=aaac232c00000000000000000000bdef
WFR t=28347 src=mcu type=0x01 len=16 data=aaad0048005f00021000000100801d27
WFR t=28347 src=mcu type=0x01 len=16 data=aaae55f04b0b18000000803a40005cef
WFR t=28347 src=mcu type=0x01 len=16 data=aaaf08610005460c2f78a00f090076a9
WFI t=28348 a=-1494,-3913,239 g=-2,2,-11
WFR t=28350 src=mcu type=0x01 len=16 data=aab001180080000000000000ffff608d
WFR t=28351 src=mcu type=0x01 len=16 data=aab12e042f000000000000000000cd1b
WFI t=28351 a=-1492,-3907,237 g=1,-1,-6
WFI t=28354 a=-1492,-3928,241 g=-1,-6,-3
WFR t=28361 src=mcu type=0x01 len=16 data=aab2232c0000000000000000000095f1
WFR t=28381 src=mcu type=0x01 len=16 data=aab3014a02050030000488001b007188
WFR t=28401 src=mcu type=0x01 len=16 data=aab400009f0ca90c9a0c540600001589
WFI t=28404 a=-1475,-3920,245 g=0,-23,13
WFR t=28441 src=mcu type=0x01 len=16 data=aab51c00e8517918060e620ab00056cf
WFI t=28454 a=-1482,-3928,241 g=-7,-25,6
WFR t=28461 src=mcu type=0x01 len=16 data=aab6050804080080cb020122f13fc622
WFR t=28501 src=mcu type=0x01 len=16 data=aa8001180080000000000000feff20ed
WFI t=28504 a=-1477,-3924,241 g=-4,-1,-2
WFR t=28521 src=mcu type=0x01 len=16 data=aa812e042f0000000000000000008ceb
WFR t=28541 src=mcu type=0x01 len=16 data=aa82232c00000000000000000000d401
WFI t=28554 a=-1475,-3918,248 g=1,21,-20
WFR t=28581 src=mcu type=0x01 len=16 data=aa83000100011101b70111019f00058c
WFR t=28601 src=mcu type=0x01 len=16 data=aa840000090a10560001310051c45a55
WFI t=28604 a=-1497,-3919,251 g=1,20,-23
WFR t=28641 src=mcu type=0x01 len=16 data=aa8513088003e204080b1000507864d4
WFI t=28654 a=-1498,-3906,249 g=-6,-15,4
WFR t=28661 src=mcu type=0x01 len=16 data=aa868403f4010400a00f8813c003f9eb
WFR t=28681 src=mcu type=0x01 len=16 data=aa8701180080000000000000ffff2a3a
WFI t=28704 a=-1471,-3921,230 g=-6,-28,22
WFR t=28721 src=mcu type=0x01 len=16 data=aa882e042f0000000000000000009122
WFR t=28741 src=mcu type=0x01 len=16 data=aa89232c00000000000000000000ce8a
WFI t=28754 a=-1472,-3915,231 g=-5,-11,-1
WFR t=28781 src=mcu type=0x01 len=16 data=aa8a480c1c0207284901230020001521
WFR t=28801 src=mcu type=0x01 len=16 data=aa8b40005c03474c775419031a0e80f3
WFI t=28804 a=-1477,-3914,243 g=-6,16,-22
WFR t=28821 src=mcu type=0x01 len=16 data=aa8c2225bf0420034006b80b3e02672c
WFI t=28854 a=-1472,-3920,244 g=-1,10,-20
WFR t=28861 src=mcu type=0x01 len=16 data=aa8d800c800000006c07102780008244
WFR t=28881 src=mcu type=0x01 len=16 data=aa8e01180080000000000000ffff37f3
WFI t=28904 a=-1480,-3922,246 g=-3,5,-13
WFR t=28921 src=mcu type=0x01 len=16 data=aa8f2e042f0000000000000000009a65
WFR t=28941 src=mcu type=0x01 len=16 data=aa90232c00000000000000000000edd3
WFI t=28954 a=-1496,-3918,241 g=-3,-12,6
WFR t=28981 src=mcu type=0x01 len=16 data=aa910b000f00465a667332000b9ed1a0
WFR t=29001 src=mcu type=0x01 len=16 data=aa92000000000000000000000000fbba
WFI t=29004 a=-1480,-3915,242 g=-3,-21,17
WFR t=29021 src=mcu type=0x01 len=16 data=aa93d804480804242c01c003214fe1ad
WFI t=29054 a=-1466,-3920,256 g=-4,-8,-6
WFR t=29061 src=mcu type=0x01 len=16 data=aa94f0f465fffffff8080d00412af645
WFR t=29081 src=mcu type=0x01 len=16 data=aa9501180080000000000000feff1278
WFI t=29104 a=-1481,-3913,243 g=-2,13,-16
WFR t=29121 src=mcu type=0x01 len=16 data=aa962e042f000000000000000000b93c
WFR t=29141 src=mcu type=0x01 len=16 data=aa97232c00000000000000000000e694
WFI t=29154 a=-1484,-3921,234 g=2,8,-17
WFR t=29161 src=mcu type=0x01 len=16 data=aa9807010200000056117eea00007aa4
WFR t=29201 src=mcu type=0x01 len=16 data=aa991d00ab04a08c64502748395e1e28
WFI t=29204 a=-1489,-3919,235 g=4,14,-12
WFR t=29221 src=mcu type=0x01 len=16 data=aa9a646464625f5d5b5955010101d546
WFI t=29254 a=-1491,-3912,248 g=-4,-17,6
WFR t=29261 src=mcu type=0x01 len=16 data=aa9b0101010100000000fbfbecd30e91
WFR t=29281 src=mcu type=0x01 len=16 data=aa9c01180080000000000000ffff0e21
WFR t=29301 src=mcu type=0x01 len=16 data=aa9d2e042f000000000000000000a3b7
WFI t=29304 a=-1472,-3902,248 g=-3,-37,24
WFR t=29341 src=mcu type=0x01 len=16 data=aa9e232c00000000000000000000fb5d
WFI t=29354 a=-1449,-3923,237 g=-7,-4,-7
WFR t=29361 src=mcu type=0x01 len=16 data=aa9fb5a1b0bfd800000000000000dfe1
WFR t=29401 src=mcu type=0x01 len=16 data=aaa000000000020c000035006a00d1bd
WFI t=29404 a=-1473,-3911,242 g=2,36,-38
WFR t=29421 src=mcu type=0x01 len=16 data=aaa188044a5357583036323430360894
WFI t=29454 a=-1499,-3915,252 g=-5,13,-15
WFR t=29461 src=mcu type=0x01 len=16 data=aaa231344e4242463930333500005e71
WFR t=29481 src=mcu type=0x01 len=16 data=aaa301180080000000000000feff5a4e
WFI t=29504 a=-1491,-3913,245 g=-4,-23,13
WFR t=29521 src=mcu type=0x01 len=16 data=aaa42e042f000000000000000000ff8e
WFR t=29541 src=mcu type=0x01 len=16 data=aaa5232c00000000000000000000a026
WFI t=29554 a=-1481,-3917,233 g=-9,-29,15
WFR t=29561 src=mcu type=0x01 len=16 data=aaa6000000000000000000000000b4ce
WFR t=29601 src=mcu type=0x01 len=16 data=aaa7000000000000000000000000b64f
WFI t=29604 a=-1461,-3914,240 g=0,-5,0
WFR t=29621 src=mcu type=0x01 len=16 data=aaa801801b000000400052a8194013c9
WFR t=29641 src=mcu type=0x01 len=16 data=aaa9028288135c4488132400ec02f999
WFI t=29654 a=-1482,-3921,252 g=0,11,-18
WFR t=29681 src=mcu type=0x01 len=16 data=aaaa01180080000000000000ffff4617
WFR t=29701 src=mcu type=0x01 len=16 data=aaab2e042f000000000000000000eb81
WFI t=29704 a=-1479,-3919,258 g=-7,13,-18
WFR t=29741 src=mcu type=0x01 len=16 data=aaac232c00000000000000000000bdef
WFI t=29754 a=-1495,-3908,241 g=-7,7,-14
WFR t=29761 src=mcu type=0x01 len=16 data=aaad0048005f00021000000100801d27
WFR t=29781 src=mcu type=0x01 len=16 data=aaae55f04b0b18000000803a40005cef
WFI t=29805 a=-1495,-3905,245 g=-2,-17,8
WFR t=29821 src=mcu type=0x01 len=16 data=aaaf08610005460c2f78a00f090076a9
WFR t=29841 src=mcu type=0x01 len=16 data=aab001180080000000000000feff611d
WFI t=29854 a=-1480,-3914,239 g=-6,-29,18
WFR t=29881 src=mcu type=0x01 len=16 data=aab12e042f000000000000000000cd1b
WFR t=29901 src=mcu type=0x01 len=16 data=aab2232c0000000000000000000095f1
WFI t=29904 a=-1450,-3922,243 g=0,-7,-2
WFR t=29921 src=mcu type=0x01 len=16 data=aab3014a02050030000488001b007188
WFI t=29954 a=-1471,-3903,239 g=1,23,-27
WFR t=29961 src=mcu type=0x01 len=16 data=aab400009f0ca90c9a0c540600001589
WFR t=29981 src=mcu type=0x01 len=16 data=aab51c00e8517918060e620ab00056cf
WFI t=30004 a=-1515,-3910,237 g=2,6,-13
WFR t=30021 src=mcu type=0x01 len=16 data=aab6050804080080cb020122f13fc622
WFR t=30041 src=mcu type=0x01 len=16 data=aa8001180080000000000000ffff217d
WFI t=30054 a=-1484,-3907,232 g=-1,-6,1
WFR t=30081 src=mcu type=0x01 len=16 data=aa812e042f0000000000000000008ceb
WFI t=30162 a=-1489,-3921,254 g=1,-16,7
WFR t=30163 src=mcu type=0x01 len=16 data=aa82232c00000000000000000000d401
WFR t=30164 src=mcu type=0x01 len=16 data=aa83000100011101b70111019f00058c
WFR t=30164 src=mcu type=0x01 len=16 data=aa840000090a10560001310051c45a55
WFI t=30169 a=-1458,-3922,243 g=-4,-14,11
WFR t=30182 src=mcu type=0x01 len=16 data=aa8513088003e204080b1000507864d4
WFI t=30204 a=-1454,-3908,250 g=-6,-1,-12
WFI t=30293 a=-1498,-3919,246 g=-5,16,-16
WFR t=30294 src=mcu type=0x01 len=16 data=aa868403f4010400a00f8813c003f9eb
WFR t=30294 src=mcu type=0x01 len=16 data=aa8701180080000000000000ffff2a3a
WFR t=30295 src=mcu type=0x01 len=16 data=aa882e042f0000000000000000009122
WFR t=30301 src=mcu type=0x01 len=16 data=aa89232c00000000000000000000ce8a
WFI t=30304 a=-1500,-3907,245 g=-1,0,-5
WFR t=30321 src=mcu type=0x01 len=16 data=aa8a480c1c0207284901230020001521
WFI t=30354 a=-1479,-3929,246 g=-6,-18,4
WFR t=30361 src=mcu type=0x01 len=16 data=aa8b40005c03474c775419031a0e80f3
WFR t=30381 src=mcu type=0x01 len=16 data=aa8c2225bf0420034006b80b3e02672c
WFR t=30401 src=mcu type=0x01 len=16 data=aa8d800c800000006c07102780008244
WFI t=30404 a=-1478,-3914,231 g=-3,-12,8
WFR t=30441 src=mcu type=0x01 len=16 data=aa8e01180080000000000100feff379f
WFI t=30454 a=-1471,-3909,239 g=-8,-11,-1
WFR t=30461 src=mcu type=0x01 len=16 data=aa8f2e042f0000000000000000009a65
WFR t=30501 src=mcu type=0x01 len=16 data=aa90232c00000000000000000000edd3
WFI t=30504 a=-1453,-3925,239 g=0,5,-12
WFR t=30521 src=mcu type=0x01 len=16 data=aa910b000f00465a667332000b9ed1a0
WFR t=30541 src=mcu type=0x01 len=16 data=aa92000000000000000000000000fbba
WFI t=30554 a=-1493,-3926,252 g=-4,13,-19
WFR t=30581 src=mcu type=0x01 len=16 data=aa93d804480804242c01c003214fe1ad
WFR t=30601 src=mcu type=0x01 len=16 data=aa94f0f465fffffff8080d00412af645
WFI t=30604 a=-1492,-3916,242 g=-8,-9,-3
WFR t=30641 src=mcu type=0x01 len=16 data=aa9501180080000000000100feff1384
WFI t=30654 a=-1480,-3904,251 g=0,-12,9
WFR t=30661 src=mcu type=0x01 len=16 data=aa962e042f000000000000000000b93c
WFT t=30682 batt_mv=4222 rssi_mcu=-74 rssi_bms=-79 mcu=1092 bms=33 dropped=0
WFR t=30701 src=mcu type=0x01 len=16 data=aa97232c00000000000000000000e694
WFI t=30704 a=-1477,-3924,241 g=0,-7,-6
WFR t=30721 src=mcu type=0x01 len=16 data=aa9807010200000056117eea00007aa4
WFR t=30741 src=mcu type=0x01 len=16 data=aa991d00ab04a08c64502748395e1e28
WFI t=30754 a=-1485,-3918,244 g=-4,-6,-1
WFR t=30781 src=mcu type=0x01 len=16 data=aa9a646464625f5d5b5955010101d546
WFR t=30801 src=mcu type=0x01 len=16 data=aa9b0101010100000000fbfbecd30e91
WFI t=30804 a=-1467,-3920,247 g=-2,2,-10
WFR t=30841 src=mcu type=0x01 len=16 data=aa9c01180080000000000000feff0fb1
WFI t=30854 a=-1487,-3903,249 g=-3,11,-18
WFR t=30861 src=mcu type=0x01 len=16 data=aa9d2e042f000000000000000000a3b7
WFR t=30901 src=mcu type=0x01 len=16 data=aa9e232c00000000000000000000fb5d
WFI t=30904 a=-1488,-3927,238 g=0,-13,5
WFR t=30921 src=mcu type=0x01 len=16 data=aa9fb5a1b0bfd800000000000000dfe1
WFR t=30941 src=mcu type=0x01 len=16 data=aaa000000000020c000035006a00d1bd
WFI t=30954 a=-1473,-3915,244 g=-6,-20,6
WFR t=30981 src=mcu type=0x01 len=16 data=aaa188044a5357583036323430360894
WFR t=31001 src=mcu type=0x01 len=16 data=aaa231344e4242463930333500005e71
WFI t=31004 a=-1477,-3916,246 g=-1,-3,-6
WFR t=31021 src=mcu type=0x01 len=16 data=aaa301180080000000000000ffff5bde
WFI t=31054 a=-1490,-3913,244 g=-1,6,-12
WFR t=31061 src=mcu type=0x01 len=16 data=aaa42e042f000000000000000000ff8e
WFR t=31081 src=mcu type=0x01 len=16 data=aaa5232c00000000000000000000a026
WFI t=31142 a=-1489,-3918,246 g=-1,0,-4
WFR t=31143 src=mcu type=0x01 len=16 data=aaa6000000000000000000000000b4ce
WFR t=31144 src=mcu type=0x01 len=16 data=aaa7000000000000000000000000b64f
WFI t=31154 a=-1484,-3919,249 g=-2,-2,-2
WFR t=31181 src=mcu type=0x01 len=16 data=aaa801801b000000400052a8194013c9
WFR t=31201 src=mcu type=0x01 len=16 data=aaa9028288135c4488132400ec02f999
WFI t=31204 a=-1481,-3921,249 g=-8,-16,0
WFR t=31221 src=mcu type=0x01 len=16 data=aaaa01180080000000000100feff467b
WFI t=31254 a=-1482,-3909,239 g=0,-6,0
WFR t=31261 src=mcu type=0x01 len=16 data=aaab2e042f000000000000000000eb81
WFR t=31281 src=mcu type=0x01 len=16 data=aaac232c00000000000000000000bdef
WFI t=31304 a=-1469,-3904,242 g=-3,2,-8
WFR t=31321 src=mcu type=0x01 len=16 data=aaad0048005f00021000000100801d27
WFR t=31341 src=mcu type=0x01 len=16 data=aaae55f04b0b18000000803a40005cef
WFI t=31355 a=-1491,-3918,255 g=0,4,-8
WFR t=31361 src=mcu type=0x01 len=16 data=aaaf08610005460c2f78a00f090076a9
WFR t=31401 src=mcu type=0x01 len=16 data=aab001180080000000000000feff611d
WFI t=31404 a=-1471,-3917,248 g=-7,1,-10
WFR t=31421 src=mcu type=0x01 len=16 data=aab12e042f000000000000000000cd1b
WFI t=31454 a=-1484,-3921,250 g=0,-10,1
WFR t=31461 src=mcu type=0x01 len=16 data=aab2232c0000000000000000000095f1
WFR t=31481 src=mcu type=0x01 len=16 data=aab3014a02050030000488001b007188
WFR t=31501 src=mcu type=0x01 len=16 data=aab400009f0ca90c9a0c540600001589
WFI t=31504 a=-1473,-3924,239 g=-2,-11,6
WFR t=31541 src=mcu type=0x01 len=16 data=aab51c00e8517918060ec10ab000748b
WFI t=31554 a=-1479,-3914,245 g=-6,3,-12
WFR t=31561 src=mcu type=0x01 len=16 data=aab6050804080080cb020122f13fc622
WFR t=31601 src=mcu type=0x01 len=16 data=aa8001180080000000000000ffff217d
WFI t=31604 a=-1492,-3926,240 g=-4,2,-6
WFR t=31621 src=mcu type=0x01 len=16 data=aa812e042f0000000000000000008ceb
WFR t=31641 src=mcu type=0x01 len=16 data=aa82232c00000000000000000000d401
WFI t=31654 a=-1466,-3919,242 g=-5,-2,-10
WFR t=31681 src=mcu type=0x01 len=16 data=aa83000100011101b70111019f00058c
WFR t=31701 src=mcu type=0x01 len=16 data=aa840000090a10560001310051c45a55
WFI t=31704 a=-1490,-3915,248 g=-5,0,-10
WFR t=31741 src=mcu type=0x01 len=16 data=aa8513088003e204080b1000507864d4
WFI t=31754 a=-1488,-3915,228 g=-6,-5,3
WFR t=31761 src=mcu type=0x01 len=16 data=aa868403f4010400a00f8813c003f9eb
WFR t=31801 src=mcu type=0x01 len=16 data=aa8701180080000000000000feff2baa
WFI t=31804 a=-1486,-3906,235 g=-5,-11,0
WFR t=31821 src=mcu type=0x01 len=16 data=aa882e042f0000000000000000009122
WFR t=31841 src=mcu type=0x01 len=16 data=aa89232c00000000000000000000ce8a
WFI t=31854 a=-1486,-3914,243 g=2,-9,-3
WFR t=31881 src=mcu type=0x01 len=16 data=aa8a480c1c0207284901230020001521
WFR t=31901 src=mcu type=0x01 len=16 data=aa8b40005c03474c775419031a0e80f3
WFI t=31904 a=-1474,-3910,251 g=-5,-4,-8
WFR t=31941 src=mcu type=0x01 len=16 data=aa8c2225bf0420034006b80b3e02672c
WFI t=31954 a=-1485,-3908,240 g=-1,12,-16
WFR t=31961 src=mcu type=0x01 len=16 data=aa8d800c800000006c07102780008244
WFR t=31981 src=mcu type=0x01 len=16 data=aa8e01180080000000000000ffff37f3
WFI t=32004 a=-1500,-3921,240 g=-2,11,-10
WFR t=32021 src=mcu type=0x01 len=16 data=aa8f2e042f0000000000000000009a65
WFR t=32041 src=mcu type=0x01 len=16 data=aa90232c00000000000000000000edd3
WFI t=32054 a=-1497,-3909,247 g=-4,-20,4
WFR t=32081 src=mcu type=0x01 len=16 data=aa910b000f00465a667332000b9ed1a0
WFR t=32101 src=mcu type=0x01 len=16 data=aa92000000000000000000000000fbba
WFI t=32143 a=-1478,-3917,250 g=-1,-24,14
WFR t=32206 src=mcu type=0x01 len=16 data=aa93d804480804242c01c003214fe1ad
WFR t=32206 src=mcu type=0x01 len=16 data=aa94f0f465fffffff8080d00412af645
WFI t=32267 a=-1495,-3924,240 g=1,17,-21
WFR t=32267 src=mcu type=0x01 len=16 data=aa9501180080000000000000ffff13e8
WFR t=32268 src=mcu type=0x01 len=16 data=aa962e042f000000000000000000b93c
WFR t=32268 src=mcu type=0x01 len=16 data=aa97232c00000000000000000000e694
WFI t=32340 a=-1492,-3919,245 g=-5,-5,-4
WFR t=32354 src=mcu type=0x01 len=16 data=aa9807010200000056117eea00007aa4
WFR t=32354 src=mcu type=0x01 len=16 data=aa991d00ab04a08c64502748395e1e28
WFR t=32354 src=mcu type=0x01 len=16 data=aa9a646464625f5d5b5955010101d546
WFI t=32355 a=-1494,-3904,251 g=-2,-17,5
WFI t=32357 a=-1486,-3919,246 g=-7,-16,7
WFI t=32359 a=-1480,-3913,244 g=-3,-15,8
WFR t=32361 src=mcu type=0x01 len=16 data=aa9b0101010100000000fbfbecd30e91
WFR t=32381 src=mcu type=0x01 len=16 data=aa9c01180080000000000000feff0fb1
WFI t=32404 a=-1474,-3914,240 g=-2,2,-1
WFR t=32421 src=mcu type=0x01 len=16 data=aa9d2e042f000000000000000000a3b7
WFR t=32441 src=mcu type=0x01 len=16 data=aa9e232c00000000000000000000fb5d
WFI t=32454 a=-1492,-3905,239 g=-3,12,-16
WFR t=32461 src=mcu type=0x01 len=16 data=aa9fb5a1b0bfd800000000000000dfe1
WFR t=32501 src=mcu type=0x01 len=16 data=aaa000000000020c000035006a00d1bd
WFI t=32504 a=-1490,-3922,241 g=-1,1,-3
WFR t=32521 src=mcu type=0x01 len=16 data=aaa188044a5357583036323430360894
WFI t=32554 a=-1469,-3915,247 g=-2,-10,-3
WFR t=32561 src=mcu type=0x01 len=16 data=aaa231344e4242463930333500005e71
WFR t=32581 src=mcu type=0x01 len=16 data=aaa301180080000000000000ffff5bde
WFR t=32601 src=mcu type=0x01 len=16 data=aaa42e042f000000000000000000ff8e
WFI t=32604 a=-1487,-3912,244 g=1,-2,-2
WFR t=32641 src=mcu type=0x01 len=16 data=aaa5232c00000000000000000000a026
WFI t=32654 a=-1473,-3918,243 g=-1,-4,-1
WFR t=32661 src=mcu type=0x01 len=16 data=aaa6000000000000000000000000b4ce
WFR t=32701 src=mcu type=0x01 len=16 data=aaa7000000000000000000000000b64f
WFI t=32704 a=-1490,-3927,251 g=-2,-10,-4
WFR t=32721 src=mcu type=0x01 len=16 data=aaa801801b000000400052a8194013c9
WFR t=32741 src=mcu type=0x01 len=16 data=aaa9028288135c4488132400ec02f999
WFI t=32754 a=-1471,-3914,253 g=-7,-2,-6
WFR t=32781 src=mcu type=0x01 len=16 data=aaaa01180080000000000000feff4787
WFR t=32801 src=mcu type=0x01 len=16 data=aaab2e042f000000000000000000eb81
WFI t=32804 a=-1476,-3916,244 g=-3,5,-14
WFR t=32841 src=mcu type=0x01 len=16 data=aaac232c00000000000000000000bdef
WFI t=32854 a=-1497,-3919,247 g=-9,1,-6
WFR t=32861 src=mcu type=0x01 len=16 data=aaad0048005f00021000000100801d27
WFR t=32901 src=mcu type=0x01 len=16 data=aaae55f04b0b18000000803a40005cef
WFI t=32904 a=-1479,-3908,239 g=-6,-7,0
WFR t=32921 src=mcu type=0x01 len=16 data=aaaf08610005460c2f78a00f090076a9
WFR t=32941 src=mcu type=0x01 len=16 data=aab001180080000000000000feff611d
WFI t=32954 a=-1474,-3923,250 g=-3,-16,0
WFR t=32981 src=mcu type=0x01 len=16 data=aab12e042f000000000000000000cd1b
WFR t=33001 src=mcu type=0x01 len=16 data=aab2232c0000000000000000000095f1
WFI t=33004 a=-1469,-3916,250 g=0,-1,0
WFR t=33041 src=mcu type=0x01 len=16 data=aab3014a02050030000488001b007188
WFI t=33054 a=-1467,-3919,242 g=-1,4,-16
WFR t=33061 src=mcu type=0x01 len=16 data=aab400009f0ca90c9a0c540600001589
WFR t=33081 src=mcu type=0x01 len=16 data=aab51c00e8517918060e5f0ab0005b63
WFI t=33104 a=-1490,-3908,244 g=3,8,-4
WFR t=33121 src=mcu type=0x01 len=16 data=aab6050804080080cb020122f13fc622
WFR t=33141 src=mcu type=0x01 len=16 data=aa8001180080000000000000ffff217d
WFI t=33154 a=-1490,-3905,254 g=-3,-13,1
WFR t=33181 src=mcu type=0x01 len=16 data=aa812e042f0000000000000000008ceb
WFR t=33201 src=mcu type=0x01 len=16 data=aa82232c00000000000000000000d401
WFI t=33204 a=-1482,-3922,253 g=2,-10,-1
WFR t=33221 src=mcu type=0x01 len=16 data=aa83000100011101b70111019f00058c
WFI t=33254 a=-1475,-3920,236 g=-8,-3,-2
WFR t=33261 src=mcu type=0x01 len=16 data=aa840000090a10560001310051c45a55
WFR t=33281 src=mcu type=0x01 len=16 data=aa8513088003e204080b1000507864d4
WFI t=33304 a=-1476,-3923,250 g=-1,8,-10
WFR t=33321 src=mcu type=0x01 len=16 data=aa868403f4010400a00f8813c003f9eb
WFR t=33341 src=mcu type=0x01 len=16 data=aa8701180080000000000000feff2baa
WFI t=33354 a=-1494,-3913,248 g=-2,0,-11
WFR t=33381 src=mcu type=0x01 len=16 data=aa882e042f0000000000000000009122
WFR t=33401 src=mcu type=0x01 len=16 data=aa89232c00000000000000000000ce8a
WFI t=33404 a=-1487,-3904,240 g=-2,-10,3
WFR t=33421 src=mcu type=0x01 len=16 data=aa8a480c1c0207284901230020001521
WFI t=33454 a=-1467,-3919,236 g=-4,-8,-6
WFR t=33461 src=mcu type=0x01 len=16 data=aa8b40005c03474c775419031a0e80f3
WFR t=33481 src=mcu type=0x01 len=16 data=aa8c2225bf0420034006b80b3e02672c
WFI t=33504 a=-1478,-3907,232 g=-4,4,-8
WFR t=33521 src=mcu type=0x01 len=16 data=aa8d800c800000006c07102780008244
WFR t=33541 src=mcu type=0x01 len=16 data=aa8e01180080000000000000feff3663
WFI t=33554 a=-1489,-3920,249 g=-4,-19,4
WFR t=33561 src=mcu type=0x01 len=16 data=aa8f2e042f0000000000000000009a65
WFR t=33601 src=mcu type=0x01 len=16 data=aa90232c00000000000000000000edd3
WFI t=33604 a=-1461,-3923,241 g=-1,-10,4
WFR t=33621 src=mcu type=0x01 len=16 data=aa910b000f00465a667332000b9ed1a0
WFI t=33654 a=-1478,-3920,237 g=0,25,-23
WFR t=33661 src=mcu type=0x01 len=16 data=aa92000000000000000000000000fbba
WFR t=33681 src=mcu type=0x01 len=16 data=aa93d804480804242c01c003214fe1ad
WFR t=33701 src=mcu type=0x01 len=16 data=aa94f0f465fffffff8080d00412af645
WFI t=33704 a=-1507,-3912,235 g=-2,13,-17
WFR t=33741 src=mcu type=0x01 len=16 data=aa9501180080000000000000ffff13e8
WFI t=33754 a=-1483,-3911,243 g=3,-24,22
WFR t=33761 src=mcu type=0x01 len=16 data=aa962e042f000000000000000000b93c
WFR t=33801 src=mcu type=0x01 len=16 data=aa97232c00000000000000000000e694
WFI t=33804 a=-1460,-3927,245 g=-4,-22,12
WFR t=33821 src=mcu type=0x01 len=16 data=aa9807010200000056117eea00007aa4
WFR t=33841 src=mcu type=0x01 len=16 data=aa991d00ab04a08c64502748395e1e28
WFI t=33854 a=-1465,-3916,253 g=0,-2,-6
WFR t=33881 src=mcu type=0x01 len=16 data=aa9a646464625f5d5b5955010101d546
WFR t=33901 src=mcu type=0x01 len=16 data=aa9b0101010100000000fbfbecd30e91
WFI t=33904 a=-1476,-3919,241 g=-2,19,-21
WFR t=33941 src=mcu type=0x01 len=16 data=aa9c01180080000000000000ffff0e21
WFI t=33954 a=-1501,-3899,238 g=-4,13,-23
WFR t=33961 src=mcu type=0x01 len=16 data=aa9d2e042f000000000000000000a3b7
WFR t=34001 src=mcu type=0x01 len=16 data=aa9e232c00000000000000000000fb5d
WFI t=34004 a=-1499,-3913,256 g=-2,-8,9
WFR t=34021 src=mcu type=0x01 len=16 data=aa9fb5a1b0bfd800000000000000dfe1
WFR t=34041 src=mcu type=0x01 len=16 data=aaa000000000020c000035006a00d1bd
WFI t=34054 a=-1484,-3904,250 g=-3,-25,14
WFR t=34081 src=mcu type=0x01 len=16 data=aaa188044a5357583036323430360894
WFR t=34101 src=mcu type=0x01 len=16 data=aaa231344e4242463930333500005e71
WFI t=34104 a=-1474,-3912,249 g=-3,-15,10
WFI t=34238 a=-1465,-3914,243 g=-4,7,-15
WFR t=34239 src=mcu type=0x01 len=16 data=aaa301180080000000000000ffff5bde
WFI t=34253 a=-1487,-3903,238 g=2,23,-18
WFR t=34254 src=mcu type=0x01 len=16 data=aaa42e042f000000000000000000ff8e
WFR t=34254 src=mcu type=0x01 len=16 data=aaa5232c00000000000000000000a026
WFR t=34254 src=mcu type=0x01 len=16 data=aaa6000000000000000000000000b4ce
WFR t=34254 src=mcu type=0x01 len=16 data=aaa7000000000000000000000000b64f
WFI t=34255 a=-1482,-3916,245 g=-1,15,-10
WFR t=34281 src=mcu type=0x01 len=16 data=aaa801801b000000400052a8194013c9
WFR t=34301 src=mcu type=0x01 len=16 data=aaa9028288135c4488132400ec02f999
WFI t=34304 a=-1493,-3911,246 g=-6,-18,6
WFR t=34321 src=mcu type=0x01 len=16 data=aaaa01180080000000000000feff4787
WFI t=34354 a=-1496,-3932,248 g=-7,-36,25
WFR t=34361 src=mcu type=0x01 len=16 data=aaab2e042f000000000000000000eb81
WFR t=34381 src=mcu type=0x01 len=16 data=aaac232c00000000000000000000bdef
WFI t=34404 a=-1467,-3922,249 g=-2,-18,9
WFR t=34421 src=mcu type=0x01 len=16 data=aaad0048005f00021000000100801d27
WFR t=34441 src=mcu type=0x01 len=16 data=aaae55f04b0b18000000803a40005cef
WFI t=34454 a=-1465,-3912,247 g=0,26,-34
WFR t=34461 src=mcu type=0x01 len=16 data=aaaf08610005460c2f78a00f090076a9
WFR t=34501 src=mcu type=0x01 len=16 data=aab001180080000000000000ffff608d
WFI t=34504 a=-1498,-3916,233 g=-2,38,-31
WFR t=34521 src=mcu type=0x01 len=16 data=aab12e042f000000000000000000cd1b
WFI t=34554 a=-1498,-3903,236 g=-6,-18,3
WFR t=34561 src=mcu type=0x01 len=16 data=aab2232c0000000000000000000095f1
WFR t=34581 src=mcu type=0x01 len=16 data=aab3014a02050030000488001b007188
WFI t=34604 a=-1488,-3919,240 g=-5,-36,25
WFR t=34621 src=mcu type=0x01 len=16 data=aab400009f0ca90c9a0c540600001589
WFR t=34641 src=mcu type=0x01 len=16 data=aab51c00e8517918060ec30ab0007533
WFI t=34654 a=-1477,-3917,260 g=-4,-21,9
WFR t=34661 src=mcu type=0x01 len=16 data=aab6050804080080cb020122f13fc622
WFR t=34701 src=mcu type=0x01 len=16 data=aa8001180080000000000000feff20ed
WFI t=34704 a=-1468,-3928,252 g=-2,5,-13
WFI t=34773 a=-1477,-3915,246 g=-5,32,-33
WFR t=34782 src=mcu type=0x01 len=16 data=aa812e042f0000000000000000008ceb
WFR t=34782 src=mcu type=0x01 len=16 data=aa82232c00000000000000000000d401
WFR t=34782 src=mcu type=0x01 len=16 data=aa83000100011101b70111019f00058c
WFR t=34801 src=mcu type=0x01 len=16 data=aa840000090a10560001310051c45a55
WFI t=34804 a=-1494,-3913,240 g=-5,10,-21
WFR t=34841 src=mcu type=0x01 len=16 data=aa8513088003e204080b1000507864d4
WFI t=34854 a=-1492,-3911,248 g=-2,-30,19
WFR t=34861 src=mcu type=0x01 len=16 data=aa868403f4010400a00f8813c003f9eb
WFR t=34901 src=mcu type=0x01 len=16 data=aa8701180080000000000000ffff2a3a
WFI t=34904 a=-1461,-3909,249 g=-5,-26,13
WFR t=34921 src=mcu type=0x01 len=16 data=aa882e042f0000000000000000009122
WFR t=34941 src=mcu type=0x01 len=16 data=aa89232c00000000000000000000ce8a
WFI t=34954 a=-1478,-3908,241 g=-9,-1,-10
WFR t=34981 src=mcu type=0x01 len=16 data=aa8a480c1c0207284901230020001521
WFR t=35001 src=mcu type=0x01 len=16 data=aa8b40005c03474c775419031a0e80f3
WFI t=35004 a=-1471,-3901,232 g=-5,6,-9
WFR t=35041 src=mcu type=0x01 len=16 data=aa8c2225bf0420034006b80b3e02672c
WFI t=35054 a=-1469,-3902,236 g=2,15,-19
WFR t=35061 src=mcu type=0x01 len=16 data=aa8d800c800000006c07102780008244
WFI t=35154 a=-1494,-3914,243 g=-8,-17,12
WFI t=35223 a=-1481,-3910,248 g=-5,-24,14
WFR t=35223 src=mcu type=0x01 len=16 data=aa8e01180080000000000000ffff37f3
WFR t=35224 src=mcu type=0x01 len=16 data=aa8f2e042f0000000000000000009a65
WFR t=35224 src=mcu type=0x01 len=16 data=aa90232c00000000000000000000edd3
WFR t=35224 src=mcu type=0x01 len=16 data=aa910b000f00465a667332000b9ed1a0
WFI t=35225 a=-1476,-3919,245 g=-4,3,-7
WFR t=35225 src=mcu type=0x01 len=16 data=aa92000000000000000000000000fbba
WFR t=35241 src=mcu type=0x01 len=16 data=aa93d804480804242c01c003214fe1ad
WFI t=35254 a=-1479,-3921,225 g=-4,11,-14
WFR t=35261 src=mcu type=0x01 len=16 data=aa94f0f465fffffff8080d00412af645
WFR t=35281 src=mcu type=0x01 len=16 data=aa9501180080000000000000ffff13e8
WFI t=35304 a=-1484,-3924,261 g=-7,0,-5
WFR t=35321 src=mcu type=0x01 len=16 data=aa962e042f000000000000000000b93c
WFR t=35341 src=mcu type=0x01 len=16 data=aa97232c00000000000000000000e694
WFI t=35354 a=-1463,-3931,249 g=-2,7,-13
WFR t=35381 src=mcu type=0x01 len=16 data=aa9807010200000056117eea00007aa4
WFR t=35401 src=mcu type=0x01 len=16 data=aa991d00ab04a08c64502748395e1e28
WFI t=35404 a=-1498,-3926,245 g=-2,9,-16
WFR t=35421 src=mcu type=0x01 len=16 data=aa9a646464625f5d5b5955010101d546
WFI t=35454 a=-1493,-3925,231 g=-7,-19,8
WFR t=35461 src=mcu type=0x01 len=16 data=aa9b0101010100000000fbfbecd30e91
WFR t=35481 src=mcu type=0x01 len=16 data=aa9c01180080000000000000feff0fb1
WFI t=35504 a=-1455,-3921,235 g=-4,-18,8
WFR t=35521 src=mcu type=0x01 len=16 data=aa9d2e042f000000000000000000a3b7
WFR t=35541 src=mcu type=0x01 len=16 data=aa9e232c00000000000000000000fb5d
WFI t=35554 a=-1467,-3911,252 g=-5,6,-20
WFR t=35561 src=mcu type=0x01 len=16 data=aa9fb5a1b0bfd800000000000000dfe1
WFR t=35601 src=mcu type=0x01 len=16 data=aaa000000000020c000035006a00d1bd
WFI t=35604 a=-1490,-3921,233 g=-3,5,-11
WFR t=35621 src=mcu type=0x01 len=16 data=aaa188044a5357583036323430360894
WFI t=35654 a=-1475,-3918,244 g=3,-1,-2
WFR t=35661 src=mcu type=0x01 len=16 data=aaa231344e4242463930333500005e71
WFR t=35681 src=mcu type=0x01 len=16 data=aaa301180080000000000100feff5bb2
WFI t=35704 a=-1484,-3924,240 g=-4,16,-14
WFR t=35721 src=mcu type=0x01 len=16 data=aaa42e042f000000000000000000ff8e
WFR t=35741 src=mcu type=0x01 len=16 data=aaa5232c00000000000000000000a026
WFI t=35754 a=-1506,-3917,232 g=-2,-1,-6
WFR t=35761 src=mcu type=0x01 len=16 data=aaa6000000000000000000000000b4ce
WFR t=35801 src=mcu type=0x01 len=16 data=aaa7000000000000000000000000b64f
WFI t=35804 a=-1478,-3909,223 g=-4,-31,18
WFT t=35813 batt_mv=4218 rssi_mcu=-70 rssi_bms=-82 mcu=1274 bms=33 dropped=0
WFR t=35821 src=mcu type=0x01 len=16 data=aaa801801b000000400052a8194013c9
WFI t=35854 a=-1459,-3920,235 g=0,-4,-3
WFR t=35861 src=mcu type=0x01 len=16 data=aaa9028288135c4488132400ec02f999
WFR t=35881 src=mcu type=0x01 len=16 data=aaaa01180080000000000000feff4787
WFR t=35901 src=mcu type=0x01 len=16 data=aaab2e042f000000000000000000eb81
WFI t=35904 a=-1479,-3921,239 g=-1,23,-28
WFR t=35941 src=mcu type=0x01 len=16 data=aaac232c00000000000000000000bdef
WFI t=35954 a=-1482,-3927,246 g=-2,3,-8
WFR t=35961 src=mcu type=0x01 len=16 data=aaad0048005f00021000000100801d27
WFR t=36001 src=mcu type=0x01 len=16 data=aaae55f04b0b18000000803a40005cef
WFI t=36004 a=-1475,-3929,242 g=1,-14,5
WFR t=36021 src=mcu type=0x01 len=16 data=aaaf08610005460c2f78a00f090076a9
WFR t=36041 src=mcu type=0x01 len=16 data=aab001180080000000000100feff60e1
WFI t=36054 a=-1483,-3923,240 g=-4,-7,-5
WFR t=36081 src=mcu type=0x01 len=16 data=aab12e042f000000000000000000cd1b
WFR t=36101 src=mcu type=0x01 len=16 data=aab2232c0000000000000000000095f1
WFI t=36104 a=-1491,-3921,248 g=-6,-6,-1
WFR t=36167 src=mcu type=0x01 len=16 data=aab3014a02050030000488001b007188
WFR t=36167 src=mcu type=0x01 len=16 data=aab400009f0ca90c9a0c540600001589
WFI t=36178 a=-1475,-3920,242 g=-5,1,-8
WFR t=36252 src=mcu type=0x01 len=16 data=aab51c00e8517918060ec30ab0007533
WFR t=36252 src=mcu type=0x01 len=16 data=aab6050804080080cb020122f13fc622
WFR t=36253 src=mcu type=0x01 len=16 data=aa8001180080000000000000ffff217d
WFI t=36253 a=-1475,-3912,253 g=0,3,-7
WFI t=36255 a=-1488,-3916,231 g=-6,-2,-5
WFR t=36281 src=mcu type=0x01 len=16 data=aa812e042f0000000000000000008ceb
WFR t=36301 src=mcu type=0x01 len=16 data=aa82232c00000000000000000000d401
WFI t=36304 a=-1468,-3913,237 g=-2,5,-4
WFR t=36341 src=mcu type=0x01 len=16 data=aa83000100011101b70111019f00058c
WFI t=36354 a=-1487,-3916,229 g=5,-5,-6
WFR t=36361 src=mcu type=0x01 len=16 data=aa840000090a10560001310051c45a55
WFR t=36381 src=mcu type=0x01 len=16 data=aa8513088003e204080b1000507864d4
WFI t=36404 a=-1485,-3917,244 g=2,-17,11
WFR t=36421 src=mcu type=0x01 len=16 data=aa868403f4010400a00f8813c003f9eb
WFR t=36441 src=mcu type=0x01 len=16 data=aa8701180080000000000000feff2baa
WFI t=36454 a=-1470,-3926,246 g=-6,-15,-1
WFR t=36481 src=mcu type=0x01 len=16 data=aa882e042f0000000000000000009122
WFR t=36501 src=mcu type=0x01 len=16 data=aa89232c00000000000000000000ce8a
WFI t=36504 a=-1485,-3920,242 g=-1,16,-16
WFR t=36521 src=mcu type=0x01 len=16 data=aa8a480c1c0207284901230020001521
WFI t=36554 a=-1480,-3933,242 g=4,11,-15
WFR t=36561 src=mcu type=0x01 len=16 data=aa8b40005c03474c775419031a0e80f3
WFR t=36581 src=mcu type=0x01 len=16 data=aa8c2225bf0420034006b80b3e02672c
WFI t=36604 a=-1482,-3929,239 g=-2,4,-5
WFR t=36621 src=mcu type=0x01 len=16 data=aa8d800c800000006c07102780008244
WFR t=36641 src=mcu type=0x01 len=16 data=aa8e01180080000000000000feff3663
WFI t=36654 a=-1490,-3915,248 g=-6,-19,4
WFR t=36661 src=mcu type=0x01 len=16 data=aa8f2e042f0000000000000000009a65
WFR t=36701 src=mcu type=0x01 len=16 data=aa90232c00000000000000000000edd3
WFI t=36704 a=-1478,-3920,237 g=-2,-24,11
WFR t=36721 src=mcu type=0x01 len=16 data=aa910b000f00465a667332000b9ed1a0
WFI t=36754 a=-1467,-3924,246 g=-5,-5,-9
WFR t=36761 src=mcu type=0x01 len=16 data=aa92000000000000000000000000fbba
WFR t=36781 src=mcu type=0x01 len=16 data=aa93d804480804242c01c003214fe1ad
WFI t=36804 a=-1489,-3922,249 g=1,7,-17
WFR t=36821 src=mcu type=0x01 len=16 data=aa94f0f465fffffff8080d00412af645
WFE t=36838 bms stale, no frame for 10006 ms, dropping link
WFR t=36841 src=mcu type=0x01 len=16 data=aa9501180080000000000000ffff13e8
WFE t=36852 bms link down (stale) after 22 answers in 37354 ms, writes=36 err=0 silent=9 bytes=4368
WFI t=36854 a=-1492,-3913,243 g=1,5,-13
WFR t=36861 src=mcu type=0x01 len=16 data=aa962e042f000000000000000000b93c
WFE t=36868 bms disconnected reason=534
WFR t=36901 src=mcu type=0x01 len=16 data=aa97232c00000000000000000000e694
WFI t=36904 a=-1485,-3917,230 g=1,-3,-6
WFR t=36921 src=mcu type=0x01 len=16 data=aa9807010200000056117eea00007aa4
WFI t=36954 a=-1499,-3908,241 g=-6,-12,2
WFR t=36961 src=mcu type=0x01 len=16 data=aa991d00ab04a08c64502748395e1e28
WFR t=36981 src=mcu type=0x01 len=16 data=aa9a646464625f5d5b5955010101d546
WFR t=37001 src=mcu type=0x01 len=16 data=aa9b0101010100000000fbfbecd30e91
WFI t=37004 a=-1489,-3917,243 g=-2,-13,5
WFR t=37041 src=mcu type=0x01 len=16 data=aa9c01180080000000000000feff0fb1
WFI t=37054 a=-1457,-3921,234 g=-2,2,-8
WFR t=37061 src=mcu type=0x01 len=16 data=aa9d2e042f000000000000000000a3b7
WFI t=37104 a=-1492,-3916,220 g=-6,11,-22
WFR t=37105 src=mcu type=0x01 len=16 data=aa9e232c00000000000000000000fb5d
WFR t=37121 src=mcu type=0x01 len=16 data=aa9fb5a1b0bfd800000000000000dfe1
WFR t=37141 src=mcu type=0x01 len=16 data=aaa000000000020c000035006a00d1bd
WFI t=37154 a=-1493,-3921,244 g=0,-2,-7
WFR t=37181 src=mcu type=0x01 len=16 data=aaa188044a5357583036323430360894
WFR t=37201 src=mcu type=0x01 len=16 data=aaa231344e4242463930333500005e71
WFI t=37204 a=-1465,-3920,250 g=-1,-7,-1
WFR t=37241 src=mcu type=0x01 len=16 data=aaa301180080000000000000ffff5bde
WFI t=37254 a=-1489,-3930,243 g=-3,-6,-6
WFR t=37261 src=mcu type=0x01 len=16 data=aaa42e042f000000000000000000ff8e
WFR t=37281 src=mcu type=0x01 len=16 data=aaa5232c00000000000000000000a026
WFI t=37304 a=-1490,-3912,255 g=-4,-8,4
WFR t=37321 src=mcu type=0x01 len=16 data=aaa6000000000000000000000000b4ce
WFR t=37341 src=mcu type=0x01 len=16 data=aaa7000000000000000000000000b64f
WFI t=37354 a=-1477,-3919,244 g=-5,-13,-4
WFR t=37381 src=mcu type=0x01 len=16 data=aaa801801b000000400052a8194013c9
WFR t=37401 src=mcu type=0x01 len=16 data=aaa9028288135c4488132400ec02f999
WFI t=37404 a=-1479,-3917,241 g=-2,8,-6
WFR t=37441 src=mcu type=0x01 len=16 data=aaaa01180080000000000000feff4787
WFI t=37454 a=-1481,-3925,244 g=-4,13,-16
WFR t=37461 src=mcu type=0x01 len=16 data=aaab2e042f000000000000000000eb81
WFR t=37481 src=mcu type=0x01 len=16 data=aaac232c00000000000000000000bdef
WFI t=37504 a=-1511,-3920,239 g=-5,-4,-8
WFR t=37521 src=mcu type=0x01 len=16 data=aaad0048005f00021000000100801d27
WFR t=37541 src=mcu type=0x01 len=16 data=aaae55f04b0b18000000803a40005cef
WFI t=37554 a=-1490,-3930,232 g=-6,-22,15
WFR t=37581 src=mcu type=0x01 len=16 data=aaaf08610005460c2f78a00f090076a9
WFR t=37601 src=mcu type=0x01 len=16 data=aab001180080000000000000feff611d
WFI t=37604 a=-1465,-3928,245 g=-2,-6,-6
WFR t=37621 src=mcu type=0x01 len=16 data=aab12e042f000000000000000000cd1b
WFI t=37654 a=-1494,-3935,255 g=0,12,-13
WFR t=37661 src=mcu type=0x01 len=16 data=aab2232c0000000000000000000095f1
WFR t=37681 src=mcu type=0x01 len=16 data=aab3014a02050030000488001b007188
WFI t=37704 a=-1467,-3916,248 g=-4,-1,-6
WFR t=37721 src=mcu type=0x01 len=16 data=aab400009f0ca90c9a0c540600001589
WFR t=37741 src=mcu type=0x01 len=16 data=aab51c00e8517918060e1c0bb0001f27
WFI t=37754 a=-1470,-3915,241 g=-5,-5,-11
WFR t=37761 src=mcu type=0x01 len=16 data=aab6050804080080cb020122f13fc622
WFR t=37801 src=mcu type=0x01 len=16 data=aa8001180080000000000000ffff217d
WFI t=37804 a=-1485,-3923,244 g=2,0,-2
WFR t=37821 src=mcu type=0x01 len=16 data=aa812e042f0000000000000000008ceb
WFI t=37854 a=-1474,-3916,247 g=-6,-15,4
WFR t=37861 src=mcu type=0x01 len=16 data=aa82232c00000000000000000000d401
WFR t=37881 src=mcu type=0x01 len=16 data=aa83000100011101b70111019f00058c
WFI t=37904 a=-1465,-3909,256 g=-5,2,-6
WFR t=37922 src=mcu type=0x01 len=16 data=aa840000090a10560001310051c45a55
WFR t=37941 src=mcu type=0x01 len=16 data=aa8513088003e204080b1000507864d4
WFI t=37954 a=-1485,-3928,241 g=-4,1,-13
WFR t=37961 src=mcu type=0x01 len=16 data=aa868403f4010400a00f8813c003f9eb
WFR t=38001 src=mcu type=0x01 len=16 data=aa8701180080000000000000ffff2a3a
WFI t=38004 a=-1486,-3914,237 g=-4,-5,-2
WFR t=38021 src=mcu type=0x01 len=16 data=aa882e042f0000000000000000009122
WFI t=38054 a=-1473,-3907,235 g=0,0,-7
WFR t=38061 src=mcu type=0x01 len=16 data=aa89232c00000000000000000000ce8a
WFR t=38081 src=mcu type=0x01 len=16 data=aa8a480c1c0207284901230020001521
WFR t=38101 src=mcu type=0x01 len=16 data=aa8b40005c03474c775419031a0e80f3
WFI t=38104 a=-1490,-3928,246 g=-2,0,-8
WFR t=38205 src=mcu type=0x01 len=16 data=aa8c2225bf0420034006b80b3e02672c
WFR t=38215 src=mcu type=0x01 len=16 data=aa8d800c800000006c07102780008244
WFI t=38267 a=-1461,-3922,242 g=-1,13,-8
WFR t=38316 src=mcu type=0x01 len=16 data=aa8e01180080000000000000ffff37f3
WFR t=38317 src=mcu type=0x01 len=16 data=aa8f2e042f0000000000000000009a65
WFR t=38318 src=mcu type=0x01 len=16 data=aa90232c00000000000000000000edd3
WFR t=38318 src=mcu type=0x01 len=16 data=aa910b000f00465a667332000b9ed1a0
WFR t=38319 src=mcu type=0x01 len=16 data=aa92000000000000000000000000fbba
WFI t=38321 a=-1510,-3918,256 g=-6,-5,-5
WFI t=38327 a=-1464,-3902,246 g=0,-16,16
WFI t=38329 a=-1457,-3918,251 g=-2,-15,11
WFR t=38344 src=mcu type=0x01 len=16 data=aa93d804480804242c01c003214fe1ad
WFI t=38355 a=-1458,-3918,252 g=-4,-10,-5
WFR t=38361 src=mcu type=0x01 len=16 data=aa94f0f465fffffff8080d00412af645
WFI t=38504 a=-1488,-3915,254 g=-2,12,-11
WFR t=38518 src=mcu type=0x01 len=16 data=aa9501180080000000000000ffff13e8
WFR t=38519 src=mcu type=0x01 len=16 data=aa962e042f000000000000000000b93c
WFR t=38519 src=mcu type=0x01 len=16 data=aa97232c00000000000000000000e694
WFR t=38519 src=mcu type=0x01 len=16 data=aa9807010200000056117eea00007aa4
WFR t=38519 src=mcu type=0x01 len=16 data=aa991d00ab04a08c64502748395e1e28
WFI t=38519 a=-1474,-3917,253 g=-1,-11,-4
WFI t=38521 a=-1456,-3930,254 g=-6,-4,-8
WFR t=38541 src=mcu type=0x01 len=16 data=aa9a646464625f5d5b5955010101d546
WFI t=38554 a=-1479,-3927,253 g=1,6,-11
WFR t=38561 src=mcu type=0x01 len=16 data=aa9b0101010100000000fbfbecd30e91
WFR t=38581 src=mcu type=0x01 len=16 data=aa9c01180080000000000000ffff0e21
WFI t=38604 a=-1487,-3938,246 g=-5,-12,1
WFR t=38621 src=mcu type=0x01 len=16 data=aa9d2e042f000000000000000000a3b7
WFR t=38641 src=mcu type=0x01 len=16 data=aa9e232c00000000000000000000fb5d
WFI t=38654 a=-1467,-3915,249 g=0,0,0
WFR t=38681 src=mcu type=0x01 len=16 data=aa9fb5a1b0bfd800000000000000dfe1
WFR t=38701 src=mcu type=0x01 len=16 data=aaa000000000020c000035006a00d1bd
WFI t=38704 a=-1479,-3906,249 g=-3,5,-14
WFR t=38721 src=mcu type=0x01 len=16 data=aaa188044a5357583036323430360894
WFI t=38754 a=-1482,-3924,246 g=-3,-8,0
WFR t=38761 src=mcu type=0x01 len=16 data=aaa231344e4242463930333500005e71
WFR t=38781 src=mcu type=0x01 len=16 data=aaa301180080000000000000feff5a4e
WFI t=38804 a=-1471,-3910,248 g=-8,-5,-7
WFR t=38821 src=mcu type=0x01 len=16 data=aaa42e042f000000000000000000ff8e
WFR t=38841 src=mcu type=0x01 len=16 data=aaa5232c00000000000000000000a026
WFI t=38854 a=-1494,-3915,248 g=3,12,-12
WFR t=38861 src=mcu type=0x01 len=16 data=aaa6000000000000000000000000b4ce
WFR t=38901 src=mcu type=0x01 len=16 data=aaa7000000000000000000000000b64f
WFI t=38904 a=-1489,-3917,242 g=1,-14,1
WFR t=38921 src=mcu type=0x01 len=16 data=aaa801801b000000400052a8194013c9
WFI t=38954 a=-1471,-3919,242 g=-6,-11,6
WFR t=38961 src=mcu type=0x01 len=16 data=aaa9028288135c4488132400ec02f999
WFR t=38981 src=mcu type=0x01 len=16 data=aaaa01180080000000000000ffff4617
WFI t=39004 a=-1481,-3920,241 g=-5,3,-12
WFR t=39042 src=mcu type=0x01 len=16 data=aaab2e042f000000000000000000eb81
WFR t=39042 src=mcu type=0x01 len=16 data=aaac232c00000000000000000000bdef
WFI t=39054 a=-1504,-3918,252 g=-1,8,-13
WFR t=39061 src=mcu type=0x01 len=16 data=aaad0048005f00021000000100801d27
WFR t=39101 src=mcu type=0x01 len=16 data=aaae55f04b0b18000000803a40005cef
WFI t=39104 a=-1487,-3926,246 g=-2,4,-7
WFR t=39121 src=mcu type=0x01 len=16 data=aaaf08610005460c2f78a00f090076a9
WFI t=39154 a=-1504,-3914,251 g=-4,-10,1
WFR t=39161 src=mcu type=0x01 len=16 data=aab001180080000000000000ffff608d
WFR t=39181 src=mcu type=0x01 len=16 data=aab12e042f000000000000000000cd1b
WFI t=39204 a=-1486,-3939,244 g=-3,-28,11
WFR t=39219 src=mcu type=0x01 len=16 data=aab2232c0000000000000000000095f1
WFR t=39241 src=mcu type=0x01 len=16 data=aab3014a02050030000488001b007188
WFI t=39254 a=-1466,-3928,258 g=0,-8,-2
WFR t=39261 src=mcu type=0x01 len=16 data=aab400009f0ca90c9a0c540600001589
WFR t=39301 src=mcu type=0x01 len=16 data=aab51c00e8517918060eb10ab0006e4b
WFI t=39304 a=-1474,-3915,245 g=-5,18,-23
WFR t=39321 src=mcu type=0x01 len=16 data=aab6050804080080cb020122f13fc622
WFR t=39341 src=mcu type=0x01 len=16 data=aa8001180080000000000100feff2111
WFI t=39354 a=-1509,-3912,255 g=-1,16,-19
WFR t=39382 src=mcu type=0x01 len=16 data=aa812e042f0000000000000000008ceb
WFR t=39401 src=mcu type=0x01 len=16 data=aa82232c00000000000000000000d401
WFI t=39404 a=-1497,-3914,252 g=-4,-10,4
WFR t=39441 src=mcu type=0x01 len=16 data=aa83000100011101b70111019f00058c
WFI t=39454 a=-1470,-3916,238 g=-4,-28,14
WFR t=39461 src=mcu type=0x01 len=16 data=aa840000090a10560001310051c45a55
WFR t=39481 src=mcu type=0x01 len=16 data=aa8513088003e204080b1000507864d4
WFI t=39504 a=-1468,-3913,251 g=-7,-10,-2
WFR t=39521 src=mcu type=0x01 len=16 data=aa868403f4010400a00f8813c003f9eb
WFR t=39541 src=mcu type=0x01 len=16 data=aa8701180080000000000000ffff2a3a
WFI t=39554 a=-1471,-3915,247 g=1,17,-15
WFR t=39581 src=mcu type=0x01 len=16 data=aa882e042f0000000000000000009122
WFE t=39587 bms subscribed val=0x0010 cccd=0x0011 ctrl=0x0014 mtu=512 regs=62
WFE t=39588 bms conn itvl=80 latency=0 timeout=600
WFE t=39600 bms reconnected (attempt 1)
WFR t=39601 src=mcu type=0x01 len=16 data=aa89232c00000000000000000000ce8a
WFI t=39605 a=-1487,-3911,246 g=-5,17,-23
WFE t=39605 bms mtu event mtu=512
WFR t=39641 src=mcu type=0x01 len=16 data=aa8a480c1c0207284901230020001521
WFI t=39654 a=-1493,-3918,247 g=-3,-4,-5
WFR t=39661 src=mcu type=0x01 len=16 data=aa8b40005c03474c775419031a0e80f3
WFR t=39681 src=mcu type=0x01 len=16 data=aa8c2225bf0420034006b80b3e02672c
WFI t=39704 a=-1487,-3919,237 g=-4,-27,21
WFR t=39721 src=mcu type=0x01 len=16 data=aa8d800c800000006c07102780008244
WFR t=39741 src=mcu type=0x01 len=16 data=aa8e01180080000000000000ffff37f3
WFI t=39754 a=-1460,-3922,243 g=-4,-16,-1
WFR t=39781 src=mcu type=0x01 len=16 data=aa8f2e042f0000000000000000009a65
WFR t=39801 src=mcu type=0x01 len=16 data=aa90232c00000000000000000000edd3
WFI t=39804 a=-1477,-3909,248 g=0,20,-16
WFR t=39821 src=mcu type=0x01 len=16 data=aa910b000f00465a667332000b9ed1a0
WFI t=39854 a=-1493,-3897,250 g=-2,9,-18
WFR t=39861 src=mcu type=0x01 len=16 data=aa92000000000000000000000000fbba
WFR t=39881 src=mcu type=0x01 len=16 data=aa93d804480804242c01c003214fe1ad
WFR t=39887 src=bms type=0x02 len=129 data=d2037c0eee0eed0eee0eee0eee0eed0eee0eee0eed0eed0eee0eef0ef20ef10ef20ef10ef20ef20ef30ef30ef30ef30ef40ef30ef20ef30ef30ef30000000000000000003d0000000000000000000000000000042e752f02af0ef40eed003d003d00000157001c0001001d0000000100010ef00007000a00000000000000006939
WFE t=39888 bms conn update status=0 itvl=12 latency=0 timeout=400
WFI t=39904 a=-1497,-3921,250 g=-1,-4,-6
WFR t=39921 src=mcu type=0x01 len=16 data=aa94f0f465fffffff8080d00412af645
WFR t=39941 src=mcu type=0x01 len=16 data=aa9501180080000000000100feff1384
WFI t=39954 a=-1491,-3922,251 g=-9,-17,9
WFR t=39961 src=mcu type=0x01 len=16 data=aa962e042f000000000000000000b93c
WFR t=40001 src=mcu type=0x01 len=16 data=aa97232c00000000000000000000e694
WFI t=40004 a=-1474,-3911,252 g=-6,-14,6
WFR t=40021 src=mcu type=0x01 len=16 data=aa9807010200000056117eea00007aa4
WFI t=40054 a=-1470,-3924,255 g=3,5,-7
WFR t=40061 src=mcu type=0x01 len=16 data=aa991d00ab04a08c64502748395e1e28
WFR t=40081 src=mcu type=0x01 len=16 data=aa9a646464625f5d5b5955010101d546
WFR t=40101 src=mcu type=0x01 len=16 data=aa9b0101010100000000fbfbecd30e91
WFI t=40104 a=-1483,-3909,248 g=-7,6,-17
WFR t=40142 src=mcu type=0x01 len=16 data=aa9c01180080000000000000ffff0e21
WFI t=40154 a=-1483,-3918,249 g=-6,1,-13
WFR t=40161 src=mcu type=0x01 len=16 data=aa9d2e042f000000000000000000a3b7
WFR t=40221 src=mcu type=0x01 len=16 data=aa9e232c00000000000000000000fb5d
WFR t=40221 src=mcu type=0x01 len=16 data=aa9fb5a1b0bfd800000000000000dfe1
WFI t=40234 a=-1493,-3922,246 g=-4,-5,-3
WFR t=40319 src=mcu type=0x01 len=16 data=aaa000000000020c000035006a00d1bd
WFR t=40319 src=mcu type=0x01 len=16 data=aaa188044a5357583036323430360894
WFR t=40319 src=mcu type=0x01 len=16 data=aaa231344e4242463930333500005e71
WFI t=40321 a=-1458,-3910,247 g=-3,-9,5
WFI t=40324 a=-1458,-3910,247 g=-3,-9,5
WFR t=40341 src=mcu type=0x01 len=16 data=aaa301180080000000000000ffff5bde
WFI t=40354 a=-1465,-3920,253 g=0,7,-13
WFR t=40361 src=mcu type=0x01 len=16 data=aaa42e042f000000000000000000ff8e
WFR t=40401 src=mcu type=0x01 len=16 data=aaa5232c00000000000000000000a026
WFI t=40404 a=-1491,-3911,248 g=-2,12,-20
WFR t=40421 src=mcu type=0x01 len=16 data=aaa6000000000000000000000000b4ce
WFR t=40441 src=mcu type=0x01 len=16 data=aaa7000000000000000000000000b64f
WFI t=40454 a=-1492,-3918,258 g=-1,-2,-3
WFR t=40481 src=mcu type=0x01 len=16 data=aaa801801b000000400052a8194013c9
WFR t=40501 src=mcu type=0x01 len=16 data=aaa9028288135c4488132400ec02f999
WFI t=40504 a=-1483,-3931,245 g=0,-6,-4
WFR t=40541 src=mcu type=0x01 len=16 data=aaaa01180080000000000000feff4787
WFI t=40554 a=-1490,-3927,252 g=-8,-13,3
WFR t=40561 src=mcu type=0x01 len=16 data=aaab2e042f000000000000000000eb81
WFR t=40581 src=mcu type=0x01 len=16 data=aaac232c00000000000000000000bdef
WFI t=40604 a=-1477,-3918,251 g=-3,-19,7
WFR t=40621 src=mcu type=0x01 len=16 data=aaad0048005f00021000000100801d27
WFR t=40641 src=mcu type=0x01 len=16 data=aaae55f04b0b18000000803a40005cef
WFI t=40654 a=-1468,-3921,244 g=-6,2,-12
WFR t=40681 src=mcu type=0x01 len=16 data=aaaf08610005460c2f78a00f090076a9
WFR t=40701 src=mcu type=0x01 len=16 data=aab001180080000000000000ffff608d
WFI t=40704 a=-1487,-3910,248 g=1,18,-19
WFR t=40742 src=mcu type=0x01 len=16 data=aab12e042f000000000000000000cd1b
WFI t=40754 a=-1491,-3924,249 g=-6,-2,-8
WFR t=40761 src=mcu type=0x01 len=16 data=aab2232c0000000000000000000095f1
WFR t=40781 src=mcu type=0x01 len=16 data=aab3014a02050030000488001b007188
WFI t=40804 a=-1470,-3928,249 g=-4,-15,1
WFR t=40821 src=mcu type=0x01 len=16 data=aab400009f0ca90c9a0c540600001589
WFR t=40841 src=mcu type=0x01 len=16 data=aab51c00e8517918060ecf0ab0007663
WFI t=40854 a=-1478,-3914,250 g=-8,-15,1
WFR t=40881 src=mcu type=0x01 len=16 data=aab6050804080080cb020122f13fc622
WFR t=40901 src=mcu type=0x01 len=16 data=aa8001180080000000000000ffff217d
WFI t=40904 a=-1467,-3918,251 g=-4,-4,2
WFR t=40906 src=bms type=0x02 len=129 data=d2037c0eee0eed0eee0eee0eee0eed0eee0eee0eed0eed0eee0eef0ef20ef20ef20ef10ef20ef20ef30ef30ef30ef30ef40ef30ef20ef30ef30ef30000000000000000003d0000000000000000000000000000042e752f02af0ef40eed003d003d00000157001c0001001d0000000100010ef00007000a0000000000000000444e
WFT t=40910 batt_mv=4238 rssi_mcu=-66 rssi_bms=-80 mcu=1455 bms=35 dropped=0
WFR t=40921 src=mcu type=0x01 len=16 data=aa812e042f0000000000000000008ceb
WFI t=40954 a=-1479,-3920,249 g=-2,7,-13
WFR t=40961 src=mcu type=0x01 len=16 data=aa82232c00000000000000000000d401
WFR t=40981 src=mcu type=0x01 len=16 data=aa83000100011101b70111019f00058c
WFI t=41004 a=-1491,-3922,263 g=-2,0,-10
WFR t=41021 src=mcu type=0x01 len=16 data=aa840000090a10560001310051c45a55
WFR t=41041 src=mcu type=0x01 len=16 data=aa8513088003e204080b1000507864d4
WFI t=41054 a=-1476,-3908,252 g=-1,4,-8
WFR t=41061 src=mcu type=0x01 len=16 data=aa868403f4010400a00f8813c003f9eb
WFR t=41101 src=mcu type=0x01 len=16 data=aa8701180080000000000100feff2a56
WFI t=41104 a=-1501,-3918,232 g=-1,-9,-3
WFR t=41121 src=mcu type=0x01 len=16 data=aa882e042f0000000000000000009122
WFI t=41154 a=-1473,-3917,257 g=-2,-9,11
WFR t=41162 src=mcu type=0x01 len=16 data=aa89232c00000000000000000000ce8a
WFR t=41181 src=mcu type=0x01 len=16 data=aa8a480c1c0207284901230020001521
WFR t=41201 src=mcu type=0x01 len=16 data=aa8b40005c03474c775419031a0e80f3
WFI t=41204 a=-1486,-3921,254 g=-8,-13,-9
WFR t=41241 src=mcu type=0x01 len=16 data=aa8c2225bf0420034006b80b3e02672c
WFI t=41254 a=-1487,-3924,262 g=-1,3,-5
WFR t=41313 src=mcu type=0x01 len=16 data=aa8d800c800000006c07102780008244
WFR t=41313 src=mcu type=0x01 len=16 data=aa8e01180080000000000000ffff37f3
WFI t=41315 a=-1480,-3916,241 g=-3,-2,-17
WFR t=41321 src=mcu type=0x01 len=16 data=aa8f2e042f0000000000000000009a65
WFI t=41354 a=-1500,-3919,243 g=-1,19,-17
WFR t=41361 src=mcu type=0x01 len=16 data=aa90232c00000000000000000000edd3
WFR t=41381 src=mcu type=0x01 len=16 data=aa910b000f00465a667332000b9ed1a0
WFR t=41401 src=mcu type=0x01 len=16 data=aa92000000000000000000000000fbba
WFI t=41404 a=-1504,-3916,251 g=-1,-4,-4
WFR t=41441 src=mcu type=0x01 len=16 data=aa93d804480804242c01c003214fe1ad
WFI t=41454 a=-1480,-3920,260 g=-9,-35,20
WFR t=41461 src=mcu type=0x01 len=16 data=aa94f0f465fffffff8080d00412af645
WFR t=41501 src=mcu type=0x01 len=16 data=aa9501180080000000000000feff1278
WFI t=41504 a=-1448,-3924,255 g=-3,-10,5
WFR t=41521 src=mcu type=0x01 len=16 data=aa962e042f000000000000000000b93c
WFR t=41541 src=mcu type=0x01 len=16 data=aa97232c00000000000000000000e694
WFI t=41554 a=-1485,-3919,238 g=-3,21,-32
WFR t=41581 src=mcu type=0x01 len=16 data=aa9807010200000056117eea00007aa4
WFR t=41601 src=mcu type=0x01 len=16 data=aa991d00ab04a08c64502748395e1e28
WFI t=41604 a=-1504,-3920,249 g=-5,13,-11
WFR t=41641 src=mcu type=0x01 len=16 data=aa9a646464625f5d5b5955010101d546
WFI t=41654 a=-1475,-3930,258 g=-5,-2,-9
WFR t=41661 src=mcu type=0x01 len=16 data=aa9b0101010100000000fbfbecd30e91
WFR t=41681 src=mcu type=0x01 len=16 data=aa9c01180080000000000000feff0fb1
WFI t=41704 a=-1512,-3917,249 g=-4,-16,3
WFR t=41721 src=mcu type=0x01 len=16 data=aa9d2e042f000000000000000000a3b7
WFR t=41741 src=mcu type=0x01 len=16 data=aa9e232c00000000000000000000fb5d
WFI t=41754 a=-1473,-3928,248 g=-2,-23,22
WFR t=41781 src=mcu type=0x01 len=16 data=aa9fb5a1b0bfd800000000000000dfe1
WFR t=41801 src=mcu type=0x01 len=16 data=aaa000000000020c000035006a00d1bd
WFI t=41804 a=-1450,-3915,257 g=-10,1,-18
WFR t=41841 src=mcu type=0x01 len=16 data=aaa188044a5357583036323430360894
WFI t=41854 a=-1503,-3909,251 g=-1,24,-22
WFR t=41861 src=mcu type=0x01 len=16 data=aaa231344e4242463930333500005e71
WFR t=41881 src=mcu type=0x01 len=16 data=aaa301180080000000000000ffff5bde
WFI t=41904 a=-1486,-3921,247 g=-3,1,-8
WFR t=41921 src=mcu type=0x01 len=16 data=aaa42e042f000000000000000000ff8e
WFR t=41926 src=bms type=0x02 len=129 data=d2037c0eee0eed0eee0eee0eee0eed0eee0eee0eed0eed0eee0eee0ef20ef10ef20ef10ef20ef20ef30ef30ef20ef30ef40ef30ef20ef30ef30ef30000000000000000003d0000000000000000000000000000042e752e02af0ef40eed003d003d00000157001c0001001d0000000100010ef00007001500000000000000004747
WFR t=41941 src=mcu type=0x01 len=16 data=aaa5232c00000000000000000000a026
WFI t=41954 a=-1489,-3916,251 g=-5,-12,0
WFR t=41981 src=mcu type=0x01 len=16 data=aaa6000000000000000000000000b4ce
WFR t=42001 src=mcu type=0x01 len=16 data=aaa7000000000000000000000000b64f
WFI t=42004 a=-1478,-3915,249 g=2,-10,9
WFR t=42021 src=mcu type=0x01 len=16 data=aaa801801b000000400052a8194013c9
WFI t=42054 a=-1483,-3930,255 g=-7,-21,1
WFR t=42061 src=mcu type=0x01 len=16 data=aaa9028288135c4488132400ec02f999
WFR t=42081 src=mcu type=0x01 len=16 data=aaaa01180080000000000000feff4787
WFI t=42104 a=-1467,-3913,252 g=0,16,-13
WFR t=42121 src=mcu type=0x01 len=16 data=aaab2e042f000000000000000000eb81
WFR t=42141 src=mcu type=0x01 len=16 data=aaac232c00000000000000000000bdef
WFI t=42154 a=-1497,-3920,258 g=1,13,-25
WFR t=42161 src=mcu type=0x01 len=16 data=aaad0048005f00021000000100801d27
WFR t=42231 src=mcu type=0x01 len=16 data=aaae55f04b0b18000000803a40005cef
WFR t=42231 src=mcu type=0x01 len=16 data=aaaf08610005460c2f78a00f090076a9
WFI t=42357 a=-1483,-3922,239 g=-2,-11,3
WFR t=42455 src=mcu type=0x01 len=16 data=aab001180080000000000000ffff608d
WFI t=42455 a=-1457,-3926,241 g=-1,5,-8
WFR t=42455 src=mcu type=0x01 len=16 data=aab12e042f000000000000000000cd1b
WFR t=42455 src=mcu type=0x01 len=16 data=aab2232c0000000000000000000095f1
WFR t=42456 src=mcu type=0x01 len=16 data=aab3014a02050030000488001b007188
WFR t=42456 src=mcu type=0x01 len=16 data=aab400009f0ca90c9a0c540600001589
WFR t=42456 src=mcu type=0x01 len=16 data=aab51c00e8517918060ebf0ab0006ca3
WFI t=42457 a=-1515,-3916,251 g=1,0,-2
WFR t=42458 src=mcu type=0x01 len=16 data=aab6050804080080cb020122f13fc622
WFI t=42459 a=-1501,-3909,261 g=-1,-4,1
WFI t=42461 a=-1501,-3909,261 g=-1,-4,1
WFR t=42461 src=mcu type=0x01 len=16 data=aa8001180080000000000100feff2111
WFI t=42463 a=-1501,-3909,261 g=-1,-4,1
WFR t=42481 src=mcu type=0x01 len=16 data=aa812e042f0000000000000000008ceb
WFR t=42501 src=mcu type=0x01 len=16 data=aa82232c00000000000000000000d401
WFI t=42504 a=-1461,-3911,253 g=-7,-18,2
WFR t=42541 src=mcu type=0x01 len=16 data=aa83000100011101b70111019f00058c
WFI t=42554 a=-1495,-3923,247 g=0,-4,-4
WFR t=42561 src=mcu type=0x01 len=16 data=aa840000090a10560001310051c45a55
WFR t=42601 src=mcu type=0x01 len=16 data=aa8513088003e204080b1000507864d4
WFI t=42604 a=-1492,-3908,249 g=-4,-19,13
WFR t=42621 src=mcu type=0x01 len=16 data=aa868403f4010400a00f8813c003f9eb
WFR t=42641 src=mcu type=0x01 len=16 data=aa8701180080000000000000ffff2a3a
WFI t=42654 a=-1457,-3924,256 g=-8,-2,-12
WFR t=42681 src=mcu type=0x01 len=16 data=aa882e042f0000000000000000009122
WFR t=42701 src=mcu type=0x01 len=16 data=aa89232c00000000000000000000ce8a
WFI t=42704 a=-1482,-3919,249 g=-1,31,-30
WFR t=42741 src=mcu type=0x01 len=16 data=aa8a480c1c0207284901230020001521
WFI t=42754 a=-1504,-3916,231 g=-2,0,-7
WFR t=42761 src=mcu type=0x01 len=16 data=aa8b40005c03474c775419031a0e80f3
WFR t=42781 src=mcu type=0x01 len=16 data=aa8c2225bf0420034006b80b3e02672c
WFI t=42804 a=-1475,-3923,254 g=0,-16,11
WFR t=42821 src=mcu type=0x01 len=16 data=aa8d800c800000006c07102780008244
WFR t=42842 src=mcu type=0x01 len=16 data=aa8e01180080000000000000feff3663
WFI t=42854 a=-1467,-3923,249 g=-3,-4,-5
WFR t=42881 src=mcu type=0x01 len=16 data=aa8f2e042f0000000000000000009a65
WFR t=42901 src=mcu type=0x01 len=16 data=aa90232c00000000000000000000edd3
WFI t=42904 a=-1483,-3934,253 g=-5,-13,4
WFR t=42941 src=mcu type=0x01 len=16 data=aa910b000f00465a667332000b9ed1a0
WFI t=42954 a=-1460,-3910,242 g=-6,0,-2
WFR t=42961 src=mcu type=0x01 len=16 data=aa92000000000000000000000000fbba
WFR t=42976 src=bms type=0x02 len=129 data=d2037c0eee0eed0eee0eee0eee0eed0eee0eee0eed0eee0eee0eef0ef20ef20ef20ef10ef20ef20ef30ef30ef30ef30ef40ef30ef20ef30ef30ef30000000000000000003d0000000000000000000000000000042e752e02af0ef40eed003d003d00000157001c0001001d0000000100010ef00007001500000000000000000b45
WFR t=42981 src=mcu type=0x01 len=16 data=aa93d804480804242c01c003214fe1ad
WFI t=43004 a=-1488,-3927,248 g=-5,11,-25
WFR t=43021 src=mcu type=0x01 len=16 data=aa94f0f465fffffff8080d00412af645
WFR t=43041 src=mcu type=0x01 len=16 data=aa9501180080000000000000feff1278
WFI t=43054 a=-1508,-3909,242 g=-7,-4,-6
WFR t=43082 src=mcu type=0x01 len=16 data=aa962e042f000000000000000000b93c
WFR t=43101 src=mcu type=0x01 len=16 data=aa97232c00000000000000000000e694
WFI t=43104 a=-1477,-3920,260 g=-4,-20,15
WFR t=43121 src=mcu type=0x01 len=16 data=aa9807010200000056117eea00007aa4
WFI t=43154 a=-1470,-3919,248 g=-1,6,-6
WFR t=43161 src=mcu type=0x01 len=16 data=aa991d00ab04a08c64502748395e1e28
WFR t=43181 src=mcu type=0x01 len=16 data=aa9a646464625f5d5b5955010101d546
WFI t=43204 a=-1506,-3922,246 g=0,4,-14
WFR t=43221 src=mcu type=0x01 len=16 data=aa9b0101010100000000fbfbecd30e91
WFR t=43241 src=mcu type=0x01 len=16 data=aa9c01180080000000000000ffff0e21
WFI t=43254 a=-1481,-3906,240 g=-3,-7,6
WFR t=43261 src=mcu type=0x01 len=16 data=aa9d2e042f000000000000000000a3b7
WFR t=43301 src=mcu type=0x01 len=16 data=aa9e232c00000000000000000000fb5d
WFI t=43304 a=-1477,-3922,253 g=-5,-7,-10
WFR t=43321 src=mcu type=0x01 len=16 data=aa9fb5a1b0bfd800000000000000dfe1
WFI t=43354 a=-1484,-3919,254 g=-4,-1,-8
WFR t=43361 src=mcu type=0x01 len=16 data=aaa000000000020c000035006a00d1bd
WFR t=43381 src=mcu type=0x01 len=16 data=aaa188044a5357583036323430360894
WFR t=43401 src=mcu type=0x01 len=16 data=aaa231344e4242463930333500005e71
WFI t=43404 a=-1475,-3918,258 g=-8,-13,7
WFR t=43442 src=mcu type=0x01 len=16 data=aaa301180080000000000000feff5a4e
WFI t=43454 a=-1475,-3911,245 g=-2,-2,-10
WFR t=43461 src=mcu type=0x01 len=16 data=aaa42e042f000000000000000000ff8e
WFR t=43501 src=mcu type=0x01 len=16 data=aaa5232c00000000000000000000a026
WFI t=43504 a=-1499,-3910,234 g=1,15,-17
WFR t=43521 src=mcu type=0x01 len=16 data=aaa6000000000000000000000000b4ce
WFI t=43554 a=-1477,-3914,237 g=-6,-5,-3
WFR t=43561 src=mcu type=0x01 len=16 data=aaa7000000000000000000000000b64f
WFR t=43581 src=mcu type=0x01 len=16 data=aaa801801b000000400052a8194013c9
WFR t=43601 src=mcu type=0x01 len=16 data=aaa9028288135c4488132400ec02f999
WFI t=43604 a=-1490,-3920,252 g=-8,-9,-8
WFR t=43642 src=mcu type=0x01 len=16 data=aaaa01180080000000000000ffff4617
WFI t=43654 a=-1479,-3915,245 g=0,-7,2
WFR t=43661 src=mcu type=0x01 len=16 data=aaab2e042f000000000000000000eb81
WFR t=43701 src=mcu type=0x01 len=16 data=aaac232c00000000000000000000bdef
WFI t=43704 a=-1476,-3917,253 g=-6,-11,0
WFR t=43721 src=mcu type=0x01 len=16 data=aaad0048005f00021000000100801d27
WFR t=43741 src=mcu type=0x01 len=16 data=aaae55f04b0b18000000803a40005cef
WFI t=43754 a=-1471,-3930,263 g=-3,6,-9
WFR t=43781 src=mcu type=0x01 len=16 data=aaaf08610005460c2f78a00f090076a9
WFR t=43802 src=mcu type=0x01 len=16 data=aab001180080000000000000ffff608d
WFI t=43804 a=-1477,-3921,254 g=2,11,-12
WFR t=43841 src=mcu type=0x01 len=16 data=aab12e042f000000000000000000cd1b
WFI t=43854 a=-1490,-3922,250 g=-4,-11,-5
WFR t=43861 src=mcu type=0x01 len=16 data=aab2232c0000000000000000000095f1
WFR t=43881 src=mcu type=0x01 len=16 data=aab3014a02050030000488011b002048
WFI t=43905 a=-1473,-3925,244 g=-6,-7,3
WFR t=43921 src=mcu type=0x01 len=16 data=aab400009f0ca90c9a0c540600001589
WFR t=43941 src=mcu type=0x01 len=16 data=aab51c00e8517918060ebf0ab0006ca3
WFI t=43954 a=-1488,-3923,249 g=-4,-5,-8
WFR t=43967 src=bms type=0x02 len=129 data=d2037c0eee0eed0eee0eee0eee0eee0eee0eee0eed0eee0eee0eef0ef20ef20ef20ef10ef20ef20ef30ef30ef30ef30ef40ef40ef20ef30ef30ef30000000000000000003d0000000000000000000000000000042e752f02af0ef40eed003d003d00000157001c0001001d0000000100010ef00007000a0000000000000000afe5
WFR t=43981 src=mcu type=0x01 len=16 data=aab6050804080080cb020122f13fc622
WFR t=44001 src=mcu type=0x01 len=16 data=aa8001180080000000000000feff20ed
WFI t=44004 a=-1487,-3899,265 g=-2,1,-3
WFR t=44021 src=mcu type=0x01 len=16 data=aa812e042f0000000000000000008ceb
WFI t=44054 a=-1476,-3914,245 g=1,2,-4
WFR t=44061 src=mcu type=0x01 len=16 data=aa82232c00000000000000000000d401
WFR t=44081 src=mcu type=0x01 len=16 data=aa83000100011101b70111019f00058c
WFI t=44104 a=-1492,-3908,236 g=2,-1,-5
WFR t=44121 src=mcu type=0x01 len=16 data=aa840000090a10560001310051c45a55
WFI t=44154 a=-1469,-3930,245 g=-1,-1,0
WFR t=44161 src=mcu type=0x01 len=16 data=aa8513088003e204080b1000507864d4
WFR t=44181 src=mcu type=0x01 len=16 data=aa868403f4010400a00f8813c003f9eb
WFI t=44315 a=-1502,-3911,266 g=-5,-11,-2
WFR t=44329 src=mcu type=0x01 len=16 data=aa8701180080000000000000ffff2a3a
WFR t=44330 src=mcu type=0x01 len=16 data=aa882e042f0000000000000000009122
WFR t=44330 src=mcu type=0x01 len=16 data=aa89232c00000000000000000000ce8a
WFI t=44330 a=-1458,-3913,236 g=-5,3,-15
WFI t=44332 a=-1469,-3924,254 g=-5,10,-26
WFR t=44333 src=mcu type=0x01 len=16 data=aa8a480c1c0207284901230020001521
WFR t=44333 src=mcu type=0x01 len=16 data=aa8b40005c03474c775419031a0e80f3
WFR t=44341 src=mcu type=0x01 len=16 data=aa8c2225bf0420034006b80b3e02672c
WFI t=44354 a=-1494,-3902,257 g=-7,14,-26
WFR t=44361 src=mcu type=0x01 len=16 data=aa8d800c800000006c07102780008244
WFR t=44402 src=mcu type=0x01 len=16 data=aa8e01180080000000000000feff3663
WFI t=44404 a=-1487,-3904,242 g=3,5,4
WFR t=44421 src=mcu type=0x01 len=16 data=aa8f2e042f0000000000000000009a65
WFI t=44454 a=-1479,-3920,239 g=-6,-15,-6
WFR t=44461 src=mcu type=0x01 len=16 data=aa90232c00000000000000000000edd3
WFR t=44506 src=mcu type=0x01 len=16 data=aa910b000f00465a667332000b9ed1a0
WFR t=44506 src=mcu type=0x01 len=16 data=aa92000000000000000000000000fbba
WFI t=44517 a=-1499,-3915,253 g=-4,-12,5
WFR t=44541 src=mcu type=0x01 len=16 data=aa93d804480804242c01c003214fe1ad
WFI t=44554 a=-1468,-3917,235 g=-2,-15,9
WFR t=44561 src=mcu type=0x01 len=16 data=aa94f0f465fffffff8080d00412af645
WFR t=44602 src=mcu type=0x01 len=16 data=aa9501180080000000000000feff1278
WFI t=44604 a=-1478,-3922,255 g=-7,-3,-19
WFR t=44621 src=mcu type=0x01 len=16 data=aa962e042f000000000000000000b93c
WFI t=44654 a=-1480,-3920,251 g=-1,32,-22
WFR t=44661 src=mcu type=0x01 len=16 data=aa97232c00000000000000000000e694
WFR t=44681 src=mcu type=0x01 len=16 data=aa9807010200000056117eea00007aa4
WFR t=44701 src=mcu type=0x01 len=16 data=aa991d00ab04a08c64502748395e1e28
WFI t=44704 a=-1508,-3919,244 g=-2,-6,-14
WFR t=44741 src=mcu type=0x01 len=16 data=aa9a646464625f5d5b5955010101d546
WFI t=44754 a=-1484,-3929,258 g=1,-14,20
WFR t=44762 src=mcu type=0x01 len=16 data=aa9b0101010100000000fbfbecd30e91
WFR t=44802 src=mcu type=0x01 len=16 data=aa9c01180080000000000000feff0fb1
WFI t=44804 a=-1459,-3928,253 g=-1,-6,0
WFR t=44822 src=mcu type=0x01 len=16 data=aa9d2e042f000000000000000000a3b7
WFR t=44841 src=mcu type=0x01 len=16 data=aa9e232c00000000000000000000fb5d
WFI t=44854 a=-1487,-3925,256 g=-9,-11,-5
WFR t=44881 src=mcu type=0x01 len=16 data=aa9fb5a1b0bfd800000000000000dfe1
WFR t=44901 src=mcu type=0x01 len=16 data=aaa000000000020c000035006a00d1bd
WFI t=44904 a=-1456,-3921,247 g=-2,-4,1
WFR t=44941 src=mcu type=0x01 len=16 data=aaa188044a5357583036323430360894
WFI t=44954 a=-1480,-3930,235 g=-4,20,-31
WFR t=44962 src=mcu type=0x01 len=16 data=aaa231344e4242463930333500005e71
WFR t=44971 src=bms type=0x02 len=129 data=d2037c0eee0eed0eee0eee0eee0eed0eee0eee0eed0eed0eee0eef0ef20ef10ef20ef10ef20ef20ef30ef30ef30ef30ef40ef30ef20ef30ef30ef30000000000000000003d0000000000000000000000000000042e752e02af0ef40eed003d003d00000157001c0001001d0000000100010ef0000700150000000000000000e2b4
WFR t=44981 src=mcu type=0x01 len=16 data=aaa301180080000000000000feff5a4e
WFI t=45004 a=-1504,-3922,238 g=-1,5,-6
WFR t=45021 src=mcu type=0x01 len=16 data=aaa42e042f000000000000000000ff8e
WFR t=45041 src=mcu type=0x01 len=16 data=aaa5232c00000000000000000000a026
WFI t=45054 a=-1475,-3918,247 g=1,-24,12
WFR t=45081 src=mcu type=0x01 len=16 data=aaa6000000000000000000000000b4ce
WFR t=45101 src=mcu type=0x01 len=16 data=aaa7000000000000000000000000b64f
WFI t=45104 a=-1482,-3921,250 g=-6,-11,-4
WFR t=45121 src=mcu type=0x01 len=16 data=aaa801801b000000400052a8194013c9
WFI t=45154 a=-1482,-3918,257 g=-5,1,-5
WFR t=45161 src=mcu type=0x01 len=16 data=aaa9028288135c4488132400ec02f999
WFR t=45182 src=mcu type=0x01 len=16 data=aaaa01180080000000000000ffff4617
WFI t=45204 a=-1468,-3914,249 g=-1,10,-13
WFR t=45222 src=mcu type=0x01 len=16 data=aaab2e042f000000000000000000eb81
WFR t=45241 src=mcu type=0x01 len=16 data=aaac232c00000000000000000000bdef
WFI t=45254 a=-1489,-3927,247 g=-2,18,-22
WFR t=45281 src=mcu type=0x01 len=16 data=aaad0048005f00021000000100801d27
WFR t=45301 src=mcu type=0x01 len=16 data=aaae55f04b0b18000000803a40005cef
WFI t=45304 a=-1516,-3901,240 g=-4,-24,8
WFR t=45321 src=mcu type=0x01 len=16 data=aaaf08610005460c2f78a00f090076a9
WFI t=45354 a=-1463,-3903,259 g=-1,-34,23
WFR t=45362 src=mcu type=0x01 len=16 data=aab001180080000000000100feff60e1
WFR t=45382 src=mcu type=0x01 len=16 data=aab12e042f000000000000000000cd1b
WFI t=45404 a=-1466,-3926,235 g=-4,4,-13
WFR t=45421 src=mcu type=0x01 len=16 data=aab2232c0000000000000000000095f1
WFR t=45441 src=mcu type=0x01 len=16 data=aab3014a02050030000488001b007188
WFI t=45454 a=-1504,-3919,266 g=-1,20,-17
WFR t=45461 src=mcu type=0x01 len=16 data=aab400009f0ca90c9a0c540600001589
WFR t=45501 src=mcu type=0x01 len=16 data=aab51c00e8517918060eba0ab0006c6f
WFI t=45504 a=-1487,-3923,245 g=-5,-4,-9
WFR t=45521 src=mcu type=0x01 len=16 data=aab6050804080080cb020122f13fc622
WFI t=45554 a=-1485,-3919,243 g=-1,9,-8
WFR t=45562 src=mcu type=0x01 len=16 data=aa8001180080000000000000feff20ed
WFR t=45582 src=mcu type=0x01 len=16 data=aa812e042f0000000000000000008ceb
WFR t=45601 src=mcu type=0x01 len=16 data=aa82232c00000000000000000000d401
WFI t=45604 a=-1497,-3916,239 g=-3,-14,1
WFR t=45641 src=mcu type=0x01 len=16 data=aa83000100011101b70111019f00058c
WFI t=45654 a=-1468,-3917,245 g=-3,-16,14
WFR t=45661 src=mcu type=0x01 len=16 data=aa840000090a10560001310051c45a55
WFR t=45701 src=mcu type=0x01 len=16 data=aa8513088003e204080b1000507864d4
WFI t=45704 a=-1468,-3925,239 g=-4,6,-12
WFR t=45721 src=mcu type=0x01 len=16 data=aa868403f4010400a00f8813c003f9eb
WFI t=45754 a=-1501,-3925,255 g=3,17,-21
WFR t=45762 src=mcu type=0x01 len=16 data=aa8701180080000000000000ffff2a3a
WFR t=45802 src=mcu type=0x01 len=16 data=aa882e042f0000000000000000009122
WFR t=45803 src=mcu type=0x01 len=16 data=aa89232c00000000000000000000ce8a
WFI t=45804 a=-1499,-3920,253 g=-2,-5,-4
WFR t=45841 src=mcu type=0x01 len=16 data=aa8a480c1c0207284901230020001521
WFI t=45854 a=-1472,-3920,247 g=1,-4,-2
WFR t=45861 src=mcu type=0x01 len=16 data=aa8b40005c03474c775419031a0e80f3
WFR t=45901 src=mcu type=0x01 len=16 data=aa8c2225bf0420034006b80b3e02672c
WFI t=45904 a=-1509,-3921,248 g=-2,-15,-2
WFR t=45921 src=mcu type=0x01 len=16 data=aa8d800c800000006c07102780008244
WFR t=45942 src=mcu type=0x01 len=16 data=aa8e01180080000000000000ffff37f3
WFI t=45954 a=-1480,-3916,242 g=-5,-13,11
WFT t=45972 batt_mv=4214 rssi_mcu=-75 rssi_bms=-76 mcu=1634 bms=39 dropped=0
WFR t=45982 src=mcu type=0x01 len=16 data=aa8f2e042f0000000000000000009a65
WFR t=45992 src=bms type=0x02 len=129 data=d2037c0eee0eed0eee0eee0eee0eed0eee0eee0eed0eed0eee0eee0ef20ef10ef20ef10ef20ef20ef30ef30ef20ef30ef40ef40ef20ef30ef30ef30000000000000000003d0000000000000000000000000000042e752f02af0ef40eed003d003d00000157001c0001001d0000000100010ef00007000a0000000000000000098c
WFR t=46001 src=mcu type=0x01 len=16 data=aa90232c00000000000000000000edd3
WFI t=46004 a=-1463,-3927,239 g=-4,6,-16
WFR t=46041 src=mcu type=0x01 len=16 data=aa910b000f00465a667332000b9ed1a0
WFI t=46054 a=-1490,-3911,252 g=1,17,-22
WFR t=46061 src=mcu type=0x01 len=16 data=aa92000000000000000000000000fbba
WFR t=46081 src=mcu type=0x01 len=16 data=aa93d804480804242c01c003214fe1ad
WFI t=46104 a=-1495,-3925,236 g=0,-4,-1
WFR t=46121 src=mcu type=0x01 len=16 data=aa94f0f465fffffff8080d00412af645
WFR t=46142 src=mcu type=0x01 len=16 data=aa9501180080000000000000ffff13e8
WFI t=46154 a=-1480,-3907,250 g=-3,-18,3
WFR t=46182 src=mcu type=0x01 len=16 data=aa962e042f000000000000000000b93c
WFI t=46356 a=-1479,-3922,261 g=-3,-13,5
WFR t=46357 src=mcu type=0x01 len=16 data=aa97232c00000000000000000000e694
WFR t=46357 src=mcu type=0x01 len=16 data=aa9807010200000056117eea00007aa4
WFR t=46357 src=mcu type=0x01 len=16 data=aa991d00ab04a08c64502748395e1e28
WFR t=46371 src=mcu type=0x01 len=16 data=aa9a646464625f5d5b5955010101d546
WFR t=46372 src=mcu type=0x01 len=16 data=aa9b0101010100000000fbfbecd30e91
WFI t=46440 a=-1504,-3910,236 g=-4,20,-25
WFR t=46455 src=mcu type=0x01 len=16 data=aa9c01180080000000000000feff0fb1
WFR t=46456 src=mcu type=0x01 len=16 data=aa9d2e042f000000000000000000a3b7
WFR t=46456 src=mcu type=0x01 len=16 data=aa9e232c00000000000000000000fb5d
WFR t=46456 src=mcu type=0x01 len=16 data=aa9fb5a1b0bfd800000000000000dfe1
WFI t=46456 a=-1470,-3906,241 g=-2,-23,18
WFI t=46458 a=-1454,-3914,235 g=-7,-23,15
WFI t=46461 a=-1455,-3902,247 g=-6,-22,8
WFR t=46462 src=mcu type=0x01 len=16 data=aaa000000000020c000035006a00d1bd
WFI t=46463 a=-1455,-3902,247 g=-6,-22,8
WFR t=46481 src=mcu type=0x01 len=16 data=aaa188044a5357583036323430360894
WFI t=46504 a=-1474,-3923,266 g=-2,-7,-6
WFR t=46521 src=mcu type=0x01 len=16 data=aaa231344e4242463930333500005e71
WFR t=46542 src=mcu type=0x01 len=16 data=aaa301180080000000000000ffff5bde
WFI t=46554 a=-1465,-3928,244 g=1,6,-7
WFR t=46562 src=mcu type=0x01 len=16 data=aaa42e042f000000000000000000ff8e
WFR t=46601 src=mcu type=0x01 len=16 data=aaa5232c00000000000000000000a026
WFI t=46604 a=-1484,-3931,254 g=-7,11,-24
WFR t=46621 src=mcu type=0x01 len=16 data=aaa6000000000000000000000000b4ce
WFI t=46654 a=-1491,-3915,249 g=-5,7,-14
WFR t=46661 src=mcu type=0x01 len=16 data=aaa7000000000000000000000000b64f
WFR t=46682 src=mcu type=0x01 len=16 data=aaa801801b000000400052a8194013c9
WFR t=46701 src=mcu type=0x01 len=16 data=aaa9028288135c4488132400ec02f999
WFI t=46704 a=-1495,-3922,255 g=1,-10,3
WFR t=46742 src=mcu type=0x01 len=16 data=aaaa01180080000000000000ffff4617
WFI t=46754 a=-1487,-3917,257 g=1,-20,16
WFR t=46762 src=mcu type=0x01 len=16 data=aaab2e042f000000000000000000eb81
WFR t=46801 src=mcu type=0x01 len=16 data=aaac232c00000000000000000000bdef
WFI t=46804 a=-1476,-3919,255 g=-5,-4,3
WFR t=46821 src=mcu type=0x01 len=16 data=aaad0048005f00021000000100801d27
WFI t=46854 a=-1481,-3933,240 g=-6,5,-19
WFR t=46862 src=mcu type=0x01 len=16 data=aaae55f04b0b18000000803a40005cef
WFR t=46882 src=mcu type=0x01 len=16 data=aaaf08610005460c2f78a00f090076a9
WFR t=46902 src=mcu type=0x01 len=16 data=aab001180080000000000000feff611d
WFI t=46904 a=-1485,-3917,236 g=2,14,-13
WFR t=46942 src=mcu type=0x01 len=16 data=aab12e042f000000000000000000cd1b
WFI t=46954 a=-1490,-3907,241 g=-8,0,-12
WFR t=46961 src=mcu type=0x01 len=16 data=aab2232c0000000000000000000095f1
WFR t=47001 src=mcu type=0x01 len=16 data=aab3014a02050030000488001b007188
WFI t=47004 a=-1494,-3924,248 g=1,-15,8
WFR t=47021 src=mcu type=0x01 len=16 data=aab400009f0ca90c9a0c540600001589
WFR t=47041 src=mcu type=0x01 len=16 data=aab51c00e8517918060edb0ab0007393
WFI t=47054 a=-1486,-3921,252 g=-1,-23,13
WFR t=47057 src=bms type=0x02 len=129 data=d2037c0eee0eed0eee0eee0eee0eee0eee0eee0eec0eee0eee0eef0ef10ef10ef20ef10ef20ef20ef30ef30ef30ef30ef40ef30ef10ef30ef30ef30000000000000000003d0000000000000000000000000000042e752f02af0ef30eed003d003d00000157001c0001001d0000000100010ef00006000a0000000000000000f8ca
WFR t=47082 src=mcu type=0x01 len=16 data=aab6050804080080cb020122f13fc622
WFR t=47102 src=mcu type=0x01 len=16 data=aa8001180080000000000000feff20ed
WFI t=47104 a=-1460,-3925,253 g=-5,-2,-9
WFR t=47142 src=mcu type=0x01 len=16 data=aa812e042f0000000000000000008ceb
WFI t=47154 a=-1476,-3915,240 g=0,24,-22
WFR t=47162 src=mcu type=0x01 len=16 data=aa82232c00000000000000000000d401
WFR t=47181 src=mcu type=0x01 len=16 data=aa83000100011101b70111019f00058c
WFI t=47204 a=-1491,-3924,249 g=-3,13,-13
WFR t=47222 src=mcu type=0x01 len=16 data=aa840000090a10560001310051c45a55
WFR t=47241 src=mcu type=0x01 len=16 data=aa8513088003e204080b1000507864d4
WFI t=47254 a=-1497,-3905,248 g=-6,-4,-3
WFR t=47282 src=mcu type=0x01 len=16 data=aa868403f4010400a00f8813c003f9eb
WFR t=47302 src=mcu type=0x01 len=16 data=aa8701180080000000000000ffff2a3a
WFI t=47304 a=-1490,-3907,251 g=-8,-22,13
WFR t=47322 src=mcu type=0x01 len=16 data=aa882e042f0000000000000000009122
WFI t=47354 a=-1462,-3922,234 g=-4,-22,11
WFR t=47361 src=mcu type=0x01 len=16 data=aa89232c00000000000000000000ce8a
WFR t=47381 src=mcu type=0x01 len=16 data=aa8a480c1c0207284901230020001521
WFI t=47404 a=-1457,-3926,238 g=-7,9,-16
WFR t=47421 src=mcu type=0x01 len=16 data=aa8b40005c03474c775419031a0e80f3
WFR t=47441 src=mcu type=0x01 len=16 data=aa8c2225bf0420034006b80b3e02672c
WFI t=47454 a=-1506,-3912,231 g=2,23,-26
WFR t=47481 src=mcu type=0x01 len=16 data=aa8d800c800000006c07102780008244
WFR t=47502 src=mcu type=0x01 len=16 data=aa8e01180080000000000000feff3663
WFI t=47504 a=-1499,-3923,245 g=-12,1,-11
WFR t=47542 src=mcu type=0x01 len=16 data=aa8f2e042f0000000000000000009a65
WFI t=47554 a=-1485,-3901,243 g=-6,-18,9
WFR t=47561 src=mcu type=0x01 len=16 data=aa90232c00000000000000000000edd3
WFR t=47581 src=mcu type=0x01 len=16 data=aa910b000f00465a667332000b9ed1a0
WFI t=47604 a=-1482,-3923,248 g=-4,-19,13
WFR t=47621 src=mcu type=0x01 len=16 data=aa92000000000000000000000000fbba
WFR t=47641 src=mcu type=0x01 len=16 data=aa93d804480804242c01c003214fe1ad
WFI t=47654 a=-1464,-3926,249 g=-2,-4,0
WFR t=47693 src=mcu type=0x01 len=16 data=aa94f0f465fffffff8080d00412af645
WFR t=47703 src=mcu type=0x01 len=16 data=aa9501180080000000000000feff1278
WFI t=47706 a=-1470,-3914,240 g=-1,12,-26
WFR t=47722 src=mcu type=0x01 len=16 data=aa962e042f000000000000000000b93c
WFR t=47771 src=mcu type=0x01 len=16 data=aa97232c00000000000000000000e694
WFI t=47782 a=-1489,-3931,233 g=-2,1,-5
WFR t=47782 src=mcu type=0x01 len=16 data=aa9807010200000056117eea00007aa4
WFR t=47801 src=mcu type=0x01 len=16 data=aa991d00ab04a08c64502748395e1e28
WFI t=47804 a=-1481,-3930,233 g=-6,-8,-3
WFR t=47841 src=mcu type=0x01 len=16 data=aa9a646464625f5d5b5955010101d546
WFI t=47854 a=-1503,-3927,238 g=-3,-16,4
WFR t=47862 src=mcu type=0x01 len=16 data=aa9b0101010100000000fbfbecd30e91
WFR t=47902 src=mcu type=0x01 len=16 data=aa9c01180080000000000000ffff0e21
WFI t=47904 a=-1456,-3912,234 g=-4,-12,8
WFR t=47922 src=mcu type=0x01 len=16 data=aa9d2e042f000000000000000000a3b7
WFI t=47954 a=-1474,-3917,245 g=0,9,-19
WFR t=47962 src=mcu type=0x01 len=16 data=aa9e232c00000000000000000000fb5d
WFR t=47981 src=mcu type=0x01 len=16 data=aa9fb5a1b0bfd800000000000000dfe1
WFR t=48001 src=mcu type=0x01 len=16 data=aaa000000000020c000035006a00d1bd
WFI t=48004 a=-1505,-3917,242 g=-1,22,-14
WFR t=48032 src=bms type=0x02 len=129 data=d2037c0eee0eed0eee0eee0eee0eed0eee0eee0eec0eed0eee0eee0ef20ef20ef20ef10ef20ef20ef30ef30ef20ef30ef40ef30ef20ef30ef30ef30000000000000000003d0000000000000000000000000000042e752f02af0ef40eec003d003d00000157001c0001001d0000000100010ef00008000a00000000000000004d88
WFR t=48041 src=mcu type=0x01 len=16 data=aaa188044a5357583036323430360894
WFI t=48054 a=-1505,-3926,225 g=-5,-14,5
WFR t=48062 src=mcu type=0x01 len=16 data=aaa231344e4242463930333500005e71
WFR t=48102 src=mcu type=0x01 len=16 data=aaa301180080000000000000ffff5bde
WFI t=48104 a=-1480,-3923,237 g=-5,-16,10
WFR t=48122 src=mcu type=0x01 len=16 data=aaa42e042f000000000000000000ff8e
WFR t=48142 src=mcu type=0x01 len=16 data=aaa5232c00000000000000000000a026
WFI t=48154 a=-1453,-3902,251 g=-2,1,-6
WFR t=48182 src=mcu type=0x01 len=16 data=aaa6000000000000000000000000b4ce
WFR t=48202 src=mcu type=0x01 len=16 data=aaa7000000000000000000000000b64f
WFI t=48298 a=-1499,-3924,243 g=-1,1,-4
WFR t=48298 src=mcu type=0x01 len=16 data=aaa801801b000000400052a8194013c9
WFR t=48299 src=mcu type=0x01 len=16 data=aaa9028288135c4488132400ec02f999
WFR t=48299 src=mcu type=0x01 len=16 data=aaaa01180080000000000000feff4787
WFI t=48360 a=-1478,-3915,229 g=-5,7,-17
WFR t=48361 src=mcu type=0x01 len=16 data=aaab2e042f000000000000000000eb81
WFI t=48444 a=-1488,-3913,251 g=4,-10,14
WFR t=48445 src=mcu type=0x01 len=16 data=aaac232c00000000000000000000bdef
WFR t=48445 src=mcu type=0x01 len=16 data=aaad0048005f00021000000100801d27
WFR t=48445 src=mcu type=0x01 len=16 data=aaae55f04b0b18000000803a40005cef
WFR t=48459 src=mcu type=0x01 len=16 data=aaaf08610005460c2f78a00f090076a9
WFI t=48459 a=-1492,-3913,239 g=-7,-8,-14
WFI t=48461 a=-1501,-3919,231 g=-4,-3,-11
WFR t=48462 src=mcu type=0x01 len=16 data=aab001180080000000000000ffff608d
WFI t=48463 a=-1493,-3909,239 g=-4,-3,-8
WFR t=48482 src=mcu type=0x01 len=16 data=aab12e042f000000000000000000cd1b
WFI t=48504 a=-1485,-3927,239 g=-3,3,2
WFR t=48522 src=mcu type=0x01 len=16 data=aab2232c0000000000000000000095f1
WFR t=48542 src=mcu type=0x01 len=16 data=aab3014a02050030000488001b007188
WFI t=48554 a=-1468,-3929,242 g=-3,7,-20
WFR t=48581 src=mcu type=0x01 len=16 data=aab400009f0ca90c9a0c540600001589
WFR t=48602 src=mcu type=0x01 len=16 data=aab51c00e8517918060e940ab0006547
WFI t=48604 a=-1505,-3922,246 g=-3,6,-10
WFR t=48621 src=mcu type=0x01 len=16 data=aab6050804080080cb020122f13fc622
WFI t=48654 a=-1492,-3911,236 g=-4,-17,11
WFR t=48662 src=mcu type=0x01 len=16 data=aa8001180080000000000000feff20ed
WFR t=48682 src=mcu type=0x01 len=16 data=aa812e042f0000000000000000008ceb
WFI t=48704 a=-1460,-3915,250 g=-8,-18,2
WFR t=48722 src=mcu type=0x01 len=16 data=aa82232c00000000000000000000d401
WFI t=48754 a=-1474,-3916,234 g=4,18,-10
WFR t=48762 src=mcu type=0x01 len=16 data=aa83000100011101b70111019f00058c
WFR t=48762 src=mcu type=0x01 len=16 data=aa840000090a10560001310051c45a55
WFR t=48801 src=mcu type=0x01 len=16 data=aa8513088003e204080b1000507864d4
WFI t=48804 a=-1505,-3917,259 g=-6,-8,-12
WFR t=48822 src=mcu type=0x01 len=16 data=aa868403f4010400a00f8813c003f9eb
WFI t=48854 a=-1464,-3911,246 g=0,-3,6
WFR t=48862 src=mcu type=0x01 len=16 data=aa8701180080000000000000feff2baa
WFR t=48882 src=mcu type=0x01 len=16 data=aa882e042f0000000000000000009122
WFR t=48904 src=mcu type=0x01 len=16 data=aa89232c00000000000000000000ce8a
WFI t=48904 a=-1477,-3921,218 g=-3,2,-16
WFR t=48942 src=mcu type=0x01 len=16 data=aa8a480c1c0207284901230020001521
WFI t=48954 a=-1511,-3927,248 g=-1,-2,2
WFR t=48962 src=mcu type=0x01 len=16 data=aa8b40005c03474c775419031a0e80f3
WFR t=49001 src=mcu type=0x01 len=16 data=aa8c2225bf0420034006b80b3e02672c
WFI t=49004 a=-1458,-3922,245 g=-3,-14,4
WFR t=49022 src=mcu type=0x01 len=16 data=aa8d800c800000006c07102780008244
WFI t=49054 a=-1474,-3919,245 g=-10,4,-13
WFR t=49062 src=mcu type=0x01 len=16 data=aa8e01180080000000000000ffff37f3
WFR t=49082 src=mcu type=0x01 len=16 data=aa8f2e042f0000000000000000009a65
WFR t=49102 src=mcu type=0x01 len=16 data=aa90232c00000000000000000000edd3
WFI t=49104 a=-1495,-3913,241 g=-5,-4,-3
WFR t=49112 src=bms type=0x02 len=129 data=d2037c0eee0eed0eee0eee0eee0eed0eee0eee0eec0eed0eee0eee0ef10ef20ef20ef10ef20ef20ef30ef30ef30ef30ef40ef30ef20ef30ef30ef30000000000000000003d0000000000000000000000000000042e752f02af0ef40eec003d003d00000157001c0001001d0000000100010ef00008000a00000000000000002220
WFR t=49142 src=mcu type=0x01 len=16 data=aa910b000f00465a667332000b9ed1a0
WFI t=49154 a=-1478,-3913,243 g=-5,-2,-9
WFR t=49162 src=mcu type=0x01 len=16 data=aa92000000000000000000000000fbba
WFR t=49202 src=mcu type=0x01 len=16 data=aa93d804480804242c01c003214fe1ad
WFI t=49204 a=-1482,-3921,239 g=-8,1,-11
WFR t=49222 src=mcu type=0x01 len=16 data=aa94f0f465fffffff8080d00412af645
WFR t=49242 src=mcu type=0x01 len=16 data=aa9501180080000000000000ffff13e8
WFI t=49254 a=-1491,-3919,246 g=0,-8,6
WFR t=49282 src=mcu type=0x01 len=16 data=aa962e042f000000000000000000b93c
WFR t=49302 src=mcu type=0x01 len=16 data=aa97232c00000000000000000000e694
WFI t=49304 a=-1464,-3916,238 g=-8,-17,-2
WFR t=49342 src=mcu type=0x01 len=16 data=aa9807010200000056117eea00007aa4
WFI t=49354 a=-1477,-3923,239 g=-8,0,1
WFR t=49362 src=mcu type=0x01 len=16 data=aa991d00ab04a08c64502748395e1e28
WFR t=49382 src=mcu type=0x01 len=16 data=aa9a646464625f5d5b5955010101d546
WFI t=49404 a=-1480,-3916,249 g=2,2,-11
WFR t=49422 src=mcu type=0x01 len=16 data=aa9b0101010100000000fbfbecd30e91
WFR t=49442 src=mcu type=0x01 len=16 data=aa9c01180080000000000000ffff0e21
WFI t=49454 a=-1495,-3917,261 g=-6,6,-9
WFR t=49482 src=mcu type=0x01 len=16 data=aa9d2e042f000000000000000000a3b7
WFR t=49502 src=mcu type=0x01 len=16 data=aa9e232c00000000000000000000fb5d
WFI t=49504 a=-1482,-3922,241 g=-1,-6,-1
WFR t=49522 src=mcu type=0x01 len=16 data=aa9fb5a1b0bfd800000000000000dfe1
WFI t=49554 a=-1496,-3913,232 g=-5,-15,-7
WFR t=49562 src=mcu type=0x01 len=16 data=aaa000000000020c000035006a00d1bd
WFR t=49582 src=mcu type=0x01 len=16 data=aaa188044a5357583036323430360894
WFI t=49604 a=-1490,-3920,235 g=-6,-13,1
WFR t=49622 src=mcu type=0x01 len=16 data=aaa231344e4242463930333500005e71
WFR t=49642 src=mcu type=0x01 len=16 data=aaa301180080000000000000feff5a4e
WFI t=49654 a=-1475,-3930,249 g=-9,-9,-9
WFR t=49682 src=mcu type=0x01 len=16 data=aaa42e042f000000000000000000ff8e
WFR t=49702 src=mcu type=0x01 len=16 data=aaa5232c00000000000000000000a026
WFI t=49704 a=-1488,-3918,248 g=-1,2,-9
WFR t=49722 src=mcu type=0x01 len=16 data=aaa6000000000000000000000000b4ce
WFI t=49754 a=-1478,-3923,240 g=1,11,-11
WFR t=49762 src=mcu type=0x01 len=16 data=aaa7000000000000000000000000b64f
WFR t=49782 src=mcu type=0x01 len=16 data=aaa801801b000000400052a8194013c9
WFI t=49804 a=-1491,-3925,230 g=-4,8,-20
WFR t=49822 src=mcu type=0x01 len=16 data=aaa9028288135c4488132400ec02f999
WFR t=49842 src=mcu type=0x01 len=16 data=aaaa01180080000000000000ffff4617
WFI t=49854 a=-1524,-3917,247 g=-6,-17,14
WFR t=49862 src=mcu type=0x01 len=16 data=aaab2e042f000000000000000000eb81
WFR t=49902 src=mcu type=0x01 len=16 data=aaac232c00000000000000000000bdef
WFI t=49904 a=-1463,-3915,231 g=-7,-35,26
WFR t=49922 src=mcu type=0x01 len=16 data=aaad0048005f00021000000100801d27
WFI t=49954 a=-1434,-3925,252 g=-6,13,-21
WFR t=49962 src=mcu type=0x01 len=16 data=aaae55f04b0b18000000803a40005cef
WFR t=49982 src=mcu type=0x01 len=16 data=aaaf08610005460c2f78a00f090076a9
WFR t=50002 src=mcu type=0x01 len=16 data=aab001180080000000000000ffff608d
WFI t=50004 a=-1495,-3925,240 g=1,42,-39
WFR t=50042 src=mcu type=0x01 len=16 data=aab12e042f000000000000000000cd1b
WFI t=50054 a=-1504,-3915,232 g=-5,-5,-5
WFR t=50062 src=mcu type=0x01 len=16 data=aab2232c0000000000000000000095f1
WFR t=50102 src=mcu type=0x01 len=16 data=aab3014a02050030000488001b007188
WFI t=50104 a=-1485,-3911,225 g=-4,-20,12
WFR t=50117 src=bms type=0x02 len=129 data=d2037c0eee0eed0eee0eee0eee0eed0eee0eee0eec0eed0eee0eee0ef10ef10ef20ef10ef20ef20ef30ef30ef30ef30ef40ef30ef20ef30ef30ef30000000000000000003d0000000000000000000000000000042e753002af0ef30eed003d003d00000157001c0001001d0000000100010ef00006000000000000000000007764
WFR t=50122 src=mcu type=0x01 len=16 data=aab400009f0ca90c9a0c540600001589
WFR t=50142 src=mcu type=0x01 len=16 data=aab51c00e8517918060e940ab0006547
WFI t=50154 a=-1480,-3925,240 g=-5,-20,8
WFR t=50182 src=mcu type=0x01 len=16 data=aab6050804080080cb020122f13fc622
WFR t=50202 src=mcu type=0x01 len=16 data=aa8001180080000000000000feff20ed
WFI t=50204 a=-1478,-3931,258 g=-9,-31,2
WFR t=50255 src=mcu type=0x01 len=16 data=aa812e042f0000000000000000008ceb
WFI t=50332 a=-1457,-3916,243 g=-4,19,-19
WFR t=50347 src=mcu type=0x01 len=16 data=aa82232c00000000000000000000d401
WFR t=50347 src=mcu type=0x01 len=16 data=aa83000100011101b70111019f00058c
WFR t=50348 src=mcu type=0x01 len=16 data=aa840000090a10560001310051c45a55
WFR t=50348 src=mcu type=0x01 len=16 data=aa8513088003e204080b1000507864d4
WFI t=50348 a=-1521,-3916,250 g=3,18,-15
WFI t=50354 a=-1511,-3917,253 g=1,4,2
WFR t=50382 src=mcu type=0x01 len=16 data=aa868403f4010400a00f8813c003f9eb
WFR t=50402 src=mcu type=0x01 len=16 data=aa8701180080000000000000ffff2a3a
WFI t=50404 a=-1457,-3925,245 g=0,-3,10
WFR t=50442 src=mcu type=0x01 len=16 data=aa882e042f0000000000000000009122
WFI t=50454 a=-1497,-3910,243 g=0,-1,-4
WFR t=50462 src=mcu type=0x01 len=16 data=aa89232c00000000000000000000ce8a
WFR t=50482 src=mcu type=0x01 len=16 data=aa8a480c1c0207284901230020001521
WFI t=50504 a=-1499,-3905,230 g=-2,-24,22
WFR t=50522 src=mcu type=0x01 len=16 data=aa8b40005c03474c775419031a0e80f3
WFR t=50542 src=mcu type=0x01 len=16 data=aa8c2225bf0420034006b80b3e02672c
WFI t=50554 a=-1438,-3925,239 g=1,-3,7
WFR t=50582 src=mcu type=0x01 len=16 data=aa8d800c800000006c07102780008244
WFR t=50602 src=mcu type=0x01 len=16 data=aa8e01180080000000000000ffff37f3
WFI t=50604 a=-1472,-3925,265 g=-2,36,-37
WFR t=50622 src=mcu type=0x01 len=16 data=aa8f2e042f0000000000000000009a65
WFI t=50654 a=-1502,-3919,248 g=2,17,-16
WFR t=50662 src=mcu type=0x01 len=16 data=aa90232c00000000000000000000edd3
WFR t=50682 src=mcu type=0x01 len=16 data=aa910b000f00465a667332000b9ed1a0
WFI t=50704 a=-1483,-3922,241 g=-7,-21,2
WFR t=50722 src=mcu type=0x01 len=16 data=aa92000000000000000000000000fbba
WFR t=50742 src=mcu type=0x01 len=16 data=aa93d804480804242c01c003214fe1ad
WFI t=50754 a=-1483,-3913,232 g=-2,-20,13
WFR t=50782 src=mcu type=0x01 len=16 data=aa94f0f465fffffff8080d00412af645
WFI t=50804 a=-1478,-3916,253 g=0,-23,18
WFR t=50823 src=mcu type=0x01 len=16 data=aa9501180080000000000000feff1278
WFR t=50823 src=mcu type=0x01 len=16 data=aa962e042f000000000000000000b93c
WFI t=50854 a=-1455,-3911,258 g=0,3,-5
WFR t=50862 src=mcu type=0x01 len=16 data=aa97232c00000000000000000000e694
WFR t=50882 src=mcu type=0x01 len=16 data=aa9807010200000056117eea00007aa4
WFI t=50904 a=-1483,-3922,244 g=3,38,-36
WFR t=50922 src=mcu type=0x01 len=16 data=aa991d00ab04a08c64502748395e1e28
WFR t=50942 src=mcu type=0x01 len=16 data=aa9a646464625f5d5b5955010101d546
WFI t=50996 a=-1511,-3924,234 g=-2,-30,21
WFR t=51003 src=mcu type=0x01 len=16 data=aa9b0101010100000000fbfbecd30e91
WFR t=51003 src=mcu type=0x01 len=16 data=aa9c01180080000000000000ffff0e21
WFI t=51004 a=-1497,-3917,242 g=-8,-35,27
WFR t=51022 src=mcu type=0x01 len=16 data=aa9d2e042f000000000000000000a3b7
WFI t=51054 a=-1453,-3917,251 g=-1,-13,8
WFR t=51062 src=mcu type=0x01 len=16 data=aa9e232c00000000000000000000fb5d
WFR t=51082 src=mcu type=0x01 len=16 data=aa9fb5a1b0bfd800000000000000dfe1
WFR t=51102 src=mcu type=0x01 len=16 data=aaa000000000020c000035006a00d1bd
WFI t=51104 a=-1490,-3916,254 g=-4,-2,-22
WFT t=51138 batt_mv=4222 rssi_mcu=-77 rssi_bms=-76 mcu=1817 bms=44 dropped=0
WFR t=51142 src=mcu type=0x01 len=16 data=aaa188044a5357583036323430360894
WFI t=51154 a=-1477,-3910,245 g=-3,14,-17
WFR t=51162 src=mcu type=0x01 len=16 data=aaa231344e4242463930333500005e71
WFR t=51202 src=mcu type=0x01 len=16 data=aaa301180080000000000000feff5a4e
WFI t=51204 a=-1485,-3915,242 g=-9,32,-36
WFR t=51222 src=mcu type=0x01 len=16 data=aaa42e042f000000000000000000ff8e
WFR t=51227 src=bms type=0x02 len=129 data=d2037c0eee0eed0eee0eee0eee0eed0eee0eee0eec0eed0eee0eee0ef10ef20ef20ef10ef20ef20ef30ef30ef30ef30ef30ef30ef20ef30ef30ef30000000000000000003d0000000000000000000000000000042e752f02af0ef30eec003d003d00000157001c0001001d0000000100010ef00007000a000000000000000091a6
WFR t=51242 src=mcu type=0x01 len=16 data=aaa5232c00000000000000000000a026
WFI t=51254 a=-1542,-3917,235 g=3,14,-6
WFR t=51282 src=mcu type=0x01 len=16 data=aaa6000000000000000000000000b4ce
WFR t=51302 src=mcu type=0x01 len=16 data=aaa7000000000000000000000000b64f
WFI t=51304 a=-1493,-3914,252 g=-4,-47,45
WFR t=51342 src=mcu type=0x01 len=16 data=aaa801801b000000400052a8194013c9
WFI t=51354 a=-1447,-3914,259 g=1,-37,29
WFR t=51362 src=mcu type=0x01 len=16 data=aaa9028288135c4488132400ec02f999
WFR t=51402 src=mcu type=0x01 len=16 data=aaaa01180080000000000000ffff4617
WFI t=51404 a=-1463,-3922,255 g=-1,32,-18
WFR t=51422 src=mcu type=0x01 len=16 data=aaab2e042f000000000000000000eb81
WFR t=51442 src=mcu type=0x01 len=16 data=aaac232c00000000000000000000bdef
WFI t=51454 a=-1486,-3922,241 g=-2,55,-50
WFR t=51482 src=mcu type=0x01 len=16 data=aaad0048005f00021000000100801d27
WFR t=51502 src=mcu type=0x01 len=16 data=aaae55f04b0b18000000803a40005cef
WFI t=51504 a=-1534,-3909,243 g=-2,23,-27
WFR t=51542 src=mcu type=0x01 len=16 data=aaaf08610005460c2f78a00f090076a9
WFI t=51554 a=-1508,-3917,227 g=-5,-46,25
WFR t=51562 src=mcu type=0x01 len=16 data=aab001180080000000000000feff611d
WFR t=51582 src=mcu type=0x01 len=16 data=aab12e042f000000000000000000cd1b
WFI t=51604 a=-1502,-3909,237 g=-9,-84,46
WFR t=51622 src=mcu type=0x01 len=16 data=aab2232c0000000000000000000095f1
WFR t=51642 src=mcu type=0x01 len=16 data=aab3014a02050030000488001b007188
WFI t=51654 a=-1428,-3917,262 g=0,-23,23
WFR t=51682 src=mcu type=0x01 len=16 data=aab400009f0ca90c9a0c540600001589
WFR t=51702 src=mcu type=0x01 len=16 data=aab51c00e8517918060ebd0ab0006d1b
WFI t=51704 a=-1443,-3927,256 g=-3,56,-61
WFR t=51722 src=mcu type=0x01 len=16 data=aab6050804080080cb020122f13fc622
WFI t=51754 a=-1546,-3917,251 g=-4,59,-70
WFR t=51762 src=mcu type=0x01 len=16 data=aa8001180080000000000000ffff217d
WFR t=51782 src=mcu type=0x01 len=16 data=aa812e042f0000000000000000008ceb
WFI t=51804 a=-1521,-3903,213 g=-9,-12,12
WFR t=51822 src=mcu type=0x01 len=16 data=aa82232c00000000000000000000d401
WFR t=51960 src=mcu type=0x01 len=16 data=aa83000100011101b70111019f00058c
WFR t=51961 src=mcu type=0x01 len=16 data=aa840000090a10560001310051c45a55
WFI t=51975 a=-1459,-3925,263 g=-4,-11,5
WFR t=51977 src=mcu type=0x01 len=16 data=aa8513088003e204080b1000507864d4
WFR t=51977 src=mcu type=0x01 len=16 data=aa868403f4010400a00f8813c003f9eb
WFI t=51977 a=-1454,-3931,244 g=-4,-21,3
WFR t=51978 src=mcu type=0x01 len=16 data=aa8701180080000000000000ffff2a3a
WFI t=51979 a=-1454,-3931,244 g=-4,-21,3
WFR t=51982 src=mcu type=0x01 len=16 data=aa882e042f0000000000000000009122
WFI t=52004 a=-1462,-3922,241 g=-4,0,-22
WFR t=52022 src=mcu type=0x01 len=16 data=aa89232c00000000000000000000ce8a
WFR t=52042 src=mcu type=0x01 len=16 data=aa8a480c1c0207284901230020001521
WFI t=52054 a=-1498,-3921,230 g=0,53,-42
WFR t=52062 src=mcu type=0x01 len=16 data=aa8b40005c03474c775419031a0e80f3
WFR t=52102 src=mcu type=0x01 len=16 data=aa8c2225bf0420034006b80b3e02672c
WFI t=52104 a=-1519,-3908,257 g=-11,-21,-10
WFR t=52122 src=mcu type=0x01 len=16 data=aa8d800c800000006c07102780008244
WFI t=52154 a=-1445,-3923,246 g=-4,-31,19
WFR t=52162 src=mcu type=0x01 len=16 data=aa8e01180080000000000000ffff37f3
WFR t=52182 src=mcu type=0x01 len=16 data=aa8f2e042f0000000000000000009a65
WFR t=52187 src=bms type=0x02 len=129 data=d2037c0eee0eed0eee0eee0eee0eed0eee0eee0eec0eed0eee0eee0ef10ef20ef20ef00ef20ef20ef30ef30ef20ef30ef40ef40ef20ef30ef30ef30000000000000000003d0000000000000000000000000000042e752e02af0ef40eec003d003d00000157001c0001001d0000000100010ef00008001500000000000000002ea5
WFR t=52202 src=mcu type=0x01 len=16 data=aa90232c00000000000000000000edd3
WFI t=52204 a=-1453,-3918,237 g=-10,-1,-32
WFR t=52262 src=mcu type=0x01 len=16 data=aa910b000f00465a667332000b9ed1a0
WFR t=52262 src=mcu type=0x01 len=16 data=aa92000000000000000000000000fbba
WFI t=52344 a=-1510,-3907,232 g=-4,-1,2
WFR t=52358 src=mcu type=0x01 len=16 data=aa93d804480804242c01c003214fe1ad
WFR t=52358 src=mcu type=0x01 len=16 data=aa94f0f465fffffff8080d00412af645
WFR t=52359 src=mcu type=0x01 len=16 data=aa9501180080000000000000ffff13e8
WFI t=52359 a=-1454,-3931,252 g=-1,2,-5
WFI t=52361 a=-1449,-3918,256 g=2,8,-11
WFR t=52382 src=mcu type=0x01 len=16 data=aa962e042f000000000000000000b93c
WFR t=52402 src=mcu type=0x01 len=16 data=aa97232c00000000000000000000e694
WFI t=52404 a=-1495,-3921,249 g=-10,-15,-7
WFI t=52454 a=-1471,-3907,237 g=1,0,11
WFR t=52462 src=mcu type=0x01 len=16 data=aa9807010200000056117eea00007aa4
WFR t=52462 src=mcu type=0x01 len=16 data=aa991d00ab04a08c64502748395e1e28
WFR t=52502 src=mcu type=0x01 len=16 data=aa9a646464625f5d5b5955010101d546
WFI t=52504 a=-1479,-3939,237 g=-6,13,-30
WFR t=52522 src=mcu type=0x01 len=16 data=aa9b0101010100000000fbfbecd30e91
WFI t=52554 a=-1502,-3917,250 g=3,21,-4
WFR t=52562 src=mcu type=0x01 len=16 data=aa9c01180080000000000000feff0fb1
WFR t=52582 src=mcu type=0x01 len=16 data=aa9d2e042f000000000000000000a3b7
WFR t=52602 src=mcu type=0x01 len=16 data=aa9e232c00000000000000000000fb5d
WFI t=52604 a=-1467,-3910,236 g=-3,-27,17
WFR t=52642 src=mcu type=0x01 len=16 data=aa9fb5a1b0bfd800000000000000dfe1
WFI t=52654 a=-1440,-3905,225 g=6,16,-3
WFR t=52662 src=mcu type=0x01 len=16 data=aaa000000000020c000035006a00d1bd
WFR t=52682 src=mcu type=0x01 len=16 data=aaa188044a5357583036323430360894
WFI t=52704 a=-1500,-3922,222 g=-3,22,-38
WFR t=52722 src=mcu type=0x01 len=16 data=aaa231344e4242463930333500005e71
WFR t=52742 src=mcu type=0x01 len=16 data=aaa301180080000000000000ffff5bde
WFI t=52754 a=-1542,-3914,251 g=2,-32,42
WFR t=52782 src=mcu type=0x01 len=16 data=aaa42e042f000000000000000000ff8e
WFR t=52802 src=mcu type=0x01 len=16 data=aaa5232c00000000000000000000a026
WFI t=52804 a=-1403,-3909,254 g=2,-38,36
WFR t=52822 src=mcu type=0x01 len=16 data=aaa6000000000000000000000000b4ce
WFI t=52854 a=-1451,-3911,263 g=-2,57,-60
WFR t=52862 src=mcu type=0x01 len=16 data=aaa7000000000000000000000000b64f
WFR t=52882 src=mcu type=0x01 len=16 data=aaa801801b000000400052a8194013c9
WFI t=52904 a=-1560,-3898,221 g=-3,12,-27
WFR t=52922 src=mcu type=0x01 len=16 data=aaa9028288135c4488132400ec02f999
WFR t=52942 src=mcu type=0x01 len=16 data=aaaa01180080000000000100feff467b
WFI t=52954 a=-1524,-3918,234 g=-18,-103,47
WFR t=52982 src=mcu type=0x01 len=16 data=aaab2e042f000000000000000000eb81
WFR t=53002 src=mcu type=0x01 len=16 data=aaac232c00000000000000000000bdef
WFI t=53004 a=-1400,-3932,233 g=-9,-43,18
WFR t=53022 src=mcu type=0x01 len=16 data=aaad0048005f00021000000100801d27
WFI t=53054 a=-1468,-3898,249 g=-2,68,-63
WFR t=53062 src=mcu type=0x01 len=16 data=aaae55f04b0b18000000803a40005cef
WFR t=53082 src=mcu type=0x01 len=16 data=aaaf08610005460c2f78a00f090076a9
WFI t=53104 a=-1522,-3907,227 g=7,23,-15
WFR t=53122 src=mcu type=0x01 len=16 data=aab001180080000000000000ffff608d
WFR t=53142 src=mcu type=0x01 len=16 data=aab12e042f000000000000000000cd1b
WFI t=53154 a=-1489,-3928,239 g=-3,-43,35
WFR t=53162 src=mcu type=0x01 len=16 data=aab2232c0000000000000000000095f1
WFR t=53177 src=bms type=0x02 len=129 data=d2037c0eee0eed0eee0eee0eee0eed0eee0eee0eec0eee0eee0eee0ef10ef10ef20ef10ef20ef20ef30ef30ef30ef30ef30ef30ef20ef30ef30ef30000000000000000003d0000000000000000000000000000042e752f02af0ef30eec003d003d00000157001c0001001d0000000100010ef00007000a00000000000000007857
WFR t=53202 src=mcu type=0x01 len=16 data=aab3014a02050030000488001b007188
WFI t=53204 a=-1429,-3933,247 g=4,16,1
WFR t=53222 src=mcu type=0x01 len=16 data=aab400009f0ca90c9a0c540600001589
WFI t=53254 a=-1510,-3917,245 g=-1,40,-37
WFR t=53262 src=mcu type=0x01 len=16 data=aab51c00e8517918060e6e0ab000559f
WFR t=53282 src=mcu type=0x01 len=16 data=aab6050804080080cb020122f13fc622
WFR t=53302 src=mcu type=0x01 len=16 data=aa8001180080000000000000ffff217d
WFI t=53304 a=-1513,-3907,235 g=-10,-34,7
WFR t=53342 src=mcu type=0x01 len=16 data=aa812e042f0000000000000000008ceb
WFI t=53354 a=-1450,-3906,241 g=-15,-66,17
WFR t=53362 src=mcu type=0x01 len=16 data=aa82232c00000000000000000000d401
WFR t=53402 src=mcu type=0x01 len=16 data=aa83000100011101b70111019f00058c
WFI t=53404 a=-1450,-3910,226 g=-13,24,-54
WFR t=53422 src=mcu type=0x01 len=16 data=aa840000090a10560001310051c45a55
WFR t=53442 src=mcu type=0x01 len=16 data=aa8513088003e204080b1000507864d4
WFI t=53454 a=-1506,-3920,231 g=-3,41,-59
WFR t=53482 src=mcu type=0x01 len=16 data=aa868403f4010400a00f8813c003f9eb
WFR t=53502 src=mcu type=0x01 len=16 data=aa8701180080000000000000feff2baa
WFI t=53504 a=-1540,-3929,260 g=-11,-77,31
WFR t=53542 src=mcu type=0x01 len=16 data=aa882e042f0000000000000000009122
WFI t=53554 a=-1401,-3925,245 g=5,-46,62
WFR t=53562 src=mcu type=0x01 len=16 data=aa89232c00000000000000000000ce8a
WFR t=53602 src=mcu type=0x01 len=16 data=aa8a480c1c0207284901230020001521
WFI t=53604 a=-1439,-3919,260 g=3,23,-36
WFR t=53622 src=mcu type=0x01 len=16 data=aa8b40005c03474c775419031a0e80f3
WFR t=53642 src=mcu type=0x01 len=16 data=aa8c2225bf0420034006b80b3e02672c
WFI t=53654 a=-1529,-3952,248 g=2,4,-13
WFR t=53682 src=mcu type=0x01 len=16 data=aa8d800c800000006c07102780008244
WFR t=53702 src=mcu type=0x01 len=16 data=aa8e01180080000000000000ffff37f3
WFI t=53704 a=-1433,-3913,234 g=1,-13,25
WFR t=53742 src=mcu type=0x01 len=16 data=aa8f2e042f0000000000000000009a65
WFI t=53754 a=-1481,-3918,211 g=-3,41,-34
WFR t=53762 src=mcu type=0x01 len=16 data=aa90232c00000000000000000000edd3
WFR t=53782 src=mcu type=0x01 len=16 data=aa910b000f00465a667332000b9ed1a0
WFI t=53804 a=-1542,-3917,242 g=-8,-27,5
WFR t=53822 src=mcu type=0x01 len=16 data=aa92000000000000000000000000fbba
WFR t=53842 src=mcu type=0x01 len=16 data=aa93d804480804242c01c003214fe1ad
WFI t=53854 a=-1422,-3933,248 g=-4,-24,25
WFR t=53882 src=mcu type=0x01 len=16 data=aa94f0f465fffffff8080d00412af645
WFR t=53902 src=mcu type=0x01 len=16 data=aa950118008000000000ffffffff13cc
WFI t=53904 a=-1434,-3917,231 g=11,85,-65
WFR t=53922 src=mcu type=0x01 len=16 data=aa962e042f000000000000000000b93c
WFI t=53954 a=-1570,-3924,224 g=7,76,-49
WFR t=53962 src=mcu type=0x01 len=16 data=aa97232c00000000000000000000e694
WFR t=53982 src=mcu type=0x01 len=16 data=aa9807010200000056117eea00007aa4
WFI t=54004 a=-1541,-3919,245 g=-9,-93,62
WFR t=54022 src=mcu type=0x01 len=16 data=aa991d00ab04a08c64502748395e1e28
WFR t=54042 src=mcu type=0x01 len=16 data=aa9a646464625f5d5b5955010101d546
WFI t=54054 a=-1435,-3924,275 g=-14,-124,91
WFR t=54082 src=mcu type=0x01 len=16 data=aa9b0101010100000000fbfbecd30e91
WFR t=54148 src=mcu type=0x01 len=16 data=aa9c01180080000000000000feff0fb1
WFR t=54148 src=mcu type=0x01 len=16 data=aa9d2e042f000000000000000000a3b7
WFI t=54149 a=-1466,-3924,212 g=1,51,-48
WFI t=54154 a=-1481,-3902,204 g=-1,59,-64
WFR t=54162 src=mcu type=0x01 len=16 data=aa9e232c00000000000000000000fb5d
WFR t=54167 src=bms type=0x02 len=129 data=d2037c0eee0eed0eee0eee0eee0eed0eee0eee0eec0eed0eee0eee0ef10ef10ef20ef10ef20ef20ef30ef30ef30ef30ef30ef30ef10ef30ef30ef30000000000000000003d0000000000000000000000000000042e752f02af0ef40eed003d003d00000157001c0001001d0000000100010ef00007000a0000000000000000c664
WFR t=54182 src=mcu type=0x01 len=16 data=aa9fb5a1b0bfd800000000000000dfe1
WFI t=54204 a=-1502,-3909,237 g=3,70,-62
WFR t=54222 src=mcu type=0x01 len=16 data=aaa000000000020c000035006a00d1bd
WFI t=54331 a=-1495,-3917,282 g=-10,-40,6
WFI t=54407 a=-1462,-3930,225 g=-4,-54,46
WFI t=54454 a=-1485,-3920,239 g=-2,30,-28
WFR t=54455 src=mcu type=0x01 len=16 data=aaa188044a5357583036323430360894
WFR t=54456 src=mcu type=0x01 len=16 data=aaa231344e4242463930333500005e71
WFR t=54457 src=mcu type=0x01 len=16 data=aaa301180080000000000000ffff5bde
WFR t=54458 src=mcu type=0x01 len=16 data=aaa42e042f000000000000000000ff8e
WFR t=54458 src=mcu type=0x01 len=16 data=aaa5232c00000000000000000000a026
WFR t=54459 src=mcu type=0x01 len=16 data=aaa6000000000000000000000000b4ce
WFR t=54460 src=mcu type=0x01 len=16 data=aaa7000000000000000000000000b64f
WFR t=54461 src=mcu type=0x01 len=16 data=aaa801801b000000400052a8194013c9
WFR t=54463 src=mcu type=0x01 len=16 data=aaa9028288135c4488132400ec02f999
WFI t=54466 a=-1461,-3921,254 g=0,50,-44
WFI t=54468 a=-1475,-3911,272 g=-5,32,-45
WFR t=54588 src=mcu type=0x01 len=16 data=aaaa01180080000000000000feff4787
WFR t=54588 src=mcu type=0x01 len=16 data=aaab2e042f000000000000000000eb81
WFR t=54588 src=mcu type=0x01 len=16 data=aaac232c00000000000000000000bdef
WFI t=54588 a=-1478,-3924,225 g=-7,-38,30
WFR t=54588 src=mcu type=0x01 len=16 data=aaad0048005f00021000000100801d27
WFI t=54590 a=-1472,-3920,201 g=-7,-23,19
WFR t=54602 src=mcu type=0x01 len=16 data=aaae55f04b0b18000000803a40005cef
WFI t=54604 a=-1483,-3923,189 g=1,-4,11
WFR t=54642 src=mcu type=0x01 len=16 data=aaaf08610005460c2f78a00f090076a9
WFI t=54654 a=-1475,-3908,235 g=6,28,-7
WFR t=54662 src=mcu type=0x01 len=16 data=aab001180080000000000000feff611d
WFR t=54702 src=mcu type=0x01 len=16 data=aab12e042f000000000000000000cd1b
WFI t=54704 a=-1492,-3926,286 g=-13,-42,12
WFR t=54722 src=mcu type=0x01 len=16 data=aab2232c0000000000000000000095f1
WFR t=54742 src=mcu type=0x01 len=16 data=aab3014a02050030000488001b007188
WFI t=54754 a=-1444,-3934,241 g=-8,-8,-15
WFR t=54782 src=mcu type=0x01 len=16 data=aab400009f0ca90c9a0c540600001589
WFR t=54802 src=mcu type=0x01 len=16 data=aab51c00e8517918060eb00ab0006fb7
WFI t=54804 a=-1490,-3928,221 g=-4,72,-70
WFR t=54842 src=mcu type=0x01 len=16 data=aab6050804080080cb020122f13fc622
WFI t=54854 a=-1542,-3908,228 g=0,45,-25
WFR t=54862 src=mcu type=0x01 len=16 data=aa8001180080000000000000feff20ed
WFR t=54882 src=mcu type=0x01 len=16 data=aa812e042f0000000000000000008ceb
WFI t=54904 a=-1488,-3945,265 g=-11,-70,42
WFR t=54922 src=mcu type=0x01 len=16 data=aa82232c00000000000000000000d401
WFR t=54942 src=mcu type=0x01 len=16 data=aa83000100011101b70111019f00058c
WFI t=54954 a=-1436,-3927,242 g=-4,-66,37
WFR t=54982 src=mcu type=0x01 len=16 data=aa840000090a10560001310051c45a55
WFR t=55002 src=mcu type=0x01 len=16 data=aa8513088003e204080b1000507864d4
WFI t=55004 a=-1438,-3927,199 g=1,17,-13
WFR t=55022 src=mcu type=0x01 len=16 data=aa868403f4010400a00f8813c003f9eb
WFI t=55054 a=-1494,-3932,219 g=1,68,-61
WFR t=55062 src=mcu type=0x01 len=16 data=aa8701180080000000000000feff2baa
WFR t=55082 src=mcu type=0x01 len=16 data=aa882e042f0000000000000000009122
WFI t=55104 a=-1523,-3925,252 g=-1,18,-11
WFR t=55122 src=mcu type=0x01 len=16 data=aa89232c00000000000000000000ce8a
WFR t=55142 src=mcu type=0x01 len=16 data=aa8a480c1c0207284901230020001521
WFI t=55154 a=-1456,-3919,244 g=-12,-49,21
WFR t=55162 src=mcu type=0x01 len=16 data=aa8b40005c03474c775419031a0e80f3
WFR t=55202 src=mcu type=0x01 len=16 data=aa8c2225bf0420034006b80b3e02672c
WFI t=55204 a=-1489,-3905,250 g=-7,-17,5
WFR t=55222 src=mcu type=0x01 len=16 data=aa8d800c800000006c07102780008244
WFR t=55232 src=bms type=0x02 len=129 data=d2037c0eee0eed0eee0eee0eee0eed0eee0eee0eec0eed0eee0eee0ef10ef20ef20ef10ef20ef20ef30ef30ef20ef30ef30ef30ef20ef30ef30ef30000000000000000003d0000000000000000000000000000042e752e02af0ef40eec003d003d00000157001c0001001d0000000100010ef000080015000000000000000049d1
WFI t=55254 a=-1506,-3916,209 g=2,12,-9
WFR t=55262 src=mcu type=0x01 len=16 data=aa8e01180080000000000000ffff37f3
WFR t=55282 src=mcu type=0x01 len=16 data=aa8f2e042f0000000000000000009a65
WFI t=55304 a=-1488,-3926,261 g=-3,-22,-1
WFR t=55322 src=mcu type=0x01 len=16 data=aa90232c00000000000000000000edd3
WFR t=55342 src=mcu type=0x01 len=16 data=aa910b000f00465a667332000b9ed1a0
WFI t=55354 a=-1448,-3927,259 g=-3,11,-7
WFR t=55362 src=mcu type=0x01 len=16 data=aa92000000000000000000000000fbba
WFR t=55402 src=mcu type=0x01 len=16 data=aa93d804480804242c01c003214fe1ad
WFI t=55404 a=-1483,-3911,251 g=-14,-10,-29
WFR t=55422 src=mcu type=0x01 len=16 data=aa94f0f465fffffff8080d00412af645
WFI t=55454 a=-1491,-3913,213 g=1,-10,10
WFR t=55462 src=mcu type=0x01 len=16 data=aa9501180080000000000000feff1278
WFR t=55482 src=mcu type=0x01 len=16 data=aa962e042f000000000000000000b93c
WFR t=55502 src=mcu type=0x01 len=16 data=aa97232c00000000000000000000e694
WFI t=55504 a=-1464,-3919,217 g=-1,-1,8
WFR t=55542 src=mcu type=0x01 len=16 data=aa9807010200000056117eea00007aa4
WFI t=55554 a=-1489,-3944,269 g=-8,-13,-1
WFR t=55562 src=mcu type=0x01 len=16 data=aa991d00ab04a08c64502748395e1e28
WFR t=55602 src=mcu type=0x01 len=16 data=aa9a646464625f5d5b5955010101d546
WFI t=55604 a=-1457,-3909,257 g=-5,-19,3
WFR t=55622 src=mcu type=0x01 len=16 data=aa9b0101010100000000fbfbecd30e91
WFR t=55642 src=mcu type=0x01 len=16 data=aa9c01180080000000000000ffff0e21
WFI t=55654 a=-1463,-3912,236 g=-7,27,-32
WFR t=55682 src=mcu type=0x01 len=16 data=aa9d2e042f000000000000000000a3b7
WFR t=55702 src=mcu type=0x01 len=16 data=aa9e232c00000000000000000000fb5d
WFI t=55704 a=-1503,-3907,235 g=-2,39,-30
WFR t=55742 src=mcu type=0x01 len=16 data=aa9fb5a1b0bfd800000000000000dfe1
WFI t=55754 a=-1515,-3915,249 g=-8,-25,11
WFR t=55762 src=mcu type=0x01 len=16 data=aaa000000000020c000035006a00d1bd
WFR t=55802 src=mcu type=0x01 len=16 data=aaa188044a5357583036323430360894
WFI t=55804 a=-1458,-3918,235 g=-4,-48,36
WFR t=55822 src=mcu type=0x01 len=16 data=aaa231344e4242463930333500005e71
WFR t=55842 src=mcu type=0x01 len=16 data=aaa301180080000000000000feff5a4e
WFI t=55854 a=-1459,-3914,237 g=-2,-26,8
WFR t=55882 src=mcu type=0x01 len=16 data=aaa42e042f000000000000000000ff8e
WFR t=55902 src=mcu type=0x01 len=16 data=aaa5232c00000000000000000000a026
WFI t=55904 a=-1471,-3921,244 g=4,37,-28
WFR t=55942 src=mcu type=0x01 len=16 data=aaa6000000000000000000000000b4ce
WFI t=55954 a=-1490,-3910,256 g=1,44,-38
WFR t=55962 src=mcu type=0x01 len=16 data=aaa7000000000000000000000000b64f
WFR t=55982 src=mcu type=0x01 len=16 data=aaa801801b000000400052a8194013c9
WFI t=56004 a=-1516,-3929,255 g=-1,-3,-5
WFR t=56022 src=mcu type=0x01 len=16 data=aaa9028288135c4488132400ec02f999
WFR t=56042 src=mcu type=0x01 len=16 data=aaaa01180080000000000000ffff4617
WFI t=56054 a=-1490,-3923,234 g=-12,-69,42
WFR t=56082 src=mcu type=0x01 len=16 data=aaab2e042f000000000000000000eb81
WFR t=56102 src=mcu type=0x01 len=16 data=aaac232c00000000000000000000bdef
WFI t=56104 a=-1440,-3932,231 g=5,-24,27
WFR t=56122 src=mcu type=0x01 len=16 data=aaad0048005f00021000000100801d27
WFI t=56154 a=-1463,-3916,237 g=-6,38,-42
WFR t=56162 src=mcu type=0x01 len=16 data=aaae55f04b0b18000000803a40005cef
WFR t=56182 src=mcu type=0x01 len=16 data=aaaf08610005460c2f78a00f090076a9
WFI t=56204 a=-1502,-3917,253 g=-3,29,-30
WFT t=56217 batt_mv=4234 rssi_mcu=-69 rssi_bms=-82 mcu=1997 bms=49 dropped=0
WFR t=56222 src=mcu type=0x01 len=16 data=aab001180080000000000000feff611d
WFR t=56237 src=bms type=0x02 len=129 data=d2037c0eee0eed0eee0eee0eee0eed0eee0eee0eed0eed0eee0eee0ef10ef10ef20ef10ef20ef20ef30ef30ef30ef30ef30ef30ef10ef30ef30ef30000000000000000003d0000000000000000000000000000042e752f02af0ef30eed003d003d00000157001c0001001d0000000100010ef00006000a00000000000000002349
WFR t=56242 src=mcu type=0x01 len=16 data=aab12e042f000000000000000000cd1b
WFR t=56287 src=mcu type=0x01 len=16 data=aab2232c0000000000000000000095f1
WFI t=56297 a=-1456,-3925,242 g=-4,-10,0
WFR t=56376 src=mcu type=0x01 len=16 data=aab3014a02050030000488001b007188
WFR t=56376 src=mcu type=0x01 len=16 data=aab400009f0ca90c9a0c540600001589
WFR t=56376 src=mcu type=0x01 len=16 data=aab51c00e8517918060eb00ab0006fb7
WFI t=56377 a=-1512,-3923,250 g=4,-2,6
WFI t=56380 a=-1495,-3927,237 g=-4,-10,13
WFR t=56382 src=mcu type=0x01 len=16 data=aab6050804080080cb020122f13fc622
WFI t=56404 a=-1475,-3909,249 g=-2,-36,16
WFR t=56422 src=mcu type=0x01 len=16 data=aa8001180080000000000100feff2111
WFR t=56442 src=mcu type=0x01 len=16 data=aa812e042f0000000000000000008ceb
WFI t=56454 a=-1456,-3930,260 g=-4,-17,4
WFR t=56462 src=mcu type=0x01 len=16 data=aa82232c00000000000000000000d401
WFR t=56502 src=mcu type=0x01 len=16 data=aa83000100011101b70111019f00058c
WFI t=56504 a=-1472,-3919,240 g=5,39,-27
WFR t=56522 src=mcu type=0x01 len=16 data=aa840000090a10560001310051c45a55
WFI t=56554 a=-1515,-3938,233 g=0,29,-36
WFR t=56562 src=mcu type=0x01 len=16 data=aa8513088003e204080b1000507864d4
WFR t=56582 src=mcu type=0x01 len=16 data=aa868403f4010400a00f8813c003f9eb
WFR t=56602 src=mcu type=0x01 len=16 data=aa8701180080000000000000feff2baa
WFI t=56604 a=-1491,-3923,256 g=-1,-16,15
WFR t=56642 src=mcu type=0x01 len=16 data=aa882e042f0000000000000000009122
WFI t=56654 a=-1460,-3907,243 g=-15,-71,26
WFR t=56662 src=mcu type=0x01 len=16 data=aa89232c00000000000000000000ce8a
WFR t=56702 src=mcu type=0x01 len=16 data=aa8a480c1c0207284901230020001521
WFI t=56704 a=-1453,-3929,258 g=-10,-29,16
WFR t=56722 src=mcu type=0x01 len=16 data=aa8b40005c03474c775419031a0e80f3
WFR t=56742 src=mcu type=0x01 len=16 data=aa8c2225bf0420034006b80b3e02672c
WFI t=56754 a=-1402,-3928,219 g=-2,67,-77
WFR t=56782 src=mcu type=0x01 len=16 data=aa8d800c800000006c07102780008244
WFR t=56802 src=mcu type=0x01 len=16 data=aa8e01180080000000000000ffff37f3
WFI t=56804 a=-1521,-3916,218 g=-3,86,-101
WFR t=56842 src=mcu type=0x01 len=16 data=aa8f2e042f0000000000000000009a65
WFI t=56854 a=-1496,-3903,171 g=9,98,-8
WFR t=56862 src=mcu type=0x01 len=16 data=aa90232c00000000000000000000edd3
WFR t=56902 src=mcu type=0x01 len=16 data=aa910b000f00465a667332000b9ed1a0
WFI t=56904 a=-1531,-3940,274 g=1,-15,23
WFR t=56922 src=mcu type=0x01 len=16 data=aa92000000000000000000000000fbba
WFR t=56942 src=mcu type=0x01 len=16 data=aa93d804480804242c01c003214fe1ad
WFI t=56954 a=-1430,-3954,263 g=-7,-67,50
WFR t=56982 src=mcu type=0x01 len=16 data=aa94f0f465fffffff8080d00412af645
WFR t=57002 src=mcu type=0x01 len=16 data=aa9501180080000000000000ffff13e8
WFI t=57004 a=-1441,-3929,231 g=-9,-28,9
WFR t=57042 src=mcu type=0x01 len=16 data=aa962e042f000000000000000000b93c
WFI t=57054 a=-1466,-3924,221 g=-2,22,-17
WFR t=57062 src=mcu type=0x01 len=16 data=aa97232c00000000000000000000e694
WFR t=57082 src=mcu type=0x01 len=16 data=aa9807010200000056117eea00007aa4
WFI t=57104 a=-1437,-3922,256 g=1,39,-26
WFR t=57122 src=mcu type=0x01 len=16 data=aa991d00ab04a08c64502748395e1e28
WFR t=57142 src=mcu type=0x01 len=16 data=aa9a646464625f5d5b5955010101d546
WFI t=57154 a=-1479,-3930,224 g=10,59,-34
WFR t=57182 src=mcu type=0x01 len=16 data=aa9b0101010100000000fbfbecd30e91
WFR t=57202 src=mcu type=0x01 len=16 data=aa9c01180080000000000000feff0fb1
WFI t=57204 a=-1536,-3942,230 g=-4,-21,18
WFR t=57222 src=mcu type=0x01 len=16 data=aa9d2e042f000000000000000000a3b7
WFR t=57227 src=bms type=0x02 len=129 data=d2037c0eee0eed0eee0eed0eed0eed0eee0eee0eed0eed0eee0eee0ef10ef10ef20ef10ef20ef20ef30ef30ef30ef30ef30ef30ef20ef30ef30ef30000000000000000003d0000000000000000000000000000042e752e02af0ef30eec003d003d00000157001c0001001d0000000100010ef0000700150000000000000000ccf6
WFR t=57288 src=mcu type=0x01 len=16 data=aa9e232c00000000000000000000fb5d
WFR t=57288 src=mcu type=0x01 len=16 data=aa9fb5a1b0bfd800000000000000dfe1
WFI t=57289 a=-1443,-3912,236 g=1,-50,56
WFI t=57304 a=-1441,-3922,235 g=-5,-26,21
WFR t=57322 src=mcu type=0x01 len=16 data=aaa000000000020c000035006a00d1bd
WFR t=57342 src=mcu type=0x01 len=16 data=aaa188044a5357583036323430360894
WFI t=57354 a=-1464,-3911,235 g=-1,6,-5
WFR t=57362 src=mcu type=0x01 len=16 data=aaa231344e4242463930333500005e71
WFR t=57402 src=mcu type=0x01 len=16 data=aaa301180080000000000000ffff5bde
WFI t=57404 a=-1447,-3939,241 g=-5,24,-45
WFR t=57473 src=mcu type=0x01 len=16 data=aaa42e042f000000000000000000ff8e
WFI t=57486 a=-1516,-3910,254 g=-5,11,-29
WFI t=57563 a=-1462,-3916,243 g=-6,-61,47
WFR t=57563 src=mcu type=0x01 len=16 data=aaa5232c00000000000000000000a026
WFR t=57563 src=mcu type=0x01 len=16 data=aaa6000000000000000000000000b4ce
WFR t=57563 src=mcu type=0x01 len=16 data=aaa7000000000000000000000000b64f
WFR t=57563 src=mcu type=0x01 len=16 data=aaa801801b000000400052a8194013c9
WFR t=57563 src=mcu type=0x01 len=16 data=aaa9028288135c4488132400ec02f999
WFI t=57565 a=-1448,-3930,248 g=-1,-47,39
WFR t=57602 src=mcu type=0x01 len=16 data=aaaa01180080000000000000ffff4617
WFI t=57604 a=-1452,-3916,213 g=-4,-9,-6
WFR t=57622 src=mcu type=0x01 len=16 data=aaab2e042f000000000000000000eb81
WFI t=57654 a=-1505,-3917,237 g=8,23,-14
WFR t=57662 src=mcu type=0x01 len=16 data=aaac232c00000000000000000000bdef
WFR t=57682 src=mcu type=0x01 len=16 data=aaad0048005f00021000000100801d27
WFR t=57702 src=mcu type=0x01 len=16 data=aaae55f04b0b18000000803a40005cef
WFI t=57704 a=-1482,-3924,246 g=-2,-12,-3
WFR t=57742 src=mcu type=0x01 len=16 data=aaaf08610005460c2f78a00f090076a9
WFI t=57754 a=-1471,-3923,270 g=-9,-18,6
WFR t=57762 src=mcu type=0x01 len=16 data=aab001180080000000000000ffff608d
WFR t=57802 src=mcu type=0x01 len=16 data=aab12e042f000000000000000000cd1b
WFI t=57804 a=-1475,-3919,227 g=-13,-22,-2
WFR t=57822 src=mcu type=0x01 len=16 data=aab2232c0000000000000000000095f1
WFR t=57842 src=mcu type=0x01 len=16 data=aab3014a02050030000488001b007188
WFI t=57854 a=-1482,-3923,215 g=-7,-16,-12
WFR t=57882 src=mcu type=0x01 len=16 data=aab400009f0ca90c9a0c540600001589
WFR t=57902 src=mcu type=0x01 len=16 data=aab51c00e8517918060e030bb00018f3
WFI t=57904 a=-1455,-3932,232 g=0,19,-24
WFR t=57942 src=mcu type=0x01 len=16 data=aab6050804080080cb020122f13fc622
WFI t=57954 a=-1468,-3916,261 g=2,47,-46
WFR t=57962 src=mcu type=0x01 len=16 data=aa8001180080000000000000feff20ed
WFR t=58002 src=mcu type=0x01 len=16 data=aa812e042f0000000000000000008ceb
WFI t=58004 a=-1529,-3938,268 g=-3,-7,-4
WFR t=58024 src=mcu type=0x01 len=16 data=aa82232c00000000000000000000d401
WFR t=58042 src=mcu type=0x01 len=16 data=aa83000100011101b70111019f00058c
WFI t=58054 a=-1490,-3925,221 g=-2,-58,54
WFR t=58082 src=mcu type=0x01 len=16 data=aa840000090a10560001310051c45a55
WFR t=58102 src=mcu type=0x01 len=16 data=aa8513088003e204080b1000507864d4
WFI t=58104 a=-1445,-3921,221 g=-8,-30,19
WFR t=58142 src=mcu type=0x01 len=16 data=aa868403f4010400a00f8813c003f9eb
WFI t=58154 a=-1453,-3921,247 g=3,33,-18
WFR t=58162 src=mcu type=0x01 len=16 data=aa8701180080000000000000ffff2a3a
WFR t=58182 src=mcu type=0x01 len=16 data=aa882e042f0000000000000000009122
WFI t=58204 a=-1481,-3934,246 g=1,29,-30
WFR t=58222 src=mcu type=0x01 len=16 data=aa89232c00000000000000000000ce8a
WFR t=58232 src=bms type=0x02 len=129 data=d2037c0eee0eed0eee0eed0eee0eed0eee0eee0eec0eed0eee0eee0ef20ef20ef20ef10ef20ef20ef30ef30ef30ef30ef40ef30ef20ef30ef30ef30000000000000000003d0000000000000000000000000000042e752f02af0ef40eed003d003d00000157001c0001001d0000000100010ef00007000a00000000000000002646
WFR t=58242 src=mcu type=0x01 len=16 data=aa8a480c1c0207284901230020001521
WFI t=58353 a=-1482,-3924,227 g=-2,-5,13
WFI t=58368 a=-1500,-3936,268 g=5,19,-2
WFR t=58369 src=mcu type=0x01 len=16 data=aa8b40005c03474c775419031a0e80f3
WFR t=58369 src=mcu type=0x01 len=16 data=aa8c2225bf0420034006b80b3e02672c
WFR t=58369 src=mcu type=0x01 len=16 data=aa8d800c800000006c07102780008244
WFR t=58370 src=mcu type=0x01 len=16 data=aa8e01180080000000000000ffff37f3
WFI t=58370 a=-1488,-3903,239 g=10,25,4
WFR t=58382 src=mcu type=0x01 len=16 data=aa8f2e042f0000000000000000009a65
WFI t=58404 a=-1501,-3912,248 g=-10,-28,8
WFR t=58422 src=mcu type=0x01 len=16 data=aa90232c00000000000000000000edd3
WFR t=58442 src=mcu type=0x01 len=16 data=aa910b000f00465a667332000b9ed1a0
WFI t=58454 a=-1440,-3903,216 g=3,23,-9
WFR t=58462 src=mcu type=0x01 len=16 data=aa92000000000000000000000000fbba
WFR t=58502 src=mcu type=0x01 len=16 data=aa93d804480804242c01c003214fe1ad
WFI t=58504 a=-1516,-3919,250 g=-2,14,-26
WFR t=58522 src=mcu type=0x01 len=16 data=aa94f0f465fffffff8080d00412af645
WFI t=58554 a=-1496,-3924,240 g=5,8,16
WFR t=58562 src=mcu type=0x01 len=16 data=aa9501180080000000000000ffff13e8
WFR t=58582 src=mcu type=0x01 len=16 data=aa962e042f000000000000000000b93c
WFI t=58604 a=-1494,-3904,237 g=-17,-64,3
WFR t=58622 src=mcu type=0x01 len=16 data=aa97232c00000000000000000000e694
WFR t=58642 src=mcu type=0x01 len=16 data=aa9807010200000056117eea00007aa4
WFI t=58654 a=-1460,-3898,225 g=7,18,8
WFR t=58662 src=mcu type=0x01 len=16 data=aa991d00ab04a08c64502748395e1e28
WFR t=58702 src=mcu type=0x01 len=16 data=aa9a646464625f5d5b5955010101d546
WFI t=58704 a=-1478,-3921,226 g=-10,18,-50
WFR t=58722 src=mcu type=0x01 len=16 data=aa9b0101010100000000fbfbecd30e91
WFI t=58754 a=-1535,-3912,268 g=-3,-8,-2
WFR t=58762 src=mcu type=0x01 len=16 data=aa9c01180080000000000000ffff0e21
WFR t=58803 src=mcu type=0x01 len=16 data=aa9d2e042f000000000000000000a3b7
WFR t=58803 src=mcu type=0x01 len=16 data=aa9e232c00000000000000000000fb5d
WFI t=58804 a=-1455,-3917,254 g=-4,-48,33
WFR t=58842 src=mcu type=0x01 len=16 data=aa9fb5a1b0bfd800000000000000dfe1
WFI t=58854 a=-1439,-3935,239 g=-3,7,-16
WFR t=58862 src=mcu type=0x01 len=16 data=aaa000000000020c000035006a00d1bd
WFR t=58902 src=mcu type=0x01 len=16 data=aaa188044a5357583036323430360894
WFI t=58904 a=-1486,-3913,240 g=-3,44,-29
WFR t=58922 src=mcu type=0x01 len=16 data=aaa231344e4242463930333500005e71
WFR t=58942 src=mcu type=0x01 len=16 data=aaa301180080000000000000ffff5bde
WFI t=58954 a=-1509,-3923,228 g=-6,-8,-6
WFR t=58982 src=mcu type=0x01 len=16 data=aaa42e042f000000000000000000ff8e
WFR t=59002 src=mcu type=0x01 len=16 data=aaa5232c00000000000000000000a026
WFI t=59004 a=-1470,-3915,250 g=-5,-40,19
WFR t=59042 src=mcu type=0x01 len=16 data=aaa6000000000000000000000000b4ce
WFI t=59054 a=-1448,-3915,231 g=4,15,-6
WFR t=59062 src=mcu type=0x01 len=16 data=aaa7000000000000000000000000b64f
WFR t=59102 src=mcu type=0x01 len=16 data=aaa801801b000000400052a8194013c9
WFI t=59104 a=-1509,-3909,224 g=-4,10,-24
WFR t=59122 src=mcu type=0x01 len=16 data=aaa9028288135c4488132400ec02f999
WFR t=59142 src=mcu type=0x01 len=16 data=aaaa01180080000000000000ffff4617
WFI t=59154 a=-1467,-3912,234 g=-7,-10,11
WFR t=59182 src=mcu type=0x01 len=16 data=aaab2e042f000000000000000000eb81
WFR t=59202 src=mcu type=0x01 len=16 data=aaac232c00000000000000000000bdef
WFI t=59204 a=-1472,-3933,246 g=-3,-4,-13
WFR t=59237 src=bms type=0x02 len=129 data=d2037c0eee0eed0eee0eee0eee0eed0eee0eee0eec0eed0eee0eee0ef10ef20ef20ef00ef20ef20ef30ef30ef30ef30ef40ef30ef20ef30ef30ef30000000000000000003d0000000000000000000000000000042e753002af0ef40eec003d003d00000157001c0001001d0000000100010ef0000800000000000000000000639b
WFR t=59242 src=mcu type=0x01 len=16 data=aaad0048005f00021000000100801d27
WFI t=59254 a=-1504,-3920,238 g=-7,7,-14
WFR t=59262 src=mcu type=0x01 len=16 data=aaae55f04b0b18000000803a40005cef
WFR t=59282 src=mcu type=0x01 len=16 data=aaaf08610005460c2f78a00f090076a9
WFI t=59304 a=-1472,-3926,253 g=-4,-7,5
WFR t=59322 src=mcu type=0x01 len=16 data=aab001180080000000000000ffff608d
WFR t=59342 src=mcu type=0x01 len=16 data=aab12e042f000000000000000000cd1b
WFI t=59354 a=-1469,-3922,240 g=0,-5,-11
WFR t=59382 src=mcu type=0x01 len=16 data=aab2232c0000000000000000000095f1
WFR t=59402 src=mcu type=0x01 len=16 data=aab3014a02050030000488001b007188
WFI t=59404 a=-1494,-3910,230 g=-7,-14,1
WFR t=59422 src=mcu type=0x01 len=16 data=aab400009f0ca90c9a0c540600001589
WFI t=59454 a=-1463,-3912,245 g=-1,-17,7
WFR t=59462 src=mcu type=0x01 len=16 data=aab51c00e8517918060ed30ab00071f3
WFR t=59482 src=mcu type=0x01 len=16 data=aab6050804080080cb020122f13fc622
WFI t=59504 a=-1463,-3933,257 g=2,32,-25
WFR t=59522 src=mcu type=0x01 len=16 data=aa8001180080000000000000ffff217d
WFR t=59542 src=mcu type=0x01 len=16 data=aa812e042f0000000000000000008ceb
WFI t=59554 a=-1491,-3926,244 g=7,51,-21
WFR t=59562 src=mcu type=0x01 len=16 data=aa82232c00000000000000000000d401
WFR t=59602 src=mcu type=0x01 len=16 data=aa83000100011101b70111019f00058c
WFI t=59604 a=-1543,-3917,241 g=-5,-39,16
WFR t=59622 src=mcu type=0x01 len=16 data=aa840000090a10560001310051c45a55
WFI t=59654 a=-1456,-3914,238 g=-9,-66,48
WFR t=59662 src=mcu type=0x01 len=16 data=aa8513088003e204080b1000507864d4
WFR t=59682 src=mcu type=0x01 len=16 data=aa868403f4010400a00f8813c003f9eb
WFI t=59704 a=-1425,-3909,240 g=-5,3,-12
WFR t=59722 src=mcu type=0x01 len=16 data=aa8701180080000000000000ffff2a3a
WFR t=59742 src=mcu type=0x01 len=16 data=aa882e042f0000000000000000009122
WFI t=59754 a=-1475,-3924,235 g=2,61,-65
WFR t=59762 src=mcu type=0x01 len=16 data=aa89232c00000000000000000000ce8a
WFR t=59802 src=mcu type=0x01 len=16 data=aa8a480c1c0207284901230020001521
WFI t=59804 a=-1500,-3939,256 g=3,32,-30
WFR t=59822 src=mcu type=0x01 len=16 data=aa8b40005c03474c775419031a0e80f3
WFI t=59854 a=-1506,-3927,234 g=-6,-32,18
WFR t=59862 src=mcu type=0x01 len=16 data=aa8c2225bf0420034006b80b3e02672c
WFR t=59882 src=mcu type=0x01 len=16 data=aa8d800c800000006c07102780008244
WFR t=59902 src=mcu type=0x01 len=16 data=aa8e01180080000000000000feff3663
WFI t=59904 a=-1494,-3921,249 g=-4,-54,39
WFR t=59942 src=mcu type=0x01 len=16 data=aa8f2e042f0000000000000000009a65
WFI t=59954 a=-1453,-3924,233 g=-5,-26,16
WFR t=59962 src=mcu type=0x01 len=16 data=aa90232c00000000000000000000edd3
WFR t=60002 src=mcu type=0x01 len=16 data=aa910b000f00465a667332000b9ed1a0
WFI t=60004 a=-1466,-3931,254 g=-2,21,-31
WFR t=60022 src=mcu type=0x01 len=16 data=aa92000000000000000000000000fbba
WFR t=60042 src=mcu type=0x01 len=16 data=aa93d804480804242c01c003214fe1ad
WFI t=60054 a=-1470,-3910,232 g=-1,52,-45
WFR t=60082 src=mcu type=0x01 len=16 data=aa94f0f465fffffff8080d00412af645
WFR t=60102 src=mcu type=0x01 len=16 data=aa9501180080000000000000ffff13e8
WFI t=60104 a=-1530,-3930,231 g=-5,13,-23
WFR t=60142 src=mcu type=0x01 len=16 data=aa962e042f000000000000000000b93c
WFI t=60154 a=-1504,-3924,249 g=-5,-46,36
WFR t=60162 src=mcu type=0x01 len=16 data=aa97232c00000000000000000000e694
WFR t=60182 src=mcu type=0x01 len=16 data=aa9807010200000056117eea00007aa4
WFI t=60204 a=-1440,-3932,229 g=-4,-41,41
WFR t=60222 src=mcu type=0x01 len=16 data=aa991d00ab04a08c64502748395e1e28
WFR t=60227 src=bms type=0x02 len=129 data=d2037c0eee0eed0eee0eee0eee0eed0eee0eee0eed0eed0eee0eee0ef10ef10ef20ef10ef20ef20ef30ef30ef30ef30ef40ef30ef20ef30ef30ef30000000000000000003d0000000000000000000000000000042e752e02af0ef40eec003d003d00000157001c0001001d0000000100010ef0000800150000000000000000343b
WFR t=60242 src=mcu type=0x01 len=16 data=aa9a646464625f5d5b5955010101d546
WFI t=60360 a=-1484,-3926,249 g=2,33,-38
WFI t=60375 a=-1503,-3916,242 g=-4,17,-30
WFR t=60375 src=mcu type=0x01 len=16 data=aa9b0101010100000000fbfbecd30e91
WFR t=60376 src=mcu type=0x01 len=16 data=aa9c01180080000000000000feff0fb1
WFR t=60376 src=mcu type=0x01 len=16 data=aa9d2e042f000000000000000000a3b7
WFI t=60377 a=-1500,-3914,241 g=-4,6,-22
WFR t=60383 src=mcu type=0x01 len=16 data=aa9e232c00000000000000000000fb5d
WFR t=60383 src=mcu type=0x01 len=16 data=aa9fb5a1b0bfd800000000000000dfe1
WFI t=60404 a=-1501,-3926,236 g=-6,-13,-7
WFR t=60422 src=mcu type=0x01 len=16 data=aaa000000000020c000035006a00d1bd
WFR t=60442 src=mcu type=0x01 len=16 data=aaa188044a5357583036323430360894
WFI t=60454 a=-1497,-3921,246 g=-1,-41,32
WFR t=60482 src=mcu type=0x01 len=16 data=aaa231344e4242463930333500005e71
WFR t=60502 src=mcu type=0x01 len=16 data=aaa301180080000000000000ffff5bde
WFI t=60504 a=-1455,-3913,238 g=-3,-40,29
WFI t=60562 a=-1442,-3926,236 g=-2,24,-21
WFR t=60563 src=mcu type=0x01 len=16 data=aaa42e042f000000000000000000ff8e
WFR t=60563 src=mcu type=0x01 len=16 data=aaa5232c00000000000000000000a026
WFR t=60582 src=mcu type=0x01 len=16 data=aaa6000000000000000000000000b4ce
WFI t=60604 a=-1476,-3929,244 g=3,47,-40
WFR t=60622 src=mcu type=0x01 len=16 data=aaa7000000000000000000000000b64f
WFR t=60642 src=mcu type=0x01 len=16 data=aaa801801b000000400052a8194013c9
WFI t=60654 a=-1495,-3917,246 g=-10,11,-21
WFR t=60662 src=mcu type=0x01 len=16 data=aaa9028288135c4488132400ec02f999
WFR t=60702 src=mcu type=0x01 len=16 data=aaaa01180080000000000000feff4787
WFI t=60704 a=-1490,-3922,230 g=-2,-17,16
WFR t=60722 src=mcu type=0x01 len=16 data=aaab2e042f000000000000000000eb81
WFI t=60754 a=-1489,-3915,235 g=-6,-20,12
WFR t=60762 src=mcu type=0x01 len=16 data=aaac232c00000000000000000000bdef
WFR t=60782 src=mcu type=0x01 len=16 data=aaad0048005f00021000000100801d27
WFI t=60804 a=-1473,-3933,238 g=0,-16,7
WFR t=60822 src=mcu type=0x01 len=16 data=aaae55f04b0b18000000803a40005cef
WFR t=60842 src=mcu type=0x01 len=16 data=aaaf08610005460c2f78a00f090076a9
WFI t=60854 a=-1449,-3911,247 g=0,10,-10
WFR t=60862 src=mcu type=0x01 len=16 data=aab001180080000000000000ffff608d
WFR t=60902 src=mcu type=0x01 len=16 data=aab12e042f000000000000000000cd1b
WFI t=60904 a=-1471,-3920,237 g=-4,33,-39
WFR t=60922 src=mcu type=0x01 len=16 data=aab2232c0000000000000000000095f1
WFI t=60954 a=-1515,-3928,234 g=1,15,-12
WFR t=60962 src=mcu type=0x01 len=16 data=aab3014a02050030000488001b007188
WFR t=60982 src=mcu type=0x01 len=16 data=aab400009f0ca90c9a0c540600001589
WFR t=61002 src=mcu type=0x01 len=16 data=aab51c00e8517918060e690ab00054eb
WFI t=61004 a=-1488,-3918,237 g=-5,-37,24
WFR t=61042 src=mcu type=0x01 len=16 data=aab6050804080080cb020122f13fc622
WFI t=61054 a=-1464,-3921,243 g=-3,-36,22
WFR t=61062 src=mcu type=0x01 len=16 data=aa8001180080000000000000feff20ed
WFR t=61102 src=mcu type=0x01 len=16 data=aa812e042f0000000000000000008ceb
WFI t=61104 a=-1454,-3940,245 g=-2,1,-9
WFR t=61122 src=mcu type=0x01 len=16 data=aa82232c00000000000000000000d401
WFR t=61142 src=mcu type=0x01 len=16 data=aa83000100011101b70111019f00058c
WFI t=61154 a=-1471,-3919,257 g=0,27,-38
WFR t=61182 src=mcu type=0x01 len=16 data=aa840000090a10560001310051c45a55
WFR t=61202 src=mcu type=0x01 len=16 data=aa8513088003e204080b1000507864d4
WFI t=61204 a=-1496,-3927,235 g=1,28,-22
WFR t=61232 src=bms type=0x02 len=129 data=d2037c0eee0eed0eee0eed0eee0eed0eee0eee0eed0eed0eee0eee0ef20ef10ef20ef10ef20ef20ef30ef30ef30ef30ef40ef30ef10ef30ef30ef30000000000000000003d0000000000000000000000000000042e752f02af0ef30eec003d003d00000157001c0001001d0000000100010ef00007000a0000000000000000c165
WFT t=61238 batt_mv=4224 rssi_mcu=-74 rssi_bms=-77 mcu=2175 bms=55 dropped=0
WFR t=61242 src=mcu type=0x01 len=16 data=aa868403f4010400a00f8813c003f9eb
WFI t=61254 a=-1487,-3917,239 g=-9,-5,-2
WFR t=61262 src=mcu type=0x01 len=16 data=aa870118008000000000ffffffff2a1e
WFR t=61282 src=mcu type=0x01 len=16 data=aa882e042f0000000000000000009122
WFI t=61304 a=-1496,-3917,241 g=-6,-40,33
WFR t=61322 src=mcu type=0x01 len=16 data=aa89232c00000000000000000000ce8a
WFR t=61342 src=mcu type=0x01 len=16 data=aa8a480c1c0207284901230020001521
WFI t=61354 a=-1449,-3906,240 g=-4,-42,29
WFR t=61382 src=mcu type=0x01 len=16 data=aa8b40005c03474c775419031a0e80f3
WFR t=61402 src=mcu type=0x01 len=16 data=aa8c2225bf0420034006b80b3e02672c
WFI t=61404 a=-1442,-3936,253 g=2,15,-21
WFR t=61442 src=mcu type=0x01 len=16 data=aa8d800c800000006c07102780008244
WFI t=61454 a=-1476,-3920,245 g=-3,53,-49
WFR t=61462 src=mcu type=0x01 len=16 data=aa8e01180080000000000000ffff37f3
WFR t=61482 src=mcu type=0x01 len=16 data=aa8f2e042f0000000000000000009a65
WFI t=61504 a=-1519,-3919,224 g=1,22,-27
WFR t=61522 src=mcu type=0x01 len=16 data=aa90232c00000000000000000000edd3
WFR t=61542 src=mcu type=0x01 len=16 data=aa910b000f00465a667332000b9ed1a0
WFI t=61554 a=-1512,-3925,250 g=-8,-41,23
WFR t=61582 src=mcu type=0x01 len=16 data=aa92000000000000000000000000fbba
WFR t=61602 src=mcu type=0x01 len=16 data=aa93d804480804242c01c003214fe1ad
WFI t=61604 a=-1459,-3923,240 g=0,-46,42
WFR t=61622 src=mcu type=0x01 len=16 data=aa94f0f465fffffff8080d00412af645
WFI t=61654 a=-1450,-3939,253 g=-2,-12,2
WFR t=61662 src=mcu type=0x01 len=16 data=aa9501180080000000000000feff1278
WFR t=61682 src=mcu type=0x01 len=16 data=aa962e042f000000000000000000b93c
WFI t=61704 a=-1454,-3938,248 g=-1,33,-30
WFR t=61722 src=mcu type=0x01 len=16 data=aa97232c00000000000000000000e694
WFR t=61742 src=mcu type=0x01 len=16 data=aa9807010200000056117eea00007aa4
WFI t=61754 a=-1491,-3924,241 g=-2,29,-35
WFR t=61762 src=mcu type=0x01 len=16 data=aa991d00ab04a08c64502748395e1e28
WFR t=61802 src=mcu type=0x01 len=16 data=aa9a646464625f5d5b5955010101d546
WFI t=61804 a=-1500,-3905,243 g=1,1,-6
WFR t=61822 src=mcu type=0x01 len=16 data=aa9b0101010100000000fbfbecd30e91
WFI t=61854 a=-1495,-3926,238 g=-1,-25,15
WFR t=61862 src=mcu type=0x01 len=16 data=aa9c0118008000000000ffffffff0e05
WFR t=61882 src=mcu type=0x01 len=16 data=aa9d2e042f000000000000000000a3b7
WFI t=61904 a=-1486,-3922,254 g=-6,-30,18
WFR t=61922 src=mcu type=0x01 len=16 data=aa9e232c00000000000000000000fb5d
WFR t=61942 src=mcu type=0x01 len=16 data=aa9fb5a1b0bfd800000000000000dfe1
WFI t=61954 a=-1457,-3921,234 g=-5,-9,1
WFR t=61962 src=mcu type=0x01 len=16 data=aaa000000000020c000035006a00d1bd
WFR t=62002 src=mcu type=0x01 len=16 data=aaa188044a5357583036323430360894
WFI t=62004 a=-1482,-3923,245 g=-5,16,-28
WFR t=62022 src=mcu type=0x01 len=16 data=aaa231344e4242463930333500005e71
WFI t=62054 a=-1491,-3928,245 g=-1,17,-23
WFR t=62083 src=mcu type=0x01 len=16 data=aaa301180080000000000000ffff5bde
WFR t=62083 src=mcu type=0x01 len=16 data=aaa42e042f000000000000000000ff8e
WFR t=62102 src=mcu type=0x01 len=16 data=aaa5232c00000000000000000000a026
WFI t=62104 a=-1478,-3937,242 g=-7,4,-8
WFR t=62142 src=mcu type=0x01 len=16 data=aaa6000000000000000000000000b4ce
WFI t=62154 a=-1501,-3928,225 g=-5,-15,5
WFR t=62162 src=mcu type=0x01 len=16 data=aaa7000000000000000000000000b64f
WFR t=62202 src=mcu type=0x01 len=16 data=aaa801801b000000400052a8194013c9
WFI t=62204 a=-1488,-3899,240 g=-5,-33,25
WFR t=62222 src=mcu type=0x01 len=16 data=aaa9028288135c4488132400ec02f999
WFR t=62237 src=bms type=0x02 len=129 data=d2037c0eee0eed0eee0eed0eee0eed0eee0eee0eec0eed0eee0eee0ef10ef10ef20ef10ef20ef20ef30ef30ef20ef30ef40ef40ef20ef30ef30ef30000000000000000003d0000000000000000000000000000042e752e02af0ef40eec003d003d00000157001c0001001d0000000100010ef00008001500000000000000003686
WFR t=62243 src=mcu type=0x01 len=16 data=aaaa01180080000000000000ffff4617
WFI t=62254 a=-1444,-3930,237 g=-4,-14,4
WFR t=62296 src=mcu type=0x01 len=16 data=aaab2e042f000000000000000000eb81
WFR t=62355 src=mcu type=0x01 len=16 data=aaac232c00000000000000000000bdef
WFR t=62355 src=mcu type=0x01 len=16 data=aaad0048005f00021000000100801d27
WFI t=62430 a=-1500,-3922,241 g=1,29,-29
WFR t=62444 src=mcu type=0x01 len=16 data=aaae55f04b0b18000000803a40005cef
WFI t=62509 a=-1478,-3917,235 g=-6,-22,12
WFR t=62509 src=mcu type=0x01 len=16 data=aaaf08610005460c2f78a00f090076a9
WFR t=62524 src=mcu type=0x01 len=16 data=aab00118008000000000ffffffff60a9
WFI t=62525 a=-1482,-3911,236 g=-6,-19,9
WFR t=62525 src=mcu type=0x01 len=16 data=aab12e042f000000000000000000cd1b
WFR t=62525 src=mcu type=0x01 len=16 data=aab2232c0000000000000000000095f1
WFR t=62525 src=mcu type=0x01 len=16 data=aab3014a02050030000488001b007188
WFI t=62527 a=-1479,-3926,249 g=-2,-17,5
WFI t=62529 a=-1463,-3921,244 g=-6,-15,2
WFR t=62542 src=mcu type=0x01 len=16 data=aab400009f0ca90c9a0c540600001589
WFI t=62554 a=-1471,-3922,256 g=-5,-5,-6
WFR t=62562 src=mcu type=0x01 len=16 data=aab51c00e8517918060eaf0ab0006863
WFR t=62582 src=mcu type=0x01 len=16 data=aab6050804080080cb020122f13fc622
WFI t=62604 a=-1463,-3926,242 g=-3,29,-30
WFR t=62622 src=mcu type=0x01 len=16 data=aa8001180080000000000000feff20ed
WFR t=62642 src=mcu type=0x01 len=16 data=aa812e042f0000000000000000008ceb
WFI t=62654 a=-1503,-3919,230 g=-5,18,-26
WFR t=62682 src=mcu type=0x01 len=16 data=aa82232c00000000000000000000d401
WFR t=62702 src=mcu type=0x01 len=16 data=aa83000100011101b70111019f00058c
WFI t=62704 a=-1493,-3916,237 g=-8,-30,20
WFR t=62722 src=mcu type=0x01 len=16 data=aa840000090a10560001310051c45a55
WFI t=62754 a=-1473,-3933,236 g=-5,-38,22
WFR t=62762 src=mcu type=0x01 len=16 data=aa8513088003e204080b1000507864d4
WFR t=62782 src=mcu type=0x01 len=16 data=aa868403f4010400a00f8813c003f9eb
WFI t=62804 a=-1454,-3927,226 g=-4,3,-7
WFR t=62822 src=mcu type=0x01 len=16 data=aa8701180080000000000000feff2baa
WFR t=62842 src=mcu type=0x01 len=16 data=aa882e042f0000000000000000009122
WFI t=62854 a=-1482,-3906,232 g=-4,18,-28
WFR t=62862 src=mcu type=0x01 len=16 data=aa89232c00000000000000000000ce8a
WFR t=62902 src=mcu type=0x01 len=16 data=aa8a480c1c0207284901230020001521
WFI t=62904 a=-1480,-3922,243 g=-1,14,-22
WFR t=62922 src=mcu type=0x01 len=16 data=aa8b40005c03474c775419031a0e80f3
WFI t=62954 a=-1494,-3924,231 g=-3,3,-8
WFR t=62962 src=mcu type=0x01 len=16 data=aa8c2225bf0420034006b80b3e02672c
WFR t=62982 src=mcu type=0x01 len=16 data=aa8d800c800000006c07102780008244
WFI t=63004 a=-1493,-3922,247 g=-7,-22,12
WFR t=63022 src=mcu type=0x01 len=16 data=aa8e01180080000000000000ffff37f3
WFR t=63042 src=mcu type=0x01 len=16 data=aa8f2e042f0000000000000000009a65
WFI t=63054 a=-1479,-3928,243 g=-5,-43,30
WFR t=63062 src=mcu type=0x01 len=16 data=aa90232c00000000000000000000edd3
WFR t=63102 src=mcu type=0x01 len=16 data=aa910b000f00465a667332000b9ed1a0
WFI t=63104 a=-1440,-3931,229 g=-3,0,-5
WFR t=63122 src=mcu type=0x01 len=16 data=aa92000000000000000000000000fbba
WFI t=63154 a=-1475,-3924,235 g=2,39,-42
WFR t=63162 src=mcu type=0x01 len=16 data=aa93d804480804242c01c003214fe1ad
WFR t=63182 src=mcu type=0x01 len=16 data=aa94f0f465fffffff8080d00412af645
WFR t=63202 src=mcu type=0x01 len=16 data=aa9501180080000000000000ffff13e8
WFI t=63204 a=-1506,-3918,234 g=-3,20,-20
WFR t=63242 src=mcu type=0x01 len=16 data=aa962e042f000000000000000000b93c
WFI t=63254 a=-1486,-3917,243 g=-2,-33,11
WFR t=63257 src=bms type=0x02 len=129 data=d2037c0eee0eed0eee0eed0eee0eed0eee0eee0eed0eed0eee0eee0ef10ef10ef20ef00ef20ef20ef30ef30ef20ef30ef40ef30ef20ef30ef30ef30000000000000000003d0000000000000000000000000000042e752f02af0ef40eed003d003d00000157001c0001001d0000000100010ef00007000a0000000000000000a4e8
WFR t=63262 src=mcu type=0x01 len=16 data=aa97232c00000000000000000000e694
WFR t=63302 src=mcu type=0x01 len=16 data=aa9807010200000056117eea00007aa4
WFI t=63304 a=-1459,-3931,239 g=-6,-26,22
WFR t=63322 src=mcu type=0x01 len=16 data=aa991d00ab04a08c64502748395e1e28
WFR t=63342 src=mcu type=0x01 len=16 data=aa9a646464625f5d5b5955010101d546
WFI t=63354 a=-1469,-3913,238 g=-5,2,-5
WFR t=63382 src=mcu type=0x01 len=16 data=aa9b0101010100000000fbfbecd30e91
WFR t=63402 src=mcu type=0x01 len=16 data=aa9c01180080000000000000ffff0e21
WFI t=63404 a=-1490,-3921,238 g=-3,13,-19
WFR t=63442 src=mcu type=0x01 len=16 data=aa9d2e042f000000000000000000a3b7
WFI t=63454 a=-1486,-3909,242 g=-4,2,-11
WFR t=63462 src=mcu type=0x01 len=16 data=aa9e232c00000000000000000000fb5d
WFR t=63482 src=mcu type=0x01 len=16 data=aa9fb5a1b0bfd800000000000000dfe1
WFI t=63504 a=-1474,-3911,242 g=-6,-4,-9
WFR t=63522 src=mcu type=0x01 len=16 data=aaa000000000020c000035006a00d1bd
WFR t=63542 src=mcu type=0x01 len=16 data=aaa188044a5357583036323430360894
WFI t=63554 a=-1487,-3928,242 g=-2,-7,-1
WFR t=63582 src=mcu type=0x01 len=16 data=aaa231344e4242463930333500005e71
WFR t=63602 src=mcu type=0x01 len=16 data=aaa301180080000000000100feff5bb2
WFI t=63604 a=-1484,-3918,239 g=-2,-11,6
WFR t=63642 src=mcu type=0x01 len=16 data=aaa42e042f000000000000000000ff8e
WFI t=63654 a=-1468,-3930,251 g=-8,-14,4
WFR t=63662 src=mcu type=0x01 len=16 data=aaa5232c00000000000000000000a026
WFR t=63682 src=mcu type=0x01 len=16 data=aaa6000000000000000000000000b4ce
WFI t=63704 a=-1464,-3928,248 g=0,6,-9
WFR t=63722 src=mcu type=0x01 len=16 data=aaa7000000000000000000000000b64f
WFI t=63770 a=-1503,-3927,241 g=-5,11,-21
WFR t=63771 src=mcu type=0x01 len=16 data=aaa801801b000000400052a8194013c9
WFR t=63782 src=mcu type=0x01 len=16 data=aaa9028288135c4488132400ec02f999
WFI t=63804 a=-1500,-3910,243 g=0,2,-2
WFR t=63823 src=mcu type=0x01 len=16 data=aaaa01180080000000000000ffff4617
WFR t=63823 src=mcu type=0x01 len=16 data=aaab2e042f000000000000000000eb81
WFI t=63854 a=-1464,-3913,242 g=-6,-13,4
WFR t=63862 src=mcu type=0x01 len=16 data=aaac232c00000000000000000000bdef
WFR t=63882 src=mcu type=0x01 len=16 data=aaad0048005f00021000000100801d27
WFI t=63904 a=-1470,-3924,263 g=-1,0,-3
WFR t=63922 src=mcu type=0x01 len=16 data=aaae55f04b0b18000000803a40005cef
WFR t=63942 src=mcu type=0x01 len=16 data=aaaf08610005460c2f78a00f090076a9
WFI t=63954 a=-1495,-3920,227 g=-1,1,-2
WFR t=63962 src=mcu type=0x01 len=16 data=aab001180080000000000000ffff608d
WFR t=64003 src=mcu type=0x01 len=16 data=aab12e042f000000000000000000cd1b
WFI t=64004 a=-1487,-3914,248 g=-5,-14,2
WFR t=64022 src=mcu type=0x01 len=16 data=aab2232c0000000000000000000095f1
WFI t=64054 a=-1460,-3930,248 g=-2,-3,-3
WFR t=64062 src=mcu type=0x01 len=16 data=aab3014a02050030000488001b007188
WFR t=64082 src=mcu type=0x01 len=16 data=aab400009f0ca90c9a0c540600001589
WFI t=64104 a=-1475,-3922,248 g=0,10,-20
WFR t=64122 src=mcu type=0x01 len=16 data=aab51c00e8517918060eaf0ab0006863
WFR t=64142 src=mcu type=0x01 len=16 data=aab6050804080080cb020122f13fc622
WFI t=64154 a=-1501,-3917,248 g=-3,2,-6
WFR t=64162 src=mcu type=0x01 len=16 data=aa8001180080000000000000ffff217d
WFR t=64203 src=mcu type=0x01 len=16 data=aa812e042f0000000000000000008ceb
WFI t=64204 a=-1474,-3913,232 g=-5,-2,-2
WFR t=64222 src=mcu type=0x01 len=16 data=aa82232c00000000000000000000d401
WFR t=64247 src=bms type=0x02 len=129 data=d2037c0eee0eed0eee0eee0eee0eed0eee0eee0eed0eed0eee0eee0ef10ef20ef20ef10ef20ef20ef30ef30ef30ef30ef40ef40ef10ef30ef30ef30000000000000000003d0000000000000000000000000000042e752f02af0ef40eec003d003d00000157001c0001001d0000000100010ef00008000a000000000000000050c2
WFI t=64254 a=-1486,-3922,239 g=-1,-5,-4
WFR t=64262 src=mcu type=0x01 len=16 data=aa83000100011101b70111019f00058c
WFI t=64311 a=-1481,-3915,232 g=-6,-17,7
WFR t=64326 src=mcu type=0x01 len=16 data=aa840000090a10560001310051c45a55
WFR t=64326 src=mcu type=0x01 len=16 data=aa8513088003e204080b1000507864d4
WFR t=64344 src=mcu type=0x01 len=16 data=aa868403f4010400a00f8813c003f9eb
WFI t=64394 a=-1463,-3931,250 g=-6,-10,-1
WFR t=64463 src=mcu type=0x01 len=16 data=aa8701180080000000000000feff2baa
WFR t=64543 src=mcu type=0x01 len=16 data=aa882e042f0000000000000000009122
WFI t=64612 a=-1488,-3915,235 g=-3,-13,2
WFR t=64626 src=mcu type=0x01 len=16 data=aa89232c00000000000000000000ce8a
WFR t=64627 src=mcu type=0x01 len=16 data=aa8a480c1c0207284901230020001521
WFR t=64627 src=mcu type=0x01 len=16 data=aa8b40005c03474c775419031a0e80f3
WFR t=64627 src=mcu type=0x01 len=16 data=aa8c2225bf0420034006b80b3e02672c
WFR t=64627 src=mcu type=0x01 len=16 data=aa8d800c800000006c07102780008244
WFR t=64627 src=mcu type=0x01 len=16 data=aa8e0118008000000000ffffffff37d7
WFI t=64628 a=-1460,-3909,234 g=-5,-14,7
WFR t=64628 src=mcu type=0x01 len=16 data=aa8f2e042f0000000000000000009a65
WFR t=64628 src=mcu type=0x01 len=16 data=aa90232c00000000000000000000edd3
WFI t=64629 a=-1459,-3914,229 g=-4,-7,2
WFI t=64631 a=-1451,-3922,235 g=0,-6,0
WFI t=64634 a=-1451,-3922,235 g=0,-6,0
WFR t=64642 src=mcu type=0x01 len=16 data=aa910b000f00465a667332000b9ed1a0
WFI t=64654 a=-1468,-3911,248 g=-11,-4,-10
WFR t=64682 src=mcu type=0x01 len=16 data=aa92000000000000000000000000fbba
WFR t=64702 src=mcu type=0x01 len=16 data=aa93d804480804242c01c003214fe1ad
WFI t=64704 a=-1480,-3919,244 g=2,20,-16
WFR t=64742 src=mcu type=0x01 len=16 data=aa94f0f465fffffff8080d00412af645
WFI t=64754 a=-1489,-3919,233 g=-2,7,-10
WFR t=64762 src=mcu type=0x01 len=16 data=aa9501180080000000000000ffff13e8
WFR t=64782 src=mcu type=0x01 len=16 data=aa962e042f000000000000000000b93c
WFI t=64804 a=-1481,-3916,237 g=7,23,2
WFR t=64822 src=mcu type=0x01 len=16 data=aa97232c00000000000000000000e694
WFR t=64842 src=mcu type=0x01 len=16 data=aa9807010200000056117eea00007aa4
WFI t=64854 a=-1490,-3916,220 g=1,-2,5
WFR t=64882 src=mcu type=0x01 len=16 data=aa991d00ab04a08c64502748395e1e28
WFR t=64902 src=mcu type=0x01 len=16 data=aa9a646464625f5d5b5955010101d546
WFI t=64904 a=-1493,-3927,227 g=-10,-46,24
WFR t=64922 src=mcu type=0x01 len=16 data=aa9b0101010100000000fbfbecd30e91
WFI t=64954 a=-1442,-3930,235 g=-16,-59,8
WFR t=64962 src=mcu type=0x01 len=16 data=aa9c01180080000000000000ffff0e21
WFR t=64982 src=mcu type=0x01 len=16 data=aa9d2e042f000000000000000000a3b7
WFI t=65004 a=-1446,-3938,243 g=-6,17,-47
WFR t=65022 src=mcu type=0x01 len=16 data=aa9e232c00000000000000000000fb5d
WFR t=65042 src=mcu type=0x01 len=16 data=aa9fb5a1b0bfd800000000000000dfe1
WFI t=65054 a=-1464,-3928,257 g=-7,54,-70
WFR t=65062 src=mcu type=0x01 len=16 data=aaa000000000020c000035006a00d1bd
WFR t=65102 src=mcu type=0x01 len=16 data=aaa188044a5357583036323430360894
WFI t=65104 a=-1487,-3902,250 g=-1,29,-39
WFR t=65122 src=mcu type=0x01 len=16 data=aaa231344e4242463930333500005e71
WFI t=65154 a=-1486,-3936,226 g=-1,3,1
WFR t=65163 src=mcu type=0x01 len=16 data=aaa301180080000000000000feff5a4e
WFR t=65182 src=mcu type=0x01 len=16 data=aaa42e042f000000000000000000ff8e
WFR t=65202 src=mcu type=0x01 len=16 data=aaa5232c00000000000000000000a026
WFI t=65204 a=-1530,-3919,219 g=0,-30,33
WFR t=65242 src=mcu type=0x01 len=16 data=aaa6000000000000000000000000b4ce
WFI t=65254 a=-1556,-3924,234 g=-7,-116,96
WFR t=65262 src=mcu type=0x01 len=16 data=aaa7000000000000000000000000b64f
WFR t=65267 src=bms type=0x02 len=129 data=d2037c0eee0eed0eee0eee0eee0eed0eee0eee0eed0eed0eee0eee0ef20ef20ef20ef10ef20ef20ef30ef30ef30ef30ef30ef30ef20ef30ef30ef30000000000000000003d0000000000000000000000000000042e752f02af0ef40eed003d003d00000157001c0001001d0000000100010ef00007000a000000000000000001c1
WFR t=65302 src=mcu type=0x01 len=16 data=aaa801801b000000400052a8194013c9
WFI t=65304 a=-1491,-3869,207 g=-40,-64,50
WFR t=65322 src=mcu type=0x01 len=16 data=aaa9028288135c4488132400ec02f999
WFI t=65354 a=-1363,-3912,251 g=-17,-32,14
WFR t=65362 src=mcu type=0x01 len=16 data=aaaa01180080000000000000ffff4617
WFR t=65382 src=mcu type=0x01 len=16 data=aaab2e042f000000000000000000eb81
WFR t=65402 src=mcu type=0x01 len=16 data=aaac232c00000000000000000000bdef
WFI t=65404 a=-1445,-3949,260 g=-7,92,-130
WFI t=65454 a=-1529,-3927,198 g=10,122,-71
WFR t=65463 src=mcu type=0x01 len=16 data=aaad0048005f00021000000100801d27
WFR t=65463 src=mcu type=0x01 len=16 data=aaae55f04b0b18000000803a40005cef
WFR t=65502 src=mcu type=0x01 len=16 data=aaaf08610005460c2f78a00f090076a9
WFI t=65504 a=-1516,-3955,279 g=0,85,-38
WFR t=65523 src=mcu type=0x01 len=16 data=aab001180080000000000000feff611d
WFR t=65542 src=mcu type=0x01 len=16 data=aab12e042f000000000000000000cd1b
WFI t=65554 a=-1506,-3912,225 g=7,39,8
WFR t=65582 src=mcu type=0x01 len=16 data=aab2232c0000000000000000000095f1
WFR t=65602 src=mcu type=0x01 len=16 data=aab3014a02050030000488001b007188
WFI t=65604 a=-1533,-3924,251 g=-9,-115,80
WFR t=65642 src=mcu type=0x01 len=16 data=aab400009f0ca90c9a0c540600001589
WFI t=65654 a=-1433,-3908,221 g=-13,-120,65
WFR t=65662 src=mcu type=0x01 len=16 data=aab51c00e8517918060ef30ab0007a33
WFR t=65682 src=mcu type=0x01 len=16 data=aab6050804080080cb020122f13fc622
WFI t=65704 a=-1399,-3873,257 g=-16,-29,-19
WFR t=65722 src=mcu type=0x01 len=16 data=aa8001180080000000000000ffff217d
WFR t=65742 src=mcu type=0x01 len=16 data=aa812e042f0000000000000000008ceb
WFI t=65754 a=-1449,-3923,247 g=17,151,-112
WFR t=65782 src=mcu type=0x01 len=16 data=aa82232c00000000000000000000d401
WFR t=65802 src=mcu type=0x01 len=16 data=aa83000100011101b70111019f00058c
WFI t=65804 a=-1580,-3927,251 g=1,35,-36
WFR t=65842 src=mcu type=0x01 len=16 data=aa840000090a10560001310051c45a55
WFI t=65854 a=-1532,-3915,222 g=-3,-88,76
WFR t=65862 src=mcu type=0x01 len=16 data=aa8513088003e204080b1000507864d4
WFR t=65882 src=mcu type=0x01 len=16 data=aa868403f4010400a00f8813c003f9eb
WFI t=65904 a=-1439,-3923,219 g=-13,-113,70
WFR t=65923 src=mcu type=0x01 len=16 data=aa8701180080000000000000feff2baa
WFR t=65942 src=mcu type=0x01 len=16 data=aa882e042f0000000000000000009122
WFI t=65954 a=-1427,-3929,264 g=0,17,-9
WFR t=65982 src=mcu type=0x01 len=16 data=aa89232c00000000000000000000ce8a
WFR t=66002 src=mcu type=0x01 len=16 data=aa8a480c1c0207284901230020001521
WFI t=66004 a=-1454,-3927,258 g=0,97,-81
WFR t=66022 src=mcu type=0x01 len=16 data=aa8b40005c03474c775419031a0e80f3
WFI t=66054 a=-1506,-3917,260 g=1,101,-67
WFR t=66062 src=mcu type=0x01 len=16 data=aa8c2225bf0420034006b80b3e02672c
WFR t=66083 src=mcu type=0x01 len=16 data=aa8d800c800000006c07102780008244
WFI t=66104 a=-1547,-3912,202 g=2,4,1
WFR t=66123 src=mcu type=0x01 len=16 data=aa8e01180080000000000000feff3663
WFR t=66142 src=mcu type=0x01 len=16 data=aa8f2e042f0000000000000000009a65
WFI t=66154 a=-1524,-3908,231 g=-13,-124,77
WFR t=66162 src=mcu type=0x01 len=16 data=aa90232c00000000000000000000edd3
WFR t=66202 src=mcu type=0x01 len=16 data=aa910b000f00465a667332000b9ed1a0
WFI t=66204 a=-1429,-3931,236 g=1,-87,61
WFR t=66222 src=mcu type=0x01 len=16 data=aa92000000000000000000000000fbba
WFI t=66254 a=-1390,-3934,256 g=1,38,-28
WFR t=66257 src=bms type=0x02 len=129 data=d2037c0eee0eed0eee0eee0eee0eed0eee0eee0eec0eed0eee0eee0ef20ef10ef20ef10ef20ef20ef30ef30ef30ef30ef40ef30ef20ef30ef30ef30000000000000000003d0000000000000000000000000000042e752f02af0ef40eed003d003d00000157001c0001001d0000000100010ef00007000a00000000000000004ef5
WFR t=66262 src=mcu type=0x01 len=16 data=aa93d804480804242c01c003214fe1ad
WFT t=66272 batt_mv=4224 rssi_mcu=-72 rssi_bms=-83 mcu=2354 bms=60 dropped=0
WFR t=66282 src=mcu type=0x01 len=16 data=aa94f0f465fffffff8080d00412af645
WFR t=66416 src=mcu type=0x01 len=16 data=aa9501180080000000000000ffff13e8
WFR t=66416 src=mcu type=0x01 len=16 data=aa962e042f000000000000000000b93c
WFI t=66416 a=-1498,-3915,236 g=-5,-61,47
WFR t=66416 src=mcu type=0x01 len=16 data=aa97232c00000000000000000000e694
WFR t=66416 src=mcu type=0x01 len=16 data=aa9807010200000056117eea00007aa4
WFI t=66418 a=-1469,-3917,248 g=-10,-83,55
WFI t=66422 a=-1469,-3917,248 g=-10,-83,55
WFR t=66423 src=mcu type=0x01 len=16 data=aa991d00ab04a08c64502748395e1e28
WFI t=66454 a=-1464,-3931,235 g=-10,-84,52
WFR t=66462 src=mcu type=0x01 len=16 data=aa9a646464625f5d5b5955010101d546
WFR t=66482 src=mcu type=0x01 len=16 data=aa9b0101010100000000fbfbecd30e91
WFR t=66503 src=mcu type=0x01 len=16 data=aa9c01180080000000000000feff0fb1
WFI t=66504 a=-1434,-3931,241 g=-3,-10,16
WFR t=66542 src=mcu type=0x01 len=16 data=aa9d2e042f000000000000000000a3b7
WFI t=66554 a=-1429,-3926,232 g=0,73,-60
WFR t=66562 src=mcu type=0x01 len=16 data=aa9e232c00000000000000000000fb5d
WFR t=66602 src=mcu type=0x01 len=16 data=aa9fb5a1b0bfd800000000000000dfe1
WFI t=66604 a=-1546,-3921,243 g=-3,66,-69
WFR t=66622 src=mcu type=0x01 len=16 data=aaa000000000020c000035006a00d1bd
WFR t=66642 src=mcu type=0x01 len=16 data=aaa188044a5357583036323430360894
WFI t=66654 a=-1520,-3925,236 g=-7,-35,11
WFR t=66682 src=mcu type=0x01 len=16 data=aaa231344e4242463930333500005e71
WFR t=66703 src=mcu type=0x01 len=16 data=aaa301180080000000000000feff5a4e
WFI t=66704 a=-1485,-3924,240 g=-8,-84,44
WFR t=66742 src=mcu type=0x01 len=16 data=aaa42e042f000000000000000000ff8e
WFI t=66754 a=-1443,-3915,227 g=-1,-13,20
WFR t=66762 src=mcu type=0x01 len=16 data=aaa5232c00000000000000000000a026
WFR t=66782 src=mcu type=0x01 len=16 data=aaa6000000000000000000000000b4ce
WFI t=66804 a=-1471,-3924,231 g=-4,23,-30
WFR t=66822 src=mcu type=0x01 len=16 data=aaa7000000000000000000000000b64f
WFR t=66843 src=mcu type=0x01 len=16 data=aaa801801b000000400052a8194013c9
WFI t=66854 a=-1474,-3937,249 g=2,26,-30
WFR t=66882 src=mcu type=0x01 len=16 data=aaa9028288135c4488132400ec02f999
WFR t=66944 src=mcu type=0x01 len=16 data=aaaa01180080000000000000ffff4617
WFR t=66944 src=mcu type=0x01 len=16 data=aaab2e042f000000000000000000eb81
WFI t=66945 a=-1490,-3929,233 g=-3,19,-12
WFI t=66954 a=-1483,-3914,225 g=-3,17,-5
WFR t=66962 src=mcu type=0x01 len=16 data=aaac232c00000000000000000000bdef
WFR t=66982 src=mcu type=0x01 len=16 data=aaad0048005f00021000000100801d27
WFI t=67004 a=-1513,-3921,222 g=-1,-16,22
WFR t=67022 src=mcu type=0x01 len=16 data=aaae55f04b0b18000000803a40005cef
WFR t=67042 src=mcu type=0x01 len=16 data=aaaf08610005460c2f78a00f090076a9
WFI t=67054 a=-1461,-3925,231 g=-8,-34,34
WFR t=67083 src=mcu type=0x01 len=16 data=aab001180080000000000100feff60e1
WFR t=67102 src=mcu type=0x01 len=16 data=aab12e042f000000000000000000cd1b
WFI t=67104 a=-1451,-3909,254 g=-4,-20,0
WFR t=67122 src=mcu type=0x01 len=16 data=aab2232c0000000000000000000095f1
WFI t=67154 a=-1447,-3918,224 g=2,50,-46
WFR t=67162 src=mcu type=0x01 len=16 data=aab3014a02050030000488001b007188
WFR t=67182 src=mcu type=0x01 len=16 data=aab400009f0ca90c9a0c540600001589
WFI t=67204 a=-1506,-3906,229 g=-3,49,-58
WFR t=67222 src=mcu type=0x01 len=16 data=aab51c00e8517918060eac0ab0006827
WFR t=67242 src=mcu type=0x01 len=16 data=aab6050804080080cb020122f13fc622
WFI t=67254 a=-1543,-3914,236 g=-1,-9,13
WFR t=67263 src=mcu type=0x01 len=16 data=aa8001180080000000000000ffff217d
WFR t=67303 src=mcu type=0x01 len=16 data=aa812e042f0000000000000000008ceb
WFI t=67304 a=-1453,-3920,240 g=-5,-70,51
WFR t=67322 src=mcu type=0x01 len=16 data=aa82232c00000000000000000000d401
WFI t=67354 a=-1433,-3927,244 g=-4,-31,16
WFR t=67362 src=mcu type=0x01 len=16 data=aa83000100011101b70111019f00058c
WFR t=67382 src=mcu type=0x01 len=16 data=aa840000090a10560001310051c45a55
WFR t=67402 src=mcu type=0x01 len=16 data=aa8513088003e204080b1000507864d4
WFI t=67404 a=-1469,-3923,223 g=-2,25,-21
WFR t=67442 src=mcu type=0x01 len=16 data=aa868403f4010400a00f8813c003f9eb
WFI t=67454 a=-1497,-3926,227 g=-2,48,-37
WFR t=67463 src=mcu type=0x01 len=16 data=aa8701180080000000000100ffff2bc6
WFR t=67503 src=mcu type=0x01 len=16 data=aa882e042f0000000000000000009122
WFI t=67504 a=-1508,-3919,230 g=-3,13,-24
WFR t=67522 src=mcu type=0x01 len=16 data=aa89232c00000000000000000000ce8a
WFI t=67554 a=-1500,-3920,238 g=-8,-31,25
WFR t=67562 src=mcu type=0x01 len=16 data=aa8a480c1c0207284901230020001521
WFR t=67582 src=mcu type=0x01 len=16 data=aa8b40005c03474c775419031a0e80f3
WFR t=67602 src=mcu type=0x01 len=16 data=aa8c2225bf0420034006b80b3e02672c
WFI t=67604 a=-1459,-3929,234 g=-6,-49,30
WFR t=67642 src=mcu type=0x01 len=16 data=aa8d800c800000006c07102780008244
WFI t=67654 a=-1450,-3934,217 g=-4,14,-11
WFR t=67663 src=mcu type=0x01 len=16 data=aa8e01180080000000000000ffff37f3
WFR t=67703 src=mcu type=0x01 len=16 data=aa8f2e042f0000000000000000009a65
WFI t=67704 a=-1491,-3929,229 g=5,36,-30
WFR t=67722 src=mcu type=0x01 len=16 data=aa90232c00000000000000000000edd3
WFR t=67742 src=mcu type=0x01 len=16 data=aa910b000f00465a667332000b9ed1a0
WFI t=67754 a=-1494,-3926,253 g=-3,9,-16
WFR t=67782 src=mcu type=0x01 len=16 data=aa92000000000000000000000000fbba
WFR t=67802 src=mcu type=0x01 len=16 data=aa93d804480804242c01c003214fe1ad
WFI t=67804 a=-1494,-3913,236 g=-4,-20,3
WFR t=67842 src=mcu type=0x01 len=16 data=aa94f0f465fffffff8080d00412af645
WFI t=67854 a=-1488,-3926,220 g=-3,-29,18
WFR t=67863 src=mcu type=0x01 len=16 data=aa9501180080000000000000ffff13e8
WFR t=67883 src=mcu type=0x01 len=16 data=aa962e042f000000000000000000b93c
WFI t=67904 a=-1465,-3921,243 g=-5,-10,3
WFR t=67922 src=mcu type=0x01 len=16 data=aa97232c00000000000000000000e694
WFR t=67942 src=mcu type=0x01 len=16 data=aa9807010200000056117eea00007aa4
WFI t=67954 a=-1463,-3924,238 g=0,26,-24
WFR t=67982 src=mcu type=0x01 len=16 data=aa991d00ab04a08c64502748395e1e28
WFR t=68002 src=mcu type=0x01 len=16 data=aa9a646464625f5d5b5955010101d546
WFI t=68004 a=-1496,-3915,232 g=-2,10,-16
WFR t=68042 src=mcu type=0x01 len=16 data=aa9b0101010100000000fbfbecd30e91
WFI t=68054 a=-1489,-3927,224 g=-5,-14,0
WFR t=68063 src=mcu type=0x01 len=16 data=aa9c01180080000000000000ffff0e21
WFR t=68083 src=mcu type=0x01 len=16 data=aa9d2e042f000000000000000000a3b7
WFI t=68104 a=-1472,-3922,214 g=0,-6,1
WFR t=68122 src=mcu type=0x01 len=16 data=aa9e232c00000000000000000000fb5d
WFR t=68142 src=mcu type=0x01 len=16 data=aa9fb5a1b0bfd800000000000000dfe1
WFI t=68154 a=-1475,-3921,248 g=0,-6,-3
WFR t=68182 src=mcu type=0x01 len=16 data=aaa000000000020c000035006a00d1bd
WFR t=68202 src=mcu type=0x01 len=16 data=aaa188044a5357583036323430360894
WFI t=68204 a=-1468,-3918,252 g=-6,-12,-2
WFR t=68222 src=mcu type=0x01 len=16 data=aaa231344e4242463930333500005e71
WFI t=68254 a=-1461,-3923,233 g=-2,15,-15
WFR t=68263 src=mcu type=0x01 len=16 data=aaa301180080000000000000ffff5bde
WFR t=68283 src=mcu type=0x01 len=16 data=aaa42e042f000000000000000000ff8e
WFI t=68336 a=-1489,-3913,211 g=-6,11,-18
WFR t=68399 src=mcu type=0x01 len=16 data=aaa5232c00000000000000000000a026
WFR t=68399 src=mcu type=0x01 len=16 data=aaa6000000000000000000000000b4ce
WFR t=68399 src=mcu type=0x01 len=16 data=aaa7000000000000000000000000b64f
WFI t=68559 a=-1454,-3922,224 g=-5,-15,3
WFR t=68559 src=mcu type=0x01 len=16 data=aaa801801b000000400052a8194013c9
WFR t=68574 src=mcu type=0x01 len=16 data=aaa9028288135c4488132400ec02f999
WFR t=68574 src=mcu type=0x01 len=16 data=aaaa01180080000000000100feff467b
WFR t=68574 src=mcu type=0x01 len=16 data=aaab2e042f000000000000000000eb81
WFR t=68574 src=mcu type=0x01 len=16 data=aaac232c00000000000000000000bdef
WFI t=68575 a=-1467,-3934,243 g=-3,9,-14
WFR t=68575 src=mcu type=0x01 len=16 data=aaad0048005f00021000000100801d27
WFR t=68575 src=mcu type=0x01 len=16 data=aaae55f04b0b18000000803a40005cef
WFI t=68576 a=-1480,-3929,244 g=-4,14,-16
WFI t=68579 a=-1480,-3929,244 g=-4,14,-16
WFI t=68582 a=-1480,-3926,245 g=-1,16,-17
WFR t=68603 src=mcu type=0x01 len=16 data=aaaf08610005460c2f78a00f090076a9
WFI t=68604 a=-1493,-3930,243 g=-2,9,-14
WFR t=68623 src=mcu type=0x01 len=16 data=aab001180080000000000000ffff608d
WFI t=68654 a=-1495,-3915,242 g=0,-13,5
WFR t=68663 src=mcu type=0x01 len=16 data=aab12e042f000000000000000000cd1b
WFR t=68682 src=mcu type=0x01 len=16 data=aab2232c0000000000000000000095f1
WFR t=68702 src=mcu type=0x01 len=16 data=aab3014a02050030000488001b007188
WFI t=68704 a=-1467,-3920,215 g=-3,-6,4
WFR t=68742 src=mcu type=0x01 len=16 data=aab400009f0ca90c9a0c540600001589
WFI t=68754 a=-1498,-3922,229 g=-7,7,-13
WFR t=68762 src=mcu type=0x01 len=16 data=aab51c00e8517918060ed10ab000704b
WFR t=68803 src=mcu type=0x01 len=16 data=aab6050804080080cb020122f13fc622
WFI t=68804 a=-1481,-3925,230 g=-3,-15,14
WFR t=68823 src=mcu type=0x01 len=16 data=aa8001180080000000000000feff20ed
WFR t=68842 src=mcu type=0x01 len=16 data=aa812e042f0000000000000000008ceb
WFI t=68854 a=-1450,-3924,244 g=-3,-10,-1
WFR t=68882 src=mcu type=0x01 len=16 data=aa82232c00000000000000000000d401
WFR t=68902 src=mcu type=0x01 len=16 data=aa83000100011101b70111019f00058c
WFI t=68904 a=-1482,-3937,235 g=1,18,-21
WFR t=68942 src=mcu type=0x01 len=16 data=aa840000090a10560001310051c45a55
WFI t=68954 a=-1505,-3919,218 g=-2,5,-7
WFR t=68962 src=mcu type=0x01 len=16 data=aa8513088003e204080b1000507864d4
WFR t=68982 src=mcu type=0x01 len=16 data=aa868403f4010400a00f8813c003f9eb
WFI t=69004 a=-1480,-3925,235 g=-2,-12,-2
WFR t=69023 src=mcu type=0x01 len=16 data=aa8701180080000000000000feff2baa
WFR t=69043 src=mcu type=0x01 len=16 data=aa882e042f0000000000000000009122
WFI t=69054 a=-1496,-3925,256 g=-4,-10,1
WFR t=69082 src=mcu type=0x01 len=16 data=aa89232c00000000000000000000ce8a
WFR t=69103 src=mcu type=0x01 len=16 data=aa8a480c1c0207284901230020001521
WFI t=69104 a=-1476,-3929,236 g=-1,-8,0
WFR t=69142 src=mcu type=0x01 len=16 data=aa8b40005c03474c775419031a0e80f3
WFI t=69154 a=-1477,-3942,224 g=-5,8,-13
WFR t=69162 src=mcu type=0x01 len=16 data=aa8c2225bf0420034006b80b3e02672c
WFR t=69182 src=mcu type=0x01 len=16 data=aa8d800c800000006c07102780008244
WFI t=69204 a=-1492,-3924,218 g=-3,10,-11
WFR t=69223 src=mcu type=0x01 len=16 data=aa8e01180080000000000000ffff37f3
WFR t=69243 src=mcu type=0x01 len=16 data=aa8f2e042f0000000000000000009a65
WFI t=69254 a=-1493,-3933,229 g=-4,-21,6
WFR t=69282 src=mcu type=0x01 len=16 data=aa90232c00000000000000000000edd3
WFE t=69294 bms probe start after 3 unanswered, silent 3035 ms
WFR t=69303 src=mcu type=0x01 len=16 data=aa910b000f00465a667332000b9ed1a0
WFI t=69304 a=-1460,-3915,237 g=-4,-6,6
WFR t=69322 src=mcu type=0x01 len=16 data=aa92000000000000000000000000fbba
WFE t=69332 bms probe write_rsp rc=0
WFI t=69354 a=-1480,-3936,230 g=-3,0,-12
WFR t=69363 src=mcu type=0x01 len=16 data=aa93d804480804242c01c003214fe1ad
WFE t=69377 bms probe read rc=0 len=0
WFR t=69382 src=mcu type=0x01 len=16 data=aa94f0f465fffffff8080d00412af645
WFI t=69404 a=-1477,-3925,228 g=2,9,-4
WFE t=69407 bms probe cccd off rc=0
WFR t=69423 src=mcu type=0x01 len=16 data=aa9501180080000000000000feff1278
WFR t=69442 src=mcu type=0x01 len=16 data=aa962e042f000000000000000000b93c
WFE t=69452 bms probe cccd on rc=0
WFI t=69454 a=-1483,-3921,225 g=-3,2,-12
WFR t=69462 src=mcu type=0x01 len=16 data=aa97232c00000000000000000000e694
WFR t=69503 src=mcu type=0x01 len=16 data=aa9807010200000056117eea00007aa4
WFI t=69504 a=-1485,-3922,245 g=-6,-2,-7
WFR t=69522 src=mcu type=0x01 len=16 data=aa991d00ab04a08c64502748395e1e28
WFI t=69554 a=-1479,-3924,238 g=-4,-14,7
WFR t=69562 src=mcu type=0x01 len=16 data=aa9a646464625f5d5b5955010101d546
WFR t=69582 src=mcu type=0x01 len=16 data=aa9b0101010100000000fbfbecd30e91
WFR t=69603 src=mcu type=0x01 len=16 data=aa9c01180080000000000000feff0fb1
WFI t=69604 a=-1463,-3919,220 g=-1,18,-8
WFR t=69643 src=mcu type=0x01 len=16 data=aa9d2e042f000000000000000000a3b7
WFI t=69654 a=-1509,-3916,213 g=1,12,-19
WFR t=69663 src=mcu type=0x01 len=16 data=aa9e232c00000000000000000000fb5d
WFR t=69702 src=mcu type=0x01 len=16 data=aa9fb5a1b0bfd800000000000000dfe1
WFI t=69704 a=-1498,-3928,253 g=-5,-28,20
WFR t=69723 src=mcu type=0x01 len=16 data=aaa000000000020c000035006a00d1bd
WFI t=69754 a=-1445,-3917,231 g=-2,-26,10
WFR t=69762 src=mcu type=0x01 len=16 data=aaa188044a5357583036323430360894
WFR t=69782 src=mcu type=0x01 len=16 data=aaa231344e4242463930333500005e71
WFR t=69803 src=mcu type=0x01 len=16 data=aaa301180080000000000000ffff5bde
WFI t=69804 a=-1472,-3913,220 g=-2,34,-34
WFR t=69843 src=mcu type=0x01 len=16 data=aaa42e042f000000000000000000ff8e
WFI t=69854 a=-1526,-3921,225 g=1,6,-12
WFR t=69862 src=mcu type=0x01 len=16 data=aaa5232c00000000000000000000a026
WFR t=69903 src=mcu type=0x01 len=16 data=aaa6000000000000000000000000b4ce
WFI t=69904 a=-1480,-3929,233 g=-3,-30,21
WFR t=69922 src=mcu type=0x01 len=16 data=aaa7000000000000000000000000b64f
WFR t=69942 src=mcu type=0x01 len=16 data=aaa801801b000000400052a8194013c9
WFI t=69954 a=-1456,-3924,240 g=-1,-6,-7
WFR t=69982 src=mcu type=0x01 len=16 data=aaa9028288135c4488132400ec02f999
WFR t=70003 src=mcu type=0x01 len=16 data=aaaa01180080000000000000feff4787
WFI t=70004 a=-1510,-3920,243 g=-5,15,-14
WFR t=70043 src=mcu type=0x01 len=16 data=aaab2e042f000000000000000000eb81
WFI t=70054 a=-1475,-3924,224 g=-3,-2,-2
WFR t=70063 src=mcu type=0x01 len=16 data=aaac232c00000000000000000000bdef
WFR t=70082 src=mcu type=0x01 len=16 data=aaad0048005f00021000000100801d27
WFI t=70104 a=-1482,-3912,233 g=-2,4,-7
WFR t=70122 src=mcu type=0x01 len=16 data=aaae55f04b0b18000000803a40005cef
WFR t=70143 src=mcu type=0x01 len=16 data=aaaf08610005460c2f78a00f090076a9
WFI t=70154 a=-1496,-3917,237 g=-4,-7,-3
WFR t=70183 src=mcu type=0x01 len=16 data=aab001180080000000000000ffff608d
WFR t=70203 src=mcu type=0x01 len=16 data=aab12e042f000000000000000000cd1b
WFI t=70204 a=-1476,-3911,230 g=-5,-17,5
WFR t=70242 src=mcu type=0x01 len=16 data=aab2232c0000000000000000000095f1
WFI t=70254 a=-1473,-3912,233 g=-2,10,-8
WFR t=70263 src=mcu type=0x01 len=16 data=aab3014a02050030000488001b007188
WFR t=70282 src=mcu type=0x01 len=16 data=aab400009f0ca90c9a0c540600001589
WFI t=70304 a=-1506,-3925,226 g=-2,5,-10
WFI t=70542 a=-1497,-3911,234 g=-3,-16,8
WFR t=70542 src=mcu type=0x01 len=16 data=aab51c00e8517918060ed10ab000704b
WFR t=70556 src=mcu type=0x01 len=16 data=aab6050804080080cb020122f13fc622
WFI t=70625 a=-1511,-3912,225 g=-4,4,-8
WFR t=70626 src=mcu type=0x01 len=16 data=aa8001180080000000000000feff20ed
WFI t=70640 a=-1476,-3909,226 g=-4,-30,16
WFR t=70641 src=mcu type=0x01 len=16 data=aa812e042f0000000000000000008ceb
WFR t=70642 src=mcu type=0x01 len=16 data=aa82232c00000000000000000000d401
WFR t=70642 src=mcu type=0x01 len=16 data=aa83000100011101b70111019f00058c
WFI t=70642 a=-1455,-3909,236 g=-5,-22,10
WFR t=70642 src=mcu type=0x01 len=16 data=aa840000090a10560001310051c45a55
WFI t=70644 a=-1460,-3916,235 g=-6,-23,8
WFI t=70646 a=-1460,-3916,235 g=-6,-23,8
WFI t=70654 a=-1463,-3918,239 g=-6,-16,2
WFR t=70663 src=mcu type=0x01 len=16 data=aa8513088003e204080b1000507864d4
WFR t=70664 src=mcu type=0x01 len=16 data=aa868403f4010400a00f8813c003f9eb
WFR t=70664 src=mcu type=0x01 len=16 data=aa8701180080000000000000ffff2a3a
WFR t=70666 src=mcu type=0x01 len=16 data=aa882e042f0000000000000000009122
WFR t=70666 src=mcu type=0x01 len=16 data=aa89232c00000000000000000000ce8a
WFR t=70683 src=mcu type=0x01 len=16 data=aa8a480c1c0207284901230020001521
WFR t=70683 src=mcu type=0x01 len=16 data=aa8b40005c03474c775419031a0e80f3
WFR t=70703 src=mcu type=0x01 len=16 data=aa8c2225bf0420034006b80b3e02672c
WFI t=70704 a=-1489,-3915,239 g=-3,16,-19
WFR t=70743 src=mcu type=0x01 len=16 data=aa8d800c800000006c07102780008244
WFI t=70754 a=-1487,-3928,224 g=0,13,-20
WFR t=70763 src=mcu type=0x01 len=16 data=aa8e01180080000000000100feff379f
WFR t=70803 src=mcu type=0x01 len=16 data=aa8f2e042f0000000000000000009a65
WFI t=70804 a=-1497,-3924,233 g=-4,-6,-4
WFR t=70822 src=mcu type=0x01 len=16 data=aa90232c00000000000000000000edd3
WFI t=70854 a=-1477,-3918,238 g=2,-1,6
WFR t=70863 src=mcu type=0x01 len=16 data=aa910b000f00465a667332000b9ed1a0
WFR t=70882 src=mcu type=0x01 len=16 data=aa92000000000000000000000000fbba
WFR t=70903 src=mcu type=0x01 len=16 data=aa93d804480804242c01c003214fe1ad
WFI t=70904 a=-1486,-3929,244 g=-1,2,-7
WFR t=70942 src=mcu type=0x01 len=16 data=aa94f0f465fffffff8080d00412af645
WFI t=70954 a=-1495,-3917,231 g=-2,-1,3
WFR t=70963 src=mcu type=0x01 len=16 data=aa9501180080000000000100feff1384
WFR t=71003 src=mcu type=0x01 len=16 data=aa962e042f000000000000000000b93c
WFI t=71004 a=-1483,-3927,231 g=-7,-15,9
WFR t=71023 src=mcu type=0x01 len=16 data=aa97232c00000000000000000000e694
WFR t=71043 src=mcu type=0x01 len=16 data=aa9807010200000056117eea00007aa4
WFI t=71054 a=-1452,-3917,234 g=-6,11,-12
WFR t=71083 src=mcu type=0x01 len=16 data=aa991d00ab04a08c64502748395e1e28
WFR t=71103 src=mcu type=0x01 len=16 data=aa9a646464625f5d5b5955010101d546
WFI t=71104 a=-1497,-3913,246 g=-5,18,-26
WFR t=71143 src=mcu type=0x01 len=16 data=aa9b0101010100000000fbfbecd30e91
WFI t=71154 a=-1502,-3904,221 g=-1,-11,1
WFR t=71163 src=mcu type=0x01 len=16 data=aa9c01180080000000000100ffff0fdd
WFR t=71183 src=mcu type=0x01 len=16 data=aa9d2e042f000000000000000000a3b7
WFI t=71204 a=-1473,-3925,223 g=-3,-28,15
WFR t=71223 src=mcu type=0x01 len=16 data=aa9e232c00000000000000000000fb5d
WFR t=71242 src=mcu type=0x01 len=16 data=aa9fb5a1b0bfd800000000000000dfe1
WFI t=71254 a=-1468,-3929,231 g=0,13,-13
WFR t=71283 src=mcu type=0x01 len=16 data=aaa000000000020c000035006a00d1bd
WFR t=71303 src=mcu type=0x01 len=16 data=aaa188044a5357583036323430360894
WFI t=71304 a=-1505,-3926,232 g=-5,13,-18
WFR t=71323 src=mcu type=0x01 len=16 data=aaa231344e4242463930333500005e71
WFI t=71354 a=-1489,-3912,231 g=-2,-11,14
WFR t=71363 src=mcu type=0x01 len=16 data=aaa301180080000000000000feff5a4e
WFR t=71383 src=mcu type=0x01 len=16 data=aaa42e042f000000000000000000ff8e
WFI t=71404 a=-1465,-3918,224 g=-2,-1,0
WFR t=71423 src=mcu type=0x01 len=16 data=aaa5232c00000000000000000000a026
WFR t=71442 src=mcu type=0x01 len=16 data=aaa6000000000000000000000000b4ce
WFI t=71454 a=-1494,-3927,233 g=0,4,-14
WFT t=71472 batt_mv=4232 rssi_mcu=-78 rssi_bms=-83 mcu=2538 bms=60 dropped=0
WFR t=71483 src=mcu type=0x01 len=16 data=aaa7000000000000000000000000b64f
WFR t=71503 src=mcu type=0x01 len=16 data=aaa801801b000000400052a8194013c9
WFI t=71504 a=-1489,-3937,248 g=-3,-9,2
WFR t=71523 src=mcu type=0x01 len=16 data=aaa9028288135c4488132400ec02f999
WFI t=71554 a=-1479,-3924,240 g=-3,-7,-5
WFR t=71563 src=mcu type=0x01 len=16 data=aaaa01180080000000000000ffff4617
WFR t=71583 src=mcu type=0x01 len=16 data=aaab2e042f000000000000000000eb81
WFI t=71604 a=-1481,-3909,229 g=1,21,-8
WFR t=71623 src=mcu type=0x01 len=16 data=aaac232c00000000000000000000bdef
WFR t=71643 src=mcu type=0x01 len=16 data=aaad0048005f00021000000100801d27
WFI t=71654 a=-1494,-3916,245 g=-8,-10,-10
WFR t=71663 src=mcu type=0x01 len=16 data=aaae55f04b0b18000000803a40005cef
WFR t=71703 src=mcu type=0x01 len=16 data=aaaf08610005460c2f78a00f090076a9
WFI t=71704 a=-1467,-3915,240 g=0,-1,9
WFR t=71723 src=mcu type=0x01 len=16 data=aab001180080000000000000feff611d
WFI t=71754 a=-1490,-3905,228 g=-7,-9,-6
WFR t=71763 src=mcu type=0x01 len=16 data=aab12e042f000000000000000000cd1b
WFR t=71783 src=mcu type=0x01 len=16 data=aab2232c0000000000000000000095f1
WFR t=71803 src=mcu type=0x01 len=16 data=aab3014a02050030000488001b007188
WFI t=71804 a=-1499,-3931,228 g=1,9,8
WFR t=71843 src=mcu type=0x01 len=16 data=aab400009f0ca90c9a0c540600001589
WFI t=71854 a=-1483,-3926,250 g=-5,-19,6
WFR t=71863 src=mcu type=0x01 len=16 data=aab51c00e8517918060ec70ab0007403
WFR t=71903 src=mcu type=0x01 len=16 data=aab6050804080080cb020122f13fc622
WFI t=71904 a=-1473,-3914,250 g=-4,-14,3
WFR t=71923 src=mcu type=0x01 len=16 data=aa8001180080000000000000feff20ed
WFI t=71954 a=-1502,-3924,238 g=-15,-29,-11
WFR t=71963 src=mcu type=0x01 len=16 data=aa812e042f0000000000000000008ceb
WFR t=71983 src=mcu type=0x01 len=16 data=aa82232c00000000000000000000d401
WFR t=72003 src=mcu type=0x01 len=16 data=aa83000100011101b70111019f00058c
WFI t=72004 a=-1474,-3916,213 g=5,23,-13
WFR t=72043 src=mcu type=0x01 len=16 data=aa840000090a10560001310051c45a55
WFI t=72054 a=-1485,-3916,235 g=-2,28,-47
WFR t=72063 src=mcu type=0x01 len=16 data=aa8513088003e204080b1000507864d4
WFR t=72103 src=mcu type=0x01 len=16 data=aa868403f4010400a00f8813c003f9eb
WFI t=72104 a=-1532,-3912,253 g=-7,2,-8
WFR t=72123 src=mcu type=0x01 len=16 data=aa8701180080000000000000ffff2a3a
WFR t=72143 src=mcu type=0x01 len=16 data=aa882e042f0000000000000000009122
WFI t=72154 a=-1485,-3915,239 g=-12,-72,42
WFR t=72183 src=mcu type=0x01 len=16 data=aa89232c00000000000000000000ce8a
WFR t=72203 src=mcu type=0x01 len=16 data=aa8a480c1c0207284901230020001521
WFI t=72204 a=-1455,-3905,217 g=-6,-48,16
WFR t=72243 src=mcu type=0x01 len=16 data=aa8b40005c03474c775419031a0e80f3
WFI t=72254 a=-1479,-3924,242 g=-7,8,-27
WFR t=72263 src=mcu type=0x01 len=16 data=aa8c2225bf0420034006b80b3e02672c
WFR t=72283 src=mcu type=0x01 len=16 data=aa8d800c800000006c07102780008244
WFI t=72304 a=-1475,-3937,255 g=1,48,-46
WFR t=72360 src=mcu type=0x01 len=16 data=aa8e01180080000000000000feff3663
WFR t=72361 src=mcu type=0x01 len=16 data=aa8f2e042f0000000000000000009a65
WFI t=72364 a=-1478,-3923,248 g=-1,52,-52
WFR t=72384 src=mcu type=0x01 len=16 data=aa90232c00000000000000000000edd3
WFR t=72434 src=mcu type=0x01 len=16 data=aa910b000f00465a667332000b9ed1a0
WFR t=72435 src=mcu type=0x01 len=16 data=aa92000000000000000000000000fbba
WFI t=72514 a=-1518,-3930,231 g=3,18,-11
WFR t=72514 src=mcu type=0x01 len=16 data=aa93d804480804242c01c003214fe1ad
WFR t=72515 src=mcu type=0x01 len=16 data=aa94f0f465fffffff8080d00412af645
WFI t=72529 a=-1420,-3915,226 g=1,-37,55
WFR t=72530 src=mcu type=0x01 len=16 data=aa9501180080000000000100feff1384
WFI t=72531 a=-1401,-3922,232 g=1,-16,25
WFR t=72543 src=mcu type=0x01 len=16 data=aa962e042f000000000000000000b93c
WFI t=72554 a=-1433,-3921,242 g=-1,14,-25
WFR t=72583 src=mcu type=0x01 len=16 data=aa97232c00000000000000000000e694
WFR t=72603 src=mcu type=0x01 len=16 data=aa9807010200000056117eea00007aa4
WFI t=72604 a=-1499,-3916,239 g=0,50,-49
WFR t=72623 src=mcu type=0x01 len=16 data=aa991d00ab04a08c64502748395e1e28
WFI t=72654 a=-1489,-3907,228 g=1,16,-33
WFR t=72663 src=mcu type=0x01 len=16 data=aa9a646464625f5d5b5955010101d546
WFR t=72683 src=mcu type=0x01 len=16 data=aa9b0101010100000000fbfbecd30e91
WFI t=72704 a=-1492,-3915,245 g=-8,14,-28
WFR t=72723 src=mcu type=0x01 len=16 data=aa9c01180080000000000000ffff0e21
WFR t=72743 src=mcu type=0x01 len=16 data=aa9d2e042f000000000000000000a3b7
WFI t=72754 a=-1509,-3903,221 g=-8,-24,8
WFR t=72763 src=mcu type=0x01 len=16 data=aa9e232c00000000000000000000fb5d
WFR t=72803 src=mcu type=0x01 len=16 data=aa9fb5a1b0bfd800000000000000dfe1
WFI t=72804 a=-1512,-3909,232 g=-16,-95,48
WFR t=72823 src=mcu type=0x01 len=16 data=aaa000000000020c000035006a00d1bd
WFI t=72854 a=-1438,-3929,224 g=2,-37,38
WFR t=72863 src=mcu type=0x01 len=16 data=aaa188044a5357583036323430360894
WFR t=72883 src=mcu type=0x01 len=16 data=aaa231344e4242463930333500005e71
WFR t=72903 src=mcu type=0x01 len=16 data=aaa301180080000000000000ffff5bde
WFI t=72904 a=-1432,-3914,212 g=0,63,-71
WFR t=72943 src=mcu type=0x01 len=16 data=aaa42e042f000000000000000000ff8e
WFI t=72954 a=-1568,-3900,239 g=4,56,-46
WFR t=72963 src=mcu type=0x01 len=16 data=aaa5232c00000000000000000000a026
WFR t=73003 src=mcu type=0x01 len=16 data=aaa6000000000000000000000000b4ce
WFI t=73004 a=-1485,-3912,222 g=-9,-42,33
WFR t=73023 src=mcu type=0x01 len=16 data=aaa7000000000000000000000000b64f
WFI t=73054 a=-1467,-3921,218 g=-2,-20,7
WFR t=73063 src=mcu type=0x01 len=16 data=aaa801801b000000400052a8194013c9
WFR t=73083 src=mcu type=0x01 len=16 data=aaa9028288135c4488132400ec02f999
WFR t=73103 src=mcu type=0x01 len=16 data=aaaa01180080000000000000ffff4617
WFI t=73104 a=-1496,-3930,249 g=-7,-1,-4
WFR t=73143 src=mcu type=0x01 len=16 data=aaab2e042f000000000000000000eb81
WFI t=73154 a=-1443,-3926,250 g=-1,12,2
WFR t=73163 src=mcu type=0x01 len=16 data=aaac232c00000000000000000000bdef
WFR t=73203 src=mcu type=0x01 len=16 data=aaad0048005f00021000000100801d27
WFI t=73204 a=-1468,-3921,249 g=-6,12,-28
WFR t=73223 src=mcu type=0x01 len=16 data=aaae55f04b0b18000000803a40005cef
WFR t=73243 src=mcu type=0x01 len=16 data=aaaf08610005460c2f78a00f090076a9
WFI t=73254 a=-1513,-3916,229 g=-7,-9,2
WFR t=73283 src=mcu type=0x01 len=16 data=aab001180080000000000000ffff608d
WFR t=73303 src=mcu type=0x01 len=16 data=aab12e042f000000000000000000cd1b
WFI t=73304 a=-1470,-3917,222 g=-7,-41,20
WFR t=73343 src=mcu type=0x01 len=16 data=aab2232c0000000000000000000095f1
WFI t=73354 a=-1447,-3920,217 g=7,37,-19
WFR t=73363 src=mcu type=0x01 len=16 data=aab3014a02050030000488001b007188
WFR t=73383 src=mcu type=0x01 len=16 data=aab400009f0ca90c9a0c540600001589
WFI t=73404 a=-1524,-3912,251 g=-4,8,-22
WFR t=73423 src=mcu type=0x01 len=16 data=aab51c00e8517918060ec30ab0007533
WFR t=73443 src=mcu type=0x01 len=16 data=aab6050804080080cb020122f13fc622
WFI t=73454 a=-1464,-3920,245 g=-2,-32,30
WFR t=73483 src=mcu type=0x01 len=16 data=aa8001180080000000000000feff20ed
WFR t=73503 src=mcu type=0x01 len=16 data=aa812e042f0000000000000000008ceb
WFI t=73504 a=-1447,-3925,236 g=-6,3,-18
WFR t=73523 src=mcu type=0x01 len=16 data=aa82232c00000000000000000000d401
WFI t=73554 a=-1521,-3913,206 g=-1,33,-27
WFR t=73563 src=mcu type=0x01 len=16 data=aa83000100011101b70111019f00058c
WFR t=73583 src=mcu type=0x01 len=16 data=aa840000090a10560001310051c45a55
WFI t=73604 a=-1494,-3902,238 g=1,-21,14
WFR t=73623 src=mcu type=0x01 len=16 data=aa8513088003e204080b1000507864d4
WFR t=73643 src=mcu type=0x01 len=16 data=aa868403f4010400a00f8813c003f9eb
WFI t=73654 a=-1457,-3927,234 g=-1,-9,5
WFR t=73683 src=mcu type=0x01 len=16 data=aa8701180080000000000000feff2baa
WFR t=73703 src=mcu type=0x01 len=16 data=aa882e042f0000000000000000009122
WFI t=73704 a=-1505,-3906,236 g=-9,-6,-13
WFR t=73723 src=mcu type=0x01 len=16 data=aa89232c00000000000000000000ce8a
WFI t=73754 a=-1498,-3919,224 g=-5,-17,14
WFR t=73763 src=mcu type=0x01 len=16 data=aa8a480c1c0207284901230020001521
WFR t=73783 src=mcu type=0x01 len=16 data=aa8b40005c03474c775419031a0e80f3
WFI t=73804 a=-1452,-3923,235 g=3,24,-21
WFR t=73823 src=mcu type=0x01 len=16 data=aa8c2225bf0420034006b80b3e02672c
WFR t=73843 src=mcu type=0x01 len=16 data=aa8d800c800000006c07102780008244
WFI t=73854 a=-1517,-3917,249 g=-9,23,-29
WFR t=73863 src=mcu type=0x01 len=16 data=aa8e01180080000000000000ffff37f3
WFR t=73903 src=mcu type=0x01 len=16 data=aa8f2e042f0000000000000000009a65
WFI t=73904 a=-1505,-3910,232 g=-9,-48,22
WFI t=73958 a=-1444,-3906,225 g=-1,-10,2
WFR t=73963 src=mcu type=0x01 len=16 data=aa90232c00000000000000000000edd3
WFR t=73963 src=mcu type=0x01 len=16 data=aa910b000f00465a667332000b9ed1a0
WFR t=73983 src=mcu type=0x01 len=16 data=aa92000000000000000000000000fbba
WFI t=74053 a=-1494,-3919,241 g=2,5,16
WFI t=74134 a=-1467,-3899,224 g=3,-9,19
WFR t=74134 src=mcu type=0x01 len=16 data=aa93d804480804242c01c003214fe1ad
WFR t=74135 src=mcu type=0x01 len=16 data=aa94f0f465fffffff8080d00412af645
WFR t=74135 src=mcu type=0x01 len=16 data=aa9501180080000000000000ffff13e8
WFR t=74136 src=mcu type=0x01 len=16 data=aa962e042f000000000000000000b93c
WFR t=74136 src=mcu type=0x01 len=16 data=aa97232c00000000000000000000e694
WFI t=74136 a=-1490,-3931,253 g=0,34,-31
WFI t=74154 a=-1513,-3916,229 g=-1,22,-22
WFR t=74163 src=mcu type=0x01 len=16 data=aa9807010200000056117eea00007aa4
WFR t=74183 src=mcu type=0x01 len=16 data=aa991d00ab04a08c64502748395e1e28
WFR t=74203 src=mcu type=0x01 len=16 data=aa9a646464625f5d5b5955010101d546
WFI t=74204 a=-1513,-3916,235 g=-6,-41,19
WFR t=74243 src=mcu type=0x01 len=16 data=aa9b0101010100000000fbfbecd30e91
WFI t=74254 a=-1437,-3918,238 g=0,-12,12
WFR t=74263 src=mcu type=0x01 len=16 data=aa9c01180080000000000000ffff0e21
WFR t=74303 src=mcu type=0x01 len=16 data=aa9d2e042f000000000000000000a3b7
WFI t=74304 a=-1497,-3914,251 g=2,37,-34
WFR t=74323 src=mcu type=0x01 len=16 data=aa9e232c00000000000000000000fb5d
WFR t=74373 src=mcu type=0x01 len=16 data=aa9fb5a1b0bfd800000000000000dfe1
WFR t=74448 src=mcu type=0x01 len=16 data=aaa000000000020c000035006a00d1bd
WFR t=74463 src=mcu type=0x01 len=16 data=aaa188044a5357583036323430360894
WFR t=74463 src=mcu type=0x01 len=16 data=aaa231344e4242463930333500005e71
WFI t=74464 a=-1458,-3926,230 g=-1,17,-21
WFI t=74466 a=-1486,-3925,221 g=-5,19,-33
WFI t=74468 a=-1486,-3925,221 g=-5,19,-33
WFR t=74484 src=mcu type=0x01 len=16 data=aaa301180080000000000000feff5a4e
WFR t=74484 src=mcu type=0x01 len=16 data=aaa42e042f000000000000000000ff8e
WFI t=74504 a=-1523,-3921,259 g=2,16,-15
WFR t=74523 src=mcu type=0x01 len=16 data=aaa5232c00000000000000000000a026
WFR t=74543 src=mcu type=0x01 len=16 data=aaa6000000000000000000000000b4ce
WFI t=74554 a=-1465,-3913,233 g=-1,-18,11
WFR t=74583 src=mcu type=0x01 len=16 data=aaa7000000000000000000000000b64f
WFR t=74603 src=mcu type=0x01 len=16 data=aaa801801b000000400052a8194013c9
WFI t=74604 a=-1474,-3924,235 g=-5,-10,-11
WFR t=74623 src=mcu type=0x01 len=16 data=aaa9028288135c4488132400ec02f999
WFI t=74654 a=-1483,-3919,218 g=-2,15,-8
WFR t=74663 src=mcu type=0x01 len=16 data=aaaa01180080000000000000ffff4617
WFR t=74683 src=mcu type=0x01 len=16 data=aaab2e042f000000000000000000eb81
WFI t=74704 a=-1485,-3912,241 g=-6,-8,-6
WFR t=74723 src=mcu type=0x01 len=16 data=aaac232c00000000000000000000bdef
WFR t=74743 src=mcu type=0x01 len=16 data=aaad0048005f00021000000100801d27
WFI t=74754 a=-1479,-3930,223 g=-8,-9,5
WFR t=74783 src=mcu type=0x01 len=16 data=aaae55f04b0b18000000803a40005cef
WFR t=74803 src=mcu type=0x01 len=16 data=aaaf08610005460c2f78a00f090076a9
WFI t=74804 a=-1475,-3921,244 g=-2,-17,-1
WFR t=74823 src=mcu type=0x01 len=16 data=aab001180080000000000000feff611d
WFI t=74854 a=-1473,-3922,221 g=-4,2,-10
WFR t=74863 src=mcu type=0x01 len=16 data=aab12e042f000000000000000000cd1b
WFR t=74883 src=mcu type=0x01 len=16 data=aab2232c0000000000000000000095f1
WFI t=74904 a=-1479,-3921,236 g=1,21,-16
WFR t=74923 src=mcu type=0x01 len=16 data=aab3014a02050030000488001b007188
WFR t=74943 src=mcu type=0x01 len=16 data=aab400009f0ca90c9a0c540600001589
WFI t=74954 a=-1509,-3930,262 g=-2,6,-8
WFR t=74963 src=mcu type=0x01 len=16 data=aab51c00e8517918060e750ab000537b
WFR t=75003 src=mcu type=0x01 len=16 data=aab6050804080080cb020122f13fc622
WFI t=75004 a=-1484,-3916,233 g=-8,-25,5
WFR t=75023 src=mcu type=0x01 len=16 data=aa8001180080000000000000ffff217d
WFI t=75054 a=-1483,-3922,236 g=1,-22,20
WFR t=75063 src=mcu type=0x01 len=16 data=aa812e042f0000000000000000008ceb
WFR t=75083 src=mcu type=0x01 len=16 data=aa82232c00000000000000000000d401
WFR t=75103 src=mcu type=0x01 len=16 data=aa83000100011101b70111019f00058c
WFI t=75104 a=-1435,-3914,221 g=-2,25,-19
WFR t=75143 src=mcu type=0x01 len=16 data=aa840000090a10560001310051c45a55
WFI t=75154 a=-1527,-3926,257 g=0,42,-35
WFR t=75163 src=mcu type=0x01 len=16 data=aa8513088003e204080b1000507864d4
WFR t=75203 src=mcu type=0x01 len=16 data=aa868403f4010400a00f8813c003f9eb
WFI t=75204 a=-1516,-3919,233 g=-6,-34,15
WFR t=75223 src=mcu type=0x01 len=16 data=aa8701180080000000000000ffff2a3a
WFI t=75254 a=-1459,-3915,224 g=-8,-48,26
WFR t=75263 src=mcu type=0x01 len=16 data=aa882e042f0000000000000000009122
WFR t=75283 src=mcu type=0x01 len=16 data=aa89232c00000000000000000000ce8a
WFR t=75303 src=mcu type=0x01 len=16 data=aa8a480c1c0207284901230020001521
WFI t=75304 a=-1474,-3919,210 g=4,33,-23
WFR t=75343 src=mcu type=0x01 len=16 data=aa8b40005c03474c775419031a0e80f3
WFI t=75354 a=-1526,-3909,238 g=-1,21,-22
WFR t=75363 src=mcu type=0x01 len=16 data=aa8c2225bf0420034006b80b3e02672c
WFR t=75403 src=mcu type=0x01 len=16 data=aa8d800c800000006c07102780008244
WFI t=75404 a=-1509,-3910,240 g=-10,-51,20
WFR t=75423 src=mcu type=0x01 len=16 data=aa8e01180080000000000100feff379f
WFR t=75443 src=mcu type=0x01 len=16 data=aa8f2e042f0000000000000000009a65
WFI t=75454 a=-1440,-3926,239 g=-1,-16,7
WFR t=75483 src=mcu type=0x01 len=16 data=aa90232c00000000000000000000edd3
WFR t=75503 src=mcu type=0x01 len=16 data=aa910b000f00465a667332000b9ed1a0
WFI t=75504 a=-1477,-3918,224 g=1,46,-43
WFR t=75543 src=mcu type=0x01 len=16 data=aa92000000000000000000000000fbba
WFI t=75554 a=-1527,-3919,226 g=0,15,-13
WFR t=75563 src=mcu type=0x01 len=16 data=aa93d804480804242c01c003214fe1ad
WFR t=75583 src=mcu type=0x01 len=16 data=aa94f0f465fffffff8080d00412af645
WFI t=75604 a=-1490,-3918,229 g=-6,-48,28
WFR t=75623 src=mcu type=0x01 len=16 data=aa9501180080000000000000feff1278
WFR t=75643 src=mcu type=0x01 len=16 data=aa962e042f000000000000000000b93c
WFI t=75654 a=-1456,-3919,246 g=-8,-26,9
WFR t=75683 src=mcu type=0x01 len=16 data=aa97232c00000000000000000000e694
WFR t=75703 src=mcu type=0x01 len=16 data=aa9807010200000056117eea00007aa4
WFI t=75704 a=-1460,-3918,233 g=3,26,-21
WFR t=75723 src=mcu type=0x01 len=16 data=aa991d00ab04a08c64502748395e1e28
WFI t=75754 a=-1491,-3928,240 g=-2,29,-30
WFR t=75763 src=mcu type=0x01 len=16 data=aa9a646464625f5d5b5955010101d546
WFR t=75783 src=mcu type=0x01 len=16 data=aa9b0101010100000000fbfbecd30e91
WFI t=75804 a=-1503,-3914,232 g=-10,-12,2
WFR t=75823 src=mcu type=0x01 len=16 data=aa9c01180080000000000000ffff0e21
WFR t=75843 src=mcu type=0x01 len=16 data=aa9d2e042f000000000000000000a3b7
WFI t=75854 a=-1476,-3922,227 g=-6,-28,17
WFR t=75883 src=mcu type=0x01 len=16 data=aa9e232c00000000000000000000fb5d
WFR t=75903 src=mcu type=0x01 len=16 data=aa9fb5a1b0bfd800000000000000dfe1
WFI t=75904 a=-1478,-3915,233 g=0,-10,-2
WFR t=75923 src=mcu type=0x01 len=16 data=aaa000000000020c000035006a00d1bd
WFI t=75954 a=-1479,-3910,247 g=3,14,-11
WFR t=75963 src=mcu type=0x01 len=16 data=aaa188044a5357583036323430360894
WFR t=75983 src=mcu type=0x01 len=16 data=aaa231344e4242463930333500005e71
WFI t=76004 a=-1490,-3914,244 g=-6,-3,-17
WFR t=76023 src=mcu type=0x01 len=16 data=aaa301180080000000000100feff5bb2
WFR t=76043 src=mcu type=0x01 len=16 data=aaa42e042f000000000000000000ff8e
WFI t=76054 a=-1468,-3917,225 g=-3,9,-7
WFR t=76063 src=mcu type=0x01 len=16 data=aaa5232c00000000000000000000a026
WFR t=76103 src=mcu type=0x01 len=16 data=aaa6000000000000000000000000b4ce
WFI t=76104 a=-1504,-3928,237 g=-10,-14,-8
WFR t=76123 src=mcu type=0x01 len=16 data=aaa7000000000000000000000000b64f
WFI t=76154 a=-1479,-3917,230 g=0,-8,12
WFR t=76163 src=mcu type=0x01 len=16 data=aaa801801b000000400052a8194013c9
WFR t=76183 src=mcu type=0x01 len=16 data=aaa9028288135c4488132400ec02f999
WFR t=76203 src=mcu type=0x01 len=16 data=aaaa01180080000000000000ffff4617
WFI t=76204 a=-1473,-3919,234 g=-10,-12,-6
WFR t=76243 src=mcu type=0x01 len=16 data=aaab2e042f000000000000000000eb81
WFI t=76254 a=-1482,-3921,238 g=0,9,-8
WFR t=76263 src=mcu type=0x01 len=16 data=aaac232c00000000000000000000bdef
WFR t=76303 src=mcu type=0x01 len=16 data=aaad0048005f00021000000100801d27
WFI t=76304 a=-1486,-3913,238 g=-7,-8,-12
WFR t=76323 src=mcu type=0x01 len=16 data=aaae55f04b0b18000000803a40005cef
WFE t=76453 bms stale, no frame for 10194 ms, dropping link
WFR t=76453 src=mcu type=0x01 len=16 data=aaaf08610005460c2f78a00f090076a9
WFR t=76453 src=mcu type=0x01 len=16 data=aab001180080000000000000ffff608d
WFI t=76454 a=-1477,-3916,229 g=-4,3,-5
WFE t=76469 bms link down (stale) after 27 answers in 36867 ms, writes=36 err=0 silent=9 bytes=3483
WFI t=76470 a=-1487,-3924,245 g=-4,-9,0
WFI t=76473 a=-1491,-3928,243 g=-6,-16,2
WFR t=76474 src=mcu type=0x01 len=16 data=aab12e042f000000000000000000cd1b
WFR t=76474 src=mcu type=0x01 len=16 data=aab2232c0000000000000000000095f1
WFR t=76475 src=mcu type=0x01 len=16 data=aab3014a02050030000488001b007188
WFT t=76475 batt_mv=4224 rssi_mcu=-71 rssi_bms=0 mcu=2716 bms=60 dropped=0
WFE t=76490 bms disconnected reason=534
WFI t=76504 a=-1489,-3921,253 g=-4,-21,4
WFR t=76520 src=mcu type=0x01 len=16 data=aab400009f0ca90c9a0c540600001589
WFR t=76522 src=mcu type=0x01 len=16 data=aab51c00e8517918060e750ab000537b
WFR t=76543 src=mcu type=0x01 len=16 data=aab6050804080080cb020122f13fc622
WFI t=76554 a=-1467,-3918,231 g=1,16,-12
WFR t=76583 src=mcu type=0x01 len=16 data=aa8001180080000000000000ffff217d
WFI t=76604 a=-1503,-3930,244 g=-3,13,-26
WFR t=76622 src=mcu type=0x01 len=16 data=aa812e042f0000000000000000008ceb
WFR t=76642 src=mcu type=0x01 len=16 data=aa82232c00000000000000000000d401
WFI t=76654 a=-1496,-3930,232 g=0,-12,12
WFR t=76662 src=mcu type=0x01 len=16 data=aa83000100011101b70111019f00058c
WFR t=76682 src=mcu type=0x01 len=16 data=aa840000090a10560001310051c45a55
WFI t=76704 a=-1477,-3915,239 g=-10,-38,15
WFR t=76722 src=mcu type=0x01 len=16 data=aa8513088003e204080b1000507864d4
WFR t=76743 src=mcu type=0x01 len=16 data=aa868403f4010400a00f8813c003f9eb
WFI t=76754 a=-1463,-3917,244 g=-2,16,-11
WFR t=76783 src=mcu type=0x01 len=16 data=aa8701180080000000000000ffff2a3a
WFR t=76803 src=mcu type=0x01 len=16 data=aa882e042f0000000000000000009122
WFI t=76804 a=-1495,-3927,249 g=-8,13,-21
WFR t=76823 src=mcu type=0x01 len=16 data=aa89232c00000000000000000000ce8a
WFI t=76854 a=-1488,-3922,223 g=0,-3,-1
WFR t=76863 src=mcu type=0x01 len=16 data=aa8a480c1c0207284901230020001521
WFR t=76883 src=mcu type=0x01 len=16 data=aa8b40005c03474c775419031a0e80f3
WFI t=76904 a=-1483,-3921,238 g=-2,-6,-3
WFR t=76923 src=mcu type=0x01 len=16 data=aa8c2225bf0420034006b80b3e02672c
WFR t=76943 src=mcu type=0x01 len=16 data=aa8d800c800000006c07102780008244
WFI t=76954 a=-1479,-3933,227 g=-2,3,-5
WFR t=76983 src=mcu type=0x01 len=16 data=aa8e01180080000000000000feff3663
WFR t=77003 src=mcu type=0x01 len=16 data=aa8f2e042f0000000000000000009a65
WFI t=77004 a=-1508,-3924,258 g=-4,-13,0
WFR t=77023 src=mcu type=0x01 len=16 data=aa90232c00000000000000000000edd3
WFI t=77054 a=-1459,-3938,223 g=-2,7,-2
WFR t=77063 src=mcu type=0x01 len=16 data=aa910b000f00465a667332000b9ed1a0
WFR t=77083 src=mcu type=0x01 len=16 data=aa92000000000000000000000000fbba
WFI t=77104 a=-1481,-3942,255 g=-2,16,-20
WFR t=77123 src=mcu type=0x01 len=16 data=aa93d804480804242c01c003214fe1ad
WFR t=77143 src=mcu type=0x01 len=16 data=aa94f0f465fffffff8080d00412af645
WFI t=77154 a=-1492,-3919,235 g=-5,-6,-9
WFR t=77163 src=mcu type=0x01 len=16 data=aa9501180080000000000000feff1278
WFR t=77203 src=mcu type=0x01 len=16 data=aa962e042f000000000000000000b93c
WFI t=77204 a=-1494,-3926,238 g=-1,-20,13
WFR t=77223 src=mcu type=0x01 len=16 data=aa97232c00000000000000000000e694
WFI t=77254 a=-1454,-3930,234 g=-3,-2,-7
WFR t=77263 src=mcu type=0x01 len=16 data=aa9807010200000056117eea00007aa4
WFR t=77283 src=mcu type=0x01 len=16 data=aa991d00ab04a08c64502748395e1e28
WFR t=77303 src=mcu type=0x01 len=16 data=aa9a646464625f5d5b5955010101d546
WFI t=77304 a=-1479,-3909,242 g=-1,16,-17
WFR t=77343 src=mcu type=0x01 len=16 data=aa9b0101010100000000fbfbecd30e91
WFI t=77354 a=-1506,-3916,240 g=-5,-21,3
WFR t=77363 src=mcu type=0x01 len=16 data=aa9c01180080000000000000feff0fb1
WFI t=77416 a=-1469,-3923,240 g=0,-6,6
WFR t=77424 src=mcu type=0x01 len=16 data=aa9d2e042f000000000000000000a3b7
WFR t=77424 src=mcu type=0x01 len=16 data=aa9e232c00000000000000000000fb5d
WFI t=77454 a=-1478,-3909,231 g=-8,13,-22
WFR t=77463 src=mcu type=0x01 len=16 data=aa9fb5a1b0bfd800000000000000dfe1
WFR t=77483 src=mcu type=0x01 len=16 data=aaa000000000020c000035006a00d1bd
WFR t=77503 src=mcu type=0x01 len=16 data=aaa188044a5357583036323430360894
WFI t=77504 a=-1513,-3925,249 g=-3,-6,2
WFR t=77543 src=mcu type=0x01 len=16 data=aaa231344e4242463930333500005e71
WFI t=77554 a=-1455,-3923,230 g=-4,-23,15
WFR t=77563 src=mcu type=0x01 len=16 data=aaa301180080000000000000ffff5bde
WFR t=77603 src=mcu type=0x01 len=16 data=aaa42e042f000000000000000000ff8e
WFI t=77604 a=-1465,-3920,239 g=-2,28,-19
WFR t=77623 src=mcu type=0x01 len=16 data=aaa5232c00000000000000000000a026
WFR t=77643 src=mcu type=0x01 len=16 data=aaa6000000000000000000000000b4ce
WFI t=77654 a=-1516,-3918,245 g=-1,6,-12
WFR t=77683 src=mcu type=0x01 len=16 data=aaa7000000000000000000000000b64f
WFR t=77703 src=mcu type=0x01 len=16 data=aaa801801b000000400052a8194013c9
WFI t=77704 a=-1463,-3932,237 g=3,-6,30
WFR t=77743 src=mcu type=0x01 len=16 data=aaa9028288135c4488132400ec02f999
WFI t=77754 a=-1460,-3913,237 g=-2,-1,-14
WFR t=77763 src=mcu type=0x01 len=16 data=aaaa01180080000000000000feff4787
WFR t=77783 src=mcu type=0x01 len=16 data=aaab2e042f000000000000000000eb81
WFI t=77804 a=-1514,-3928,237 g=-4,12,-21
WFR t=77823 src=mcu type=0x01 len=16 data=aaac232c00000000000000000000bdef
WFR t=77843 src=mcu type=0x01 len=16 data=aaad0048005f00021000000100801d27
WFI t=77854 a=-1501,-3913,237 g=-10,-40,5
WFR t=77883 src=mcu type=0x01 len=16 data=aaae55f04b0b18000000803a40005cef
WFR t=77903 src=mcu type=0x01 len=16 data=aaaf08610005460c2f78a00f090076a9
WFI t=77904 a=-1426,-3922,239 g=-3,6,-3
WFR t=77923 src=mcu type=0x01 len=16 data=aab001180080000000000000ffff608d
WFI t=77954 a=-1477,-3930,265 g=-3,29,-42
WFR t=77963 src=mcu type=0x01 len=16 data=aab12e042f000000000000000000cd1b
WFR t=77983 src=mcu type=0x01 len=16 data=aab2232c0000000000000000000095f1
WFI t=78004 a=-1533,-3928,245 g=-4,-9,-4
WFR t=78023 src=mcu type=0x01 len=16 data=aab3014a02050030000488001b007188
WFR t=78043 src=mcu type=0x01 len=16 data=aab400009f0ca90c9a0c540600001589
WFI t=78054 a=-1479,-3930,218 g=2,-26,19
WFR t=78083 src=mcu type=0x01 len=16 data=aab51c00e8517918060ed50ab000717b
WFR t=78103 src=mcu type=0x01 len=16 data=aab6050804080080cb020122f13fc622
WFI t=78104 a=-1487,-3936,227 g=-3,0,-3
WFR t=78123 src=mcu type=0x01 len=16 data=aa8001180080000000000100feff2111
WFI t=78154 a=-1477,-3923,243 g=-3,4,5
WFR t=78163 src=mcu type=0x01 len=16 data=aa812e042f0000000000000000008ceb
WFR t=78183 src=mcu type=0x01 len=16 data=aa82232c00000000000000000000d401
WFI t=78204 a=-1460,-3911,253 g=-6,-12,0
WFR t=78223 src=mcu type=0x01 len=16 data=aa83000100011101b70111019f00058c
WFR t=78243 src=mcu type=0x01 len=16 data=aa840000090a10560001310051c45a55
WFI t=78254 a=-1464,-3922,246 g=-4,17,-23
WFR t=78263 src=mcu type=0x01 len=16 data=aa8513088003e204080b1000507864d4
WFR t=78303 src=mcu type=0x01 len=16 data=aa868403f4010400a00f8813c003f9eb
WFI t=78304 a=-1492,-3927,226 g=3,46,-24
WFR t=78323 src=mcu type=0x01 len=16 data=aa8701180080000000000000feff2baa
WFI t=78354 a=-1511,-3915,236 g=3,6,8
WFR t=78525 src=mcu type=0x01 len=16 data=aa882e042f0000000000000000009122
WFI t=78608 a=-1447,-3924,250 g=-6,-49,36
WFR t=78608 src=mcu type=0x01 len=16 data=aa89232c00000000000000000000ce8a
WFR t=78609 src=mcu type=0x01 len=16 data=aa8a480c1c0207284901230020001521
WFI t=78623 a=-1518,-3915,236 g=-7,-38,21
WFI t=78625 a=-1491,-3923,248 g=-8,-56,34
WFI t=78628 a=-1491,-3923,248 g=-8,-56,34
WFR t=78628 src=mcu type=0x01 len=16 data=aa8b40005c03474c775419031a0e80f3
WFR t=78628 src=mcu type=0x01 len=16 data=aa8c2225bf0420034006b80b3e02672c
WFR t=78628 src=mcu type=0x01 len=16 data=aa8d800c800000006c07102780008244
WFR t=78629 src=mcu type=0x01 len=16 data=aa8e01180080000000000100feff379f
WFR t=78629 src=mcu type=0x01 len=16 data=aa8f2e042f0000000000000000009a65
WFI t=78630 a=-1491,-3923,248 g=-8,-56,34
WFR t=78644 src=mcu type=0x01 len=16 data=aa90232c00000000000000000000edd3
WFR t=78644 src=mcu type=0x01 len=16 data=aa910b000f00465a667332000b9ed1a0
WFR t=78644 src=mcu type=0x01 len=16 data=aa92000000000000000000000000fbba
WFI t=78654 a=-1457,-3910,243 g=-10,-66,35
WFR t=78663 src=mcu type=0x01 len=16 data=aa93d804480804242c01c003214fe1ad
WFR t=78703 src=mcu type=0x01 len=16 data=aa94f0f465fffffff8080d00412af645
WFI t=78704 a=-1483,-3912,246 g=-6,-40,24
WFR t=78723 src=mcu type=0x01 len=16 data=aa9501180080000000000000ffff13e8
WFR t=78743 src=mcu type=0x01 len=16 data=aa962e042f000000000000000000b93c
WFI t=78754 a=-1446,-3921,246 g=2,24,-14
WFR t=78783 src=mcu type=0x01 len=16 data=aa97232c00000000000000000000e694
WFI t=78804 a=-1499,-3921,244 g=-5,60,-62
WFR t=78809 src=mcu type=0x01 len=16 data=aa9807010200000056117eea00007aa4
WFR t=78843 src=mcu type=0x01 len=16 data=aa991d00ab04a08c64502748395e1e28
WFI t=78854 a=-1539,-3922,242 g=1,15,-12
WFR t=78863 src=mcu type=0x01 len=16 data=aa9a646464625f5d5b5955010101d546
WFR t=78883 src=mcu type=0x01 len=16 data=aa9b0101010100000000fbfbecd30e91
WFI t=78904 a=-1485,-3929,232 g=-8,-55,30
WFR t=78923 src=mcu type=0x01 len=16 data=aa9c01180080000000000100feff0e4d
WFR t=78943 src=mcu type=0x01 len=16 data=aa9d2e042f000000000000000000a3b7
WFI t=78954 a=-1466,-3912,223 g=-5,-27,26
WFR t=78983 src=mcu type=0x01 len=16 data=aa9e232c00000000000000000000fb5d
WFR t=79003 src=mcu type=0x01 len=16 data=aa9fb5a1b0bfd800000000000000dfe1
WFI t=79004 a=-1473,-3899,227 g=-2,0,-1
WFR t=79023 src=mcu type=0x01 len=16 data=aaa000000000020c000035006a00d1bd
WFI t=79054 a=-1481,-3930,256 g=-3,5,-16
WFR t=79063 src=mcu type=0x01 len=16 data=aaa188044a5357583036323430360894
WFR t=79083 src=mcu type=0x01 len=16 data=aaa231344e4242463930333500005e71
WFI t=79104 a=-1469,-3907,233 g=2,35,-32
WFR t=79123 src=mcu type=0x01 len=16 data=aaa301180080000000000000ffff5bde
WFR t=79143 src=mcu type=0x01 len=16 data=aaa42e042f000000000000000000ff8e
WFI t=79154 a=-1521,-3913,231 g=-6,11,-26
WFR t=79183 src=mcu type=0x01 len=16 data=aaa5232c00000000000000000000a026
WFR t=79203 src=mcu type=0x01 len=16 data=aaa6000000000000000000000000b4ce
WFI t=79204 a=-1518,-3914,229 g=-4,-33,21
WFR t=79223 src=mcu type=0x01 len=16 data=aaa7000000000000000000000000b64f
WFI t=79254 a=-1458,-3906,241 g=-3,-28,33
WFR t=79263 src=mcu type=0x01 len=16 data=aaa801801b000000400052a8194013c9
WFR t=79283 src=mcu type=0x01 len=16 data=aaa9028288135c4488132400ec02f999
WFE t=79288 bms subscribed val=0x0010 cccd=0x0011 ctrl=0x0014 mtu=512 regs=62
WFE t=79289 bms conn itvl=80 latency=0 timeout=600
WFE t=79302 bms reconnected (attempt 2)
WFI t=79304 a=-1474,-3924,249 g=-4,-8,-15
WFE t=79307 bms mtu event mtu=512
WFR t=79323 src=mcu type=0x01 len=16 data=aaaa01180080000000000100feff467b
WFR t=79343 src=mcu type=0x01 len=16 data=aaab2e042f000000000000000000eb81
WFI t=79354 a=-1486,-3925,253 g=-4,14,-9
WFR t=79363 src=mcu type=0x01 len=16 data=aaac232c00000000000000000000bdef
WFR t=79403 src=mcu type=0x01 len=16 data=aaad0048005f00021000000100801d27
WFI t=79404 a=-1449,-3927,224 g=1,34,-26
WFR t=79423 src=mcu type=0x01 len=16 data=aaae55f04b0b18000000803a40005cef
WFI t=79455 a=-1530,-3918,238 g=-8,9,-26
WFR t=79463 src=mcu type=0x01 len=16 data=aaaf08610005460c2f78a00f090076a9
WFR t=79483 src=mcu type=0x01 len=16 data=aab001180080000000000000feff611d
WFE t=79488 bms conn update status=0 itvl=12 latency=0 timeout=400
WFR t=79503 src=mcu type=0x01 len=16 data=aab12e042f000000000000000000cd1b
WFI t=79504 a=-1494,-3927,236 g=-6,-43,37
WFR t=79543 src=mcu type=0x01 len=16 data=aab2232c0000000000000000000095f1
WFI t=79554 a=-1436,-3937,241 g=-11,-45,12
WFR t=79563 src=mcu type=0x01 len=16 data=aab3014a02050030000488001b007188
WFR t=79578 src=bms type=0x02 len=129 data=d2037c0eee0eed0eee0eee0eee0eed0eee0eee0eec0eed0eee0eee0ef10ef10ef20ef10ef20ef20ef30ef30ef30ef30ef30ef30ef10ef30ef30ef30000000000000000003d0000000000000000000000000000042e752f02af0ef30eec003d003d00000157001c0001001d0000000100010ef00007000a0000000000000000bb94
WFR t=79603 src=mcu type=0x01 len=16 data=aab400009f0ca90c9a0c540600001589
WFI t=79604 a=-1478,-3917,248 g=-2,30,-24
WFR t=79623 src=mcu type=0x01 len=16 data=aab51c00e8517918060ebc0ab0006ce7
WFR t=79643 src=mcu type=0x01 len=16 data=aab6050804080080cb020122f13fc622
WFI t=79654 a=-1511,-3911,224 g=2,22,-22
WFR t=79683 src=mcu type=0x01 len=16 data=aa8001180080000000000000ffff217d
WFR t=79703 src=mcu type=0x01 len=16 data=aa812e042f0000000000000000008ceb
WFI t=79704 a=-1506,-3922,243 g=-7,-18,-2
WFR t=79743 src=mcu type=0x01 len=16 data=aa82232c00000000000000000000d401
WFI t=79754 a=-1455,-3904,249 g=-7,-10,9
WFR t=79763 src=mcu type=0x01 len=16 data=aa83000100011101b70111019f00058c
WFR t=79803 src=mcu type=0x01 len=16 data=aa840000090a10560001310051c45a55
WFI t=79804 a=-1501,-3915,245 g=-8,-15,-8
WFR t=79823 src=mcu type=0x01 len=16 data=aa8513088003e204080b1000507864d4
WFR t=79843 src=mcu type=0x01 len=16 data=aa868403f4010400a00f8813c003f9eb
WFI t=79854 a=-1477,-3924,244 g=-2,-11,6
WFR t=79883 src=mcu type=0x01 len=16 data=aa8701180080000000000000ffff2a3a
WFR t=79903 src=mcu type=0x01 len=16 data=aa882e042f0000000000000000009122
WFI t=79904 a=-1459,-3921,245 g=4,25,-13
WFR t=79943 src=mcu type=0x01 len=16 data=aa89232c00000000000000000000ce8a
WFI t=79954 a=-1508,-3926,242 g=0,10,-27
WFR t=79963 src=mcu type=0x01 len=16 data=aa8a480c1c0207284901230020001521
WFR t=80003 src=mcu type=0x01 len=16 data=aa8b40005c03474c775419031a0e80f3
WFI t=80004 a=-1491,-3930,237 g=-4,-24,13
WFR t=80023 src=mcu type=0x01 len=16 data=aa8c2225bf0420034006b80b3e02672c
WFR t=80043 src=mcu type=0x01 len=16 data=aa8d800c800000006c07102780008244
WFI t=80054 a=-1453,-3922,237 g=-4,-24,12
WFR t=80083 src=mcu type=0x01 len=16 data=aa8e01180080000000000000feff3663
WFR t=80103 src=mcu type=0x01 len=16 data=aa8f2e042f0000000000000000009a65
WFI t=80104 a=-1478,-3915,239 g=-3,19,-18
WFR t=80123 src=mcu type=0x01 len=16 data=aa90232c00000000000000000000edd3
WFI t=80154 a=-1503,-3922,241 g=-2,7,-9
WFR t=80163 src=mcu type=0x01 len=16 data=aa910b000f00465a667332000b9ed1a0
WFR t=80183 src=mcu type=0x01 len=16 data=aa92000000000000000000000000fbba
WFI t=80204 a=-1487,-3920,244 g=1,-19,13
WFR t=80223 src=mcu type=0x01 len=16 data=aa93d804480804242c01c003214fe1ad
WFR t=80243 src=mcu type=0x01 len=16 data=aa94f0f465fffffff8080d00412af645
WFI t=80254 a=-1454,-3915,236 g=1,4,-7
WFR t=80283 src=mcu type=0x01 len=16 data=aa9501180080000000000000ffff13e8
WFR t=80303 src=mcu type=0x01 len=16 data=aa962e042f000000000000000000b93c
WFI t=80304 a=-1506,-3919,228 g=-5,17,-22
WFR t=80323 src=mcu type=0x01 len=16 data=aa97232c00000000000000000000e694
WFI t=80354 a=-1490,-3914,243 g=2,-11,5
WFR t=80363 src=mcu type=0x01 len=16 data=aa9807010200000056117eea00007aa4
WFR t=80394 src=mcu type=0x01 len=16 data=aa991d00ab04a08c64502748395e1e28
WFR t=80491 src=mcu type=0x01 len=16 data=aa9a646464625f5d5b5955010101d546
WFR t=80491 src=mcu type=0x01 len=16 data=aa9b0101010100000000fbfbecd30e91
WFR t=80492 src=mcu type=0x01 len=16 data=aa9c01180080000000000000feff0fb1
WFI t=80492 a=-1474,-3918,242 g=-3,22,-16
WFI t=80495 a=-1490,-3911,233 g=-3,17,-15
WFR t=80503 src=mcu type=0x01 len=16 data=aa9d2e042f000000000000000000a3b7
WFI t=80504 a=-1494,-3918,220 g=1,11,-13
WFR t=80523 src=mcu type=0x01 len=16 data=aa9e232c00000000000000000000fb5d
WFI t=80554 a=-1510,-3906,234 g=-6,-17,8
WFR t=80563 src=mcu type=0x01 len=16 data=aa9fb5a1b0bfd800000000000000dfe1
WFR t=80583 src=mcu type=0x01 len=16 data=aaa000000000020c000035006a00d1bd
WFR t=80603 src=mcu type=0x01 len=16 data=aaa188044a5357583036323430360894
WFI t=80604 a=-1456,-3913,242 g=-7,-8,3
WFR t=80643 src=mcu type=0x01 len=16 data=aaa231344e4242463930333500005e71
WFI t=80692 a=-1490,-3925,252 g=-4,-2,-15
WFR t=80693 src=mcu type=0x01 len=16 data=aaa301180080000000000000feff5a4e
WFR t=80705 src=mcu type=0x01 len=16 data=aaa42e042f000000000000000000ff8e
WFI t=80708 a=-1481,-3920,243 g=2,0,1
WFR t=80722 src=bms type=0x02 len=129 data=d2037c0eee0eed0eee0eed0eed0eed0eee0eee0eec0eed0eee0eee0ef10ef10ef20ef00ef20ef20ef30ef30ef20ef30ef30ef30ef10ef30ef30ef30000000000000000003d0000000000000000000000000000042e752f02af0ef30eec003d003d00000157001c0001001d0000000100010ef00007000a0000000000000000b291
WFR t=80724 src=mcu type=0x01 len=16 data=aaa5232c00000000000000000000a026
WFI t=80780 a=-1497,-3914,233 g=0,14,-19
WFR t=80784 src=mcu type=0x01 len=16 data=aaa6000000000000000000000000b4ce
WFR t=80784 src=mcu type=0x01 len=16 data=aaa7000000000000000000000000b64f
WFR t=80803 src=mcu type=0x01 len=16 data=aaa801801b000000400052a8194013c9
WFI t=80804 a=-1500,-3923,252 g=3,11,-8
WFR t=80843 src=mcu type=0x01 len=16 data=aaa9028288135c4488132400ec02f999
WFI t=80854 a=-1500,-3922,242 g=-5,-24,11
WFR t=80863 src=mcu type=0x01 len=16 data=aaaa01180080000000000000feff4787
WFR t=80903 src=mcu type=0x01 len=16 data=aaab2e042f000000000000000000eb81
WFI t=80904 a=-1477,-3914,239 g=-5,-24,13
WFR t=80923 src=mcu type=0x01 len=16 data=aaac232c00000000000000000000bdef
WFR t=80943 src=mcu type=0x01 len=16 data=aaad0048005f00021000000100801d27
WFI t=80954 a=-1458,-3918,221 g=-1,17,-16
WFR t=80983 src=mcu type=0x01 len=16 data=aaae55f04b0b18000000803a40005cef
WFR t=81003 src=mcu type=0x01 len=16 data=aaaf08610005460c2f78a00f090076a9
WFI t=81004 a=-1505,-3922,249 g=-5,6,-20
WFR t=81043 src=mcu type=0x01 len=16 data=aab001180080000000000000feff611d
WFI t=81054 a=-1478,-3925,241 g=-6,-8,4
WFR t=81063 src=mcu type=0x01 len=16 data=aab12e042f000000000000000000cd1b
WFR t=81083 src=mcu type=0x01 len=16 data=aab2232c0000000000000000000095f1
WFI t=81104 a=-1471,-3923,251 g=-8,-6,-10
WFR t=81123 src=mcu type=0x01 len=16 data=aab3014a02050030000488001b007188
WFR t=81143 src=mcu type=0x01 len=16 data=aab400009f0ca90c9a0c540600001589
WFI t=81154 a=-1506,-3915,232 g=-3,7,-8
WFR t=81183 src=mcu type=0x01 len=16 data=aab51c00e8517918060ebe0ab0006d5f
WFR t=81203 src=mcu type=0x01 len=16 data=aab6050804080080cb020122f13fc622
WFI t=81204 a=-1480,-3913,233 g=-1,-11,6
WFR t=81223 src=mcu type=0x01 len=16 data=aa8001180080000000000000ffff217d
WFI t=81254 a=-1476,-3932,255 g=-7,-16,4
WFR t=81263 src=mcu type=0x01 len=16 data=aa812e042f0000000000000000008ceb
WFR t=81283 src=mcu type=0x01 len=16 data=aa82232c00000000000000000000d401
WFI t=81304 a=-1469,-3911,241 g=-2,4,-7
WFR t=81323 src=mcu type=0x01 len=16 data=aa83000100011101b70111019f00058c
WFR t=81343 src=mcu type=0x01 len=16 data=aa840000090a10560001310051c45a55
WFI t=81355 a=-1492,-3921,230 g=1,10,-17
WFR t=81383 src=mcu type=0x01 len=16 data=aa8513088003e204080b1000507864d4
WFR t=81403 src=mcu type=0x01 len=16 data=aa868403f4010400a00f8813c003f9eb
WFI t=81404 a=-1493,-3927,228 g=1,13,-13
WFR t=81423 src=mcu type=0x01 len=16 data=aa8701180080000000000000feff2baa
WFI t=81454 a=-1494,-3922,239 g=-6,-7,1
WFR t=81463 src=mcu type=0x01 len=16 data=aa882e042f0000000000000000009122
WFR t=81483 src=mcu type=0x01 len=16 data=aa89232c00000000000000000000ce8a
WFT t=81499 batt_mv=4224 rssi_mcu=-74 rssi_bms=-78 mcu=2894 bms=62 dropped=0
WFI t=81504 a=-1488,-3911,234 g=-4,-24,14
WFR t=81523 src=mcu type=0x01 len=16 data=aa8a480c1c0207284901230020001521
WFR t=81543 src=mcu type=0x01 len=16 data=aa8b40005c03474c775419031a0e80f3
WFI t=81554 a=-1477,-3912,228 g=-11,-19,4
WFR t=81563 src=mcu type=0x01 len=16 data=aa8c2225bf0420034006b80b3e02672c
WFR t=81603 src=mcu type=0x01 len=16 data=aa8d800c800000006c07102780008244
WFI t=81604 a=-1483,-3925,230 g=0,21,-18
WFR t=81623 src=mcu type=0x01 len=16 data=aa8e01180080000000000000feff3663
WFI t=81654 a=-1495,-3907,235 g=2,24,-29
WFR t=81663 src=mcu type=0x01 len=16 data=aa8f2e042f0000000000000000009a65
WFR t=81683 src=mcu type=0x01 len=16 data=aa90232c00000000000000000000edd3
WFR t=81703 src=mcu type=0x01 len=16 data=aa910b000f00465a667332000b9ed1a0
WFI t=81704 a=-1506,-3914,232 g=-1,-4,-2
WFR t=81708 src=bms type=0x02 len=129 data=d2037c0eee0eed0eee0eed0eed0eed0eee0eee0eec0eed0eee0eee0ef10ef10ef20ef10ef20ef20ef30ef30ef30ef30ef40ef30ef20ef30ef30ef30000000000000000003d0000000000000000000000000000042e753002af0ef40eec003d003d00000157001c0001001d0000000100010ef00008000000000000000000007537
WFR t=81743 src=mcu type=0x01 len=16 data=aa92000000000000000000000000fbba
WFI t=81754 a=-1481,-3923,240 g=-3,-30,13
WFR t=81763 src=mcu type=0x01 len=16 data=aa93d804480804242c01c003214fe1ad
WFR t=81803 src=mcu type=0x01 len=16 data=aa94f0f465fffffff8080d00412af645
WFI t=81804 a=-1472,-3921,231 g=1,-13,10
WFR t=81823 src=mcu type=0x01 len=16 data=aa9501180080000000000100feff1384
WFR t=81843 src=mcu type=0x01 len=16 data=aa962e042f000000000000000000b93c
WFI t=81854 a=-1477,-3927,253 g=-4,7,-11
WFR t=81883 src=mcu type=0x01 len=16 data=aa97232c00000000000000000000e694
WFR t=81903 src=mcu type=0x01 len=16 data=aa9807010200000056117eea00007aa4
WFI t=81904 a=-1490,-3931,238 g=2,15,-19
WFR t=81943 src=mcu type=0x01 len=16 data=aa991d00ab04a08c64502748395e1e28
WFI t=81954 a=-1480,-3908,242 g=-2,6,-14
WFR t=81963 src=mcu type=0x01 len=16 data=aa9a646464625f5d5b5955010101d546
WFR t=82003 src=mcu type=0x01 len=16 data=aa9b0101010100000000fbfbecd30e91
WFI t=82004 a=-1477,-3912,233 g=-2,-6,-3
WFR t=82023 src=mcu type=0x01 len=16 data=aa9c01180080000000000000feff0fb1
WFR t=82043 src=mcu type=0x01 len=16 data=aa9d2e042f000000000000000000a3b7
WFI t=82054 a=-1491,-3923,221 g=-1,-12,9
WFR t=82083 src=mcu type=0x01 len=16 data=aa9e232c00000000000000000000fb5d
WFR t=82103 src=mcu type=0x01 len=16 data=aa9fb5a1b0bfd800000000000000dfe1
WFI t=82104 a=-1488,-3912,235 g=-8,-14,7
WFR t=82143 src=mcu type=0x01 len=16 data=aaa000000000020c000035006a00d1bd
WFI t=82154 a=-1481,-3919,243 g=1,-4,-4
WFR t=82163 src=mcu type=0x01 len=16 data=aaa188044a5357583036323430360894
WFR t=82183 src=mcu type=0x01 len=16 data=aaa231344e4242463930333500005e71
WFI t=82204 a=-1489,-3918,241 g=-1,12,-19
WFR t=82223 src=mcu type=0x01 len=16 data=aaa301180080000000000000feff5a4e
WFR t=82243 src=mcu type=0x01 len=16 data=aaa42e042f000000000000000000ff8e
WFI t=82254 a=-1498,-3920,243 g=-2,9,-14
WFR t=82283 src=mcu type=0x01 len=16 data=aaa5232c00000000000000000000a026
WFR t=82303 src=mcu type=0x01 len=16 data=aaa6000000000000000000000000b4ce
WFI t=82304 a=-1487,-3917,243 g=-6,-10,1
WFR t=82323 src=mcu type=0x01 len=16 data=aaa7000000000000000000000000b64f
WFI t=82354 a=-1487,-3915,237 g=0,-16,8
WFR t=82363 src=mcu type=0x01 len=16 data=aaa801801b000000400052a8194013c9
WFR t=82472 src=mcu type=0x01 len=16 data=aaa9028288135c4488132400ec02f999
WFR t=82550 src=mcu type=0x01 len=16 data=aaaa01180080000000000000feff4787
WFR t=82551 src=mcu type=0x01 len=16 data=aaab2e042f000000000000000000eb81
WFR t=82551 src=mcu type=0x01 len=16 data=aaac232c00000000000000000000bdef
WFR t=82551 src=mcu type=0x01 len=16 data=aaad0048005f00021000000100801d27
WFR t=82551 src=mcu type=0x01 len=16 data=aaae55f04b0b18000000803a40005cef
WFI t=82567 a=-1482,-3916,242 g=-3,-4,-8
WFI t=82641 a=-1471,-3926,243 g=0,-17,11
WFR t=82642 src=mcu type=0x01 len=16 data=aaaf08610005460c2f78a00f090076a9
WFR t=82643 src=mcu type=0x01 len=16 data=aab001180080000000000000ffff608d
WFR t=82643 src=mcu type=0x01 len=16 data=aab12e042f000000000000000000cd1b
WFI t=82644 a=-1473,-3921,245 g=-3,-15,2
WFR t=82644 src=mcu type=0x01 len=16 data=aab2232c0000000000000000000095f1
WFI t=82646 a=-1473,-3921,245 g=-3,-15,2
WFI t=82648 a=-1474,-3924,246 g=-3,-11,0
WFI t=82654 a=-1487,-3920,239 g=-2,-10,-3
WFR t=82663 src=mcu type=0x01 len=16 data=aab3014a02050030000488001b007188
WFR t=82703 src=mcu type=0x01 len=16 data=aab400009f0ca90c9a0c540600001589
WFI t=82704 a=-1495,-3922,234 g=0,16,-9
WFR t=82723 src=mcu type=0x01 len=16 data=aab51c00e8517918060eb90ab0006c2b
WFI t=82754 a=-1490,-3919,235 g=-6,-12,-2
WFR t=82763 src=mcu type=0x01 len=16 data=aab6050804080080cb020122f13fc622
WFR t=82773 src=bms type=0x02 len=129 data=d2037c0eee0eed0eee0eed0eee0eed0eee0eee0eec0eed0eee0eee0ef20ef10ef20ef10ef20ef20ef30ef30ef30ef30ef30ef40ef10ef30ef30ef30000000000000000003d0000000000000000000000000000042e752f02af0ef40eec003d003d00000157001c0001001d0000000100010ef00008000a00000000000000000744
WFR t=82783 src=mcu type=0x01 len=16 data=aa8001180080000000000000feff20ed
WFR t=82803 src=mcu type=0x01 len=16 data=aa812e042f0000000000000000008ceb
WFI t=82804 a=-1468,-3910,254 g=-3,-7,-1
WFI t=82854 a=-1491,-3915,241 g=0,4,-14
WFR t=82864 src=mcu type=0x01 len=16 data=aa82232c00000000000000000000d401
WFR t=82864 src=mcu type=0x01 len=16 data=aa83000100011101b70111019f00058c
WFR t=82903 src=mcu type=0x01 len=16 data=aa840000090a10560001310051c45a55
WFI t=82904 a=-1494,-3923,234 g=0,2,-3
WFR t=82923 src=mcu type=0x01 len=16 data=aa8513088003e204080b1000507864d4
WFR t=82943 src=mcu type=0x01 len=16 data=aa868403f4010400a00f8813c003f9eb
WFI t=82954 a=-1479,-3933,234 g=-4,-10,-3
WFR t=82983 src=mcu type=0x01 len=16 data=aa8701180080000000000000feff2baa
WFR t=83003 src=mcu type=0x01 len=16 data=aa882e042f0000000000000000009122
WFI t=83004 a=-1453,-3924,247 g=-2,10,-7
WFR t=83043 src=mcu type=0x01 len=16 data=aa89232c00000000000000000000ce8a
WFI t=83054 a=-1502,-3933,248 g=-8,-16,-7
WFR t=83063 src=mcu type=0x01 len=16 data=aa8a480c1c0207284901230020001521
WFR t=83103 src=mcu type=0x01 len=16 data=aa8b40005c03474c775419031a0e80f3
WFI t=83104 a=-1478,-3928,239 g=1,4,7
WFR t=83123 src=mcu type=0x01 len=16 data=aa8c2225bf0420034006b80b3e02672c
WFR t=83143 src=mcu type=0x01 len=16 data=aa8d800c800000006c07102780008244
WFI t=83154 a=-1487,-3914,242 g=-6,6,-24
WFR t=83183 src=mcu type=0x01 len=16 data=aa8e01180080000000000000feff3663
WFR t=83203 src=mcu type=0x01 len=16 data=aa8f2e042f0000000000000000009a65
WFI t=83204 a=-1502,-3910,239 g=-1,-3,6
WFR t=83243 src=mcu type=0x01 len=16 data=aa90232c00000000000000000000edd3
WFI t=83254 a=-1455,-3923,233 g=-4,-19,7
WFR t=83263 src=mcu type=0x01 len=16 data=aa910b000f00465a667332000b9ed1a0
WFR t=83283 src=mcu type=0x01 len=16 data=aa92000000000000000000000000fbba
WFI t=83304 a=-1481,-3922,249 g=-7,12,-23
WFR t=83323 src=mcu type=0x01 len=16 data=aa93d804480804242c01c003214fe1ad
WFR t=83343 src=mcu type=0x01 len=16 data=aa94f0f465fffffff8080d00412af645
WFI t=83354 a=-1504,-3916,224 g=-1,5,-7
WFR t=83383 src=mcu type=0x01 len=16 data=aa9501180080000000000000ffff13e8
WFR t=83403 src=mcu type=0x01 len=16 data=aa962e042f000000000000000000b93c
WFI t=83404 a=-1475,-3927,232 g=-4,-7,1
WFR t=83423 src=mcu type=0x01 len=16 data=aa97232c00000000000000000000e694
WFI t=83454 a=-1484,-3945,263 g=-6,-1,-6
WFR t=83463 src=mcu type=0x01 len=16 data=aa9807010200000056117eea00007aa4
WFR t=83483 src=mcu type=0x01 len=16 data=aa991d00ab04a08c64502748395e1e28
WFI t=83504 a=-1483,-3930,246 g=0,-8,-5
WFR t=83523 src=mcu type=0x01 len=16 data=aa9a646464625f5d5b5955010101d546
WFR t=83543 src=mcu type=0x01 len=16 data=aa9b0101010100000000fbfbecd30e91
WFI t=83554 a=-1484,-3928,254 g=-1,-14,7
WFR t=83583 src=mcu type=0x01 len=16 data=aa9c01180080000000000000feff0fb1
WFR t=83603 src=mcu type=0x01 len=16 data=aa9d2e042f000000000000000000a3b7
WFI t=83604 a=-1457,-3910,234 g=1,18,-15
WFR t=83623 src=mcu type=0x01 len=16 data=aa9e232c00000000000000000000fb5d
WFI t=83654 a=-1513,-3920,248 g=-4,0,-9
WFR t=83663 src=mcu type=0x01 len=16 data=aa9fb5a1b0bfd800000000000000dfe1
WFR t=83683 src=mcu type=0x01 len=16 data=aaa000000000020c000035006a00d1bd
WFI t=83704 a=-1474,-3934,238 g=-4,-27,19
WFR t=83723 src=mcu type=0x01 len=16 data=aaa188044a5357583036323430360894
WFR t=83743 src=mcu type=0x01 len=16 data=aaa231344e4242463930333500005e71
WFI t=83754 a=-1459,-3920,234 g=-4,3,-9
WFR t=83763 src=mcu type=0x01 len=16 data=aaa301180080000000000000ffff5bde
WFR t=83803 src=mcu type=0x01 len=16 data=aaa42e042f000000000000000000ff8e
WFI t=83804 a=-1496,-3913,231 g=-3,23,-26
WFR t=83857 src=mcu type=0x01 len=16 data=aaa5232c00000000000000000000a026
WFI t=83867 a=-1504,-3918,253 g=-5,-12,7
WFR t=83868 src=mcu type=0x01 len=16 data=aaa6000000000000000000000000b4ce
WFR t=83869 src=bms type=0x02 len=129 data=d2037c0eed0eed0eee0eed0eee0eed0eee0eee0eec0eed0eee0eee0ef10ef10ef20ef10ef20ef20ef30ef20ef20ef30ef30ef30ef20ef30ef30ef30000000000000000003d0000000000000000000000000000042e752f02af0ef40eec003d003d00000157001c0001001d0000000100010ef00008000a0000000000000000c093
WFR t=83883 src=mcu type=0x01 len=16 data=aaa7000000000000000000000000b64f
WFR t=83903 src=mcu type=0x01 len=16 data=aaa801801b000000400052a8194013c9
WFI t=83904 a=-1469,-3920,228 g=-1,-19,8
WFR t=83943 src=mcu type=0x01 len=16 data=aaa9028288135c4488132400ec02f999
WFI t=83954 a=-1495,-3915,243 g=-7,-1,-10
WFR t=83963 src=mcu type=0x01 len=16 data=aaaa01180080000000000000ffff4617
WFR t=84003 src=mcu type=0x01 len=16 data=aaab2e042f000000000000000000eb81
WFI t=84004 a=-1492,-3916,227 g=-3,4,-6
WFR t=84023 src=mcu type=0x01 len=16 data=aaac232c00000000000000000000bdef
WFR t=84043 src=mcu type=0x01 len=16 data=aaad0048005f00021000000100801d27
WFI t=84054 a=-1483,-3916,229 g=-1,0,-6
WFR t=84083 src=mcu type=0x01 len=16 data=aaae55f04b0b18000000803a40005cef
WFR t=84103 src=mcu type=0x01 len=16 data=aaaf08610005460c2f78a00f090076a9
WFI t=84104 a=-1489,-3918,252 g=-10,-3,-10
WFR t=84143 src=mcu type=0x01 len=16 data=aab001180080000000000000feff611d
WFI t=84154 a=-1493,-3929,245 g=-2,-6,2
WFR t=84163 src=mcu type=0x01 len=16 data=aab12e042f000000000000000000cd1b
WFR t=84203 src=mcu type=0x01 len=16 data=aab2232c0000000000000000000095f1
WFI t=84204 a=-1463,-3916,245 g=-3,2,-6
WFR t=84223 src=mcu type=0x01 len=16 data=aab3014a02050030000488001b007188
WFR t=84243 src=mcu type=0x01 len=16 data=aab400009f0ca90c9a0c540600001589
WFI t=84254 a=-1494,-3922,241 g=-5,4,-8
WFR t=84283 src=mcu type=0x01 len=16 data=aab51c00e8517918060eb90ab0006c2b
WFR t=84303 src=mcu type=0x01 len=16 data=aab6050804080080cb020122f13fc622
WFI t=84304 a=-1494,-3913,242 g=-5,-16,3
WFR t=84343 src=mcu type=0x01 len=16 data=aa8001180080000000000000ffff217d
WFI t=84354 a=-1473,-3927,236 g=2,3,-4
WFR t=84363 src=mcu type=0x01 len=16 data=aa812e042f0000000000000000008ceb
WFR t=84383 src=mcu type=0x01 len=16 data=aa82232c00000000000000000000d401
WFI t=84482 a=-1506,-3925,236 g=-3,22,-21
WFR t=84557 src=mcu type=0x01 len=16 data=aa83000100011101b70111019f00058c
WFR t=84557 src=mcu type=0x01 len=16 data=aa840000090a10560001310051c45a55
WFR t=84572 src=mcu type=0x01 len=16 data=aa8513088003e204080b1000507864d4
WFI t=84633 a=-1499,-3914,231 g=-7,-25,22
WFI t=84648 a=-1495,-3926,230 g=1,22,-24
WFI t=84650 a=-1484,-3912,244 g=3,17,-24
WFR t=84651 src=mcu type=0x01 len=16 data=aa868403f4010400a00f8813c003f9eb
WFR t=84651 src=mcu type=0x01 len=16 data=aa8701180080000000000000feff2baa
WFR t=84652 src=mcu type=0x01 len=16 data=aa882e042f0000000000000000009122
WFR t=84652 src=mcu type=0x01 len=16 data=aa89232c00000000000000000000ce8a
WFR t=84652 src=mcu type=0x01 len=16 data=aa8a480c1c0207284901230020001521
WFR t=84652 src=mcu type=0x01 len=16 data=aa8b40005c03474c775419031a0e80f3
WFI t=84652 a=-1484,-3912,244 g=3,17,-24
WFI t=84655 a=-1494,-3913,239 g=-8,19,-23
WFR t=84683 src=mcu type=0x01 len=16 data=aa8c2225bf0420034006b80b3e02672c
WFR t=84703 src=mcu type=0x01 len=16 data=aa8d800c800000006c07102780008244
WFI t=84704 a=-1502,-3931,243 g=-4,-2,-6
WFR t=84723 src=mcu type=0x01 len=16 data=aa8e01180080000000000000feff3663
WFI t=84754 a=-1491,-3923,250 g=-7,-29,16
WFR t=84763 src=mcu type=0x01 len=16 data=aa8f2e042f0000000000000000009a65
WFR t=84783 src=mcu type=0x01 len=16 data=aa90232c00000000000000000000edd3
WFI t=84804 a=-1481,-3917,240 g=-4,-25,17
WFR t=84823 src=mcu type=0x01 len=16 data=aa910b000f00465a667332000b9ed1a0
WFR t=84843 src=mcu type=0x01 len=16 data=aa92000000000000000000000000fbba
WFI t=84854 a=-1475,-3921,237 g=1,13,-12
WFR t=84863 src=mcu type=0x01 len=16 data=aa93d804480804242c01c003214fe1ad
WFR t=84873 src=bms type=0x02 len=129 data=d2037c0eee0eed0eee0eee0eee0eed0eee0eee0eec0eed0eee0eee0ef10ef10ef20ef10ef20ef20ef30ef30ef30ef30ef30ef30ef20ef30ef30ef30000000000000000003d0000000000000000000000000000042e752f02af0ef30eec003d003d00000157001c0001001d0000000100010ef00007000a0000000000000000bcd1
WFR t=84903 src=mcu type=0x01 len=16 data=aa94f0f465fffffff8080d00412af645
WFI t=84904 a=-1509,-3920,240 g=-5,21,-27
WFR t=84923 src=mcu type=0x01 len=16 data=aa9501180080000000000000ffff13e8
WFI t=84954 a=-1491,-3918,234 g=4,5,-7
WFR t=84963 src=mcu type=0x01 len=16 data=aa962e042f000000000000000000b93c
WFR t=84983 src=mcu type=0x01 len=16 data=aa97232c00000000000000000000e694
WFR t=85003 src=mcu type=0x01 len=16 data=aa9807010200000056117eea00007aa4
WFI t=85004 a=-1490,-3918,251 g=-3,4,-7
WFR t=85043 src=mcu type=0x01 len=16 data=aa991d00ab04a08c64502748395e1e28
WFI t=85054 a=-1511,-3907,229 g=-6,-12,4
WFR t=85063 src=mcu type=0x01 len=16 data=aa9a646464625f5d5b5955010101d546
WFR t=85103 src=mcu type=0x01 len=16 data=aa9b0101010100000000fbfbecd30e91
WFI t=85104 a=-1476,-3921,234 g=-2,-36,25
WFR t=85123 src=mcu type=0x01 len=16 data=aa9c01180080000000000000feff0fb1
WFR t=85143 src=mcu type=0x01 len=16 data=aa9d2e042f000000000000000000a3b7
WFI t=85154 a=-1442,-3922,232 g=-7,6,-17
WFR t=85183 src=mcu type=0x01 len=16 data=aa9e232c00000000000000000000fb5d
WFR t=85203 src=mcu type=0x01 len=16 data=aa9fb5a1b0bfd800000000000000dfe1
WFI t=85204 a=-1501,-3919,249 g=-5,27,-34
WFR t=85243 src=mcu type=0x01 len=16 data=aaa000000000020c000035006a00d1bd
WFI t=85254 a=-1493,-3914,241 g=2,-3,2
WFR t=85263 src=mcu type=0x01 len=16 data=aaa188044a5357583036323430360894
WFR t=85303 src=mcu type=0x01 len=16 data=aaa231344e4242463930333500005e71
WFI t=85304 a=-1482,-3930,234 g=-4,-13,-1
WFR t=85323 src=mcu type=0x01 len=16 data=aaa301180080000000000000ffff5bde
WFR t=85343 src=mcu type=0x01 len=16 data=aaa42e042f000000000000000000ff8e
WFI t=85354 a=-1508,-3911,241 g=0,-10,5
WFR t=85383 src=mcu type=0x01 len=16 data=aaa5232c00000000000000000000a026
WFR t=85403 src=mcu type=0x01 len=16 data=aaa6000000000000000000000000b4ce
WFI t=85404 a=-1473,-3915,236 g=-4,-27,15
WFR t=85443 src=mcu type=0x01 len=16 data=aaa7000000000000000000000000b64f
WFI t=85454 a=-1444,-3934,241 g=-2,11,-20
WFR t=85463 src=mcu type=0x01 len=16 data=aaa801801b000000400052a8194013c9
WFR t=85483 src=mcu type=0x01 len=16 data=aaa9028288135c4488132400ec02f999
WFI t=85504 a=-1494,-3929,247 g=1,44,-38
WFR t=85523 src=mcu type=0x01 len=16 data=aaaa01180080000000000000ffff4617
WFR t=85543 src=mcu type=0x01 len=16 data=aaab2e042f000000000000000000eb81
WFI t=85554 a=-1523,-3918,225 g=-1,-16,0
WFR t=85583 src=mcu type=0x01 len=16 data=aaac232c00000000000000000000bdef
WFR t=85603 src=mcu type=0x01 len=16 data=aaad0048005f00021000000100801d27
WFI t=85604 a=-1474,-3923,236 g=-8,-46,32
WFR t=85623 src=mcu type=0x01 len=16 data=aaae55f04b0b18000000803a40005cef
WFI t=85654 a=-1444,-3919,248 g=-3,-2,-2
WFR t=85663 src=mcu type=0x01 len=16 data=aaaf08610005460c2f78a00f090076a9
WFR t=85683 src=mcu type=0x01 len=16 data=aab001180080000000000000ffff608d
WFI t=85704 a=-1503,-3926,236 g=-4,17,-24
WFR t=85723 src=mcu type=0x01 len=16 data=aab12e042f000000000000000000cd1b
WFR t=85743 src=mcu type=0x01 len=16 data=aab2232c0000000000000000000095f1
WFI t=85754 a=-1483,-3923,234 g=-1,8,-6
WFR t=85783 src=mcu type=0x01 len=16 data=aab3014a02050030000488001b007188
WFR t=85803 src=mcu type=0x01 len=16 data=aab400009f0ca90c9a0c540600001589
WFI t=85804 a=-1497,-3921,237 g=-6,3,-14
WFR t=85823 src=mcu type=0x01 len=16 data=aab51c00e8517918060e040bb0001987
WFI t=85854 a=-1508,-3921,256 g=-8,-14,5
WFR t=85863 src=mcu type=0x01 len=16 data=aab6050804080080cb020122f13fc622
WFR t=85878 src=bms type=0x02 len=129 data=d2037c0eee0eed0eee0eee0eee0eed0eee0eee0eec0eed0eee0eee0ef10ef10ef20ef10ef20ef20ef30ef30ef30ef30ef30ef30ef10ef30ef30ef30000000000000000003d0000000000000000000000000000042e752f02af0ef30eec003d003d00000157001c0001001d0000000100010ef00007000a0000000000000000bb94
WFR t=85883 src=mcu type=0x01 len=16 data=aa8001180080000000000000ffff217d
WFI t=85904 a=-1470,-3916,243 g=2,-18,14
WFR t=85923 src=mcu type=0x01 len=16 data=aa812e042f0000000000000000008ceb
WFR t=85943 src=mcu type=0x01 len=16 data=aa82232c00000000000000000000d401
WFI t=85954 a=-1486,-3922,242 g=-3,-1,-11
WFR t=85963 src=mcu type=0x01 len=16 data=aa83000100011101b70111019f00058c
WFR t=86003 src=mcu type=0x01 len=16 data=aa840000090a10560001310051c45a55
WFI t=86004 a=-1490,-3913,237 g=2,6,-6
WFR t=86023 src=mcu type=0x01 len=16 data=aa8513088003e204080b1000507864d4
WFI t=86054 a=-1478,-3921,230 g=-4,-6,-12
WFR t=86063 src=mcu type=0x01 len=16 data=aa868403f4010400a00f8813c003f9eb
WFR t=86083 src=mcu type=0x01 len=16 data=aa8701180080000000000000feff2baa
WFR t=86103 src=mcu type=0x01 len=16 data=aa882e042f0000000000000000009122
WFI t=86104 a=-1496,-3931,253 g=-4,0,-8
WFR t=86143 src=mcu type=0x01 len=16 data=aa89232c00000000000000000000ce8a
WFI t=86154 a=-1478,-3906,225 g=-5,3,-4
WFR t=86163 src=mcu type=0x01 len=16 data=aa8a480c1c0207284901230020001521
WFR t=86203 src=mcu type=0x01 len=16 data=aa8b40005c03474c775419031a0e80f3
WFI t=86204 a=-1479,-3916,235 g=-7,-10,-2
WFR t=86223 src=mcu type=0x01 len=16 data=aa8c2225bf0420034006b80b3e02672c
WFR t=86243 src=mcu type=0x01 len=16 data=aa8d800c800000006c07102780008244
WFI t=86254 a=-1481,-3924,232 g=5,7,3
WFR t=86284 src=mcu type=0x01 len=16 data=aa8e01180080000000000000ffff37f3
WFR t=86303 src=mcu type=0x01 len=16 data=aa8f2e042f0000000000000000009a65
WFI t=86304 a=-1498,-3918,253 g=-3,-11,-4
WFR t=86343 src=mcu type=0x01 len=16 data=aa90232c00000000000000000000edd3
WFI t=86354 a=-1478,-3921,233 g=-4,-14,7
WFR t=86363 src=mcu type=0x01 len=16 data=aa910b000f00465a667332000b9ed1a0
WFR t=86497 src=mcu type=0x01 len=16 data=aa92000000000000000000000000fbba
WFI t=86511 a=-1471,-3919,228 g=-8,17,-28
WFR t=86512 src=mcu type=0x01 len=16 data=aa93d804480804242c01c003214fe1ad
WFR t=86512 src=mcu type=0x01 len=16 data=aa94f0f465fffffff8080d00412af645
WFR t=86513 src=mcu type=0x01 len=16 data=aa9501180080000000000000ffff13e8
WFR t=86513 src=mcu type=0x01 len=16 data=aa962e042f000000000000000000b93c
WFT t=86513 batt_mv=4226 rssi_mcu=-78 rssi_bms=-80 mcu=3072 bms=67 dropped=0
WFI t=86514 a=-1487,-3928,252 g=-4,-12,8
WFI t=86516 a=-1487,-3928,252 g=-4,-12,8
WFR t=86543 src=mcu type=0x01 len=16 data=aa97232c00000000000000000000e694
WFI t=86554 a=-1462,-3929,241 g=-5,-15,3
WFR t=86563 src=mcu type=0x01 len=16 data=aa9807010200000056117eea00007aa4
WFR t=86583 src=mcu type=0x01 len=16 data=aa991d00ab04a08c64502748395e1e28
WFI t=86604 a=-1492,-3923,240 g=-4,-20,9
WFR t=86623 src=mcu type=0x01 len=16 data=aa9a646464625f5d5b5955010101d546
WFR t=86643 src=mcu type=0x01 len=16 data=aa9b0101010100000000fbfbecd30e91
WFI t=86654 a=-1461,-3920,229 g=1,9,4
WFR t=86683 src=mcu type=0x01 len=16 data=aa9c01180080000000000000ffff0e21
WFR t=86703 src=mcu type=0x01 len=16 data=aa9d2e042f000000000000000000a3b7
WFI t=86704 a=-1473,-3910,238 g=-4,14,-29
WFR t=86723 src=mcu type=0x01 len=16 data=aa9e232c00000000000000000000fb5d
WFI t=86754 a=-1496,-3913,230 g=-1,11,-8
WFR t=86763 src=mcu type=0x01 len=16 data=aa9fb5a1b0bfd800000000000000dfe1
WFR t=86783 src=mcu type=0x01 len=16 data=aaa000000000020c000035006a00d1bd
WFI t=86804 a=-1474,-3912,254 g=-6,-22,0
WFR t=86823 src=mcu type=0x01 len=16 data=aaa188044a5357583036323430360894
WFR t=86843 src=mcu type=0x01 len=16 data=aaa231344e4242463930333500005e71
WFI t=86854 a=-1468,-3928,244 g=0,9,1
WFR t=86884 src=mcu type=0x01 len=16 data=aaa30118008000000000ffffffff5bfa
WFR t=86903 src=mcu type=0x01 len=16 data=aaa42e042f000000000000000000ff8e
WFI t=86904 a=-1508,-3928,227 g=-5,-9,-8
WFR t=86923 src=mcu type=0x01 len=16 data=aaa5232c00000000000000000000a026
WFR t=86928 src=bms type=0x02 len=129 data=d2037c0eed0eed0eee0eee0eee0eed0eee0eee0eec0eed0eee0eee0ef10ef10ef20ef00ef20ef20ef30ef30ef30ef30ef30ef30ef20ef30ef30ef30000000000000000003d0000000000000000000000000000042e752f02af0ef30eec003d003d00000157001c0001001d0000000100010ef00007000a00000000000000003305
WFI t=86976 a=-1484,-3926,236 g=0,-19,14
WFR t=86984 src=mcu type=0x01 len=16 data=aaa6000000000000000000000000b4ce
WFR t=86984 src=mcu type=0x01 len=16 data=aaa7000000000000000000000000b64f
WFI t=87004 a=-1447,-3917,232 g=-7,2,-15
WFR t=87023 src=mcu type=0x01 len=16 data=aaa801801b000000400052a8194013c9
WFR t=87043 src=mcu type=0x01 len=16 data=aaa9028288135c4488132400ec02f999
WFI t=87054 a=-1498,-3910,236 g=5,29,-32
WFR t=87064 src=mcu type=0x01 len=16 data=aaaa01180080000000000100feff467b
WFR t=87103 src=mcu type=0x01 len=16 data=aaab2e042f000000000000000000eb81
WFI t=87104 a=-1516,-3921,223 g=-1,-10,5
WFR t=87123 src=mcu type=0x01 len=16 data=aaac232c00000000000000000000bdef
WFI t=87154 a=-1465,-3932,236 g=-5,-28,17
WFR t=87163 src=mcu type=0x01 len=16 data=aaad0048005f00021000000100801d27
WFR t=87183 src=mcu type=0x01 len=16 data=aaae55f04b0b18000000803a40005cef
WFR t=87203 src=mcu type=0x01 len=16 data=aaaf08610005460c2f78a00f090076a9
WFI t=87204 a=-1479,-3926,246 g=-3,-11,-6
WFR t=87244 src=mcu type=0x01 len=16 data=aab001180080000000000000ffff608d
WFI t=87254 a=-1478,-3922,236 g=2,16,-8
WFR t=87263 src=mcu type=0x01 len=16 data=aab12e042f000000000000000000cd1b
WFR t=87303 src=mcu type=0x01 len=16 data=aab2232c0000000000000000000095f1
WFI t=87304 a=-1479,-3927,231 g=-5,10,-28
WFR t=87323 src=mcu type=0x01 len=16 data=aab3014a02050030000488001b007188
WFR t=87343 src=mcu type=0x01 len=16 data=aab400009f0ca90c9a0c540600001589
WFI t=87354 a=-1507,-3915,244 g=-5,6,-4
WFR t=87383 src=mcu type=0x01 len=16 data=aab51c00e8517918060ede0ab000735f
WFR t=87403 src=mcu type=0x01 len=16 data=aab6050804080080cb020122f13fc622
WFI t=87404 a=-1489,-3933,243 g=-6,-38,14
WFR t=87443 src=mcu type=0x01 len=16 data=aa8001180080000000000000ffff217d
WFI t=87454 a=-1476,-3921,237 g=-4,-7,6
WFR t=87463 src=mcu type=0x01 len=16 data=aa812e042f0000000000000000008ceb
WFR t=87503 src=mcu type=0x01 len=16 data=aa82232c00000000000000000000d401
WFI t=87504 a=-1488,-3924,235 g=-3,10,-18
WFR t=87523 src=mcu type=0x01 len=16 data=aa83000100011101b70111019f00058c
WFR t=87543 src=mcu type=0x01 len=16 data=aa840000090a10560001310051c45a55
WFI t=87554 a=-1489,-3913,239 g=1,0,-2
WFR t=87583 src=mcu type=0x01 len=16 data=aa8513088003e204080b1000507864d4
WFR t=87604 src=mcu type=0x01 len=16 data=aa868403f4010400a00f8813c003f9eb
WFI t=87604 a=-1461,-3919,241 g=4,-2,-6
WFR t=87644 src=mcu type=0x01 len=16 data=aa8701180080000000000000feff2baa
WFI t=87654 a=-1498,-3902,241 g=-6,12,-17
WFR t=87664 src=mcu type=0x01 len=16 data=aa882e042f0000000000000000009122
WFR t=87683 src=mcu type=0x01 len=16 data=aa89232c00000000000000000000ce8a
WFI t=87704 a=-1492,-3914,244 g=-1,-12,8
WFR t=87723 src=mcu type=0x01 len=16 data=aa8a480c1c0207284901230020001521
WFR t=87743 src=mcu type=0x01 len=16 data=aa8b40005c03474c775419031a0e80f3
WFI t=87754 a=-1485,-3916,244 g=-4,-17,6
WFR t=87783 src=mcu type=0x01 len=16 data=aa8c2225bf0420034006b80b3e02672c
WFR t=87803 src=mcu type=0x01 len=16 data=aa8d800c800000006c07102780008244
WFI t=87805 a=-1486,-3925,244 g=-1,4,-8
WFR t=87824 src=mcu type=0x01 len=16 data=aa8e01180080000000000000ffff37f3
WFI t=87854 a=-1487,-3919,237 g=-5,1,-12
WFR t=87863 src=mcu type=0x01 len=16 data=aa8f2e042f0000000000000000009a65
WFR t=87883 src=mcu type=0x01 len=16 data=aa90232c00000000000000000000edd3
WFI t=87904 a=-1482,-3925,242 g=-3,4,-8
WFR t=87923 src=mcu type=0x01 len=16 data=aa910b000f00465a667332000b9ed1a0
WFR t=87933 src=bms type=0x02 len=129 data=d2037c0eee0eed0eee0eee0eee0eed0eee0eee0eec0eed0eee0eee0ef10ef10ef20ef10ef20ef20ef30ef30ef30ef30ef30ef30ef20ef30ef30ef30000000000000000003d0000000000000000000000000000042e752f02af0ef30eec003d003d00000157001c0001001d0000000100010ef00007000a0000000000000000bcd1
WFR t=87943 src=mcu type=0x01 len=16 data=aa92000000000000000000000000fbba
WFI t=87954 a=-1486,-3925,229 g=-4,2,-13
WFR t=87983 src=mcu type=0x01 len=16 data=aa93d804480804242c01c003214fe1ad
WFR t=88003 src=mcu type=0x01 len=16 data=aa94f0f465fffffff8080d00412af645
WFI t=88005 a=-1496,-3914,236 g=-6,-15,2
WFR t=88024 src=mcu type=0x01 len=16 data=aa9501180080000000000000ffff13e8
WFI t=88054 a=-1475,-3929,241 g=-4,-9,7
WFR t=88063 src=mcu type=0x01 len=16 data=aa962e042f000000000000000000b93c
WFR t=88083 src=mcu type=0x01 len=16 data=aa97232c00000000000000000000e694
WFI t=88104 a=-1481,-3921,240 g=-6,5,-15
WFR t=88123 src=mcu type=0x01 len=16 data=aa9807010200000056117eea00007aa4
WFR t=88143 src=mcu type=0x01 len=16 data=aa991d00ab04a08c64502748395e1e28
WFI t=88154 a=-1499,-3913,236 g=-3,0,1
WFR t=88163 src=mcu type=0x01 len=16 data=aa9a646464625f5d5b5955010101d546
WFR t=88203 src=mcu type=0x01 len=16 data=aa9b0101010100000000fbfbecd30e91
WFI t=88205 a=-1481,-3918,235 g=1,-8,1
WFR t=88224 src=mcu type=0x01 len=16 data=aa9c01180080000000000100feff0e4d
WFI t=88254 a=-1487,-3935,243 g=-5,7,-14
WFR t=88264 src=mcu type=0x01 len=16 data=aa9d2e042f000000000000000000a3b7
WFR t=88283 src=mcu type=0x01 len=16 data=aa9e232c00000000000000000000fb5d
WFR t=88303 src=mcu type=0x01 len=16 data=aa9fb5a1b0bfd800000000000000dfe1
WFI t=88305 a=-1502,-3919,242 g=-3,3,-5
WFR t=88343 src=mcu type=0x01 len=16 data=aaa000000000020c000035006a00d1bd
WFI t=88354 a=-1474,-3927,245 g=3,-15,5
WFR t=88363 src=mcu type=0x01 len=16 data=aaa188044a5357583036323430360894
WFR t=88432 src=mcu type=0x01 len=16 data=aaa231344e4242463930333500005e71
WFR t=88432 src=mcu type=0x01 len=16 data=aaa301180080000000000100feff5bb2
WFI t=88494 a=-1501,-3918,246 g=-1,7,-14
WFI t=88561 a=-1500,-3914,253 g=-2,-16,5
WFR t=88561 src=mcu type=0x01 len=16 data=aaa42e042f000000000000000000ff8e
WFR t=88575 src=mcu type=0x01 len=16 data=aaa5232c00000000000000000000a026
WFR t=88613 src=mcu type=0x01 len=16 data=aaa6000000000000000000000000b4ce
WFR t=88614 src=mcu type=0x01 len=16 data=aaa7000000000000000000000000b64f
WFR t=88614 src=mcu type=0x01 len=16 data=aaa801801b000000400052a8194013c9
WFR t=88615 src=mcu type=0x01 len=16 data=aaa9028288135c4488132400ec02f999
WFI t=88616 a=-1461,-3929,243 g=-5,2,-10
WFI t=88620 a=-1497,-3916,237 g=-2,7,-14
WFR t=88626 src=mcu type=0x01 len=16 data=aaaa01180080000000000000feff4787
WFI t=88628 a=-1510,-3920,233 g=-2,4,-10
WFR t=88646 src=mcu type=0x01 len=16 data=aaab2e042f000000000000000000eb81
WFI t=88654 a=-1498,-3923,245 g=-3,-16,11
WFR t=88721 src=mcu type=0x01 len=16 data=aaac232c00000000000000000000bdef
WFR t=88721 src=mcu type=0x01 len=16 data=aaad0048005f00021000000100801d27
WFI t=88735 a=-1463,-3928,232 g=-7,-1,-8
WFR t=88743 src=mcu type=0x01 len=16 data=aaae55f04b0b18000000803a40005cef
WFI t=88754 a=-1494,-3926,229 g=-5,7,-18
WFR t=88763 src=mcu type=0x01 len=16 data=aaaf08610005460c2f78a00f090076a9
WFR t=88784 src=mcu type=0x01 len=16 data=aab001180080000000000000feff611d
WFI t=88804 a=-1499,-3918,230 g=-5,-5,-1
WFR t=88823 src=mcu type=0x01 len=16 data=aab12e042f000000000000000000cd1b
WFR t=88843 src=mcu type=0x01 len=16 data=aab2232c0000000000000000000095f1
WFI t=88854 a=-1472,-3909,248 g=2,-7,-6
WFR t=88883 src=mcu type=0x01 len=16 data=aab3014a02050030000488001b007188
WFR t=88903 src=mcu type=0x01 len=16 data=aab400009f0ca90c9a0c540600001589
WFI t=88905 a=-1486,-3938,233 g=-1,17,-17
WFR t=88923 src=mcu type=0x01 len=16 data=aab51c00e8517918060ed20ab000700f
WFI t=88954 a=-1508,-3913,233 g=-6,-25,-8
WFR t=88963 src=mcu type=0x01 len=16 data=aab6050804080080cb020122f13fc622
WFR t=88968 src=bms type=0x02 len=129 data=d2037c0eed0eed0eee0eed0eee0eed0eee0eee0eec0eed0eee0eee0ef10ef10ef20ef10ef20ef20ef30ef30ef20ef30ef30ef30ef10ef30ef30ef30000000000000000003d0000000000000000000000000000042e752f02af0ef30eed003d003d00000157001c0001001d0000000100010ef00006000a00000000000000001bf6
WFR t=88984 src=mcu type=0x01 len=16 data=aa8001180080000000000000ffff217d
WFI t=89004 a=-1478,-3921,234 g=-3,-32,24
WFR t=89023 src=mcu type=0x01 len=16 data=aa812e042f0000000000000000008ceb
WFR t=89043 src=mcu type=0x01 len=16 data=aa82232c00000000000000000000d401
WFI t=89054 a=-1437,-3926,237 g=-4,-7,-8
WFR t=89083 src=mcu type=0x01 len=16 data=aa83000100011101b70111019f00058c
WFR t=89103 src=mcu type=0x01 len=16 data=aa840000090a10560001310051c45a55
WFI t=89105 a=-1496,-3928,242 g=-3,36,-34
WFR t=89123 src=mcu type=0x01 len=16 data=aa8513088003e204080b1000507864d4
WFI t=89154 a=-1493,-3925,231 g=1,17,-13
WFR t=89163 src=mcu type=0x01 len=16 data=aa868403f4010400a00f8813c003f9eb
WFR t=89184 src=mcu type=0x01 len=16 data=aa8701180080000000000000ffff2a3a
WFI t=89204 a=-1482,-3946,245 g=2,7,3
WFR t=89224 src=mcu type=0x01 len=16 data=aa882e042f0000000000000000009122
WFR t=89243 src=mcu type=0x01 len=16 data=aa89232c00000000000000000000ce8a
WFI t=89254 a=-1485,-3928,229 g=-4,-6,3
WFR t=89264 src=mcu type=0x01 len=16 data=aa8a480c1c0207284901230020001521
WFR t=89303 src=mcu type=0x01 len=16 data=aa8b40005c03474c775419031a0e80f3
WFI t=89305 a=-1507,-3913,223 g=-2,-20,31
WFR t=89323 src=mcu type=0x01 len=16 data=aa8c2225bf0420034006b80b3e02672c
WFI t=89354 a=-1453,-3915,243 g=-4,-32,28
WFR t=89363 src=mcu type=0x01 len=16 data=aa8d800c800000006c07102780008244
WFR t=89384 src=mcu type=0x01 len=16 data=aa8e01180080000000000000feff3663
WFR t=89404 src=mcu type=0x01 len=16 data=aa8f2e042f0000000000000000009a65
WFI t=89405 a=-1410,-3936,231 g=3,42,-27
WFR t=89443 src=mcu type=0x01 len=16 data=aa90232c00000000000000000000edd3
WFI t=89454 a=-1557,-3954,173 g=14,97,-69
WFR t=89463 src=mcu type=0x01 len=16 data=aa910b000f00465a667332000b9ed1a0
WFR t=89503 src=mcu type=0x01 len=16 data=aa92000000000000000000000000fbba
WFI t=89505 a=-1451,-3891,198 g=0,49,-43
WFR t=89523 src=mcu type=0x01 len=16 data=aa93d804480804242c01c003214fe1ad
WFR t=89543 src=mcu type=0x01 len=16 data=aa94f0f465fffffff8080d00412af645
WFI t=89554 a=-1632,-3937,144 g=11,-31,-50
WFR t=89584 src=mcu type=0x01 len=16 data=aa9501180080000000000000feff1278
WFR t=89603 src=mcu type=0x01 len=16 data=aa962e042f000000000000000000b93c
WFI t=89605 a=-1576,-3898,280 g=3,-197,167
WFR t=89643 src=mcu type=0x01 len=16 data=aa97232c00000000000000000000e694
WFI t=89654 a=-1410,-4009,14 g=-28,9,-32
WFR t=89663 src=mcu type=0x01 len=16 data=aa9807010200000056117eea00007aa4
WFR t=89704 src=mcu type=0x01 len=16 data=aa991d00ab04a08c64502748395e1e28
WFI t=89705 a=-1447,-3862,243 g=-5,114,-91
WFR t=89723 src=mcu type=0x01 len=16 data=aa9a646464625f5d5b5955010101d546
WFR t=89743 src=mcu type=0x01 len=16 data=aa9b0101010100000000fbfbecd30e91
WFI t=89754 a=-1583,-3962,273 g=5,70,-36
WFR t=89784 src=mcu type=0x01 len=16 data=aa9c01180080000000000000ffff0e21
WFR t=89804 src=mcu type=0x01 len=16 data=aa9d2e042f000000000000000000a3b7
WFI t=89805 a=-1507,-3920,241 g=-17,-72,-1
WFR t=89843 src=mcu type=0x01 len=16 data=aa9e232c00000000000000000000fb5d
WFI t=89854 a=-1465,-3868,244 g=-1,-16,25
WFR t=89863 src=mcu type=0x01 len=16 data=aa9fb5a1b0bfd800000000000000dfe1
WFR t=89884 src=mcu type=0x01 len=16 data=aaa000000000020c000035006a00d1bd
WFI t=89904 a=-1491,-3900,230 g=-4,-32,16
WFR t=89923 src=mcu type=0x01 len=16 data=aaa188044a5357583036323430360894
WFR t=89943 src=mcu type=0x01 len=16 data=aaa231344e4242463930333500005e71
WFI t=89954 a=-1490,-3942,255 g=4,14,-1
WFR t=89974 src=bms type=0x02 len=129 data=d2037c0eed0eed0eee0eee0eed0eed0eee0eee0eec0eed0eee0eee0ef10ef10ef20ef10ef20ef20ef30ef30ef20ef30ef30ef30ef10ef30ef30ef30000000000000000003d0000000000000000000000000000042e752f02af0ef30eec003d003d00000157001c0001001d0000000100010ef00007000a00000000000000007881
WFR t=89984 src=mcu type=0x01 len=16 data=aaa301180080000000000000feff5a4e
WFR t=90004 src=mcu type=0x01 len=16 data=aaa42e042f000000000000000000ff8e
WFI t=90005 a=-1489,-3934,223 g=-3,67,-66
WFR t=90023 src=mcu type=0x01 len=16 data=aaa5232c00000000000000000000a026
WFI t=90054 a=-1577,-3900,247 g=-1,13,-25
WFR t=90063 src=mcu type=0x01 len=16 data=aaa6000000000000000000000000b4ce
WFR t=90083 src=mcu type=0x01 len=16 data=aaa7000000000000000000000000b64f
WFI t=90104 a=-1480,-3921,267 g=-7,-82,65
WFR t=90124 src=mcu type=0x01 len=16 data=aaa801801b000000400052a8194013c9
WFR t=90143 src=mcu type=0x01 len=16 data=aaa9028288135c4488132400ec02f999
WFI t=90154 a=-1431,-3935,249 g=1,-22,15
WFR t=90184 src=mcu type=0x01 len=16 data=aaaa01180080000000000000ffff4617
WFR t=90204 src=mcu type=0x01 len=16 data=aaab2e042f000000000000000000eb81
WFI t=90205 a=-1538,-3912,217 g=-9,10,-28
WFI t=90264 a=-1493,-3917,222 g=2,10,0
WFR t=90264 src=mcu type=0x01 len=16 data=aaac232c00000000000000000000bdef
WFR t=90264 src=mcu type=0x01 len=16 data=aaad0048005f00021000000100801d27
WFR t=90283 src=mcu type=0x01 len=16 data=aaae55f04b0b18000000803a40005cef
WFI t=90304 a=-1453,-3916,229 g=-1,38,-56
WFR t=90323 src=mcu type=0x01 len=16 data=aaaf08610005460c2f78a00f090076a9
WFR t=90344 src=mcu type=0x01 len=16 data=aab001180080000000000000feff611d
WFI t=90354 a=-1579,-3913,262 g=0,14,-13
WFR t=90364 src=mcu type=0x01 len=16 data=aab12e042f000000000000000000cd1b
WFR t=90436 src=mcu type=0x01 len=16 data=aab2232c0000000000000000000095f1
WFI t=90498 a=-1489,-3911,213 g=-1,-51,55
WFR t=90573 src=mcu type=0x01 len=16 data=aab3014a02050030000488001b007188
WFR t=90573 src=mcu type=0x01 len=16 data=aab400009f0ca90c9a0c540600001589
WFR t=90573 src=mcu type=0x01 len=16 data=aab51c00e8517918060ed20ab000700f
WFI t=90654 a=-1507,-3899,240 g=2,19,-12
WFR t=90668 src=mcu type=0x01 len=16 data=aab6050804080080cb020122f13fc622
WFR t=90669 src=mcu type=0x01 len=16 data=aa8001180080000000000000feff20ed
WFR t=90669 src=mcu type=0x01 len=16 data=aa812e042f0000000000000000008ceb
WFI t=90670 a=-1567,-3930,229 g=1,35,-33
WFR t=90671 src=mcu type=0x01 len=16 data=aa82232c00000000000000000000d401
WFR t=90671 src=mcu type=0x01 len=16 data=aa83000100011101b70111019f00058c
WFR t=90671 src=mcu type=0x01 len=16 data=aa840000090a10560001310051c45a55
WFI t=90671 a=-1580,-3908,241 g=-3,-8,-7
WFI t=90674 a=-1581,-3908,241 g=-5,-21,4
WFI t=90677 a=-1581,-3908,241 g=-5,-21,4
WFR t=90683 src=mcu type=0x01 len=16 data=aa8513088003e204080b1000507864d4
WFR t=90703 src=mcu type=0x01 len=16 data=aa868403f4010400a00f8813c003f9eb
WFI t=90705 a=-1530,-3921,254 g=-9,-80,66
WFR t=90744 src=mcu type=0x01 len=16 data=aa8701180080000000000000ffff2a3a
WFI t=90754 a=-1393,-3918,250 g=3,-17,27
WFR t=90764 src=mcu type=0x01 len=16 data=aa882e042f0000000000000000009122
WFR t=90803 src=mcu type=0x01 len=16 data=aa89232c00000000000000000000ce8a
WFI t=90804 a=-1500,-3924,224 g=-3,68,-78
WFR t=90823 src=mcu type=0x01 len=16 data=aa8a480c1c0207284901230020001521
WFR t=90843 src=mcu type=0x01 len=16 data=aa8b40005c03474c775419031a0e80f3
WFI t=90854 a=-1591,-3915,205 g=6,22,-8
WFR t=90883 src=mcu type=0x01 len=16 data=aa8c2225bf0420034006b80b3e02672c
WFR t=90904 src=mcu type=0x01 len=16 data=aa8d800c800000006c07102780008244
WFI t=90904 a=-1489,-3916,249 g=-5,-47,40
WFR t=90944 src=mcu type=0x01 len=16 data=aa8e01180080000000000000feff3663
WFI t=90954 a=-1457,-3908,257 g=-8,-12,4
WFR t=90964 src=mcu type=0x01 len=16 data=aa8f2e042f0000000000000000009a65
WFR t=90983 src=mcu type=0x01 len=16 data=aa90232c00000000000000000000edd3
WFR t=90993 src=bms type=0x02 len=129 data=d2037c0eee0eed0eee0eed0eee0eed0eee0eee0eec0eed0eee0eee0ef10ef20ef20ef10ef20ef20ef30ef20ef30ef30ef30ef30ef10ef30ef30ef30000000000000000003d0000000000000000000000000000042e752f02af0ef40eec003d003d00000157001c0001001d0000000100010ef00008000a0000000000000000273b
WFI t=91004 a=-1516,-3909,246 g=-7,-15,-2
WFR t=91024 src=mcu type=0x01 len=16 data=aa910b000f00465a667332000b9ed1a0
WFR t=91043 src=mcu type=0x01 len=16 data=aa92000000000000000000000000fbba
WFI t=91054 a=-1479,-3913,225 g=1,16,-14
WFR t=91083 src=mcu type=0x01 len=16 data=aa93d804480804242c01c003214fe1ad
WFR t=91104 src=mcu type=0x01 len=16 data=aa94f0f465fffffff8080d00412af645
WFI t=91104 a=-1508,-3915,216 g=-4,54,-58
WFR t=91124 src=mcu type=0x01 len=16 data=aa9501180080000000000000ffff13e8
WFI t=91154 a=-1545,-3914,249 g=1,17,-3
WFR t=91164 src=mcu type=0x01 len=16 data=aa962e042f000000000000000000b93c
WFR t=91183 src=mcu type=0x01 len=16 data=aa97232c00000000000000000000e694
WFI t=91204 a=-1495,-3903,261 g=-6,-72,58
WFR t=91223 src=mcu type=0x01 len=16 data=aa9807010200000056117eea00007aa4
WFR t=91243 src=mcu type=0x01 len=16 data=aa991d00ab04a08c64502748395e1e28
WFI t=91254 a=-1449,-3920,226 g=-1,-43,28
WFR t=91263 src=mcu type=0x01 len=16 data=aa9a646464625f5d5b5955010101d546
WFR t=91304 src=mcu type=0x01 len=16 data=aa9b0101010100000000fbfbecd30e91
WFI t=91304 a=-1493,-3902,222 g=4,32,-29
WFR t=91324 src=mcu type=0x01 len=16 data=aa9c01180080000000000000ffff0e21
WFI t=91354 a=-1507,-3917,224 g=5,57,-46
WFR t=91364 src=mcu type=0x01 len=16 data=aa9d2e042f000000000000000000a3b7
WFR t=91384 src=mcu type=0x01 len=16 data=aa9e232c00000000000000000000fb5d
WFI t=91404 a=-1538,-3912,252 g=-3,-3,-15
WFR t=91423 src=mcu type=0x01 len=16 data=aa9fb5a1b0bfd800000000000000dfe1
WFR t=91443 src=mcu type=0x01 len=16 data=aaa000000000020c000035006a00d1bd
WFI t=91454 a=-1525,-3922,254 g=-8,-70,41
WFR t=91463 src=mcu type=0x01 len=16 data=aaa188044a5357583036323430360894
WFR t=91504 src=mcu type=0x01 len=16 data=aaa231344e4242463930333500005e71
WFI t=91504 a=-1490,-3909,235 g=-15,-77,40
WFR t=91524 src=mcu type=0x01 len=16 data=aaa301180080000000000000ffff5bde
WFI t=91554 a=-1460,-3911,223 g=5,32,-19
WFR t=91564 src=mcu type=0x01 len=16 data=aaa42e042f000000000000000000ff8e
WFT t=91578 batt_mv=4220 rssi_mcu=-83 rssi_bms=-80 mcu=3251 bms=72 dropped=0
WFR t=91583 src=mcu type=0x01 len=16 data=aaa5232c00000000000000000000a026
WFR t=91603 src=mcu type=0x01 len=16 data=aaa6000000000000000000000000b4ce
WFI t=91604 a=-1502,-3911,237 g=0,56,-73
WFR t=91643 src=mcu type=0x01 len=16 data=aaa7000000000000000000000000b64f
WFI t=91654 a=-1532,-3914,239 g=-5,20,-17
WFR t=91663 src=mcu type=0x01 len=16 data=aaa801801b000000400052a8194013c9
WFR t=91703 src=mcu type=0x01 len=16 data=aaa9028288135c4488132400ec02f999
WFI t=91704 a=-1509,-3917,238 g=-11,-50,16
WFR t=91724 src=mcu type=0x01 len=16 data=aaaa01180080000000000000feff4787
WFR t=91744 src=mcu type=0x01 len=16 data=aaab2e042f000000000000000000eb81
WFI t=91754 a=-1507,-3927,236 g=-13,-54,12
WFR t=91783 src=mcu type=0x01 len=16 data=aaac232c00000000000000000000bdef
WFR t=91804 src=mcu type=0x01 len=16 data=aaad0048005f00021000000100801d27
WFI t=91804 a=-1506,-3906,247 g=-8,-41,13
WFR t=91843 src=mcu type=0x01 len=16 data=aaae55f04b0b18000000803a40005cef
WFI t=91854 a=-1447,-3914,257 g=4,20,-20
WFR t=91864 src=mcu type=0x01 len=16 data=aaaf08610005460c2f78a00f090076a9
WFR t=91904 src=mcu type=0x01 len=16 data=aab001180080000000000000feff611d
WFI t=91904 a=-1480,-3911,248 g=-3,73,-93
WFR t=91924 src=mcu type=0x01 len=16 data=aab12e042f000000000000000000cd1b
WFR t=91943 src=mcu type=0x01 len=16 data=aab2232c0000000000000000000095f1
WFI t=91954 a=-1582,-3921,226 g=7,41,-26
WFR t=91984 src=mcu type=0x01 len=16 data=aab3014a02050030000488001b007188
WFR t=91999 src=bms type=0x02 len=129 data=d2037c0eee0eed0eee0eed0eee0eed0eee0eee0eec0eed0eee0eee0ef10ef10ef20ef10ef20ef20ef30ef30ef20ef30ef30ef30ef20ef30ef30ef30000000000000000003d0000000000000000000000000000042e752f02af0ef30eec003d003d00000157001c0001001d0000000100010ef00007000a0000000000000000cbcb
WFR t=92003 src=mcu type=0x01 len=16 data=aab400009f0ca90c9a0c540600001589
WFI t=92004 a=-1552,-3911,222 g=-4,-87,77
WFR t=92044 src=mcu type=0x01 len=16 data=aab51c00e8517918060e050bb000187b
WFI t=92054 a=-1445,-3891,248 g=-7,-89,94
WFR t=92063 src=mcu type=0x01 len=16 data=aab6050804080080cb020122f13fc622
WFR t=92084 src=mcu type=0x01 len=16 data=aa8001180080000000000000ffff217d
WFI t=92104 a=-1405,-3893,265 g=-11,-8,-2
WFR t=92124 src=mcu type=0x01 len=16 data=aa812e042f0000000000000000008ceb
WFR t=92144 src=mcu type=0x01 len=16 data=aa82232c00000000000000000000d401
WFI t=92154 a=-1464,-3910,227 g=1,90,-87
WFR t=92184 src=mcu type=0x01 len=16 data=aa83000100011101b70111019f00058c
WFR t=92203 src=mcu type=0x01 len=16 data=aa840000090a10560001310051c45a55
WFI t=92204 a=-1544,-3922,230 g=3,92,-80
WFR t=92224 src=mcu type=0x01 len=16 data=aa8513088003e204080b1000507864d4
WFI t=92254 a=-1580,-3905,243 g=5,30,-16
WFR t=92263 src=mcu type=0x01 len=16 data=aa868403f4010400a00f8813c003f9eb
WFR t=92284 src=mcu type=0x01 len=16 data=aa870118008000000000fffffeff2b8e
WFI t=92304 a=-1566,-3901,238 g=-12,-73,56
WFR t=92324 src=mcu type=0x01 len=16 data=aa882e042f0000000000000000009122
WFR t=92344 src=mcu type=0x01 len=16 data=aa89232c00000000000000000000ce8a
WFI t=92354 a=-1461,-3909,242 g=-6,-91,74
WFR t=92363 src=mcu type=0x01 len=16 data=aa8a480c1c0207284901230020001521
WFR t=92404 src=mcu type=0x01 len=16 data=aa8b40005c03474c775419031a0e80f3
WFI t=92404 a=-1439,-3914,229 g=-8,-18,0
WFR t=92525 src=mcu type=0x01 len=16 data=aa8c2225bf0420034006b80b3e02672c
WFR t=92526 src=mcu type=0x01 len=16 data=aa8d800c800000006c07102780008244
WFR t=92526 src=mcu type=0x01 len=16 data=aa8e01180080000000000000ffff37f3
WFI t=92526 a=-1535,-3924,227 g=3,67,-51
WFI t=92528 a=-1554,-3911,246 g=0,34,-29
WFR t=92544 src=mcu type=0x01 len=16 data=aa8f2e042f0000000000000000009a65
WFR t=92545 src=mcu type=0x01 len=16 data=aa90232c00000000000000000000edd3
WFI t=92554 a=-1554,-3922,262 g=-8,-16,7
WFR t=92564 src=mcu type=0x01 len=16 data=aa910b000f00465a667332000b9ed1a0
WFR t=92604 src=mcu type=0x01 len=16 data=aa92000000000000000000000000fbba
WFI t=92604 a=-1493,-3924,254 g=-7,-86,61
WFR t=92623 src=mcu type=0x01 len=16 data=aa93d804480804242c01c003214fe1ad
WFI t=92654 a=-1448,-3933,233 g=-6,-44,19
WFR t=92664 src=mcu type=0x01 len=16 data=aa94f0f465fffffff8080d00412af645
WFR t=92684 src=mcu type=0x01 len=16 data=aa9501180080000000000000ffff13e8
WFR t=92704 src=mcu type=0x01 len=16 data=aa962e042f000000000000000000b93c
WFI t=92704 a=-1474,-3925,227 g=1,58,-47
WFR t=92743 src=mcu type=0x01 len=16 data=aa97232c00000000000000000000e694
WFI t=92755 a=-1529,-3908,238 g=0,46,-47
WFR t=92764 src=mcu type=0x01 len=16 data=aa9807010200000056117eea00007aa4
WFR t=92804 src=mcu type=0x01 len=16 data=aa991d00ab04a08c64502748395e1e28
WFI t=92804 a=-1535,-3920,253 g=-6,-31,9
WFR t=92824 src=mcu type=0x01 len=16 data=aa9a646464625f5d5b5955010101d546
WFR t=92843 src=mcu type=0x01 len=16 data=aa9b0101010100000000fbfbecd30e91
WFI t=92854 a=-1487,-3924,240 g=-9,-54,37
WFR t=92884 src=mcu type=0x01 len=16 data=aa9c01180080000000000000ffff0e21
WFR t=92904 src=mcu type=0x01 len=16 data=aa9d2e042f000000000000000000a3b7
WFI t=92904 a=-1468,-3909,254 g=3,-5,3
WFR t=92944 src=mcu type=0x01 len=16 data=aa9e232c00000000000000000000fb5d
WFI t=92954 a=-1493,-3907,251 g=8,48,-22
WFR t=92964 src=mcu type=0x01 len=16 data=aa9fb5a1b0bfd800000000000000dfe1
WFR t=92989 src=bms type=0x02 len=129 data=d2037c0eee0eed0eee0eed0eed0eed0eee0eee0eec0eed0eee0eee0ef10ef20ef20ef10ef20ef20ef30ef30ef20ef30ef30ef30ef10ef30ef30ef30000000000000000003d0000000000000000000000000000042e752f02af0ef30eec003d003d00000157001c0001001d0000000100010ef00007000a0000000000000000ef76
WFR t=93004 src=mcu type=0x01 len=16 data=aaa000000000020c000035006a00d1bd
WFI t=93004 a=-1520,-3918,240 g=2,38,-31
WFR t=93023 src=mcu type=0x01 len=16 data=aaa188044a5357583036323430360894
WFR t=93043 src=mcu type=0x01 len=16 data=aaa231344e4242463930333500005e71
WFI t=93054 a=-1525,-3903,225 g=-5,-8,3
WFR t=93084 src=mcu type=0x01 len=16 data=aaa301180080000000000000ffff5bde
WFR t=93104 src=mcu type=0x01 len=16 data=aaa42e042f000000000000000000ff8e
WFI t=93104 a=-1510,-3912,241 g=-6,-44,37
WFR t=93143 src=mcu type=0x01 len=16 data=aaa5232c00000000000000000000a026
WFI t=93154 a=-1462,-3916,250 g=-5,-14,8
WFR t=93164 src=mcu type=0x01 len=16 data=aaa6000000000000000000000000b4ce
WFR t=93184 src=mcu type=0x01 len=16 data=aaa7000000000000000000000000b64f
WFI t=93204 a=-1479,-3912,252 g=0,26,-27
WFR t=93224 src=mcu type=0x01 len=16 data=aaa801801b000000400052a8194013c9
WFR t=93244 src=mcu type=0x01 len=16 data=aaa9028288135c4488132400ec02f999
WFI t=93254 a=-1518,-3901,236 g=-10,-3,-25
WFR t=93284 src=mcu type=0x01 len=16 data=aaaa01180080000000000000ffff4617
WFR t=93304 src=mcu type=0x01 len=16 data=aaab2e042f000000000000000000eb81
WFI t=93304 a=-1518,-3911,237 g=-8,-14,-8
WFR t=93323 src=mcu type=0x01 len=16 data=aaac232c00000000000000000000bdef
WFI t=93369 a=-1504,-3911,244 g=-4,14,-9
WFR t=93369 src=mcu type=0x01 len=16 data=aaad0048005f00021000000100801d27
WFR t=93384 src=mcu type=0x01 len=16 data=aaae55f04b0b18000000803a40005cef
WFI t=93404 a=-1527,-3917,251 g=-2,2,0
WFR t=93424 src=mcu type=0x01 len=16 data=aaaf08610005460c2f78a00f090076a9
WFR t=93444 src=mcu type=0x01 len=16 data=aab001180080000000000000ffff608d
WFI t=93454 a=-1502,-3917,242 g=-5,-40,22
WFR t=93464 src=mcu type=0x01 len=16 data=aab12e042f000000000000000000cd1b
WFR t=93504 src=mcu type=0x01 len=16 data=aab2232c0000000000000000000095f1
WFI t=93504 a=-1475,-3905,230 g=-8,-9,1
WFR t=93524 src=mcu type=0x01 len=16 data=aab3014a02050030000488011b002048
WFI t=93554 a=-1482,-3917,234 g=-2,31,-35
WFR t=93564 src=mcu type=0x01 len=16 data=aab400009f0ca90c9a0c540600001589
WFR t=93584 src=mcu type=0x01 len=16 data=aab51c00e8517918060eff0ab0007963
WFI t=93604 a=-1520,-3921,252 g=5,40,-23
WFR t=93624 src=mcu type=0x01 len=16 data=aab6050804080080cb020122f13fc622
WFR t=93644 src=mcu type=0x01 len=16 data=aa8001180080000000000000ffff217d
WFI t=93654 a=-1514,-3917,250 g=-5,-26,10
WFR t=93664 src=mcu type=0x01 len=16 data=aa812e042f0000000000000000008ceb
WFR t=93704 src=mcu type=0x01 len=16 data=aa82232c00000000000000000000d401
WFI t=93704 a=-1502,-3921,236 g=-7,-44,35
WFR t=93724 src=mcu type=0x01 len=16 data=aa83000100011101b70111019f00058c
WFI t=93754 a=-1489,-3912,223 g=-8,-22,0
WFR t=93764 src=mcu type=0x01 len=16 data=aa840000090a10560001310051c45a55
WFR t=93784 src=mcu type=0x01 len=16 data=aa8513088003e204080b1000507864d4
WFR t=93804 src=mcu type=0x01 len=16 data=aa868403f4010400a00f8813c003f9eb
WFI t=93804 a=-1489,-3929,235 g=4,40,-23
WFR t=93844 src=mcu type=0x01 len=16 data=aa8701180080000000000000ffff2a3a
WFI t=93854 a=-1497,-3907,239 g=3,39,-42
WFR t=93864 src=mcu type=0x01 len=16 data=aa882e042f0000000000000000009122
WFR t=93904 src=mcu type=0x01 len=16 data=aa89232c00000000000000000000ce8a
WFI t=93904 a=-1541,-3897,244 g=-1,-1,-3
WFR t=93924 src=mcu type=0x01 len=16 data=aa8a480c1c0207284901230020001521
WFR t=93944 src=mcu type=0x01 len=16 data=aa8b40005c03474c775419031a0e80f3
WFI t=93954 a=-1508,-3920,241 g=-9,-54,40
WFR t=93984 src=mcu type=0x01 len=16 data=aa8c2225bf0420034006b80b3e02672c
WFR t=93994 src=bms type=0x02 len=129 data=d2037c0eed0eed0eee0eee0eee0eed0eee0eee0eec0eed0eee0eee0ef10ef10ef20ef00ef20ef20ef30ef30ef20ef30ef30ef30ef20ef30ef30ef30000000000000000003d0000000000000000000000000000042e752f02af0ef30eec003d003d00000157001c0001001d0000000100010ef00007000a000000000000000001db
WFR t=94004 src=mcu type=0x01 len=16 data=aa8d800c800000006c07102780008244
WFI t=94004 a=-1467,-3923,236 g=-4,-26,14
WFR t=94044 src=mcu type=0x01 len=16 data=aa8e01180080000000000100feff379f
WFI t=94054 a=-1497,-3924,252 g=0,18,-18
WFR t=94084 src=mcu type=0x01 len=16 data=aa8f2e042f0000000000000000009a65
WFR t=94104 src=mcu type=0x01 len=16 data=aa90232c00000000000000000000edd3
WFI t=94104 a=-1510,-3924,241 g=-4,25,-32
WFR t=94124 src=mcu type=0x01 len=16 data=aa910b000f00465a667332000b9ed1a0
WFR t=94144 src=mcu type=0x01 len=16 data=aa92000000000000000000000000fbba
WFI t=94154 a=-1518,-3901,237 g=-7,7,-22
WFR t=94184 src=mcu type=0x01 len=16 data=aa93d804480804242c01c003214fe1ad
WFI t=94204 a=-1532,-3917,239 g=-5,-6,4
WFR t=94204 src=mcu type=0x01 len=16 data=aa94f0f465fffffff8080d00412af645
WFR t=94244 src=mcu type=0x01 len=16 data=aa9501180080000000000000ffff13e8
WFI t=94254 a=-1511,-3914,254 g=-6,-33,22
WFR t=94264 src=mcu type=0x01 len=16 data=aa962e042f000000000000000000b93c
WFR t=94284 src=mcu type=0x01 len=16 data=aa97232c00000000000000000000e694
WFI t=94304 a=-1472,-3918,262 g=-1,-16,17
WFR t=94324 src=mcu type=0x01 len=16 data=aa9807010200000056117eea00007aa4
WFR t=94344 src=mcu type=0x01 len=16 data=aa991d00ab04a08c64502748395e1e28
WFI t=94354 a=-1485,-3902,242 g=-4,15,-25
WFR t=94384 src=mcu type=0x01 len=16 data=aa9a646464625f5d5b5955010101d546
WFR t=94404 src=mcu type=0x01 len=16 data=aa9b0101010100000000fbfbecd30e91
WFI t=94404 a=-1530,-3917,229 g=1,17,-19
WFR t=94442 src=mcu type=0x01 len=16 data=aa9c01180080000000000000ffff0e21
WFR t=94570 src=mcu type=0x01 len=16 data=aa9d2e042f000000000000000000a3b7
WFR t=94570 src=mcu type=0x01 len=16 data=aa9e232c00000000000000000000fb5d
WFR t=94584 src=mcu type=0x01 len=16 data=aa9fb5a1b0bfd800000000000000dfe1
WFI t=94649 a=-1489,-3917,244 g=-2,-28,22
WFR t=94649 src=mcu type=0x01 len=16 data=aaa000000000020c000035006a00d1bd
WFR t=94664 src=mcu type=0x01 len=16 data=aaa188044a5357583036323430360894
WFR t=94664 src=mcu type=0x01 len=16 data=aaa231344e4242463930333500005e71
WFR t=94664 src=mcu type=0x01 len=16 data=aaa301180080000000000000feff5a4e
WFI t=94665 a=-1513,-3922,236 g=-3,37,-33
WFR t=94665 src=mcu type=0x01 len=16 data=aaa42e042f000000000000000000ff8e
WFI t=94667 a=-1511,-3920,231 g=0,42,-31
WFI t=94669 a=-1523,-3909,231 g=3,40,-28
WFI t=94671 a=-1523,-3909,231 g=3,40,-28
WFR t=94684 src=mcu type=0x01 len=16 data=aaa5232c00000000000000000000a026
WFI t=94704 a=-1517,-3913,235 g=-2,7,-9
WFR t=94724 src=mcu type=0x01 len=16 data=aaa6000000000000000000000000b4ce
WFR t=94744 src=mcu type=0x01 len=16 data=aaa7000000000000000000000000b64f
WFI t=94754 a=-1507,-3910,250 g=-9,-35,18
WFR t=94764 src=mcu type=0x01 len=16 data=aaa801801b000000400052a8194013c9
WFR t=94804 src=mcu type=0x01 len=16 data=aaa9028288135c4488132400ec02f999
WFI t=94804 a=-1479,-3901,242 g=-3,-18,12
WFR t=94824 src=mcu type=0x01 len=16 data=aaaa01180080000000000000ffff4617
WFI t=94854 a=-1494,-3903,243 g=-5,7,-15
WFR t=94864 src=mcu type=0x01 len=16 data=aaab2e042f000000000000000000eb81
WFR t=94884 src=mcu type=0x01 len=16 data=aaac232c00000000000000000000bdef
WFR t=94904 src=mcu type=0x01 len=16 data=aaad0048005f00021000000100801d27
WFI t=94904 a=-1502,-3907,241 g=0,19,-16
WFR t=94944 src=mcu type=0x01 len=16 data=aaae55f04b0b18000000803a40005cef
WFI t=94954 a=-1500,-3917,247 g=-5,10,-19
WFR t=94964 src=mcu type=0x01 len=16 data=aaaf08610005460c2f78a00f090076a9
WFR t=95004 src=mcu type=0x01 len=16 data=aab001180080000000000100feff60e1
WFI t=95004 a=-1530,-3913,240 g=-3,-15,4
WFR t=95024 src=mcu type=0x01 len=16 data=aab12e042f000000000000000000cd1b
WFR t=95044 src=mcu type=0x01 len=16 data=aab2232c0000000000000000000095f1
WFI t=95054 a=-1497,-3910,238 g=-5,-29,19
WFR t=95074 src=bms type=0x02 len=129 data=d2037c0eee0eed0eee0eed0eee0eed0eee0eee0eec0eed0eee0eee0ef10ef10ef10ef10ef20ef20ef30ef30ef30ef30ef30ef30ef20ef30ef30ef30000000000000000003d0000000000000000000000000000042e752f02af0ef30eec003d003d00000157001c0001001d0000000100010ef00007000a000000000000000095a1
WFR t=95084 src=mcu type=0x01 len=16 data=aab3014a02050030000488001b007188
WFR t=95104 src=mcu type=0x01 len=16 data=aab400009f0ca90c9a0c540600001589
WFI t=95104 a=-1484,-3908,224 g=-2,-8,-1
WFR t=95144 src=mcu type=0x01 len=16 data=aab51c00e8517918060ebc0ab0006ce7
WFI t=95154 a=-1506,-3911,240 g=1,7,-13
WFR t=95164 src=mcu type=0x01 len=16 data=aab6050804080080cb020122f13fc622
WFR t=95184 src=mcu type=0x01 len=16 data=aa8001180080000000000000feff20ed
WFI t=95204 a=-1496,-3915,249 g=-3,6,-11
WFR t=95224 src=mcu type=0x01 len=16 data=aa812e042f0000000000000000008ceb
WFR t=95244 src=mcu type=0x01 len=16 data=aa82232c00000000000000000000d401
WFI t=95254 a=-1511,-3928,258 g=-1,12,-17
WFR t=95284 src=mcu type=0x01 len=16 data=aa83000100011101b70111019f00058c
WFR t=95304 src=mcu type=0x01 len=16 data=aa840000090a10560001310051c45a55
WFI t=95304 a=-1521,-3919,232 g=1,1,0
WFR t=95344 src=mcu type=0x01 len=16 data=aa8513088003e204080b1000507864d4
WFI t=95354 a=-1503,-3912,248 g=-4,-24,15
WFR t=95364 src=mcu type=0x01 len=16 data=aa868403f4010400a00f8813c003f9eb
WFI t=95404 a=-1496,-3921,254 g=-7,-17,6
WFR t=95404 src=mcu type=0x01 len=16 data=aa8701180080000000000000feff2baa
WFR t=95424 src=mcu type=0x01 len=16 data=aa882e042f0000000000000000009122
WFR t=95444 src=mcu type=0x01 len=16 data=aa89232c00000000000000000000ce8a
WFI t=95454 a=-1492,-3911,244 g=-1,1,-11
WFR t=95484 src=mcu type=0x01 len=16 data=aa8a480c1c0207284901230020001521
WFI t=95504 a=-1506,-3906,238 g=-3,18,-23
WFR t=95504 src=mcu type=0x01 len=16 data=aa8b40005c03474c775419031a0e80f3
WFR t=95524 src=mcu type=0x01 len=16 data=aa8c2225bf0420034006b80b3e02672c
WFI t=95554 a=-1520,-3906,238 g=-5,16,-17
WFR t=95564 src=mcu type=0x01 len=16 data=aa8d800c800000006c07102780008244
WFR t=95584 src=mcu type=0x01 len=16 data=aa8e01180080000000000000feff3663
WFI t=95604 a=-1515,-3916,252 g=-9,-17,5
WFR t=95624 src=mcu type=0x01 len=16 data=aa8f2e042f0000000000000000009a65
WFR t=95644 src=mcu type=0x01 len=16 data=aa90232c00000000000000000000edd3
WFI t=95654 a=-1499,-3923,234 g=-5,-34,16
WFR t=95664 src=mcu type=0x01 len=16 data=aa910b000f00465a667332000b9ed1a0
WFI t=95704 a=-1485,-3915,235 g=-4,-4,-3
WFR t=95704 src=mcu type=0x01 len=16 data=aa92000000000000000000000000fbba
WFR t=95724 src=mcu type=0x01 len=16 data=aa93d804480804242c01c003214fe1ad
WFI t=95754 a=-1496,-3908,246 g=-6,20,-25
WFR t=95764 src=mcu type=0x01 len=16 data=aa94f0f465fffffff8080d00412af645
WFR t=95784 src=mcu type=0x01 len=16 data=aa9501180080000000000000ffff13e8
WFI t=95804 a=-1524,-3912,265 g=-1,20,-20
WFR t=95824 src=mcu type=0x01 len=16 data=aa962e042f000000000000000000b93c
WFR t=95844 src=mcu type=0x01 len=16 data=aa97232c00000000000000000000e694
WFI t=95854 a=-1517,-3910,237 g=-6,-17,5
WFR t=95864 src=mcu type=0x01 len=16 data=aa9807010200000056117eea00007aa4
WFR t=95904 src=mcu type=0x01 len=16 data=aa991d00ab04a08c64502748395e1e28
WFI t=95904 a=-1494,-3913,229 g=-3,-25,20
WFR t=95924 src=mcu type=0x01 len=16 data=aa9a646464625f5d5b5955010101d546
WFI t=95954 a=-1500,-3914,243 g=-2,-3,-4
WFR t=95964 src=mcu type=0x01 len=16 data=aa9b0101010100000000fbfbecd30e91
WFR t=95984 src=mcu type=0x01 len=16 data=aa9c01180080000000000000ffff0e21
WFI t=96004 a=-1505,-3915,248 g=0,13,-13
WFR t=96004 src=mcu type=0x01 len=16 data=aa9d2e042f000000000000000000a3b7
WFR t=96044 src=mcu type=0x01 len=16 data=aa9e232c00000000000000000000fb5d
WFI t=96054 a=-1506,-3918,253 g=-6,8,-17
WFR t=96064 src=mcu type=0x01 len=16 data=aa9fb5a1b0bfd800000000000000dfe1
WFR t=96094 src=bms type=0x02 len=129 data=d2037c0eee0eed0eee0eee0eee0eed0eee0eee0eed0eed0eee0eee0ef10ef10ef20ef10ef20ef20ef30ef20ef20ef30ef30ef30ef10ef30ef20ef30000000000000000003d0000000000000000000000000000042e752f02af0ef30eed003d003d00000157001c0001001d0000000100010ef00006000a00000000000000004093
WFR t=96104 src=mcu type=0x01 len=16 data=aaa000000000020c000035006a00d1bd
WFI t=96104 a=-1511,-3920,240 g=-2,7,-11
WFR t=96124 src=mcu type=0x01 len=16 data=aaa188044a5357583036323430360894
WFR t=96144 src=mcu type=0x01 len=16 data=aaa231344e4242463930333500005e71
WFI t=96154 a=-1504,-3909,239 g=-5,-20,10
WFR t=96184 src=mcu type=0x01 len=16 data=aaa301180080000000000100feff5bb2
WFR t=96204 src=mcu type=0x01 len=16 data=aaa42e042f000000000000000000ff8e
WFI t=96204 a=-1499,-3907,242 g=-3,-22,16
WFR t=96244 src=mcu type=0x01 len=16 data=aaa5232c00000000000000000000a026
WFI t=96254 a=-1478,-3909,240 g=-4,6,-11
WFR t=96284 src=mcu type=0x01 len=16 data=aaa6000000000000000000000000b4ce
WFR t=96284 src=mcu type=0x01 len=16 data=aaa7000000000000000000000000b64f
WFI t=96304 a=-1506,-3909,237 g=3,12,-19
WFR t=96324 src=mcu type=0x01 len=16 data=aaa801801b000000400052a8194013c9
WFR t=96344 src=mcu type=0x01 len=16 data=aaa9028288135c4488132400ec02f999
WFI t=96354 a=-1517,-3903,241 g=-1,3,-10
WFR t=96384 src=mcu type=0x01 len=16 data=aaaa01180080000000000000ffff4617
WFR t=96404 src=mcu type=0x01 len=16 data=aaab2e042f000000000000000000eb81
WFI t=96404 a=-1506,-3920,239 g=-3,3,-6
WFI t=96527 a=-1506,-3913,258 g=-4,-20,8
WFR t=96542 src=mcu type=0x01 len=16 data=aaac232c00000000000000000000bdef
WFR t=96542 src=mcu type=0x01 len=16 data=aaad0048005f00021000000100801d27
WFR t=96542 src=mcu type=0x01 len=16 data=aaae55f04b0b18000000803a40005cef
WFI t=96543 a=-1496,-3915,252 g=-6,-10,-1
WFR t=96543 src=mcu type=0x01 len=16 data=aaaf08610005460c2f78a00f090076a9
WFR t=96544 src=mcu type=0x01 len=16 data=aab001180080000000000000feff611d
WFI t=96554 a=-1495,-3908,251 g=-2,7,-11
WFR t=96596 src=mcu type=0x01 len=16 data=aab12e042f000000000000000000cd1b
WFR t=96606 src=mcu type=0x01 len=16 data=aab2232c0000000000000000000095f1
WFI t=96608 a=-1507,-3913,230 g=-5,24,-21
WFR t=96624 src=mcu type=0x01 len=16 data=aab3014a02050030000488001b007188
WFI t=96654 a=-1530,-3910,244 g=-1,-7,-3
WFT t=96659 batt_mv=4236 rssi_mcu=-73 rssi_bms=-80 mcu=3431 bms=77 dropped=0
WFR t=96664 src=mcu type=0x01 len=16 data=aab400009f0ca90c9a0c540600001589
WFR t=96684 src=mcu type=0x01 len=16 data=aab51c00e8517918060ebc0ab0006ce7
WFI t=96704 a=-1499,-3923,237 g=-5,-25,17
WFR t=96724 src=mcu type=0x01 len=16 data=aab6050804080080cb020122f13fc622
WFR t=96744 src=mcu type=0x01 len=16 data=aa8001180080000000000000feff20ed
WFI t=96754 a=-1482,-3909,258 g=-3,-13,0
WFR t=96764 src=mcu type=0x01 len=16 data=aa812e042f0000000000000000008ceb
WFR t=96804 src=mcu type=0x01 len=16 data=aa82232c00000000000000000000d401
WFI t=96804 a=-1494,-3910,241 g=-1,14,-14
WFR t=96824 src=mcu type=0x01 len=16 data=aa83000100011101b70111019f00058c
WFI t=96854 a=-1512,-3913,239 g=-5,13,-15
WFR t=96864 src=mcu type=0x01 len=16 data=aa840000090a10560001310051c45a55
WFR t=96884 src=mcu type=0x01 len=16 data=aa8513088003e204080b1000507864d4
WFI t=96904 a=-1519,-3911,246 g=-6,4,-12
WFR t=96924 src=mcu type=0x01 len=16 data=aa868403f4010400a00f8813c003f9eb
WFR t=96944 src=mcu type=0x01 len=16 data=aa8701180080000000000000ffff2a3a
WFI t=96954 a=-1517,-3904,243 g=-8,-22,10
WFR t=96964 src=mcu type=0x01 len=16 data=aa882e042f0000000000000000009122
WFR t=97004 src=mcu type=0x01 len=16 data=aa89232c00000000000000000000ce8a
WFI t=97004 a=-1469,-3914,246 g=-5,-24,15
WFR t=97024 src=mcu type=0x01 len=16 data=aa8a480c1c0207284901230020001521
WFI t=97054 a=-1502,-3923,253 g=-1,15,-18
WFR t=97064 src=mcu type=0x01 len=16 data=aa8b40005c03474c775419031a0e80f3
WFR t=97069 src=bms type=0x02 len=129 data=d2037c0eed0eed0eee0eed0eee0eed0eee0eee0eec0eed0eee0eee0ef10ef10ef20ef10ef20ef20ef30ef30ef30ef30ef30ef30ef10ef30ef30ef30000000000000000003d0000000000000000000000000000042e752f02af0ef30eec003d003d00000157001c0001001d0000000100010ef00007000a00000000000000000114
WFR t=97084 src=mcu type=0x01 len=16 data=aa8c2225bf0420034006b80b3e02672c
WFI t=97104 a=-1525,-3908,240 g=0,17,-20
WFR t=97104 src=mcu type=0x01 len=16 data=aa8d800c800000006c07102780008244
WFR t=97144 src=mcu type=0x01 len=16 data=aa8e01180080000000000100feff379f
WFI t=97154 a=-1512,-3909,248 g=-3,-16,4
WFR t=97164 src=mcu type=0x01 len=16 data=aa8f2e042f0000000000000000009a65
WFI t=97204 a=-1489,-3912,233 g=-3,0,-5
WFR t=97204 src=mcu type=0x01 len=16 data=aa90232c00000000000000000000edd3
WFR t=97224 src=mcu type=0x01 len=16 data=aa910b000f00465a667332000b9ed1a0
WFR t=97244 src=mcu type=0x01 len=16 data=aa92000000000000000000000000fbba
WFI t=97254 a=-1522,-3907,236 g=-1,3,-9
WFR t=97284 src=mcu type=0x01 len=16 data=aa93d804480804242c01c003214fe1ad
WFI t=97304 a=-1497,-3916,233 g=0,-18,12
WFR t=97304 src=mcu type=0x01 len=16 data=aa94f0f465fffffff8080d00412af645
WFR t=97344 src=mcu type=0x01 len=16 data=aa9501180080000000000100feff1384
WFI t=97354 a=-1476,-3920,252 g=-1,3,-8
WFR t=97364 src=mcu type=0x01 len=16 data=aa962e042f000000000000000000b93c
WFR t=97384 src=mcu type=0x01 len=16 data=aa97232c00000000000000000000e694
WFI t=97404 a=-1483,-3951,214 g=12,88,-39
WFR t=97424 src=mcu type=0x01 len=16 data=aa9807010200000056117eea00007aa4
WFR t=97444 src=mcu type=0x01 len=16 data=aa991d00ab04a08c64502748395e1e28
WFI t=97454 a=-1612,-3971,336 g=-30,-154,48
WFR t=97484 src=mcu type=0x01 len=16 data=aa9a646464625f5d5b5955010101d546
WFI t=97504 a=-1306,-3914,219 g=17,-20,63
WFR t=97504 src=mcu type=0x01 len=16 data=aa9b0101010100000000fbfbecd30e91
WFR t=97544 src=mcu type=0x01 len=16 data=aa9c01180080000000000100feff0e4d
WFI t=97554 a=-1503,-3942,272 g=-10,95,-132
WFR t=97564 src=mcu type=0x01 len=16 data=aa9d2e042f000000000000000000a3b7
WFR t=97584 src=mcu type=0x01 len=16 data=aa9e232c00000000000000000000fb5d
WFI t=97604 a=-1612,-3905,222 g=12,91,-8
WFR t=97624 src=mcu type=0x01 len=16 data=aa9fb5a1b0bfd800000000000000dfe1
WFR t=97644 src=mcu type=0x01 len=16 data=aaa000000000020c000035006a00d1bd
WFI t=97654 a=-1512,-3919,234 g=-11,-103,63
WFR t=97684 src=mcu type=0x01 len=16 data=aaa188044a5357583036323430360894
WFI t=97704 a=-1420,-3917,243 g=13,66,7
WFR t=97704 src=mcu type=0x01 len=16 data=aaa231344e4242463930333500005e71
WFR t=97724 src=mcu type=0x01 len=16 data=aaa301180080000000000000feff5a4e
WFI t=97754 a=-1532,-3916,249 g=-1,53,-63
WFR t=97764 src=mcu type=0x01 len=16 data=aaa42e042f000000000000000000ff8e
WFR t=97784 src=mcu type=0x01 len=16 data=aaa5232c00000000000000000000a026
WFI t=97804 a=-1551,-3940,283 g=-4,-77,57
WFR t=97824 src=mcu type=0x01 len=16 data=aaa6000000000000000000000000b4ce
WFR t=97844 src=mcu type=0x01 len=16 data=aaa7000000000000000000000000b64f
WFI t=97854 a=-1368,-3934,246 g=-1,-23,24
WFR t=97864 src=mcu type=0x01 len=16 data=aaa801801b000000400052a8194013c9
WFI t=97904 a=-1493,-3926,231 g=5,91,-91
WFR t=97924 src=mcu type=0x01 len=16 data=aaa9028288135c4488132400ec02f999
WFR t=97925 src=mcu type=0x01 len=16 data=aaaa01180080000000000100feff467b
WFI t=97954 a=-1586,-3907,248 g=1,7,1
WFR t=97964 src=mcu type=0x01 len=16 data=aaab2e042f000000000000000000eb81
WFR t=97984 src=mcu type=0x01 len=16 data=aaac232c00000000000000000000bdef
WFI t=98004 a=-1464,-3925,249 g=-2,-54,51
WFR t=98024 src=mcu type=0x01 len=16 data=aaad0048005f00021000000100801d27
WFR t=98044 src=mcu type=0x01 len=16 data=aaae55f04b0b18000000803a40005cef
WFI t=98054 a=-1478,-3914,240 g=-7,-13,-10
WFR t=98064 src=mcu type=0x01 len=16 data=aaaf08610005460c2f78a00f090076a9
WFR t=98074 src=bms type=0x02 len=129 data=d2037c0eed0eed0eee0eed0eee0eed0eee0eee0eec0eed0eed0eee0ef10ef10ef20ef00ef20ef20ef30ef30ef30ef30ef30ef30ef10ef30ef30ef30000000000000000003d0000000000000000000000000000042e752f02af0ef30eec003d003d00000157001c0001001d0000000100010ef00007000a000000000000000083f2
WFI t=98104 a=-1520,-3899,232 g=2,13,-5
WFR t=98104 src=mcu type=0x01 len=16 data=aab001180080000000000000ffff608d
WFR t=98124 src=mcu type=0x01 len=16 data=aab12e042f000000000000000000cd1b
WFI t=98154 a=-1483,-3909,233 g=-4,18,-25
WFR t=98164 src=mcu type=0x01 len=16 data=aab2232c0000000000000000000095f1
WFR t=98184 src=mcu type=0x01 len=16 data=aab3014a02050030000488001b007188
WFI t=98204 a=-1534,-3913,231 g=-1,20,-26
WFR t=98204 src=mcu type=0x01 len=16 data=aab400009f0ca90c9a0c540600001589
WFR t=98244 src=mcu type=0x01 len=16 data=aab51c00e8517918060edf0ab00072a3
WFI t=98254 a=-1523,-3905,249 g=-5,-50,27
WFR t=98264 src=mcu type=0x01 len=16 data=aab6050804080080cb020122f13fc622
WFI t=98304 a=-1456,-3921,251 g=0,-22,12
WFR t=98304 src=mcu type=0x01 len=16 data=aa8001180080000000000000ffff217d
WFR t=98324 src=mcu type=0x01 len=16 data=aa812e042f0000000000000000008ceb
WFR t=98344 src=mcu type=0x01 len=16 data=aa82232c00000000000000000000d401
WFI t=98354 a=-1516,-3907,247 g=1,37,-33
WFR t=98384 src=mcu type=0x01 len=16 data=aa83000100011101b70111019f00058c
WFI t=98404 a=-1540,-3901,250 g=-2,-6,4
WFR t=98404 src=mcu type=0x01 len=16 data=aa840000090a10560001310051c45a55
WFR t=98462 src=mcu type=0x01 len=16 data=aa8513088003e204080b1000507864d4
WFR t=98465 src=mcu type=0x01 len=16 data=aa868403f4010400a00f8813c003f9eb
WFI t=98466 a=-1479,-3934,241 g=-3,-20,4
WFR t=98487 src=mcu type=0x01 len=16 data=aa8701180080000000000000ffff2a3a
WFI t=98504 a=-1490,-3905,245 g=-4,14,-19
WFR t=98665 src=mcu type=0x01 len=16 data=aa882e042f0000000000000000009122
WFR t=98665 src=mcu type=0x01 len=16 data=aa89232c00000000000000000000ce8a
WFR t=98665 src=mcu type=0x01 len=16 data=aa8a480c1c0207284901230020001521
WFR t=98679 src=mcu type=0x01 len=16 data=aa8b40005c03474c775419031a0e80f3
WFR t=98679 src=mcu type=0x01 len=16 data=aa8c2225bf0420034006b80b3e02672c
WFR t=98680 src=mcu type=0x01 len=16 data=aa8d800c800000006c07102780008244
WFI t=98744 a=-1479,-3927,241 g=-4,3,0
WFR t=98759 src=mcu type=0x01 len=16 data=aa8e01180080000000000000feff3663
WFR t=98759 src=mcu type=0x01 len=16 data=aa8f2e042f0000000000000000009a65
WFR t=98759 src=mcu type=0x01 len=16 data=aa90232c00000000000000000000edd3
WFI t=98760 a=-1465,-3915,249 g=-5,-24,12
WFI t=98762 a=-1448,-3917,253 g=-2,-2,-6
WFI t=98765 a=-1451,-3914,250 g=-1,4,-13
WFI t=98767 a=-1451,-3914,250 g=-1,4,-13
WFR t=98784 src=mcu type=0x01 len=16 data=aa910b000f00465a667332000b9ed1a0
WFI t=98804 a=-1510,-3923,251 g=-2,35,-38
WFR t=98804 src=mcu type=0x01 len=16 data=aa92000000000000000000000000fbba
WFR t=98824 src=mcu type=0x01 len=16 data=aa93d804480804242c01c003214fe1ad
WFI t=98854 a=-1558,-3912,243 g=-3,-7,0
WFR t=98864 src=mcu type=0x01 len=16 data=aa94f0f465fffffff8080d00412af645
WFR t=98884 src=mcu type=0x01 len=16 data=aa9501180080000000000000ffff13e8
WFI t=98904 a=-1468,-3915,245 g=-3,-23,17
WFR t=98924 src=mcu type=0x01 len=16 data=aa962e042f000000000000000000b93c
WFR t=98944 src=mcu type=0x01 len=16 data=aa97232c00000000000000000000e694
WFI t=98954 a=-1489,-3911,243 g=-7,7,-22
WFR t=98964 src=mcu type=0x01 len=16 data=aa9807010200000056117eea00007aa4
WFI t=99004 a=-1519,-3912,234 g=-4,-3,0
WFR t=99004 src=mcu type=0x01 len=16 data=aa991d00ab04a08c64502748395e1e28
WFR t=99024 src=mcu type=0x01 len=16 data=aa9a646464625f5d5b5955010101d546
WFI t=99054 a=-1474,-3926,233 g=0,-8,3
WFR t=99084 src=mcu type=0x01 len=16 data=aa9b0101010100000000fbfbecd30e91
WFR t=99085 src=mcu type=0x01 len=16 data=aa9c01180080000000000000feff0fb1
WFR t=99094 src=bms type=0x02 len=129 data=d2037c0eed0eed0eee0eed0eee0eed0eee0eee0eec0eed0eee0eee0ef20ef10ef20ef10ef20ef20ef30ef30ef20ef30ef30ef30ef10ef30ef30ef30000000000000000003d0000000000000000000000000000042e752e02af0ef30eec003d003d00000157001c0001001d0000000100010ef0000700150000000000000000e531
WFI t=99104 a=-1500,-3908,240 g=-5,21,-21
WFR t=99124 src=mcu type=0x01 len=16 data=aa9d2e042f000000000000000000a3b7
WFR t=99144 src=mcu type=0x01 len=16 data=aa9e232c00000000000000000000fb5d
WFI t=99154 a=-1530,-3914,242 g=-5,-16,3
WFR t=99164 src=mcu type=0x01 len=16 data=aa9fb5a1b0bfd800000000000000dfe1
WFI t=99204 a=-1484,-3920,248 g=-3,-16,13
WFR t=99204 src=mcu type=0x01 len=16 data=aaa000000000020c000035006a00d1bd
WFR t=99224 src=mcu type=0x01 len=16 data=aaa188044a5357583036323430360894
WFI t=99254 a=-1497,-3915,247 g=-8,16,-25
WFR t=99264 src=mcu type=0x01 len=16 data=aaa231344e4242463930333500005e71
WFR t=99284 src=mcu type=0x01 len=16 data=aaa301180080000000000000ffff5bde
WFI t=99304 a=-1522,-3912,243 g=-6,-3,-5
WFR t=99304 src=mcu type=0x01 len=16 data=aaa42e042f000000000000000000ff8e
WFR t=99344 src=mcu type=0x01 len=16 data=aaa5232c00000000000000000000a026
WFI t=99354 a=-1485,-3924,231 g=1,-19,13
WFR t=99364 src=mcu type=0x01 len=16 data=aaa6000000000000000000000000b4ce
WFI t=99404 a=-1495,-3921,241 g=-6,5,-14
WFR t=99404 src=mcu type=0x01 len=16 data=aaa7000000000000000000000000b64f
WFR t=99424 src=mcu type=0x01 len=16 data=aaa801801b000000400052a8194013c9
WFR t=99444 src=mcu type=0x01 len=16 data=aaa9028288135c4488132400ec02f999
WFI t=99454 a=-1518,-3904,247 g=-2,1,-5
WFR t=99484 src=mcu type=0x01 len=16 data=aaaa01180080000000000000feff4787
WFI t=99504 a=-1483,-3919,223 g=-5,-1,2
WFR t=99504 src=mcu type=0x01 len=16 data=aaab2e042f000000000000000000eb81
WFR t=99544 src=mcu type=0x01 len=16 data=aaac232c00000000000000000000bdef
WFI t=99554 a=-1523,-3917,234 g=-6,6,-17
WFR t=99564 src=mcu type=0x01 len=16 data=aaad0048005f00021000000100801d27
WFR t=99584 src=mcu type=0x01 len=16 data=aaae55f04b0b18000000803a40005cef
WFI t=99604 a=-1529,-3926,248 g=-5,-14,7
WFR t=99624 src=mcu type=0x01 len=16 data=aaaf08610005460c2f78a00f090076a9
WFI t=99654 a=-1477,-3916,243 g=0,-21,7
WFR t=99664 src=mcu type=0x01 len=16 data=aab001180080000000000000ffff608d
WFR t=99684 src=mcu type=0x01 len=16 data=aab12e042f000000000000000000cd1b
WFI t=99704 a=-1499,-3920,241 g=-1,21,-23
WFR t=99704 src=mcu type=0x01 len=16 data=aab2232c0000000000000000000095f1
WFR t=99744 src=mcu type=0x01 len=16 data=aab3014a02050030000488001b007188
WFI t=99754 a=-1537,-3906,236 g=-1,1,-8
WFR t=99764 src=mcu type=0x01 len=16 data=aab400009f0ca90c9a0c540600001589
WFR t=99825 src=mcu type=0x01 len=16 data=aab51c00e8517918060e1e0bb0001e9f
WFR t=99825 src=mcu type=0x01 len=16 data=aab6050804080080cb020122f13fc622
WFI t=99826 a=-1481,-3920,243 g=-5,-8,-1
WFR t=99844 src=mcu type=0x01 len=16 data=aa8001180080000000000000feff20ed
WFI t=99854 a=-1494,-3910,259 g=-3,2,-15
WFR t=99884 src=mcu type=0x01 len=16 data=aa812e042f0000000000000000008ceb
WFI t=99904 a=-1521,-3909,250 g=1,-6,4
WFR t=99904 src=mcu type=0x01 len=16 data=aa82232c00000000000000000000d401
WFR t=99924 src=mcu type=0x01 len=16 data=aa83000100011101b70111019f00058c
WFI t=99954 a=-1480,-3909,238 g=-5,-15,7
WFR t=99964 src=mcu type=0x01 len=16 data=aa840000090a10560001310051c45a55
WFR t=99984 src=mcu type=0x01 len=16 data=aa8513088003e204080b1000507864d4
WFI t=100004 a=-1492,-3907,238 g=3,21,-20
WFR t=100024 src=mcu type=0x01 len=16 data=aa868403f4010400a00f8813c003f9eb
WFR t=100044 src=mcu type=0x01 len=16 data=aa8701180080000000000000feff2baa
WFI t=100054 a=-1521,-3916,252 g=-5,-1,-10
WFR t=100064 src=mcu type=0x01 len=16 data=aa882e042f0000000000000000009122
WFI t=100104 a=-1482,-3913,238 g=-2,-17,12
WFR t=100104 src=mcu type=0x01 len=16 data=aa89232c00000000000000000000ce8a
WFR t=100114 src=bms type=0x02 len=129 data=d2037c0eee0eed0eee0eed0eee0eed0eee0eee0eec0eed0eee0eee0ef10ef10ef20ef10ef20ef20ef30ef30ef30ef30ef30ef30ef20ef30ef30ef30000000000000000003d0000000000000000000000000000042e752f02af0ef30eec003d003d00000157001c0001001d0000000100010ef00007000a0000000000000000f915
WFR t=100124 src=mcu type=0x01 len=16 data=aa8a480c1c0207284901230020001521
WFI t=100154 a=-1483,-3920,242 g=0,11,-16
WFR t=100164 src=mcu type=0x01 len=16 data=aa8b40005c03474c775419031a0e80f3
WFR t=100184 src=mcu type=0x01 len=16 data=aa8c2225bf0420034006b80b3e02672c
WFI t=100204 a=-1531,-3914,234 g=-3,1,-7
WFR t=100204 src=mcu type=0x01 len=16 data=aa8d800c800000006c07102780008244
WFR t=100244 src=mcu type=0x01 len=16 data=aa8e01180080000000000000ffff37f3
WFI t=100254 a=-1487,-3909,254 g=-2,-24,17
WFR t=100264 src=mcu type=0x01 len=16 data=aa8f2e042f0000000000000000009a65
WFI t=100304 a=-1486,-3910,248 g=-5,6,-14
WFR t=100304 src=mcu type=0x01 len=16 data=aa90232c00000000000000000000edd3
WFR t=100324 src=mcu type=0x01 len=16 data=aa910b000f00465a667332000b9ed1a0
WFI t=100354 a=-1526,-3911,247 g=-3,12,-17
WFR t=100364 src=mcu type=0x01 len=16 data=aa92000000000000000000000000fbba
WFR t=100384 src=mcu type=0x01 len=16 data=aa93d804480804242c01c003214fe1ad
WFI t=100404 a=-1508,-3924,240 g=-2,-9,4
WFR t=100404 src=mcu type=0x01 len=16 data=aa94f0f465fffffff8080d00412af645
WFR t=100444 src=mcu type=0x01 len=16 data=aa9501180080000000000000feff1278
WFI t=100538 a=-1510,-3905,250 g=2,3,-12
WFR t=100539 src=mcu type=0x01 len=16 data=aa962e042f000000000000000000b93c
WFI t=100602 a=-1507,-3922,248 g=-7,-21,10
WFR t=100602 src=mcu type=0x01 len=16 data=aa97232c00000000000000000000e694
WFR t=100603 src=mcu type=0x01 len=16 data=aa9807010200000056117eea00007aa4
WFI t=100681 a=-1486,-3913,244 g=-5,14,-14
WFR t=100682 src=mcu type=0x01 len=16 data=aa991d00ab04a08c64502748395e1e28
WFR t=100697 src=mcu type=0x01 len=16 data=aa9a646464625f5d5b5955010101d546
WFR t=100697 src=mcu type=0x01 len=16 data=aa9b0101010100000000fbfbecd30e91
WFR t=100697 src=mcu type=0x01 len=16 data=aa9c01180080000000000000ffff0e21
WFR t=100698 src=mcu type=0x01 len=16 data=aa9d2e042f000000000000000000a3b7
WFI t=100698 a=-1525,-3919,252 g=-5,-8,2
WFR t=100698 src=mcu type=0x01 len=16 data=aa9e232c00000000000000000000fb5d
WFI t=100700 a=-1509,-3914,241 g=-4,-13,9
WFI t=100704 a=-1503,-3914,241 g=1,-13,9
WFR t=100724 src=mcu type=0x01 len=16 data=aa9fb5a1b0bfd800000000000000dfe1
WFR t=100744 src=mcu type=0x01 len=16 data=aaa000000000020c000035006a00d1bd
WFI t=100754 a=-1494,-3916,245 g=-5,-5,-5
WFR t=100784 src=mcu type=0x01 len=16 data=aaa188044a5357583036323430360894
WFI t=100804 a=-1521,-3922,248 g=-2,5,-9
WFR t=100804 src=mcu type=0x01 len=16 data=aaa231344e4242463930333500005e71
WFR t=100844 src=mcu type=0x01 len=16 data=aaa301180080000000000000ffff5bde
WFI t=100854 a=-1502,-3910,238 g=-2,-9,5
WFR t=100864 src=mcu type=0x01 len=16 data=aaa42e042f000000000000000000ff8e
WFR t=100884 src=mcu type=0x01 len=16 data=aaa5232c00000000000000000000a026
WFI t=100904 a=-1484,-3918,249 g=-2,1,-4
WFR t=100924 src=mcu type=0x01 len=16 data=aaa6000000000000000000000000b4ce
WFR t=100944 src=mcu type=0x01 len=16 data=aaa7000000000000000000000000b64f
WFI t=100954 a=-1506,-3912,258 g=-4,1,-12
WFR t=100984 src=mcu type=0x01 len=16 data=aaa801801b000000400052a8194013c9
WFI t=101004 a=-1509,-3918,242 g=-3,-5,0
WFR t=101004 src=mcu type=0x01 len=16 data=aaa9028288135c4488132400ec02f999
WFR t=101024 src=mcu type=0x01 len=16 data=aaaa01180080000000000000ffff4617
WFI t=101054 a=-1498,-3913,250 g=-1,0,-6
WFR t=101064 src=mcu type=0x01 len=16 data=aaab2e042f000000000000000000eb81
WFR t=101084 src=mcu type=0x01 len=16 data=aaac232c00000000000000000000bdef
WFI t=101104 a=-1511,-3913,237 g=-4,0,-4
WFR t=101119 src=bms type=0x02 len=129 data=d2037c0eee0eed0eee0eed0eee0eed0eee0eee0eed0eed0eee0eee0ef20ef20ef20ef10ef20ef20ef30ef20ef30ef30ef30ef30ef10ef30ef30ef30000000000000000003d0000000000000000000000000000042e752f02af0ef30eed003d003d00000157001c0001001d0000000100010ef00006000a000000000000000083b4
WFR t=101124 src=mcu type=0x01 len=16 data=aaad0048005f00021000000100801d27
WFR t=101144 src=mcu type=0x01 len=16 data=aaae55f04b0b18000000803a40005cef
WFI t=101154 a=-1505,-3905,256 g=0,-12,4
WFR t=101164 src=mcu type=0x01 len=16 data=aaaf08610005460c2f78a00f090076a9
WFI t=101204 a=-1491,-3918,256 g=-3,3,0
WFR t=101204 src=mcu type=0x01 len=16 data=aab001180080000000000000feff611d
WFR t=101224 src=mcu type=0x01 len=16 data=aab12e042f000000000000000000cd1b
WFI t=101254 a=-1502,-3907,247 g=-2,18,-8
WFR t=101264 src=mcu type=0x01 len=16 data=aab2232c0000000000000000000095f1
WFR t=101284 src=mcu type=0x01 len=16 data=aab3014a02050030000488011b002048
WFI t=101304 a=-1509,-3916,238 g=-3,9,-4
WFR t=101304 src=mcu type=0x01 len=16 data=aab400009f0ca90c9a0c540600001589
WFR t=101344 src=mcu type=0x01 len=16 data=aab51c00e8517918060efa0ab00079af
WFI t=101354 a=-1530,-3918,236 g=-5,-22,6
WFR t=101364 src=mcu type=0x01 len=16 data=aab6050804080080cb020122f13fc622
WFI t=101404 a=-1507,-3913,239 g=-8,-27,12
WFR t=101405 src=mcu type=0x01 len=16 data=aa8001180080000000000000feff20ed
WFR t=101424 src=mcu type=0x01 len=16 data=aa812e042f0000000000000000008ceb
WFI t=101454 a=-1486,-3922,241 g=-8,-6,-14
WFR t=101464 src=mcu type=0x01 len=16 data=aa82232c00000000000000000000d401
WFR t=101484 src=mcu type=0x01 len=16 data=aa83000100011101b70111019f00058c
WFI t=101504 a=-1507,-3916,258 g=-1,24,-29
WFR t=101504 src=mcu type=0x01 len=16 data=aa840000090a10560001310051c45a55
WFR t=101544 src=mcu type=0x01 len=16 data=aa8513088003e204080b1000507864d4
WFI t=101554 a=-1508,-3914,246 g=-7,-1,-18
WFR t=101564 src=mcu type=0x01 len=16 data=aa868403f4010400a00f8813c003f9eb
WFI t=101604 a=-1503,-3913,235 g=3,-14,7
WFR t=101604 src=mcu type=0x01 len=16 data=aa8701180080000000000000ffff2a3a
WFR t=101624 src=mcu type=0x01 len=16 data=aa882e042f0000000000000000009122
WFR t=101644 src=mcu type=0x01 len=16 data=aa89232c00000000000000000000ce8a
WFI t=101654 a=-1497,-3918,244 g=-3,-18,8
WFR t=101684 src=mcu type=0x01 len=16 data=aa8a480c1c0207284901230020001521
WFT t=101701 batt_mv=4218 rssi_mcu=-95 rssi_bms=-81 mcu=3610 bms=82 dropped=0
WFI t=101704 a=-1497,-3908,239 g=-3,-18,4
WFR t=101704 src=mcu type=0x01 len=16 data=aa8b40005c03474c775419031a0e80f3
WFR t=101744 src=mcu type=0x01 len=16 data=aa8c2225bf0420034006b80b3e02672c
WFI t=101754 a=-1502,-3920,263 g=-8,-12,-3
WFR t=101785 src=mcu type=0x01 len=16 data=aa8d800c800000006c07102780008244
WFR t=101785 src=mcu type=0x01 len=16 data=aa8e01180080000000000000feff3663
WFI t=101804 a=-1511,-3920,265 g=-12,-31,3
WFR t=101824 src=mcu type=0x01 len=16 data=aa8f2e042f0000000000000000009a65
WFR t=101844 src=mcu type=0x01 len=16 data=aa90232c00000000000000000000edd3
WFI t=101854 a=-1472,-3928,274 g=6,5,-2
WFR t=101884 src=mcu type=0x01 len=16 data=aa910b000f00465a667332000b9ed1a0
WFI t=101904 a=-1473,-3912,221 g=2,71,-51
WFR t=101904 src=mcu type=0x01 len=16 data=aa92000000000000000000000000fbba
WFR t=101944 src=mcu type=0x01 len=16 data=aa93d804480804242c01c003214fe1ad
WFI t=101954 a=-1570,-3894,223 g=-6,35,-37
WFR t=101964 src=mcu type=0x01 len=16 data=aa94f0f465fffffff8080d00412af645
WFR t=101984 src=mcu type=0x01 len=16 data=aa9501180080000000000000feff1278
WFI t=102004 a=-1569,-3902,236 g=-18,-100,49
WFR t=102024 src=mcu type=0x01 len=16 data=aa962e042f000000000000000000b93c
WFR t=102044 src=mcu type=0x01 len=16 data=aa97232c00000000000000000000e694
WFI t=102054 a=-1391,-3927,268 g=-3,-71,40
WFR t=102084 src=mcu type=0x01 len=16 data=aa9807010200000056117eea00007aa4
WFI t=102104 a=-1474,-3921,248 g=-5,39,-78
WFR t=102104 src=mcu type=0x01 len=16 data=aa991d00ab04a08c64502748395e1e28
WFR t=102109 src=bms type=0x02 len=129 data=d2037c0eee0eed0eee0eee0eee0eed0eee0eee0eec0eed0eee0eee0ef10ef20ef20ef10ef20ef20ef30ef30ef30ef30ef30ef30ef10ef30ef30ef30000000000000000003d0000000000000000000000000000042e752f02af0ef30eec003d003d00000157001c0001001d0000000100010ef00007000a000000000000000096e3
WFR t=102124 src=mcu type=0x01 len=16 data=aa9a646464625f5d5b5955010101d546
WFI t=102154 a=-1565,-3915,264 g=2,65,-29
WFR t=102164 src=mcu type=0x01 len=16 data=aa9b0101010100000000fbfbecd30e91
WFR t=102184 src=mcu type=0x01 len=16 data=aa9c01180080000000000100feff0e4d
WFI t=102204 a=-1465,-3934,255 g=-3,25,-15
WFR t=102224 src=mcu type=0x01 len=16 data=aa9d2e042f000000000000000000a3b7
WFR t=102244 src=mcu type=0x01 len=16 data=aa9e232c00000000000000000000fb5d
WFI t=102254 a=-1529,-3911,275 g=3,30,-21
WFR t=102264 src=mcu type=0x01 len=16 data=aa9fb5a1b0bfd800000000000000dfe1
WFI t=102304 a=-1544,-3906,240 g=-2,-43,53
WFR t=102304 src=mcu type=0x01 len=16 data=aaa000000000020c000035006a00d1bd
WFR t=102324 src=mcu type=0x01 len=16 data=aaa188044a5357583036323430360894
WFI t=102354 a=-1466,-3915,214 g=-6,-60,50
WFR t=102364 src=mcu type=0x01 len=16 data=aaa231344e4242463930333500005e71
WFR t=102384 src=mcu type=0x01 len=16 data=aaa301180080000000000100feff5bb2
WFI t=102404 a=-1452,-3910,234 g=13,51,2
WFR t=102404 src=mcu type=0x01 len=16 data=aaa42e042f000000000000000000ff8e
WFR t=102444 src=mcu type=0x01 len=16 data=aaa5232c00000000000000000000a026
WFI t=102454 a=-1509,-3924,257 g=0,33,-47
WFR t=102580 src=mcu type=0x01 len=16 data=aaa6000000000000000000000000b4ce
WFR t=102580 src=mcu type=0x01 len=16 data=aaa7000000000000000000000000b64f
WFR t=102581 src=mcu type=0x01 len=16 data=aaa801801b000000400052a8194013c9
WFR t=102581 src=mcu type=0x01 len=16 data=aaa9028288135c4488132400ec02f999
WFI t=102581 a=-1503,-3912,244 g=-2,7,-5
WFR t=102584 src=mcu type=0x01 len=16 data=aaaa01180080000000000100ffff47eb
WFI t=102584 a=-1572,-3932,248 g=-2,8,-9
WFI t=102604 a=-1621,-3906,242 g=-1,-10,14
WFR t=102604 src=mcu type=0x01 len=16 data=aaab2e042f000000000000000000eb81
WFR t=102644 src=mcu type=0x01 len=16 data=aaac232c00000000000000000000bdef
WFI t=102654 a=-1697,-4015,21 g=4,-1,123
WFR t=102664 src=mcu type=0x01 len=16 data=aaad0048005f00021000000100801d27
WFI t=102704 a=-1540,-4028,352 g=-53,-196,200
WFR t=102704 src=mcu type=0x01 len=16 data=aaae55f04b0b18000000803a40005cef
WFR t=102724 src=mcu type=0x01 len=16 data=aaaf08610005460c2f78a00f090076a9
WFR t=102744 src=mcu type=0x01 len=16 data=aab001180080000000000000feff611d
WFI t=102754 a=-1483,-3914,188 g=-101,-219,103
WFR t=102784 src=mcu type=0x01 len=16 data=aab12e042f000000000000000000cd1b
WFI t=102804 a=-1518,-3776,232 g=-50,-210,75
WFR t=102804 src=mcu type=0x01 len=16 data=aab2232c0000000000000000000095f1
WFR t=102844 src=mcu type=0x01 len=16 data=aab3014a02050030000488001b007188
WFI t=102854 a=-1519,-3927,308 g=-18,17,-18
WFR t=102864 src=mcu type=0x01 len=16 data=aab400009f0ca90c9a0c540600001589
WFR t=102884 src=mcu type=0x01 len=16 data=aab51c00e8517918060e750ab000537b
WFI t=102904 a=-1487,-3881,238 g=-11,140,-160
WFR t=102944 src=mcu type=0x01 len=16 data=aab6050804080080cb020122f13fc622
WFR t=102945 src=mcu type=0x01 len=16 data=aa8001180080000000000000ffff217d
WFI t=102954 a=-1558,-3870,189 g=12,233,-177
WFR t=102984 src=mcu type=0x01 len=16 data=aa812e042f0000000000000000008ceb
WFI t=103004 a=-1684,-3903,221 g=-6,150,-74
WFR t=103005 src=mcu type=0x01 len=16 data=aa82232c00000000000000000000d401
WFR t=103024 src=mcu type=0x01 len=16 data=aa83000100011101b70111019f00058c
WFR t=103075 src=mcu type=0x01 len=16 data=aa840000090a10560001310051c45a55
WFI t=103085 a=-1593,-3868,196 g=8,12,45
WFR t=103085 src=mcu type=0x01 len=16 data=aa8513088003e204080b1000507864d4
WFI t=103104 a=-1518,-3871,222 g=-14,-61,46
WFR t=103124 src=mcu type=0x01 len=16 data=aa868403f4010400a00f8813c003f9eb
WFR t=103144 src=mcu type=0x01 len=16 data=aa8701180080000000000000ffff2a3a
WFI t=103154 a=-1555,-3894,218 g=-14,-105,51
WFR t=103174 src=bms type=0x02 len=129 data=d2037c0eed0eed0eee0eed0eee0eed0eee0eee0eec0eed0eee0eee0ef10ef10ef20ef10ef20ef20ef30ef30ef20ef30ef40ef30ef20ef30ef30ef30000000000000000003d0000000000000000000000000000042e752e02af0ef40eec003d003d00000157001c0001001d0000000100010ef00008001500000000000000000c84
WFR t=103184 src=mcu type=0x01 len=16 data=aa882e042f0000000000000000009122
WFI t=103204 a=-1543,-3916,195 g=-18,-79,16
WFR t=103204 src=mcu type=0x01 len=16 data=aa89232c00000000000000000000ce8a
WFR t=103224 src=mcu type=0x01 len=16 data=aa8a480c1c0207284901230020001521
WFI t=103254 a=-1473,-3873,179 g=0,89,-73
WFR t=103264 src=mcu type=0x01 len=16 data=aa8b40005c03474c775419031a0e80f3
WFR t=103284 src=mcu type=0x01 len=16 data=aa8c2225bf0420034006b80b3e02672c
WFI t=103304 a=-1612,-3925,221 g=2,133,-116
WFR t=103324 src=mcu type=0x01 len=16 data=aa8d800c800000006c07102780008244
WFR t=103344 src=mcu type=0x01 len=16 data=aa8e01180080000000000000ffff37f3
WFI t=103354 a=-1660,-3916,251 g=-11,-25,0
WFR t=103364 src=mcu type=0x01 len=16 data=aa8f2e042f0000000000000000009a65
WFI t=103404 a=-1550,-3888,215 g=-7,-108,102
WFR t=103404 src=mcu type=0x01 len=16 data=aa90232c00000000000000000000edd3
WFR t=103424 src=mcu type=0x01 len=16 data=aa910b000f00465a667332000b9ed1a0
WFI t=103454 a=-1470,-3883,177 g=-3,-36,21
WFR t=103464 src=mcu type=0x01 len=16 data=aa92000000000000000000000000fbba
WFR t=103484 src=mcu type=0x01 len=16 data=aa93d804480804242c01c003214fe1ad
WFI t=103504 a=-1534,-3910,199 g=8,64,-49
WFR t=103504 src=mcu type=0x01 len=16 data=aa94f0f465fffffff8080d00412af645
WFR t=103544 src=mcu type=0x01 len=16 data=aa9501180080000000000100feff1384
WFI t=103554 a=-1571,-3896,175 g=7,89,-62
WFR t=103564 src=mcu type=0x01 len=16 data=aa962e042f000000000000000000b93c
WFI t=103604 a=-1620,-3885,200 g=-2,11,0
WFR t=103604 src=mcu type=0x01 len=16 data=aa97232c00000000000000000000e694
WFR t=103624 src=mcu type=0x01 len=16 data=aa9807010200000056117eea00007aa4
WFI t=103654 a=-1566,-3897,206 g=-3,-79,66
WFR t=103664 src=mcu type=0x01 len=16 data=aa991d00ab04a08c64502748395e1e28
WFR t=103684 src=mcu type=0x01 len=16 data=aa9a646464625f5d5b5955010101d546
WFI t=103704 a=-1532,-3913,221 g=-8,-62,39
WFR t=103704 src=mcu type=0x01 len=16 data=aa9b0101010100000000fbfbecd30e91
WFR t=103744 src=mcu type=0x01 len=16 data=aa9c01180080000000000000feff0fb1
WFI t=103754 a=-1507,-3890,212 g=-1,39,-25
WFR t=103764 src=mcu type=0x01 len=16 data=aa9d2e042f000000000000000000a3b7
WFI t=103804 a=-1566,-3900,216 g=-1,64,-72
WFR t=103804 src=mcu type=0x01 len=16 data=aa9e232c00000000000000000000fb5d
WFR t=103824 src=mcu type=0x01 len=16 data=aa9fb5a1b0bfd800000000000000dfe1
WFR t=103844 src=mcu type=0x01 len=16 data=aaa000000000020c000035006a00d1bd
WFI t=103854 a=-1617,-3890,194 g=-1,25,-30
WFR t=103884 src=mcu type=0x01 len=16 data=aaa188044a5357583036323430360894
WFI t=103904 a=-1577,-3877,188 g=-8,-54,31
WFR t=103904 src=mcu type=0x01 len=16 data=aaa231344e4242463930333500005e71
WFR t=103944 src=mcu type=0x01 len=16 data=aaa301180080000000000100feff5bb2
WFI t=103954 a=-1539,-3884,195 g=-3,-43,27
WFR t=103964 src=mcu type=0x01 len=16 data=aaa42e042f000000000000000000ff8e
WFR t=103984 src=mcu type=0x01 len=16 data=aaa5232c00000000000000000000a026
WFI t=104004 a=-1554,-3898,236 g=-5,-19,19
WFR t=104024 src=mcu type=0x01 len=16 data=aaa6000000000000000000000000b4ce
WFR t=104044 src=mcu type=0x01 len=16 data=aaa7000000000000000000000000b64f
WFI t=104054 a=-1526,-3906,220 g=-7,-6,-8
WFR t=104084 src=mcu type=0x01 len=16 data=aaa801801b000000400052a8194013c9
WFI t=104104 a=-1546,-3875,195 g=-4,42,-53
WFR t=104104 src=mcu type=0x01 len=16 data=aaa9028288135c4488132400ec02f999
WFR t=104124 src=mcu type=0x01 len=16 data=aaaa01180080000000000100feff467b
WFI t=104154 a=-1592,-3902,205 g=6,50,-42
WFR t=104164 src=mcu type=0x01 len=16 data=aaab2e042f000000000000000000eb81
WFR t=104184 src=mcu type=0x01 len=16 data=aaac232c00000000000000000000bdef
WFR t=104194 src=bms type=0x02 len=129 data=d2037c0eed0eed0eee0eed0eee0eed0eee0eee0eed0eed0eee0eee0ef10ef20ef20ef00ef20ef20ef30ef30ef20ef30ef30ef30ef10ef30ef30ef30000000000000000003d0000000000000000000000000000042e752f02af0ef30eed003d003d00000157001c0001001d0000000100010ef00006000a0000000000000000f6f0
WFI t=104204 a=-1575,-3894,205 g=-1,-13,6
WFR t=104224 src=mcu type=0x01 len=16 data=aaad0048005f00021000000100801d27
WFR t=104244 src=mcu type=0x01 len=16 data=aaae55f04b0b18000000803a40005cef
WFI t=104254 a=-1566,-3873,212 g=-6,-64,48
WFR t=104284 src=mcu type=0x01 len=16 data=aaaf08610005460c2f78a00f090076a9
WFI t=104304 a=-1513,-3889,194 g=-6,-48,30
WFR t=104304 src=mcu type=0x01 len=16 data=aab001180080000000000000ffff608d
WFR t=104324 src=mcu type=0x01 len=16 data=aab12e042f000000000000000000cd1b
WFI t=104354 a=-1514,-3888,217 g=0,31,-30
WFR t=104364 src=mcu type=0x01 len=16 data=aab2232c0000000000000000000095f1
WFR t=104384 src=mcu type=0x01 len=16 data=aab3014a02050030000488001b007188
WFI t=104404 a=-1556,-3885,205 g=5,78,-65
WFR t=104424 src=mcu type=0x01 len=16 data=aab400009f0ca90c9a0c540600001589
WFR t=104444 src=mcu type=0x01 len=16 data=aab51c00e8517918060e750ab000537b
WFI t=104455 a=-1629,-3898,213 g=-6,3,-11
WFR t=104464 src=mcu type=0x01 len=16 data=aab6050804080080cb020122f13fc622
WFR t=104625 src=mcu type=0x01 len=16 data=aa8001180080000000000000feff20ed
WFR t=104626 src=mcu type=0x01 len=16 data=aa812e042f0000000000000000008ceb
WFR t=104626 src=mcu type=0x01 len=16 data=aa82232c00000000000000000000d401
WFR t=104626 src=mcu type=0x01 len=16 data=aa83000100011101b70111019f00058c
WFR t=104640 src=mcu type=0x01 len=16 data=aa840000090a10560001310051c45a55
WFI t=104704 a=-1524,-3892,200 g=-5,-4,-2
WFR t=104719 src=mcu type=0x01 len=16 data=aa8513088003e204080b1000507864d4
WFR t=104719 src=mcu type=0x01 len=16 data=aa868403f4010400a00f8813c003f9eb
WFR t=104720 src=mcu type=0x01 len=16 data=aa8701180080000000000100feff2a56
WFI t=104720 a=-1549,-3893,189 g=1,6,-15
WFI t=104723 a=-1563,-3894,187 g=-3,2,-10
WFR t=104724 src=mcu type=0x01 len=16 data=aa882e042f0000000000000000009122
WFI t=104725 a=-1563,-3894,187 g=-3,2,-10
WFI t=104728 a=-1565,-3888,191 g=-8,-2,-8
WFI t=104754 a=-1575,-3891,207 g=2,-15,4
WFR t=104764 src=mcu type=0x01 len=16 data=aa89232c00000000000000000000ce8a
WFR t=104784 src=mcu type=0x01 len=16 data=aa8a480c1c0207284901230020001521
WFI t=104804 a=-1553,-3913,213 g=0,-24,8
WFR t=104804 src=mcu type=0x01 len=16 data=aa8b40005c03474c775419031a0e80f3
WFR t=104844 src=mcu type=0x01 len=16 data=aa8c2225bf0420034006b80b3e02672c
WFI t=104854 a=-1553,-3897,212 g=-1,-10,13
WFR t=104864 src=mcu type=0x01 len=16 data=aa8d800c800000006c07102780008244
WFI t=104904 a=-1537,-3893,187 g=-5,-6,-13
WFR t=104904 src=mcu type=0x01 len=16 data=aa8e01180080000000000000feff3663
WFR t=104924 src=mcu type=0x01 len=16 data=aa8f2e042f0000000000000000009a65
WFR t=104944 src=mcu type=0x01 len=16 data=aa90232c00000000000000000000edd3
WFI t=104954 a=-1565,-3881,171 g=-7,10,-22
WFR t=104984 src=mcu type=0x01 len=16 data=aa910b000f00465a667332000b9ed1a0
WFI t=105004 a=-1572,-3886,186 g=2,28,-12
WFR t=105004 src=mcu type=0x01 len=16 data=aa92000000000000000000000000fbba
WFR t=105044 src=mcu type=0x01 len=16 data=aa93d804480804242c01c003214fe1ad
WFI t=105054 a=-1581,-3899,216 g=-6,-29,6
WFR t=105064 src=mcu type=0x01 len=16 data=aa94f0f465fffffff8080d00412af645
WFR t=105084 src=mcu type=0x01 len=16 data=aa9501180080000000000000ffff13e8
WFI t=105104 a=-1529,-3901,218 g=2,-22,23
WFR t=105124 src=mcu type=0x01 len=16 data=aa962e042f000000000000000000b93c
WFR t=105144 src=mcu type=0x01 len=16 data=aa97232c00000000000000000000e694
WFI t=105154 a=-1545,-3887,219 g=-2,7,-22
WFR t=105184 src=mcu type=0x01 len=16 data=aa9807010200000056117eea00007aa4
WFI t=105204 a=-1578,-3874,198 g=2,26,-16
WFR t=105204 src=mcu type=0x01 len=16 data=aa991d00ab04a08c64502748395e1e28
WFR t=105224 src=mcu type=0x01 len=16 data=aa9a646464625f5d5b5955010101d546
WFR t=105229 src=bms type=0x02 len=129 data=d2037c0eee0eed0eee0eed0eee0eed0eee0eee0eed0eed0eee0eee0ef10ef20ef20ef00ef20ef20ef30ef30ef20ef30ef40ef30ef10ef30ef30ef30000000000000000003d0000000000000000000000000000042e752e02af0ef40eec003d003d00000157001c0001001d0000000100010ef00008001500000000000000001983
WFI t=105254 a=-1544,-3897,209 g=-2,-1,-5
WFR t=105264 src=mcu type=0x01 len=16 data=aa9b0101010100000000fbfbecd30e91
WFR t=105284 src=mcu type=0x01 len=16 data=aa9c01180080000000000000ffff0e21
WFI t=105304 a=-1581,-3896,212 g=-3,-6,-1
WFR t=105324 src=mcu type=0x01 len=16 data=aa9d2e042f000000000000000000a3b7
WFR t=105344 src=mcu type=0x01 len=16 data=aa9e232c00000000000000000000fb5d
WFI t=105354 a=-1549,-3888,215 g=-5,-27,17
WFR t=105384 src=mcu type=0x01 len=16 data=aa9fb5a1b0bfd800000000000000dfe1
WFI t=105404 a=-1539,-3902,211 g=-4,-7,-1
WFR t=105404 src=mcu type=0x01 len=16 data=aaa000000000020c000035006a00d1bd
WFR t=105424 src=mcu type=0x01 len=16 data=aaa188044a5357583036323430360894
WFI t=105454 a=-1553,-3904,199 g=-4,10,-18
WFR t=105464 src=mcu type=0x01 len=16 data=aaa231344e4242463930333500005e71
WFR t=105484 src=mcu type=0x01 len=16 data=aaa301180080000000000000feff5a4e
WFI t=105504 a=-1559,-3877,196 g=-6,14,-18
WFR t=105524 src=mcu type=0x01 len=16 data=aaa42e042f000000000000000000ff8e
WFR t=105544 src=mcu type=0x01 len=16 data=aaa5232c00000000000000000000a026
WFI t=105554 a=-1575,-3889,215 g=-10,6,-16
WFR t=105564 src=mcu type=0x01 len=16 data=aaa6000000000000000000000000b4ce
WFI t=105604 a=-1578,-3894,224 g=-3,-7,10
WFR t=105604 src=mcu type=0x01 len=16 data=aaa7000000000000000000000000b64f
WFR t=105624 src=mcu type=0x01 len=16 data=aaa801801b000000400052a8194013c9
WFI t=105654 a=-1552,-3904,211 g=-8,-32,11
WFR t=105664 src=mcu type=0x01 len=16 data=aaa9028288135c4488132400ec02f999
WFR t=105684 src=mcu type=0x01 len=16 data=aaaa01180080000000000100ffff47eb
WFI t=105704 a=-1539,-3886,192 g=-1,1,0
WFR t=105704 src=mcu type=0x01 len=16 data=aaab2e042f000000000000000000eb81
WFR t=105744 src=mcu type=0x01 len=16 data=aaac232c00000000000000000000bdef
WFI t=105754 a=-1552,-3882,201 g=1,21,-22
WFR t=105764 src=mcu type=0x01 len=16 data=aaad0048005f00021000000100801d27
WFI t=105804 a=-1557,-3891,213 g=0,2,-11
WFR t=105804 src=mcu type=0x01 len=16 data=aaae55f04b0b18000000803a40005cef
WFR t=105824 src=mcu type=0x01 len=16 data=aaaf08610005460c2f78a00f090076a9
WFI t=105854 a=-1555,-3902,211 g=4,-15,11
WFR t=105864 src=mcu type=0x01 len=16 data=aab001180080000000000100feff60e1
WFR t=105884 src=mcu type=0x01 len=16 data=aab12e042f000000000000000000cd1b
WFI t=105904 a=-1546,-3898,212 g=-7,-11,-1
WFR t=105904 src=mcu type=0x01 len=16 data=aab2232c0000000000000000000095f1
WFR t=105944 src=mcu type=0x01 len=16 data=aab3014a02050030000488001b007188
WFI t=105954 a=-1560,-3890,205 g=-4,1,-6
WFR t=105964 src=mcu type=0x01 len=16 data=aab400009f0ca90c9a0c540600001589
WFI t=106004 a=-1555,-3901,196 g=-4,5,-8
WFR t=106004 src=mcu type=0x01 len=16 data=aab51c00e8517918060ec90ab00076eb
WFR t=106024 src=mcu type=0x01 len=16 data=aab6050804080080cb020122f13fc622
WFR t=106044 src=mcu type=0x01 len=16 data=aa8001180080000000000000ffff217d
WFI t=106054 a=-1555,-3905,212 g=-2,14,-21
WFR t=106084 src=mcu type=0x01 len=16 data=aa812e042f0000000000000000008ceb
WFI t=106104 a=-1586,-3906,203 g=-3,2,-3
WFR t=106104 src=mcu type=0x01 len=16 data=aa82232c00000000000000000000d401
WFR t=106144 src=mcu type=0x01 len=16 data=aa83000100011101b70111019f00058c
WFI t=106154 a=-1559,-3882,210 g=-5,-27,11
WFR t=106164 src=mcu type=0x01 len=16 data=aa840000090a10560001310051c45a55
WFR t=106184 src=mcu type=0x01 len=16 data=aa8513088003e204080b1000507864d4
WFI t=106204 a=-1536,-3885,202 g=-3,-19,10
WFR t=106224 src=mcu type=0x01 len=16 data=aa868403f4010400a00f8813c003f9eb
WFR t=106234 src=bms type=0x02 len=129 data=d2037c0eee0eed0eee0eed0eee0eed0eee0eee0eec0eed0eee0eee0ef10ef20ef20ef10ef20ef20ef30ef30ef30ef30ef30ef30ef10ef30ef30ef30000000000000000003d0000000000000000000000000000042e752f02af0ef30eed003d003d00000157001c0001001d0000000100010ef00006000a0000000000000000fb1b
WFR t=106278 src=mcu type=0x01 len=16 data=aa8701180080000000000100feff2a56
WFI t=106283 a=-1554,-3899,212 g=-4,12,-19
WFR t=106286 src=mcu type=0x01 len=16 data=aa882e042f0000000000000000009122
WFR t=106306 src=mcu type=0x01 len=16 data=aa89232c00000000000000000000ce8a
WFI t=106308 a=-1545,-3899,203 g=-1,19,-23
WFR t=106356 src=mcu type=0x01 len=16 data=aa8a480c1c0207284901230020001521
WFI t=106366 a=-1562,-3909,199 g=0,14,-14
WFR t=106366 src=mcu type=0x01 len=16 data=aa8b40005c03474c775419031a0e80f3
WFR t=106384 src=mcu type=0x01 len=16 data=aa8c2225bf0420034006b80b3e02672c
WFI t=106404 a=-1586,-3897,204 g=-4,-16,8
WFR t=106424 src=mcu type=0x01 len=16 data=aa8d800c800000006c07102780008244
WFR t=106444 src=mcu type=0x01 len=16 data=aa8e01180080000000000100feff379f
WFI t=106454 a=-1562,-3894,212 g=-10,-32,17
WFI t=106644 a=-1538,-3889,203 g=-3,-4,-1
WFR t=106645 src=mcu type=0x01 len=16 data=aa8f2e042f0000000000000000009a65
WFR t=106659 src=mcu type=0x01 len=16 data=aa90232c00000000000000000000edd3
WFR t=106659 src=mcu type=0x01 len=16 data=aa910b000f00465a667332000b9ed1a0
WFR t=106659 src=mcu type=0x01 len=16 data=aa92000000000000000000000000fbba
WFI t=106733 a=-1557,-3892,198 g=-3,0,-3
WFR t=106734 src=mcu type=0x01 len=16 data=aa93d804480804242c01c003214fe1ad
WFR t=106734 src=mcu type=0x01 len=16 data=aa94f0f465fffffff8080d00412af645
WFR t=106734 src=mcu type=0x01 len=16 data=aa9501180080000000000100ffff1214
WFR t=106734 src=mcu type=0x01 len=16 data=aa962e042f000000000000000000b93c
WFR t=106734 src=mcu type=0x01 len=16 data=aa97232c00000000000000000000e694
WFI t=106735 a=-1548,-3892,215 g=-6,-14,13
WFI t=106737 a=-1550,-3898,207 g=-2,-13,14
WFI t=106740 a=-1550,-3898,207 g=-2,-13,14
WFR t=106744 src=mcu type=0x01 len=16 data=aa9807010200000056117eea00007aa4
WFI t=106755 a=-1530,-3903,208 g=-1,-12,11
WFR t=106764 src=mcu type=0x01 len=16 data=aa991d00ab04a08c64502748395e1e28
WFR t=106784 src=mcu type=0x01 len=16 data=aa9a646464625f5d5b5955010101d546
WFI t=106804 a=-1547,-3888,202 g=-8,10,-23
WFR t=106804 src=mcu type=0x01 len=16 data=aa9b0101010100000000fbfbecd30e91
WFR t=106844 src=mcu type=0x01 len=16 data=aa9c01180080000000000100feff0e4d
WFT t=106846 batt_mv=4226 rssi_mcu=-71 rssi_bms=-79 mcu=3793 bms=87 dropped=0
WFI t=106854 a=-1572,-3888,190 g=0,15,-19
WFR t=106864 src=mcu type=0x01 len=16 data=aa9d2e042f000000000000000000a3b7
WFI t=106904 a=-1562,-3893,192 g=-1,-3,0
WFR t=106904 src=mcu type=0x01 len=16 data=aa9e232c00000000000000000000fb5d
WFR t=106924 src=mcu type=0x01 len=16 data=aa9fb5a1b0bfd800000000000000dfe1
WFI t=106954 a=-1565,-3900,203 g=-3,-16,2
WFR t=106964 src=mcu type=0x01 len=16 data=aaa000000000020c000035006a00d1bd
WFR t=106984 src=mcu type=0x01 len=16 data=aaa188044a5357583036323430360894
WFI t=107004 a=-1549,-3898,213 g=-1,-13,9
WFR t=107004 src=mcu type=0x01 len=16 data=aaa231344e4242463930333500005e71
WFR t=107044 src=mcu type=0x01 len=16 data=aaa301180080000000000000feff5a4e
WFI t=107054 a=-1547,-3895,190 g=-6,-2,-8
WFR t=107064 src=mcu type=0x01 len=16 data=aaa42e042f000000000000000000ff8e
WFI t=107104 a=-1553,-3889,199 g=-2,17,-17
WFR t=107104 src=mcu type=0x01 len=16 data=aaa5232c00000000000000000000a026
WFR t=107124 src=mcu type=0x01 len=16 data=aaa6000000000000000000000000b4ce
WFR t=107144 src=mcu type=0x01 len=16 data=aaa7000000000000000000000000b64f
WFI t=107154 a=-1566,-3891,203 g=-6,12,-15
WFR t=107184 src=mcu type=0x01 len=16 data=aaa801801b000000400052a8194013c9
WFI t=107204 a=-1574,-3894,213 g=-6,-18,5
WFR t=107204 src=mcu type=0x01 len=16 data=aaa9028288135c4488132400ec02f999
WFR t=107244 src=mcu type=0x01 len=16 data=aaaa01180080000000000000feff4787
WFI t=107254 a=-1530,-3899,195 g=-3,-14,8
WFR t=107264 src=mcu type=0x01 len=16 data=aaab2e042f000000000000000000eb81
WFR t=107284 src=mcu type=0x01 len=16 data=aaac232c00000000000000000000bdef
WFI t=107304 a=-1563,-3891,205 g=-7,-4,-8
WFR t=107324 src=mcu type=0x01 len=16 data=aaad0048005f00021000000100801d27
WFR t=107344 src=mcu type=0x01 len=16 data=aaae55f04b0b18000000803a40005cef
WFI t=107354 a=-1556,-3901,194 g=-3,13,-8
WFR t=107384 src=mcu type=0x01 len=16 data=aaaf08610005460c2f78a00f090076a9
WFI t=107404 a=-1560,-3891,207 g=-3,1,-16
WFR t=107404 src=mcu type=0x01 len=16 data=aab001180080000000000000ffff608d
WFR t=107424 src=mcu type=0x01 len=16 data=aab12e042f000000000000000000cd1b
WFI t=107454 a=-1571,-3893,212 g=0,0,-1
WFR t=107464 src=mcu type=0x01 len=16 data=aab2232c0000000000000000000095f1
WFR t=107484 src=mcu type=0x01 len=16 data=aab3014a02050030000488001b007188
WFI t=107504 a=-1558,-3905,212 g=-3,-18,2
WFR t=107524 src=mcu type=0x01 len=16 data=aab400009f0ca90c9a0c540600001589
WFR t=107544 src=mcu type=0x01 len=16 data=aab51c00e8517918060eff0ab0007963
WFI t=107554 a=-1556,-3895,203 g=0,-7,4
WFR t=107584 src=mcu type=0x01 len=16 data=aab6050804080080cb020122f13fc622
WFI t=107604 a=-1548,-3902,194 g=-1,6,-9
WFR t=107604 src=mcu type=0x01 len=16 data=aa8001180080000000000100feff2111
WFR t=107624 src=mcu type=0x01 len=16 data=aa812e042f0000000000000000008ceb
WFI t=107654 a=-1565,-3896,209 g=-7,10,-11
WFR t=107664 src=mcu type=0x01 len=16 data=aa82232c00000000000000000000d401
WFR t=107684 src=mcu type=0x01 len=16 data=aa83000100011101b70111019f00058c
WFI t=107704 a=-1553,-3897,207 g=1,-1,-1
WFR t=107724 src=mcu type=0x01 len=16 data=aa840000090a10560001310051c45a55
WFR t=107744 src=mcu type=0x01 len=16 data=aa8513088003e204080b1000507864d4
WFI t=107754 a=-1554,-3905,202 g=-5,-14,2
WFR t=107764 src=mcu type=0x01 len=16 data=aa868403f4010400a00f8813c003f9eb
WFI t=107804 a=-1536,-3886,197 g=-4,-7,2
WFR t=107804 src=mcu type=0x01 len=16 data=aa8701180080000000000000ffff2a3a
WFR t=107824 src=mcu type=0x01 len=16 data=aa882e042f0000000000000000009122
WFI t=107854 a=-1563,-3892,200 g=-3,3,-14
WFR t=107864 src=mcu type=0x01 len=16 data=aa89232c00000000000000000000ce8a
WFR t=107884 src=mcu type=0x01 len=16 data=aa8a480c1c0207284901230020001521
WFI t=107904 a=-1561,-3896,211 g=3,7,-9
WFR t=107904 src=mcu type=0x01 len=16 data=aa8b40005c03474c775419031a0e80f3
WFR t=107944 src=mcu type=0x01 len=16 data=aa8c2225bf0420034006b80b3e02672c
WFI t=107954 a=-1555,-3896,196 g=-4,2,-9
WFR t=107964 src=mcu type=0x01 len=16 data=aa8d800c800000006c07102780008244
WFI t=108004 a=-1566,-3903,201 g=0,-8,-3
WFR t=108005 src=mcu type=0x01 len=16 data=aa8e01180080000000000100feff379f
WFR t=108024 src=mcu type=0x01 len=16 data=aa8f2e042f0000000000000000009a65
WFR t=108044 src=mcu type=0x01 len=16 data=aa90232c00000000000000000000edd3
WFI t=108054 a=-1563,-3895,203 g=-3,-14,10
WFR t=108084 src=mcu type=0x01 len=16 data=aa910b000f00465a667332000b9ed1a0
WFI t=108104 a=-1554,-3909,200 g=-4,-4,-4
WFR t=108104 src=mcu type=0x01 len=16 data=aa92000000000000000000000000fbba
WFR t=108144 src=mcu type=0x01 len=16 data=aa93d804480804242c01c003214fe1ad
WFI t=108154 a=-1559,-3891,212 g=-4,9,-12
WFR t=108164 src=mcu type=0x01 len=16 data=aa94f0f465fffffff8080d00412af645
WFI t=108204 a=-1557,-3894,197 g=-5,6,-6
WFR t=108205 src=mcu type=0x01 len=16 data=aa9501180080000000000000ffff13e8
WFR t=108224 src=mcu type=0x01 len=16 data=aa962e042f000000000000000000b93c
WFR t=108244 src=mcu type=0x01 len=16 data=aa97232c00000000000000000000e694
WFI t=108254 a=-1558,-3892,206 g=-4,4,-11
WFR t=108284 src=mcu type=0x01 len=16 data=aa9807010200000056117eea00007aa4
WFI t=108304 a=-1575,-3897,205 g=-4,-4,-5
WFR t=108304 src=mcu type=0x01 len=16 data=aa991d00ab04a08c64502748395e1e28
WFR t=108344 src=mcu type=0x01 len=16 data=aa9a646464625f5d5b5955010101d546
WFI t=108354 a=-1565,-3901,207 g=1,-24,16
WFR t=108364 src=mcu type=0x01 len=16 data=aa9b0101010100000000fbfbecd30e91
WFR t=108384 src=mcu type=0x01 len=16 data=aa9c01180080000000000000feff0fb1
WFI t=108404 a=-1530,-3904,194 g=-2,-9,3
WFR t=108424 src=mcu type=0x01 len=16 data=aa9d2e042f000000000000000000a3b7
WFR t=108444 src=mcu type=0x01 len=16 data=aa9e232c00000000000000000000fb5d
WFI t=108454 a=-1558,-3896,209 g=1,16,-17
WFI t=108585 a=-1571,-3890,200 g=-5,3,-8
WFR t=108599 src=mcu type=0x01 len=16 data=aa9fb5a1b0bfd800000000000000dfe1
WFR t=108599 src=mcu type=0x01 len=16 data=aaa000000000020c000035006a00d1bd
WFR t=108599 src=mcu type=0x01 len=16 data=aaa188044a5357583036323430360894
WFR t=108600 src=mcu type=0x01 len=16 data=aaa231344e4242463930333500005e71
WFR t=108600 src=mcu type=0x01 len=16 data=aaa301180080000000000000ffff5bde
WFI t=108600 a=-1543,-3900,209 g=-1,-3,-1
WFI t=108605 a=-1572,-3898,192 g=-3,0,-5
WFR t=108624 src=mcu type=0x01 len=16 data=aaa42e042f000000000000000000ff8e
WFR t=108644 src=mcu type=0x01 len=16 data=aaa5232c00000000000000000000a026
WFI t=108654 a=-1580,-3882,214 g=-6,-11,1
WFR t=108684 src=mcu type=0x01 len=16 data=aaa6000000000000000000000000b4ce
WFI t=108704 a=-1548,-3887,205 g=-3,-8,5
WFR t=108704 src=mcu type=0x01 len=16 data=aaa7000000000000000000000000b64f
WFR t=108724 src=mcu type=0x01 len=16 data=aaa801801b000000400052a8194013c9
WFI t=108754 a=-1548,-3890,196 g=-4,5,-17
WFR t=108764 src=mcu type=0x01 len=16 data=aaa9028288135c4488132400ec02f999
WFR t=108784 src=mcu type=0x01 len=16 data=aaaa01180080000000000000feff4787
WFI t=108804 a=-1564,-3884,213 g=-2,9,-11
WFR t=108824 src=mcu type=0x01 len=16 data=aaab2e042f000000000000000000eb81
WFR t=108844 src=mcu type=0x01 len=16 data=aaac232c00000000000000000000bdef
WFI t=108854 a=-1564,-3883,198 g=-9,-6,-1
WFR t=108864 src=mcu type=0x01 len=16 data=aaad0048005f00021000000100801d27
WFI t=108904 a=-1557,-3900,205 g=-5,-9,2
WFR t=108904 src=mcu type=0x01 len=16 data=aaae55f04b0b18000000803a40005cef
WFR t=108924 src=mcu type=0x01 len=16 data=aaaf08610005460c2f78a00f090076a9
WFI t=108954 a=-1556,-3902,210 g=-3,-10,3
WFR t=108965 src=mcu type=0x01 len=16 data=aab001180080000000000100feff60e1
WFR t=108984 src=mcu type=0x01 len=16 data=aab12e042f000000000000000000cd1b
WFI t=109004 a=-1560,-3885,210 g=-6,-1,-4
WFR t=109004 src=mcu type=0x01 len=16 data=aab2232c0000000000000000000095f1
WFR t=109044 src=mcu type=0x01 len=16 data=aab3014a02050030000488001b007188
WFI t=109054 a=-1561,-3903,201 g=-2,15,-17
WFR t=109064 src=mcu type=0x01 len=16 data=aab400009f0ca90c9a0c540600001589
WFI t=109104 a=-1566,-3888,206 g=-3,12,-13
WFR t=109104 src=mcu type=0x01 len=16 data=aab51c00e8517918060ec60ab00075ff
WFR t=109124 src=mcu type=0x01 len=16 data=aab6050804080080cb020122f13fc622
WFR t=109144 src=mcu type=0x01 len=16 data=aa8001180080000000000000feff20ed
WFI t=109154 a=-1569,-3895,200 g=-1,-15,6
WFR t=109184 src=mcu type=0x01 len=16 data=aa812e042f0000000000000000008ceb
WFI t=109204 a=-1552,-3895,208 g=-2,-19,13
WFR t=109204 src=mcu type=0x01 len=16 data=aa82232c00000000000000000000d401
WFR t=109244 src=mcu type=0x01 len=16 data=aa83000100011101b70111019f00058c
WFI t=109254 a=-1547,-3891,192 g=-8,-4,-9
WFE t=109260 bms probe start after 3 unanswered, silent 3024 ms
WFR t=109264 src=mcu type=0x01 len=16 data=aa840000090a10560001310051c45a55
WFE t=109294 bms probe write_rsp rc=0
WFI t=109304 a=-1554,-3887,210 g=1,13,-12
WFR t=109304 src=mcu type=0x01 len=16 data=aa8513088003e204080b1000507864d4
WFR t=109324 src=mcu type=0x01 len=16 data=aa868403f4010400a00f8813c003f9eb
WFE t=109339 bms probe read rc=0 len=0
WFR t=109344 src=mcu type=0x01 len=16 data=aa8701180080000000000000ffff2a3a
WFI t=109354 a=-1571,-3896,190 g=-4,12,-19
WFE t=109369 bms probe cccd off rc=0
WFR t=109384 src=mcu type=0x01 len=16 data=aa882e042f0000000000000000009122
WFI t=109404 a=-1569,-3898,209 g=0,0,-1
WFR t=109404 src=mcu type=0x01 len=16 data=aa89232c00000000000000000000ce8a
WFE t=109414 bms probe cccd on rc=0
WFR t=109444 src=mcu type=0x01 len=16 data=aa8a480c1c0207284901230020001521
WFI t=109454 a=-1552,-3889,217 g=-5,-23,12
WFR t=109464 src=mcu type=0x01 len=16 data=aa8b40005c03474c775419031a0e80f3
WFR t=109484 src=mcu type=0x01 len=16 data=aa8c2225bf0420034006b80b3e02672c
WFI t=109504 a=-1543,-3892,213 g=-8,-12,2
WFR t=109524 src=mcu type=0x01 len=16 data=aa8d800c800000006c07102780008244
WFR t=109544 src=mcu type=0x01 len=16 data=aa8e01180080000000000000ffff37f3
WFI t=109554 a=-1554,-3891,202 g=-4,14,-16
WFR t=109584 src=mcu type=0x01 len=16 data=aa8f2e042f0000000000000000009a65
WFR t=109652 src=mcu type=0x01 len=16 data=aa90232c00000000000000000000edd3
WFR t=109653 src=mcu type=0x01 len=16 data=aa910b000f00465a667332000b9ed1a0
WFI t=109653 a=-1553,-3887,207 g=1,-4,-2
WFI t=109656 a=-1549,-3892,205 g=-4,-3,-1
WFR t=109664 src=mcu type=0x01 len=16 data=aa92000000000000000000000000fbba
WFR t=109684 src=mcu type=0x01 len=16 data=aa93d804480804242c01c003214fe1ad
WFI t=109704 a=-1559,-3905,218 g=-5,-2,-7
WFR t=109724 src=mcu type=0x01 len=16 data=aa94f0f465fffffff8080d00412af645
WFR t=109744 src=mcu type=0x01 len=16 data=aa9501180080000000000000ffff13e8
WFI t=109754 a=-1567,-3890,202 g=-5,-9,2
WFR t=109784 src=mcu type=0x01 len=16 data=aa962e042f000000000000000000b93c
WFI t=109804 a=-1538,-3896,200 g=-5,-10,3
WFR t=109804 src=mcu type=0x01 len=16 data=aa97232c00000000000000000000e694
WFR t=109824 src=mcu type=0x01 len=16 data=aa9807010200000056117eea00007aa4
WFI t=109854 a=-1553,-3902,199 g=-4,6,-15
WFR t=109864 src=mcu type=0x01 len=16 data=aa991d00ab04a08c64502748395e1e28
WFR t=109884 src=mcu type=0x01 len=16 data=aa9a646464625f5d5b5955010101d546
WFI t=109904 a=-1554,-3887,210 g=-3,7,-12
WFR t=109924 src=mcu type=0x01 len=16 data=aa9b0101010100000000fbfbecd30e91
WFR t=109944 src=mcu type=0x01 len=16 data=aa9c01180080000000000000ffff0e21
WFI t=109954 a=-1554,-3896,198 g=-1,-1,-5
WFR t=109964 src=mcu type=0x01 len=16 data=aa9d2e042f000000000000000000a3b7
WFI t=110004 a=-1560,-3892,206 g=1,-2,2
WFR t=110004 src=mcu type=0x01 len=16 data=aa9e232c00000000000000000000fb5d
WFR t=110024 src=mcu type=0x01 len=16 data=aa9fb5a1b0bfd800000000000000dfe1
WFI t=110054 a=-1557,-3877,192 g=-7,-13,2
WFR t=110064 src=mcu type=0x01 len=16 data=aaa000000000020c000035006a00d1bd
WFR t=110084 src=mcu type=0x01 len=16 data=aaa188044a5357583036323430360894
WFI t=110104 a=-1543,-3896,205 g=3,-6,4
WFR t=110104 src=mcu type=0x01 len=16 data=aaa231344e4242463930333500005e71
WFR t=110144 src=mcu type=0x01 len=16 data=aaa301180080000000000000feff5a4e
WFI t=110154 a=-1534,-3891,192 g=-3,13,-19
WFR t=110165 src=mcu type=0x01 len=16 data=aaa42e042f000000000000000000ff8e
WFI t=110204 a=-1594,-3901,211 g=-4,16,-19
WFR t=110204 src=mcu type=0x01 len=16 data=aaa5232c00000000000000000000a026
WFR t=110224 src=mcu type=0x01 len=16 data=aaa6000000000000000000000000b4ce
WFR t=110244 src=mcu type=0x01 len=16 data=aaa7000000000000000000000000b64f
WFI t=110254 a=-1561,-3888,206 g=-6,-12,7
WFR t=110285 src=mcu type=0x01 len=16 data=aaa801801b000000400052a8194013c9
WFI t=110304 a=-1551,-3896,198 g=-6,-21,11
WFR t=110304 src=mcu type=0x01 len=16 data=aaa9028288135c4488132400ec02f999
WFR t=110345 src=mcu type=0x01 len=16 data=aaaa01180080000000000100feff467b
WFI t=110354 a=-1555,-3889,203 g=-1,-5,2
WFR t=110364 src=mcu type=0x01 len=16 data=aaab2e042f000000000000000000eb81
WFI t=110404 a=-1548,-3895,200 g=-3,4,-15
WFR t=110404 src=mcu type=0x01 len=16 data=aaac232c00000000000000000000bdef
WFR t=110424 src=mcu type=0x01 len=16 data=aaad0048005f00021000000100801d27
WFR t=110444 src=mcu type=0x01 len=16 data=aaae55f04b0b18000000803a40005cef
WFI t=110454 a=-1566,-3896,207 g=-4,15,-18
WFR t=110484 src=mcu type=0x01 len=16 data=aaaf08610005460c2f78a00f090076a9
WFR t=110528 src=mcu type=0x01 len=16 data=aab001180080000000000000feff611d
WFI t=110594 a=-1578,-3908,203 g=-3,-4,-4
WFI t=110658 a=-1564,-3899,214 g=-1,-17,8
WFR t=110659 src=mcu type=0x01 len=16 data=aab12e042f000000000000000000cd1b
WFI t=110733 a=-1561,-3894,203 g=-3,-7,3
WFR t=110748 src=mcu type=0x01 len=16 data=aab2232c0000000000000000000095f1
WFR t=110748 src=mcu type=0x01 len=16 data=aab3014a02050030000488001b007188
WFR t=110748 src=mcu type=0x01 len=16 data=aab400009f0ca90c9a0c540600001589
WFR t=110748 src=mcu type=0x01 len=16 data=aab51c00e8517918060ec60ab00075ff
WFR t=110749 src=mcu type=0x01 len=16 data=aab6050804080080cb020122f13fc622
WFI t=110749 a=-1554,-3892,210 g=-3,22,-25
WFR t=110749 src=mcu type=0x01 len=16 data=aa8001180080000000000000feff20ed
WFR t=110749 src=mcu type=0x01 len=16 data=aa812e042f0000000000000000008ceb
WFI t=110751 a=-1565,-3891,212 g=-2,21,-24
WFI t=110754 a=-1577,-3892,210 g=-3,23,-26
WFR t=110765 src=mcu type=0x01 len=16 data=aa82232c00000000000000000000d401
WFR t=110784 src=mcu type=0x01 len=16 data=aa83000100011101b70111019f00058c
WFI t=110804 a=-1589,-3899,205 g=-5,-3,1
WFR t=110824 src=mcu type=0x01 len=16 data=aa840000090a10560001310051c45a55
WFR t=110844 src=mcu type=0x01 len=16 data=aa8513088003e204080b1000507864d4
WFI t=110854 a=-1554,-3897,200 g=-3,-26,10
WFR t=110884 src=mcu type=0x01 len=16 data=aa868403f4010400a00f8813c003f9eb
WFI t=110904 a=-1547,-3884,193 g=-1,-6,0
WFR t=110905 src=mcu type=0x01 len=16 data=aa8701180080000000000000ffff2a3a
WFR t=110924 src=mcu type=0x01 len=16 data=aa882e042f0000000000000000009122
WFI t=110954 a=-1550,-3884,201 g=3,13,-15
WFR t=110964 src=mcu type=0x01 len=16 data=aa89232c00000000000000000000ce8a
WFR t=110984 src=mcu type=0x01 len=16 data=aa8a480c1c0207284901230020001521
WFI t=111004 a=-1571,-3894,205 g=-1,4,-14
WFR t=111024 src=mcu type=0x01 len=16 data=aa8b40005c03474c775419031a0e80f3
WFR t=111044 src=mcu type=0x01 len=16 data=aa8c2225bf0420034006b80b3e02672c
WFI t=111054 a=-1565,-3902,202 g=-5,-5,2
WFR t=111064 src=mcu type=0x01 len=16 data=aa8d800c800000006c07102780008244
WFI t=111104 a=-1550,-3888,203 g=-5,-13,-4
WFR t=111105 src=mcu type=0x01 len=16 data=aa8e01180080000000000000ffff37f3
WFR t=111124 src=mcu type=0x01 len=16 data=aa8f2e042f0000000000000000009a65
WFI t=111154 a=-1568,-3886,208 g=-1,-8,7
WFR t=111164 src=mcu type=0x01 len=16 data=aa90232c00000000000000000000edd3
WFR t=111184 src=mcu type=0x01 len=16 data=aa910b000f00465a667332000b9ed1a0
WFI t=111204 a=-1548,-3905,205 g=-1,-4,-2
WFR t=111204 src=mcu type=0x01 len=16 data=aa92000000000000000000000000fbba
WFR t=111244 src=mcu type=0x01 len=16 data=aa93d804480804242c01c003214fe1ad
WFI t=111254 a=-1553,-3897,205 g=0,6,-16
WFR t=111264 src=mcu type=0x01 len=16 data=aa94f0f465fffffff8080d00412af645
WFI t=111304 a=-1558,-3884,192 g=4,10,-5
WFR t=111305 src=mcu type=0x01 len=16 data=aa9501180080000000000000feff1278
WFR t=111324 src=mcu type=0x01 len=16 data=aa962e042f000000000000000000b93c
WFR t=111344 src=mcu type=0x01 len=16 data=aa97232c00000000000000000000e694
WFI t=111354 a=-1559,-3888,203 g=-4,-4,-11
WFR t=111384 src=mcu type=0x01 len=16 data=aa9807010200000056117eea00007aa4
WFI t=111404 a=-1564,-3890,212 g=-1,-9,9
WFR t=111404 src=mcu type=0x01 len=16 data=aa991d00ab04a08c64502748395e1e28
WFR t=111444 src=mcu type=0x01 len=16 data=aa9a646464625f5d5b5955010101d546
WFI t=111454 a=-1546,-3888,212 g=-3,-18,7
WFR t=111464 src=mcu type=0x01 len=16 data=aa9b0101010100000000fbfbecd30e91
WFI t=111504 a=-1555,-3894,210 g=-3,-3,-8
WFR t=111505 src=mcu type=0x01 len=16 data=aa9c01180080000000000100feff0e4d
WFR t=111524 src=mcu type=0x01 len=16 data=aa9d2e042f000000000000000000a3b7
WFR t=111544 src=mcu type=0x01 len=16 data=aa9e232c00000000000000000000fb5d
WFI t=111554 a=-1557,-3887,196 g=-3,17,-15
WFR t=111584 src=mcu type=0x01 len=16 data=aa9fb5a1b0bfd800000000000000dfe1
WFI t=111604 a=-1567,-3892,199 g=-4,1,-12
WFR t=111605 src=mcu type=0x01 len=16 data=aaa000000000020c000035006a00d1bd
WFR t=111644 src=mcu type=0x01 len=16 data=aaa188044a5357583036323430360894
WFI t=111654 a=-1562,-3895,204 g=0,-11,5
WFR t=111664 src=mcu type=0x01 len=16 data=aaa231344e4242463930333500005e71
WFR t=111685 src=mcu type=0x01 len=16 data=aaa301180080000000000100feff5bb2
WFI t=111704 a=-1564,-3904,202 g=-5,-16,3
WFR t=111725 src=mcu type=0x01 len=16 data=aaa42e042f000000000000000000ff8e
WFR t=111744 src=mcu type=0x01 len=16 data=aaa5232c00000000000000000000a026
WFI t=111754 a=-1559,-3899,203 g=-4,-6,-1
WFR t=111784 src=mcu type=0x01 len=16 data=aaa6000000000000000000000000b4ce
WFI t=111804 a=-1549,-3891,198 g=-3,15,-17
WFR t=111804 src=mcu type=0x01 len=16 data=aaa7000000000000000000000000b64f
WFR t=111824 src=mcu type=0x01 len=16 data=aaa801801b000000400052a8194013c9
WFI t=111854 a=-1578,-3894,209 g=-5,7,-13
WFT t=111862 batt_mv=4226 rssi_mcu=-70 rssi_bms=-77 mcu=3970 bms=87 dropped=0
WFR t=111864 src=mcu type=0x01 len=16 data=aaa9028288135c4488132400ec02f999
WFR t=111885 src=mcu type=0x01 len=16 data=aaaa01180080000000000000ffff4617
WFI t=111904 a=-1552,-3887,208 g=-7,-12,4
WFR t=111924 src=mcu type=0x01 len=16 data=aaab2e042f000000000000000000eb81
WFR t=111944 src=mcu type=0x01 len=16 data=aaac232c00000000000000000000bdef
WFI t=111954 a=-1549,-3901,209 g=1,-10,1
WFR t=111964 src=mcu type=0x01 len=16 data=aaad0048005f00021000000100801d27
WFI t=112004 a=-1553,-3886,204 g=-3,-2,-3
WFR t=112005 src=mcu type=0x01 len=16 data=aaae55f04b0b18000000803a40005cef
WFR t=112024 src=mcu type=0x01 len=16 data=aaaf08610005460c2f78a00f090076a9
WFI t=112054 a=-1560,-3880,202 g=-3,-3,-1
WFR t=112065 src=mcu type=0x01 len=16 data=aab001180080000000000000feff611d
WFR t=112084 src=mcu type=0x01 len=16 data=aab12e042f000000000000000000cd1b
WFI t=112104 a=-1544,-3889,208 g=0,3,-8
WFR t=112124 src=mcu type=0x01 len=16 data=aab2232c0000000000000000000095f1
WFR t=112144 src=mcu type=0x01 len=16 data=aab3014a02050030000488001b007188
WFI t=112154 a=-1581,-3890,215 g=-1,5,-10
WFR t=112164 src=mcu type=0x01 len=16 data=aab400009f0ca90c9a0c540600001589
WFI t=112204 a=-1568,-3886,191 g=-6,-5,-5
WFR t=112204 src=mcu type=0x01 len=16 data=aab51c00e8517918060ec20ab00074cf
WFR t=112224 src=mcu type=0x01 len=16 data=aab6050804080080cb020122f13fc622
WFI t=112254 a=-1555,-3899,209 g=-2,-5,0
WFR t=112265 src=mcu type=0x01 len=16 data=aa8001180080000000000000ffff217d
WFR t=112284 src=mcu type=0x01 len=16 data=aa812e042f0000000000000000008ceb
WFI t=112304 a=-1551,-3892,205 g=-2,-3,-3
WFR t=112304 src=mcu type=0x01 len=16 data=aa82232c00000000000000000000d401
WFR t=112344 src=mcu type=0x01 len=16 data=aa83000100011101b70111019f00058c
WFI t=112354 a=-1546,-3906,201 g=-4,-7,-4
WFR t=112364 src=mcu type=0x01 len=16 data=aa840000090a10560001310051c45a55
WFI t=112404 a=-1555,-3904,204 g=-2,0,-2
WFR t=112404 src=mcu type=0x01 len=16 data=aa8513088003e204080b1000507864d4
WFR t=112424 src=mcu type=0x01 len=16 data=aa868403f4010400a00f8813c003f9eb
WFI t=112454 a=-1553,-3875,210 g=-6,3,-11
WFR t=112465 src=mcu type=0x01 len=16 data=aa8701180080000000000000ffff2a3a
WFR t=112484 src=mcu type=0x01 len=16 data=aa882e042f0000000000000000009122
WFI t=112504 a=-1561,-3892,194 g=1,2,-5
WFR t=112504 src=mcu type=0x01 len=16 data=aa89232c00000000000000000000ce8a
WFR t=112628 src=mcu type=0x01 len=16 data=aa8a480c1c0207284901230020001521
WFR t=112628 src=mcu type=0x01 len=16 data=aa8b40005c03474c775419031a0e80f3
WFR t=112628 src=mcu type=0x01 len=16 data=aa8c2225bf0420034006b80b3e02672c
WFR t=112628 src=mcu type=0x01 len=16 data=aa8d800c800000006c07102780008244
WFI t=112628 a=-1553,-3899,206 g=-3,-5,-6
WFI t=112631 a=-1559,-3895,200 g=-6,-2,-7
WFR t=112645 src=mcu type=0x01 len=16 data=aa8e01180080000000000000feff3663
WFI t=112654 a=-1555,-3891,206 g=-3,-3,-7
WFR t=112685 src=mcu type=0x01 len=16 data=aa8f2e042f0000000000000000009a65
WFI t=112704 a=-1558,-3896,206 g=-5,2,-6
WFR t=112704 src=mcu type=0x01 len=16 data=aa90232c00000000000000000000edd3
WFR t=112744 src=mcu type=0x01 len=16 data=aa910b000f00465a667332000b9ed1a0
WFI t=112754 a=-1556,-3897,206 g=-6,0,-10
WFR t=112764 src=mcu type=0x01 len=16 data=aa92000000000000000000000000fbba
WFR t=112784 src=mcu type=0x01 len=16 data=aa93d804480804242c01c003214fe1ad
WFI t=112804 a=-1556,-3895,206 g=-3,0,-2
WFR t=112824 src=mcu type=0x01 len=16 data=aa94f0f465fffffff8080d00412af645
WFR t=112845 src=mcu type=0x01 len=16 data=aa9501180080000000000100feff1384
WFI t=112854 a=-1560,-3897,205 g=-6,-10,-1
WFR t=112885 src=mcu type=0x01 len=16 data=aa962e042f000000000000000000b93c
WFI t=112904 a=-1563,-3897,203 g=1,-6,0
WFR t=112904 src=mcu type=0x01 len=16 data=aa97232c00000000000000000000e694
WFR t=112924 src=mcu type=0x01 len=16 data=aa9807010200000056117eea00007aa4
WFI t=112954 a=-1543,-3910,201 g=-6,-1,-7
WFR t=112964 src=mcu type=0x01 len=16 data=aa991d00ab04a08c64502748395e1e28
WFR t=112984 src=mcu type=0x01 len=16 data=aa9a646464625f5d5b5955010101d546
WFI t=113004 a=-1562,-3890,217 g=-3,6,-7
WFR t=113024 src=mcu type=0x01 len=16 data=aa9b0101010100000000fbfbecd30e91
WFR t=113045 src=mcu type=0x01 len=16 data=aa9c01180080000000000000ffff0e21
WFI t=113054 a=-1559,-3906,212 g=3,-1,-4
WFR t=113065 src=mcu type=0x01 len=16 data=aa9d2e042f000000000000000000a3b7
WFI t=113104 a=-1558,-3896,200 g=-6,-10,-2
WFR t=113105 src=mcu type=0x01 len=16 data=aa9e232c00000000000000000000fb5d
WFI t=113155 a=-1555,-3893,194 g=-4,-4,2
WFR t=113165 src=mcu type=0x01 len=16 data=aa9fb5a1b0bfd800000000000000dfe1
WFR t=113165 src=mcu type=0x01 len=16 data=aaa000000000020c000035006a00d1bd
WFR t=113184 src=mcu type=0x01 len=16 data=aaa188044a5357583036323430360894
WFI t=113204 a=-1566,-3891,193 g=-9,3,-11
WFR t=113224 src=mcu type=0x01 len=16 data=aaa231344e4242463930333500005e71
WFR t=113245 src=mcu type=0x01 len=16 data=aaa301180080000000000000feff5a4e
WFI t=113254 a=-1568,-3901,213 g=-3,-3,-5
WFR t=113265 src=mcu type=0x01 len=16 data=aaa42e042f000000000000000000ff8e
WFI t=113304 a=-1545,-3897,217 g=-3,-11,2
WFR t=113304 src=mcu type=0x01 len=16 data=aaa5232c00000000000000000000a026
WFR t=113324 src=mcu type=0x01 len=16 data=aaa6000000000000000000000000b4ce
WFI t=113354 a=-1555,-3886,193 g=-6,2,-16
WFR t=113364 src=mcu type=0x01 len=16 data=aaa7000000000000000000000000b64f
WFR t=113384 src=mcu type=0x01 len=16 data=aaa801801b000000400052a8194013c9
WFI t=113404 a=-1575,-3901,211 g=-3,3,-5
WFR t=113405 src=mcu type=0x01 len=16 data=aaa9028288135c4488132400ec02f999
WFR t=113445 src=mcu type=0x01 len=16 data=aaaa01180080000000000000ffff4617
WFI t=113454 a=-1560,-3881,196 g=-2,-12,6
WFR t=113465 src=mcu type=0x01 len=16 data=aaab2e042f000000000000000000eb81
WFI t=113504 a=-1569,-3898,204 g=-6,-13,3
WFR t=113505 src=mcu type=0x01 len=16 data=aaac232c00000000000000000000bdef
WFR t=113524 src=mcu type=0x01 len=16 data=aaad0048005f00021000000100801d27
WFR t=113544 src=mcu type=0x01 len=16 data=aaae55f04b0b18000000803a40005cef
WFI t=113554 a=-1553,-3905,206 g=2,-8,4
WFR t=113585 src=mcu type=0x01 len=16 data=aaaf08610005460c2f78a00f090076a9
WFI t=113604 a=-1551,-3884,190 g=-7,13,-17
WFR t=113605 src=mcu type=0x01 len=16 data=aab001180080000000000000feff611d
WFR t=113645 src=mcu type=0x01 len=16 data=aab12e042f000000000000000000cd1b
WFI t=113654 a=-1573,-3886,202 g=-1,28,-23
WFR t=113664 src=mcu type=0x01 len=16 data=aab2232c0000000000000000000095f1
WFI t=113704 a=-1576,-3886,207 g=7,-2,-1
WFR t=113705 src=mcu type=0x01 len=16 data=aab3014a02050030000488001b007188
WFR t=113724 src=mcu type=0x01 len=16 data=aab400009f0ca90c9a0c540600001589
WFR t=113744 src=mcu type=0x01 len=16 data=aab51c00e8517918060eca0ab00076af
WFI t=113754 a=-1571,-3900,211 g=-7,-36,16
WFR t=113784 src=mcu type=0x01 len=16 data=aab6050804080080cb020122f13fc622
WFI t=113804 a=-1539,-3905,211 g=-2,-12,12
WFR t=113805 src=mcu type=0x01 len=16 data=aa8001180080000000000000ffff217d
WFR t=113844 src=mcu type=0x01 len=16 data=aa812e042f0000000000000000008ceb
WFI t=113854 a=-1548,-3895,208 g=-4,7,-23
WFR t=113864 src=mcu type=0x01 len=16 data=aa82232c00000000000000000000d401
WFI t=113904 a=-1571,-3888,213 g=0,13,-13
WFR t=113905 src=mcu type=0x01 len=16 data=aa83000100011101b70111019f00058c
WFR t=113924 src=mcu type=0x01 len=16 data=aa840000090a10560001310051c45a55
WFR t=113944 src=mcu type=0x01 len=16 data=aa8513088003e204080b1000507864d4
WFI t=113954 a=-1552,-3908,193 g=0,3,-13
WFR t=113984 src=mcu type=0x01 len=16 data=aa868403f4010400a00f8813c003f9eb
WFI t=114004 a=-1585,-3908,205 g=-6,-6,-5
WFR t=114005 src=mcu type=0x01 len=16 data=aa8701180080000000000000feff2baa
WFR t=114025 src=mcu type=0x01 len=16 data=aa882e042f0000000000000000009122
WFI t=114054 a=-1549,-3894,192 g=0,-20,16
WFR t=114065 src=mcu type=0x01 len=16 data=aa89232c00000000000000000000ce8a
WFR t=114084 src=mcu type=0x01 len=16 data=aa8a480c1c0207284901230020001521
WFI t=114104 a=-1538,-3895,209 g=-7,-14,-1
WFR t=114125 src=mcu type=0x01 len=16 data=aa8b40005c03474c775419031a0e80f3
WFR t=114144 src=mcu type=0x01 len=16 data=aa8c2225bf0420034006b80b3e02672c
WFI t=114154 a=-1548,-3888,202 g=-3,13,-14
WFR t=114164 src=mcu type=0x01 len=16 data=aa8d800c800000006c07102780008244
WFI t=114204 a=-1564,-3892,201 g=-5,10,-16
WFR t=114205 src=mcu type=0x01 len=16 data=aa8e01180080000000000100feff379f
WFR t=114225 src=mcu type=0x01 len=16 data=aa8f2e042f0000000000000000009a65
WFI t=114254 a=-1563,-3896,205 g=-7,3,-8
WFR t=114264 src=mcu type=0x01 len=16 data=aa90232c00000000000000000000edd3
WFR t=114284 src=mcu type=0x01 len=16 data=aa910b000f00465a667332000b9ed1a0
WFI t=114304 a=-1562,-3899,226 g=-2,-8,1
WFR t=114325 src=mcu type=0x01 len=16 data=aa92000000000000000000000000fbba
WFR t=114344 src=mcu type=0x01 len=16 data=aa93d804480804242c01c003214fe1ad
WFI t=114354 a=-1568,-3898,214 g=-7,-24,9
WFR t=114365 src=mcu type=0x01 len=16 data=aa94f0f465fffffff8080d00412af645
WFI t=114404 a=-1539,-3898,207 g=-4,-14,5
WFR t=114405 src=mcu type=0x01 len=16 data=aa9501180080000000000000feff1278
WFR t=114425 src=mcu type=0x01 len=16 data=aa962e042f000000000000000000b93c
WFI t=114454 a=-1548,-3897,201 g=-4,19,-23
WFR t=114464 src=mcu type=0x01 len=16 data=aa97232c00000000000000000000e694
WFR t=114485 src=mcu type=0x01 len=16 data=aa9807010200000056117eea00007aa4
WFI t=114504 a=-1576,-3882,209 g=-4,19,-20
WFR t=114505 src=mcu type=0x01 len=16 data=aa991d00ab04a08c64502748395e1e28
WFR t=114593 src=mcu type=0x01 len=16 data=aa9a646464625f5d5b5955010101d546
WFR t=114594 src=mcu type=0x01 len=16 data=aa9b0101010100000000fbfbecd30e91
WFI t=114597 a=-1541,-3898,203 g=-8,-27,14
WFR t=114607 src=mcu type=0x01 len=16 data=aa9c01180080000000000000feff0fb1
WFI t=114607 a=-1547,-3895,209 g=-2,-25,11
WFI t=114757 a=-1555,-3890,193 g=-2,12,-13
WFI t=114834 a=-1559,-3901,217 g=-3,12,-18
WFR t=114835 src=mcu type=0x01 len=16 data=aa9d2e042f000000000000000000a3b7
WFI t=114849 a=-1568,-3890,198 g=-4,-14,4
WFR t=114850 src=mcu type=0x01 len=16 data=aa9e232c00000000000000000000fb5d
WFR t=114850 src=mcu type=0x01 len=16 data=aa9fb5a1b0bfd800000000000000dfe1
WFR t=114850 src=mcu type=0x01 len=16 data=aaa000000000020c000035006a00d1bd
WFR t=114850 src=mcu type=0x01 len=16 data=aaa188044a5357583036323430360894
WFR t=114851 src=mcu type=0x01 len=16 data=aaa231344e4242463930333500005e71
WFR t=114851 src=mcu type=0x01 len=16 data=aaa301180080000000000000feff5a4e
WFR t=114851 src=mcu type=0x01 len=16 data=aaa42e042f000000000000000000ff8e
WFI t=114851 a=-1563,-3893,213 g=-5,-18,7
WFR t=114851 src=mcu type=0x01 len=16 data=aaa5232c00000000000000000000a026
WFI t=114854 a=-1555,-3900,210 g=-5,-19,7
WFR t=114885 src=mcu type=0x01 len=16 data=aaa6000000000000000000000000b4ce
WFI t=114904 a=-1559,-3893,201 g=-6,-20,11
WFR t=114905 src=mcu type=0x01 len=16 data=aaa7000000000000000000000000b64f
WFR t=114944 src=mcu type=0x01 len=16 data=aaa801801b000000400052a8194013c9
WFI t=114954 a=-1551,-3894,206 g=-5,2,-9
WFR t=114965 src=mcu type=0x01 len=16 data=aaa9028288135c4488132400ec02f999
WFR t=114985 src=mcu type=0x01 len=16 data=aaaa01180080000000000000feff4787
WFI t=115004 a=-1552,-3893,213 g=-1,13,-21
WFR t=115025 src=mcu type=0x01 len=16 data=aaab2e042f000000000000000000eb81
WFR t=115044 src=mcu type=0x01 len=16 data=aaac232c00000000000000000000bdef
WFI t=115054 a=-1564,-3891,201 g=-5,12,-13
WFR t=115085 src=mcu type=0x01 len=16 data=aaad0048005f00021000000100801d27
WFI t=115104 a=-1562,-3903,200 g=-4,-9,-1
WFR t=115104 src=mcu type=0x01 len=16 data=aaae55f04b0b18000000803a40005cef
WFR t=115125 src=mcu type=0x01 len=16 data=aaaf08610005460c2f78a00f090076a9
WFI t=115154 a=-1565,-3879,211 g=1,-19,12
WFR t=115165 src=mcu type=0x01 len=16 data=aab001180080000000000000ffff608d
WFR t=115185 src=mcu type=0x01 len=16 data=aab12e042f000000000000000000cd1b
WFI t=115204 a=-1548,-3899,214 g=-3,-11,6
WFR t=115225 src=mcu type=0x01 len=16 data=aab2232c0000000000000000000095f1
WFR t=115244 src=mcu type=0x01 len=16 data=aab3014a02050030000488001b007188
WFI t=115254 a=-1560,-3900,217 g=-3,7,-12
WFR t=115265 src=mcu type=0x01 len=16 data=aab400009f0ca90c9a0c540600001589
WFI t=115304 a=-1565,-3893,216 g=-7,24,-23
WFR t=115305 src=mcu type=0x01 len=16 data=aab51c00e8517918060eb40ab0006e87
WFR t=115325 src=mcu type=0x01 len=16 data=aab6050804080080cb020122f13fc622
WFI t=115354 a=-1569,-3900,196 g=2,2,-10
WFR t=115365 src=mcu type=0x01 len=16 data=aa8001180080000000000000ffff217d
WFR t=115385 src=mcu type=0x01 len=16 data=aa812e042f0000000000000000008ceb
WFI t=115404 a=-1558,-3890,211 g=-3,-22,17
WFR t=115425 src=mcu type=0x01 len=16 data=aa82232c00000000000000000000d401
WFR t=115445 src=mcu type=0x01 len=16 data=aa83000100011101b70111019f00058c
WFI t=115454 a=-1535,-3893,209 g=-6,-22,12
WFR t=115465 src=mcu type=0x01 len=16 data=aa840000090a10560001310051c45a55
WFI t=115504 a=-1535,-3880,206 g=-2,14,-12
WFR t=115505 src=mcu type=0x01 len=16 data=aa8513088003e204080b1000507864d4
WFR t=115524 src=mcu type=0x01 len=16 data=aa868403f4010400a00f8813c003f9eb
WFI t=115554 a=-1552,-3895,201 g=-4,15,-24
WFR t=115565 src=mcu type=0x01 len=16 data=aa8701180080000000000000ffff2a3a
WFR t=115585 src=mcu type=0x01 len=16 data=aa882e042f0000000000000000009122
WFI t=115604 a=-1557,-3875,193 g=-6,11,-14
WFR t=115605 src=mcu type=0x01 len=16 data=aa89232c00000000000000000000ce8a
WFR t=115644 src=mcu type=0x01 len=16 data=aa8a480c1c0207284901230020001521
WFI t=115654 a=-1587,-3890,211 g=-4,-10,-4
WFR t=115665 src=mcu type=0x01 len=16 data=aa8b40005c03474c775419031a0e80f3
WFI t=115704 a=-1567,-3906,205 g=-7,-24,16
WFR t=115705 src=mcu type=0x01 len=16 data=aa8c2225bf0420034006b80b3e02672c
WFR t=115724 src=mcu type=0x01 len=16 data=aa8d800c800000006c07102780008244
WFR t=115745 src=mcu type=0x01 len=16 data=aa8e01180080000000000000ffff37f3
WFI t=115754 a=-1541,-3897,201 g=-6,-16,5
WFR t=115785 src=mcu type=0x01 len=16 data=aa8f2e042f0000000000000000009a65
WFI t=115804 a=-1552,-3895,206 g=0,14,-17
WFR t=115805 src=mcu type=0x01 len=16 data=aa90232c00000000000000000000edd3
WFR t=115844 src=mcu type=0x01 len=16 data=aa910b000f00465a667332000b9ed1a0
WFI t=115854 a=-1562,-3888,192 g=5,22,-20
WFR t=115865 src=mcu type=0x01 len=16 data=aa92000000000000000000000000fbba
WFR t=115884 src=mcu type=0x01 len=16 data=aa93d804480804242c01c003214fe1ad
WFI t=115904 a=-1583,-3900,218 g=-6,-5,-7
WFR t=115945 src=mcu type=0x01 len=16 data=aa94f0f465fffffff8080d00412af645
WFR t=115946 src=mcu type=0x01 len=16 data=aa9501180080000000000000feff1278
WFI t=115954 a=-1555,-3899,200 g=0,-14,16
WFR t=115985 src=mcu type=0x01 len=16 data=aa962e042f000000000000000000b93c
WFI t=116004 a=-1536,-3901,212 g=-5,-13,-1
WFR t=116005 src=mcu type=0x01 len=16 data=aa97232c00000000000000000000e694
WFR t=116045 src=mcu type=0x01 len=16 data=aa9807010200000056117eea00007aa4
WFI t=116054 a=-1558,-3905,206 g=-1,6,-11
WFR t=116065 src=mcu type=0x01 len=16 data=aa991d00ab04a08c64502748395e1e28
WFR t=116084 src=mcu type=0x01 len=16 data=aa9a646464625f5d5b5955010101d546
WFI t=116104 a=-1550,-3882,186 g=-10,10,-17
WFR t=116125 src=mcu type=0x01 len=16 data=aa9b0101010100000000fbfbecd30e91
WFR t=116145 src=mcu type=0x01 len=16 data=aa9c01180080000000000000ffff0e21
WFI t=116154 a=-1576,-3885,196 g=-4,1,-9
WFR t=116185 src=mcu type=0x01 len=16 data=aa9d2e042f000000000000000000a3b7
WFI t=116204 a=-1566,-3889,215 g=1,-11,8
WFR t=116205 src=mcu type=0x01 len=16 data=aa9e232c00000000000000000000fb5d
WFR t=116225 src=mcu type=0x01 len=16 data=aa9fb5a1b0bfd800000000000000dfe1
WFI t=116254 a=-1553,-3894,224 g=-3,-28,14
WFR t=116265 src=mcu type=0x01 len=16 data=aaa000000000020c000035006a00d1bd
WFR t=116285 src=mcu type=0x01 len=16 data=aaa188044a5357583036323430360894
WFE t=116301 bms stale, no frame for 10066 ms, dropping link
WFI t=116304 a=-1545,-3906,219 g=-2,-5,5
WFE t=116315 bms link down (stale) after 27 answers in 37013 ms, writes=36 err=0 silent=9 bytes=3483
WFR t=116325 src=mcu type=0x01 len=16 data=aaa231344e4242463930333500005e71
WFE t=116332 bms disconnected reason=534
WFI t=116354 a=-1545,-3896,202 g=0,12,-23
WFR t=116362 src=mcu type=0x01 len=16 data=aaa301180080000000000000feff5a4e
WFR t=116364 src=mcu type=0x01 len=16 data=aaa42e042f000000000000000000ff8e
WFI t=116404 a=-1554,-3876,212 g=-1,22,-17
WFR t=116404 src=mcu type=0x01 len=16 data=aaa5232c00000000000000000000a026
WFR t=116425 src=mcu type=0x01 len=16 data=aaa6000000000000000000000000b4ce
WFI t=116454 a=-1559,-3902,212 g=-2,7,-10
WFR t=116465 src=mcu type=0x01 len=16 data=aaa7000000000000000000000000b64f
WFR t=116485 src=mcu type=0x01 len=16 data=aaa801801b000000400052a8194013c9
WFI t=116504 a=-1586,-3906,215 g=-4,-20,12
WFR t=116525 src=mcu type=0x01 len=16 data=aaa9028288135c4488132400ec02f999
WFI t=116632 a=-1554,-3907,219 g=-6,-26,13
WFR t=116647 src=mcu type=0x01 len=16 data=aaaa01180080000000000000feff4787
WFR t=116647 src=mcu type=0x01 len=16 data=aaab2e042f000000000000000000eb81
WFR t=116647 src=mcu type=0x01 len=16 data=aaac232c00000000000000000000bdef
WFI t=116647 a=-1545,-3906,212 g=1,22,-18
WFR t=116647 src=mcu type=0x01 len=16 data=aaad0048005f00021000000100801d27
WFI t=116654 a=-1551,-3887,207 g=3,35,-16
WFR t=116665 src=mcu type=0x01 len=16 data=aaae55f04b0b18000000803a40005cef
WFR t=116710 src=mcu type=0x01 len=16 data=aaaf08610005460c2f78a00f090076a9
WFR t=116710 src=mcu type=0x01 len=16 data=aab001180080000000000100feff60e1
WFI t=116711 a=-1583,-3903,194 g=-4,3,-21
WFR t=116745 src=mcu type=0x01 len=16 data=aab12e042f000000000000000000cd1b
WFI t=116754 a=-1580,-3921,212 g=-7,-13,3
WFR t=116765 src=mcu type=0x01 len=16 data=aab2232c0000000000000000000095f1
WFI t=116804 a=-1553,-3894,194 g=-7,-23,7
WFR t=116805 src=mcu type=0x01 len=16 data=aab3014a02050030000488001b007188
WFR t=116825 src=mcu type=0x01 len=16 data=aab400009f0ca90c9a0c540600001589
WFR t=116845 src=mcu type=0x01 len=16 data=aab51c00e8517918060eb40ab0006e87
WFI t=116854 a=-1554,-3891,211 g=0,-10,2
WFR t=116885 src=mcu type=0x01 len=16 data=aab6050804080080cb020122f13fc622
WFI t=116904 a=-1548,-3895,200 g=1,17,-12
WFR t=116905 src=mcu type=0x01 len=16 data=aa8001180080000000000000feff20ed
WFR t=116945 src=mcu type=0x01 len=16 data=aa812e042f0000000000000000008ceb
WFI t=116954 a=-1570,-3892,209 g=-2,19,-24
WFR t=116965 src=mcu type=0x01 len=16 data=aa82232c00000000000000000000d401
WFR t=116985 src=mcu type=0x01 len=16 data=aa83000100011101b70111019f00058c
WFI t=117004 a=-1581,-3908,211 g=-4,4,-4
WFR t=117025 src=mcu type=0x01 len=16 data=aa840000090a10560001310051c45a55
WFR t=117045 src=mcu type=0x01 len=16 data=aa8513088003e204080b1000507864d4
WFI t=117054 a=-1556,-3886,199 g=-7,-22,10
WFR t=117085 src=mcu type=0x01 len=16 data=aa868403f4010400a00f8813c003f9eb
WFI t=117104 a=-1547,-3895,205 g=-5,-26,11
WFR t=117105 src=mcu type=0x01 len=16 data=aa8701180080000000000000feff2baa
WFR t=117145 src=mcu type=0x01 len=16 data=aa882e042f0000000000000000009122
WFI t=117154 a=-1532,-3904,212 g=-2,11,-8
WFR t=117165 src=mcu type=0x01 len=16 data=aa89232c00000000000000000000ce8a
WFR t=117185 src=mcu type=0x01 len=16 data=aa8a480c1c0207284901230020001521
WFI t=117204 a=-1558,-3914,196 g=-3,31,-37
WFR t=117225 src=mcu type=0x01 len=16 data=aa8b40005c03474c775419031a0e80f3
WFR t=117245 src=mcu type=0x01 len=16 data=aa8c2225bf0420034006b80b3e02672c
WFI t=117254 a=-1588,-3889,197 g=-3,6,-12
WFR t=117285 src=mcu type=0x01 len=16 data=aa8d800c800000006c07102780008244
WFI t=117304 a=-1568,-3887,194 g=-7,-30,20
WFR t=117305 src=mcu type=0x01 len=16 data=aa8e01180080000000000100feff379f
WFR t=117325 src=mcu type=0x01 len=16 data=aa8f2e042f0000000000000000009a65
WFI t=117354 a=-1548,-3916,213 g=-5,-25,11
WFR t=117365 src=mcu type=0x01 len=16 data=aa90232c00000000000000000000edd3
WFR t=117385 src=mcu type=0x01 len=16 data=aa910b000f00465a667332000b9ed1a0
WFI t=117404 a=-1553,-3882,207 g=-6,-2,1
WFR t=117425 src=mcu type=0x01 len=16 data=aa92000000000000000000000000fbba
WFR t=117445 src=mcu type=0x01 len=16 data=aa93d804480804242c01c003214fe1ad
WFI t=117454 a=-1547,-3892,200 g=-5,17,-22
WFR t=117465 src=mcu type=0x01 len=16 data=aa94f0f465fffffff8080d00412af645
WFI t=117504 a=-1572,-3884,201 g=0,31,-26
WFR t=117505 src=mcu type=0x01 len=16 data=aa9501180080000000000000ffff13e8
WFR t=117525 src=mcu type=0x01 len=16 data=aa962e042f000000000000000000b93c
WFI t=117554 a=-1588,-3898,206 g=-8,-19,9
WFR t=117585 src=mcu type=0x01 len=16 data=aa97232c00000000000000000000e694
WFR t=117585 src=mcu type=0x01 len=16 data=aa9807010200000056117eea00007aa4
WFI t=117604 a=-1558,-3913,204 g=-4,-31,18
WFR t=117625 src=mcu type=0x01 len=16 data=aa991d00ab04a08c64502748395e1e28
WFR t=117645 src=mcu type=0x01 len=16 data=aa9a646464625f5d5b5955010101d546
WFI t=117654 a=-1545,-3884,202 g=-1,2,-4
WFR t=117665 src=mcu type=0x01 len=16 data=aa9b0101010100000000fbfbecd30e91
WFI t=117704 a=-1567,-3885,216 g=1,12,-13
WFR t=117705 src=mcu type=0x01 len=16 data=aa9c01180080000000000000feff0fb1
WFR t=117725 src=mcu type=0x01 len=16 data=aa9d2e042f000000000000000000a3b7
WFI t=117754 a=-1558,-3901,216 g=2,8,-14
WFR t=117765 src=mcu type=0x01 len=16 data=aa9e232c00000000000000000000fb5d
WFR t=117785 src=mcu type=0x01 len=16 data=aa9fb5a1b0bfd800000000000000dfe1
WFI t=117804 a=-1558,-3902,214 g=-6,1,-8
WFR t=117805 src=mcu type=0x01 len=16 data=aaa000000000020c000035006a00d1bd
WFR t=117845 src=mcu type=0x01 len=16 data=aaa188044a5357583036323430360894
WFI t=117854 a=-1576,-3885,202 g=-5,-24,5
WFR t=117865 src=mcu type=0x01 len=16 data=aaa231344e4242463930333500005e71
WFI t=117904 a=-1546,-3890,212 g=-4,-7,4
WFR t=117905 src=mcu type=0x01 len=16 data=aaa301180080000000000000feff5a4e
WFR t=117925 src=mcu type=0x01 len=16 data=aaa42e042f000000000000000000ff8e
WFR t=117945 src=mcu type=0x01 len=16 data=aaa5232c00000000000000000000a026
WFI t=117954 a=-1550,-3893,216 g=-3,8,-10
WFI t=118099 a=-1557,-3882,209 g=-4,-6,-3
WFI t=118114 a=-1551,-3893,216 g=-1,9,-13
WFR t=118114 src=mcu type=0x01 len=16 data=aaa6000000000000000000000000b4ce
WFR t=118114 src=mcu type=0x01 len=16 data=aaa7000000000000000000000000b64f
WFR t=118115 src=mcu type=0x01 len=16 data=aaa801801b000000400052a8194013c9
WFR t=118115 src=mcu type=0x01 len=16 data=aaa9028288135c4488132400ec02f999
WFR t=118115 src=mcu type=0x01 len=16 data=aaaa01180080000000000000ffff4617
WFI t=118116 a=-1572,-3904,209 g=-6,6,-13
WFR t=118125 src=mcu type=0x01 len=16 data=aaab2e042f000000000000000000eb81
WFR t=118145 src=mcu type=0x01 len=16 data=aaac232c00000000000000000000bdef
WFI t=118154 a=-1560,-3894,195 g=-1,-7,3
WFR t=118185 src=mcu type=0x01 len=16 data=aaad0048005f00021000000100801d27
WFI t=118204 a=-1549,-3893,209 g=-5,-13,4
WFR t=118205 src=mcu type=0x01 len=16 data=aaae55f04b0b18000000803a40005cef
WFR t=118245 src=mcu type=0x01 len=16 data=aaaf08610005460c2f78a00f090076a9
WFI t=118254 a=-1547,-3904,221 g=-2,-5,-5
WFR t=118265 src=mcu type=0x01 len=16 data=aab001180080000000000100feff60e1
WFR t=118285 src=mcu type=0x01 len=16 data=aab12e042f000000000000000000cd1b
WFI t=118304 a=-1544,-3894,207 g=-7,11,-10
WFR t=118325 src=mcu type=0x01 len=16 data=aab2232c0000000000000000000095f1
WFR t=118345 src=mcu type=0x01 len=16 data=aab3014a02050030000488001b007188
WFI t=118354 a=-1549,-3896,209 g=-4,3,-11
WFR t=118385 src=mcu type=0x01 len=16 data=aab400009f0ca90c9a0c540600001589
WFI t=118404 a=-1570,-3900,207 g=-1,-11,1
WFR t=118405 src=mcu type=0x01 len=16 data=aab51c00e8517918060eb90ab0006c2b
WFR t=118425 src=mcu type=0x01 len=16 data=aab6050804080080cb020122f13fc622
WFI t=118454 a=-1541,-3903,197 g=-9,-19,3
WFR t=118465 src=mcu type=0x01 len=16 data=aa8001180080000000000100feff2111
WFI t=118504 a=-1556,-3884,202 g=-3,6,-7
WFR t=118511 src=mcu type=0x01 len=16 data=aa812e042f0000000000000000008ceb
WFR t=118525 src=mcu type=0x01 len=16 data=aa82232c00000000000000000000d401
WFI t=118660 a=-1576,-3896,213 g=0,14,-14
WFR t=118661 src=mcu type=0x01 len=16 data=aa83000100011101b70111019f00058c
WFR t=118661 src=mcu type=0x01 len=16 data=aa840000090a10560001310051c45a55
WFR t=118662 src=mcu type=0x01 len=16 data=aa8513088003e204080b1000507864d4
WFR t=118662 src=mcu type=0x01 len=16 data=aa868403f4010400a00f8813c003f9eb
WFI t=118662 a=-1545,-3882,207 g=-3,-25,16
WFI t=118665 a=-1548,-3896,210 g=-9,-21,12
WFR t=118667 src=mcu type=0x01 len=16 data=aa8701180080000000000000feff2baa
WFR t=118685 src=mcu type=0x01 len=16 data=aa882e042f0000000000000000009122
WFI t=118704 a=-1546,-3898,218 g=-8,2,-8
WFR t=118705 src=mcu type=0x01 len=16 data=aa89232c00000000000000000000ce8a
WFR t=118745 src=mcu type=0x01 len=16 data=aa8a480c1c0207284901230020001521
WFI t=118754 a=-1559,-3890,198 g=-1,22,-21
WFR t=118765 src=mcu type=0x01 len=16 data=aa8b40005c03474c775419031a0e80f3
WFI t=118804 a=-1565,-3888,207 g=-1,1,-4
WFR t=118805 src=mcu type=0x01 len=16 data=aa8c2225bf0420034006b80b3e02672c
WFR t=118825 src=mcu type=0x01 len=16 data=aa8d800c800000006c07102780008244
WFI t=118854 a=-1563,-3893,205 g=-7,-25,7
WFR t=118865 src=mcu type=0x01 len=16 data=aa8e01180080000000000000feff3663
WFR t=118885 src=mcu type=0x01 len=16 data=aa8f2e042f0000000000000000009a65
WFI t=118904 a=-1550,-3892,215 g=-4,-19,10
WFR t=118905 src=mcu type=0x01 len=16 data=aa90232c00000000000000000000edd3
WFR t=118945 src=mcu type=0x01 len=16 data=aa910b000f00465a667332000b9ed1a0
WFI t=118954 a=-1545,-3899,196 g=0,14,-16
WFR t=118965 src=mcu type=0x01 len=16 data=aa92000000000000000000000000fbba
WFE t=118990 bms subscribed val=0x0010 cccd=0x0011 ctrl=0x0014 mtu=512 regs=62
WFE t=118994 bms conn itvl=80 latency=0 timeout=600
WFI t=119004 a=-1573,-3887,205 g=0,23,-22
WFR t=119005 src=mcu type=0x01 len=16 data=aa93d804480804242c01c003214fe1ad
WFE t=119006 bms reconnected (attempt 3)
WFT t=119013 batt_mv=4224 rssi_mcu=-74 rssi_bms=-81 mcu=4224 bms=87 dropped=0
WFE t=119014 bms mtu event mtu=512
WFR t=119025 src=mcu type=0x01 len=16 data=aa94f0f465fffffff8080d00412af645
WFR t=119045 src=mcu type=0x01 len=16 data=aa9501180080000000000000feff1278
WFI t=119054 a=-1576,-3898,208 g=-3,-10,4
WFR t=119085 src=mcu type=0x01 len=16 data=aa962e042f000000000000000000b93c
WFI t=119104 a=-1530,-3891,204 g=-6,-22,9
WFR t=119105 src=mcu type=0x01 len=16 data=aa97232c00000000000000000000e694
WFR t=119145 src=mcu type=0x01 len=16 data=aa9807010200000056117eea00007aa4
WFI t=119154 a=-1556,-3896,196 g=-5,-1,-8
WFR t=119165 src=mcu type=0x01 len=16 data=aa991d00ab04a08c64502748395e1e28
WFR t=119185 src=mcu type=0x01 len=16 data=aa9a646464625f5d5b5955010101d546
WFE t=119190 bms conn update status=0 itvl=12 latency=0 timeout=400
WFI t=119204 a=-1555,-3887,198 g=4,9,-5
WFR t=119225 src=mcu type=0x01 len=16 data=aa9b0101010100000000fbfbecd30e91
WFR t=119245 src=mcu type=0x01 len=16 data=aa9c01180080000000000000ffff0e21
WFI t=119254 a=-1547,-3893,215 g=-4,-4,-5
WFR t=119280 src=bms type=0x02 len=129 data=d2037c0eee0eed0eee0eed0eee0eed0eee0eee0eec0eed0eee0eee0ef10ef10ef20ef00ef20ef20ef30ef30ef30ef30ef30ef30ef10ef30ef30ef30000000000000000003d0000000000000000000000000000042e752e02af0ef30eec003d003d00000157001c0001001d0000000100010ef0000700150000000000000000054d
WFR t=119285 src=mcu type=0x01 len=16 data=aa9d2e042f000000000000000000a3b7
WFI t=119304 a=-1557,-3905,223 g=-5,5,-9
WFR t=119325 src=mcu type=0x01 len=16 data=aa9e232c00000000000000000000fb5d
WFR t=119345 src=mcu type=0x01 len=16 data=aa9fb5a1b0bfd800000000000000dfe1
WFI t=119354 a=-1574,-3896,213 g=-3,-7,-5
WFR t=119386 src=mcu type=0x01 len=16 data=aaa000000000020c000035006a00d1bd
WFR t=119386 src=mcu type=0x01 len=16 data=aaa188044a5357583036323430360894
WFI t=119404 a=-1554,-3882,199 g=-3,-9,5
WFR t=119425 src=mcu type=0x01 len=16 data=aaa231344e4242463930333500005e71
WFR t=119445 src=mcu type=0x01 len=16 data=aaa301180080000000000000ffff5bde
WFI t=119454 a=-1543,-3890,199 g=-1,4,-9
WFR t=119485 src=mcu type=0x01 len=16 data=aaa42e042f000000000000000000ff8e
WFI t=119504 a=-1562,-3887,216 g=-2,-4,-10
WFR t=119505 src=mcu type=0x01 len=16 data=aaa5232c00000000000000000000a026
WFR t=119525 src=mcu type=0x01 len=16 data=aaa6000000000000000000000000b4ce
WFI t=119554 a=-1554,-3899,207 g=-3,-7,-1
WFR t=119565 src=mcu type=0x01 len=16 data=aaa7000000000000000000000000b64f
WFR t=119585 src=mcu type=0x01 len=16 data=aaa801801b000000400052a8194013c9
WFI t=119604 a=-1551,-3895,202 g=-1,4,-8
WFR t=119625 src=mcu type=0x01 len=16 data=aaa9028288135c4488132400ec02f999
WFR t=119645 src=mcu type=0x01 len=16 data=aaaa01180080000000000100feff467b
WFI t=119654 a=-1562,-3883,194 g=-3,4,-5
WFR t=119665 src=mcu type=0x01 len=16 data=aaab2e042f000000000000000000eb81
WFI t=119704 a=-1567,-3909,211 g=-5,-18,7
WFR t=119705 src=mcu type=0x01 len=16 data=aaac232c00000000000000000000bdef
WFR t=119725 src=mcu type=0x01 len=16 data=aaad0048005f00021000000100801d27
WFI t=119754 a=-1546,-3898,208 g=-8,-7,0
WFR t=119765 src=mcu type=0x01 len=16 data=aaae55f04b0b18000000803a40005cef
WFR t=119785 src=mcu type=0x01 len=16 data=aaaf08610005460c2f78a00f090076a9
WFI t=119804 a=-1549,-3893,198 g=1,16,-18
WFR t=119805 src=mcu type=0x01 len=16 data=aab001180080000000000000feff611d
WFR t=119845 src=mcu type=0x01 len=16 data=aab12e042f000000000000000000cd1b
WFI t=119854 a=-1568,-3895,197 g=0,11,-7
WFR t=119900 src=mcu type=0x01 len=16 data=aab2232c0000000000000000000095f1
WFR t=119910 src=mcu type=0x01 len=16 data=aab3014a02050030000488001b007188
WFI t=119912 a=-1566,-3899,211 g=-1,-12,5
WFR t=119925 src=mcu type=0x01 len=16 data=aab400009f0ca90c9a0c540600001589
WFI t=119954 a=-1556,-3894,210 g=-4,-13,2
WFR t=119965 src=mcu type=0x01 len=16 data=aab51c00e8517918060e800ab00060b7
WFR t=119985 src=mcu type=0x01 len=16 data=aab6050804080080cb020122f13fc622
WFI t=120004 a=-1545,-3901,196 g=-6,0,-4
WFR t=120005 src=mcu type=0x01 len=16 data=aa8001180080000000000000feff20ed
WFR t=120045 src=mcu type=0x01 len=16 data=aa812e042f0000000000000000008ceb
WFI t=120054 a=-1558,-3897,209 g=-8,12,-16
WFR t=120065 src=mcu type=0x01 len=16 data=aa82232c00000000000000000000d401
WFI t=120104 a=-1575,-3888,216 g=-2,3,-12
WFR t=120105 src=mcu type=0x01 len=16 data=aa83000100011101b70111019f00058c
WFR t=120125 src=mcu type=0x01 len=16 data=aa840000090a10560001310051c45a55
WFR t=120145 src=mcu type=0x01 len=16 data=aa8513088003e204080b1000507864d4
WFI t=120154 a=-1550,-3885,203 g=-6,-10,3
WFR t=120185 src=mcu type=0x01 len=16 data=aa868403f4010400a00f8813c003f9eb
WFI t=120204 a=-1567,-3886,214 g=-3,-14,1
WFR t=120205 src=mcu type=0x01 len=16 data=aa8701180080000000000000ffff2a3a
WFR t=120245 src=mcu type=0x01 len=16 data=aa882e042f0000000000000000009122
WFI t=120254 a=-1562,-3893,201 g=-4,-7,0
WFR t=120265 src=mcu type=0x01 len=16 data=aa89232c00000000000000000000ce8a
WFR t=120285 src=mcu type=0x01 len=16 data=aa8a480c1c0207284901230020001521
WFI t=120304 a=-1556,-3897,207 g=-3,0,-5
WFR t=120325 src=mcu type=0x01 len=16 data=aa8b40005c03474c775419031a0e80f3
WFR t=120345 src=mcu type=0x01 len=16 data=aa8c2225bf0420034006b80b3e02672c
WFI t=120354 a=-1549,-3887,196 g=2,2,-8
WFR t=120385 src=mcu type=0x01 len=16 data=aa8d800c800000006c07102780008244
WFR t=120390 src=bms type=0x02 len=129 data=d2037c0eed0eed0eee0eed0eee0eed0eee0eee0eec0eed0eee0eee0ef10ef10ef20ef10ef20ef20ef30ef30ef20ef30ef40ef30ef10ef30ef30ef30000000000000000003d0000000000000000000000000000042e752e02af0ef40eec003d003d00000157001c0001001d0000000100010ef00008001500000000000000000bc1
WFI t=120404 a=-1565,-3890,217 g=-3,5,-4
WFR t=120405 src=mcu type=0x01 len=16 data=aa8e01180080000000000000ffff37f3
WFR t=120445 src=mcu type=0x01 len=16 data=aa8f2e042f0000000000000000009a65
WFI t=120454 a=-1545,-3891,212 g=0,-9,1
WFR t=120465 src=mcu type=0x01 len=16 data=aa90232c00000000000000000000edd3
WFR t=120485 src=mcu type=0x01 len=16 data=aa910b000f00465a667332000b9ed1a0
WFI t=120504 a=-1556,-3891,198 g=-4,-4,-8
WFI t=120716 a=-1559,-3911,219 g=-5,-3,-2
WFR t=120717 src=mcu type=0x01 len=16 data=aa92000000000000000000000000fbba
WFR t=120717 src=mcu type=0x01 len=16 data=aa93d804480804242c01c003214fe1ad
WFR t=120717 src=mcu type=0x01 len=16 data=aa94f0f465fffffff8080d00412af645
WFR t=120732 src=mcu type=0x01 len=16 data=aa9501180080000000000000feff1278
WFI t=120798 a=-1577,-3901,200 g=-5,-9,2
WFR t=120799 src=mcu type=0x01 len=16 data=aa962e042f000000000000000000b93c
WFR t=120799 src=mcu type=0x01 len=16 data=aa97232c00000000000000000000e694
WFR t=120799 src=mcu type=0x01 len=16 data=aa9807010200000056117eea00007aa4
WFR t=120799 src=mcu type=0x01 len=16 data=aa991d00ab04a08c64502748395e1e28
WFR t=120799 src=mcu type=0x01 len=16 data=aa9a646464625f5d5b5955010101d546
WFI t=120813 a=-1534,-3901,207 g=-2,-10,8
WFR t=120814 src=mcu type=0x01 len=16 data=aa9b0101010100000000fbfbecd30e91
WFR t=120814 src=mcu type=0x01 len=16 data=aa9c01180080000000000000feff0fb1
WFI t=120816 a=-1539,-3890,199 g=-2,-4,-2
WFI t=120818 a=-1537,-3892,206 g=-3,-3,-4
WFI t=120819 a=-1537,-3892,206 g=-3,-3,-4
WFR t=120825 src=mcu type=0x01 len=16 data=aa9d2e042f000000000000000000a3b7
WFI t=120854 a=-1563,-3891,203 g=-1,23,-23
WFR t=120865 src=mcu type=0x01 len=16 data=aa9e232c00000000000000000000fb5d
WFR t=120885 src=mcu type=0x01 len=16 data=aa9fb5a1b0bfd800000000000000dfe1
WFI t=120904 a=-1566,-3898,200 g=0,26,-19
WFR t=120905 src=mcu type=0x01 len=16 data=aaa000000000020c000035006a00d1bd
WFR t=120945 src=mcu type=0x01 len=16 data=aaa188044a5357583036323430360894
WFI t=120954 a=-1575,-3894,197 g=-5,-12,-1
WFR t=120965 src=mcu type=0x01 len=16 data=aaa231344e4242463930333500005e71
WFI t=121004 a=-1558,-3889,202 g=-9,-29,17
WFR t=121005 src=mcu type=0x01 len=16 data=aaa301180080000000000000ffff5bde
WFR t=121025 src=mcu type=0x01 len=16 data=aaa42e042f000000000000000000ff8e
WFI t=121054 a=-1521,-3897,204 g=-3,-14,4
WFR t=121065 src=mcu type=0x01 len=16 data=aaa5232c00000000000000000000a026
WFR t=121085 src=mcu type=0x01 len=16 data=aaa6000000000000000000000000b4ce
WFI t=121104 a=-1539,-3893,211 g=0,20,-22
WFR t=121105 src=mcu type=0x01 len=16 data=aaa7000000000000000000000000b64f
WFR t=121145 src=mcu type=0x01 len=16 data=aaa801801b000000400052a8194013c9
WFI t=121154 a=-1574,-3910,202 g=-2,20,-19
WFR t=121165 src=mcu type=0x01 len=16 data=aaa9028288135c4488132400ec02f999
WFI t=121204 a=-1562,-3893,204 g=-1,-10,2
WFR t=121205 src=mcu type=0x01 len=16 data=aaaa01180080000000000000feff4787
WFR t=121225 src=mcu type=0x01 len=16 data=aaab2e042f000000000000000000eb81
WFR t=121245 src=mcu type=0x01 len=16 data=aaac232c00000000000000000000bdef
WFI t=121254 a=-1561,-3898,203 g=-5,-17,8
WFR t=121285 src=mcu type=0x01 len=16 data=aaad0048005f00021000000100801d27
WFI t=121304 a=-1555,-3890,209 g=-3,-12,6
WFR t=121305 src=mcu type=0x01 len=16 data=aaae55f04b0b18000000803a40005cef
WFR t=121345 src=mcu type=0x01 len=16 data=aaaf08610005460c2f78a00f090076a9
WFI t=121354 a=-1541,-3899,223 g=1,-2,-2
WFR t=121365 src=mcu type=0x01 len=16 data=aab001180080000000000100ffff6171
WFR t=121385 src=mcu type=0x01 len=16 data=aab12e042f000000000000000000cd1b
WFI t=121404 a=-1548,-3896,196 g=-1,22,-23
WFR t=121425 src=mcu type=0x01 len=16 data=aab2232c0000000000000000000095f1
WFR t=121440 src=bms type=0x02 len=129 data=d2037c0eee0eed0eee0eee0eee0eed0eee0eee0eec0eed0eee0eee0ef10ef10ef20ef00ef20ef20ef30ef30ef30ef30ef30ef30ef20ef30ef30ef30000000000000000003d0000000000000000000000000000042e752f02af0ef30eec003d003d00000157001c0001001d0000000100010ef00007000a0000000000000000cc41
WFR t=121445 src=mcu type=0x01 len=16 data=aab3014a02050030000488001b007188
WFI t=121454 a=-1584,-3883,209 g=-6,11,-20
WFR t=121485 src=mcu type=0x01 len=16 data=aab400009f0ca90c9a0c540600001589
WFI t=121504 a=-1578,-3896,205 g=0,-18,16
WFR t=121505 src=mcu type=0x01 len=16 data=aab51c00e8517918060e660ab00057ff
WFR t=121525 src=mcu type=0x01 len=16 data=aab6050804080080cb020122f13fc622
WFI t=121554 a=-1535,-3903,190 g=-6,-17,5
WFR t=121565 src=mcu type=0x01 len=16 data=aa8001180080000000000000ffff217d
WFR t=121585 src=mcu type=0x01 len=16 data=aa812e042f0000000000000000008ceb
WFI t=121604 a=-1562,-3895,219 g=-8,-2,-10
WFR t=121625 src=mcu type=0x01 len=16 data=aa82232c00000000000000000000d401
WFR t=121645 src=mcu type=0x01 len=16 data=aa83000100011101b70111019f00058c
WFI t=121654 a=-1555,-3884,204 g=-1,1,1
WFR t=121685 src=mcu type=0x01 len=16 data=aa840000090a10560001310051c45a55
WFI t=121704 a=-1551,-3895,210 g=-8,-6,-14
WFR t=121705 src=mcu type=0x01 len=16 data=aa8513088003e204080b1000507864d4
WFR t=121725 src=mcu type=0x01 len=16 data=aa868403f4010400a00f8813c003f9eb
WFI t=121754 a=-1576,-3894,200 g=-3,-2,-5
WFR t=121765 src=mcu type=0x01 len=16 data=aa8701180080000000000000feff2baa
WFR t=121785 src=mcu type=0x01 len=16 data=aa882e042f0000000000000000009122
WFI t=121804 a=-1560,-3904,217 g=-3,-16,0
WFR t=121825 src=mcu type=0x01 len=16 data=aa89232c00000000000000000000ce8a
WFR t=121845 src=mcu type=0x01 len=16 data=aa8a480c1c0207284901230020001521
WFI t=121855 a=-1538,-3885,204 g=-3,8,-12
WFR t=121865 src=mcu type=0x01 len=16 data=aa8b40005c03474c775419031a0e80f3
WFI t=121904 a=-1568,-3887,202 g=-6,6,-15
WFR t=121905 src=mcu type=0x01 len=16 data=aa8c2225bf0420034006b80b3e02672c
WFR t=121925 src=mcu type=0x01 len=16 data=aa8d800c800000006c07102780008244
WFI t=121954 a=-1578,-3899,194 g=-11,-27,7
WFR t=121965 src=mcu type=0x01 len=16 data=aa8e01180080000000000000ffff37f3
WFR t=121985 src=mcu type=0x01 len=16 data=aa8f2e042f0000000000000000009a65
WFI t=122004 a=-1533,-3899,201 g=0,-14,8
WFR t=122005 src=mcu type=0x01 len=16 data=aa90232c00000000000000000000edd3
WFR t=122045 src=mcu type=0x01 len=16 data=aa910b000f00465a667332000b9ed1a0
WFI t=122054 a=-1546,-3905,222 g=-2,10,-16
WFR t=122065 src=mcu type=0x01 len=16 data=aa92000000000000000000000000fbba
WFI t=122104 a=-1561,-3893,217 g=0,14,-11
WFR t=122105 src=mcu type=0x01 len=16 data=aa93d804480804242c01c003214fe1ad
WFR t=122125 src=mcu type=0x01 len=16 data=aa94f0f465fffffff8080d00412af645
WFI t=122154 a=-1553,-3887,205 g=-4,7,-9
WFR t=122165 src=mcu type=0x01 len=16 data=aa9501180080000000000100feff1384
WFR t=122185 src=mcu type=0x01 len=16 data=aa962e042f000000000000000000b93c
WFI t=122204 a=-1582,-3888,182 g=-7,-1,-7
WFR t=122205 src=mcu type=0x01 len=16 data=aa97232c00000000000000000000e694
WFR t=122245 src=mcu type=0x01 len=16 data=aa9807010200000056117eea00007aa4
WFI t=122254 a=-1572,-3885,205 g=-6,-26,17
WFR t=122265 src=mcu type=0x01 len=16 data=aa991d00ab04a08c64502748395e1e28
WFI t=122304 a=-1526,-3892,198 g=-3,-11,5
WFR t=122305 src=mcu type=0x01 len=16 data=aa9a646464625f5d5b5955010101d546
WFR t=122325 src=mcu type=0x01 len=16 data=aa9b0101010100000000fbfbecd30e91
WFR t=122345 src=mcu type=0x01 len=16 data=aa9c01180080000000000000ffff0e21
WFI t=122354 a=-1550,-3892,210 g=0,30,-32
WFR t=122385 src=mcu type=0x01 len=16 data=aa9d2e042f000000000000000000a3b7
WFI t=122404 a=-1593,-3888,196 g=-9,1,-14
WFR t=122405 src=mcu type=0x01 len=16 data=aa9e232c00000000000000000000fb5d
WFR t=122445 src=mcu type=0x01 len=16 data=aa9fb5a1b0bfd800000000000000dfe1
WFI t=122454 a=-1566,-3893,191 g=-8,-40,15
WFR t=122460 src=bms type=0x02 len=129 data=d2037c0eee0eed0eee0eee0eee0eed0eee0eee0eec0eed0eee0eee0ef10ef10ef10ef10ef20ef20ef30ef30ef20ef30ef40ef30ef20ef30ef30ef30000000000000000003d0000000000000000000000000000042e752e02af0ef40eec003d003d00000157001c0001001d0000000100010ef0000800150000000000000000dab0
WFR t=122465 src=mcu type=0x01 len=16 data=aaa000000000020c000035006a00d1bd
WFR t=122485 src=mcu type=0x01 len=16 data=aaa188044a5357583036323430360894
WFI t=122504 a=-1539,-3896,210 g=-7,1,-5
WFR t=122525 src=mcu type=0x01 len=16 data=aaa231344e4242463930333500005e71
WFR t=122545 src=mcu type=0x01 len=16 data=aaa301180080000000000000ffff5bde
WFI t=122589 a=-1566,-3892,202 g=-3,16,-17
WFR t=122635 src=mcu type=0x01 len=16 data=aaa42e042f000000000000000000ff8e
WFR t=122636 src=mcu type=0x01 len=16 data=aaa5232c00000000000000000000a026
WFR t=122637 src=mcu type=0x01 len=16 data=aaa6000000000000000000000000b4ce
WFI t=122642 a=-1563,-3900,213 g=-6,-26,12
WFI t=122655 a=-1546,-3890,201 g=-6,-26,10
WFR t=122667 src=mcu type=0x01 len=16 data=aaa7000000000000000000000000b64f
WFR t=122756 src=mcu type=0x01 len=16 data=aaa801801b000000400052a8194013c9
WFR t=122757 src=mcu type=0x01 len=16 data=aaa9028288135c4488132400ec02f999
WFR t=122757 src=mcu type=0x01 len=16 data=aaaa01180080000000000000ffff4617
WFI t=122758 a=-1548,-3882,209 g=4,37,-35
WFI t=122760 a=-1576,-3890,206 g=-2,26,-35
WFR t=122785 src=mcu type=0x01 len=16 data=aaab2e042f000000000000000000eb81
WFI t=122804 a=-1578,-3894,205 g=3,9,-5
WFR t=122826 src=mcu type=0x01 len=16 data=aaac232c00000000000000000000bdef
WFR t=122826 src=mcu type=0x01 len=16 data=aaad0048005f00021000000100801d27
WFI t=122854 a=-1559,-3903,209 g=-4,-30,13
WFR t=122865 src=mcu type=0x01 len=16 data=aaae55f04b0b18000000803a40005cef
WFR t=122885 src=mcu type=0x01 len=16 data=aaaf08610005460c2f78a00f090076a9
WFI t=122904 a=-1548,-3912,215 g=-3,-25,13
WFR t=122925 src=mcu type=0x01 len=16 data=aab001180080000000000100feff60e1
WFR t=122945 src=mcu type=0x01 len=16 data=aab12e042f000000000000000000cd1b
WFI t=122954 a=-1534,-3901,191 g=0,3,-8
WFR t=122965 src=mcu type=0x01 len=16 data=aab2232c0000000000000000000095f1
WFI t=123004 a=-1563,-3891,209 g=-3,18,-20
WFR t=123005 src=mcu type=0x01 len=16 data=aab3014a02050030000488001b007188
WFR t=123025 src=mcu type=0x01 len=16 data=aab400009f0ca90c9a0c540600001589
WFI t=123054 a=-1551,-3892,196 g=-2,7,-8
WFR t=123065 src=mcu type=0x01 len=16 data=aab51c00e8517918060ecd0ab00077db
WFR t=123085 src=mcu type=0x01 len=16 data=aab6050804080080cb020122f13fc622
WFI t=123104 a=-1560,-3906,197 g=-1,-20,11
WFR t=123105 src=mcu type=0x01 len=16 data=aa8001180080000000000000ffff217d
WFR t=123163 src=mcu type=0x01 len=16 data=aa812e042f0000000000000000008ceb
WFI t=123164 a=-1543,-3893,205 g=-6,-16,6
WFR t=123165 src=mcu type=0x01 len=16 data=aa82232c00000000000000000000d401
WFI t=123204 a=-1550,-3899,200 g=-3,10,-11
WFR t=123205 src=mcu type=0x01 len=16 data=aa83000100011101b70111019f00058c
WFR t=123225 src=mcu type=0x01 len=16 data=aa840000090a10560001310051c45a55
WFI t=123254 a=-1570,-3915,197 g=-2,14,-18
WFR t=123265 src=mcu type=0x01 len=16 data=aa8513088003e204080b1000507864d4
WFR t=123285 src=mcu type=0x01 len=16 data=aa868403f4010400a00f8813c003f9eb
WFI t=123304 a=-1566,-3910,211 g=-4,3,-5
WFR t=123305 src=mcu type=0x01 len=16 data=aa8701180080000000000000ffff2a3a
WFR t=123345 src=mcu type=0x01 len=16 data=aa882e042f0000000000000000009122
WFI t=123354 a=-1550,-3895,203 g=-3,-3,-3
WFR t=123365 src=mcu type=0x01 len=16 data=aa89232c00000000000000000000ce8a
WFI t=123404 a=-1566,-3897,218 g=-3,-17,6
WFR t=123405 src=mcu type=0x01 len=16 data=aa8a480c1c0207284901230020001521
WFR t=123425 src=mcu type=0x01 len=16 data=aa8b40005c03474c775419031a0e80f3
WFR t=123445 src=mcu type=0x01 len=16 data=aa8c2225bf0420034006b80b3e02672c
WFR t=123450 src=bms type=0x02 len=129 data=d2037c0eed0eed0eee0eed0eed0eed0eee0eee0eec0eed0eee0eee0ef10ef10ef20ef10ef20ef20ef30ef30ef20ef30ef30ef30ef10ef30ef30ef30000000000000000003d0000000000000000000000000000042e752f02af0ef30eec003d003d00000157001c0001001d0000000100010ef00007000a00000000000000003d45
WFI t=123454 a=-1545,-3898,216 g=-2,-19,13
WFR t=123485 src=mcu type=0x01 len=16 data=aa8d800c800000006c07102780008244
WFI t=123504 a=-1543,-3897,195 g=-2,1,-15
WFR t=123505 src=mcu type=0x01 len=16 data=aa8e01180080000000000100feff379f
WFR t=123545 src=mcu type=0x01 len=16 data=aa8f2e042f0000000000000000009a65
WFI t=123554 a=-1558,-3902,197 g=-5,32,-33
WFR t=123565 src=mcu type=0x01 len=16 data=aa90232c00000000000000000000edd3
WFR t=123585 src=mcu type=0x01 len=16 data=aa910b000f00465a667332000b9ed1a0
WFI t=123717 a=-1574,-3900,201 g=-4,-24,14
WFR t=123732 src=mcu type=0x01 len=16 data=aa92000000000000000000000000fbba
WFR t=123733 src=mcu type=0x01 len=16 data=aa93d804480804242c01c003214fe1ad
WFR t=123733 src=mcu type=0x01 len=16 data=aa94f0f465fffffff8080d00412af645
WFI t=123733 a=-1528,-3892,210 g=-2,-36,22
WFR t=123735 src=mcu type=0x01 len=16 data=aa9501180080000000000000ffff13e8
WFR t=123735 src=mcu type=0x01 len=16 data=aa962e042f000000000000000000b93c
WFI t=123735 a=-1545,-3892,198 g=-7,-31,14
WFI t=123754 a=-1528,-3898,197 g=-3,-10,2
WFR t=123765 src=mcu type=0x01 len=16 data=aa97232c00000000000000000000e694
WFR t=123785 src=mcu type=0x01 len=16 data=aa9807010200000056117eea00007aa4
WFI t=123804 a=-1541,-3893,208 g=-2,29,-29
WFR t=123825 src=mcu type=0x01 len=16 data=aa991d00ab04a08c64502748395e1e28
WFR t=123845 src=mcu type=0x01 len=16 data=aa9a646464625f5d5b5955010101d546
WFI t=123854 a=-1560,-3894,201 g=-2,30,-32
WFR t=123885 src=mcu type=0x01 len=16 data=aa9b0101010100000000fbfbecd30e91
WFI t=123904 a=-1581,-3899,195 g=-4,-7,-1
WFR t=123905 src=mcu type=0x01 len=16 data=aa9c01180080000000000000ffff0e21
WFR t=123925 src=mcu type=0x01 len=16 data=aa9d2e042f000000000000000000a3b7
WFI t=123954 a=-1553,-3905,203 g=-7,-39,25
WFR t=123965 src=mcu type=0x01 len=16 data=aa9e232c00000000000000000000fb5d
WFR t=123985 src=mcu type=0x01 len=16 data=aa9fb5a1b0bfd800000000000000dfe1
WFI t=124004 a=-1542,-3893,210 g=-6,-19,12
WFR t=124025 src=mcu type=0x01 len=16 data=aaa000000000020c000035006a00d1bd
WFR t=124045 src=mcu type=0x01 len=16 data=aaa188044a5357583036323430360894
WFI t=124054 a=-1555,-3893,198 g=-5,9,-13
WFR t=124065 src=mcu type=0x01 len=16 data=aaa231344e4242463930333500005e71
WFT t=124069 batt_mv=4240 rssi_mcu=-74 rssi_bms=-82 mcu=4404 bms=92 dropped=0
WFI t=124104 a=-1552,-3900,190 g=0,18,-23
WFR t=124105 src=mcu type=0x01 len=16 data=aaa301180080000000000000ffff5bde
WFR t=124125 src=mcu type=0x01 len=16 data=aaa42e042f000000000000000000ff8e
WFI t=124154 a=-1555,-3880,204 g=-5,15,-20
WFR t=124165 src=mcu type=0x01 len=16 data=aaa5232c00000000000000000000a026
WFR t=124185 src=mcu type=0x01 len=16 data=aaa6000000000000000000000000b4ce
WFI t=124204 a=-1570,-3896,204 g=-4,-11,0
WFR t=124205 src=mcu type=0x01 len=16 data=aaa7000000000000000000000000b64f
WFR t=124245 src=mcu type=0x01 len=16 data=aaa801801b000000400052a8194013c9
WFI t=124254 a=-1557,-3905,206 g=-3,-28,21
WFR t=124265 src=mcu type=0x01 len=16 data=aaa9028288135c4488132400ec02f999
WFI t=124304 a=-1540,-3902,201 g=-1,-11,6
WFR t=124305 src=mcu type=0x01 len=16 data=aaaa01180080000000000000feff4787
WFR t=124325 src=mcu type=0x01 len=16 data=aaab2e042f000000000000000000eb81
WFI t=124354 a=-1550,-3890,208 g=-2,11,-19
WFR t=124365 src=mcu type=0x01 len=16 data=aaac232c00000000000000000000bdef
WFR t=124385 src=mcu type=0x01 len=16 data=aaad0048005f00021000000100801d27
WFI t=124404 a=-1551,-3893,213 g=-1,24,-21
WFR t=124405 src=mcu type=0x01 len=16 data=aaae55f04b0b18000000803a40005cef
WFR t=124445 src=mcu type=0x01 len=16 data=aaaf08610005460c2f78a00f090076a9
WFI t=124454 a=-1579,-3906,181 g=2,6,-14
WFR t=124465 src=mcu type=0x01 len=16 data=aab001180080000000000000ffff608d
WFR t=124470 src=bms type=0x02 len=129 data=d2037c0eed0eed0eee0eee0eed0eed0eee0eee0eec0eed0eee0eee0ef10ef20ef20ef00ef20ef20ef30ef30ef30ef30ef30ef30ef20ef30ef30ef30000000000000000003d0000000000000000000000000000042e752f02af0ef30eec003d003d00000157001c0001001d0000000100010ef00007000a000000000000000010fd
WFI t=124504 a=-1576,-3904,209 g=-8,-19,13
WFR t=124505 src=mcu type=0x01 len=16 data=aab12e042f000000000000000000cd1b
WFR t=124525 src=mcu type=0x01 len=16 data=aab2232c0000000000000000000095f1
WFR t=124545 src=mcu type=0x01 len=16 data=aab3014a02050030000488001b007188
WFI t=124554 a=-1548,-3893,200 g=-8,-32,14
WFR t=124606 src=mcu type=0x01 len=16 data=aab400009f0ca90c9a0c540600001589
WFR t=124606 src=mcu type=0x01 len=16 data=aab51c00e8517918060ecd0ab00077db
WFI t=124676 a=-1534,-3895,197 g=-2,-3,-4
WFR t=124677 src=mcu type=0x01 len=16 data=aab6050804080080cb020122f13fc622
WFI t=124692 a=-1570,-3900,196 g=-1,20,-28
WFR t=124692 src=mcu type=0x01 len=16 data=aa8001180080000000000000feff20ed
WFR t=124692 src=mcu type=0x01 len=16 data=aa812e042f0000000000000000008ceb
WFI t=124704 a=-1569,-3896,197 g=0,10,-18
WFR t=124725 src=mcu type=0x01 len=16 data=aa82232c00000000000000000000d401
WFR t=124745 src=mcu type=0x01 len=16 data=aa83000100011101b70111019f00058c
WFI t=124754 a=-1560,-3903,207 g=-6,-9,8
WFR t=124785 src=mcu type=0x01 len=16 data=aa840000090a10560001310051c45a55
WFI t=124804 a=-1557,-3900,211 g=-8,-25,9
WFR t=124805 src=mcu type=0x01 len=16 data=aa8513088003e204080b1000507864d4
WFR t=124825 src=mcu type=0x01 len=16 data=aa868403f4010400a00f8813c003f9eb
WFI t=124854 a=-1553,-3887,208 g=-9,-12,6
WFR t=124865 src=mcu type=0x01 len=16 data=aa8701180080000000000100feff2a56
WFR t=124885 src=mcu type=0x01 len=16 data=aa882e042f0000000000000000009122
WFI t=124904 a=-1550,-3905,202 g=-3,16,-17
WFR t=124925 src=mcu type=0x01 len=16 data=aa89232c00000000000000000000ce8a
WFR t=124945 src=mcu type=0x01 len=16 data=aa8a480c1c0207284901230020001521
WFI t=124954 a=-1562,-3899,198 g=-2,21,-24
WFI t=125004 a=-1569,-3899,199 g=-6,-5,0
WFR t=125006 src=mcu type=0x01 len=16 data=aa8b40005c03474c775419031a0e80f3
WFR t=125006 src=mcu type=0x01 len=16 data=aa8c2225bf0420034006b80b3e02672c
WFR t=125025 src=mcu type=0x01 len=16 data=aa8d800c800000006c07102780008244
WFI t=125054 a=-1555,-3901,209 g=-6,-22,9
WFR t=125065 src=mcu type=0x01 len=16 data=aa8e01180080000000000100feff379f
WFR t=125085 src=mcu type=0x01 len=16 data=aa8f2e042f0000000000000000009a65
WFI t=125104 a=-1549,-3905,202 g=0,-13,9
WFR t=125125 src=mcu type=0x01 len=16 data=aa90232c00000000000000000000edd3
WFR t=125145 src=mcu type=0x01 len=16 data=aa910b000f00465a667332000b9ed1a0
WFI t=125154 a=-1547,-3890,207 g=-3,1,-6
WFR t=125165 src=mcu type=0x01 len=16 data=aa92000000000000000000000000fbba
WFI t=125204 a=-1553,-3904,195 g=-1,17,-18
WFR t=125205 src=mcu type=0x01 len=16 data=aa93d804480804242c01c003214fe1ad
WFR t=125225 src=mcu type=0x01 len=16 data=aa94f0f465fffffff8080d00412af645
WFI t=125254 a=-1569,-3894,208 g=-5,16,-18
WFR t=125265 src=mcu type=0x01 len=16 data=aa9501180080000000000000ffff13e8
WFR t=125285 src=mcu type=0x01 len=16 data=aa962e042f000000000000000000b93c
WFI t=125304 a=-1583,-3888,201 g=-8,-11,3
WFR t=125305 src=mcu type=0x01 len=16 data=aa97232c00000000000000000000e694
WFR t=125345 src=mcu type=0x01 len=16 data=aa9807010200000056117eea00007aa4
WFI t=125354 a=-1559,-3887,212 g=-4,-26,15
WFR t=125365 src=mcu type=0x01 len=16 data=aa991d00ab04a08c64502748395e1e28
WFI t=125404 a=-1549,-3905,208 g=-10,-12,1
WFR t=125405 src=mcu type=0x01 len=16 data=aa9a646464625f5d5b5955010101d546
WFR t=125425 src=mcu type=0x01 len=16 data=aa9b0101010100000000fbfbecd30e91
WFI t=125454 a=-1563,-3890,208 g=-4,10,-15
WFR t=125465 src=mcu type=0x01 len=16 data=aa9c01180080000000000100feff0e4d
WFR t=125485 src=mcu type=0x01 len=16 data=aa9d2e042f000000000000000000a3b7
WFR t=125490 src=bms type=0x02 len=129 data=d2037c0eed0eed0eee0eed0eed0eed0eee0eee0eec0eed0eee0eee0ef10ef10ef20ef10ef20ef20ef30ef30ef30ef30ef30ef40ef10ef30ef30ef30000000000000000003d0000000000000000000000000000042e752f02af0ef40eed003d003d00000157001c0001001d0000000100010ef00007000a0000000000000000b72d
WFI t=125504 a=-1565,-3893,198 g=-1,19,-21
WFR t=125505 src=mcu type=0x01 len=16 data=aa9e232c00000000000000000000fb5d
WFR t=125545 src=mcu type=0x01 len=16 data=aa9fb5a1b0bfd800000000000000dfe1
WFI t=125554 a=-1578,-3914,205 g=-3,1,-10
WFR t=125565 src=mcu type=0x01 len=16 data=aaa000000000020c000035006a00d1bd
WFI t=125604 a=-1556,-3910,201 g=-3,-22,15
WFR t=125605 src=mcu type=0x01 len=16 data=aaa188044a5357583036323430360894
WFR t=125625 src=mcu type=0x01 len=16 data=aaa231344e4242463930333500005e71
WFR t=125645 src=mcu type=0x01 len=16 data=aaa301180080000000000000ffff5bde
WFI t=125654 a=-1537,-3887,207 g=-10,-21,11
WFR t=125685 src=mcu type=0x01 len=16 data=aaa42e042f000000000000000000ff8e
WFI t=125704 a=-1546,-3892,199 g=-1,-3,-4
WFR t=125705 src=mcu type=0x01 len=16 data=aaa5232c00000000000000000000a026
WFR t=125745 src=mcu type=0x01 len=16 data=aaa6000000000000000000000000b4ce
WFI t=125754 a=-1544,-3899,192 g=-3,19,-19
WFR t=125765 src=mcu type=0x01 len=16 data=aaa7000000000000000000000000b64f
WFR t=125785 src=mcu type=0x01 len=16 data=aaa801801b000000400052a8194013c9
WFI t=125804 a=-1564,-3894,211 g=-4,18,-24
WFR t=125825 src=mcu type=0x01 len=16 data=aaa9028288135c4488132400ec02f999
WFR t=125845 src=mcu type=0x01 len=16 data=aaaa01180080000000000100feff467b
WFI t=125854 a=-1571,-3902,202 g=-4,-6,2
WFR t=125885 src=mcu type=0x01 len=16 data=aaab2e042f000000000000000000eb81
WFI t=125904 a=-1564,-3906,196 g=-6,-32,19
WFR t=125905 src=mcu type=0x01 len=16 data=aaac232c00000000000000000000bdef
WFR t=125925 src=mcu type=0x01 len=16 data=aaad0048005f00021000000100801d27
WFI t=125954 a=-1542,-3888,195 g=-7,-20,12
WFR t=125965 src=mcu type=0x01 len=16 data=aaae55f04b0b18000000803a40005cef
WFR t=125985 src=mcu type=0x01 len=16 data=aaaf08610005460c2f78a00f090076a9
WFI t=126004 a=-1527,-3892,188 g=-2,9,-14
WFR t=126025 src=mcu type=0x01 len=16 data=aab001180080000000000000ffff608d
WFR t=126045 src=mcu type=0x01 len=16 data=aab12e042f000000000000000000cd1b
WFI t=126054 a=-1561,-3887,206 g=-6,21,-26
WFR t=126085 src=mcu type=0x01 len=16 data=aab2232c0000000000000000000095f1
WFI t=126104 a=-1560,-3893,206 g=-3,13,-15
WFR t=126105 src=mcu type=0x01 len=16 data=aab3014a02050030000488001b007188
WFR t=126125 src=mcu type=0x01 len=16 data=aab400009f0ca90c9a0c540600001589
WFI t=126154 a=-1558,-3893,202 g=-4,-11,2
WFR t=126165 src=mcu type=0x01 len=16 data=aab51c00e8517918060eac0ab0006827
WFR t=126185 src=mcu type=0x01 len=16 data=aab6050804080080cb020122f13fc622
WFI t=126204 a=-1566,-3898,211 g=-7,-27,16
WFR t=126225 src=mcu type=0x01 len=16 data=aa8001180080000000000000feff20ed
WFR t=126245 src=mcu type=0x01 len=16 data=aa812e042f0000000000000000008ceb
WFI t=126254 a=-1534,-3887,208 g=1,-15,7
WFR t=126265 src=mcu type=0x01 len=16 data=aa82232c00000000000000000000d401
WFI t=126318 a=-1550,-3892,202 g=-4,16,-21
WFR t=126326 src=mcu type=0x01 len=16 data=aa83000100011101b70111019f00058c
WFR t=126326 src=mcu type=0x01 len=16 data=aa840000090a10560001310051c45a55
WFI t=126354 a=-1554,-3900,204 g=3,29,-27
WFR t=126365 src=mcu type=0x01 len=16 data=aa8513088003e204080b1000507864d4
WFR t=126385 src=mcu type=0x01 len=16 data=aa868403f4010400a00f8813c003f9eb
WFI t=126404 a=-1580,-3888,197 g=-1,7,-13
WFR t=126405 src=mcu type=0x01 len=16 data=aa8701180080000000000000feff2baa
WFR t=126445 src=mcu type=0x01 len=16 data=aa882e042f0000000000000000009122
WFI t=126454 a=-1574,-3896,218 g=-5,-27,20
WFR t=126465 src=mcu type=0x01 len=16 data=aa89232c00000000000000000000ce8a
WFI t=126504 a=-1536,-3888,206 g=0,-30,19
WFR t=126505 src=mcu type=0x01 len=16 data=aa8a480c1c0207284901230020001521
WFR t=126510 src=bms type=0x02 len=129 data=d2037c0eed0eed0eee0eed0eee0eed0eee0eee0eec0eed0eee0eee0ef10ef20ef20ef10ef20ef20ef30ef30ef30ef30ef30ef30ef20ef30ef30ef30000000000000000003d0000000000000000000000000000042e752f02af0ef30eec003d003d00000157001c0001001d0000000100010ef00007000a00000000000000002b26
WFR t=126525 src=mcu type=0x01 len=16 data=aa8b40005c03474c775419031a0e80f3
WFR t=126545 src=mcu type=0x01 len=16 data=aa8c2225bf0420034006b80b3e02672c
WFI t=126554 a=-1541,-3891,219 g=-7,5,-12
WFI t=126621 a=-1561,-3908,205 g=-5,23,-27
WFI t=126744 a=-1558,-3905,192 g=-5,5,-12
WFR t=126745 src=mcu type=0x01 len=16 data=aa8d800c800000006c07102780008244
WFI t=126819 a=-1558,-3896,203 g=-3,-21,13
WFI t=126834 a=-1544,-3897,205 g=-5,-21,9
WFR t=126820 src=mcu type=0x01 len=16 data=aa8e01180080000000000000feff3663
WFR t=126835 src=mcu type=0x01 len=16 data=aa8f2e042f0000000000000000009a65
WFR t=126835 src=mcu type=0x01 len=16 data=aa90232c00000000000000000000edd3
WFR t=126835 src=mcu type=0x01 len=16 data=aa910b000f00465a667332000b9ed1a0
WFR t=126835 src=mcu type=0x01 len=16 data=aa92000000000000000000000000fbba
WFR t=126836 src=mcu type=0x01 len=16 data=aa93d804480804242c01c003214fe1ad
WFR t=126836 src=mcu type=0x01 len=16 data=aa94f0f465fffffff8080d00412af645
WFI t=126836 a=-1551,-3888,209 g=-1,-11,2
WFR t=126836 src=mcu type=0x01 len=16 data=aa9501180080000000000000feff1278
WFR t=126845 src=mcu type=0x01 len=16 data=aa962e042f000000000000000000b93c
WFI t=126854 a=-1541,-3892,203 g=2,5,-5
WFR t=126865 src=mcu type=0x01 len=16 data=aa97232c00000000000000000000e694
WFR t=126885 src=mcu type=0x01 len=16 data=aa9807010200000056117eea00007aa4
WFI t=126904 a=-1543,-3893,201 g=1,36,-33
WFR t=126925 src=mcu type=0x01 len=16 data=aa991d00ab04a08c64502748395e1e28
WFR t=126945 src=mcu type=0x01 len=16 data=aa9a646464625f5d5b5955010101d546
WFI t=126954 a=-1572,-3905,207 g=-1,19,-19
WFR t=126985 src=mcu type=0x01 len=16 data=aa9b0101010100000000fbfbecd30e91
WFI t=127004 a=-1564,-3899,194 g=-5,-24,10
WFR t=127005 src=mcu type=0x01 len=16 data=aa9c01180080000000000000ffff0e21
WFR t=127025 src=mcu type=0x01 len=16 data=aa9d2e042f000000000000000000a3b7
WFI t=127054 a=-1543,-3900,193 g=-7,-25,12
WFR t=127065 src=mcu type=0x01 len=16 data=aa9e232c00000000000000000000fb5d
WFR t=127085 src=mcu type=0x01 len=16 data=aa9fb5a1b0bfd800000000000000dfe1
WFI t=127104 a=-1540,-3889,195 g=0,0,-3
WFR t=127125 src=mcu type=0x01 len=16 data=aaa000000000020c000035006a00d1bd
WFR t=127145 src=mcu type=0x01 len=16 data=aaa188044a5357583036323430360894
WFI t=127154 a=-1542,-3892,211 g=-3,16,-20
WFR t=127185 src=mcu type=0x01 len=16 data=aaa231344e4242463930333500005e71
WFI t=127204 a=-1566,-3905,205 g=-4,8,-17
WFR t=127205 src=mcu type=0x01 len=16 data=aaa301180080000000000000feff5a4e
WFR t=127225 src=mcu type=0x01 len=16 data=aaa42e042f000000000000000000ff8e
WFI t=127255 a=-1569,-3896,211 g=-1,-9,2
WFR t=127265 src=mcu type=0x01 len=16 data=aaa5232c00000000000000000000a026
WFR t=127285 src=mcu type=0x01 len=16 data=aaa6000000000000000000000000b4ce
WFI t=127304 a=-1546,-3903,200 g=-3,-14,4
WFR t=127325 src=mcu type=0x01 len=16 data=aaa7000000000000000000000000b64f
WFR t=127345 src=mcu type=0x01 len=16 data=aaa801801b000000400052a8194013c9
WFI t=127354 a=-1548,-3892,215 g=-5,-8,4
WFR t=127365 src=mcu type=0x01 len=16 data=aaa9028288135c4488132400ec02f999
WFI t=127404 a=-1540,-3900,193 g=-4,-5,0
WFR t=127405 src=mcu type=0x01 len=16 data=aaaa01180080000000000000feff4787
WFR t=127425 src=mcu type=0x01 len=16 data=aaab2e042f000000000000000000eb81
WFI t=127454 a=-1550,-3909,211 g=-3,8,-15
WFR t=127465 src=mcu type=0x01 len=16 data=aaac232c00000000000000000000bdef
WFR t=127485 src=mcu type=0x01 len=16 data=aaad0048005f00021000000100801d27
WFI t=127504 a=-1558,-3902,198 g=-7,16,-19
WFR t=127505 src=mcu type=0x01 len=16 data=aaae55f04b0b18000000803a40005cef
WFR t=127545 src=mcu type=0x01 len=16 data=aaaf08610005460c2f78a00f090076a9
WFI t=127554 a=-1583,-3903,209 g=-6,1,-5
WFR t=127560 src=bms type=0x02 len=129 data=d2037c0eee0eed0eee0eee0eee0eed0eee0eee0eec0eed0eee0eee0ef10ef10ef10ef10ef20ef20ef30ef30ef30ef30ef30ef30ef10ef30ef30ef30000000000000000003d0000000000000000000000000000042e752e02af0ef30eec003d003d00000157001c0001001d0000000100010ef00007001500000000000000005cad
WFR t=127565 src=mcu type=0x01 len=16 data=aab001180080000000000000feff611d
WFI t=127604 a=-1566,-3903,209 g=-3,-24,14
WFR t=127605 src=mcu type=0x01 len=16 data=aab12e042f000000000000000000cd1b
WFR t=127625 src=mcu type=0x01 len=16 data=aab2232c0000000000000000000095f1
WFR t=127645 src=mcu type=0x01 len=16 data=aab3014a02050030000488001b007188
WFI t=127654 a=-1547,-3895,199 g=-7,-19,4
WFR t=127685 src=mcu type=0x01 len=16 data=aab400009f0ca90c9a0c540600001589
WFI t=127704 a=-1545,-3894,211 g=-5,2,-11
WFR t=127705 src=mcu type=0x01 len=16 data=aab51c00e8517918060eb10ab0006e4b
WFR t=127745 src=mcu type=0x01 len=16 data=aab6050804080080cb020122f13fc622
WFI t=127754 a=-1557,-3889,202 g=-1,17,-15
WFR t=127765 src=mcu type=0x01 len=16 data=aa8001180080000000000000ffff217d
WFI t=127804 a=-1575,-3900,212 g=-8,3,-14
WFR t=127805 src=mcu type=0x01 len=16 data=aa812e042f0000000000000000008ceb
WFR t=127825 src=mcu type=0x01 len=16 data=aa82232c00000000000000000000d401
WFR t=127845 src=mcu type=0x01 len=16 data=aa83000100011101b70111019f00058c
WFI t=127854 a=-1562,-3895,196 g=-1,-15,9
WFR t=127885 src=mcu type=0x01 len=16 data=aa840000090a10560001310051c45a55
WFI t=127904 a=-1557,-3887,208 g=-2,-18,6
WFR t=127905 src=mcu type=0x01 len=16 data=aa8513088003e204080b1000507864d4
WFR t=127945 src=mcu type=0x01 len=16 data=aa868403f4010400a00f8813c003f9eb
WFI t=127954 a=-1558,-3899,196 g=-5,7,-6
WFR t=127965 src=mcu type=0x01 len=16 data=aa8701180080000000000000ffff2a3a
WFR t=127985 src=mcu type=0x01 len=16 data=aa882e042f0000000000000000009122
WFI t=128004 a=-1553,-3887,197 g=2,12,-14
WFR t=128025 src=mcu type=0x01 len=16 data=aa89232c00000000000000000000ce8a
WFR t=128045 src=mcu type=0x01 len=16 data=aa8a480c1c0207284901230020001521
WFI t=128054 a=-1558,-3910,210 g=-2,3,-7
WFR t=128085 src=mcu type=0x01 len=16 data=aa8b40005c03474c775419031a0e80f3
WFI t=128104 a=-1547,-3908,202 g=-1,-5,0
WFR t=128105 src=mcu type=0x01 len=16 data=aa8c2225bf0420034006b80b3e02672c
WFR t=128125 src=mcu type=0x01 len=16 data=aa8d800c800000006c07102780008244
WFI t=128154 a=-1564,-3891,206 g=-1,-8,-2
WFR t=128165 src=mcu type=0x01 len=16 data=aa8e01180080000000000000feff3663
WFR t=128185 src=mcu type=0x01 len=16 data=aa8f2e042f0000000000000000009a65
WFI t=128204 a=-1565,-3892,201 g=-5,-4,1
WFR t=128225 src=mcu type=0x01 len=16 data=aa90232c00000000000000000000edd3
WFR t=128245 src=mcu type=0x01 len=16 data=aa910b000f00465a667332000b9ed1a0
WFI t=128254 a=-1551,-3894,208 g=-3,4,-8
WFR t=128285 src=mcu type=0x01 len=16 data=aa92000000000000000000000000fbba
WFI t=128304 a=-1565,-3896,209 g=-7,0,-9
WFR t=128305 src=mcu type=0x01 len=16 data=aa93d804480804242c01c003214fe1ad
WFR t=128325 src=mcu type=0x01 len=16 data=aa94f0f465fffffff8080d00412af645
WFI t=128354 a=-1557,-3892,211 g=-1,-4,-1
WFR t=128365 src=mcu type=0x01 len=16 data=aa9501180080000000000000feff1278
WFR t=128385 src=mcu type=0x01 len=16 data=aa962e042f000000000000000000b93c
WFI t=128404 a=-1553,-3898,215 g=-2,-5,-4
WFR t=128425 src=mcu type=0x01 len=16 data=aa97232c00000000000000000000e694
WFR t=128445 src=mcu type=0x01 len=16 data=aa9807010200000056117eea00007aa4
WFI t=128454 a=-1547,-3895,205 g=-1,2,-4
WFR t=128465 src=mcu type=0x01 len=16 data=aa991d00ab04a08c64502748395e1e28
WFI t=128504 a=-1572,-3901,204 g=-6,3,-12
WFR t=128505 src=mcu type=0x01 len=16 data=aa9a646464625f5d5b5955010101d546
WFR t=128525 src=mcu type=0x01 len=16 data=aa9b0101010100000000fbfbecd30e91
WFR t=128550 src=bms type=0x02 len=129 data=d2037c0eed0eed0eee0eee0eee0eed0eee0eee0eec0eed0eee0eee0ef20ef10ef20ef00ef20ef20ef30ef30ef30ef30ef40ef30ef10ef30ef30ef30000000000000000003d0000000000000000000000000000042e752e02af0ef40eec003d003d00000157001c0001001d0000000100010ef0000800150000000000000000513d
WFI t=128554 a=-1576,-3891,202 g=-2,-1,-6
WFR t=128565 src=mcu type=0x01 len=16 data=aa9c01180080000000000000ffff0e21
WFR t=128585 src=mcu type=0x01 len=16 data=aa9d2e042f000000000000000000a3b7
WFI t=128644 a=-1544,-3907,193 g=-6,-14,5
WFI t=128718 a=-1549,-3896,208 g=1,7,-14
WFR t=128719 src=mcu type=0x01 len=16 data=aa9e232c00000000000000000000fb5d
WFR t=128719 src=mcu type=0x01 len=16 data=aa9fb5a1b0bfd800000000000000dfe1
WFR t=128719 src=mcu type=0x01 len=16 data=aaa000000000020c000035006a00d1bd
WFR t=128719 src=mcu type=0x01 len=16 data=aaa188044a5357583036323430360894
WFI t=128720 a=-1564,-3900,209 g=-2,10,-14
WFR t=128746 src=mcu type=0x01 len=16 data=aaa231344e4242463930333500005e71
WFR t=128746 src=mcu type=0x01 len=16 data=aaa301180080000000000000feff5a4e
WFI t=128754 a=-1561,-3885,198 g=-1,4,-6
WFR t=128785 src=mcu type=0x01 len=16 data=aaa42e042f000000000000000000ff8e
WFI t=128804 a=-1553,-3899,197 g=-8,-10,0
WFR t=128805 src=mcu type=0x01 len=16 data=aaa5232c00000000000000000000a026
WFR t=128845 src=mcu type=0x01 len=16 data=aaa6000000000000000000000000b4ce
WFI t=128854 a=-1555,-3911,204 g=-5,-4,-3
WFR t=128865 src=mcu type=0x01 len=16 data=aaa7000000000000000000000000b64f
WFI t=128904 a=-1554,-3888,212 g=-1,-3,-5
WFR t=128905 src=mcu type=0x01 len=16 data=aaa801801b000000400052a8194013c9
WFR t=128925 src=mcu type=0x01 len=16 data=aaa9028288135c4488132400ec02f999
WFR t=128945 src=mcu type=0x01 len=16 data=aaaa01180080000000000100feff467b
WFI t=128954 a=-1548,-3890,190 g=-5,4,-8
WFR t=128985 src=mcu type=0x01 len=16 data=aaab2e042f000000000000000000eb81
WFI t=129004 a=-1567,-3896,208 g=-6,4,-11
WFR t=129005 src=mcu type=0x01 len=16 data=aaac232c00000000000000000000bdef
WFR t=129045 src=mcu type=0x01 len=16 data=aaad0048005f00021000000100801d27
WFI t=129054 a=-1561,-3904,194 g=-9,-7,-2
WFR t=129065 src=mcu type=0x01 len=16 data=aaae55f04b0b18000000803a40005cef
WFR t=129085 src=mcu type=0x01 len=16 data=aaaf08610005460c2f78a00f090076a9
WFI t=129104 a=-1542,-3903,209 g=-3,-8,0
WFR t=129125 src=mcu type=0x01 len=16 data=aab001180080000000000000ffff608d
WFR t=129145 src=mcu type=0x01 len=16 data=aab12e042f000000000000000000cd1b
WFT t=129151 batt_mv=4242 rssi_mcu=-75 rssi_bms=-83 mcu=4584 bms=97 dropped=0
WFI t=129154 a=-1545,-3902,202 g=-2,0,-7
WFR t=129185 src=mcu type=0x01 len=16 data=aab2232c0000000000000000000095f1
WFI t=129204 a=-1555,-3893,206 g=0,-3,-2
WFR t=129205 src=mcu type=0x01 len=16 data=aab3014a02050030000488001b007188
WFR t=129225 src=mcu type=0x01 len=16 data=aab400009f0ca90c9a0c540600001589
WFI t=129254 a=-1554,-3887,205 g=-3,-7,-2
WFR t=129265 src=mcu type=0x01 len=16 data=aab51c00e8517918060e040bb0001987
WFR t=129285 src=mcu type=0x01 len=16 data=aab6050804080080cb020122f13fc622
WFI t=129304 a=-1544,-3906,198 g=-3,8,-12
WFR t=129325 src=mcu type=0x01 len=16 data=aa8001180080000000000000ffff217d
WFR t=129346 src=mcu type=0x01 len=16 data=aa812e042f0000000000000000008ceb
WFI t=129355 a=-1571,-3898,202 g=-3,8,-13
WFR t=129385 src=mcu type=0x01 len=16 data=aa82232c00000000000000000000d401
WFI t=129404 a=-1563,-3890,211 g=-2,-11,7
WFR t=129405 src=mcu type=0x01 len=16 data=aa83000100011101b70111019f00058c
WFR t=129425 src=mcu type=0x01 len=16 data=aa840000090a10560001310051c45a55
WFI t=129454 a=-1537,-3897,196 g=-2,-16,6
WFR t=129465 src=mcu type=0x01 len=16 data=aa8513088003e204080b1000507864d4
WFR t=129485 src=mcu type=0x01 len=16 data=aa868403f4010400a00f8813c003f9eb
WFR t=129548 src=bms type=0x02 len=129 data=d2037c0eee0eed0eee0eee0eee0eed0eee0eee0eec0eed0eee0eee0ef10ef10ef10ef00ef20ef20ef30ef30ef20ef30ef30ef40ef10ef30ef30ef30000000000000000003d0000000000000000000000000000042e752f02af0ef40eec003d003d00000157001c0001001d0000000100010ef00008000a0000000000000000310c
WFI t=129548 a=-1551,-3887,210 g=-1,7,-7
WFR t=129548 src=mcu type=0x01 len=16 data=aa8701180080000000000000ffff2a3a
WFR t=129549 src=mcu type=0x01 len=16 data=aa882e042f0000000000000000009122
WFI t=129554 a=-1555,-3890,212 g=-6,10,-8
WFR t=129565 src=mcu type=0x01 len=16 data=aa89232c00000000000000000000ce8a
WFI t=129604 a=-1548,-3894,193 g=-5,8,-13
WFR t=129605 src=mcu type=0x01 len=16 data=aa8a480c1c0207284901230020001521
WFR t=129625 src=mcu type=0x01 len=16 data=aa8b40005c03474c775419031a0e80f3
WFI t=129654 a=-1576,-3909,203 g=-5,-1,-5
WFR t=129665 src=mcu type=0x01 len=16 data=aa8c2225bf0420034006b80b3e02672c
WFR t=129685 src=mcu type=0x01 len=16 data=aa8d800c800000006c07102780008244
WFI t=129704 a=-1549,-3905,187 g=0,-9,2
WFR t=129705 src=mcu type=0x01 len=16 data=aa8e01180080000000000000ffff37f3
WFR t=129745 src=mcu type=0x01 len=16 data=aa8f2e042f0000000000000000009a65
WFI t=129754 a=-1553,-3895,214 g=2,-10,2
WFR t=129765 src=mcu type=0x01 len=16 data=aa90232c00000000000000000000edd3
WFI t=129804 a=-1534,-3898,220 g=-6,-4,-6
WFR t=129805 src=mcu type=0x01 len=16 data=aa910b000f00465a667332000b9ed1a0
WFR t=129825 src=mcu type=0x01 len=16 data=aa92000000000000000000000000fbba
WFR t=129845 src=mcu type=0x01 len=16 data=aa93d804480804242c01c003214fe1ad
WFI t=129854 a=-1556,-3910,209 g=4,9,-10
WFR t=129885 src=mcu type=0x01 len=16 data=aa94f0f465fffffff8080d00412af645
WFI t=129904 a=-1550,-3882,205 g=-4,13,-16
WFR t=129905 src=mcu type=0x01 len=16 data=aa9501180080000000000000feff1278
WFR t=129945 src=mcu type=0x01 len=16 data=aa962e042f000000000000000000b93c
WFI t=129954 a=-1570,-3902,206 g=-4,-11,2
WFR t=129965 src=mcu type=0x01 len=16 data=aa97232c00000000000000000000e694
WFI t=130004 a=-1533,-3895,199 g=-4,-23,15
WFR t=130005 src=mcu type=0x01 len=16 data=aa9807010200000056117eea00007aa4
WFR t=130025 src=mcu type=0x01 len=16 data=aa991d00ab04a08c64502748395e1e28
WFR t=130045 src=mcu type=0x01 len=16 data=aa9a646464625f5d5b5955010101d546
WFI t=130054 a=-1529,-3896,209 g=-4,1,-5
WFR t=130085 src=mcu type=0x01 len=16 data=aa9b0101010100000000fbfbecd30e91
WFI t=130104 a=-1564,-3897,203 g=4,18,-19
WFR t=130105 src=mcu type=0x01 len=16 data=aa9c01180080000000000000feff0fb1
WFR t=130145 src=mcu type=0x01 len=16 data=aa9d2e042f000000000000000000a3b7
WFI t=130154 a=-1560,-3906,211 g=-6,0,-4
WFR t=130165 src=mcu type=0x01 len=16 data=aa9e232c00000000000000000000fb5d
WFR t=130185 src=mcu type=0x01 len=16 data=aa9fb5a1b0bfd800000000000000dfe1
WFI t=130204 a=-1559,-3905,208 g=-7,-4,-2
WFR t=130225 src=mcu type=0x01 len=16 data=aaa000000000020c000035006a00d1bd
WFR t=130245 src=mcu type=0x01 len=16 data=aaa188044a5357583036323430360894
WFI t=130254 a=-1557,-3899,206 g=-2,-3,-7
WFR t=130285 src=mcu type=0x01 len=16 data=aaa231344e4242463930333500005e71
WFI t=130304 a=-1551,-3897,201 g=-4,-14,9
WFR t=130306 src=mcu type=0x01 len=16 data=aaa301180080000000000000feff5a4e
WFR t=130325 src=mcu type=0x01 len=16 data=aaa42e042f000000000000000000ff8e
WFI t=130354 a=-1534,-3902,202 g=-1,-1,-4
WFR t=130365 src=mcu type=0x01 len=16 data=aaa5232c00000000000000000000a026
WFR t=130385 src=mcu type=0x01 len=16 data=aaa6000000000000000000000000b4ce
WFI t=130404 a=-1555,-3886,207 g=0,11,-17
WFR t=130425 src=mcu type=0x01 len=16 data=aaa7000000000000000000000000b64f
WFR t=130445 src=mcu type=0x01 len=16 data=aaa801801b000000400052a8194013c9
WFI t=130454 a=-1560,-3896,191 g=-3,-1,-4
WFR t=130485 src=mcu type=0x01 len=16 data=aaa9028288135c4488132400ec02f999
WFI t=130504 a=-1545,-3901,204 g=-4,-9,-2
WFR t=130505 src=mcu type=0x01 len=16 data=aaaa01180080000000000000ffff4617
WFR t=130525 src=mcu type=0x01 len=16 data=aaab2e042f000000000000000000eb81
WFI t=130554 a=-1562,-3896,208 g=-2,3,-3
WFR t=130560 src=bms type=0x02 len=129 data=d2037c0eee0eed0eee0eee0eee0eed0eee0eee0eec0eed0eee0eee0ef10ef20ef20ef00ef20ef20ef30ef30ef20ef30ef30ef30ef10ef30ef30ef30000000000000000003d0000000000000000000000000000042e752f02af0ef30eec003d003d00000157001c0001001d0000000100010ef00007000a0000000000000000d4ad
WFR t=130565 src=mcu type=0x01 len=16 data=aaac232c00000000000000000000bdef
WFR t=130585 src=mcu type=0x01 len=16 data=aaad0048005f00021000000100801d27
WFI t=130604 a=-1555,-3910,210 g=-6,-6,-4
WFR t=130759 src=mcu type=0x01 len=16 data=aaae55f04b0b18000000803a40005cef
WFR t=130759 src=mcu type=0x01 len=16 data=aaaf08610005460c2f78a00f090076a9
WFR t=130760 src=mcu type=0x01 len=16 data=aab001180080000000000100feff60e1
WFR t=130761 src=mcu type=0x01 len=16 data=aab12e042f000000000000000000cd1b
WFR t=130762 src=mcu type=0x01 len=16 data=aab2232c0000000000000000000095f1
WFI t=130763 a=-1548,-3884,196 g=0,4,-9
WFR t=130767 src=mcu type=0x01 len=16 data=aab3014a02050030000488001b007188
WFI t=130769 a=-1550,-3895,198 g=-2,7,-12
WFI t=130772 a=-1569,-3892,203 g=-3,4,-9
WFR t=130787 src=mcu type=0x01 len=16 data=aab400009f0ca90c9a0c540600001589
WFI t=130863 a=-1570,-3883,208 g=-3,2,-3
WFI t=130951 a=-1556,-3889,195 g=-6,-12,0
WFR t=130952 src=mcu type=0x01 len=16 data=aab51c00e8517918060e040bb0001987
WFR t=130952 src=mcu type=0x01 len=16 data=aab6050804080080cb020122f13fc622
WFR t=130952 src=mcu type=0x01 len=16 data=aa8001180080000000000000ffff217d
WFR t=130953 src=mcu type=0x01 len=16 data=aa812e042f0000000000000000008ceb
WFR t=130953 src=mcu type=0x01 len=16 data=aa82232c00000000000000000000d401
WFR t=130953 src=mcu type=0x01 len=16 data=aa83000100011101b70111019f00058c
WFI t=130954 a=-1538,-3896,193 g=-4,0,-1
WFI t=130956 a=-1538,-3896,193 g=-4,0,-1
WFR t=130985 src=mcu type=0x01 len=16 data=aa840000090a10560001310051c45a55
WFI t=131004 a=-1551,-3900,208 g=-7,10,-20
WFR t=131005 src=mcu type=0x01 len=16 data=aa8513088003e204080b1000507864d4
WFR t=131045 src=mcu type=0x01 len=16 data=aa868403f4010400a00f8813c003f9eb
WFI t=131054 a=-1566,-3897,198 g=-3,7,-9
WFR t=131065 src=mcu type=0x01 len=16 data=aa8701180080000000000000feff2baa
WFI t=131104 a=-1553,-3895,214 g=-7,-17,3
WFR t=131105 src=mcu type=0x01 len=16 data=aa882e042f0000000000000000009122
WFR t=131125 src=mcu type=0x01 len=16 data=aa89232c00000000000000000000ce8a
WFR t=131145 src=mcu type=0x01 len=16 data=aa8a480c1c0207284901230020001521
WFI t=131154 a=-1538,-3910,215 g=-5,-13,6
WFR t=131185 src=mcu type=0x01 len=16 data=aa8b40005c03474c775419031a0e80f3
WFI t=131204 a=-1559,-3889,199 g=0,2,-8
WFR t=131205 src=mcu type=0x01 len=16 data=aa8c2225bf0420034006b80b3e02672c
WFR t=131245 src=mcu type=0x01 len=16 data=aa8d800c800000006c07102780008244
WFI t=131254 a=-1563,-3905,202 g=-5,7,-11
WFR t=131266 src=mcu type=0x01 len=16 data=aa8e01180080000000000000ffff37f3
WFR t=131285 src=mcu type=0x01 len=16 data=aa8f2e042f0000000000000000009a65
WFI t=131304 a=-1547,-3908,195 g=0,7,-7
WFR t=131325 src=mcu type=0x01 len=16 data=aa90232c00000000000000000000edd3
WFR t=131345 src=mcu type=0x01 len=16 data=aa910b000f00465a667332000b9ed1a0
WFI t=131354 a=-1566,-3890,204 g=-3,1,-8
WFR t=131385 src=mcu type=0x01 len=16 data=aa92000000000000000000000000fbba
WFI t=131404 a=-1567,-3895,214 g=-2,-20,8
WFR t=131405 src=mcu type=0x01 len=16 data=aa93d804480804242c01c003214fe1ad
WFR t=131425 src=mcu type=0x01 len=16 data=aa94f0f465fffffff8080d00412af645
WFI t=131454 a=-1541,-3892,217 g=-4,-20,6
WFR t=131465 src=mcu type=0x01 len=16 data=aa9501180080000000000000ffff13e8
WFR t=131485 src=mcu type=0x01 len=16 data=aa962e042f000000000000000000b93c
WFI t=131504 a=-1535,-3898,215 g=-4,5,-11
WFR t=131525 src=mcu type=0x01 len=16 data=aa97232c00000000000000000000e694
WFR t=131545 src=mcu type=0x01 len=16 data=aa9807010200000056117eea00007aa4
WFR t=131550 src=bms type=0x02 len=129 data=d2037c0eee0eed0eee0eee0eee0eed0eee0eee0eed0eed0eee0eee0ef10ef10ef10ef00ef20ef20ef30ef20ef30ef30ef30ef30ef10ef30ef30ef30000000000000000003d0000000000000000000000000000042e752f02af0ef30eec003d003d00000157001c0001001d0000000100010ef00007000a00000000000000008269
WFI t=131554 a=-1558,-3895,198 g=-2,18,-21
WFR t=131565 src=mcu type=0x01 len=16 data=aa991d00ab04a08c64502748395e1e28
WFI t=131604 a=-1564,-3882,209 g=-5,2,-9
WFR t=131605 src=mcu type=0x01 len=16 data=aa9a646464625f5d5b5955010101d546
WFR t=131625 src=mcu type=0x01 len=16 data=aa9b0101010100000000fbfbecd30e91
WFI t=131654 a=-1567,-3896,203 g=-8,-21,9
WFR t=131665 src=mcu type=0x01 len=16 data=aa9c01180080000000000000ffff0e21
WFR t=131685 src=mcu type=0x01 len=16 data=aa9d2e042f000000000000000000a3b7
WFI t=131704 a=-1546,-3898,196 g=-3,-20,9
WFR t=131725 src=mcu type=0x01 len=16 data=aa9e232c00000000000000000000fb5d
WFR t=131745 src=mcu type=0x01 len=16 data=aa9fb5a1b0bfd800000000000000dfe1
WFI t=131754 a=-1538,-3901,200 g=-6,6,-7
WFR t=131765 src=mcu type=0x01 len=16 data=aaa000000000020c000035006a00d1bd
WFI t=131804 a=-1542,-3887,195 g=-2,22,-22
WFR t=131805 src=mcu type=0x01 len=16 data=aaa188044a5357583036323430360894
WFR t=131825 src=mcu type=0x01 len=16 data=aaa231344e4242463930333500005e71
WFI t=131854 a=-1577,-3901,201 g=-1,-1,-6
WFR t=131866 src=mcu type=0x01 len=16 data=aaa301180080000000000000feff5a4e
WFR t=131885 src=mcu type=0x01 len=16 data=aaa42e042f000000000000000000ff8e
WFI t=131904 a=-1550,-3888,205 g=-4,-16,11
WFR t=131905 src=mcu type=0x01 len=16 data=aaa5232c00000000000000000000a026
WFR t=131945 src=mcu type=0x01 len=16 data=aaa6000000000000000000000000b4ce
WFI t=131954 a=-1544,-3900,199 g=-2,-7,-3
WFR t=131965 src=mcu type=0x01 len=16 data=aaa7000000000000000000000000b64f
WFI t=132004 a=-1558,-3895,199 g=-5,4,-4
WFR t=132005 src=mcu type=0x01 len=16 data=aaa801801b000000400052a8194013c9
WFR t=132025 src=mcu type=0x01 len=16 data=aaa9028288135c4488132400ec02f999
WFR t=132046 src=mcu type=0x01 len=16 data=aaaa01180080000000000100feff467b
WFI t=132054 a=-1557,-3896,192 g=-2,-5,-3
WFR t=132085 src=mcu type=0x01 len=16 data=aaab2e042f000000000000000000eb81
WFI t=132104 a=-1540,-3900,204 g=-2,4,-7
WFR t=132125 src=mcu type=0x01 len=16 data=aaac232c00000000000000000000bdef
WFR t=132145 src=mcu type=0x01 len=16 data=aaad0048005f00021000000100801d27
WFI t=132154 a=-1558,-3896,199 g=0,8,-13
WFR t=132165 src=mcu type=0x01 len=16 data=aaae55f04b0b18000000803a40005cef
WFI t=132204 a=-1565,-3900,198 g=-7,-14,3
WFR t=132226 src=mcu type=0x01 len=16 data=aaaf08610005460c2f78a00f090076a9
WFR t=132226 src=mcu type=0x01 len=16 data=aab001180080000000000100feff60e1
WFR t=132245 src=mcu type=0x01 len=16 data=aab12e042f000000000000000000cd1b
WFI t=132254 a=-1538,-3886,205 g=-1,-12,9
WFR t=132285 src=mcu type=0x01 len=16 data=aab2232c0000000000000000000095f1
WFI t=132304 a=-1538,-3891,200 g=-1,6,-14
WFR t=132305 src=mcu type=0x01 len=16 data=aab3014a02050030000488001b007188
WFR t=132345 src=mcu type=0x01 len=16 data=aab400009f0ca90c9a0c540600001589
WFI t=132354 a=-1567,-3886,194 g=-1,8,-11
WFR t=132365 src=mcu type=0x01 len=16 data=aab51c00e8517918060ee50ab0007e7b
WFR t=132385 src=mcu type=0x01 len=16 data=aab6050804080080cb020122f13fc622
WFI t=132404 a=-1554,-3900,205 g=-9,-10,-4
WFR t=132426 src=mcu type=0x01 len=16 data=aa8001180080000000000100feff2111
WFR t=132445 src=mcu type=0x01 len=16 data=aa812e042f0000000000000000008ceb
WFI t=132454 a=-1540,-3906,193 g=-5,-3,-4
WFR t=132485 src=mcu type=0x01 len=16 data=aa82232c00000000000000000000d401
WFI t=132504 a=-1555,-3909,211 g=-4,-2,-1
WFR t=132505 src=mcu type=0x01 len=16 data=aa83000100011101b70111019f00058c
WFR t=132525 src=mcu type=0x01 len=16 data=aa840000090a10560001310051c45a55
WFI t=132554 a=-1553,-3904,196 g=-6,-13,2
WFR t=132565 src=mcu type=0x01 len=16 data=aa8513088003e204080b1000507864d4
WFR t=132570 src=bms type=0x02 len=129 data=d2037c0eee0eed0eee0eed0eee0eed0eee0eee0eec0eed0eee0eee0ef20ef10ef20ef10ef20ef20ef30ef30ef30ef30ef30ef30ef20ef30ef30ef30000000000000000003d0000000000000000000000000000042e752f02af0ef30eec003d003d00000157001c0001001d0000000100010ef00007000a0000000000000000a463
WFI t=132655 a=-1540,-3899,204 g=-4,-1,-7
WFR t=132723 src=mcu type=0x01 len=16 data=aa868403f4010400a00f8813c003f9eb
WFR t=132724 src=mcu type=0x01 len=16 data=aa8701180080000000000000feff2baa
WFI t=132788 a=-1555,-3898,215 g=-4,10,-18
WFR t=132802 src=mcu type=0x01 len=16 data=aa882e042f0000000000000000009122
WFR t=132802 src=mcu type=0x01 len=16 data=aa89232c00000000000000000000ce8a
WFI t=132874 a=-1555,-3902,200 g=1,-17,6
WFR t=132874 src=mcu type=0x01 len=16 data=aa8a480c1c0207284901230020001521
WFR t=132874 src=mcu type=0x01 len=16 data=aa8b40005c03474c775419031a0e80f3
WFR t=132874 src=mcu type=0x01 len=16 data=aa8c2225bf0420034006b80b3e02672c
WFR t=132875 src=mcu type=0x01 len=16 data=aa8d800c800000006c07102780008244
WFR t=132875 src=mcu type=0x01 len=16 data=aa8e01180080000000000000feff3663
WFR t=132875 src=mcu type=0x01 len=16 data=aa8f2e042f0000000000000000009a65
WFR t=132876 src=mcu type=0x01 len=16 data=aa90232c00000000000000000000edd3
WFI t=132876 a=-1553,-3884,204 g=-5,-2,-2
WFI t=132878 a=-1553,-3884,204 g=-5,-2,-2
WFI t=132880 a=-1551,-3908,214 g=-5,1,-4
WFI t=132904 a=-1534,-3889,191 g=-1,10,-9
WFR t=132905 src=mcu type=0x01 len=16 data=aa910b000f00465a667332000b9ed1a0
WFR t=132925 src=mcu type=0x01 len=16 data=aa92000000000000000000000000fbba
WFI t=132954 a=-1554,-3899,207 g=-5,5,-16
WFR t=132965 src=mcu type=0x01 len=16 data=aa93d804480804242c01c003214fe1ad
WFR t=132985 src=mcu type=0x01 len=16 data=aa94f0f465fffffff8080d00412af645
WFI t=133004 a=-1553,-3894,195 g=-1,-1,-1
WFR t=133006 src=mcu type=0x01 len=16 data=aa9501180080000000000000feff1278
WFR t=133045 src=mcu type=0x01 len=16 data=aa962e042f000000000000000000b93c
WFI t=133054 a=-1553,-3886,210 g=0,-10,-3
WFR t=133065 src=mcu type=0x01 len=16 data=aa97232c00000000000000000000e694
WFI t=133104 a=-1567,-3896,207 g=-3,-2,1
WFR t=133105 src=mcu type=0x01 len=16 data=aa9807010200000056117eea00007aa4
WFR t=133125 src=mcu type=0x01 len=16 data=aa991d00ab04a08c64502748395e1e28
WFR t=133145 src=mcu type=0x01 len=16 data=aa9a646464625f5d5b5955010101d546
WFI t=133154 a=-1552,-3890,196 g=-5,-9,-1
WFR t=133185 src=mcu type=0x01 len=16 data=aa9b0101010100000000fbfbecd30e91
WFI t=133204 a=-1549,-3897,197 g=-6,4,-8
WFR t=133206 src=mcu type=0x01 len=16 data=aa9c01180080000000000100feff0e4d
WFR t=133245 src=mcu type=0x01 len=16 data=aa9d2e042f000000000000000000a3b7
WFI t=133254 a=-1559,-3895,201 g=-7,7,-11
WFR t=133265 src=mcu type=0x01 len=16 data=aa9e232c00000000000000000000fb5d
WFR t=133285 src=mcu type=0x01 len=16 data=aa9fb5a1b0bfd800000000000000dfe1
WFI t=133304 a=-1567,-3907,191 g=-8,-6,-5
WFR t=133325 src=mcu type=0x01 len=16 data=aaa000000000020c000035006a00d1bd
WFR t=133345 src=mcu type=0x01 len=16 data=aaa188044a5357583036323430360894
WFI t=133354 a=-1552,-3884,202 g=-7,-14,4
WFR t=133385 src=mcu type=0x01 len=16 data=aaa231344e4242463930333500005e71
WFI t=133404 a=-1538,-3880,207 g=-2,5,-4
WFR t=133406 src=mcu type=0x01 len=16 data=aaa301180080000000000100feff5bb2
WFR t=133445 src=mcu type=0x01 len=16 data=aaa42e042f000000000000000000ff8e
WFI t=133454 a=-1563,-3892,193 g=-2,3,-9
WFR t=133465 src=mcu type=0x01 len=16 data=aaa5232c00000000000000000000a026
WFR t=133485 src=mcu type=0x01 len=16 data=aaa6000000000000000000000000b4ce
WFI t=133504 a=-1554,-3906,197 g=0,-7,5
WFR t=133525 src=mcu type=0x01 len=16 data=aaa7000000000000000000000000b64f
WFR t=133545 src=mcu type=0x01 len=16 data=aaa801801b000000400052a8194013c9
WFI t=133554 a=-1545,-3902,205 g=1,0,-7
WFR t=133585 src=mcu type=0x01 len=16 data=aaa9028288135c4488132400ec02f999
WFR t=133590 src=bms type=0x02 len=129 data=d2037c0eed0eed0eee0eed0eee0eed0eee0eee0eec0eed0eee0eee0ef10ef20ef20ef10ef20ef20ef30ef30ef30ef30ef40ef30ef20ef30ef30ef30000000000000000003d0000000000000000000000000000042e752f02af0ef30eec003d003d00000157001c0001001d0000000100010ef00007000a0000000000000000f984
WFI t=133604 a=-1562,-3884,201 g=1,7,-9
WFR t=133606 src=mcu type=0x01 len=16 data=aaaa01180080000000000100feff467b
WFR t=133625 src=mcu type=0x01 len=16 data=aaab2e042f000000000000000000eb81
WFI t=133654 a=-1565,-3895,205 g=-2,-2,-3
WFR t=133665 src=mcu type=0x01 len=16 data=aaac232c00000000000000000000bdef
WFR t=133685 src=mcu type=0x01 len=16 data=aaad0048005f00021000000100801d27
WFI t=133704 a=-1546,-3910,205 g=1,-4,-4
WFR t=133726 src=mcu type=0x01 len=16 data=aaae55f04b0b18000000803a40005cef
WFR t=133745 src=mcu type=0x01 len=16 data=aaaf08610005460c2f78a00f090076a9
WFI t=133754 a=-1542,-3895,191 g=-4,0,-5
WFR t=133766 src=mcu type=0x01 len=16 data=aab001180080000000000000feff611d
WFI t=133804 a=-1556,-3891,208 g=-1,-6,-2
WFR t=133806 src=mcu type=0x01 len=16 data=aab12e042f000000000000000000cd1b
WFR t=133825 src=mcu type=0x01 len=16 data=aab2232c0000000000000000000095f1
WFI t=133854 a=-1539,-3894,205 g=2,-3,0
WFR t=133865 src=mcu type=0x01 len=16 data=aab3014a02050030000488001b007188
WFR t=133885 src=mcu type=0x01 len=16 data=aab400009f0ca90c9a0c540600001589
WFI t=133904 a=-1549,-3900,207 g=-8,6,-10
WFR t=133925 src=mcu type=0x01 len=16 data=aab51c00e8517918060e770ab00052c3
WFR t=133945 src=mcu type=0x01 len=16 data=aab6050804080080cb020122f13fc622
WFI t=133954 a=-1564,-3886,205 g=-2,-4,-8
WFR t=133966 src=mcu type=0x01 len=16 data=aa8001180080000000000000feff20ed
WFI t=134004 a=-1555,-3894,207 g=-5,-5,0
WFR t=134006 src=mcu type=0x01 len=16 data=aa812e042f0000000000000000008ceb
WFR t=134025 src=mcu type=0x01 len=16 data=aa82232c00000000000000000000d401
WFI t=134054 a=-1539,-3908,212 g=-1,-5,-3
WFR t=134065 src=mcu type=0x01 len=16 data=aa83000100011101b70111019f00058c
WFR t=134085 src=mcu type=0x01 len=16 data=aa840000090a10560001310051c45a55
WFI t=134104 a=-1555,-3908,202 g=-4,2,-8
WFR t=134105 src=mcu type=0x01 len=16 data=aa8513088003e204080b1000507864d4
WFR t=134146 src=mcu type=0x01 len=16 data=aa868403f4010400a00f8813c003f9eb
WFI t=134154 a=-1566,-3888,204 g=-7,-3,-6
WFR t=134166 src=mcu type=0x01 len=16 data=aa8701180080000000000100feff2a56
WFT t=134194 batt_mv=4240 rssi_mcu=-81 rssi_bms=-87 mcu=4762 bms=102 dropped=0
WFI t=134204 a=-1559,-3901,197 g=-2,-4,-2
WFR t=134206 src=mcu type=0x01 len=16 data=aa882e042f0000000000000000009122
WFR t=134225 src=mcu type=0x01 len=16 data=aa89232c00000000000000000000ce8a
WFR t=134245 src=mcu type=0x01 len=16 data=aa8a480c1c0207284901230020001521
WFI t=134254 a=-1557,-3896,200 g=-3,-3,-6
WFR t=134285 src=mcu type=0x01 len=16 data=aa8b40005c03474c775419031a0e80f3
WFI t=134304 a=-1562,-3905,217 g=-2,0,-5
WFR t=134305 src=mcu type=0x01 len=16 data=aa8c2225bf0420034006b80b3e02672c
WFR t=134345 src=mcu type=0x01 len=16 data=aa8d800c800000006c07102780008244
WFI t=134354 a=-1560,-3905,214 g=-1,-3,-3
WFR t=134366 src=mcu type=0x01 len=16 data=aa8e01180080000000000000ffff37f3
WFR t=134386 src=mcu type=0x01 len=16 data=aa8f2e042f0000000000000000009a65
WFI t=134404 a=-1553,-3888,195 g=-8,-2,-4
WFR t=134425 src=mcu type=0x01 len=16 data=aa90232c00000000000000000000edd3
WFR t=134445 src=mcu type=0x01 len=16 data=aa910b000f00465a667332000b9ed1a0
WFI t=134454 a=-1555,-3893,195 g=-1,-4,-7
WFR t=134485 src=mcu type=0x01 len=16 data=aa92000000000000000000000000fbba
WFI t=134504 a=-1557,-3892,196 g=0,6,-2
WFR t=134505 src=mcu type=0x01 len=16 data=aa93d804480804242c01c003214fe1ad
WFR t=134545 src=mcu type=0x01 len=16 data=aa94f0f465fffffff8080d00412af645
WFI t=134554 a=-1564,-3899,214 g=-5,-5,-8
WFR t=134566 src=mcu type=0x01 len=16 data=aa9501180080000000000000feff1278
WFR t=134586 src=mcu type=0x01 len=16 data=aa962e042f000000000000000000b93c
WFI t=134604 a=-1561,-3888,203 g=-5,-14,8
WFR t=134626 src=mcu type=0x01 len=16 data=aa97232c00000000000000000000e694
WFI t=134679 a=-1555,-3897,188 g=1,6,-14
WFI t=134753 a=-1572,-3904,200 g=2,14,-8
WFR t=134754 src=mcu type=0x01 len=16 data=aa9807010200000056117eea00007aa4
WFR t=134754 src=mcu type=0x01 len=16 data=aa991d00ab04a08c64502748395e1e28
WFR t=134755 src=mcu type=0x01 len=16 data=aa9a646464625f5d5b5955010101d546
WFR t=134755 src=mcu type=0x01 len=16 data=aa9b0101010100000000fbfbecd30e91
WFI t=134755 a=-1554,-3884,206 g=-1,3,-4
WFR t=134761 src=bms type=0x02 len=129 data=d2037c0eed0eed0eee0eed0eee0eed0eee0eee0eec0eed0eee0eee0ef10ef10ef20ef00ef20ef20ef30ef20ef30ef30ef30ef30ef20ef30ef30ef30000000000000000003d0000000000000000000000000000042e752f02af0ef40eec003d003d00000157001c0001001d0000000100010ef00008000a000000000000000082dd
WFR t=134766 src=mcu type=0x01 len=16 data=aa9c01180080000000000000ffff0e21
WFR t=134786 src=mcu type=0x01 len=16 data=aa9d2e042f000000000000000000a3b7
WFI t=134804 a=-1546,-3907,219 g=0,-20,5
WFR t=134825 src=mcu type=0x01 len=16 data=aa9e232c00000000000000000000fb5d
WFR t=134845 src=mcu type=0x01 len=16 data=aa9fb5a1b0bfd800000000000000dfe1
WFI t=134854 a=-1549,-3911,212 g=-4,-9,7
WFR t=134865 src=mcu type=0x01 len=16 data=aaa000000000020c000035006a00d1bd
WFI t=134904 a=-1538,-3905,214 g=-4,4,-11
WFR t=134905 src=mcu type=0x01 len=16 data=aaa188044a5357583036323430360894
WFR t=134925 src=mcu type=0x01 len=16 data=aaa231344e4242463930333500005e71
WFI t=134954 a=-1560,-3895,201 g=1,11,-13
WFR t=134966 src=mcu type=0x01 len=16 data=aaa301180080000000000100feff5bb2
WFR t=134986 src=mcu type=0x01 len=16 data=aaa42e042f000000000000000000ff8e
WFI t=135004 a=-1563,-3892,206 g=-3,6,-7
WFR t=135025 src=mcu type=0x01 len=16 data=aaa5232c00000000000000000000a026
WFR t=135045 src=mcu type=0x01 len=16 data=aaa6000000000000000000000000b4ce
WFI t=135054 a=-1561,-3898,203 g=-2,-13,-3
WFR t=135065 src=mcu type=0x01 len=16 data=aaa7000000000000000000000000b64f
WFI t=135104 a=-1545,-3910,184 g=-7,-18,13
WFR t=135106 src=mcu type=0x01 len=16 data=aaa801801b000000400052a8194013c9
WFR t=135125 src=mcu type=0x01 len=16 data=aaa9028288135c4488132400ec02f999
WFI t=135154 a=-1528,-3887,198 g=-6,7,-13
WFR t=135166 src=mcu type=0x01 len=16 data=aaaa01180080000000000000ffff4617
WFR t=135186 src=mcu type=0x01 len=16 data=aaab2e042f000000000000000000eb81
WFI t=135204 a=-1563,-3895,212 g=-2,13,-19
WFR t=135205 src=mcu type=0x01 len=16 data=aaac232c00000000000000000000bdef
WFR t=135245 src=mcu type=0x01 len=16 data=aaad0048005f00021000000100801d27
WFI t=135254 a=-1555,-3895,206 g=-5,-8,3
WFR t=135265 src=mcu type=0x01 len=16 data=aaae55f04b0b18000000803a40005cef
WFI t=135304 a=-1544,-3895,205 g=1,-14,1
WFR t=135305 src=mcu type=0x01 len=16 data=aaaf08610005460c2f78a00f090076a9
WFR t=135326 src=mcu type=0x01 len=16 data=aab001180080000000000100feff60e1
WFR t=135346 src=mcu type=0x01 len=16 data=aab12e042f000000000000000000cd1b
WFI t=135354 a=-1545,-3893,199 g=1,3,-4
WFR t=135386 src=mcu type=0x01 len=16 data=aab2232c0000000000000000000095f1
WFI t=135404 a=-1545,-3897,209 g=-4,-3,-4
WFR t=135406 src=mcu type=0x01 len=16 data=aab3014a02050030000488001b007188
WFR t=135445 src=mcu type=0x01 len=16 data=aab400009f0ca90c9a0c540600001589
WFI t=135454 a=-1555,-3903,211 g=-5,-1,-3
WFR t=135466 src=mcu type=0x01 len=16 data=aab51c00e8517918060ed60ab000713f
WFR t=135485 src=mcu type=0x01 len=16 data=aab6050804080080cb020122f13fc622
WFI t=135504 a=-1554,-3895,204 g=-1,11,-11
WFR t=135526 src=mcu type=0x01 len=16 data=aa8001180080000000000000feff20ed
WFR t=135546 src=mcu type=0x01 len=16 data=aa812e042f0000000000000000008ceb
WFI t=135554 a=-1564,-3903,209 g=-3,0,-4
WFI t=135604 a=-1557,-3901,195 g=-6,-12,6
WFR t=135606 src=mcu type=0x01 len=16 data=aa82232c00000000000000000000d401
WFR t=135606 src=mcu type=0x01 len=16 data=aa83000100011101b70111019f00058c
WFR t=135645 src=mcu type=0x01 len=16 data=aa840000090a10560001310051c45a55
WFI t=135654 a=-1545,-3888,211 g=-9,-13,4
WFR t=135661 src=bms type=0x02 len=129 data=d2037c0eee0eed0eee0eed0eee0eed0eee0eee0eec0eed0eee0eee0ef10ef10ef20ef00ef20ef20ef30ef30ef20ef30ef30ef30ef20ef30ef30ef30000000000000000003d0000000000000000000000000000042e752f02af0ef30eec003d003d00000157001c0001001d0000000100010ef00007000a0000000000000000bb5b
WFR t=135665 src=mcu type=0x01 len=16 data=aa8513088003e204080b1000507864d4
WFR t=135685 src=mcu type=0x01 len=16 data=aa868403f4010400a00f8813c003f9eb
WFI t=135704 a=-1545,-3897,210 g=-7,1,-8
WFR t=135726 src=mcu type=0x01 len=16 data=aa8701180080000000000100feff2a56
WFR t=135746 src=mcu type=0x01 len=16 data=aa882e042f0000000000000000009122
WFI t=135754 a=-1556,-3899,198 g=-1,17,-16
WFR t=135785 src=mcu type=0x01 len=16 data=aa89232c00000000000000000000ce8a
WFI t=135804 a=-1578,-3886,205 g=0,4,-10
WFR t=135806 src=mcu type=0x01 len=16 data=aa8a480c1c0207284901230020001521
WFR t=135826 src=mcu type=0x01 len=16 data=aa8b40005c03474c775419031a0e80f3
WFI t=135854 a=-1549,-3894,206 g=-3,-11,1
WFR t=135865 src=mcu type=0x01 len=16 data=aa8c2225bf0420034006b80b3e02672c
WFR t=135885 src=mcu type=0x01 len=16 data=aa8d800c800000006c07102780008244
WFI t=135904 a=-1549,-3889,212 g=-6,-19,6
WFI t=135961 a=-1539,-3893,204 g=-4,-1,-3
WFR t=135967 src=mcu type=0x01 len=16 data=aa8e01180080000000000000feff3663
WFR t=135967 src=mcu type=0x01 len=16 data=aa8f2e042f0000000000000000009a65
WFR t=135967 src=mcu type=0x01 len=16 data=aa90232c00000000000000000000edd3
WFI t=136004 a=-1552,-3895,187 g=-6,7,-13
WFR t=136006 src=mcu type=0x01 len=16 data=aa910b000f00465a667332000b9ed1a0
WFR t=136026 src=mcu type=0x01 len=16 data=aa92000000000000000000000000fbba
WFI t=136054 a=-1574,-3899,206 g=-3,8,-15
WFR t=136066 src=mcu type=0x01 len=16 data=aa93d804480804242c01c003214fe1ad
WFR t=136085 src=mcu type=0x01 len=16 data=aa94f0f465fffffff8080d00412af645
WFI t=136104 a=-1559,-3904,195 g=0,3,-7
WFR t=136126 src=mcu type=0x01 len=16 data=aa9501180080000000000100feff1384
WFR t=136146 src=mcu type=0x01 len=16 data=aa962e042f000000000000000000b93c
WFI t=136154 a=-1560,-3904,216 g=-4,-11,7
WFR t=136165 src=mcu type=0x01 len=16 data=aa97232c00000000000000000000e694
WFI t=136204 a=-1535,-3898,209 g=-3,-10,7
WFR t=136205 src=mcu type=0x01 len=16 data=aa9807010200000056117eea00007aa4
WFR t=136226 src=mcu type=0x01 len=16 data=aa991d00ab04a08c64502748395e1e28
WFI t=136254 a=-1547,-3889,212 g=-7,3,-7
WFR t=136265 src=mcu type=0x01 len=16 data=aa9a646464625f5d5b5955010101d546
WFR t=136285 src=mcu type=0x01 len=16 data=aa9b0101010100000000fbfbecd30e91
WFI t=136304 a=-1572,-3903,208 g=-1,1,-3
WFR t=136306 src=mcu type=0x01 len=16 data=aa9c01180080000000000000ffff0e21
WFR t=136346 src=mcu type=0x01 len=16 data=aa9d2e042f000000000000000000a3b7
WFI t=136354 a=-1544,-3894,213 g=-5,-1,-3
WFR t=136366 src=mcu type=0x01 len=16 data=aa9e232c00000000000000000000fb5d
WFI t=136404 a=-1548,-3888,207 g=-8,7,-9
WFR t=136405 src=mcu type=0x01 len=16 data=aa9fb5a1b0bfd800000000000000dfe1
WFR t=136426 src=mcu type=0x01 len=16 data=aaa000000000020c000035006a00d1bd
WFR t=136445 src=mcu type=0x01 len=16 data=aaa188044a5357583036323430360894
WFI t=136454 a=-1566,-3893,208 g=-1,-7,3
WFR t=136486 src=mcu type=0x01 len=16 data=aaa231344e4242463930333500005e71
WFI t=136504 a=-1553,-3887,214 g=-7,-32,11
WFR t=136506 src=mcu type=0x01 len=16 data=aaa301180080000000000000feff5a4e
WFR t=136546 src=mcu type=0x01 len=16 data=aaa42e042f000000000000000000ff8e
WFI t=136554 a=-1532,-3909,219 g=1,-3,-1
WFR t=136565 src=mcu type=0x01 len=16 data=aaa5232c00000000000000000000a026
WFR t=136585 src=mcu type=0x01 len=16 data=aaa6000000000000000000000000b4ce
WFI t=136604 a=-1551,-3898,198 g=2,32,-27
WFR t=136626 src=mcu type=0x01 len=16 data=aaa7000000000000000000000000b64f
WFR t=136636 src=bms type=0x02 len=129 data=d2037c0eee0eed0eee0eee0eee0eed0eee0eee0eec0eed0eee0eee0ef10ef10ef10ef10ef20ef20ef30ef30ef30ef30ef30ef30ef20ef30ef30ef30000000000000000003d0000000000000000000000000000042e753002af0ef30eec003d003d00000157001c0001001d0000000100010ef0000700000000000000000000e14e
WFR t=136672 src=mcu type=0x01 len=16 data=aaa801801b000000400052a8194013c9
WFI t=136735 a=-1579,-3904,202 g=-1,-7,3
WFR t=136821 src=mcu type=0x01 len=16 data=aaa9028288135c4488132400ec02f999
WFI t=136883 a=-1560,-3892,221 g=-5,-26,8
WFR t=136884 src=mcu type=0x01 len=16 data=aaaa01180080000000000000feff4787
WFR t=136884 src=mcu type=0x01 len=16 data=aaab2e042f000000000000000000eb81
WFI t=136898 a=-1546,-3887,198 g=-1,20,-21
WFR t=136899 src=mcu type=0x01 len=16 data=aaac232c00000000000000000000bdef
WFR t=136899 src=mcu type=0x01 len=16 data=aaad0048005f00021000000100801d27
WFR t=136899 src=mcu type=0x01 len=16 data=aaae55f04b0b18000000803a40005cef
WFR t=136899 src=mcu type=0x01 len=16 data=aaaf08610005460c2f78a00f090076a9
WFR t=136899 src=mcu type=0x01 len=16 data=aab001180080000000000000feff611d
WFI t=136900 a=-1556,-3892,201 g=0,21,-20
WFI t=136903 a=-1556,-3892,201 g=0,21,-20
WFR t=136906 src=mcu type=0x01 len=16 data=aab12e042f000000000000000000cd1b
WFI t=136906 a=-1564,-3893,193 g=-1,22,-20
WFR t=136926 src=mcu type=0x01 len=16 data=aab2232c0000000000000000000095f1
WFI t=136954 a=-1565,-3905,198 g=-2,-3,-5
WFR t=136966 src=mcu type=0x01 len=16 data=aab3014a02050030000488001b007188
WFR t=136985 src=mcu type=0x01 len=16 data=aab400009f0ca90c9a0c540600001589
WFI t=137004 a=-1556,-3894,202 g=-7,-23,14
WFR t=137026 src=mcu type=0x01 len=16 data=aab51c00e8517918060ed60ab000713f
WFR t=137045 src=mcu type=0x01 len=16 data=aab6050804080080cb020122f13fc622
WFI t=137054 a=-1542,-3899,211 g=0,-23,11
WFR t=137066 src=mcu type=0x01 len=16 data=aa8001180080000000000000feff20ed
WFI t=137104 a=-1534,-3901,202 g=-1,13,-13
WFR t=137106 src=mcu type=0x01 len=16 data=aa812e042f0000000000000000008ceb
WFR t=137126 src=mcu type=0x01 len=16 data=aa82232c00000000000000000000d401
WFI t=137154 a=-1555,-3892,188 g=-3,20,-27
WFR t=137166 src=mcu type=0x01 len=16 data=aa83000100011101b70111019f00058c
WFR t=137185 src=mcu type=0x01 len=16 data=aa840000090a10560001310051c45a55
WFI t=137204 a=-1574,-3899,207 g=-1,3,-6
WFR t=137206 src=mcu type=0x01 len=16 data=aa8513088003e204080b1000507864d4
WFR t=137245 src=mcu type=0x01 len=16 data=aa868403f4010400a00f8813c003f9eb
WFI t=137254 a=-1556,-3893,206 g=-4,-17,8
WFR t=137266 src=mcu type=0x01 len=16 data=aa8701180080000000000000ffff2a3a
WFI t=137304 a=-1550,-3907,207 g=-3,-13,8
WFR t=137306 src=mcu type=0x01 len=16 data=aa882e042f0000000000000000009122
WFR t=137326 src=mcu type=0x01 len=16 data=aa89232c00000000000000000000ce8a
WFI t=137354 a=-1549,-3901,196 g=-8,-14,2
WFR t=137366 src=mcu type=0x01 len=16 data=aa8a480c1c0207284901230020001521
WFR t=137386 src=mcu type=0x01 len=16 data=aa8b40005c03474c775419031a0e80f3
WFI t=137404 a=-1527,-3898,205 g=-2,12,-11
WFR t=137406 src=mcu type=0x01 len=16 data=aa8c2225bf0420034006b80b3e02672c
WFR t=137446 src=mcu type=0x01 len=16 data=aa8d800c800000006c07102780008244
WFI t=137454 a=-1563,-3894,202 g=-4,30,-34
WFR t=137466 src=mcu type=0x01 len=16 data=aa8e01180080000000000000feff3663
WFI t=137504 a=-1581,-3908,199 g=-1,0,2
WFR t=137506 src=mcu type=0x01 len=16 data=aa8f2e042f0000000000000000009a65
WFR t=137526 src=mcu type=0x01 len=16 data=aa90232c00000000000000000000edd3
WFR t=137546 src=mcu type=0x01 len=16 data=aa910b000f00465a667332000b9ed1a0
WFI t=137554 a=-1549,-3897,194 g=-3,-39,26
WFR t=137586 src=mcu type=0x01 len=16 data=aa92000000000000000000000000fbba
WFI t=137604 a=-1529,-3902,205 g=-4,-4,3
WFR t=137606 src=mcu type=0x01 len=16 data=aa93d804480804242c01c003214fe1ad
WFR t=137641 src=bms type=0x02 len=129 data=d2037c0eee0eed0eee0eed0eee0eed0eee0eee0eec0eed0eee0eee0ef20ef10ef20ef00ef20ef20ef30ef30ef20ef30ef30ef30ef20ef30ef30ef30000000000000000003d0000000000000000000000000000042e752f02af0ef30eed003d003d00000157001c0001001d0000000100010ef00006000a0000000000000000ce11
WFR t=137645 src=mcu type=0x01 len=16 data=aa94f0f465fffffff8080d00412af645
WFI t=137654 a=-1553,-3897,202 g=-3,14,-18
WFR t=137666 src=mcu type=0x01 len=16 data=aa9501180080000000000000ffff13e8
WFR t=137686 src=mcu type=0x01 len=16 data=aa962e042f000000000000000000b93c
WFI t=137704 a=-1564,-3924,195 g=-1,9,-15
WFR t=137726 src=mcu type=0x01 len=16 data=aa97232c00000000000000000000e694
WFR t=137746 src=mcu type=0x01 len=16 data=aa9807010200000056117eea00007aa4
WFI t=137754 a=-1555,-3909,200 g=-5,2,-8
WFR t=137786 src=mcu type=0x01 len=16 data=aa991d00ab04a08c64502748395e1e28
WFI t=137804 a=-1571,-3896,199 g=-2,-11,1
WFR t=137806 src=mcu type=0x01 len=16 data=aa9a646464625f5d5b5955010101d546
WFR t=137845 src=mcu type=0x01 len=16 data=aa9b0101010100000000fbfbecd30e91
WFI t=137854 a=-1557,-3906,197 g=-7,-27,12
WFR t=137866 src=mcu type=0x01 len=16 data=aa9c01180080000000000000ffff0e21
WFR t=137886 src=mcu type=0x01 len=16 data=aa9d2e042f000000000000000000a3b7
WFI t=137904 a=-1525,-3908,195 g=2,4,-5
WFR t=137926 src=mcu type=0x01 len=16 data=aa9e232c00000000000000000000fb5d
WFR t=137946 src=mcu type=0x01 len=16 data=aa9fb5a1b0bfd800000000000000dfe1
WFI t=137954 a=-1566,-3899,204 g=-5,17,-24
WFR t=137986 src=mcu type=0x01 len=16 data=aaa000000000020c000035006a00d1bd
WFI t=138004 a=-1556,-3898,205 g=-3,3,-1
WFR t=138006 src=mcu type=0x01 len=16 data=aaa188044a5357583036323430360894
WFR t=138026 src=mcu type=0x01 len=16 data=aaa231344e4242463930333500005e71
WFI t=138054 a=-1544,-3903,200 g=-4,-7,-3
WFR t=138066 src=mcu type=0x01 len=16 data=aaa301180080000000000000ffff5bde
WFR t=138086 src=mcu type=0x01 len=16 data=aaa42e042f000000000000000000ff8e
WFI t=138104 a=-1564,-3897,196 g=-1,-7,1
WFR t=138126 src=mcu type=0x01 len=16 data=aaa5232c00000000000000000000a026
WFR t=138146 src=mcu type=0x01 len=16 data=aaa6000000000000000000000000b4ce
WFI t=138154 a=-1555,-3899,210 g=0,-19,9
WFR t=138166 src=mcu type=0x01 len=16 data=aaa7000000000000000000000000b64f
WFI t=138204 a=-1531,-3888,202 g=-4,11,-11
WFR t=138206 src=mcu type=0x01 len=16 data=aaa801801b000000400052a8194013c9
WFR t=138226 src=mcu type=0x01 len=16 data=aaa9028288135c4488132400ec02f999
WFI t=138254 a=-1568,-3889,195 g=-1,25,-26
WFR t=138266 src=mcu type=0x01 len=16 data=aaaa01180080000000000000ffff4617
WFR t=138286 src=mcu type=0x01 len=16 data=aaab2e042f000000000000000000eb81
WFI t=138304 a=-1575,-3896,198 g=-6,-13,4
WFR t=138306 src=mcu type=0x01 len=16 data=aaac232c00000000000000000000bdef
WFR t=138346 src=mcu type=0x01 len=16 data=aaad0048005f00021000000100801d27
WFI t=138354 a=-1550,-3906,194 g=-10,-26,14
WFR t=138366 src=mcu type=0x01 len=16 data=aaae55f04b0b18000000803a40005cef
WFI t=138404 a=-1548,-3901,205 g=-3,1,-5
WFR t=138406 src=mcu type=0x01 len=16 data=aaaf08610005460c2f78a00f090076a9
WFR t=138426 src=mcu type=0x01 len=16 data=aab001180080000000000000feff611d
WFI t=138454 a=-1557,-3894,201 g=-4,4,-7
WFR t=138466 src=mcu type=0x01 len=16 data=aab12e042f000000000000000000cd1b
WFR t=138486 src=mcu type=0x01 len=16 data=aab2232c0000000000000000000095f1
WFI t=138504 a=-1562,-3901,191 g=-3,8,-13
WFR t=138506 src=mcu type=0x01 len=16 data=aab3014a02050030000488001b007188
WFR t=138546 src=mcu type=0x01 len=16 data=aab400009f0ca90c9a0c540600001589
WFI t=138554 a=-1567,-3889,193 g=-2,9,-16
WFR t=138566 src=mcu type=0x01 len=16 data=aab51c00e8517918060ecb0ab0007753
WFI t=138604 a=-1585,-3892,208 g=-6,-17,5
WFR t=138606 src=mcu type=0x01 len=16 data=aab6050804080080cb020122f13fc622
WFR t=138626 src=mcu type=0x01 len=16 data=aa8001180080000000000100feff2111
WFR t=138646 src=mcu type=0x01 len=16 data=aa812e042f0000000000000000008ceb
WFI t=138654 a=-1541,-3901,210 g=-5,-21,14
WFR t=138775 src=bms type=0x02 len=129 data=d2037c0eee0eed0eee0eee0eee0eed0eee0eee0eec0eed0eee0eee0ef10ef10ef10ef10ef20ef20ef30ef20ef20ef30ef30ef30ef20ef30ef30ef30000000000000000003d0000000000000000000000000000042e752f02af0ef30eec003d003d00000157001c0001001d0000000100010ef00007000a00000000000000007783
WFR t=138775 src=mcu type=0x01 len=16 data=aa82232c00000000000000000000d401
WFR t=138776 src=mcu type=0x01 len=16 data=aa83000100011101b70111019f00058c
WFR t=138776 src=mcu type=0x01 len=16 data=aa840000090a10560001310051c45a55
WFR t=138776 src=mcu type=0x01 len=16 data=aa8513088003e204080b1000507864d4
WFI t=138776 a=-1551,-3893,189 g=-2,7,-11
WFI t=138779 a=-1571,-3894,212 g=-3,9,-11
WFR t=138786 src=mcu type=0x01 len=16 data=aa868403f4010400a00f8813c003f9eb
WFI t=138804 a=-1538,-3905,205 g=-6,10,-12
WFR t=138826 src=mcu type=0x01 len=16 data=aa8701180080000000000000feff2baa
WFR t=138846 src=mcu type=0x01 len=16 data=aa882e042f0000000000000000009122
WFI t=138854 a=-1567,-3882,210 g=-4,7,-11
WFR t=138886 src=mcu type=0x01 len=16 data=aa89232c00000000000000000000ce8a
WFI t=138904 a=-1563,-3896,201 g=-2,-14,7
WFR t=138906 src=mcu type=0x01 len=16 data=aa8a480c1c0207284901230020001521
WFR t=138946 src=mcu type=0x01 len=16 data=aa8b40005c03474c775419031a0e80f3
WFI t=138954 a=-1543,-3897,198 g=-5,-22,11
WFR t=138966 src=mcu type=0x01 len=16 data=aa8c2225bf0420034006b80b3e02672c
WFR t=138986 src=mcu type=0x01 len=16 data=aa8d800c800000006c07102780008244
WFI t=139004 a=-1527,-3900,194 g=-5,7,-7
WFR t=139026 src=mcu type=0x01 len=16 data=aa8e01180080000000000000ffff37f3
WFR t=139046 src=mcu type=0x01 len=16 data=aa8f2e042f0000000000000000009a65
WFI t=139054 a=-1554,-3908,201 g=-5,16,-19
WFR t=139086 src=mcu type=0x01 len=16 data=aa90232c00000000000000000000edd3
WFI t=139104 a=-1552,-3893,208 g=-1,6,-8
WFR t=139106 src=mcu type=0x01 len=16 data=aa910b000f00465a667332000b9ed1a0
WFR t=139126 src=mcu type=0x01 len=16 data=aa92000000000000000000000000fbba
WFR t=139169 src=mcu type=0x01 len=16 data=aa93d804480804242c01c003214fe1ad
WFI t=139170 a=-1561,-3894,206 g=0,-13,3
WFR t=139187 src=mcu type=0x01 len=16 data=aa94f0f465fffffff8080d00412af645
WFI t=139205 a=-1562,-3896,190 g=-1,-11,4
WFT t=139260 batt_mv=4234 rssi_mcu=-89 rssi_bms=-76 mcu=4940 bms=107 dropped=0
WFI t=139262 a=-1553,-3897,200 g=-6,-5,0
WFR t=139267 src=mcu type=0x01 len=16 data=aa9501180080000000000000feff1278
WFR t=139267 src=mcu type=0x01 len=16 data=aa962e042f000000000000000000b93c
WFR t=139268 src=mcu type=0x01 len=16 data=aa97232c00000000000000000000e694
WFI t=139304 a=-1554,-3899,212 g=-3,3,-7
WFR t=139306 src=mcu type=0x01 len=16 data=aa9807010200000056117eea00007aa4
WFR t=139326 src=mcu type=0x01 len=16 data=aa991d00ab04a08c64502748395e1e28
WFI t=139354 a=-1546,-3898,214 g=-4,10,-13
WFR t=139366 src=mcu type=0x01 len=16 data=aa9a646464625f5d5b5955010101d546
WFR t=139386 src=mcu type=0x01 len=16 data=aa9b0101010100000000fbfbecd30e91
WFI t=139404 a=-1553,-3904,188 g=-6,5,-13
WFR t=139406 src=mcu type=0x01 len=16 data=aa9c01180080000000000000feff0fb1
WFR t=139446 src=mcu type=0x01 len=16 data=aa9d2e042f000000000000000000a3b7
WFI t=139454 a=-1584,-3892,190 g=-4,-5,-2
WFR t=139466 src=mcu type=0x01 len=16 data=aa9e232c00000000000000000000fb5d
WFI t=139504 a=-1562,-3886,206 g=-6,-20,6
WFR t=139506 src=mcu type=0x01 len=16 data=aa9fb5a1b0bfd800000000000000dfe1
WFR t=139526 src=mcu type=0x01 len=16 data=aaa000000000020c000035006a00d1bd
WFI t=139554 a=-1541,-3888,213 g=-6,-11,3
WFR t=139566 src=mcu type=0x01 len=16 data=aaa188044a5357583036323430360894
WFR t=139586 src=mcu type=0x01 len=16 data=aaa231344e4242463930333500005e71
WFI t=139604 a=-1547,-3900,205 g=-9,7,-16
WFR t=139606 src=mcu type=0x01 len=16 data=aaa301180080000000000000ffff5bde
WFR t=139646 src=mcu type=0x01 len=16 data=aaa42e042f000000000000000000ff8e
WFI t=139654 a=-1563,-3909,195 g=2,14,-12
WFR t=139666 src=mcu type=0x01 len=16 data=aaa5232c00000000000000000000a026
WFR t=139696 src=bms type=0x02 len=129 data=d2037c0eee0eed0eee0eee0eee0eed0eee0eee0eec0eed0eee0eee0ef10ef10ef20ef10ef20ef20ef30ef30ef20ef30ef30ef30ef20ef30ef30ef30000000000000000003d0000000000000000000000000000042e752f02af0ef30eec003d003d00000157001c0001001d0000000100010ef00007000a00000000000000008e0f
WFI t=139704 a=-1562,-3894,188 g=-5,-2,-6
WFR t=139706 src=mcu type=0x01 len=16 data=aaa6000000000000000000000000b4ce
WFR t=139726 src=mcu type=0x01 len=16 data=aaa7000000000000000000000000b64f
WFR t=139746 src=mcu type=0x01 len=16 data=aaa801801b000000400052a8194013c9
WFI t=139754 a=-1559,-3896,206 g=-8,-16,6
WFR t=139786 src=mcu type=0x01 len=16 data=aaa9028288135c4488132400ec02f999
WFI t=139804 a=-1539,-3898,216 g=-10,-15,4
WFR t=139806 src=mcu type=0x01 len=16 data=aaaa01180080000000000000feff4787
WFR t=139846 src=mcu type=0x01 len=16 data=aaab2e042f000000000000000000eb81
WFI t=139854 a=-1535,-3902,203 g=-5,6,-9
WFR t=139866 src=mcu type=0x01 len=16 data=aaac232c00000000000000000000bdef
WFR t=139886 src=mcu type=0x01 len=16 data=aaad0048005f00021000000100801d27
WFI t=139904 a=-1550,-3893,196 g=-4,17,-16
WFR t=139926 src=mcu type=0x01 len=16 data=aaae55f04b0b18000000803a40005cef
WFR t=139946 src=mcu type=0x01 len=16 data=aaaf08610005460c2f78a00f090076a9
WFI t=139954 a=-1558,-3904,211 g=-2,1,-8
WFR t=139986 src=mcu type=0x01 len=16 data=aab001180080000000000000ffff608d
WFI t=140004 a=-1558,-3897,209 g=2,-15,10
WFR t=140006 src=mcu type=0x01 len=16 data=aab12e042f000000000000000000cd1b
WFR t=140026 src=mcu type=0x01 len=16 data=aab2232c0000000000000000000095f1
WFI t=140107 a=-1557,-3893,197 g=1,4,-11
WFR t=140107 src=mcu type=0x01 len=16 data=aab3014a02050030000488001b007188
WFI t=140155 a=-1561,-3890,199 g=-3,3,-10
WFR t=140156 src=mcu type=0x01 len=16 data=aab400009f0ca90c9a0c540600001589
WFR t=140156 src=mcu type=0x01 len=16 data=aab51c00e8517918060ee70ab0007fc3
WFR t=140156 src=mcu type=0x01 len=16 data=aab6050804080080cb020122f13fc622
WFI t=140169 a=-1554,-3883,204 g=-1,6,-6
WFR t=140186 src=mcu type=0x01 len=16 data=aa8001180080000000000000feff20ed
WFI t=140204 a=-1563,-3902,199 g=-7,1,-11
WFR t=140206 src=mcu type=0x01 len=16 data=aa812e042f0000000000000000008ceb
WFR t=140226 src=mcu type=0x01 len=16 data=aa82232c00000000000000000000d401
WFI t=140254 a=-1563,-3901,199 g=1,0,-1
WFR t=140266 src=mcu type=0x01 len=16 data=aa83000100011101b70111019f00058c
WFR t=140286 src=mcu type=0x01 len=16 data=aa840000090a10560001310051c45a55
WFI t=140304 a=-1557,-3893,201 g=-8,-12,0
WFR t=140326 src=mcu type=0x01 len=16 data=aa8513088003e204080b1000507864d4
WFR t=140346 src=mcu type=0x01 len=16 data=aa868403f4010400a00f8813c003f9eb
WFI t=140354 a=-1544,-3882,208 g=-1,0,-1
WFR t=140366 src=mcu type=0x01 len=16 data=aa8701180080000000000000feff2baa
WFI t=140404 a=-1545,-3903,186 g=-1,2,-13
WFR t=140406 src=mcu type=0x01 len=16 data=aa882e042f0000000000000000009122
WFR t=140426 src=mcu type=0x01 len=16 data=aa89232c00000000000000000000ce8a
WFI t=140454 a=-1558,-3899,211 g=-7,-3,-3
WFR t=140466 src=mcu type=0x01 len=16 data=aa8a480c1c0207284901230020001521
WFR t=140486 src=mcu type=0x01 len=16 data=aa8b40005c03474c775419031a0e80f3
WFI t=140504 a=-1544,-3895,204 g=-1,0,-5
WFR t=140506 src=mcu type=0x01 len=16 data=aa8c2225bf0420034006b80b3e02672c
WFR t=140546 src=mcu type=0x01 len=16 data=aa8d800c800000006c07102780008244
WFI t=140554 a=-1557,-3903,200 g=-9,0,-8
WFR t=140566 src=mcu type=0x01 len=16 data=aa8e01180080000000000100feff379f
WFI t=140604 a=-1555,-3888,201 g=-7,-18,7
WFR t=140606 src=mcu type=0x01 len=16 data=aa8f2e042f0000000000000000009a65
WFR t=140626 src=mcu type=0x01 len=16 data=aa90232c00000000000000000000edd3
WFI t=140654 a=-1529,-3892,201 g=3,-4,3
WFR t=140666 src=mcu type=0x01 len=16 data=aa910b000f00465a667332000b9ed1a0
WFI t=140792 a=-1561,-3895,202 g=-2,18,-24
WFR t=140793 src=bms type=0x02 len=129 data=d2037c0eee0eed0eee0eed0eee0eed0eee0eee0eec0eed0eee0eee0ef10ef20ef20ef10ef20ef20ef30ef30ef20ef30ef30ef30ef10ef30ef30ef30000000000000000003d0000000000000000000000000000042e752f02af0ef30eec003d003d00000157001c0001001d0000000100010ef00007000a0000000000000000e1f9
WFR t=140793 src=mcu type=0x01 len=16 data=aa92000000000000000000000000fbba
WFR t=140793 src=mcu type=0x01 len=16 data=aa93d804480804242c01c003214fe1ad
WFR t=140793 src=mcu type=0x01 len=16 data=aa94f0f465fffffff8080d00412af645
WFR t=140794 src=mcu type=0x01 len=16 data=aa9501180080000000000100feff1384
WFI t=140794 a=-1543,-3891,204 g=-9,-19,8
WFI t=140804 a=-1551,-3890,200 g=-5,-18,7
WFR t=140806 src=mcu type=0x01 len=16 data=aa962e042f000000000000000000b93c
WFR t=140826 src=mcu type=0x01 len=16 data=aa97232c00000000000000000000e694
WFR t=140846 src=mcu type=0x01 len=16 data=aa9807010200000056117eea00007aa4
WFI t=140854 a=-1522,-3892,221 g=4,12,-8
WFR t=140886 src=mcu type=0x01 len=16 data=aa991d00ab04a08c64502748395e1e28
WFI t=140904 a=-1567,-3903,199 g=-8,3,-13
WFR t=140906 src=mcu type=0x01 len=16 data=aa9a646464625f5d5b5955010101d546
WFR t=140946 src=mcu type=0x01 len=16 data=aa9b0101010100000000fbfbecd30e91
WFI t=140954 a=-1556,-3894,196 g=-3,-9,5
WFR t=140966 src=mcu type=0x01 len=16 data=aa9c01180080000000000000feff0fb1
WFR t=140986 src=mcu type=0x01 len=16 data=aa9d2e042f000000000000000000a3b7
WFI t=141005 a=-1555,-3894,195 g=-4,-4,-4
WFR t=141026 src=mcu type=0x01 len=16 data=aa9e232c00000000000000000000fb5d
WFR t=141046 src=mcu type=0x01 len=16 data=aa9fb5a1b0bfd800000000000000dfe1
WFI t=141054 a=-1566,-3892,197 g=-8,6,-10
WFR t=141086 src=mcu type=0x01 len=16 data=aaa000000000020c000035006a00d1bd
WFI t=141104 a=-1565,-3898,208 g=-2,-12,3
WFR t=141106 src=mcu type=0x01 len=16 data=aaa188044a5357583036323430360894
WFR t=141126 src=mcu type=0x01 len=16 data=aaa231344e4242463930333500005e71
WFI t=141154 a=-1548,-3908,197 g=-4,-3,0
WFR t=141166 src=mcu type=0x01 len=16 data=aaa301180080000000000000ffff5bde
WFR t=141186 src=mcu type=0x01 len=16 data=aaa42e042f000000000000000000ff8e
WFI t=141204 a=-1548,-3888,192 g=-8,11,-18
WFR t=141226 src=mcu type=0x01 len=16 data=aaa5232c00000000000000000000a026
WFR t=141246 src=mcu type=0x01 len=16 data=aaa6000000000000000000000000b4ce
WFI t=141254 a=-1564,-3890,193 g=0,3,-7
WFR t=141286 src=mcu type=0x01 len=16 data=aaa7000000000000000000000000b64f
WFI t=141304 a=-1547,-3892,195 g=-1,-12,4
WFR t=141306 src=mcu type=0x01 len=16 data=aaa801801b000000400052a8194013c9
WFR t=141326 src=mcu type=0x01 len=16 data=aaa9028288135c4488132400ec02f999
WFI t=141354 a=-1549,-3910,219 g=-7,-7,-3
WFR t=141366 src=mcu type=0x01 len=16 data=aaaa01180080000000000000ffff4617
WFR t=141386 src=mcu type=0x01 len=16 data=aaab2e042f000000000000000000eb81
WFI t=141404 a=-1558,-3897,205 g=-2,3,-6
WFR t=141426 src=mcu type=0x01 len=16 data=aaac232c00000000000000000000bdef
WFR t=141446 src=mcu type=0x01 len=16 data=aaad0048005f00021000000100801d27
WFI t=141454 a=-1560,-3890,198 g=-4,1,-6
WFR t=141466 src=mcu type=0x01 len=16 data=aaae55f04b0b18000000803a40005cef
WFI t=141504 a=-1554,-3904,202 g=-7,7,-10
WFR t=141506 src=mcu type=0x01 len=16 data=aaaf08610005460c2f78a00f090076a9
WFR t=141526 src=mcu type=0x01 len=16 data=aab001180080000000000000feff611d
WFI t=141554 a=-1549,-3890,197 g=-5,-2,-6
WFR t=141566 src=mcu type=0x01 len=16 data=aab12e042f000000000000000000cd1b
WFR t=141586 src=mcu type=0x01 len=16 data=aab2232c0000000000000000000095f1
WFI t=141604 a=-1559,-3899,205 g=-1,-19,10
WFR t=141606 src=mcu type=0x01 len=16 data=aab3014a02050030000488001b007188
WFR t=141646 src=mcu type=0x01 len=16 data=aab400009f0ca90c9a0c540600001589
WFI t=141654 a=-1532,-3893,198 g=-4,-3,-2
WFR t=141666 src=mcu type=0x01 len=16 data=aab51c00e8517918060edb0ab0007393
WFI t=141704 a=-1550,-3884,195 g=-1,13,-16
WFR t=141706 src=mcu type=0x01 len=16 data=aab6050804080080cb020122f13fc622
WFR t=141726 src=mcu type=0x01 len=16 data=aa8001180080000000000000ffff217d
WFR t=141736 src=bms type=0x02 len=129 data=d2037c0eee0eed0eee0eed0eee0eed0eee0eee0eec0eed0eee0eee0ef10ef20ef10ef00ef20ef20ef30ef30ef30ef30ef30ef30ef10ef30ef30ef30000000000000000003d0000000000000000000000000000042e752f02af0ef30eec003d003d00000157001c0001001d0000000100010ef00007000a0000000000000000cf03
WFR t=141746 src=mcu type=0x01 len=16 data=aa812e042f0000000000000000008ceb
WFI t=141754 a=-1547,-3890,199 g=1,0,-2
WFR t=141786 src=mcu type=0x01 len=16 data=aa82232c00000000000000000000d401
WFI t=141804 a=-1552,-3897,207 g=-7,-10,0
WFR t=141806 src=mcu type=0x01 len=16 data=aa83000100011101b70111019f00058c
WFR t=141846 src=mcu type=0x01 len=16 data=aa840000090a10560001310051c45a55
WFI t=141854 a=-1567,-3894,198 g=1,-8,-6
WFR t=141866 src=mcu type=0x01 len=16 data=aa8513088003e204080b1000507864d4
WFI t=141904 a=-1559,-3891,194 g=-2,0,-3
WFR t=141906 src=mcu type=0x01 len=16 data=aa868403f4010400a00f8813c003f9eb
WFR t=141926 src=mcu type=0x01 len=16 data=aa8701180080000000000100feff2a56
WFR t=141946 src=mcu type=0x01 len=16 data=aa882e042f0000000000000000009122
WFI t=141954 a=-1553,-3897,192 g=-2,15,-14
WFR t=141986 src=mcu type=0x01 len=16 data=aa89232c00000000000000000000ce8a
WFI t=142004 a=-1574,-3903,212 g=-3,-5,-3
WFR t=142006 src=mcu type=0x01 len=16 data=aa8a480c1c0207284901230020001521
WFR t=142046 src=mcu type=0x01 len=16 data=aa8b40005c03474c775419031a0e80f3
WFI t=142054 a=-1546,-3893,202 g=-3,-33,18
WFR t=142066 src=mcu type=0x01 len=16 data=aa8c2225bf0420034006b80b3e02672c
WFR t=142086 src=mcu type=0x01 len=16 data=aa8d800c800000006c07102780008244
WFI t=142104 a=-1517,-3899,200 g=-4,-5,-3
WFR t=142126 src=mcu type=0x01 len=16 data=aa8e01180080000000000000ffff37f3
WFR t=142146 src=mcu type=0x01 len=16 data=aa8f2e042f0000000000000000009a65
WFI t=142154 a=-1554,-3883,208 g=-1,33,-31
WFR t=142186 src=mcu type=0x01 len=16 data=aa90232c00000000000000000000edd3
WFI t=142204 a=-1575,-3890,191 g=-5,8,-8
WFR t=142206 src=mcu type=0x01 len=16 data=aa910b000f00465a667332000b9ed1a0
WFR t=142226 src=mcu type=0x01 len=16 data=aa92000000000000000000000000fbba
WFI t=142254 a=-1557,-3906,200 g=-8,-19,7
WFR t=142266 src=mcu type=0x01 len=16 data=aa93d804480804242c01c003214fe1ad
WFR t=142286 src=mcu type=0x01 len=16 data=aa94f0f465fffffff8080d00412af645
WFI t=142304 a=-1550,-3902,195 g=-6,-4,0
WFR t=142326 src=mcu type=0x01 len=16 data=aa9501180080000000000000ffff13e8
WFI t=142380 a=-1548,-3906,206 g=-8,-5,-1
WFR t=142387 src=mcu type=0x01 len=16 data=aa962e042f000000000000000000b93c
WFR t=142387 src=mcu type=0x01 len=16 data=aa97232c00000000000000000000e694
WFI t=142404 a=-1546,-3893,196 g=0,-5,-5
WFR t=142406 src=mcu type=0x01 len=16 data=aa9807010200000056117eea00007aa4
WFR t=142426 src=mcu type=0x01 len=16 data=aa991d00ab04a08c64502748395e1e28
WFI t=142454 a=-1538,-3894,208 g=-3,15,-17
WFR t=142466 src=mcu type=0x01 len=16 data=aa9a646464625f5d5b5955010101d546
WFR t=142486 src=mcu type=0x01 len=16 data=aa9b0101010100000000fbfbecd30e91
WFI t=142504 a=-1556,-3907,214 g=-5,3,-6
WFR t=142526 src=mcu type=0x01 len=16 data=aa9c01180080000000000000feff0fb1
WFR t=142546 src=mcu type=0x01 len=16 data=aa9d2e042f000000000000000000a3b7
WFI t=142554 a=-1558,-3895,200 g=-6,-19,5
WFR t=142566 src=mcu type=0x01 len=16 data=aa9e232c00000000000000000000fb5d
WFI t=142604 a=-1537,-3906,194 g=-3,-9,0
WFR t=142606 src=mcu type=0x01 len=16 data=aa9fb5a1b0bfd800000000000000dfe1
WFR t=142626 src=mcu type=0x01 len=16 data=aaa000000000020c000035006a00d1bd
WFI t=142654 a=-1551,-3887,191 g=-4,4,-4
WFR t=142666 src=mcu type=0x01 len=16 data=aaa188044a5357583036323430360894
WFR t=142713 src=mcu type=0x01 len=16 data=aaa231344e4242463930333500005e71
WFI t=142782 a=-1564,-3900,190 g=-2,5,-12
WFR t=142783 src=mcu type=0x01 len=16 data=aaa301180080000000000000feff5a4e
WFR t=142783 src=bms type=0x02 len=129 data=d2037c0eee0eed0eee0eed0eee0eed0eee0eee0eed0eed0eee0eee0ef10ef10ef20ef00ef20ef20ef30ef30ef20ef30ef30ef30ef10ef30ef30ef30000000000000000003d0000000000000000000000000000042e753002af0ef30eed003d003d00000157001c0001001d0000000100010ef000060000000000000000000015e8
WFI t=142853 a=-1561,-3900,207 g=3,-5,2
WFR t=142854 src=mcu type=0x01 len=16 data=aaa42e042f000000000000000000ff8e
WFR t=142854 src=mcu type=0x01 len=16 data=aaa5232c00000000000000000000a026
WFI t=142928 a=-1554,-3895,205 g=-3,-5,-3
WFR t=142929 src=mcu type=0x01 len=16 data=aaa6000000000000000000000000b4ce
WFR t=142929 src=mcu type=0x01 len=16 data=aaa7000000000000000000000000b64f
WFR t=142929 src=mcu type=0x01 len=16 data=aaa801801b000000400052a8194013c9
WFI t=142943 a=-1534,-3899,208 g=-3,-4,-4
WFR t=142943 src=mcu type=0x01 len=16 data=aaa9028288135c4488132400ec02f999
WFR t=142944 src=mcu type=0x01 len=16 data=aaaa01180080000000000000ffff4617
WFI t=142945 a=-1549,-3894,208 g=-4,-6,-5
WFR t=142946 src=mcu type=0x01 len=16 data=aaab2e042f000000000000000000eb81
WFI t=142954 a=-1545,-3900,192 g=-4,-2,-6
WFR t=142966 src=mcu type=0x01 len=16 data=aaac232c00000000000000000000bdef
WFI t=143004 a=-1555,-3906,202 g=0,8,-9
WFR t=143006 src=mcu type=0x01 len=16 data=aaad0048005f00021000000100801d27
WFR t=143026 src=mcu type=0x01 len=16 data=aaae55f04b0b18000000803a40005cef
WFR t=143046 src=mcu type=0x01 len=16 data=aaaf08610005460c2f78a00f090076a9
WFI t=143054 a=-1558,-3896,213 g=-4,6,-12
WFR t=143086 src=mcu type=0x01 len=16 data=aab001180080000000000000ffff608d
WFI t=143104 a=-1576,-3892,206 g=-2,-12,3
WFR t=143106 src=mcu type=0x01 len=16 data=aab12e042f000000000000000000cd1b
WFR t=143146 src=mcu type=0x01 len=16 data=aab2232c0000000000000000000095f1
WFI t=143154 a=-1550,-3890,191 g=-3,-18,14
WFR t=143166 src=mcu type=0x01 len=16 data=aab3014a02050030000488001b007188
WFR t=143186 src=mcu type=0x01 len=16 data=aab400009f0ca90c9a0c540600001589
WFI t=143204 a=-1546,-3889,202 g=-6,8,-17
WFR t=143226 src=mcu type=0x01 len=16 data=aab51c00e8517918060eff0ab0007963
WFR t=143246 src=mcu type=0x01 len=16 data=aab6050804080080cb020122f13fc622
WFI t=143254 a=-1576,-3896,205 g=-1,8,-15
WFR t=143286 src=mcu type=0x01 len=16 data=aa8001180080000000000000ffff217d
WFI t=143304 a=-1550,-3900,203 g=-3,-2,0
WFR t=143306 src=mcu type=0x01 len=16 data=aa812e042f0000000000000000008ceb
WFR t=143326 src=mcu type=0x01 len=16 data=aa82232c00000000000000000000d401
WFI t=143354 a=-1562,-3892,198 g=-2,-6,-7
WFR t=143366 src=mcu type=0x01 len=16 data=aa83000100011101b70111019f00058c
WFR t=143386 src=mcu type=0x01 len=16 data=aa840000090a10560001310051c45a55
WFI t=143404 a=-1549,-3901,199 g=-4,-12,10
WFR t=143426 src=mcu type=0x01 len=16 data=aa8513088003e204080b1000507864d4
WFR t=143446 src=mcu type=0x01 len=16 data=aa868403f4010400a00f8813c003f9eb
WFI t=143454 a=-1533,-3902,210 g=-1,-4,-2
WFR t=143486 src=mcu type=0x01 len=16 data=aa8701180080000000000000feff2baa
WFI t=143504 a=-1559,-3901,202 g=0,20,-20
WFR t=143506 src=mcu type=0x01 len=16 data=aa882e042f0000000000000000009122
WFR t=143526 src=mcu type=0x01 len=16 data=aa89232c00000000000000000000ce8a
WFI t=143554 a=-1565,-3897,196 g=-4,-3,-8
WFR t=143566 src=mcu type=0x01 len=16 data=aa8a480c1c0207284901230020001521
WFR t=143586 src=mcu type=0x01 len=16 data=aa8b40005c03474c775419031a0e80f3
WFI t=143604 a=-1562,-3895,200 g=-9,-22,5
WFR t=143626 src=mcu type=0x01 len=16 data=aa8c2225bf0420034006b80b3e02672c
WFR t=143646 src=mcu type=0x01 len=16 data=aa8d800c800000006c07102780008244
WFI t=143654 a=-1534,-3899,202 g=-1,0,-1
WFR t=143666 src=mcu type=0x01 len=16 data=aa8e01180080000000000000feff3663
WFI t=143704 a=-1557,-3894,198 g=-5,-1,-12
WFR t=143706 src=mcu type=0x01 len=16 data=aa8f2e042f0000000000000000009a65
WFR t=143726 src=mcu type=0x01 len=16 data=aa90232c00000000000000000000edd3
WFI t=143754 a=-1556,-3911,203 g=-5,-2,1
WFR t=143766 src=mcu type=0x01 len=16 data=aa910b000f00465a667332000b9ed1a0
WFR t=143786 src=mcu type=0x01 len=16 data=aa92000000000000000000000000fbba
WFR t=143791 src=bms type=0x02 len=129 data=d2037c0eee0eed0eee0eed0eee0eed0eee0eee0eec0eed0eee0eee0ef20ef10ef20ef00ef20ef20ef30ef20ef30ef30ef30ef30ef10ef30ef30ef30000000000000000003d0000000000000000000000000000042e752f02af0ef30eec003d003d00000157001c0001001d0000000100010ef00007000a0000000000000000468e
WFI t=143804 a=-1538,-3900,205 g=-2,9,-18
WFR t=143806 src=mcu type=0x01 len=16 data=aa93d804480804242c01c003214fe1ad
WFR t=143846 src=mcu type=0x01 len=16 data=aa94f0f465fffffff8080d00412af645
WFI t=143854 a=-1578,-3904,200 g=-7,11,-14
WFR t=143866 src=mcu type=0x01 len=16 data=aa950118008000000000ffffffff13cc
WFI t=143904 a=-1574,-3896,189 g=-2,-20,14
WFR t=143906 src=mcu type=0x01 len=16 data=aa962e042f000000000000000000b93c
WFR t=143926 src=mcu type=0x01 len=16 data=aa97232c00000000000000000000e694
WFR t=143946 src=mcu type=0x01 len=16 data=aa9807010200000056117eea00007aa4
WFI t=143954 a=-1535,-3906,206 g=0,-18,7
WFR t=143986 src=mcu type=0x01 len=16 data=aa991d00ab04a08c64502748395e1e28
WFI t=144004 a=-1544,-3897,198 g=0,8,-12
WFR t=144006 src=mcu type=0x01 len=16 data=aa9a646464625f5d5b5955010101d546
WFR t=144046 src=mcu type=0x01 len=16 data=aa9b0101010100000000fbfbecd30e91
WFI t=144054 a=-1560,-3900,193 g=0,6,-7
WFR t=144066 src=mcu type=0x01 len=16 data=aa9c01180080000000000100feff0e4d
WFI t=144104 a=-1554,-3895,183 g=-6,4,-14
WFR t=144106 src=mcu type=0x01 len=16 data=aa9d2e042f000000000000000000a3b7
WFR t=144126 src=mcu type=0x01 len=16 data=aa9e232c00000000000000000000fb5d
WFR t=144146 src=mcu type=0x01 len=16 data=aa9fb5a1b0bfd800000000000000dfe1
WFI t=144154 a=-1558,-3893,198 g=-3,-2,2
WFR t=144186 src=mcu type=0x01 len=16 data=aaa000000000020c000035006a00d1bd
WFI t=144204 a=-1560,-3900,212 g=-8,-19,7
WFR t=144206 src=mcu type=0x01 len=16 data=aaa188044a5357583036323430360894
WFR t=144246 src=mcu type=0x01 len=16 data=aaa231344e4242463930333500005e71
WFI t=144254 a=-1542,-3900,215 g=-8,-5,3
WFR t=144266 src=mcu type=0x01 len=16 data=aaa301180080000000000000feff5a4e
WFR t=144286 src=mcu type=0x01 len=16 data=aaa42e042f000000000000000000ff8e
WFI t=144304 a=-1554,-3895,204 g=-3,12,-20
WFR t=144326 src=mcu type=0x01 len=16 data=aaa5232c00000000000000000000a026
WFR t=144346 src=mcu type=0x01 len=16 data=aaa6000000000000000000000000b4ce
WFI t=144354 a=-1567,-3895,205 g=-5,7,-10
WFR t=144386 src=mcu type=0x01 len=16 data=aaa7000000000000000000000000b64f
WFT t=144386 batt_mv=4214 rssi_mcu=-71 rssi_bms=-81 mcu=5124 bms=112 dropped=0
WFI t=144404 a=-1558,-3907,196 g=-5,-11,8
WFR t=144406 src=mcu type=0x01 len=16 data=aaa801801b000000400052a8194013c9
WFR t=144426 src=mcu type=0x01 len=16 data=aaa9028288135c4488132400ec02f999
WFI t=144454 a=-1557,-3912,210 g=-5,-11,0
WFR t=144466 src=mcu type=0x01 len=16 data=aaaa01180080000000000100feff467b
WFR t=144486 src=mcu type=0x01 len=16 data=aaab2e042f000000000000000000eb81
WFI t=144504 a=-1551,-3886,197 g=-4,-6,-4
WFR t=144526 src=mcu type=0x01 len=16 data=aaac232c00000000000000000000bdef
WFR t=144546 src=mcu type=0x01 len=16 data=aaad0048005f00021000000100801d27
WFI t=144554 a=-1557,-3890,196 g=1,4,-4
WFR t=144586 src=mcu type=0x01 len=16 data=aaae55f04b0b18000000803a40005cef
WFI t=144604 a=-1546,-3886,205 g=-7,8,-14
WFR t=144606 src=mcu type=0x01 len=16 data=aaaf08610005460c2f78a00f090076a9
WFR t=144626 src=mcu type=0x01 len=16 data=aab001180080000000000000ffff608d
WFI t=144654 a=-1552,-3890,202 g=0,7,-5
WFR t=144666 src=mcu type=0x01 len=16 data=aab12e042f000000000000000000cd1b
WFR t=144804 src=mcu type=0x01 len=16 data=aab2232c0000000000000000000095f1
WFR t=144804 src=mcu type=0x01 len=16 data=aab3014a02050030000488001b007188
WFR t=144805 src=mcu type=0x01 len=16 data=aab400009f0ca90c9a0c540600001589
WFR t=144805 src=mcu type=0x01 len=16 data=aab51c00e8517918060eff0ab0007963
WFI t=144805 a=-1559,-3882,206 g=-2,-5,1
WFR t=144806 src=bms type=0x02 len=129 data=d2037c0eed0eed0eee0eee0eed0eed0eee0eee0eec0eed0eee0eee0ef10ef10ef20ef10ef20ef20ef30ef20ef20ef30ef30ef30ef20ef30ef30ef30000000000000000003d0000000000000000000000000000042e752f02af0ef30eec003d003d00000157001c0001001d0000000100010ef00007000a0000000000000000eafc
WFR t=144806 src=mcu type=0x01 len=16 data=aab6050804080080cb020122f13fc622
WFI t=144807 a=-1551,-3911,215 g=-5,-7,-1
WFI t=144809 a=-1551,-3911,215 g=-5,-7,-1
WFR t=144826 src=mcu type=0x01 len=16 data=aa8001180080000000000100feff2111
WFI t=144854 a=-1542,-3904,204 g=-5,-5,-10
WFR t=144866 src=mcu type=0x01 len=16 data=aa812e042f0000000000000000008ceb
WFR t=144886 src=mcu type=0x01 len=16 data=aa82232c00000000000000000000d401
WFI t=144904 a=-1547,-3894,204 g=1,13,-9
WFR t=144906 src=mcu type=0x01 len=16 data=aa83000100011101b70111019f00058c
WFR t=144946 src=mcu type=0x01 len=16 data=aa840000090a10560001310051c45a55
WFI t=144954 a=-1555,-3894,201 g=-4,6,-10
WFR t=144966 src=mcu type=0x01 len=16 data=aa8513088003e204080b1000507864d4
WFI t=145004 a=-1567,-3902,205 g=-6,-12,6
WFR t=145006 src=mcu type=0x01 len=16 data=aa868403f4010400a00f8813c003f9eb
WFR t=145027 src=mcu type=0x01 len=16 data=aa8701180080000000000100feff2a56
WFR t=145046 src=mcu type=0x01 len=16 data=aa882e042f0000000000000000009122
WFI t=145054 a=-1529,-3903,205 g=-3,-17,6
WFR t=145086 src=mcu type=0x01 len=16 data=aa89232c00000000000000000000ce8a
WFI t=145104 a=-1552,-3900,203 g=-4,-1,-6
WFR t=145106 src=mcu type=0x01 len=16 data=aa8a480c1c0207284901230020001521
WFR t=145146 src=mcu type=0x01 len=16 data=aa8b40005c03474c775419031a0e80f3
WFI t=145154 a=-1560,-3901,188 g=-1,9,-11
WFR t=145166 src=mcu type=0x01 len=16 data=aa8c2225bf0420034006b80b3e02672c
WFI t=145204 a=-1543,-3899,209 g=-5,6,-11
WFR t=145206 src=mcu type=0x01 len=16 data=aa8d800c800000006c07102780008244
WFR t=145226 src=mcu type=0x01 len=16 data=aa8e01180080000000000000ffff37f3
WFR t=145246 src=mcu type=0x01 len=16 data=aa8f2e042f0000000000000000009a65
WFI t=145254 a=-1558,-3903,217 g=-1,-3,-3
WFR t=145286 src=mcu type=0x01 len=16 data=aa90232c00000000000000000000edd3
WFI t=145304 a=-1558,-3905,194 g=-3,-14,3
WFR t=145306 src=mcu type=0x01 len=16 data=aa910b000f00465a667332000b9ed1a0
WFR t=145346 src=mcu type=0x01 len=16 data=aa92000000000000000000000000fbba
WFI t=145354 a=-1555,-3897,189 g=-9,-11,6
WFR t=145366 src=mcu type=0x01 len=16 data=aa93d804480804242c01c003214fe1ad
WFR t=145386 src=mcu type=0x01 len=16 data=aa94f0f465fffffff8080d00412af645
WFI t=145404 a=-1549,-3887,207 g=-4,2,-8
WFR t=145426 src=mcu type=0x01 len=16 data=aa9501180080000000000000feff1278
WFR t=145446 src=mcu type=0x01 len=16 data=aa962e042f000000000000000000b93c
WFI t=145454 a=-1547,-3899,227 g=-6,8,-12
WFR t=145486 src=mcu type=0x01 len=16 data=aa97232c00000000000000000000e694
WFI t=145504 a=-1552,-3891,198 g=-4,-4,-6
WFR t=145506 src=mcu type=0x01 len=16 data=aa9807010200000056117eea00007aa4
WFR t=145538 src=mcu type=0x01 len=16 data=aa991d00ab04a08c64502748395e1e28
WFI t=145554 a=-1558,-3892,201 g=1,8,-5
WFR t=145566 src=mcu type=0x01 len=16 data=aa9a646464625f5d5b5955010101d546
WFR t=145586 src=mcu type=0x01 len=16 data=aa9b0101010100000000fbfbecd30e91
WFI t=145604 a=-1570,-3896,189 g=-2,0,-8
WFR t=145626 src=mcu type=0x01 len=16 data=aa9c01180080000000000000ffff0e21
WFR t=145646 src=mcu type=0x01 len=16 data=aa9d2e042f000000000000000000a3b7
WFI t=145654 a=-1558,-3898,208 g=-6,-21,13
WFR t=145666 src=mcu type=0x01 len=16 data=aa9e232c00000000000000000000fb5d
WFI t=145704 a=-1520,-3903,208 g=-5,-19,4
WFR t=145706 src=mcu type=0x01 len=16 data=aa9fb5a1b0bfd800000000000000dfe1
WFR t=145726 src=mcu type=0x01 len=16 data=aaa000000000020c000035006a00d1bd
WFI t=145754 a=-1557,-3894,186 g=-1,26,-25
WFR t=145766 src=mcu type=0x01 len=16 data=aaa188044a5357583036323430360894
WFR t=145786 src=mcu type=0x01 len=16 data=aaa231344e4242463930333500005e71
WFI t=145804 a=-1577,-3886,205 g=-7,15,-15
WFR t=145826 src=mcu type=0x01 len=16 data=aaa301180080000000000000ffff5bde
WFR t=145831 src=bms type=0x02 len=129 data=d2037c0eee0eed0eee0eee0eed0eed0eee0eee0eec0eed0eee0eee0ef20ef20ef20ef00ef20ef20ef30ef30ef20ef30ef30ef30ef20ef30ef30ef30000000000000000003d0000000000000000000000000000042e752e02af0ef40eec003d003d00000157001c0001001d0000000100010ef00008001500000000000000006ab8
WFR t=145846 src=mcu type=0x01 len=16 data=aaa42e042f000000000000000000ff8e
WFI t=145854 a=-1565,-3897,198 g=-7,-25,13
WFR t=145866 src=mcu type=0x01 len=16 data=aaa5232c00000000000000000000a026
WFI t=145904 a=-1543,-3890,218 g=0,-25,14
WFR t=145906 src=mcu type=0x01 len=16 data=aaa6000000000000000000000000b4ce
WFR t=145926 src=mcu type=0x01 len=16 data=aaa7000000000000000000000000b64f
WFI t=145954 a=-1548,-3895,196 g=-1,9,-12
WFR t=145966 src=mcu type=0x01 len=16 data=aaa801801b000000400052a8194013c9
WFR t=145986 src=mcu type=0x01 len=16 data=aaa9028288135c4488132400ec02f999
WFI t=146004 a=-1563,-3892,202 g=-4,20,-21
WFR t=146006 src=mcu type=0x01 len=16 data=aaaa01180080000000000100feff467b
WFR t=146046 src=mcu type=0x01 len=16 data=aaab2e042f000000000000000000eb81
WFI t=146054 a=-1553,-3894,204 g=-1,9,-9
WFR t=146066 src=mcu type=0x01 len=16 data=aaac232c00000000000000000000bdef
WFI t=146104 a=-1558,-3902,206 g=-8,-14,4
WFR t=146106 src=mcu type=0x01 len=16 data=aaad0048005f00021000000100801d27
WFR t=146126 src=mcu type=0x01 len=16 data=aaae55f04b0b18000000803a40005cef
WFR t=146146 src=mcu type=0x01 len=16 data=aaaf08610005460c2f78a00f090076a9
WFI t=146154 a=-1554,-3889,200 g=-3,-12,7
WFR t=146186 src=mcu type=0x01 len=16 data=aab001180080000000000100feff60e1
WFI t=146204 a=-1549,-3896,198 g=-1,8,-10
WFR t=146206 src=mcu type=0x01 len=16 data=aab12e042f000000000000000000cd1b
WFR t=146246 src=mcu type=0x01 len=16 data=aab2232c0000000000000000000095f1
WFI t=146254 a=-1556,-3900,216 g=1,13,-10
WFR t=146266 src=mcu type=0x01 len=16 data=aab3014a02050030000488001b007188
WFI t=146304 a=-1557,-3905,207 g=-4,-6,-5
WFR t=146306 src=mcu type=0x01 len=16 data=aab400009f0ca90c9a0c540600001589
WFR t=146326 src=mcu type=0x01 len=16 data=aab51c00e8517918060ef20ab0007bcf
WFR t=146346 src=mcu type=0x01 len=16 data=aab6050804080080cb020122f13fc622
WFI t=146354 a=-1536,-3893,210 g=-9,-18,4
WFR t=146386 src=mcu type=0x01 len=16 data=aa8001180080000000000000ffff217d
WFI t=146404 a=-1545,-3906,204 g=-3,-1,1
WFR t=146406 src=mcu type=0x01 len=16 data=aa812e042f0000000000000000008ceb
WFR t=146446 src=mcu type=0x01 len=16 data=aa82232c00000000000000000000d401
WFI t=146454 a=-1539,-3890,193 g=-10,13,-14
WFR t=146466 src=mcu type=0x01 len=16 data=aa83000100011101b70111019f00058c
WFR t=146486 src=mcu type=0x01 len=16 data=aa840000090a10560001310051c45a55
WFI t=146504 a=-1567,-3903,209 g=-3,-2,-7
WFR t=146526 src=mcu type=0x01 len=16 data=aa8513088003e204080b1000507864d4
WFR t=146546 src=mcu type=0x01 len=16 data=aa868403f4010400a00f8813c003f9eb
WFI t=146554 a=-1539,-3888,210 g=-5,-15,8
WFR t=146586 src=mcu type=0x01 len=16 data=aa8701180080000000000000ffff2a3a
WFI t=146604 a=-1538,-3899,201 g=-7,-5,-7
WFR t=146606 src=mcu type=0x01 len=16 data=aa882e042f0000000000000000009122
WFR t=146626 src=mcu type=0x01 len=16 data=aa89232c00000000000000000000ce8a
WFI t=146654 a=-1569,-3912,195 g=1,9,-13
WFR t=146666 src=mcu type=0x01 len=16 data=aa8a480c1c0207284901230020001521
WFR t=146686 src=mcu type=0x01 len=16 data=aa8b40005c03474c775419031a0e80f3
WFI t=146849 a=-1549,-3902,213 g=0,-5,1
WFR t=146849 src=mcu type=0x01 len=16 data=aa8c2225bf0420034006b80b3e02672c
WFR t=146850 src=mcu type=0x01 len=16 data=aa8d800c800000006c07102780008244
WFR t=146850 src=mcu type=0x01 len=16 data=aa8e01180080000000000000ffff37f3
WFI t=146906 a=-1550,-3898,199 g=-5,-9,1
WFR t=146907 src=mcu type=0x01 len=16 data=aa8f2e042f0000000000000000009a65
WFR t=146908 src=mcu type=0x01 len=16 data=aa90232c00000000000000000000edd3
WFR t=146910 src=mcu type=0x01 len=16 data=aa910b000f00465a667332000b9ed1a0
WFR t=146911 src=mcu type=0x01 len=16 data=aa92000000000000000000000000fbba
WFI t=146913 a=-1536,-3909,198 g=-5,12,-13
WFI t=146918 a=-1552,-3901,184 g=-4,14,-18
WFI t=146922 a=-1543,-3899,205 g=1,15,-19
WFR t=146927 src=mcu type=0x01 len=16 data=aa93d804480804242c01c003214fe1ad
WFR t=146948 src=mcu type=0x01 len=16 data=aa94f0f465fffffff8080d00412af645
WFI t=147015 a=-1552,-3882,198 g=0,13,-14
WFI t=147031 a=-1556,-3903,203 g=-8,-13,7
WFR t=147047 src=mcu type=0x01 len=16 data=aa9501180080000000000000feff1278
WFR t=147047 src=mcu type=0x01 len=16 data=aa962e042f000000000000000000b93c
WFR t=147047 src=mcu type=0x01 len=16 data=aa97232c00000000000000000000e694
WFI t=147054 a=-1534,-3910,209 g=0,-15,7
WFR t=147066 src=mcu type=0x01 len=16 data=aa9807010200000056117eea00007aa4
WFR t=147086 src=mcu type=0x01 len=16 data=aa991d00ab04a08c64502748395e1e28
WFI t=147104 a=-1540,-3902,198 g=-4,5,-9
WFR t=147106 src=mcu type=0x01 len=16 data=aa9a646464625f5d5b5955010101d546
WFR t=147146 src=mcu type=0x01 len=16 data=aa9b0101010100000000fbfbecd30e91
WFI t=147154 a=-1561,-3900,201 g=-7,-1,-9
WFR t=147166 src=mcu type=0x01 len=16 data=aa9c01180080000000000100feff0e4d
WFI t=147204 a=-1545,-3895,202 g=-2,-7,4
WFR t=147206 src=mcu type=0x01 len=16 data=aa9d2e042f000000000000000000a3b7
WFR t=147226 src=mcu type=0x01 len=16 data=aa9e232c00000000000000000000fb5d
WFR t=147246 src=mcu type=0x01 len=16 data=aa9fb5a1b0bfd800000000000000dfe1
WFI t=147254 a=-1549,-3898,217 g=-6,1,-11
WFR t=147286 src=mcu type=0x01 len=16 data=aaa000000000020c000035006a00d1bd
WFI t=147304 a=-1560,-3889,213 g=1,9,-8
WFR t=147306 src=mcu type=0x01 len=16 data=aaa188044a5357583036323430360894
WFR t=147346 src=mcu type=0x01 len=16 data=aaa231344e4242463930333500005e71
WFI t=147354 a=-1558,-3893,198 g=-2,-4,-5
WFR t=147366 src=mcu type=0x01 len=16 data=aaa301180080000000000000feff5a4e
WFI t=147404 a=-1557,-3908,203 g=-7,-10,3
WFR t=147406 src=mcu type=0x01 len=16 data=aaa42e042f000000000000000000ff8e
WFR t=147426 src=mcu type=0x01 len=16 data=aaa5232c00000000000000000000a026
WFR t=147446 src=mcu type=0x01 len=16 data=aaa6000000000000000000000000b4ce
WFI t=147454 a=-1540,-3896,202 g=-2,-6,-2
WFR t=147486 src=mcu type=0x01 len=16 data=aaa7000000000000000000000000b64f
WFI t=147504 a=-1550,-3904,202 g=-1,6,-13
WFR t=147506 src=mcu type=0x01 len=16 data=aaa801801b000000400052a8194013c9
WFR t=147546 src=mcu type=0x01 len=16 data=aaa9028288135c4488132400ec02f999
WFI t=147554 a=-1559,-3908,208 g=-3,11,-14
WFR t=147567 src=mcu type=0x01 len=16 data=aaaa01180080000000000100feff467b
WFR t=147586 src=mcu type=0x01 len=16 data=aaab2e042f000000000000000000eb81
WFI t=147604 a=-1574,-3895,194 g=-4,-7,-1
WFR t=147626 src=mcu type=0x01 len=16 data=aaac232c00000000000000000000bdef
WFR t=147646 src=mcu type=0x01 len=16 data=aaad0048005f00021000000100801d27
WFI t=147654 a=-1557,-3895,200 g=-9,-24,8
WFR t=147686 src=mcu type=0x01 len=16 data=aaae55f04b0b18000000803a40005cef
WFI t=147704 a=-1530,-3898,203 g=2,1,-1
WFR t=147706 src=mcu type=0x01 len=16 data=aaaf08610005460c2f78a00f090076a9
WFR t=147726 src=mcu type=0x01 len=16 data=aab001180080000000000000feff611d
WFI t=147754 a=-1551,-3903,206 g=-1,20,-21
WFR t=147766 src=mcu type=0x01 len=16 data=aab12e042f000000000000000000cd1b
WFR t=147786 src=mcu type=0x01 len=16 data=aab2232c0000000000000000000095f1
WFI t=147804 a=-1566,-3898,200 g=-5,-2,-6
WFR t=147826 src=mcu type=0x01 len=16 data=aab3014a02050030000488001b007188
WFR t=147846 src=mcu type=0x01 len=16 data=aab400009f0ca90c9a0c540600001589
WFI t=147854 a=-1559,-3904,187 g=3,-9,5
WFR t=147866 src=mcu type=0x01 len=16 data=aab51c00e8517918060ee00ab0007eb7
WFI t=147904 a=-1556,-3893,200 g=-1,4,-4
WFR t=147906 src=mcu type=0x01 len=16 data=aab6050804080080cb020122f13fc622
WFR t=147926 src=mcu type=0x01 len=16 data=aa8001180080000000000100feff2111
WFI t=147954 a=-1562,-3900,216 g=-2,-8,1
WFR t=147966 src=mcu type=0x01 len=16 data=aa812e042f0000000000000000008ceb
WFR t=147986 src=mcu type=0x01 len=16 data=aa82232c00000000000000000000d401
WFI t=148004 a=-1541,-3896,213 g=-4,-11,2
WFR t=148026 src=mcu type=0x01 len=16 data=aa83000100011101b70111019f00058c
WFR t=148046 src=mcu type=0x01 len=16 data=aa840000090a10560001310051c45a55
WFI t=148054 a=-1541,-3898,196 g=-7,14,-21
WFR t=148066 src=mcu type=0x01 len=16 data=aa8513088003e204080b1000507864d4
WFI t=148104 a=-1586,-3890,200 g=-3,4,-9
WFR t=148106 src=mcu type=0x01 len=16 data=aa868403f4010400a00f8813c003f9eb
WFR t=148126 src=mcu type=0x01 len=16 data=aa8701180080000000000000feff2baa
WFI t=148154 a=-1555,-3897,203 g=-3,-22,18
WFR t=148166 src=mcu type=0x01 len=16 data=aa882e042f0000000000000000009122
WFR t=148186 src=mcu type=0x01 len=16 data=aa89232c00000000000000000000ce8a
WFI t=148204 a=-1541,-3902,216 g=-3,-9,2
WFR t=148206 src=mcu type=0x01 len=16 data=aa8a480c1c0207284901230020001521
WFR t=148246 src=mcu type=0x01 len=16 data=aa8b40005c03474c775419031a0e80f3
WFI t=148254 a=-1552,-3901,201 g=-4,11,-14
WFR t=148266 src=mcu type=0x01 len=16 data=aa8c2225bf0420034006b80b3e02672c
WFI t=148304 a=-1570,-3901,202 g=1,0,-11
WFR t=148306 src=mcu type=0x01 len=16 data=aa8d800c800000006c07102780008244
WFR t=148326 src=mcu type=0x01 len=16 data=aa8e01180080000000000000ffff37f3
WFR t=148346 src=mcu type=0x01 len=16 data=aa8f2e042f0000000000000000009a65
WFI t=148354 a=-1538,-3893,190 g=1,3,-5
WFI t=148404 a=-1560,-3901,203 g=-5,-1,-12
WFR t=148407 src=mcu type=0x01 len=16 data=aa90232c00000000000000000000edd3
WFR t=148407 src=mcu type=0x01 len=16 data=aa910b000f00465a667332000b9ed1a0
WFR t=148446 src=mcu type=0x01 len=16 data=aa92000000000000000000000000fbba
WFI t=148454 a=-1571,-3892,207 g=-6,-22,8
WFR t=148466 src=mcu type=0x01 len=16 data=aa93d804480804242c01c003214fe1ad
WFR t=148486 src=mcu type=0x01 len=16 data=aa94f0f465fffffff8080d00412af645
WFI t=148504 a=-1528,-3891,199 g=1,-17,12
WFR t=148526 src=mcu type=0x01 len=16 data=aa9501180080000000000100feff1384
WFR t=148546 src=mcu type=0x01 len=16 data=aa962e042f000000000000000000b93c
WFI t=148554 a=-1537,-3886,199 g=-6,16,-21
WFR t=148586 src=mcu type=0x01 len=16 data=aa97232c00000000000000000000e694
WFI t=148604 a=-1577,-3909,211 g=-6,20,-19
WFR t=148607 src=mcu type=0x01 len=16 data=aa9807010200000056117eea00007aa4
WFR t=148646 src=mcu type=0x01 len=16 data=aa991d00ab04a08c64502748395e1e28
WFI t=148654 a=-1558,-3891,210 g=-5,-18,7
WFR t=148666 src=mcu type=0x01 len=16 data=aa9a646464625f5d5b5955010101d546
WFR t=148686 src=mcu type=0x01 len=16 data=aa9b0101010100000000fbfbecd30e91
WFI t=148790 a=-1534,-3903,215 g=-3,-3,-1
WFI t=148805 a=-1559,-3903,202 g=-5,0,-4
WFR t=148806 src=mcu type=0x01 len=16 data=aa9c01180080000000000000ffff0e21
WFR t=148806 src=mcu type=0x01 len=16 data=aa9d2e042f000000000000000000a3b7
WFR t=148806 src=mcu type=0x01 len=16 data=aa9e232c00000000000000000000fb5d
WFR t=148807 src=mcu type=0x01 len=16 data=aa9fb5a1b0bfd800000000000000dfe1
WFI t=148807 a=-1564,-3900,213 g=-1,2,-5
WFR t=148826 src=mcu type=0x01 len=16 data=aaa000000000020c000035006a00d1bd
WFI t=148854 a=-1558,-3890,199 g=-8,0,-10
WFE t=148858 bms probe start after 3 unanswered, silent 3025 ms
WFR t=148866 src=mcu type=0x01 len=16 data=aaa188044a5357583036323430360894
WFR t=148886 src=mcu type=0x01 len=16 data=aaa231344e4242463930333500005e71
WFE t=148891 bms probe write_rsp rc=0
WFI t=148904 a=-1557,-3905,217 g=-2,9,-8
WFR t=148926 src=mcu type=0x01 len=16 data=aaa301180080000000000000feff5a4e
WFE t=148936 bms probe read rc=0 len=0
WFR t=148946 src=mcu type=0x01 len=16 data=aaa42e042f000000000000000000ff8e
WFI t=148954 a=-1551,-3890,207 g=-2,-7,-5
WFR t=148967 src=mcu type=0x01 len=16 data=aaa5232c00000000000000000000a026
WFR t=149011 src=mcu type=0x01 len=16 data=aaa6000000000000000000000000b4ce
WFE t=149012 bms probe cccd off rc=0
WFI t=149012 a=-1557,-3900,204 g=-5,-21,14
WFR t=149026 src=mcu type=0x01 len=16 data=aaa7000000000000000000000000b64f
WFI t=149054 a=-1530,-3905,198 g=-2,-10,4
WFE t=149056 bms probe cccd on rc=0
WFR t=149066 src=mcu type=0x01 len=16 data=aaa801801b000000400052a8194013c9
WFR t=149086 src=mcu type=0x01 len=16 data=aaa9028288135c4488132400ec02f999
WFI t=149104 a=-1546,-3891,205 g=-4,15,-21
WFR t=149126 src=mcu type=0x01 len=16 data=aaaa01180080000000000000feff4787
WFR t=149146 src=mcu type=0x01 len=16 data=aaab2e042f000000000000000000eb81
WFI t=149154 a=-1554,-3899,201 g=1,23,-17
WFR t=149166 src=mcu type=0x01 len=16 data=aaac232c00000000000000000000bdef
WFI t=149204 a=-1567,-3914,197 g=-6,-2,-6
WFR t=149206 src=mcu type=0x01 len=16 data=aaad0048005f00021000000100801d27
WFR t=149226 src=mcu type=0x01 len=16 data=aaae55f04b0b18000000803a40005cef
WFI t=149254 a=-1565,-3912,191 g=0,-23,12
WFR t=149266 src=mcu type=0x01 len=16 data=aaaf08610005460c2f78a00f090076a9
WFR t=149286 src=mcu type=0x01 len=16 data=aab001180080000000000000ffff608d
WFI t=149304 a=-1545,-3902,210 g=-5,-27,10
WFR t=149306 src=mcu type=0x01 len=16 data=aab12e042f000000000000000000cd1b
WFR t=149346 src=mcu type=0x01 len=16 data=aab2232c0000000000000000000095f1
WFI t=149354 a=-1528,-3880,207 g=-5,-2,-8
WFR t=149366 src=mcu type=0x01 len=16 data=aab3014a02050030000488001b007188
WFI t=149404 a=-1550,-3888,197 g=1,35,-30
WFR t=149406 src=mcu type=0x01 len=16 data=aab400009f0ca90c9a0c540600001589
WFR t=149426 src=mcu type=0x01 len=16 data=aab51c00e8517918060eb80ab0006dd7
WFR t=149446 src=mcu type=0x01 len=16 data=aab6050804080080cb020122f13fc622
WFI t=149454 a=-1582,-3887,186 g=-1,20,-21
WFT t=149458 batt_mv=4206 rssi_mcu=-73 rssi_bms=-78 mcu=5304 bms=114 dropped=0
WFR t=149486 src=mcu type=0x01 len=16 data=aa8001180080000000000000ffff217d
WFI t=149504 a=-1574,-3901,208 g=0,-22,21
WFR t=149506 src=mcu type=0x01 len=16 data=aa812e042f0000000000000000008ceb
WFR t=149546 src=mcu type=0x01 len=16 data=aa82232c00000000000000000000d401
WFI t=149554 a=-1532,-3882,212 g=-9,-44,29
WFR t=149566 src=mcu type=0x01 len=16 data=aa83000100011101b70111019f00058c
WFR t=149586 src=mcu type=0x01 len=16 data=aa840000090a10560001310051c45a55
WFI t=149604 a=-1522,-3899,214 g=-1,-8,2
WFR t=149626 src=mcu type=0x01 len=16 data=aa8513088003e204080b1000507864d4
WFR t=149646 src=mcu type=0x01 len=16 data=aa868403f4010400a00f8813c003f9eb
WFI t=149654 a=-1539,-3889,201 g=1,25,-28
WFR t=149686 src=mcu type=0x01 len=16 data=aa8701180080000000000000ffff2a3a
WFI t=149704 a=-1568,-3901,203 g=-1,42,-37
WFR t=149706 src=mcu type=0x01 len=16 data=aa882e042f0000000000000000009122
WFR t=149746 src=mcu type=0x01 len=16 data=aa89232c00000000000000000000ce8a
WFI t=149754 a=-1588,-3894,203 g=-1,5,-13
WFR t=149766 src=mcu type=0x01 len=16 data=aa8a480c1c0207284901230020001521
WFR t=149786 src=mcu type=0x01 len=16 data=aa8b40005c03474c775419031a0e80f3
WFI t=149804 a=-1570,-3902,201 g=-6,-49,35
WFR t=149826 src=mcu type=0x01 len=16 data=aa8c2225bf0420034006b80b3e02672c
WFR t=149847 src=mcu type=0x01 len=16 data=aa8d800c800000006c07102780008244
WFI t=149854 a=-1536,-3901,198 g=-7,-45,29
WFR t=149886 src=mcu type=0x01 len=16 data=aa8e01180080000000000100feff379f
WFI t=149904 a=-1538,-3899,203 g=-3,10,-14
WFR t=149906 src=mcu type=0x01 len=16 data=aa8f2e042f0000000000000000009a65
WFR t=149926 src=mcu type=0x01 len=16 data=aa90232c00000000000000000000edd3
WFI t=149954 a=-1554,-3891,201 g=1,42,-37
WFR t=149966 src=mcu type=0x01 len=16 data=aa910b000f00465a667332000b9ed1a0
WFR t=149986 src=mcu type=0x01 len=16 data=aa92000000000000000000000000fbba
WFI t=150004 a=-1566,-3893,196 g=0,14,-17
WFR t=150047 src=mcu type=0x01 len=16 data=aa93d804480804242c01c003214fe1ad
WFR t=150047 src=mcu type=0x01 len=16 data=aa94f0f465fffffff8080d00412af645
WFI t=150054 a=-1554,-3890,198 g=-5,-19,9
WFR t=150066 src=mcu type=0x01 len=16 data=aa9501180080000000000100feff1384
WFI t=150104 a=-1548,-3888,193 g=-6,-19,15
WFR t=150106 src=mcu type=0x01 len=16 data=aa962e042f000000000000000000b93c
WFR t=150146 src=mcu type=0x01 len=16 data=aa97232c00000000000000000000e694
WFI t=150154 a=-1538,-3894,196 g=-9,-5,2
WFR t=150166 src=mcu type=0x01 len=16 data=aa9807010200000056117eea00007aa4
WFR t=150186 src=mcu type=0x01 len=16 data=aa991d00ab04a08c64502748395e1e28
WFI t=150204 a=-1549,-3899,218 g=-2,5,-12
WFR t=150226 src=mcu type=0x01 len=16 data=aa9a646464625f5d5b5955010101d546
WFR t=150246 src=mcu type=0x01 len=16 data=aa9b0101010100000000fbfbecd30e91
WFI t=150254 a=-1541,-3910,211 g=-4,18,-21
WFR t=150266 src=mcu type=0x01 len=16 data=aa9c01180080000000000000ffff0e21
WFI t=150304 a=-1564,-3908,203 g=-4,10,-21
WFR t=150306 src=mcu type=0x01 len=16 data=aa9d2e042f000000000000000000a3b7
WFR t=150326 src=mcu type=0x01 len=16 data=aa9e232c00000000000000000000fb5d
WFI t=150354 a=-1573,-3891,202 g=-11,-20,10
WFR t=150366 src=mcu type=0x01 len=16 data=aa9fb5a1b0bfd800000000000000dfe1
WFR t=150386 src=mcu type=0x01 len=16 data=aaa000000000020c000035006a00d1bd
WFI t=150404 a=-1538,-3901,197 g=-7,-34,19
WFR t=150406 src=mcu type=0x01 len=16 data=aaa188044a5357583036323430360894
WFR t=150446 src=mcu type=0x01 len=16 data=aaa231344e4242463930333500005e71
WFI t=150454 a=-1526,-3894,210 g=-3,-2,-3
WFR t=150467 src=mcu type=0x01 len=16 data=aaa301180080000000000000feff5a4e
WFI t=150504 a=-1557,-3898,202 g=-7,18,-23
WFR t=150506 src=mcu type=0x01 len=16 data=aaa42e042f000000000000000000ff8e
WFR t=150526 src=mcu type=0x01 len=16 data=aaa5232c00000000000000000000a026
WFR t=150546 src=mcu type=0x01 len=16 data=aaa6000000000000000000000000b4ce
WFI t=150554 a=-1552,-3906,193 g=1,8,-10
WFR t=150586 src=mcu type=0x01 len=16 data=aaa7000000000000000000000000b64f
WFI t=150604 a=-1548,-3890,199 g=1,12,-10
WFR t=150606 src=mcu type=0x01 len=16 data=aaa801801b000000400052a8194013c9
WFR t=150646 src=mcu type=0x01 len=16 data=aaa9028288135c4488132400ec02f999
WFI t=150654 a=-1572,-3901,215 g=-4,-1,-2
WFR t=150666 src=mcu type=0x01 len=16 data=aaaa01180080000000000000feff4787
WFI t=150793 a=-1534,-3898,192 g=-4,-20,10
WFI t=150848 a=-1538,-3897,194 g=0,16,-17
WFR t=150848 src=mcu type=0x01 len=16 data=aaab2e042f000000000000000000eb81
WFR t=150849 src=mcu type=0x01 len=16 data=aaac232c00000000000000000000bdef
WFR t=150849 src=mcu type=0x01 len=16 data=aaad0048005f00021000000100801d27
WFR t=150849 src=mcu type=0x01 len=16 data=aaae55f04b0b18000000803a40005cef
WFI t=150933 a=-1563,-3894,229 g=0,11,-15
WFR t=150933 src=mcu type=0x01 len=16 data=aaaf08610005460c2f78a00f090076a9
WFR t=150934 src=mcu type=0x01 len=16 data=aab001180080000000000000feff611d
WFR t=150934 src=mcu type=0x01 len=16 data=aab12e042f000000000000000000cd1b
WFR t=150934 src=mcu type=0x01 len=16 data=aab2232c0000000000000000000095f1
WFR t=150934 src=mcu type=0x01 len=16 data=aab3014a02050030000488001b007188
WFI t=150935 a=-1559,-3902,203 g=-3,-7,0
WFI t=150937 a=-1554,-3886,187 g=-5,-5,-1
WFR t=150946 src=mcu type=0x01 len=16 data=aab400009f0ca90c9a0c540600001589
WFI t=150954 a=-1566,-3897,182 g=-6,-13,-2
WFR t=150986 src=mcu type=0x01 len=16 data=aab51c00e8517918060eb80ab0006dd7
WFI t=151004 a=-1562,-3893,209 g=-1,-10,5
WFR t=151006 src=mcu type=0x01 len=16 data=aab6050804080080cb020122f13fc622
WFR t=151026 src=mcu type=0x01 len=16 data=aa8001180080000000000000feff20ed
WFI t=151054 a=-1532,-3891,214 g=0,-2,-3
WFR t=151066 src=mcu type=0x01 len=16 data=aa812e042f0000000000000000008ceb
WFR t=151086 src=mcu type=0x01 len=16 data=aa82232c00000000000000000000d401
WFI t=151104 a=-1536,-3891,234 g=-6,8,-14
WFR t=151147 src=mcu type=0x01 len=16 data=aa83000100011101b70111019f00058c
WFR t=151147 src=mcu type=0x01 len=16 data=aa840000090a10560001310051c45a55
WFI t=151154 a=-1555,-3890,215 g=-6,-2,-8
WFR t=151166 src=mcu type=0x01 len=16 data=aa8513088003e204080b1000507864d4
WFI t=151204 a=-1565,-3898,199 g=-4,-3,-2
WFR t=151206 src=mcu type=0x01 len=16 data=aa868403f4010400a00f8813c003f9eb
WFR t=151226 src=mcu type=0x01 len=16 data=aa8701180080000000000000ffff2a3a
WFI t=151254 a=-1558,-3894,202 g=1,3,-4
WFR t=151266 src=mcu type=0x01 len=16 data=aa882e042f0000000000000000009122
WFR t=151286 src=mcu type=0x01 len=16 data=aa89232c00000000000000000000ce8a
WFI t=151304 a=-1566,-3888,220 g=-3,-9,1
WFR t=151306 src=mcu type=0x01 len=16 data=aa8a480c1c0207284901230020001521
WFR t=151346 src=mcu type=0x01 len=16 data=aa8b40005c03474c775419031a0e80f3
WFI t=151354 a=-1548,-3889,210 g=-9,-13,2
WFR t=151366 src=mcu type=0x01 len=16 data=aa8c2225bf0420034006b80b3e02672c
WFI t=151404 a=-1549,-3900,182 g=-2,15,-17
WFR t=151406 src=mcu type=0x01 len=16 data=aa8d800c800000006c07102780008244
WFR t=151426 src=mcu type=0x01 len=16 data=aa8e01180080000000000000feff3663
WFI t=151454 a=-1567,-3889,194 g=0,18,-15
WFR t=151466 src=mcu type=0x01 len=16 data=aa8f2e042f0000000000000000009a65
WFR t=151486 src=mcu type=0x01 len=16 data=aa90232c00000000000000000000edd3
WFI t=151504 a=-1544,-3906,206 g=0,-13,10
WFR t=151506 src=mcu type=0x01 len=16 data=aa910b000f00465a667332000b9ed1a0
WFR t=151546 src=mcu type=0x01 len=16 data=aa92000000000000000000000000fbba
WFI t=151554 a=-1535,-3914,213 g=-7,-20,7
WFR t=151566 src=mcu type=0x01 len=16 data=aa93d804480804242c01c003214fe1ad
WFI t=151604 a=-1551,-3887,178 g=-5,2,-6
WFR t=151606 src=mcu type=0x01 len=16 data=aa94f0f465fffffff8080d00412af645
WFR t=151647 src=mcu type=0x01 len=16 data=aa9501180080000000000100feff1384
WFR t=151647 src=mcu type=0x01 len=16 data=aa962e042f000000000000000000b93c
WFI t=151654 a=-1571,-3883,184 g=0,12,-11
WFR t=151686 src=mcu type=0x01 len=16 data=aa97232c00000000000000000000e694
WFI t=151704 a=-1557,-3909,197 g=-3,7,-9
WFR t=151706 src=mcu type=0x01 len=16 data=aa9807010200000056117eea00007aa4
WFR t=151746 src=mcu type=0x01 len=16 data=aa991d00ab04a08c64502748395e1e28
WFI t=151754 a=-1556,-3888,225 g=-4,-12,1
WFR t=151766 src=mcu type=0x01 len=16 data=aa9a646464625f5d5b5955010101d546
WFR t=151786 src=mcu type=0x01 len=16 data=aa9b0101010100000000fbfbecd30e91
WFI t=151804 a=-1552,-3892,199 g=-7,-13,3
WFR t=151826 src=mcu type=0x01 len=16 data=aa9c01180080000000000100feff0e4d
WFR t=151846 src=mcu type=0x01 len=16 data=aa9d2e042f000000000000000000a3b7
WFI t=151854 a=-1549,-3895,181 g=-3,6,-7
WFR t=151886 src=mcu type=0x01 len=16 data=aa9e232c00000000000000000000fb5d
WFI t=151904 a=-1556,-3892,213 g=-1,6,-10
WFR t=151906 src=mcu type=0x01 len=16 data=aa9fb5a1b0bfd800000000000000dfe1
WFR t=151946 src=mcu type=0x01 len=16 data=aaa000000000020c000035006a00d1bd
WFI t=151954 a=-1547,-3911,223 g=0,-9,4
WFR t=151966 src=mcu type=0x01 len=16 data=aaa188044a5357583036323430360894
WFR t=151986 src=mcu type=0x01 len=16 data=aaa231344e4242463930333500005e71
WFI t=152004 a=-1532,-3905,193 g=-4,-6,-7
WFR t=152026 src=mcu type=0x01 len=16 data=aaa301180080000000000000ffff5bde
WFR t=152046 src=mcu type=0x01 len=16 data=aaa42e042f000000000000000000ff8e
WFI t=152054 a=-1578,-3901,192 g=2,7,-11
WFR t=152086 src=mcu type=0x01 len=16 data=aaa5232c00000000000000000000a026
WFI t=152104 a=-1554,-3896,191 g=-2,4,-2
WFR t=152106 src=mcu type=0x01 len=16 data=aaa6000000000000000000000000b4ce
WFR t=152126 src=mcu type=0x01 len=16 data=aaa7000000000000000000000000b64f
WFI t=152154 a=-1541,-3890,198 g=-1,-9,-4
WFR t=152166 src=mcu type=0x01 len=16 data=aaa801801b000000400052a8194013c9
WFR t=152186 src=mcu type=0x01 len=16 data=aaa9028288135c4488132400ec02f999
WFI t=152204 a=-1553,-3905,214 g=-3,-14,3
WFR t=152226 src=mcu type=0x01 len=16 data=aaaa01180080000000000000feff4787
WFR t=152246 src=mcu type=0x01 len=16 data=aaab2e042f000000000000000000eb81
WFI t=152254 a=-1545,-3884,194 g=0,0,-2
WFR t=152266 src=mcu type=0x01 len=16 data=aaac232c00000000000000000000bdef
WFI t=152304 a=-1549,-3890,190 g=-2,12,-12
WFR t=152306 src=mcu type=0x01 len=16 data=aaad0048005f00021000000100801d27
WFR t=152326 src=mcu type=0x01 len=16 data=aaae55f04b0b18000000803a40005cef
WFI t=152354 a=-1580,-3894,196 g=-3,-3,-3
WFR t=152366 src=mcu type=0x01 len=16 data=aaaf08610005460c2f78a00f090076a9
WFR t=152387 src=mcu type=0x01 len=16 data=aab001180080000000000000feff611d
WFI t=152404 a=-1547,-3902,211 g=-7,-21,8
WFR t=152406 src=mcu type=0x01 len=16 data=aab12e042f000000000000000000cd1b
WFI t=152463 a=-1532,-3897,200 g=-2,9,-9
WFR t=152467 src=mcu type=0x01 len=16 data=aab2232c0000000000000000000095f1
WFR t=152467 src=mcu type=0x01 len=16 data=aab3014a02050030000488001b007188
WFI t=152504 a=-1570,-3901,181 g=0,13,-19
WFR t=152506 src=mcu type=0x01 len=16 data=aab400009f0ca90c9a0c540600001589
WFR t=152546 src=mcu type=0x01 len=16 data=aab51c00e8517918060e140bb0001d47
WFI t=152554 a=-1575,-3901,203 g=-1,-14,11
WFR t=152566 src=mcu type=0x01 len=16 data=aab6050804080080cb020122f13fc622
WFR t=152586 src=mcu type=0x01 len=16 data=aa8001180080000000000000ffff217d
WFI t=152604 a=-1533,-3891,206 g=-6,-26,14
WFR t=152606 src=mcu type=0x01 len=16 data=aa812e042f0000000000000000008ceb
WFR t=152646 src=mcu type=0x01 len=16 data=aa82232c00000000000000000000d401
WFI t=152654 a=-1544,-3895,203 g=-3,12,-22
WFR t=152666 src=mcu type=0x01 len=16 data=aa83000100011101b70111019f00058c
WFI t=152704 a=-1583,-3887,176 g=2,19,-11
WFR t=152706 src=mcu type=0x01 len=16 data=aa840000090a10560001310051c45a55
WFR t=152726 src=mcu type=0x01 len=16 data=aa8513088003e204080b1000507864d4
WFI t=152849 a=-1535,-3888,194 g=-3,4,-3
WFR t=152917 src=mcu type=0x01 len=16 data=aa868403f4010400a00f8813c003f9eb
WFR t=152932 src=mcu type=0x01 len=16 data=aa8701180080000000000000feff2baa
WFI t=152996 a=-1568,-3906,211 g=-6,-11,2
WFR t=153011 src=mcu type=0x01 len=16 data=aa882e042f0000000000000000009122
WFR t=153011 src=mcu type=0x01 len=16 data=aa89232c00000000000000000000ce8a
WFR t=153011 src=mcu type=0x01 len=16 data=aa8a480c1c0207284901230020001521
WFI t=153012 a=-1557,-3889,205 g=0,13,-12
WFR t=153012 src=mcu type=0x01 len=16 data=aa8b40005c03474c775419031a0e80f3
WFR t=153012 src=mcu type=0x01 len=16 data=aa8c2225bf0420034006b80b3e02672c
WFR t=153012 src=mcu type=0x01 len=16 data=aa8d800c800000006c07102780008244
WFR t=153012 src=mcu type=0x01 len=16 data=aa8e01180080000000000000ffff37f3
WFR t=153013 src=mcu type=0x01 len=16 data=aa8f2e042f0000000000000000009a65
WFI t=153014 a=-1561,-3902,203 g=-3,-2,-8
WFI t=153016 a=-1561,-3902,203 g=-3,-2,-8
WFI t=153018 a=-1561,-3902,203 g=-3,-2,-8
WFR t=153046 src=mcu type=0x01 len=16 data=aa90232c00000000000000000000edd3
WFI t=153054 a=-1558,-3897,213 g=-4,-10,4
WFR t=153066 src=mcu type=0x01 len=16 data=aa910b000f00465a667332000b9ed1a0
WFR t=153086 src=mcu type=0x01 len=16 data=aa92000000000000000000000000fbba
WFI t=153104 a=-1547,-3905,195 g=-3,-10,1
WFR t=153126 src=mcu type=0x01 len=16 data=aa93d804480804242c01c003214fe1ad
WFR t=153146 src=mcu type=0x01 len=16 data=aa94f0f465fffffff8080d00412af645
WFI t=153154 a=-1552,-3885,196 g=-5,3,-3
WFR t=153186 src=mcu type=0x01 len=16 data=aa9501180080000000000000ffff13e8
WFI t=153204 a=-1545,-3903,192 g=-2,14,-12
WFR t=153206 src=mcu type=0x01 len=16 data=aa962e042f000000000000000000b93c
WFR t=153226 src=mcu type=0x01 len=16 data=aa97232c00000000000000000000e694
WFI t=153254 a=-1572,-3887,208 g=-4,-1,-11
WFR t=153266 src=mcu type=0x01 len=16 data=aa9807010200000056117eea00007aa4
WFR t=153286 src=mcu type=0x01 len=16 data=aa991d00ab04a08c64502748395e1e28
WFI t=153304 a=-1554,-3888,205 g=-6,-21,11
WFR t=153326 src=mcu type=0x01 len=16 data=aa9a646464625f5d5b5955010101d546
WFR t=153346 src=mcu type=0x01 len=16 data=aa9b0101010100000000fbfbecd30e91
WFI t=153354 a=-1543,-3897,199 g=-7,0,-4
WFR t=153366 src=mcu type=0x01 len=16 data=aa9c01180080000000000000ffff0e21
WFI t=153404 a=-1556,-3901,189 g=-1,21,-17
WFR t=153406 src=mcu type=0x01 len=16 data=aa9d2e042f000000000000000000a3b7
WFR t=153426 src=mcu type=0x01 len=16 data=aa9e232c00000000000000000000fb5d
WFI t=153454 a=-1571,-3904,203 g=-2,-8,-1
WFR t=153466 src=mcu type=0x01 len=16 data=aa9fb5a1b0bfd800000000000000dfe1
WFR t=153486 src=mcu type=0x01 len=16 data=aaa000000000020c000035006a00d1bd
WFI t=153504 a=-1536,-3893,194 g=-8,-19,1
WFR t=153526 src=mcu type=0x01 len=16 data=aaa188044a5357583036323430360894
WFR t=153546 src=mcu type=0x01 len=16 data=aaa231344e4242463930333500005e71
WFI t=153554 a=-1542,-3898,194 g=-2,7,-12
WFR t=153566 src=mcu type=0x01 len=16 data=aaa301180080000000000000feff5a4e
WFI t=153604 a=-1572,-3877,175 g=2,10,-10
WFR t=153606 src=mcu type=0x01 len=16 data=aaa42e042f000000000000000000ff8e
WFR t=153626 src=mcu type=0x01 len=16 data=aaa5232c00000000000000000000a026
WFI t=153654 a=-1567,-3900,209 g=-2,-16,8
WFR t=153666 src=mcu type=0x01 len=16 data=aaa6000000000000000000000000b4ce
WFI t=153704 a=-1537,-3897,222 g=-2,-18,3
WFR t=153707 src=mcu type=0x01 len=16 data=aaa7000000000000000000000000b64f
WFR t=153707 src=mcu type=0x01 len=16 data=aaa801801b000000400052a8194013c9
WFR t=153746 src=mcu type=0x01 len=16 data=aaa9028288135c4488132400ec02f999
WFI t=153754 a=-1542,-3901,192 g=-3,4,-13
WFR t=153767 src=mcu type=0x01 len=16 data=aaaa01180080000000000100feff467b
WFI t=153804 a=-1557,-3891,186 g=4,14,-11
WFR t=153806 src=mcu type=0x01 len=16 data=aaab2e042f000000000000000000eb81
WFR t=153826 src=mcu type=0x01 len=16 data=aaac232c00000000000000000000bdef
WFI t=153854 a=-1574,-3899,198 g=-3,4,-7
WFR t=153866 src=mcu type=0x01 len=16 data=aaad0048005f00021000000100801d27
WFR t=153886 src=mcu type=0x01 len=16 data=aaae55f04b0b18000000803a40005cef
WFI t=153904 a=-1553,-3895,207 g=0,-11,5
WFR t=153906 src=mcu type=0x01 len=16 data=aaaf08610005460c2f78a00f090076a9
WFR t=153947 src=mcu type=0x01 len=16 data=aab001180080000000000100feff60e1
WFI t=153954 a=-1544,-3897,211 g=-3,-20,10
WFR t=153966 src=mcu type=0x01 len=16 data=aab12e042f000000000000000000cd1b
WFR t=153986 src=mcu type=0x01 len=16 data=aab2232c0000000000000000000095f1
WFI t=154004 a=-1543,-3892,193 g=-6,-2,-11
WFR t=154026 src=mcu type=0x01 len=16 data=aab3014a02050030000488001b007188
WFR t=154046 src=mcu type=0x01 len=16 data=aab400009f0ca90c9a0c540600001589
WFI t=154054 a=-1552,-3904,197 g=4,24,-23
WFR t=154086 src=mcu type=0x01 len=16 data=aab51c00e8517918060ecb0ab0007753
WFI t=154104 a=-1570,-3896,181 g=-6,15,-16
WFR t=154106 src=mcu type=0x01 len=16 data=aab6050804080080cb020122f13fc622
WFR t=154146 src=mcu type=0x01 len=16 data=aa8001180080000000000000feff20ed
WFI t=154154 a=-1560,-3887,202 g=-5,-21,10
WFR t=154166 src=mcu type=0x01 len=16 data=aa812e042f0000000000000000008ceb
WFR t=154186 src=mcu type=0x01 len=16 data=aa82232c00000000000000000000d401
WFI t=154204 a=-1551,-3895,197 g=-9,-27,11
WFR t=154226 src=mcu type=0x01 len=16 data=aa83000100011101b70111019f00058c
WFR t=154246 src=mcu type=0x01 len=16 data=aa840000090a10560001310051c45a55
WFI t=154254 a=-1558,-3899,192 g=-5,-4,-2
WFR t=154286 src=mcu type=0x01 len=16 data=aa8513088003e204080b1000507864d4
WFI t=154304 a=-1537,-3893,196 g=-1,19,-18
WFR t=154306 src=mcu type=0x01 len=16 data=aa868403f4010400a00f8813c003f9eb
WFR t=154326 src=mcu type=0x01 len=16 data=aa8701180080000000000100feff2a56
WFI t=154354 a=-1574,-3902,213 g=0,12,-18
WFR t=154366 src=mcu type=0x01 len=16 data=aa882e042f0000000000000000009122
WFR t=154386 src=mcu type=0x01 len=16 data=aa89232c00000000000000000000ce8a
WFI t=154404 a=-1557,-3901,193 g=-7,-9,-4
WFR t=154426 src=mcu type=0x01 len=16 data=aa8a480c1c0207284901230020001521
WFR t=154446 src=mcu type=0x01 len=16 data=aa8b40005c03474c775419031a0e80f3
WFI t=154454 a=-1559,-3907,201 g=-4,-17,7
WFR t=154466 src=mcu type=0x01 len=16 data=aa8c2225bf0420034006b80b3e02672c
WFI t=154504 a=-1554,-3906,202 g=-3,-3,1
WFR t=154506 src=mcu type=0x01 len=16 data=aa8d800c800000006c07102780008244
WFR t=154526 src=mcu type=0x01 len=16 data=aa8e01180080000000000000feff3663
WFT t=154537 batt_mv=4224 rssi_mcu=-76 rssi_bms=-78 mcu=5484 bms=114 dropped=0
WFI t=154554 a=-1552,-3899,206 g=-1,6,-11
WFR t=154566 src=mcu type=0x01 len=16 data=aa8f2e042f0000000000000000009a65
WFR t=154586 src=mcu type=0x01 len=16 data=aa90232c00000000000000000000edd3
WFI t=154604 a=-1555,-3888,207 g=-7,-4,-5
WFR t=154606 src=mcu type=0x01 len=16 data=aa910b000f00465a667332000b9ed1a0
WFR t=154646 src=mcu type=0x01 len=16 data=aa92000000000000000000000000fbba
WFI t=154654 a=-1544,-3911,204 g=0,0,-5
WFR t=154666 src=mcu type=0x01 len=16 data=aa93d804480804242c01c003214fe1ad
WFI t=154704 a=-1553,-3889,189 g=4,13,-11
WFR t=154706 src=mcu type=0x01 len=16 data=aa94f0f465fffffff8080d00412af645
WFR t=154727 src=mcu type=0x01 len=16 data=aa9501180080000000000000ffff13e8
WFR t=154783 src=mcu type=0x01 len=16 data=aa962e042f000000000000000000b93c
WFI t=154854 a=-1560,-3900,199 g=-5,-20,9
WFR t=154868 src=mcu type=0x01 len=16 data=aa97232c00000000000000000000e694
WFR t=154868 src=mcu type=0x01 len=16 data=aa9807010200000056117eea00007aa4
WFR t=154868 src=mcu type=0x01 len=16 data=aa991d00ab04a08c64502748395e1e28
WFR t=154869 src=mcu type=0x01 len=16 data=aa9a646464625f5d5b5955010101d546
WFI t=154869 a=-1526,-3899,201 g=-3,-6,-3
WFI t=154871 a=-1546,-3893,182 g=-1,7,-13
WFI t=154904 a=-1557,-3894,193 g=-1,22,-23
WFR t=154906 src=mcu type=0x01 len=16 data=aa9b0101010100000000fbfbecd30e91
WFR t=154927 src=mcu type=0x01 len=16 data=aa9c01180080000000000000feff0fb1
WFR t=154946 src=mcu type=0x01 len=16 data=aa9d2e042f000000000000000000a3b7
WFI t=154954 a=-1572,-3899,203 g=-3,13,-13
WFR t=154986 src=mcu type=0x01 len=16 data=aa9e232c00000000000000000000fb5d
WFI t=155004 a=-1556,-3911,209 g=-8,-17,3
WFR t=155006 src=mcu type=0x01 len=16 data=aa9fb5a1b0bfd800000000000000dfe1
WFR t=155046 src=mcu type=0x01 len=16 data=aaa000000000020c000035006a00d1bd
WFI t=155054 a=-1544,-3891,203 g=-4,-25,10
WFR t=155066 src=mcu type=0x01 len=16 data=aaa188044a5357583036323430360894
WFR t=155086 src=mcu type=0x01 len=16 data=aaa231344e4242463930333500005e71
WFI t=155104 a=-1536,-3901,198 g=0,3,-5
WFR t=155127 src=mcu type=0x01 len=16 data=aaa301180080000000000000feff5a4e
WFR t=155146 src=mcu type=0x01 len=16 data=aaa42e042f000000000000000000ff8e
WFI t=155154 a=-1559,-3892,200 g=5,16,-19
WFR t=155186 src=mcu type=0x01 len=16 data=aaa5232c00000000000000000000a026
WFI t=155204 a=-1575,-3901,199 g=-1,-1,-5
WFR t=155206 src=mcu type=0x01 len=16 data=aaa6000000000000000000000000b4ce
WFR t=155246 src=mcu type=0x01 len=16 data=aaa7000000000000000000000000b64f
WFI t=155254 a=-1548,-3888,192 g=-7,-16,2
WFR t=155266 src=mcu type=0x01 len=16 data=aaa801801b000000400052a8194013c9
WFR t=155286 src=mcu type=0x01 len=16 data=aaa9028288135c4488132400ec02f999
WFI t=155304 a=-1536,-3907,195 g=0,1,-9
WFR t=155327 src=mcu type=0x01 len=16 data=aaaa01180080000000000100feff467b
WFR t=155346 src=mcu type=0x01 len=16 data=aaab2e042f000000000000000000eb81
WFI t=155354 a=-1557,-3903,198 g=-4,7,-14
WFR t=155386 src=mcu type=0x01 len=16 data=aaac232c00000000000000000000bdef
WFI t=155404 a=-1553,-3901,200 g=-2,-1,-10
WFR t=155406 src=mcu type=0x01 len=16 data=aaad0048005f00021000000100801d27
WFR t=155426 src=mcu type=0x01 len=16 data=aaae55f04b0b18000000803a40005cef
WFI t=155454 a=-1556,-3900,212 g=-12,-13,-5
WFR t=155487 src=mcu type=0x01 len=16 data=aaaf08610005460c2f78a00f090076a9
WFR t=155487 src=mcu type=0x01 len=16 data=aab001180080000000000000ffff608d
WFI t=155504 a=-1542,-3894,200 g=-5,-10,6
WFR t=155527 src=mcu type=0x01 len=16 data=aab12e042f000000000000000000cd1b
WFR t=155546 src=mcu type=0x01 len=16 data=aab2232c0000000000000000000095f1
WFI t=155554 a=-1538,-3893,198 g=-3,8,-10
WFR t=155566 src=mcu type=0x01 len=16 data=aab3014a02050030000488001b007188
WFI t=155604 a=-1576,-3906,211 g=0,5,-5
WFR t=155606 src=mcu type=0x01 len=16 data=aab400009f0ca90c9a0c540600001589
WFR t=155626 src=mcu type=0x01 len=16 data=aab51c00e8517918060ecf0ab0007663
WFI t=155654 a=-1552,-3898,199 g=-5,-27,14
WFR t=155666 src=mcu type=0x01 len=16 data=aab6050804080080cb020122f13fc622
WFR t=155687 src=mcu type=0x01 len=16 data=aa8001180080000000000000ffff217d
WFI t=155704 a=-1526,-3901,187 g=-6,-16,0
WFR t=155707 src=mcu type=0x01 len=16 data=aa812e042f0000000000000000008ceb
WFR t=155746 src=mcu type=0x01 len=16 data=aa82232c00000000000000000000d401
WFI t=155754 a=-1558,-3917,195 g=1,29,-23
WFR t=155766 src=mcu type=0x01 len=16 data=aa83000100011101b70111019f00058c
WFI t=155804 a=-1558,-3908,202 g=-6,13,-20
WFR t=155806 src=mcu type=0x01 len=16 data=aa840000090a10560001310051c45a55
WFR t=155826 src=mcu type=0x01 len=16 data=aa8513088003e204080b1000507864d4
WFI t=155854 a=-1554,-3900,210 g=-4,-8,0
WFR t=155866 src=mcu type=0x01 len=16 data=aa868403f4010400a00f8813c003f9eb
WFR t=155887 src=mcu type=0x01 len=16 data=aa8701180080000000000000ffff2a3a
WFI t=155904 a=-1558,-3893,205 g=-7,-33,22
WFR t=155906 src=mcu type=0x01 len=16 data=aa882e042f0000000000000000009122
WFE t=155944 bms stale, no frame for 10112 ms, dropping link
WFR t=155946 src=mcu type=0x01 len=16 data=aa89232c00000000000000000000ce8a
WFI t=155954 a=-1514,-3889,197 g=-3,-9,10
WFE t=155958 bms link down (stale) after 27 answers in 36954 ms, writes=37 err=0 silent=10 bytes=3483
WFR t=155966 src=mcu type=0x01 len=16 data=aa8a480c1c0207284901230020001521
WFI t=156015 a=-1540,-3899,202 g=-1,18,-20
WFR t=156017 src=mcu type=0x01 len=16 data=aa8b40005c03474c775419031a0e80f3
WFE t=156018 bms disconnected reason=534
WFR t=156049 src=mcu type=0x01 len=16 data=aa8c2225bf0420034006b80b3e02672c
WFR t=156050 src=mcu type=0x01 len=16 data=aa8d800c800000006c07102780008244
WFI t=156054 a=-1532,-3896,204 g=-6,14,-18
WFR t=156086 src=mcu type=0x01 len=16 data=aa8e01180080000000000100feff379f
WFI t=156104 a=-1546,-3892,215 g=-8,-12,-13
WFR t=156106 src=mcu type=0x01 len=16 data=aa8f2e042f0000000000000000009a65
WFR t=156146 src=mcu type=0x01 len=16 data=aa90232c00000000000000000000edd3
WFI t=156154 a=-1546,-3893,195 g=-3,-4,2
WFR t=156166 src=mcu type=0x01 len=16 data=aa910b000f00465a667332000b9ed1a0
WFR t=156186 src=mcu type=0x01 len=16 data=aa92000000000000000000000000fbba
WFI t=156204 a=-1562,-3898,189 g=-8,-13,-9
WFR t=156226 src=mcu type=0x01 len=16 data=aa93d804480804242c01c003214fe1ad
WFR t=156246 src=mcu type=0x01 len=16 data=aa94f0f465fffffff8080d00412af645
WFI t=156254 a=-1564,-3912,218 g=-1,-35,32
WFR t=156287 src=mcu type=0x01 len=16 data=aa9501180080000000000000feff1278
WFI t=156304 a=-1513,-3903,215 g=-6,-33,17
WFR t=156306 src=mcu type=0x01 len=16 data=aa962e042f000000000000000000b93c
WFR t=156361 src=mcu type=0x01 len=16 data=aa97232c00000000000000000000e694
WFI t=156361 a=-1536,-3897,213 g=-5,10,-19
WFR t=156367 src=mcu type=0x01 len=16 data=aa9807010200000056117eea00007aa4
WFR t=156387 src=mcu type=0x01 len=16 data=aa991d00ab04a08c64502748395e1e28
WFI t=156404 a=-1550,-3888,184 g=3,56,-35
WFR t=156463 src=mcu type=0x01 len=16 data=aa9a646464625f5d5b5955010101d546
WFR t=156463 src=mcu type=0x01 len=16 data=aa9b0101010100000000fbfbecd30e91
WFI t=156531 a=-1605,-3892,176 g=-2,34,-26
WFI t=156546 a=-1586,-3907,217 g=-7,-64,61
WFR t=156551 src=mcu type=0x01 len=16 data=aa9c01180080000000000000feff0fb1
WFR t=156552 src=mcu type=0x01 len=16 data=aa9d2e042f000000000000000000a3b7
WFR t=156552 src=mcu type=0x01 len=16 data=aa9e232c00000000000000000000fb5d
WFI t=156554 a=-1540,-3906,214 g=-9,-91,67
WFR t=156567 src=mcu type=0x01 len=16 data=aa9fb5a1b0bfd800000000000000dfe1
WFR t=156586 src=mcu type=0x01 len=16 data=aaa000000000020c000035006a00d1bd
WFI t=156604 a=-1491,-3894,227 g=-7,-26,10
WFR t=156626 src=mcu type=0x01 len=16 data=aaa188044a5357583036323430360894
WFR t=156646 src=mcu type=0x01 len=16 data=aaa231344e4242463930333500005e71
WFI t=156654 a=-1511,-3892,197 g=4,80,-63
WFR t=156667 src=mcu type=0x01 len=16 data=aaa301180080000000000000feff5a4e
WFI t=156704 a=-1607,-3892,197 g=3,84,-74
WFR t=156707 src=mcu type=0x01 len=16 data=aaa42e042f000000000000000000ff8e
WFR t=156726 src=mcu type=0x01 len=16 data=aaa5232c00000000000000000000a026
WFI t=156754 a=-1613,-3899,209 g=1,-5,8
WFR t=156767 src=mcu type=0x01 len=16 data=aaa6000000000000000000000000b4ce
WFR t=156871 src=mcu type=0x01 len=16 data=aaa7000000000000000000000000b64f
WFR t=156871 src=mcu type=0x01 len=16 data=aaa801801b000000400052a8194013c9
WFI t=156886 a=-1558,-3903,210 g=-8,-96,67
WFI t=156888 a=-1507,-3889,187 g=-4,-2,1
WFI t=156904 a=-1505,-3898,198 g=-1,34,-25
WFR t=156908 src=mcu type=0x01 len=16 data=aaa9028288135c4488132400ec02f999
WFR t=156908 src=mcu type=0x01 len=16 data=aaaa01180080000000000000ffff4617
WFR t=156908 src=mcu type=0x01 len=16 data=aaab2e042f000000000000000000eb81
WFR t=156926 src=mcu type=0x01 len=16 data=aaac232c00000000000000000000bdef
WFI t=156954 a=-1569,-3892,200 g=1,94,-82
WFR t=156967 src=mcu type=0x01 len=16 data=aaad0048005f00021000000100801d27
WFR t=156986 src=mcu type=0x01 len=16 data=aaae55f04b0b18000000803a40005cef
WFI t=157004 a=-1612,-3909,203 g=-7,28,-34
WFR t=157007 src=mcu type=0x01 len=16 data=aaaf08610005460c2f78a00f090076a9
WFR t=157047 src=mcu type=0x01 len=16 data=aab001180080000000000100feff60e1
WFI t=157054 a=-1584,-3903,194 g=-10,-61,39
WFR t=157067 src=mcu type=0x01 len=16 data=aab12e042f000000000000000000cd1b
WFI t=157104 a=-1541,-3919,200 g=-7,-63,46
WFR t=157107 src=mcu type=0x01 len=16 data=aab2232c0000000000000000000095f1
WFR t=157126 src=mcu type=0x01 len=16 data=aab3014a02050030000488001b007188
WFR t=157146 src=mcu type=0x01 len=16 data=aab400009f0ca90c9a0c540600001589
WFI t=157154 a=-1529,-3894,197 g=-1,1,-2
WFR t=157187 src=mcu type=0x01 len=16 data=aab51c00e8517918060ecf0ab0007663
WFI t=157204 a=-1556,-3895,188 g=-3,26,-39
WFR t=157207 src=mcu type=0x01 len=16 data=aab6050804080080cb020122f13fc622
WFR t=157247 src=mcu type=0x01 len=16 data=aa8001180080000000000000ffff217d
WFI t=157254 a=-1560,-3896,193 g=4,33,-33
WFR t=157267 src=mcu type=0x01 len=16 data=aa812e042f0000000000000000008ceb
WFR t=157286 src=mcu type=0x01 len=16 data=aa82232c00000000000000000000d401
WFI t=157304 a=-1583,-3917,193 g=-4,4,-15
WFR t=157326 src=mcu type=0x01 len=16 data=aa83000100011101b70111019f00058c
WFR t=157346 src=mcu type=0x01 len=16 data=aa840000090a10560001310051c45a55
WFI t=157354 a=-1575,-3892,197 g=-9,-23,29
WFR t=157387 src=mcu type=0x01 len=16 data=aa8513088003e204080b1000507864d4
WFI t=157404 a=-1531,-3900,214 g=-6,-47,29
WFR t=157407 src=mcu type=0x01 len=16 data=aa868403f4010400a00f8813c003f9eb
WFR t=157427 src=mcu type=0x01 len=16 data=aa8701180080000000000000feff2baa
WFI t=157454 a=-1529,-3904,213 g=-3,-5,1
WFR t=157467 src=mcu type=0x01 len=16 data=aa882e042f0000000000000000009122
WFR t=157486 src=mcu type=0x01 len=16 data=aa89232c00000000000000000000ce8a
WFI t=157504 a=-1531,-3896,205 g=1,43,-43
WFR t=157527 src=mcu type=0x01 len=16 data=aa8a480c1c0207284901230020001521
WFR t=157546 src=mcu type=0x01 len=16 data=aa8b40005c03474c775419031a0e80f3
WFI t=157554 a=-1585,-3903,191 g=-2,45,-45
WFR t=157587 src=mcu type=0x01 len=16 data=aa8c2225bf0420034006b80b3e02672c
WFI t=157604 a=-1599,-3891,204 g=-4,-18,9
WFR t=157627 src=mcu type=0x01 len=16 data=aa8d800c800000006c07102780008244
WFR t=157628 src=mcu type=0x01 len=16 data=aa8e01180080000000000100feff379f
WFI t=157654 a=-1552,-3893,207 g=-9,-64,41
WFR t=157667 src=mcu type=0x01 len=16 data=aa8f2e042f0000000000000000009a65
WFR t=157686 src=mcu type=0x01 len=16 data=aa90232c00000000000000000000edd3
WFI t=157704 a=-1529,-3903,193 g=-8,-33,19
WFR t=157726 src=mcu type=0x01 len=16 data=aa910b000f00465a667332000b9ed1a0
WFR t=157746 src=mcu type=0x01 len=16 data=aa92000000000000000000000000fbba
WFI t=157754 a=-1539,-3899,201 g=2,34,-28
WFR t=157767 src=mcu type=0x01 len=16 data=aa93d804480804242c01c003214fe1ad
WFI t=157804 a=-1583,-3897,201 g=0,46,-44
WFR t=157807 src=mcu type=0x01 len=16 data=aa94f0f465fffffff8080d00412af645
WFR t=157827 src=mcu type=0x01 len=16 data=aa9501180080000000000000ffff13e8
WFI t=157854 a=-1587,-3892,203 g=-5,0,-6
WFR t=157867 src=mcu type=0x01 len=16 data=aa962e042f000000000000000000b93c
WFR t=157886 src=mcu type=0x01 len=16 data=aa97232c00000000000000000000e694
WFI t=157904 a=-1557,-3893,214 g=-4,-41,25
WFR t=157907 src=mcu type=0x01 len=16 data=aa9807010200000056117eea00007aa4
WFR t=157946 src=mcu type=0x01 len=16 data=aa991d00ab04a08c64502748395e1e28
WFI t=157954 a=-1525,-3887,187 g=-6,-15,11
WFR t=157967 src=mcu type=0x01 len=16 data=aa9a646464625f5d5b5955010101d546
WFI t=158004 a=-1556,-3904,200 g=-2,12,-13
WFR t=158007 src=mcu type=0x01 len=16 data=aa9b0101010100000000fbfbecd30e91
WFR t=158027 src=mcu type=0x01 len=16 data=aa9c01180080000000000000feff0fb1
WFI t=158054 a=-1558,-3899,196 g=0,10,-17
WFR t=158067 src=mcu type=0x01 len=16 data=aa9d2e042f000000000000000000a3b7
WFR t=158086 src=mcu type=0x01 len=16 data=aa9e232c00000000000000000000fb5d
WFI t=158104 a=-1546,-3892,222 g=-1,1,-12
WFR t=158107 src=mcu type=0x01 len=16 data=aa9fb5a1b0bfd800000000000000dfe1
WFR t=158146 src=mcu type=0x01 len=16 data=aaa000000000020c000035006a00d1bd
WFI t=158154 a=-1553,-3896,205 g=0,-1,-1
WFR t=158167 src=mcu type=0x01 len=16 data=aaa188044a5357583036323430360894
WFI t=158204 a=-1557,-3889,197 g=-8,-4,0
WFR t=158207 src=mcu type=0x01 len=16 data=aaa231344e4242463930333500005e71
WFR t=158227 src=mcu type=0x01 len=16 data=aaa301180080000000000000ffff5bde
WFR t=158247 src=mcu type=0x01 len=16 data=aaa42e042f000000000000000000ff8e
WFI t=158254 a=-1556,-3894,201 g=-4,-8,2
WFR t=158286 src=mcu type=0x01 len=16 data=aaa5232c00000000000000000000a026
WFI t=158304 a=-1556,-3894,208 g=-2,-8,3
WFR t=158307 src=mcu type=0x01 len=16 data=aaa6000000000000000000000000b4ce
WFR t=158346 src=mcu type=0x01 len=16 data=aaa7000000000000000000000000b64f
WFI t=158354 a=-1552,-3896,203 g=-8,7,-16
WFR t=158367 src=mcu type=0x01 len=16 data=aaa801801b000000400052a8194013c9
WFR t=158386 src=mcu type=0x01 len=16 data=aaa9028288135c4488132400ec02f999
WFI t=158404 a=-1573,-3891,201 g=5,21,-17
WFR t=158427 src=mcu type=0x01 len=16 data=aaaa01180080000000000000ffff4617
WFR t=158447 src=mcu type=0x01 len=16 data=aaab2e042f000000000000000000eb81
WFI t=158454 a=-1581,-3896,200 g=-4,-13,0
WFR t=158487 src=mcu type=0x01 len=16 data=aaac232c00000000000000000000bdef
WFI t=158504 a=-1544,-3883,205 g=-5,-26,16
WFR t=158527 src=mcu type=0x01 len=16 data=aaad0048005f00021000000100801d27
WFR t=158527 src=mcu type=0x01 len=16 data=aaae55f04b0b18000000803a40005cef
WFI t=158554 a=-1538,-3884,210 g=-1,-4,-5
WFR t=158567 src=mcu type=0x01 len=16 data=aaaf08610005460c2f78a00f090076a9
WFR t=158587 src=mcu type=0x01 len=16 data=aab001180080000000000000ffff608d
WFI t=158604 a=-1556,-3886,208 g=-7,15,-21
WFR t=158627 src=mcu type=0x01 len=16 data=aab12e042f000000000000000000cd1b
WFR t=158647 src=mcu type=0x01 len=16 data=aab2232c0000000000000000000095f1
WFI t=158654 a=-1565,-3890,213 g=1,12,-11
WFR t=158687 src=mcu type=0x01 len=16 data=aab3014a02050030000488001b007188
WFI t=158704 a=-1566,-3896,204 g=1,-12,-1
WFR t=158707 src=mcu type=0x01 len=16 data=aab400009f0ca90c9a0c540600001589
WFR t=158727 src=mcu type=0x01 len=16 data=aab51c00e8517918060e1a0bb0001faf
WFI t=158754 a=-1550,-3882,215 g=-5,-21,17
WFR t=158767 src=mcu type=0x01 len=16 data=aab6050804080080cb020122f13fc622
WFI t=158908 a=-1537,-3885,217 g=-5,1,-10
WFR t=158908 src=mcu type=0x01 len=16 data=aa8001180080000000000000ffff217d
WFR t=158909 src=mcu type=0x01 len=16 data=aa812e042f0000000000000000008ceb
WFR t=158909 src=mcu type=0x01 len=16 data=aa82232c00000000000000000000d401
WFR t=158909 src=mcu type=0x01 len=16 data=aa83000100011101b70111019f00058c
WFR t=158909 src=mcu type=0x01 len=16 data=aa840000090a10560001310051c45a55
WFI t=158910 a=-1573,-3890,205 g=-3,17,-22
WFE t=158911 bms subscribed val=0x0010 cccd=0x0011 ctrl=0x0014 mtu=512 regs=62
WFI t=158912 a=-1573,-3890,205 g=-3,17,-22
WFE t=158912 bms conn itvl=80 latency=0 timeout=600
WFE t=158924 bms reconnected (attempt 4)
WFR t=158927 src=mcu type=0x01 len=16 data=aa8513088003e204080b1000507864d4
WFE t=158930 bms mtu event mtu=512
WFI t=158954 a=-1569,-3907,207 g=-10,-13,1
WFR t=158967 src=mcu type=0x01 len=16 data=aa868403f4010400a00f8813c003f9eb
WFR t=158987 src=mcu type=0x01 len=16 data=aa8701180080000000000000ffff2a3a
WFI t=159004 a=-1538,-3890,213 g=-3,-26,17
WFR t=159007 src=mcu type=0x01 len=16 data=aa882e042f0000000000000000009122
WFR t=159047 src=mcu type=0x01 len=16 data=aa89232c00000000000000000000ce8a
WFI t=159054 a=-1535,-3910,201 g=-5,-1,-5
WFR t=159067 src=mcu type=0x01 len=16 data=aa8a480c1c0207284901230020001521
WFI t=159104 a=-1562,-3897,213 g=-2,16,-17
WFR t=159107 src=mcu type=0x01 len=16 data=aa8b40005c03474c775419031a0e80f3
WFR t=159127 src=mcu type=0x01 len=16 data=aa8c2225bf0420034006b80b3e02672c
WFR t=159147 src=mcu type=0x01 len=16 data=aa8d800c800000006c07102780008244
WFI t=159154 a=-1582,-3891,203 g=-1,4,-8
WFR t=159187 src=mcu type=0x01 len=16 data=aa8e01180080000000000000ffff37f3
WFR t=159192 src=bms type=0x02 len=129 data=d2037c0eee0eed0eee0eed0eee0eed0eee0eee0eec0eed0eee0eee0ef10ef10ef10ef00ef20ef20ef30ef20ef20ef30ef30ef30ef10ef30ef20ef30000000000000000003d0000000000000000000000000000042e752f02af0ef30eec003d003d00000157001c0001001d0000000100010ef00007000a000000000000000081ae
WFI t=159204 a=-1559,-3893,204 g=-2,-8,-2
WFR t=159207 src=mcu type=0x01 len=16 data=aa8f2e042f0000000000000000009a65
WFI t=159256 a=-1542,-3891,204 g=1,0,3
WFR t=159267 src=mcu type=0x01 len=16 data=aa90232c00000000000000000000edd3
WFR t=159267 src=mcu type=0x01 len=16 data=aa910b000f00465a667332000b9ed1a0
WFE t=159291 bms conn update status=0 itvl=12 latency=0 timeout=400
WFI t=159304 a=-1571,-3886,201 g=-2,-3,-6
WFR t=159307 src=mcu type=0x01 len=16 data=aa92000000000000000000000000fbba
WFR t=159326 src=mcu type=0x01 len=16 data=aa93d804480804242c01c003214fe1ad
WFR t=159347 src=mcu type=0x01 len=16 data=aa94f0f465fffffff8080d00412af645
WFI t=159354 a=-1557,-3897,210 g=-5,-10,2
WFR t=159387 src=mcu type=0x01 len=16 data=aa9501180080000000000000ffff13e8
WFI t=159404 a=-1551,-3896,189 g=-4,2,-9
WFR t=159407 src=mcu type=0x01 len=16 data=aa962e042f000000000000000000b93c
WFR t=159447 src=mcu type=0x01 len=16 data=aa97232c00000000000000000000e694
WFI t=159454 a=-1561,-3901,215 g=-3,15,-18
WFR t=159467 src=mcu type=0x01 len=16 data=aa9807010200000056117eea00007aa4
WFR t=159487 src=mcu type=0x01 len=16 data=aa991d00ab04a08c64502748395e1e28
WFI t=159504 a=-1565,-3892,201 g=-5,-4,-2
WFR t=159527 src=mcu type=0x01 len=16 data=aa9a646464625f5d5b5955010101d546
WFR t=159547 src=mcu type=0x01 len=16 data=aa9b0101010100000000fbfbecd30e91
WFI t=159554 a=-1552,-3882,209 g=-7,-23,13
WFR t=159587 src=mcu type=0x01 len=16 data=aa9c01180080000000000000ffff0e21
WFI t=159604 a=-1541,-3898,203 g=-5,-6,2
WFR t=159607 src=mcu type=0x01 len=16 data=aa9d2e042f000000000000000000a3b7
WFR t=159626 src=mcu type=0x01 len=16 data=aa9e232c00000000000000000000fb5d
WFI t=159654 a=-1558,-3894,194 g=-2,18,-18
WFR t=159667 src=mcu type=0x01 len=16 data=aa9fb5a1b0bfd800000000000000dfe1
WFR t=159686 src=mcu type=0x01 len=16 data=aaa000000000020c000035006a00d1bd
WFT t=159692 batt_mv=4210 rssi_mcu=-69 rssi_bms=-85 mcu=5667 bms=115 dropped=0
WFI t=159704 a=-1564,-3892,205 g=-3,8,-13
WFR t=159727 src=mcu type=0x01 len=16 data=aaa188044a5357583036323430360894
WFR t=159747 src=mcu type=0x01 len=16 data=aaa231344e4242463930333500005e71
WFI t=159754 a=-1562,-3893,210 g=0,-2,-2
WFR t=159787 src=mcu type=0x01 len=16 data=aaa301180080000000000100feff5bb2
WFI t=159804 a=-1565,-3902,210 g=-9,-12,-2
WFR t=159807 src=mcu type=0x01 len=16 data=aaa42e042f000000000000000000ff8e
WFR t=159827 src=mcu type=0x01 len=16 data=aaa5232c00000000000000000000a026
WFI t=159854 a=-1557,-3915,216 g=-5,-10,9
WFR t=159867 src=mcu type=0x01 len=16 data=aaa6000000000000000000000000b4ce
WFR t=159886 src=mcu type=0x01 len=16 data=aaa7000000000000000000000000b64f
WFI t=159904 a=-1546,-3895,215 g=-2,-9,-4
WFR t=159927 src=mcu type=0x01 len=16 data=aaa801801b000000400052a8194013c9
WFR t=159947 src=mcu type=0x01 len=16 data=aaa9028288135c4488132400ec02f999
WFI t=159954 a=-1551,-3902,208 g=-6,12,-17
WFR t=159967 src=mcu type=0x01 len=16 data=aaaa01180080000000000000feff4787
WFI t=160004 a=-1561,-3884,197 g=-4,13,-15
WFR t=160007 src=mcu type=0x01 len=16 data=aaab2e042f000000000000000000eb81
WFR t=160027 src=mcu type=0x01 len=16 data=aaac232c00000000000000000000bdef
WFI t=160054 a=-1561,-3911,206 g=-6,-7,-1
WFR t=160067 src=mcu type=0x01 len=16 data=aaad0048005f00021000000100801d27
WFR t=160087 src=mcu type=0x01 len=16 data=aaae55f04b0b18000000803a40005cef
WFI t=160104 a=-1572,-3898,202 g=-5,-23,10
WFR t=160107 src=mcu type=0x01 len=16 data=aaaf08610005460c2f78a00f090076a9
WFR t=160147 src=mcu type=0x01 len=16 data=aab001180080000000000000feff611d
WFI t=160154 a=-1551,-3896,207 g=-1,-14,10
WFR t=160167 src=mcu type=0x01 len=16 data=aab12e042f000000000000000000cd1b
WFI t=160204 a=-1537,-3896,212 g=-4,13,-17
WFR t=160207 src=mcu type=0x01 len=16 data=aab2232c0000000000000000000095f1
WFR t=160227 src=mcu type=0x01 len=16 data=aab3014a02050030000488001b007188
WFR t=160247 src=mcu type=0x01 len=16 data=aab400009f0ca90c9a0c540600001589
WFI t=160254 a=-1574,-3897,213 g=3,23,-24
WFR t=160287 src=mcu type=0x01 len=16 data=aab51c00e8517918060eb00ab0006fb7
WFR t=160297 src=bms type=0x02 len=129 data=d2037c0eee0eed0eee0eee0eee0eed0eee0eee0eec0eed0eee0eee0ef10ef10ef20ef00ef20ef20ef30ef30ef20ef30ef30ef30ef10ef30ef20ef30000000000000000003d0000000000000000000000000000042e752f02af0ef30eec003d003d00000157001c0001001d0000000100010ef00007000a00000000000000003de6
WFI t=160304 a=-1574,-3906,207 g=-3,-4,-3
WFR t=160307 src=mcu type=0x01 len=16 data=aab6050804080080cb020122f13fc622
WFR t=160347 src=mcu type=0x01 len=16 data=aa8001180080000000000100feff2111
WFI t=160354 a=-1558,-3879,210 g=-1,-20,12
WFR t=160367 src=mcu type=0x01 len=16 data=aa812e042f0000000000000000008ceb
WFI t=160404 a=-1548,-3903,215 g=-5,-10,3
WFR t=160407 src=mcu type=0x01 len=16 data=aa82232c00000000000000000000d401
WFR t=160427 src=mcu type=0x01 len=16 data=aa83000100011101b70111019f00058c
WFR t=160447 src=mcu type=0x01 len=16 data=aa840000090a10560001310051c45a55
WFI t=160454 a=-1561,-3899,202 g=-2,2,-4
WFR t=160487 src=mcu type=0x01 len=16 data=aa8513088003e204080b1000507864d4
WFI t=160504 a=-1547,-3899,201 g=0,8,-12
WFR t=160507 src=mcu type=0x01 len=16 data=aa868403f4010400a00f8813c003f9eb
WFR t=160547 src=mcu type=0x01 len=16 data=aa8701180080000000000100feff2a56
WFI t=160554 a=-1563,-3887,207 g=-5,7,-16
WFR t=160567 src=mcu type=0x01 len=16 data=aa882e042f0000000000000000009122
WFR t=160587 src=mcu type=0x01 len=16 data=aa89232c00000000000000000000ce8a
WFI t=160604 a=-1568,-3893,215 g=-2,-4,1
WFR t=160627 src=mcu type=0x01 len=16 data=aa8a480c1c0207284901230020001521
WFR t=160647 src=mcu type=0x01 len=16 data=aa8b40005c03474c775419031a0e80f3
WFI t=160654 a=-1558,-3897,194 g=-4,-5,0
WFR t=160687 src=mcu type=0x01 len=16 data=aa8c2225bf0420034006b80b3e02672c
WFI t=160704 a=-1559,-3899,214 g=1,-7,2
WFR t=160707 src=mcu type=0x01 len=16 data=aa8d800c800000006c07102780008244
WFR t=160747 src=mcu type=0x01 len=16 data=aa8e01180080000000000100feff379f
WFI t=160754 a=-1553,-3903,200 g=0,-10,2
WFR t=160767 src=mcu type=0x01 len=16 data=aa8f2e042f0000000000000000009a65
WFR t=160787 src=mcu type=0x01 len=16 data=aa90232c00000000000000000000edd3
WFI t=160900 a=-1557,-3899,224 g=-2,15,-16
WFR t=160901 src=mcu type=0x01 len=16 data=aa910b000f00465a667332000b9ed1a0
WFI t=160967 a=-1580,-3907,215 g=-7,-9,-3
WFR t=160981 src=mcu type=0x01 len=16 data=aa92000000000000000000000000fbba
WFR t=160981 src=mcu type=0x01 len=16 data=aa93d804480804242c01c003214fe1ad
WFR t=161039 src=mcu type=0x01 len=16 data=aa94f0f465fffffff8080d00412af645
WFI t=161053 a=-1561,-3888,212 g=-1,-19,11
WFR t=161054 src=mcu type=0x01 len=16 data=aa9501180080000000000000ffff13e8
WFR t=161055 src=mcu type=0x01 len=16 data=aa962e042f000000000000000000b93c
WFR t=161055 src=mcu type=0x01 len=16 data=aa97232c00000000000000000000e694
WFR t=161055 src=mcu type=0x01 len=16 data=aa9807010200000056117eea00007aa4
WFR t=161055 src=mcu type=0x01 len=16 data=aa991d00ab04a08c64502748395e1e28
WFI t=161055 a=-1553,-3898,204 g=-3,17,-19
WFI t=161058 a=-1553,-3898,204 g=-3,17,-19
WFI t=161061 a=-1558,-3895,207 g=-1,20,-19
WFR t=161067 src=mcu type=0x01 len=16 data=aa9a646464625f5d5b5955010101d546
WFI t=161104 a=-1561,-3887,193 g=0,12,-13
WFR t=161107 src=mcu type=0x01 len=16 data=aa9b0101010100000000fbfbecd30e91
WFR t=161127 src=mcu type=0x01 len=16 data=aa9c01180080000000000100feff0e4d
WFI t=161154 a=-1564,-3885,200 g=-8,-13,3
WFR t=161167 src=mcu type=0x01 len=16 data=aa9d2e042f000000000000000000a3b7
WFR t=161187 src=mcu type=0x01 len=16 data=aa9e232c00000000000000000000fb5d
WFI t=161204 a=-1552,-3893,209 g=-8,-21,10
WFR t=161207 src=mcu type=0x01 len=16 data=aa9fb5a1b0bfd800000000000000dfe1
WFR t=161247 src=mcu type=0x01 len=16 data=aaa000000000020c000035006a00d1bd
WFI t=161254 a=-1553,-3897,202 g=-4,-6,0
WFR t=161267 src=mcu type=0x01 len=16 data=aaa188044a5357583036323430360894
WFI t=161304 a=-1546,-3897,201 g=1,3,-9
WFR t=161307 src=mcu type=0x01 len=16 data=aaa231344e4242463930333500005e71
WFR t=161317 src=bms type=0x02 len=129 data=d2037c0eee0eed0eee0eed0eee0eed0eee0eee0eec0eed0eee0eee0ef10ef10ef20ef00ef20ef20ef30ef20ef20ef30ef30ef30ef10ef30ef20ef30000000000000000003d0000000000000000000000000000042e752f02af0ef30eec003d003d00000157001c0001001d0000000100010ef00007000a0000000000000000ed1a
WFR t=161327 src=mcu type=0x01 len=16 data=aaa301180080000000000000ffff5bde
WFR t=161347 src=mcu type=0x01 len=16 data=aaa42e042f000000000000000000ff8e
WFI t=161354 a=-1544,-3885,202 g=1,12,-10
WFR t=161387 src=mcu type=0x01 len=16 data=aaa5232c00000000000000000000a026
WFI t=161404 a=-1574,-3903,208 g=0,8,-14
WFR t=161407 src=mcu type=0x01 len=16 data=aaa6000000000000000000000000b4ce
WFR t=161447 src=mcu type=0x01 len=16 data=aaa7000000000000000000000000b64f
WFI t=161454 a=-1575,-3900,204 g=-3,-7,3
WFR t=161487 src=mcu type=0x01 len=16 data=aaa801801b000000400052a8194013c9
WFI t=161504 a=-1546,-3902,207 g=-7,-18,7
WFR t=161507 src=mcu type=0x01 len=16 data=aaa9028288135c4488132400ec02f999
WFR t=161527 src=mcu type=0x01 len=16 data=aaaa01180080000000000000ffff4617
WFR t=161547 src=mcu type=0x01 len=16 data=aaab2e042f000000000000000000eb81
WFI t=161554 a=-1555,-3906,204 g=-1,-7,-4
WFR t=161587 src=mcu type=0x01 len=16 data=aaac232c00000000000000000000bdef
WFI t=161604 a=-1557,-3883,194 g=-2,7,-11
WFR t=161607 src=mcu type=0x01 len=16 data=aaad0048005f00021000000100801d27
WFR t=161647 src=mcu type=0x01 len=16 data=aaae55f04b0b18000000803a40005cef
WFI t=161654 a=-1543,-3898,202 g=-3,8,-14
WFR t=161667 src=mcu type=0x01 len=16 data=aaaf08610005460c2f78a00f090076a9
WFR t=161687 src=mcu type=0x01 len=16 data=aab001180080000000000000ffff608d
WFI t=161704 a=-1565,-3899,203 g=-2,4,-7
WFR t=161727 src=mcu type=0x01 len=16 data=aab12e042f000000000000000000cd1b
WFR t=161747 src=mcu type=0x01 len=16 data=aab2232c0000000000000000000095f1
WFI t=161754 a=-1562,-3883,202 g=-8,-11,2
WFR t=161787 src=mcu type=0x01 len=16 data=aab3014a02050030000488001b007188
WFI t=161804 a=-1565,-3909,206 g=-1,-13,5
WFR t=161807 src=mcu type=0x01 len=16 data=aab400009f0ca90c9a0c540600001589
WFR t=161827 src=mcu type=0x01 len=16 data=aab51c00e8517918060e740ab0005287
WFI t=161854 a=-1542,-3914,212 g=-3,-2,-2
WFR t=161867 src=mcu type=0x01 len=16 data=aab6050804080080cb020122f13fc622
WFR t=161887 src=mcu type=0x01 len=16 data=aa8001180080000000000000feff20ed
WFI t=161904 a=-1539,-3888,197 g=1,9,-13
WFR t=161927 src=mcu type=0x01 len=16 data=aa812e042f0000000000000000008ceb
WFR t=161947 src=mcu type=0x01 len=16 data=aa82232c00000000000000000000d401
WFI t=161954 a=-1573,-3904,206 g=-3,6,-13
WFR t=161987 src=mcu type=0x01 len=16 data=aa83000100011101b70111019f00058c
WFI t=162004 a=-1565,-3904,207 g=-1,-7,3
WFR t=162007 src=mcu type=0x01 len=16 data=aa840000090a10560001310051c45a55
WFR t=162027 src=mcu type=0x01 len=16 data=aa8513088003e204080b1000507864d4
WFI t=162054 a=-1547,-3898,209 g=0,-13,4
WFR t=162067 src=mcu type=0x01 len=16 data=aa868403f4010400a00f8813c003f9eb
WFR t=162087 src=mcu type=0x01 len=16 data=aa8701180080000000000000ffff2a3a
WFI t=162104 a=-1556,-3886,206 g=-3,-4,-1
WFR t=162127 src=mcu type=0x01 len=16 data=aa882e042f0000000000000000009122
WFR t=162147 src=mcu type=0x01 len=16 data=aa89232c00000000000000000000ce8a
WFI t=162154 a=-1565,-3901,215 g=-7,1,-6
WFR t=162167 src=mcu type=0x01 len=16 data=aa8a480c1c0207284901230020001521
WFI t=162204 a=-1548,-3882,205 g=-4,3,-10
WFR t=162227 src=mcu type=0x01 len=16 data=aa8b40005c03474c775419031a0e80f3
WFR t=162227 src=mcu type=0x01 len=16 data=aa8c2225bf0420034006b80b3e02672c
WFI t=162254 a=-1557,-3895,200 g=-3,8,-10
WFR t=162267 src=mcu type=0x01 len=16 data=aa8d800c800000006c07102780008244
WFR t=162287 src=mcu type=0x01 len=16 data=aa8e01180080000000000000ffff37f3
WFI t=162304 a=-1563,-3900,194 g=-2,-2,-4
WFR t=162307 src=mcu type=0x01 len=16 data=aa8f2e042f0000000000000000009a65
WFR t=162322 src=bms type=0x02 len=129 data=d2037c0eed0eed0eee0eed0eee0eed0eee0eee0eec0eed0eee0eee0ef10ef10ef20ef10ef20ef20ef30ef20ef20ef30ef30ef30ef10ef30ef20ef30000000000000000003d0000000000000000000000000000042e752f02af0ef30eec003d003d00000157001c0001001d0000000100010ef00007000a000000000000000062ce
WFI t=162382 a=-1542,-3890,209 g=-7,-12,3
WFR t=162387 src=mcu type=0x01 len=16 data=aa90232c00000000000000000000edd3
WFR t=162388 src=mcu type=0x01 len=16 data=aa910b000f00465a667332000b9ed1a0
WFI t=162404 a=-1553,-3900,204 g=-7,-11,-1
WFR t=162407 src=mcu type=0x01 len=16 data=aa92000000000000000000000000fbba
WFR t=162427 src=mcu type=0x01 len=16 data=aa93d804480804242c01c003214fe1ad
WFR t=162447 src=mcu type=0x01 len=16 data=aa94f0f465fffffff8080d00412af645
WFI t=162454 a=-1560,-3887,199 g=-1,1,-5
WFR t=162487 src=mcu type=0x01 len=16 data=aa9501180080000000000000ffff13e8
WFI t=162504 a=-1558,-3900,206 g=-1,10,-15
WFR t=162507 src=mcu type=0x01 len=16 data=aa962e042f000000000000000000b93c
WFR t=162547 src=mcu type=0x01 len=16 data=aa97232c00000000000000000000e694
WFI t=162554 a=-1572,-3890,194 g=-1,2,-7
WFR t=162567 src=mcu type=0x01 len=16 data=aa9807010200000056117eea00007aa4
WFI t=162604 a=-1549,-3901,196 g=-6,-15,4
WFR t=162607 src=mcu type=0x01 len=16 data=aa991d00ab04a08c64502748395e1e28
WFR t=162627 src=mcu type=0x01 len=16 data=aa9a646464625f5d5b5955010101d546
WFR t=162647 src=mcu type=0x01 len=16 data=aa9b0101010100000000fbfbecd30e91
WFI t=162654 a=-1555,-3895,194 g=-4,-5,2
WFR t=162687 src=mcu type=0x01 len=16 data=aa9c01180080000000000000ffff0e21
WFI t=162704 a=-1562,-3896,203 g=-2,2,-8
WFR t=162707 src=mcu type=0x01 len=16 data=aa9d2e042f000000000000000000a3b7
WFR t=162747 src=mcu type=0x01 len=16 data=aa9e232c00000000000000000000fb5d
WFI t=162754 a=-1568,-3888,201 g=-2,1,-5
WFR t=162767 src=mcu type=0x01 len=16 data=aa9fb5a1b0bfd800000000000000dfe1
WFI t=162842 a=-1543,-3901,196 g=-5,-1,-6
WFR t=162909 src=mcu type=0x01 len=16 data=aaa000000000020c000035006a00d1bd
WFR t=162910 src=mcu type=0x01 len=16 data=aaa188044a5357583036323430360894
WFR t=162910 src=mcu type=0x01 len=16 data=aaa231344e4242463930333500005e71
WFR t=162910 src=mcu type=0x01 len=16 data=aaa301180080000000000000ffff5bde
WFI t=162974 a=-1569,-3886,196 g=-5,-10,1
WFR t=163062 src=mcu type=0x01 len=16 data=aaa42e042f000000000000000000ff8e
WFI t=163062 a=-1546,-3895,198 g=1,-6,2
WFR t=163062 src=mcu type=0x01 len=16 data=aaa5232c00000000000000000000a026
WFR t=163063 src=mcu type=0x01 len=16 data=aaa6000000000000000000000000b4ce
WFR t=163063 src=mcu type=0x01 len=16 data=aaa7000000000000000000000000b64f
WFR t=163063 src=mcu type=0x01 len=16 data=aaa801801b000000400052a8194013c9
WFR t=163063 src=mcu type=0x01 len=16 data=aaa9028288135c4488132400ec02f999
WFI t=163064 a=-1575,-3892,193 g=-3,5,-6
WFR t=163067 src=mcu type=0x01 len=16 data=aaaa01180080000000000000feff4787
WFI t=163067 a=-1575,-3892,193 g=-3,5,-6
WFI t=163069 a=-1576,-3894,201 g=-5,3,-4
WFI t=163104 a=-1559,-3897,188 g=-3,-13,7
WFR t=163107 src=mcu type=0x01 len=16 data=aaab2e042f000000000000000000eb81
WFR t=163127 src=mcu type=0x01 len=16 data=aaac232c00000000000000000000bdef
WFI t=163154 a=-1544,-3900,204 g=-6,-9,1
WFR t=163167 src=mcu type=0x01 len=16 data=aaad0048005f00021000000100801d27
WFR t=163187 src=mcu type=0x01 len=16 data=aaae55f04b0b18000000803a40005cef
WFI t=163204 a=-1557,-3905,216 g=-3,14,-13
WFR t=163227 src=mcu type=0x01 len=16 data=aaaf08610005460c2f78a00f090076a9
WFR t=163247 src=mcu type=0x01 len=16 data=aab001180080000000000000feff611d
WFI t=163254 a=-1571,-3889,201 g=-1,5,-14
WFR t=163267 src=mcu type=0x01 len=16 data=aab12e042f000000000000000000cd1b
WFR t=163297 src=bms type=0x02 len=129 data=d2037c0eee0eed0eee0eed0eee0eed0eee0eee0eec0eed0eee0eee0ef10ef10ef20ef10ef10ef20ef30ef20ef20ef30ef30ef30ef10ef30ef20ef30000000000000000003d0000000000000000000000000000042e752f02af0ef30eec003d003d00000157001c0001001d0000000100010ef00007000a00000000000000005a8b
WFI t=163304 a=-1582,-3895,195 g=-5,-17,4
WFR t=163307 src=mcu type=0x01 len=16 data=aab2232c0000000000000000000095f1
WFR t=163327 src=mcu type=0x01 len=16 data=aab3014a02050030000488001b007188
WFI t=163354 a=-1559,-3887,193 g=-2,-11,1
WFR t=163367 src=mcu type=0x01 len=16 data=aab400009f0ca90c9a0c540600001589
WFR t=163387 src=mcu type=0x01 len=16 data=aab51c00e8517918060e4f0bb0000e63
WFI t=163404 a=-1563,-3899,204 g=-4,9,-12
WFR t=163407 src=mcu type=0x01 len=16 data=aab6050804080080cb020122f13fc622
WFR t=163447 src=mcu type=0x01 len=16 data=aa8001180080000000000100feff2111
WFI t=163454 a=-1573,-3893,218 g=-5,-3,-5
WFR t=163467 src=mcu type=0x01 len=16 data=aa812e042f0000000000000000008ceb
WFI t=163504 a=-1560,-3904,197 g=-1,-19,9
WFR t=163507 src=mcu type=0x01 len=16 data=aa82232c00000000000000000000d401
WFR t=163527 src=mcu type=0x01 len=16 data=aa83000100011101b70111019f00058c
WFR t=163547 src=mcu type=0x01 len=16 data=aa840000090a10560001310051c45a55
WFI t=163554 a=-1555,-3890,192 g=-4,1,-3
WFR t=163587 src=mcu type=0x01 len=16 data=aa8513088003e204080b1000507864d4
WFI t=163604 a=-1562,-3895,195 g=-2,18,-15
WFR t=163607 src=mcu type=0x01 len=16 data=aa868403f4010400a00f8813c003f9eb
WFR t=163647 src=mcu type=0x01 len=16 data=aa8701180080000000000000feff2baa
WFI t=163654 a=-1574,-3893,200 g=-2,0,-2
WFR t=163667 src=mcu type=0x01 len=16 data=aa882e042f0000000000000000009122
WFI t=163704 a=-1555,-3882,197 g=-9,-15,3
WFR t=163707 src=mcu type=0x01 len=16 data=aa89232c00000000000000000000ce8a
WFR t=163727 src=mcu type=0x01 len=16 data=aa8a480c1c0207284901230020001521
WFR t=163747 src=mcu type=0x01 len=16 data=aa8b40005c03474c775419031a0e80f3
WFI t=163754 a=-1556,-3886,198 g=0,2,-3
WFR t=163787 src=mcu type=0x01 len=16 data=aa8c2225bf0420034006b80b3e02672c
WFI t=163804 a=-1567,-3895,202 g=-3,6,-8
WFR t=163807 src=mcu type=0x01 len=16 data=aa8d800c800000006c07102780008244
WFR t=163847 src=mcu type=0x01 len=16 data=aa8e01180080000000000000ffff37f3
WFI t=163854 a=-1570,-3901,206 g=-6,-2,-2
WFR t=163867 src=mcu type=0x01 len=16 data=aa8f2e042f0000000000000000009a65
WFR t=163887 src=mcu type=0x01 len=16 data=aa90232c00000000000000000000edd3
WFI t=163904 a=-1554,-3882,208 g=-2,-11,1
WFR t=163927 src=mcu type=0x01 len=16 data=aa910b000f00465a667332000b9ed1a0
WFR t=163947 src=mcu type=0x01 len=16 data=aa92000000000000000000000000fbba
WFI t=163954 a=-1559,-3902,191 g=-4,-6,-7
WFR t=163987 src=mcu type=0x01 len=16 data=aa93d804480804242c01c003214fe1ad
WFI t=164004 a=-1550,-3893,187 g=1,10,-17
WFR t=164007 src=mcu type=0x01 len=16 data=aa94f0f465fffffff8080d00412af645
WFR t=164027 src=mcu type=0x01 len=16 data=aa9501180080000000000000feff1278
WFI t=164054 a=-1562,-3911,214 g=-5,-1,-6
WFR t=164067 src=mcu type=0x01 len=16 data=aa962e042f000000000000000000b93c
WFR t=164087 src=mcu type=0x01 len=16 data=aa97232c00000000000000000000e694
WFI t=164104 a=-1546,-3895,216 g=-2,-14,3
WFR t=164127 src=mcu type=0x01 len=16 data=aa9807010200000056117eea00007aa4
WFR t=164147 src=mcu type=0x01 len=16 data=aa991d00ab04a08c64502748395e1e28
WFI t=164154 a=-1560,-3904,204 g=-4,-13,-3
WFR t=164167 src=mcu type=0x01 len=16 data=aa9a646464625f5d5b5955010101d546
WFI t=164204 a=-1549,-3899,183 g=-6,6,-5
WFR t=164207 src=mcu type=0x01 len=16 data=aa9b0101010100000000fbfbecd30e91
WFR t=164227 src=mcu type=0x01 len=16 data=aa9c01180080000000000100feff0e4d
WFI t=164254 a=-1557,-3891,198 g=-2,9,-13
WFR t=164267 src=mcu type=0x01 len=16 data=aa9d2e042f000000000000000000a3b7
WFR t=164287 src=mcu type=0x01 len=16 data=aa9e232c00000000000000000000fb5d
WFI t=164304 a=-1568,-3889,211 g=-3,-1,-1
WFR t=164317 src=bms type=0x02 len=129 data=d2037c0eee0eed0eee0eed0eee0eed0eee0eee0eec0eed0eee0eee0ef10ef10ef10ef10ef20ef20ef30ef20ef20ef30ef30ef30ef10ef30ef30ef30000000000000000003d0000000000000000000000000000042e752f02af0ef30eec003d003d00000157001c0001001d0000000100010ef00007000a00000000000000003502
WFR t=164327 src=mcu type=0x01 len=16 data=aa9fb5a1b0bfd800000000000000dfe1
WFR t=164347 src=mcu type=0x01 len=16 data=aaa000000000020c000035006a00d1bd
WFI t=164354 a=-1552,-3910,209 g=-5,-15,4
WFR t=164367 src=mcu type=0x01 len=16 data=aaa188044a5357583036323430360894
WFI t=164404 a=-1554,-3896,194 g=-4,-5,3
WFR t=164407 src=mcu type=0x01 len=16 data=aaa231344e4242463930333500005e71
WFR t=164427 src=mcu type=0x01 len=16 data=aaa301180080000000000000ffff5bde
WFI t=164454 a=-1552,-3889,186 g=-1,14,-11
WFR t=164467 src=mcu type=0x01 len=16 data=aaa42e042f000000000000000000ff8e
WFR t=164487 src=mcu type=0x01 len=16 data=aaa5232c00000000000000000000a026
WFI t=164504 a=-1558,-3899,211 g=-5,2,-12
WFR t=164507 src=mcu type=0x01 len=16 data=aaa6000000000000000000000000b4ce
WFR t=164547 src=mcu type=0x01 len=16 data=aaa7000000000000000000000000b64f
WFI t=164554 a=-1561,-3891,206 g=-7,-3,0
WFR t=164567 src=mcu type=0x01 len=16 data=aaa801801b000000400052a8194013c9
WFI t=164604 a=-1557,-3892,197 g=-5,-5,-9
WFR t=164607 src=mcu type=0x01 len=16 data=aaa9028288135c4488132400ec02f999
WFR t=164627 src=mcu type=0x01 len=16 data=aaaa01180080000000000000ffff4617
WFR t=164647 src=mcu type=0x01 len=16 data=aaab2e042f000000000000000000eb81
WFI t=164654 a=-1583,-3897,208 g=-6,-4,0
WFR t=164687 src=mcu type=0x01 len=16 data=aaac232c00000000000000000000bdef
WFI t=164704 a=-1545,-3893,203 g=-3,-12,9
WFR t=164707 src=mcu type=0x01 len=16 data=aaad0048005f00021000000100801d27
WFT t=164717 batt_mv=4214 rssi_mcu=-72 rssi_bms=-87 mcu=5845 bms=120 dropped=0
WFR t=164747 src=mcu type=0x01 len=16 data=aaae55f04b0b18000000803a40005cef
WFI t=164754 a=-1547,-3892,204 g=-2,5,-17
WFR t=164767 src=mcu type=0x01 len=16 data=aaaf08610005460c2f78a00f090076a9
WFI t=164838 a=-1559,-3899,190 g=-6,17,-17
WFR t=164841 src=mcu type=0x01 len=16 data=aab001180080000000000100feff60e1
WFR t=164842 src=mcu type=0x01 len=16 data=aab12e042f000000000000000000cd1b
WFR t=164849 src=mcu type=0x01 len=16 data=aab2232c0000000000000000000095f1
WFI t=164856 a=-1584,-3894,203 g=-3,-1,-5
WFI t=165001 a=-1555,-3888,208 g=-6,-19,10
WFR t=165002 src=mcu type=0x01 len=16 data=aab3014a02050030000488001b007188
WFR t=165002 src=mcu type=0x01 len=16 data=aab400009f0ca90c9a0c540600001589
WFR t=165002 src=mcu type=0x01 len=16 data=aab51c00e8517918060e4f0bb0000e63
WFR t=165002 src=mcu type=0x01 len=16 data=aab6050804080080cb020122f13fc622
WFI t=165017 a=-1553,-3905,210 g=-2,5,-9
WFR t=165017 src=mcu type=0x01 len=16 data=aa8001180080000000000000ffff217d
WFI t=165019 a=-1550,-3910,204 g=1,13,-17
WFR t=165027 src=mcu type=0x01 len=16 data=aa812e042f0000000000000000008ceb
WFR t=165047 src=mcu type=0x01 len=16 data=aa82232c00000000000000000000d401
WFI t=165054 a=-1557,-3891,195 g=3,30,-24
WFI t=165104 a=-1579,-3892,206 g=-5,0,-9
WFR t=165107 src=mcu type=0x01 len=16 data=aa83000100011101b70111019f00058c
WFR t=165107 src=mcu type=0x01 len=16 data=aa840000090a10560001310051c45a55
WFR t=165127 src=mcu type=0x01 len=16 data=aa8513088003e204080b1000507864d4
WFI t=165154 a=-1568,-3895,210 g=-2,-23,17
WFR t=165167 src=mcu type=0x01 len=16 data=aa868403f4010400a00f8813c003f9eb
WFI t=165204 a=-1538,-3898,200 g=-3,-17,2
WFR t=165207 src=mcu type=0x01 len=16 data=aa8701180080000000000000feff2baa
WFR t=165227 src=mcu type=0x01 len=16 data=aa882e042f0000000000000000009122
WFR t=165247 src=mcu type=0x01 len=16 data=aa89232c00000000000000000000ce8a
WFI t=165254 a=-1562,-3895,195 g=0,1,-5
WFR t=165267 src=mcu type=0x01 len=16 data=aa8a480c1c0207284901230020001521
WFI t=165304 a=-1547,-3897,203 g=3,13,-13
WFR t=165307 src=mcu type=0x01 len=16 data=aa8b40005c03474c775419031a0e80f3
WFR t=165327 src=mcu type=0x01 len=16 data=aa8c2225bf0420034006b80b3e02672c
WFR t=165337 src=bms type=0x02 len=129 data=d2037c0eed0eed0eee0eed0eee0eed0eee0eee0eec0eed0eee0eee0ef10ef10ef20ef00ef20ef20ef30ef20ef20ef30ef30ef30ef10ef30ef30ef30000000000000000003d0000000000000000000000000000042e752f02af0ef30eec003d003d00000157001c0001001d0000000100010ef00007000a0000000000000000d662
WFI t=165354 a=-1571,-3901,215 g=-3,9,-19
WFR t=165367 src=mcu type=0x01 len=16 data=aa8d800c800000006c07102780008244
WFR t=165387 src=mcu type=0x01 len=16 data=aa8e01180080000000000000feff3663
WFI t=165404 a=-1566,-3897,193 g=-3,-6,4
WFR t=165427 src=mcu type=0x01 len=16 data=aa8f2e042f0000000000000000009a65
WFR t=165447 src=mcu type=0x01 len=16 data=aa90232c00000000000000000000edd3
WFI t=165454 a=-1563,-3897,190 g=0,-17,3
WFR t=165467 src=mcu type=0x01 len=16 data=aa910b000f00465a667332000b9ed1a0
WFI t=165504 a=-1563,-3900,198 g=-3,-5,4
WFR t=165507 src=mcu type=0x01 len=16 data=aa92000000000000000000000000fbba
WFR t=165527 src=mcu type=0x01 len=16 data=aa93d804480804242c01c003214fe1ad
WFI t=165554 a=-1546,-3896,203 g=-4,-9,2
WFR t=165567 src=mcu type=0x01 len=16 data=aa94f0f465fffffff8080d00412af645
WFR t=165587 src=mcu type=0x01 len=16 data=aa9501180080000000000000ffff13e8
WFR t=165648 src=mcu type=0x01 len=16 data=aa962e042f000000000000000000b93c
WFR t=165649 src=mcu type=0x01 len=16 data=aa97232c00000000000000000000e694
WFI t=165649 a=-1570,-3889,186 g=-1,25,-29
WFI t=165654 a=-1579,-3904,194 g=-5,17,-23
WFR t=165667 src=mcu type=0x01 len=16 data=aa9807010200000056117eea00007aa4
WFI t=165704 a=-1580,-3885,196 g=-3,-19,14
WFR t=165707 src=mcu type=0x01 len=16 data=aa991d00ab04a08c64502748395e1e28
WFR t=165727 src=mcu type=0x01 len=16 data=aa9a646464625f5d5b5955010101d546
WFR t=165747 src=mcu type=0x01 len=16 data=aa9b0101010100000000fbfbecd30e91
WFI t=165754 a=-1537,-3903,202 g=-9,-18,5
WFR t=165787 src=mcu type=0x01 len=16 data=aa9c01180080000000000100feff0e4d
WFI t=165804 a=-1560,-3896,206 g=-5,5,-8
WFR t=165807 src=mcu type=0x01 len=16 data=aa9d2e042f000000000000000000a3b7
WFR t=165847 src=mcu type=0x01 len=16 data=aa9e232c00000000000000000000fb5d
WFI t=165854 a=-1553,-3907,203 g=-10,-3,-6
WFR t=165867 src=mcu type=0x01 len=16 data=aa9fb5a1b0bfd800000000000000dfe1
WFI t=165904 a=-1566,-3908,195 g=-6,7,-9
WFR t=165907 src=mcu type=0x01 len=16 data=aaa000000000020c000035006a00d1bd
WFR t=165927 src=mcu type=0x01 len=16 data=aaa188044a5357583036323430360894
WFR t=165947 src=mcu type=0x01 len=16 data=aaa231344e4242463930333500005e71
WFI t=165954 a=-1561,-3886,187 g=-4,2,-6
WFR t=165987 src=mcu type=0x01 len=16 data=aaa301180080000000000000ffff5bde
WFI t=166004 a=-1587,-3896,205 g=-7,-25,3
WFR t=166007 src=mcu type=0x01 len=16 data=aaa42e042f000000000000000000ff8e
WFR t=166047 src=mcu type=0x01 len=16 data=aaa5232c00000000000000000000a026
WFI t=166054 a=-1543,-3911,204 g=-2,-8,7
WFR t=166067 src=mcu type=0x01 len=16 data=aaa6000000000000000000000000b4ce
WFR t=166087 src=mcu type=0x01 len=16 data=aaa7000000000000000000000000b64f
WFI t=166104 a=-1546,-3893,191 g=-5,20,-29
WFR t=166127 src=mcu type=0x01 len=16 data=aaa801801b000000400052a8194013c9
WFR t=166147 src=mcu type=0x01 len=16 data=aaa9028288135c4488132400ec02f999
WFI t=166154 a=-1593,-3896,200 g=-1,5,-6
WFR t=166187 src=mcu type=0x01 len=16 data=aaaa01180080000000000000feff4787
WFI t=166204 a=-1557,-3914,207 g=-3,-16,14
WFR t=166207 src=mcu type=0x01 len=16 data=aaab2e042f000000000000000000eb81
WFR t=166227 src=mcu type=0x01 len=16 data=aaac232c00000000000000000000bdef
WFI t=166254 a=-1550,-3891,209 g=-6,-10,-6
WFR t=166267 src=mcu type=0x01 len=16 data=aaad0048005f00021000000100801d27
WFR t=166287 src=mcu type=0x01 len=16 data=aaae55f04b0b18000000803a40005cef
WFI t=166304 a=-1554,-3915,209 g=0,0,3
WFR t=166327 src=mcu type=0x01 len=16 data=aaaf08610005460c2f78a00f090076a9
WFR t=166342 src=bms type=0x02 len=129 data=d2037c0eee0eed0eee0eee0eee0eed0eee0eee0eec0eed0eee0eee0ef10ef10ef10ef00ef20ef20ef30ef20ef20ef30ef30ef30ef10ef30ef30ef30000000000000000003d0000000000000000000000000000042e752f02af0ef30eec003d003d00000157001c0001001d0000000100010ef00007000a00000000000000000056
WFR t=166347 src=mcu type=0x01 len=16 data=aab001180080000000000000ffff608d
WFI t=166354 a=-1544,-3900,192 g=-5,7,-19
WFR t=166367 src=mcu type=0x01 len=16 data=aab12e042f000000000000000000cd1b
WFI t=166404 a=-1576,-3890,203 g=0,7,-10
WFR t=166427 src=mcu type=0x01 len=16 data=aab2232c0000000000000000000095f1
WFR t=166427 src=mcu type=0x01 len=16 data=aab3014a02050030000488001b007188
WFI t=166454 a=-1541,-3890,209 g=-4,-6,3
WFR t=166467 src=mcu type=0x01 len=16 data=aab400009f0ca90c9a0c540600001589
WFR t=166487 src=mcu type=0x01 len=16 data=aab51c00e8517918060ea20ab0006acf
WFI t=166504 a=-1559,-3902,212 g=-6,-13,-6
WFR t=166527 src=mcu type=0x01 len=16 data=aab6050804080080cb020122f13fc622
WFR t=166547 src=mcu type=0x01 len=16 data=aa8001180080000000000000ffff217d
WFI t=166554 a=-1563,-3891,205 g=2,4,5
WFR t=166567 src=mcu type=0x01 len=16 data=aa812e042f0000000000000000008ceb
WFI t=166604 a=-1547,-3903,202 g=-4,-5,-12
WFR t=166607 src=mcu type=0x01 len=16 data=aa82232c00000000000000000000d401
WFR t=166627 src=mcu type=0x01 len=16 data=aa83000100011101b70111019f00058c
WFI t=166654 a=-1558,-3885,205 g=1,0,-5
WFR t=166667 src=mcu type=0x01 len=16 data=aa840000090a10560001310051c45a55
WFR t=166687 src=mcu type=0x01 len=16 data=aa8513088003e204080b1000507864d4
WFI t=166704 a=-1544,-3889,206 g=-2,-4,-1
WFR t=166707 src=mcu type=0x01 len=16 data=aa868403f4010400a00f8813c003f9eb
WFR t=166747 src=mcu type=0x01 len=16 data=aa8701180080000000000100ffff2bc6
WFI t=166754 a=-1562,-3906,191 g=-5,-5,-9
WFR t=166767 src=mcu type=0x01 len=16 data=aa882e042f0000000000000000009122
WFI t=166804 a=-1556,-3897,197 g=1,10,-2
WFR t=166807 src=mcu type=0x01 len=16 data=aa89232c00000000000000000000ce8a
WFR t=166906 src=mcu type=0x01 len=16 data=aa8a480c1c0207284901230020001521
WFI t=166988 a=-1556,-3901,211 g=-6,-6,4
WFR t=167046 src=mcu type=0x01 len=16 data=aa8b40005c03474c775419031a0e80f3
WFR t=167061 src=mcu type=0x01 len=16 data=aa8c2225bf0420034006b80b3e02672c
WFR t=167061 src=mcu type=0x01 len=16 data=aa8d800c800000006c07102780008244
WFI t=167062 a=-1556,-3895,191 g=-3,-3,4
WFR t=167063 src=mcu type=0x01 len=16 data=aa8e01180080000000000000feff3663
WFI t=167064 a=-1548,-3886,210 g=-1,-7,4
WFR t=167064 src=mcu type=0x01 len=16 data=aa8f2e042f0000000000000000009a65
WFR t=167064 src=mcu type=0x01 len=16 data=aa90232c00000000000000000000edd3
WFI t=167066 a=-1545,-3881,197 g=0,-6,3
WFR t=167067 src=mcu type=0x01 len=16 data=aa910b000f00465a667332000b9ed1a0
WFR t=167068 src=mcu type=0x01 len=16 data=aa92000000000000000000000000fbba
WFI t=167068 a=-1545,-3881,197 g=0,-6,3
WFR t=167087 src=mcu type=0x01 len=16 data=aa93d804480804242c01c003214fe1ad
WFI t=167104 a=-1549,-3891,206 g=-3,-6,-8
WFR t=167107 src=mcu type=0x01 len=16 data=aa94f0f465fffffff8080d00412af645
WFR t=167147 src=mcu type=0x01 len=16 data=aa9501180080000000000000feff1278
WFI t=167154 a=-1566,-3898,197 g=-1,0,-5
WFR t=167167 src=mcu type=0x01 len=16 data=aa962e042f000000000000000000b93c
WFR t=167187 src=mcu type=0x01 len=16 data=aa97232c00000000000000000000e694
WFI t=167204 a=-1537,-3892,210 g=-3,6,-3
WFR t=167227 src=mcu type=0x01 len=16 data=aa9807010200000056117eea00007aa4
WFR t=167247 src=mcu type=0x01 len=16 data=aa991d00ab04a08c64502748395e1e28
WFI t=167254 a=-1582,-3890,199 g=-6,-2,-12
WFR t=167287 src=mcu type=0x01 len=16 data=aa9a646464625f5d5b5955010101d546
WFI t=167304 a=-1566,-3908,203 g=-3,-10,9
WFR t=167307 src=mcu type=0x01 len=16 data=aa9b0101010100000000fbfbecd30e91
WFR t=167327 src=mcu type=0x01 len=16 data=aa9c01180080000000000000ffff0e21
WFI t=167354 a=-1549,-3897,197 g=-6,-18,4
WFR t=167367 src=mcu type=0x01 len=16 data=aa9d2e042f000000000000000000a3b7
WFR t=167377 src=bms type=0x02 len=129 data=d2037c0eee0eed0eee0eed0eee0eed0eee0eee0eec0eed0eee0eee0ef10ef10ef20ef00ef20ef20ef30ef20ef20ef30ef30ef30ef10ef30ef30ef30000000000000000003d0000000000000000000000000000042e752f02af0ef30eec003d003d00000157001c0001001d0000000100010ef00007000a00000000000000002926
WFR t=167387 src=mcu type=0x01 len=16 data=aa9e232c00000000000000000000fb5d
WFI t=167404 a=-1550,-3903,195 g=-3,14,-11
WFR t=167427 src=mcu type=0x01 len=16 data=aa9fb5a1b0bfd800000000000000dfe1
WFR t=167447 src=mcu type=0x01 len=16 data=aaa000000000020c000035006a00d1bd
WFI t=167454 a=-1566,-3896,201 g=-4,25,-24
WFR t=167467 src=mcu type=0x01 len=16 data=aaa188044a5357583036323430360894
WFI t=167504 a=-1577,-3891,199 g=-3,-10,0
WFR t=167507 src=mcu type=0x01 len=16 data=aaa231344e4242463930333500005e71
WFR t=167527 src=mcu type=0x01 len=16 data=aaa301180080000000000100feff5bb2
WFI t=167554 a=-1541,-3904,212 g=-4,-30,16
WFR t=167567 src=mcu type=0x01 len=16 data=aaa42e042f000000000000000000ff8e
WFR t=167587 src=mcu type=0x01 len=16 data=aaa5232c00000000000000000000a026
WFI t=167604 a=-1538,-3911,196 g=3,-9,-2
WFR t=167627 src=mcu type=0x01 len=16 data=aaa6000000000000000000000000b4ce
WFR t=167647 src=mcu type=0x01 len=16 data=aaa7000000000000000000000000b64f
WFI t=167654 a=-1551,-3879,198 g=-2,15,-15
WFR t=167667 src=mcu type=0x01 len=16 data=aaa801801b000000400052a8194013c9
WFI t=167704 a=-1564,-3908,200 g=-3,13,-13
WFR t=167707 src=mcu type=0x01 len=16 data=aaa9028288135c4488132400ec02f999
WFR t=167727 src=mcu type=0x01 len=16 data=aaaa01180080000000000100feff467b
WFI t=167754 a=-1572,-3916,197 g=-5,-8,-4
WFR t=167767 src=mcu type=0x01 len=16 data=aaab2e042f000000000000000000eb81
WFR t=167787 src=mcu type=0x01 len=16 data=aaac232c00000000000000000000bdef
WFI t=167804 a=-1567,-3899,209 g=-4,-17,8
WFR t=167807 src=mcu type=0x01 len=16 data=aaad0048005f00021000000100801d27
WFR t=167847 src=mcu type=0x01 len=16 data=aaae55f04b0b18000000803a40005cef
WFI t=167854 a=-1549,-3897,195 g=-1,-7,2
WFR t=167867 src=mcu type=0x01 len=16 data=aaaf08610005460c2f78a00f090076a9
WFI t=167904 a=-1556,-3891,200 g=-2,10,-13
WFR t=167907 src=mcu type=0x01 len=16 data=aab001180080000000000100feff60e1
WFR t=167927 src=mcu type=0x01 len=16 data=aab12e042f000000000000000000cd1b
WFR t=167947 src=mcu type=0x01 len=16 data=aab2232c0000000000000000000095f1
WFI t=167954 a=-1575,-3895,204 g=-3,2,-6
WFR t=167987 src=mcu type=0x01 len=16 data=aab3014a02050030000488001b007188
WFI t=168004 a=-1534,-3891,214 g=-3,-5,-3
WFR t=168007 src=mcu type=0x01 len=16 data=aab400009f0ca90c9a0c540600001589
WFI t=168054 a=-1569,-3896,189 g=-8,5,-11
WFR t=168068 src=mcu type=0x01 len=16 data=aab51c00e8517918060ec50ab00075bb
WFR t=168068 src=mcu type=0x01 len=16 data=aab6050804080080cb020122f13fc622
WFR t=168087 src=mcu type=0x01 len=16 data=aa8001180080000000000000ffff217d
WFI t=168104 a=-1569,-3897,194 g=2,-1,1
WFR t=168127 src=mcu type=0x01 len=16 data=aa812e042f0000000000000000008ceb
WFR t=168147 src=mcu type=0x01 len=16 data=aa82232c00000000000000000000d401
WFI t=168154 a=-1556,-3888,209 g=-8,-17,4
WFR t=168187 src=mcu type=0x01 len=16 data=aa83000100011101b70111019f00058c
WFI t=168204 a=-1549,-3890,210 g=2,-5,2
WFR t=168207 src=mcu type=0x01 len=16 data=aa840000090a10560001310051c45a55
WFR t=168247 src=mcu type=0x01 len=16 data=aa8513088003e204080b1000507864d4
WFI t=168254 a=-1545,-3894,200 g=-6,3,-9
WFR t=168267 src=mcu type=0x01 len=16 data=aa868403f4010400a00f8813c003f9eb
WFR t=168287 src=mcu type=0x01 len=16 data=aa8701180080000000000000ffff2a3a
WFI t=168304 a=-1555,-3883,194 g=-5,9,-11
WFR t=168327 src=mcu type=0x01 len=16 data=aa882e042f0000000000000000009122
WFR t=168347 src=mcu type=0x01 len=16 data=aa89232c00000000000000000000ce8a
WFI t=168354 a=-1564,-3900,190 g=-3,3,-4
WFR t=168387 src=mcu type=0x01 len=16 data=aa8a480c1c0207284901230020001521
WFR t=168397 src=bms type=0x02 len=129 data=d2037c0eee0eed0eee0eee0eee0eed0eee0eee0eec0eed0eee0eee0ef10ef10ef20ef00ef20ef20ef30ef20ef20ef30ef30ef30ef10ef30ef30ef30000000000000000003d0000000000000000000000000000042e752f02af0ef30eec003d003d00000157001c0001001d0000000100010ef00007000a00000000000000006ce2
WFI t=168404 a=-1554,-3911,216 g=-12,-17,3
WFR t=168407 src=mcu type=0x01 len=16 data=aa8b40005c03474c775419031a0e80f3
WFR t=168427 src=mcu type=0x01 len=16 data=aa8c2225bf0420034006b80b3e02672c
WFI t=168454 a=-1557,-3888,211 g=-3,-16,5
WFR t=168467 src=mcu type=0x01 len=16 data=aa8d800c800000006c07102780008244
WFR t=168487 src=mcu type=0x01 len=16 data=aa8e01180080000000000100feff379f
WFI t=168504 a=-1536,-3902,198 g=-6,9,-10
WFR t=168527 src=mcu type=0x01 len=16 data=aa8f2e042f0000000000000000009a65
WFR t=168547 src=mcu type=0x01 len=16 data=aa90232c00000000000000000000edd3
WFI t=168554 a=-1569,-3895,204 g=-5,12,-18
WFR t=168567 src=mcu type=0x01 len=16 data=aa910b000f00465a667332000b9ed1a0
WFI t=168604 a=-1565,-3902,211 g=-3,-7,3
WFR t=168607 src=mcu type=0x01 len=16 data=aa92000000000000000000000000fbba
WFR t=168627 src=mcu type=0x01 len=16 data=aa93d804480804242c01c003214fe1ad
WFI t=168654 a=-1547,-3909,204 g=-9,-17,5
WFR t=168667 src=mcu type=0x01 len=16 data=aa94f0f465fffffff8080d00412af645
WFR t=168687 src=mcu type=0x01 len=16 data=aa9501180080000000000000ffff13e8
WFI t=168704 a=-1560,-3902,208 g=-4,4,-8
WFR t=168728 src=mcu type=0x01 len=16 data=aa962e042f000000000000000000b93c
WFI t=168785 a=-1550,-3885,199 g=-2,2,-4
WFR t=168785 src=mcu type=0x01 len=16 data=aa97232c00000000000000000000e694
WFR t=168786 src=mcu type=0x01 len=16 data=aa9807010200000056117eea00007aa4
WFI t=168804 a=-1557,-3903,208 g=-1,-4,-4
WFR t=168807 src=mcu type=0x01 len=16 data=aa991d00ab04a08c64502748395e1e28
WFR t=168926 src=mcu type=0x01 len=16 data=aa9a646464625f5d5b5955010101d546
WFR t=168926 src=mcu type=0x01 len=16 data=aa9b0101010100000000fbfbecd30e91
WFI t=168987 a=-1561,-3894,203 g=-5,-4,-4
WFR t=168988 src=mcu type=0x01 len=16 data=aa9c01180080000000000100feff0e4d
WFI t=169060 a=-1557,-3885,208 g=-2,2,-3
WFR t=169075 src=mcu type=0x01 len=16 data=aa9d2e042f000000000000000000a3b7
WFR t=169075 src=mcu type=0x01 len=16 data=aa9e232c00000000000000000000fb5d
WFR t=169075 src=mcu type=0x01 len=16 data=aa9fb5a1b0bfd800000000000000dfe1
WFR t=169075 src=mcu type=0x01 len=16 data=aaa000000000020c000035006a00d1bd
WFR t=169075 src=mcu type=0x01 len=16 data=aaa188044a5357583036323430360894
WFR t=169075 src=mcu type=0x01 len=16 data=aaa231344e4242463930333500005e71
WFI t=169075 a=-1563,-3890,213 g=-6,-15,2
WFI t=169077 a=-1553,-3896,206 g=-6,-14,4
WFI t=169080 a=-1553,-3896,206 g=-6,-14,4
WFR t=169087 src=mcu type=0x01 len=16 data=aaa301180080000000000000ffff5bde
WFI t=169104 a=-1547,-3909,195 g=-1,-7,4
WFR t=169107 src=mcu type=0x01 len=16 data=aaa42e042f000000000000000000ff8e
WFR t=169147 src=mcu type=0x01 len=16 data=aaa5232c00000000000000000000a026
WFI t=169154 a=-1555,-3903,200 g=3,10,-15
WFR t=169167 src=mcu type=0x01 len=16 data=aaa6000000000000000000000000b4ce
WFR t=169187 src=mcu type=0x01 len=16 data=aaa7000000000000000000000000b64f
WFI t=169204 a=-1584,-3893,202 g=5,13,-13
WFR t=169227 src=mcu type=0x01 len=16 data=aaa801801b000000400052a8194013c9
WFR t=169247 src=mcu type=0x01 len=16 data=aaa9028288135c4488132400ec02f999
WFI t=169254 a=-1554,-3900,207 g=-2,-12,3
WFR t=169287 src=mcu type=0x01 len=16 data=aaaa01180080000000000100feff467b
WFI t=169304 a=-1549,-3901,204 g=-5,-19,5
WFR t=169307 src=mcu type=0x01 len=16 data=aaab2e042f000000000000000000eb81
WFR t=169347 src=mcu type=0x01 len=16 data=aaac232c00000000000000000000bdef
WFI t=169354 a=-1549,-3909,201 g=-7,-1,0
WFR t=169367 src=mcu type=0x01 len=16 data=aaad0048005f00021000000100801d27
WFR t=169387 src=mcu type=0x01 len=16 data=aaae55f04b0b18000000803a40005cef
WFI t=169404 a=-1554,-3898,192 g=-4,18,-16
WFR t=169427 src=mcu type=0x01 len=16 data=aaaf08610005460c2f78a00f090076a9
WFR t=169432 src=bms type=0x02 len=129 data=d2037c0eee0eed0eee0eee0eee0eed0eee0eee0eec0eed0eee0eee0ef10ef10ef20ef00ef20ef20ef30ef30ef20ef30ef30ef30ef20ef30ef30ef30000000000000000003d0000000000000000000000000000042e752f02af0ef30eec003d003d00000157001c0001001d0000000100010ef00007000a0000000000000000fe9f
WFR t=169447 src=mcu type=0x01 len=16 data=aab001180080000000000000feff611d
WFI t=169454 a=-1574,-3894,212 g=-5,7,-13
WFR t=169487 src=mcu type=0x01 len=16 data=aab12e042f000000000000000000cd1b
WFI t=169504 a=-1561,-3890,217 g=-4,-14,8
WFR t=169507 src=mcu type=0x01 len=16 data=aab2232c0000000000000000000095f1
WFR t=169527 src=mcu type=0x01 len=16 data=aab3014a02050030000488001b007188
WFI t=169554 a=-1556,-3896,209 g=-7,-21,6
WFR t=169567 src=mcu type=0x01 len=16 data=aab400009f0ca90c9a0c540600001589
WFR t=169587 src=mcu type=0x01 len=16 data=aab51c00e8517918060e6209b000a6cf
WFI t=169604 a=-1559,-3891,194 g=-1,11,-10
WFR t=169627 src=mcu type=0x01 len=16 data=aab6050804080080cb020122f13fc622
WFR t=169647 src=mcu type=0x01 len=16 data=aa8001180080000000000000ffff217d
WFI t=169654 a=-1581,-3887,198 g=1,4,-18
WFR t=169667 src=mcu type=0x01 len=16 data=aa812e042f0000000000000000008ceb
WFI t=169704 a=-1559,-3893,212 g=-4,-7,6
WFR t=169707 src=mcu type=0x01 len=16 data=aa82232c00000000000000000000d401
WFR t=169727 src=mcu type=0x01 len=16 data=aa83000100011101b70111019f00058c
WFI t=169754 a=-1535,-3899,219 g=-1,0,-13
WFR t=169767 src=mcu type=0x01 len=16 data=aa840000090a10560001310051c45a55
WFT t=169795 batt_mv=4222 rssi_mcu=-89 rssi_bms=-76 mcu=6024 bms=125 dropped=0
WFI t=169804 a=-1586,-3900,204 g=0,7,-5
WFR t=169807 src=mcu type=0x01 len=16 data=aa8513088003e204080b1000507864d4
WFR t=169827 src=mcu type=0x01 len=16 data=aa868403f4010400a00f8813c003f9eb
WFR t=169847 src=mcu type=0x01 len=16 data=aa8701180080000000000000ffff2a3a
WFI t=169854 a=-1556,-3887,191 g=-3,-4,10
WFR t=169867 src=mcu type=0x01 len=16 data=aa882e042f0000000000000000009122
WFI t=169904 a=-1571,-3899,202 g=-9,-13,-3
WFR t=169907 src=mcu type=0x01 len=16 data=aa89232c00000000000000000000ce8a
WFR t=169927 src=mcu type=0x01 len=16 data=aa8a480c1c0207284901230020001521
WFI t=169954 a=-1568,-3884,208 g=3,-5,19
WFR t=169967 src=mcu type=0x01 len=16 data=aa8b40005c03474c775419031a0e80f3
WFR t=169987 src=mcu type=0x01 len=16 data=aa8c2225bf0420034006b80b3e02672c
WFI t=170004 a=-1541,-3901,205 g=-6,-5,-4
WFR t=170007 src=mcu type=0x01 len=16 data=aa8d800c800000006c07102780008244
WFR t=170047 src=mcu type=0x01 len=16 data=aa8e01180080000000000000feff3663
WFI t=170054 a=-1569,-3892,215 g=1,18,-14
WFR t=170067 src=mcu type=0x01 len=16 data=aa8f2e042f0000000000000000009a65
WFI t=170104 a=-1567,-3890,194 g=-2,-5,-6
WFR t=170107 src=mcu type=0x01 len=16 data=aa90232c00000000000000000000edd3
WFR t=170127 src=mcu type=0x01 len=16 data=aa910b000f00465a667332000b9ed1a0
WFR t=170147 src=mcu type=0x01 len=16 data=aa92000000000000000000000000fbba
WFI t=170154 a=-1565,-3898,196 g=-5,-17,-1
WFR t=170187 src=mcu type=0x01 len=16 data=aa93d804480804242c01c003214fe1ad
WFI t=170204 a=-1544,-3897,195 g=0,8,-6
WFR t=170207 src=mcu type=0x01 len=16 data=aa94f0f465fffffff8080d00412af645
WFR t=170247 src=mcu type=0x01 len=16 data=aa9501180080000000000000ffff13e8
WFI t=170254 a=-1572,-3898,204 g=-1,13,-20
WFR t=170267 src=mcu type=0x01 len=16 data=aa962e042f000000000000000000b93c
WFR t=170287 src=mcu type=0x01 len=16 data=aa97232c00000000000000000000e694
WFI t=170304 a=-1586,-3888,217 g=-7,-13,5
WFR t=170327 src=mcu type=0x01 len=16 data=aa9807010200000056117eea00007aa4
WFR t=170347 src=mcu type=0x01 len=16 data=aa991d00ab04a08c64502748395e1e28
WFI t=170354 a=-1538,-3894,211 g=-3,-20,14
WFR t=170387 src=mcu type=0x01 len=16 data=aa9a646464625f5d5b5955010101d546
WFI t=170404 a=-1552,-3894,215 g=-6,4,-19
WFR t=170407 src=mcu type=0x01 len=16 data=aa9b0101010100000000fbfbecd30e91
WFR t=170437 src=bms type=0x02 len=129 data=d2037c0eed0eed0eee0eed0eee0eed0eee0eee0eec0eed0eee0eee0ef10ef10ef10ef00ef20ef20ef30ef20ef20ef30ef30ef30ef10ef30ef20ef30000000000000000003d0000000000000000000000000000042e752f02af0ef30eec003d003d00000157001c0001001d0000000100010ef00007000a00000000000000007eea
WFR t=170447 src=mcu type=0x01 len=16 data=aa9c01180080000000000000ffff0e21
WFI t=170454 a=-1556,-3889,197 g=4,28,-11
WFR t=170467 src=mcu type=0x01 len=16 data=aa9d2e042f000000000000000000a3b7
WFR t=170487 src=mcu type=0x01 len=16 data=aa9e232c00000000000000000000fb5d
WFI t=170504 a=-1549,-3896,208 g=-2,-1,-13
WFR t=170527 src=mcu type=0x01 len=16 data=aa9fb5a1b0bfd800000000000000dfe1
WFR t=170547 src=mcu type=0x01 len=16 data=aaa000000000020c000035006a00d1bd
WFI t=170554 a=-1573,-3900,192 g=-8,-20,13
WFR t=170587 src=mcu type=0x01 len=16 data=aaa188044a5357583036323430360894
WFI t=170604 a=-1552,-3900,194 g=-6,-19,10
WFR t=170607 src=mcu type=0x01 len=16 data=aaa231344e4242463930333500005e71
WFR t=170627 src=mcu type=0x01 len=16 data=aaa301180080000000000000ffff5bde
WFI t=170654 a=-1565,-3894,204 g=-1,19,-19
WFR t=170667 src=mcu type=0x01 len=16 data=aaa42e042f000000000000000000ff8e
WFR t=170687 src=mcu type=0x01 len=16 data=aaa5232c00000000000000000000a026
WFI t=170704 a=-1576,-3886,206 g=-2,21,-18
WFR t=170727 src=mcu type=0x01 len=16 data=aaa6000000000000000000000000b4ce
WFR t=170747 src=mcu type=0x01 len=16 data=aaa7000000000000000000000000b64f
WFI t=170754 a=-1568,-3900,202 g=-4,-9,1
WFR t=170767 src=mcu type=0x01 len=16 data=aaa801801b000000400052a8194013c9
WFI t=170804 a=-1553,-3903,210 g=0,-19,7
WFR t=170807 src=mcu type=0x01 len=16 data=aaa9028288135c4488132400ec02f999
WFR t=170827 src=mcu type=0x01 len=16 data=aaaa01180080000000000000feff4787
WFI t=170934 a=-1553,-3903,196 g=1,8,-11
WFI t=170949 a=-1567,-3895,212 g=2,2,0
WFR t=170950 src=mcu type=0x01 len=16 data=aaab2e042f000000000000000000eb81
WFR t=170951 src=mcu type=0x01 len=16 data=aaac232c00000000000000000000bdef
WFR t=170951 src=mcu type=0x01 len=16 data=aaad0048005f00021000000100801d27
WFI t=170954 a=-1544,-3896,201 g=-1,5,-1
WFR t=170968 src=mcu type=0x01 len=16 data=aaae55f04b0b18000000803a40005cef
WFR t=170968 src=mcu type=0x01 len=16 data=aaaf08610005460c2f78a00f090076a9
WFI t=171004 a=-1563,-3892,206 g=-7,-2,-16
WFR t=171007 src=mcu type=0x01 len=16 data=aab001180080000000000000feff611d
WFR t=171027 src=mcu type=0x01 len=16 data=aab12e042f000000000000000000cd1b
WFI t=171054 a=-1564,-3891,207 g=-1,-8,6
WFR t=171067 src=mcu type=0x01 len=16 data=aab2232c0000000000000000000095f1
WFR t=171087 src=mcu type=0x01 len=16 data=aab3014a02050030000488001b007188
WFI t=171104 a=-1536,-3896,203 g=-8,-8,2
WFR t=171107 src=mcu type=0x01 len=16 data=aab400009f0ca90c9a0c540600001589
WFR t=171147 src=mcu type=0x01 len=16 data=aab51c00e8517918060e6209b000a6cf
WFI t=171154 a=-1565,-3897,204 g=-6,0,-13
WFR t=171167 src=mcu type=0x01 len=16 data=aab6050804080080cb020122f13fc622
WFI t=171204 a=-1568,-3892,206 g=-7,1,0
WFR t=171207 src=mcu type=0x01 len=16 data=aa8001180080000000000100feff2111
WFR t=171227 src=mcu type=0x01 len=16 data=aa812e042f0000000000000000008ceb
WFR t=171247 src=mcu type=0x01 len=16 data=aa82232c00000000000000000000d401
WFI t=171254 a=-1541,-3890,202 g=-5,-2,-13
WFR t=171287 src=mcu type=0x01 len=16 data=aa83000100011101b70111019f00058c
WFI t=171304 a=-1574,-3905,201 g=-1,11,-6
WFR t=171307 src=mcu type=0x01 len=16 data=aa840000090a10560001310051c45a55
WFR t=171347 src=mcu type=0x01 len=16 data=aa8513088003e204080b1000507864d4
WFI t=171354 a=-1561,-3890,201 g=2,-7,-1
WFR t=171367 src=mcu type=0x01 len=16 data=aa868403f4010400a00f8813c003f9eb
WFR t=171387 src=mcu type=0x01 len=16 data=aa8701180080000000000000ffff2a3a
WFR t=171397 src=bms type=0x02 len=129 data=d2037c0eed0eed0eee0eee0eed0eed0eee0eee0eec0eed0eee0eee0ef10ef10ef10ef00ef20ef20ef30ef20ef20ef30ef30ef30ef10ef30ef30ef30000000000000000003d0000000000000000000000000000042e752f02af0ef30eec003d003d00000157001c0001001d0000000100010ef00007000a0000000000000000f19d
WFI t=171404 a=-1561,-3905,221 g=-4,-11,5
WFR t=171427 src=mcu type=0x01 len=16 data=aa882e042f0000000000000000009122
WFR t=171447 src=mcu type=0x01 len=16 data=aa89232c00000000000000000000ce8a
WFI t=171454 a=-1554,-3876,205 g=-4,3,-3
WFR t=171487 src=mcu type=0x01 len=16 data=aa8a480c1c0207284901230020001521
WFI t=171504 a=-1577,-3886,208 g=-6,-4,-12
WFR t=171507 src=mcu type=0x01 len=16 data=aa8b40005c03474c775419031a0e80f3
WFR t=171547 src=mcu type=0x01 len=16 data=aa8c2225bf0420034006b80b3e02672c
WFI t=171554 a=-1551,-3902,202 g=0,2,1
WFR t=171567 src=mcu type=0x01 len=16 data=aa8d800c800000006c07102780008244
WFR t=171587 src=mcu type=0x01 len=16 data=aa8e01180080000000000000ffff37f3
WFI t=171604 a=-1559,-3901,195 g=-6,5,-18
WFR t=171627 src=mcu type=0x01 len=16 data=aa8f2e042f0000000000000000009a65
WFR t=171647 src=mcu type=0x01 len=16 data=aa90232c00000000000000000000edd3
WFI t=171654 a=-1586,-3896,211 g=-7,-13,2
WFR t=171687 src=mcu type=0x01 len=16 data=aa910b000f00465a667332000b9ed1a0
WFI t=171704 a=-1561,-3886,203 g=-4,-26,15
WFR t=171707 src=mcu type=0x01 len=16 data=aa92000000000000000000000000fbba
WFR t=171727 src=mcu type=0x01 len=16 data=aa93d804480804242c01c003214fe1ad
WFI t=171754 a=-1531,-3891,216 g=-6,0,-5
WFR t=171767 src=mcu type=0x01 len=16 data=aa94f0f465fffffff8080d00412af645
WFR t=171788 src=mcu type=0x01 len=16 data=aa9501180080000000000000feff1278
WFI t=171804 a=-1556,-3896,201 g=-1,22,-19
WFR t=171827 src=mcu type=0x01 len=16 data=aa962e042f000000000000000000b93c
WFR t=171847 src=mcu type=0x01 len=16 data=aa97232c00000000000000000000e694
WFI t=171854 a=-1581,-3908,202 g=-6,-3,-7
WFR t=171867 src=mcu type=0x01 len=16 data=aa9807010200000056117eea00007aa4
WFI t=171904 a=-1551,-3904,204 g=-5,-8,1
WFR t=171907 src=mcu type=0x01 len=16 data=aa991d00ab04a08c64502748395e1e28
WFR t=171927 src=mcu type=0x01 len=16 data=aa9a646464625f5d5b5955010101d546
WFI t=171954 a=-1563,-3900,199 g=0,3,-6
WFR t=171967 src=mcu type=0x01 len=16 data=aa9b0101010100000000fbfbecd30e91
WFR t=171987 src=mcu type=0x01 len=16 data=aa9c01180080000000000000feff0fb1
WFR t=172024 src=mcu type=0x01 len=16 data=aa9d2e042f000000000000000000a3b7
WFI t=172034 a=-1568,-3891,211 g=-4,-16,4
WFR t=172047 src=mcu type=0x01 len=16 data=aa9e232c00000000000000000000fb5d
WFI t=172054 a=-1569,-3899,207 g=-4,-19,9
WFR t=172067 src=mcu type=0x01 len=16 data=aa9fb5a1b0bfd800000000000000dfe1
WFI t=172104 a=-1536,-3895,200 g=-3,1,-7
WFR t=172107 src=mcu type=0x01 len=16 data=aaa000000000020c000035006a00d1bd
WFR t=172127 src=mcu type=0x01 len=16 data=aaa188044a5357583036323430360894
WFI t=172154 a=-1581,-3903,197 g=-3,20,-24
WFR t=172167 src=mcu type=0x01 len=16 data=aaa231344e4242463930333500005e71
WFR t=172187 src=mcu type=0x01 len=16 data=aaa301180080000000000000ffff5bde
WFI t=172204 a=-1585,-3886,217 g=0,4,-3
WFR t=172207 src=mcu type=0x01 len=16 data=aaa42e042f000000000000000000ff8e
WFR t=172247 src=mcu type=0x01 len=16 data=aaa5232c00000000000000000000a026
WFI t=172254 a=-1567,-3898,200 g=-5,-18,7
WFR t=172267 src=mcu type=0x01 len=16 data=aaa6000000000000000000000000b4ce
WFI t=172304 a=-1572,-3896,206 g=1,-20,6
WFR t=172307 src=mcu type=0x01 len=16 data=aaa7000000000000000000000000b64f
WFR t=172327 src=mcu type=0x01 len=16 data=aaa801801b000000400052a8194013c9
WFR t=172347 src=mcu type=0x01 len=16 data=aaa9028288135c4488132400ec02f999
WFI t=172354 a=-1553,-3891,191 g=-1,5,-6
WFR t=172387 src=mcu type=0x01 len=16 data=aaaa01180080000000000000ffff4617
WFI t=172404 a=-1559,-3897,207 g=-3,31,-31
WFR t=172407 src=mcu type=0x01 len=16 data=aaab2e042f000000000000000000eb81
WFR t=172432 src=bms type=0x02 len=129 data=d2037c0eee0eed0eee0eed0eee0eed0eee0eee0eec0eed0eee0eee0ef10ef10ef20ef00ef20ef20ef30ef30ef20ef30ef30ef30ef10ef30ef20ef30000000000000000003d0000000000000000000000000000042e752f02af0ef30eec003d003d00000157001c0001001d0000000100010ef00007000a00000000000000007822
WFR t=172448 src=mcu type=0x01 len=16 data=aaac232c00000000000000000000bdef
WFI t=172454 a=-1576,-3899,198 g=1,22,-15
WFR t=172467 src=mcu type=0x01 len=16 data=aaad0048005f00021000000100801d27
WFR t=172487 src=mcu type=0x01 len=16 data=aaae55f04b0b18000000803a40005cef
WFI t=172504 a=-1575,-3892,205 g=-11,-32,10
WFR t=172527 src=mcu type=0x01 len=16 data=aaaf08610005460c2f78a00f090076a9
WFR t=172547 src=mcu type=0x01 len=16 data=aab001180080000000000000ffff608d
WFI t=172554 a=-1545,-3887,209 g=0,-27,23
WFR t=172587 src=mcu type=0x01 len=16 data=aab12e042f000000000000000000cd1b
WFI t=172604 a=-1534,-3893,199 g=-2,10,-12
WFR t=172607 src=mcu type=0x01 len=16 data=aab2232c0000000000000000000095f1
WFR t=172647 src=mcu type=0x01 len=16 data=aab3014a02050030000488001b007188
WFI t=172655 a=-1575,-3897,205 g=-4,12,-22
WFR t=172667 src=mcu type=0x01 len=16 data=aab400009f0ca90c9a0c540600001589
WFR t=172687 src=mcu type=0x01 len=16 data=aab51c00e8517918060e3b0bb0001593
WFI t=172704 a=-1553,-3891,206 g=-5,4,4
WFR t=172727 src=mcu type=0x01 len=16 data=aab6050804080080cb020122f13fc622
WFR t=172747 src=mcu type=0x01 len=16 data=aa8001180080000000000000ffff217d
WFI t=172754 a=-1549,-3885,197 g=-6,1,-18
WFR t=172787 src=mcu type=0x01 len=16 data=aa812e042f0000000000000000008ceb
WFI t=172804 a=-1594,-3896,207 g=-1,2,6
WFR t=172807 src=mcu type=0x01 len=16 data=aa82232c00000000000000000000d401
WFR t=172827 src=mcu type=0x01 len=16 data=aa83000100011101b70111019f00058c
WFI t=172888 a=-1543,-3889,204 g=-3,-20,11
WFR t=172934 src=mcu type=0x01 len=16 data=aa840000090a10560001310051c45a55
WFR t=172934 src=mcu type=0x01 len=16 data=aa8513088003e204080b1000507864d4
WFR t=172935 src=mcu type=0x01 len=16 data=aa868403f4010400a00f8813c003f9eb
WFI t=172939 a=-1548,-3896,217 g=-1,11,-5
WFR t=172949 src=mcu type=0x01 len=16 data=aa8701180080000000000100feff2a56
WFI t=172954 a=-1544,-3900,206 g=-4,13,-13
WFR t=172969 src=mcu type=0x01 len=16 data=aa882e042f0000000000000000009122
WFI t=173103 a=-1574,-3899,212 g=-1,5,-7
WFR t=173104 src=mcu type=0x01 len=16 data=aa89232c00000000000000000000ce8a
WFR t=173104 src=mcu type=0x01 len=16 data=aa8a480c1c0207284901230020001521
WFR t=173104 src=mcu type=0x01 len=16 data=aa8b40005c03474c775419031a0e80f3
WFR t=173118 src=mcu type=0x01 len=16 data=aa8c2225bf0420034006b80b3e02672c
WFI t=173178 a=-1557,-3892,201 g=-9,-20,6
WFR t=173178 src=mcu type=0x01 len=16 data=aa8d800c800000006c07102780008244
WFR t=173179 src=mcu type=0x01 len=16 data=aa8e01180080000000000000ffff37f3
WFR t=173179 src=mcu type=0x01 len=16 data=aa8f2e042f0000000000000000009a65
WFI t=173193 a=-1540,-3899,202 g=0,3,3
WFI t=173195 a=-1541,-3884,200 g=-2,5,-6
WFI t=173204 a=-1532,-3896,198 g=-5,7,-12
WFR t=173207 src=mcu type=0x01 len=16 data=aa90232c00000000000000000000edd3
WFR t=173227 src=mcu type=0x01 len=16 data=aa910b000f00465a667332000b9ed1a0
WFI t=173254 a=-1579,-3875,194 g=-4,8,-21
WFR t=173267 src=mcu type=0x01 len=16 data=aa92000000000000000000000000fbba
WFR t=173287 src=mcu type=0x01 len=16 data=aa93d804480804242c01c003214fe1ad
WFI t=173304 a=-1556,-3902,202 g=-4,-5,6
WFR t=173307 src=mcu type=0x01 len=16 data=aa94f0f465fffffff8080d00412af645
WFR t=173347 src=mcu type=0x01 len=16 data=aa9501180080000000000000feff1278
WFI t=173354 a=-1557,-3890,195 g=-5,-6,-6
WFR t=173367 src=mcu type=0x01 len=16 data=aa962e042f000000000000000000b93c
WFI t=173405 a=-1587,-3900,213 g=-3,-12,5
WFR t=173408 src=mcu type=0x01 len=16 data=aa97232c00000000000000000000e694
WFR t=173427 src=mcu type=0x01 len=16 data=aa9807010200000056117eea00007aa4
WFR t=173437 src=bms type=0x02 len=129 data=d2037c0eee0eed0eee0eee0eee0eed0eee0eee0eec0eed0eee0eee0ef10ef10ef10ef00ef20ef20ef30ef20ef20ef30ef30ef30ef10ef30ef30ef30000000000000000003d0000000000000000000000000000042e752f02af0ef30eec003d003d00000157001c0001001d0000000100010ef00007000a00000000000000000056
WFR t=173447 src=mcu type=0x01 len=16 data=aa991d00ab04a08c64502748395e1e28
WFI t=173454 a=-1536,-3881,188 g=-5,-8,6
WFR t=173487 src=mcu type=0x01 len=16 data=aa9a646464625f5d5b5955010101d546
WFI t=173504 a=-1550,-3884,203 g=0,10,-16
WFR t=173507 src=mcu type=0x01 len=16 data=aa9b0101010100000000fbfbecd30e91
WFR t=173547 src=mcu type=0x01 len=16 data=aa9c01180080000000000000feff0fb1
WFI t=173554 a=-1571,-3893,194 g=0,16,-10
WFR t=173567 src=mcu type=0x01 len=16 data=aa9d2e042f000000000000000000a3b7
WFR t=173587 src=mcu type=0x01 len=16 data=aa9e232c00000000000000000000fb5d
WFI t=173604 a=-1568,-3916,204 g=-7,-10,-4
WFR t=173627 src=mcu type=0x01 len=16 data=aa9fb5a1b0bfd800000000000000dfe1
WFR t=173647 src=mcu type=0x01 len=16 data=aaa000000000020c000035006a00d1bd
WFI t=173654 a=-1566,-3885,199 g=0,-3,2
WFR t=173687 src=mcu type=0x01 len=16 data=aaa188044a5357583036323430360894
WFI t=173704 a=-1562,-3884,196 g=0,-10,3
WFR t=173707 src=mcu type=0x01 len=16 data=aaa231344e4242463930333500005e71
WFR t=173747 src=mcu type=0x01 len=16 data=aaa301180080000000000000ffff5bde
WFI t=173754 a=-1558,-3890,200 g=-3,-7,2
WFR t=173767 src=mcu type=0x01 len=16 data=aaa42e042f000000000000000000ff8e
WFR t=173787 src=mcu type=0x01 len=16 data=aaa5232c00000000000000000000a026
WFI t=173804 a=-1548,-3910,208 g=2,14,-13
WFR t=173827 src=mcu type=0x01 len=16 data=aaa6000000000000000000000000b4ce
WFR t=173847 src=mcu type=0x01 len=16 data=aaa7000000000000000000000000b64f
WFI t=173854 a=-1582,-3902,189 g=0,8,-15
WFR t=173887 src=mcu type=0x01 len=16 data=aaa801801b000000400052a8194013c9
WFI t=173904 a=-1571,-3898,206 g=-5,-16,8
WFR t=173907 src=mcu type=0x01 len=16 data=aaa9028288135c4488132400ec02f999
WFR t=173927 src=mcu type=0x01 len=16 data=aaaa01180080000000000000feff4787
WFI t=173954 a=-1540,-3893,193 g=-1,-11,1
WFR t=173967 src=mcu type=0x01 len=16 data=aaab2e042f000000000000000000eb81
WFR t=173987 src=mcu type=0x01 len=16 data=aaac232c00000000000000000000bdef
WFI t=174004 a=-1580,-3894,206 g=-3,2,-7
WFR t=174027 src=mcu type=0x01 len=16 data=aaad0048005f00021000000100801d27
WFR t=174047 src=mcu type=0x01 len=16 data=aaae55f04b0b18000000803a40005cef
WFI t=174054 a=-1558,-3902,214 g=-5,-1,-5
WFR t=174067 src=mcu type=0x01 len=16 data=aaaf08610005460c2f78a00f090076a9
WFI t=174104 a=-1566,-3891,192 g=2,11,-9
WFR t=174107 src=mcu type=0x01 len=16 data=aab001180080000000000000ffff608d
WFR t=174127 src=mcu type=0x01 len=16 data=aab12e042f000000000000000000cd1b
WFI t=174154 a=-1571,-3891,183 g=-8,1,-10
WFR t=174167 src=mcu type=0x01 len=16 data=aab2232c0000000000000000000095f1
WFR t=174187 src=mcu type=0x01 len=16 data=aab3014a02050030000488001b007188
WFI t=174204 a=-1573,-3900,204 g=0,-13,9
WFR t=174207 src=mcu type=0x01 len=16 data=aab400009f0ca90c9a0c540600001589
WFR t=174247 src=mcu type=0x01 len=16 data=aab51c00e8517918060e0d0bb0001a1b
WFI t=174254 a=-1560,-3891,192 g=-3,-9,1
WFR t=174267 src=mcu type=0x01 len=16 data=aab6050804080080cb020122f13fc622
WFI t=174304 a=-1562,-3892,188 g=-3,12,-15
WFR t=174307 src=mcu type=0x01 len=16 data=aa8001180080000000000100feff2111
WFR t=174327 src=mcu type=0x01 len=16 data=aa812e042f0000000000000000008ceb
WFI t=174354 a=-1568,-3889,202 g=2,-1,-1
WFR t=174367 src=mcu type=0x01 len=16 data=aa82232c00000000000000000000d401
WFR t=174387 src=mcu type=0x01 len=16 data=aa83000100011101b70111019f00058c
WFI t=174404 a=-1541,-3902,205 g=-7,-2,-2
WFR t=174407 src=mcu type=0x01 len=16 data=aa840000090a10560001310051c45a55
WFR t=174447 src=mcu type=0x01 len=16 data=aa8513088003e204080b1000507864d4
WFI t=174454 a=-1572,-3897,197 g=-2,7,-17
WFR t=174457 src=bms type=0x02 len=129 data=d2037c0eed0eed0eee0eee0eee0eed0eee0eee0eec0eed0eee0eee0ef10ef10ef20ef00ef20ef20ef30ef20ef20ef30ef30ef30ef10ef20ef30ef30000000000000000003d0000000000000000000000000000042e752f02af0ef30eed003d003d00000157001c0001001d0000000100010ef00006000a0000000000000000e94b
WFR t=174467 src=mcu type=0x01 len=16 data=aa868403f4010400a00f8813c003f9eb
WFI t=174504 a=-1581,-3899,201 g=-5,-13,5
WFR t=174507 src=mcu type=0x01 len=16 data=aa8701180080000000000000ffff2a3a
WFR t=174527 src=mcu type=0x01 len=16 data=aa882e042f0000000000000000009122
WFR t=174547 src=mcu type=0x01 len=16 data=aa89232c00000000000000000000ce8a
WFI t=174554 a=-1542,-3903,199 g=-7,-11,7
WFR t=174587 src=mcu type=0x01 len=16 data=aa8a480c1c0207284901230020001521
WFI t=174604 a=-1559,-3901,201 g=-7,13,-15
WFR t=174607 src=mcu type=0x01 len=16 data=aa8b40005c03474c775419031a0e80f3
WFR t=174647 src=mcu type=0x01 len=16 data=aa8c2225bf0420034006b80b3e02672c
WFI t=174654 a=-1586,-3901,204 g=-11,-3,-3
WFR t=174667 src=mcu type=0x01 len=16 data=aa8d800c800000006c07102780008244
WFR t=174687 src=mcu type=0x01 len=16 data=aa8e01180080000000000000ffff37f3
WFI t=174704 a=-1547,-3899,182 g=-4,-9,1
WFR t=174727 src=mcu type=0x01 len=16 data=aa8f2e042f0000000000000000009a65
WFR t=174747 src=mcu type=0x01 len=16 data=aa90232c00000000000000000000edd3
WFI t=174754 a=-1558,-3891,197 g=-4,17,-15
WFR t=174787 src=mcu type=0x01 len=16 data=aa910b000f00465a667332000b9ed1a0
WFI t=174804 a=-1591,-3893,207 g=-7,-4,0
WFR t=174807 src=mcu type=0x01 len=16 data=aa92000000000000000000000000fbba
WFT t=174845 batt_mv=4202 rssi_mcu=-75 rssi_bms=-82 mcu=6203 bms=130 dropped=0
WFR t=174847 src=mcu type=0x01 len=16 data=aa93d804480804242c01c003214fe1ad
WFI t=174958 a=-1551,-3905,202 g=-3,-15,12
WFR t=174974 src=mcu type=0x01 len=16 data=aa94f0f465fffffff8080d00412af645
WFR t=174975 src=mcu type=0x01 len=16 data=aa9501180080000000000000ffff13e8
WFI t=174975 a=-1612,-3894,209 g=-4,-6,-2
WFR t=174975 src=mcu type=0x01 len=16 data=aa962e042f000000000000000000b93c
WFR t=174975 src=mcu type=0x01 len=16 data=aa97232c00000000000000000000e694
WFI t=174977 a=-1578,-3902,196 g=-1,-11,11
WFR t=174987 src=mcu type=0x01 len=16 data=aa9807010200000056117eea00007aa4
WFI t=175004 a=-1537,-3897,202 g=-6,-14,9
WFR t=175007 src=mcu type=0x01 len=16 data=aa991d00ab04a08c64502748395e1e28
WFR t=175027 src=mcu type=0x01 len=16 data=aa9a646464625f5d5b5955010101d546
WFI t=175054 a=-1542,-3884,195 g=-5,17,-21
WFR t=175067 src=mcu type=0x01 len=16 data=aa9b0101010100000000fbfbecd30e91
WFR t=175087 src=mcu type=0x01 len=16 data=aa9c01180080000000000000feff0fb1
WFI t=175104 a=-1596,-3897,206 g=-9,-7,-5
WFR t=175127 src=mcu type=0x01 len=16 data=aa9d2e042f000000000000000000a3b7
WFR t=175147 src=mcu type=0x01 len=16 data=aa9e232c00000000000000000000fb5d
WFI t=175154 a=-1552,-3888,186 g=-2,-30,23
WFR t=175167 src=mcu type=0x01 len=16 data=aa9fb5a1b0bfd800000000000000dfe1
WFI t=175204 a=-1540,-3884,186 g=-1,17,-21
WFR t=175207 src=mcu type=0x01 len=16 data=aaa000000000020c000035006a00d1bd
WFI t=175263 a=-1593,-3903,204 g=-2,9,-9
WFR t=175268 src=mcu type=0x01 len=16 data=aaa188044a5357583036323430360894
WFR t=175268 src=mcu type=0x01 len=16 data=aaa231344e4242463930333500005e71
WFR t=175287 src=mcu type=0x01 len=16 data=aaa301180080000000000000ffff5bde
WFI t=175304 a=-1557,-3897,197 g=1,-22,11
WFR t=175307 src=mcu type=0x01 len=16 data=aaa42e042f000000000000000000ff8e
WFR t=175347 src=mcu type=0x01 len=16 data=aaa5232c00000000000000000000a026
WFI t=175354 a=-1534,-3912,188 g=-6,-2,-7
WFR t=175367 src=mcu type=0x01 len=16 data=aaa6000000000000000000000000b4ce
WFI t=175404 a=-1566,-3895,195 g=-2,19,-22
WFR t=175407 src=mcu type=0x01 len=16 data=aaa7000000000000000000000000b64f
WFR t=175427 src=mcu type=0x01 len=16 data=aaa801801b000000400052a8194013c9
WFI t=175454 a=-1595,-3909,208 g=-4,-24,10
WFR t=175467 src=mcu type=0x01 len=16 data=aaa9028288135c4488132400ec02f999
WFR t=175477 src=bms type=0x02 len=129 data=d2037c0eed0eed0eee0eed0eed0eed0eee0eee0eec0eed0eee0eee0ef10ef10ef20ef00ef20ef20ef30ef20ef20ef30ef30ef30ef10ef30ef30ef30000000000000000003d0000000000000000000000000000042e752f02af0ef30eec003d003d00000157001c0001001d0000000100010ef00007000a0000000000000000d8ed
WFR t=175487 src=mcu type=0x01 len=16 data=aaaa01180080000000000000feff4787
WFI t=175504 a=-1535,-3888,210 g=-1,-12,13
WFR t=175507 src=mcu type=0x01 len=16 data=aaab2e042f000000000000000000eb81
WFR t=175547 src=mcu type=0x01 len=16 data=aaac232c00000000000000000000bdef
WFI t=175554 a=-1566,-3895,196 g=-9,8,-22
WFR t=175567 src=mcu type=0x01 len=16 data=aaad0048005f00021000000100801d27
WFI t=175604 a=-1574,-3893,194 g=-4,9,-8
WFR t=175607 src=mcu type=0x01 len=16 data=aaae55f04b0b18000000803a40005cef
WFR t=175627 src=mcu type=0x01 len=16 data=aaaf08610005460c2f78a00f090076a9
WFR t=175647 src=mcu type=0x01 len=16 data=aab001180080000000000100feff60e1
WFI t=175654 a=-1545,-3892,197 g=-1,14,-17
WFR t=175687 src=mcu type=0x01 len=16 data=aab12e042f000000000000000000cd1b
WFI t=175704 a=-1567,-3894,226 g=-2,1,-7
WFR t=175707 src=mcu type=0x01 len=16 data=aab2232c0000000000000000000095f1
WFR t=175747 src=mcu type=0x01 len=16 data=aab3014a02050030000488001b007188
WFI t=175754 a=-1583,-3896,193 g=-7,-41,26
WFR t=175767 src=mcu type=0x01 len=16 data=aab400009f0ca90c9a0c540600001589
WFR t=175787 src=mcu type=0x01 len=16 data=aab51c00e8517918060e010bb000194b
WFI t=175804 a=-1522,-3882,192 g=0,-12,10
WFR t=175827 src=mcu type=0x01 len=16 data=aab6050804080080cb020122f13fc622
WFR t=175847 src=mcu type=0x01 len=16 data=aa8001180080000000000000ffff217d
WFI t=175854 a=-1559,-3891,200 g=-4,35,-36
WFR t=175887 src=mcu type=0x01 len=16 data=aa812e042f0000000000000000008ceb
WFI t=175904 a=-1574,-3891,211 g=1,14,-17
WFR t=175907 src=mcu type=0x01 len=16 data=aa82232c00000000000000000000d401
WFR t=175947 src=mcu type=0x01 len=16 data=aa83000100011101b70111019f00058c
WFI t=175954 a=-1553,-3888,198 g=-7,-18,6
WFR t=175967 src=mcu type=0x01 len=16 data=aa840000090a10560001310051c45a55
WFR t=175987 src=mcu type=0x01 len=16 data=aa8513088003e204080b1000507864d4
WFI t=176004 a=-1545,-3893,191 g=-4,-1,4
WFR t=176027 src=mcu type=0x01 len=16 data=aa868403f4010400a00f8813c003f9eb
WFR t=176048 src=mcu type=0x01 len=16 data=aa8701180080000000000100ffff2bc6
WFI t=176054 a=-1580,-3902,196 g=-1,-7,-4
WFR t=176087 src=mcu type=0x01 len=16 data=aa882e042f0000000000000000009122
WFI t=176104 a=-1572,-3897,209 g=-6,-28,15
WFR t=176107 src=mcu type=0x01 len=16 data=aa89232c00000000000000000000ce8a
WFR t=176127 src=mcu type=0x01 len=16 data=aa8a480c1c0207284901230020001521
WFI t=176154 a=-1513,-3904,207 g=-2,11,-15
WFR t=176167 src=mcu type=0x01 len=16 data=aa8b40005c03474c775419031a0e80f3
WFR t=176187 src=mcu type=0x01 len=16 data=aa8c2225bf0420034006b80b3e02672c
WFI t=176204 a=-1575,-3899,212 g=-4,37,-45
WFR t=176227 src=mcu type=0x01 len=16 data=aa8d800c800000006c07102780008244
WFR t=176247 src=mcu type=0x01 len=16 data=aa8e01180080000000000200feff37db
WFI t=176254 a=-1593,-3897,185 g=3,14,-5
WFR t=176267 src=mcu type=0x01 len=16 data=aa8f2e042f0000000000000000009a65
WFI t=176304 a=-1568,-3898,189 g=-7,-55,24
WFR t=176307 src=mcu type=0x01 len=16 data=aa90232c00000000000000000000edd3
WFR t=176327 src=mcu type=0x01 len=16 data=aa910b000f00465a667332000b9ed1a0
WFI t=176354 a=-1530,-3901,206 g=-4,-26,23
WFR t=176367 src=mcu type=0x01 len=16 data=aa92000000000000000000000000fbba
WFR t=176387 src=mcu type=0x01 len=16 data=aa93d804480804242c01c003214fe1ad
WFI t=176404 a=-1545,-3888,192 g=3,20,-22
WFR t=176407 src=mcu type=0x01 len=16 data=aa94f0f465fffffff8080d00412af645
WFR t=176448 src=mcu type=0x01 len=16 data=aa9501180080000000000000feff1278
WFI t=176454 a=-1563,-3900,203 g=0,44,-40
WFR t=176468 src=mcu type=0x01 len=16 data=aa962e042f000000000000000000b93c
WFR t=176482 src=bms type=0x02 len=129 data=d2037c0eee0eed0eee0eed0eed0eed0eee0eee0eec0eed0eee0eee0ef10ef10ef10ef00ef20ef20ef30ef30ef20ef30ef30ef30ef10ef30ef30ef30000000000000000003d0000000000000000000000000000042e752f02af0ef30eec003d003d00000157001c0001001d0000000100010ef00007000a0000000000000000de25
WFI t=176504 a=-1583,-3904,203 g=-5,5,-12
WFR t=176507 src=mcu type=0x01 len=16 data=aa97232c00000000000000000000e694
WFR t=176527 src=mcu type=0x01 len=16 data=aa9807010200000056117eea00007aa4
WFI t=176554 a=-1568,-3888,197 g=-4,-27,19
WFR t=176567 src=mcu type=0x01 len=16 data=aa991d00ab04a08c64502748395e1e28
WFR t=176587 src=mcu type=0x01 len=16 data=aa9a646464625f5d5b5955010101d546
WFI t=176604 a=-1555,-3887,209 g=-7,-37,17
WFR t=176607 src=mcu type=0x01 len=16 data=aa9b0101010100000000fbfbecd30e91
WFR t=176648 src=mcu type=0x01 len=16 data=aa9c01180080000000000000feff0fb1
WFI t=176654 a=-1549,-3885,203 g=-1,-3,8
WFR t=176667 src=mcu type=0x01 len=16 data=aa9d2e042f000000000000000000a3b7
WFI t=176704 a=-1533,-3897,199 g=-2,19,-24
WFR t=176707 src=mcu type=0x01 len=16 data=aa9e232c00000000000000000000fb5d
WFR t=176727 src=mcu type=0x01 len=16 data=aa9fb5a1b0bfd800000000000000dfe1
WFR t=176747 src=mcu type=0x01 len=16 data=aaa000000000020c000035006a00d1bd
WFI t=176754 a=-1575,-3892,200 g=2,18,-27
WFR t=176787 src=mcu type=0x01 len=16 data=aaa188044a5357583036323430360894
WFI t=176804 a=-1572,-3887,199 g=-4,-13,4
WFR t=176807 src=mcu type=0x01 len=16 data=aaa231344e4242463930333500005e71
WFR t=176848 src=mcu type=0x01 len=16 data=aaa301180080000000000000feff5a4e
WFI t=176854 a=-1536,-3895,199 g=3,-16,15
WFR t=177025 src=mcu type=0x01 len=16 data=aaa42e042f000000000000000000ff8e
WFR t=177025 src=mcu type=0x01 len=16 data=aaa5232c00000000000000000000a026
WFR t=177025 src=mcu type=0x01 len=16 data=aaa6000000000000000000000000b4ce
WFI t=177101 a=-1546,-3915,208 g=0,-2,-2
WFR t=177102 src=mcu type=0x01 len=16 data=aaa7000000000000000000000000b64f
WFR t=177102 src=mcu type=0x01 len=16 data=aaa801801b000000400052a8194013c9
WFR t=177102 src=mcu type=0x01 len=16 data=aaa9028288135c4488132400ec02f999
WFI t=177117 a=-1609,-3903,191 g=-5,-13,-5
WFR t=177117 src=mcu type=0x01 len=16 data=aaaa01180080000000000100ffff47eb
WFR t=177117 src=mcu type=0x01 len=16 data=aaab2e042f000000000000000000eb81
WFR t=177117 src=mcu type=0x01 len=16 data=aaac232c00000000000000000000bdef
WFI t=177119 a=-1603,-3887,196 g=0,-27,12
WFI t=177121 a=-1598,-3884,198 g=-6,-26,16
WFI t=177124 a=-1599,-3903,189 g=-4,-34,25
WFR t=177128 src=mcu type=0x01 len=16 data=aaad0048005f00021000000100801d27
WFR t=177147 src=mcu type=0x01 len=16 data=aaae55f04b0b18000000803a40005cef
WFI t=177154 a=-1542,-3885,197 g=-1,-37,38
WFR t=177187 src=mcu type=0x01 len=16 data=aaaf08610005460c2f78a00f090076a9
WFI t=177204 a=-1525,-3909,214 g=-4,-13,-5
WFR t=177208 src=mcu type=0x01 len=16 data=aab001180080000000000000ffff608d
WFR t=177227 src=mcu type=0x01 len=16 data=aab12e042f000000000000000000cd1b
WFI t=177254 a=-1576,-3901,211 g=-7,27,-26
WFR t=177267 src=mcu type=0x01 len=16 data=aab2232c0000000000000000000095f1
WFR t=177287 src=mcu type=0x01 len=16 data=aab3014a02050030000488001b007188
WFI t=177305 a=-1581,-3891,193 g=-2,4,-5
WFR t=177327 src=mcu type=0x01 len=16 data=aab400009f0ca90c9a0c540600001589
WFR t=177347 src=mcu type=0x01 len=16 data=aab51c00e8517918060e010bb000194b
WFI t=177354 a=-1548,-3893,185 g=-2,11,-17
WFR t=177367 src=mcu type=0x01 len=16 data=aab6050804080080cb020122f13fc622
WFI t=177404 a=-1589,-3890,208 g=-5,-7,-6
WFR t=177408 src=mcu type=0x01 len=16 data=aa8001180080000000000100feff2111
WFR t=177427 src=mcu type=0x01 len=16 data=aa812e042f0000000000000000008ceb
WFI t=177454 a=-1562,-3891,202 g=-3,-39,33
WFR t=177467 src=mcu type=0x01 len=16 data=aa82232c00000000000000000000d401
WFR t=177487 src=mcu type=0x01 len=16 data=aa83000100011101b70111019f00058c
WFI t=177504 a=-1531,-3894,201 g=-4,-5,-4
WFR t=177507 src=mcu type=0x01 len=16 data=aa840000090a10560001310051c45a55
WFR t=177517 src=bms type=0x02 len=129 data=d2037c0eee0eed0eee0eed0eee0eed0eee0eee0eec0eed0eee0eee0ef10ef10ef10ef00ef20ef20ef30ef20ef20ef30ef30ef30ef10ef30ef30ef30000000000000000003d0000000000000000000000000000042e752e02af0ef30eec003d003d00000157001c0001001d0000000100010ef0000700150000000000000000ce1f
WFR t=177548 src=mcu type=0x01 len=16 data=aa8513088003e204080b1000507864d4
WFI t=177554 a=-1560,-3903,196 g=-4,30,-27
WFR t=177567 src=mcu type=0x01 len=16 data=aa868403f4010400a00f8813c003f9eb
WFI t=177604 a=-1559,-3899,205 g=-4,10,-14
WFR t=177608 src=mcu type=0x01 len=16 data=aa8701180080000000000000feff2baa
WFR t=177627 src=mcu type=0x01 len=16 data=aa882e042f0000000000000000009122
WFI t=177654 a=-1556,-3904,217 g=-4,-14,-1
WFR t=177667 src=mcu type=0x01 len=16 data=aa89232c00000000000000000000ce8a
WFR t=177687 src=mcu type=0x01 len=16 data=aa8a480c1c0207284901230020001521
WFI t=177704 a=-1563,-3899,200 g=-4,-14,5
WFR t=177707 src=mcu type=0x01 len=16 data=aa8b40005c03474c775419031a0e80f3
WFR t=177747 src=mcu type=0x01 len=16 data=aa8c2225bf0420034006b80b3e02672c
WFI t=177754 a=-1573,-3895,191 g=-7,-22,5
WFR t=177767 src=mcu type=0x01 len=16 data=aa8d800c800000006c07102780008244
WFI t=177804 a=-1542,-3893,204 g=4,18,1
WFR t=177808 src=mcu type=0x01 len=16 data=aa8e01180080000000000000feff3663
WFR t=177827 src=mcu type=0x01 len=16 data=aa8f2e042f0000000000000000009a65
WFR t=177847 src=mcu type=0x01 len=16 data=aa90232c00000000000000000000edd3
WFI t=177854 a=-1561,-3909,201 g=-4,10,-21
WFR t=177887 src=mcu type=0x01 len=16 data=aa910b000f00465a667332000b9ed1a0
WFI t=177904 a=-1576,-3887,199 g=-7,-11,-3
WFR t=177907 src=mcu type=0x01 len=16 data=aa92000000000000000000000000fbba
WFR t=177947 src=mcu type=0x01 len=16 data=aa93d804480804242c01c003214fe1ad
WFI t=177955 a=-1548,-3893,191 g=-2,-5,5
WFR t=177968 src=mcu type=0x01 len=16 data=aa94f0f465fffffff8080d00412af645
WFR t=177988 src=mcu type=0x01 len=16 data=aa9501180080000000000000ffff13e8
WFI t=178004 a=-1572,-3903,202 g=-8,3,-22
WFR t=178028 src=mcu type=0x01 len=16 data=aa962e042f000000000000000000b93c
WFR t=178047 src=mcu type=0x01 len=16 data=aa97232c00000000000000000000e694
WFI t=178054 a=-1572,-3887,197 g=-1,-12,6
WFR t=178087 src=mcu type=0x01 len=16 data=aa9807010200000056117eea00007aa4
WFI t=178104 a=-1520,-3909,203 g=-4,-3,-10
WFR t=178107 src=mcu type=0x01 len=16 data=aa991d00ab04a08c64502748395e1e28
WFR t=178127 src=mcu type=0x01 len=16 data=aa9a646464625f5d5b5955010101d546
WFI t=178154 a=-1589,-3888,200 g=-4,-5,-7
WFR t=178167 src=mcu type=0x01 len=16 data=aa9b0101010100000000fbfbecd30e91
WFR t=178188 src=mcu type=0x01 len=16 data=aa9c01180080000000000000ffff0e21
WFI t=178204 a=-1554,-3898,198 g=3,-7,12
WFR t=178228 src=mcu type=0x01 len=16 data=aa9d2e042f000000000000000000a3b7
WFR t=178247 src=mcu type=0x01 len=16 data=aa9e232c00000000000000000000fb5d
WFI t=178254 a=-1532,-3887,206 g=-5,0,-27
WFR t=178287 src=mcu type=0x01 len=16 data=aa9fb5a1b0bfd800000000000000dfe1
WFI t=178304 a=-1579,-3893,207 g=6,19,-9
WFR t=178308 src=mcu type=0x01 len=16 data=aaa000000000020c000035006a00d1bd
WFR t=178327 src=mcu type=0x01 len=16 data=aaa188044a5357583036323430360894
WFI t=178354 a=-1553,-3882,214 g=-4,-27,19
WFR t=178367 src=mcu type=0x01 len=16 data=aaa231344e4242463930333500005e71
WFR t=178388 src=mcu type=0x01 len=16 data=aaa301180080000000000000feff5a4e
WFI t=178404 a=-1531,-3882,189 g=-1,17,-13
WFR t=178428 src=mcu type=0x01 len=16 data=aaa42e042f000000000000000000ff8e
WFI t=178486 a=-1577,-3883,200 g=-9,-16,4
WFR t=178488 src=mcu type=0x01 len=16 data=aaa5232c00000000000000000000a026
WFR t=178488 src=mcu type=0x01 len=16 data=aaa6000000000000000000000000b4ce
WFI t=178504 a=-1542,-3901,209 g=-6,-27,13
WFR t=178507 src=mcu type=0x01 len=16 data=aaa7000000000000000000000000b64f
WFR t=178522 src=bms type=0x02 len=129 data=d2037c0eed0eec0eee0eed0eee0eed0eee0eee0eec0eed0eee0eee0ef10ef10ef20ef00ef20ef20ef30ef20ef20ef30ef30ef30ef10ef30ef30ef30000000000000000003d0000000000000000000000000000042e752f02af0ef30eec003d003d00000157001c0001001d0000000100010ef00007000a00000000000000001bf2
WFR t=178527 src=mcu type=0x01 len=16 data=aaa801801b000000400052a8194013c9
WFI t=178554 a=-1535,-3916,218 g=-5,2,-9
WFR t=178567 src=mcu type=0x01 len=16 data=aaa9028288135c4488132400ec02f999
WFR t=178639 src=mcu type=0x01 len=16 data=aaaa01180080000000000000ffff4617
WFI t=178653 a=-1594,-3888,185 g=-8,-3,-10
WFI t=178719 a=-1602,-3880,207 g=-6,-20,6
WFR t=178720 src=mcu type=0x01 len=16 data=aaab2e042f000000000000000000eb81
WFR t=178720 src=mcu type=0x01 len=16 data=aaac232c00000000000000000000bdef
WFR t=178720 src=mcu type=0x01 len=16 data=aaad0048005f00021000000100801d27
WFR t=178720 src=mcu type=0x01 len=16 data=aaae55f04b0b18000000803a40005cef
WFI t=178721 a=-1538,-3884,196 g=-2,-38,17
WFR t=178727 src=mcu type=0x01 len=16 data=aaaf08610005460c2f78a00f090076a9
WFI t=178754 a=-1556,-3905,223 g=-11,-24,-3
WFR t=178768 src=mcu type=0x01 len=16 data=aab001180080000000000000ffff608d
WFR t=178787 src=mcu type=0x01 len=16 data=aab12e042f000000000000000000cd1b
WFI t=178804 a=-1551,-3900,206 g=2,31,-15
WFR t=178807 src=mcu type=0x01 len=16 data=aab2232c0000000000000000000095f1
WFR t=178847 src=mcu type=0x01 len=16 data=aab3014a02050030000488001b007188
WFI t=178854 a=-1547,-3902,185 g=-1,35,-35
WFR t=178983 src=mcu type=0x01 len=16 data=aab400009f0ca90c9a0c540600001589
WFR t=178984 src=mcu type=0x01 len=16 data=aab51c00e8517918060e7d0ab000511b
WFI t=178985 a=-1546,-3883,204 g=-7,-51,31
WFI t=178987 a=-1521,-3906,209 g=-6,-30,18
WFR t=178988 src=mcu type=0x01 len=16 data=aab6050804080080cb020122f13fc622
WFR t=178989 src=mcu type=0x01 len=16 data=aa8001180080000000000000ffff217d
WFI t=179004 a=-1514,-3897,206 g=1,-13,6
WFR t=179008 src=mcu type=0x01 len=16 data=aa812e042f0000000000000000008ceb
WFR t=179008 src=mcu type=0x01 len=16 data=aa82232c00000000000000000000d401
WFR t=179047 src=mcu type=0x01 len=16 data=aa83000100011101b70111019f00058c
WFI t=179054 a=-1565,-3898,211 g=-3,28,-26
WFR t=179067 src=mcu type=0x01 len=16 data=aa840000090a10560001310051c45a55
WFR t=179087 src=mcu type=0x01 len=16 data=aa8513088003e204080b1000507864d4
WFI t=179104 a=-1567,-3884,192 g=-1,24,-24
WFR t=179127 src=mcu type=0x01 len=16 data=aa868403f4010400a00f8813c003f9eb
WFR t=179148 src=mcu type=0x01 len=16 data=aa8701180080000000000000ffff2a3a
WFI t=179154 a=-1582,-3898,210 g=-8,-3,-8
WFR t=179188 src=mcu type=0x01 len=16 data=aa882e042f0000000000000000009122
WFI t=179204 a=-1560,-3886,204 g=-1,-17,14
WFR t=179207 src=mcu type=0x01 len=16 data=aa89232c00000000000000000000ce8a
WFR t=179227 src=mcu type=0x01 len=16 data=aa8a480c1c0207284901230020001521
WFI t=179254 a=-1547,-3897,217 g=-4,-27,10
WFR t=179267 src=mcu type=0x01 len=16 data=aa8b40005c03474c775419031a0e80f3
WFR t=179287 src=mcu type=0x01 len=16 data=aa8c2225bf0420034006b80b3e02672c
WFI t=179304 a=-1544,-3898,177 g=-1,15,-12
WFR t=179327 src=mcu type=0x01 len=16 data=aa8d800c800000006c07102780008244
WFR t=179348 src=mcu type=0x01 len=16 data=aa8e01180080000000000000ffff37f3
WFI t=179354 a=-1569,-3877,192 g=0,17,-19
WFR t=179388 src=mcu type=0x01 len=16 data=aa8f2e042f0000000000000000009a65
WFI t=179405 a=-1552,-3892,197 g=1,-5,-3
WFR t=179408 src=mcu type=0x01 len=16 data=aa90232c00000000000000000000edd3
WFR t=179427 src=mcu type=0x01 len=16 data=aa910b000f00465a667332000b9ed1a0
WFI t=179454 a=-1564,-3904,201 g=-4,-7,-1
WFR t=179468 src=mcu type=0x01 len=16 data=aa92000000000000000000000000fbba
WFR t=179487 src=mcu type=0x01 len=16 data=aa93d804480804242c01c003214fe1ad
WFI t=179504 a=-1548,-3896,182 g=-1,-5,3
WFR t=179527 src=mcu type=0x01 len=16 data=aa94f0f465fffffff8080d00412af645
WFR t=179548 src=mcu type=0x01 len=16 data=aa9501180080000000000000feff1278
WFI t=179554 a=-1567,-3896,209 g=-4,-3,-4
WFR t=179558 src=bms type=0x02 len=129 data=d2037c0eed0eed0eee0eee0eee0eed0eee0eee0eec0eed0eee0eee0ef10ef10ef10ef00ef20ef20ef30ef20ef20ef30ef30ef30ef10ef30ef30ef30000000000000000003d0000000000000000000000000000042e753002af0ef30eec003d003d00000157001c0001001d0000000100010ef0000700000000000000000000ce39
WFR t=179567 src=mcu type=0x01 len=16 data=aa962e042f000000000000000000b93c
WFI t=179604 a=-1559,-3896,198 g=-6,0,-7
WFR t=179607 src=mcu type=0x01 len=16 data=aa97232c00000000000000000000e694
WFR t=179628 src=mcu type=0x01 len=16 data=aa9807010200000056117eea00007aa4
WFI t=179654 a=-1549,-3897,204 g=-9,0,-8
WFR t=179667 src=mcu type=0x01 len=16 data=aa991d00ab04a08c64502748395e1e28
WFR t=179687 src=mcu type=0x01 len=16 data=aa9a646464625f5d5b5955010101d546
WFI t=179704 a=-1560,-3897,190 g=1,12,-13
WFR t=179708 src=mcu type=0x01 len=16 data=aa9b0101010100000000fbfbecd30e91
WFR t=179748 src=mcu type=0x01 len=16 data=aa9c01180080000000000000ffff0e21
WFI t=179754 a=-1570,-3890,190 g=-1,4,-6
WFR t=179768 src=mcu type=0x01 len=16 data=aa9d2e042f000000000000000000a3b7
WFI t=179804 a=-1561,-3886,199 g=-10,-27,7
WFR t=179807 src=mcu type=0x01 len=16 data=aa9e232c00000000000000000000fb5d
WFR t=179828 src=mcu type=0x01 len=16 data=aa9fb5a1b0bfd800000000000000dfe1
WFI t=179854 a=-1535,-3895,203 g=-2,-16,8
WFR t=179867 src=mcu type=0x01 len=16 data=aaa000000000020c000035006a00d1bd
WFR t=179887 src=mcu type=0x01 len=16 data=aaa188044a5357583036323430360894
WFI t=179904 a=-1533,-3906,199 g=-2,17,-20
WFR t=179907 src=mcu type=0x01 len=16 data=aaa231344e4242463930333500005e71
WFR t=179948 src=mcu type=0x01 len=16 data=aaa301180080000000000000feff5a4e
WFI t=179954 a=-1586,-3886,192 g=-6,20,-23
WFR t=179968 src=mcu type=0x01 len=16 data=aaa42e042f000000000000000000ff8e
WFT t=179973 batt_mv=4210 rssi_mcu=-90 rssi_bms=-76 mcu=6386 bms=135 dropped=0
WFI t=180004 a=-1559,-3886,197 g=0,-11,8
WFR t=180008 src=mcu type=0x01 len=16 data=aaa5232c00000000000000000000a026
WFR t=180027 src=mcu type=0x01 len=16 data=aaa6000000000000000000000000b4ce
WFR t=180048 src=mcu type=0x01 len=16 data=aaa7000000000000000000000000b64f
WFI t=180054 a=-1540,-3910,216 g=-1,-22,3
WFR t=180087 src=mcu type=0x01 len=16 data=aaa801801b000000400052a8194013c9
WFI t=180104 a=-1553,-3897,202 g=-4,-4,4
WFR t=180107 src=mcu type=0x01 len=16 data=aaa9028288135c4488132400ec02f999
WFR t=180148 src=mcu type=0x01 len=16 data=aaaa01180080000000000000feff4787
WFI t=180154 a=-1547,-3903,198 g=-1,13,-11
WFR t=180168 src=mcu type=0x01 len=16 data=aaab2e042f000000000000000000eb81
WFR t=180188 src=mcu type=0x01 len=16 data=aaac232c00000000000000000000bdef
WFI t=180204 a=-1568,-3892,190 g=-4,13,-15
WFR t=180227 src=mcu type=0x01 len=16 data=aaad0048005f00021000000100801d27
WFR t=180248 src=mcu type=0x01 len=16 data=aaae55f04b0b18000000803a40005cef
WFI t=180254 a=-1543,-3896,208 g=-8,-10,-2
WFR t=180287 src=mcu type=0x01 len=16 data=aaaf08610005460c2f78a00f090076a9
WFI t=180304 a=-1559,-3900,196 g=-2,-12,-1
WFR t=180308 src=mcu type=0x01 len=16 data=aab001180080000000000000feff611d
WFR t=180328 src=mcu type=0x01 len=16 data=aab12e042f000000000000000000cd1b
WFI t=180354 a=-1565,-3905,200 g=0,8,-2
WFR t=180368 src=mcu type=0x01 len=16 data=aab2232c0000000000000000000095f1
WFR t=180387 src=mcu type=0x01 len=16 data=aab3014a02050030000488001b007188
WFI t=180404 a=-1566,-3899,187 g=-6,3,-10
WFR t=180428 src=mcu type=0x01 len=16 data=aab400009f0ca90c9a0c540600001589
WFR t=180448 src=mcu type=0x01 len=16 data=aab51c00e8517918060ed10ab000704b
WFI t=180454 a=-1566,-3898,205 g=-4,-13,-1
WFR t=180488 src=mcu type=0x01 len=16 data=aab6050804080080cb020122f13fc622
WFI t=180504 a=-1557,-3898,205 g=-4,-11,4
WFR t=180508 src=mcu type=0x01 len=16 data=aa8001180080000000000000feff20ed
WFR t=180528 src=mcu type=0x01 len=16 data=aa812e042f0000000000000000008ceb
WFI t=180554 a=-1553,-3901,184 g=-6,11,-13
WFR t=180567 src=mcu type=0x01 len=16 data=aa82232c00000000000000000000d401
WFR t=180578 src=bms type=0x02 len=129 data=d2037c0eee0eed0eee0eed0eee0eed0eee0eee0eec0eed0eee0eee0ef20ef10ef20ef00ef20ef20ef30ef20ef20ef30ef30ef30ef10ef30ef30ef30000000000000000003d0000000000000000000000000000042e752f02af0ef30eec003d003d00000157001c0001001d0000000100010ef00007000a00000000000000007450
WFR t=180587 src=mcu type=0x01 len=16 data=aa83000100011101b70111019f00058c
WFI t=180604 a=-1579,-3893,194 g=-1,15,-10
WFR t=180627 src=mcu type=0x01 len=16 data=aa840000090a10560001310051c45a55
WFR t=180648 src=mcu type=0x01 len=16 data=aa8513088003e204080b1000507864d4
WFI t=180654 a=-1560,-3900,207 g=-5,-12,5
WFR t=180668 src=mcu type=0x01 len=16 data=aa868403f4010400a00f8813c003f9eb
WFI t=180704 a=-1561,-3886,211 g=-10,-26,6
WFR t=180708 src=mcu type=0x01 len=16 data=aa8701180080000000000000ffff2a3a
WFR t=180728 src=mcu type=0x01 len=16 data=aa882e042f0000000000000000009122
WFI t=180754 a=-1540,-3908,195 g=-4,-4,0
WFR t=180767 src=mcu type=0x01 len=16 data=aa89232c00000000000000000000ce8a
WFR t=180788 src=mcu type=0x01 len=16 data=aa8a480c1c0207284901230020001521
WFI t=180804 a=-1551,-3885,185 g=0,28,-24
WFR t=180807 src=mcu type=0x01 len=16 data=aa8b40005c03474c775419031a0e80f3
WFR t=180848 src=mcu type=0x01 len=16 data=aa8c2225bf0420034006b80b3e02672c
WFI t=180854 a=-1591,-3896,203 g=-3,8,-14
WFR t=180868 src=mcu type=0x01 len=16 data=aa8d800c800000006c07102780008244
WFR t=180961 src=mcu type=0x01 len=16 data=aa8e01180080000000000000feff3663
WFR t=180962 src=mcu type=0x01 len=16 data=aa8f2e042f0000000000000000009a65
WFR t=180962 src=mcu type=0x01 len=16 data=aa90232c00000000000000000000edd3
WFI t=180962 a=-1544,-3898,190 g=-5,-33,13
WFI t=180965 a=-1548,-3902,204 g=-6,-9,-2
WFR t=180989 src=mcu type=0x01 len=16 data=aa910b000f00465a667332000b9ed1a0
WFI t=181005 a=-1556,-3900,194 g=0,16,-7
WFR t=181009 src=mcu type=0x01 len=16 data=aa92000000000000000000000000fbba
WFR t=181081 src=mcu type=0x01 len=16 data=aa93d804480804242c01c003214fe1ad
WFR t=181081 src=mcu type=0x01 len=16 data=aa94f0f465fffffff8080d00412af645
WFI t=181082 a=-1549,-3894,208 g=-3,12,-17
WFI t=181104 a=-1572,-3901,203 g=-1,0,-7
WFR t=181108 src=mcu type=0x01 len=16 data=aa9501180080000000000000ffff13e8
WFR t=181128 src=mcu type=0x01 len=16 data=aa962e042f000000000000000000b93c
WFR t=181148 src=mcu type=0x01 len=16 data=aa97232c00000000000000000000e694
WFI t=181154 a=-1565,-3891,199 g=-3,-21,12
WFR t=181188 src=mcu type=0x01 len=16 data=aa9807010200000056117eea00007aa4
WFI t=181204 a=-1547,-3898,196 g=-6,1,-8
WFR t=181208 src=mcu type=0x01 len=16 data=aa991d00ab04a08c64502748395e1e28
WFR t=181247 src=mcu type=0x01 len=16 data=aa9a646464625f5d5b5955010101d546
WFI t=181254 a=-1580,-3882,195 g=-3,20,-14
WFR t=181268 src=mcu type=0x01 len=16 data=aa9b0101010100000000fbfbecd30e91
WFR t=181288 src=mcu type=0x01 len=16 data=aa9c01180080000000000000feff0fb1
WFI t=181304 a=-1561,-3896,198 g=-1,-4,-1
WFR t=181328 src=mcu type=0x01 len=16 data=aa9d2e042f000000000000000000a3b7
WFR t=181347 src=mcu type=0x01 len=16 data=aa9e232c00000000000000000000fb5d
WFI t=181354 a=-1566,-3887,204 g=-2,-24,1
WFR t=181388 src=mcu type=0x01 len=16 data=aa9fb5a1b0bfd800000000000000dfe1
WFI t=181404 a=-1529,-3888,196 g=0,14,-5
WFR t=181408 src=mcu type=0x01 len=16 data=aaa000000000020c000035006a00d1bd
WFR t=181427 src=mcu type=0x01 len=16 data=aaa188044a5357583036323430360894
WFI t=181454 a=-1565,-3893,193 g=-3,3,-15
WFR t=181468 src=mcu type=0x01 len=16 data=aaa231344e4242463930333500005e71
WFR t=181488 src=mcu type=0x01 len=16 data=aaa301180080000000000000ffff5bde
WFI t=181505 a=-1573,-3889,208 g=-6,-13,12
WFR t=181528 src=mcu type=0x01 len=16 data=aaa42e042f000000000000000000ff8e
WFR t=181548 src=mcu type=0x01 len=16 data=aaa5232c00000000000000000000a026
WFI t=181554 a=-1543,-3898,205 g=-7,-15,-1
WFR t=181588 src=mcu type=0x01 len=16 data=aaa6000000000000000000000000b4ce
WFR t=181598 src=bms type=0x02 len=129 data=d2037c0eed0eed0eee0eed0eee0eed0eee0eee0eec0eed0eee0eee0ef10ef10ef20ef10ef20ef20ef30ef20ef20ef30ef30ef30ef10ef30ef30ef30000000000000000003d0000000000000000000000000000042e752f02af0ef30eec003d003d00000157001c0001001d0000000100010ef00007000a0000000000000000a6f2
WFR t=181640 src=mcu type=0x01 len=16 data=aaa7000000000000000000000000b64f
WFR t=181650 src=mcu type=0x01 len=16 data=aaa801801b000000400052a8194013c9
WFI t=181650 a=-1559,-3902,198 g=-1,3,-9
WFI t=181654 a=-1562,-3910,206 g=-4,15,-15
WFR t=181668 src=mcu type=0x01 len=16 data=aaa9028288135c4488132400ec02f999
WFR t=181688 src=mcu type=0x01 len=16 data=aaaa01180080000000000100feff467b
WFI t=181704 a=-1573,-3895,201 g=-2,2,-9
WFR t=181728 src=mcu type=0x01 len=16 data=aaab2e042f000000000000000000eb81
WFR t=181748 src=mcu type=0x01 len=16 data=aaac232c00000000000000000000bdef
WFI t=181754 a=-1560,-3898,192 g=-5,-16,8
WFR t=181768 src=mcu type=0x01 len=16 data=aaad0048005f00021000000100801d27
WFI t=181804 a=-1553,-3905,194 g=-9,-12,0
WFR t=181808 src=mcu type=0x01 len=16 data=aaae55f04b0b18000000803a40005cef
WFR t=181828 src=mcu type=0x01 len=16 data=aaaf08610005460c2f78a00f090076a9
WFI t=181854 a=-1554,-3897,197 g=-6,8,-11
WFR t=181868 src=mcu type=0x01 len=16 data=aab001180080000000000000ffff608d
WFR t=181888 src=mcu type=0x01 len=16 data=aab12e042f000000000000000000cd1b
WFI t=181904 a=-1559,-3893,195 g=0,19,-15
WFR t=181908 src=mcu type=0x01 len=16 data=aab2232c0000000000000000000095f1
WFR t=181948 src=mcu type=0x01 len=16 data=aab3014a02050030000488001b007188
WFI t=181954 a=-1570,-3894,215 g=-3,-6,-6
WFR t=181968 src=mcu type=0x01 len=16 data=aab400009f0ca90c9a0c540600001589
WFI t=182004 a=-1554,-3896,198 g=-8,-17,9
WFR t=182008 src=mcu type=0x01 len=16 data=aab51c00e8517918060e190bb0001feb
WFR t=182027 src=mcu type=0x01 len=16 data=aab6050804080080cb020122f13fc622
WFR t=182048 src=mcu type=0x01 len=16 data=aa8001180080000000000000ffff217d
WFI t=182054 a=-1557,-3888,199 g=-7,-13,-4
WFR t=182088 src=mcu type=0x01 len=16 data=aa812e042f0000000000000000008ceb
WFI t=182104 a=-1556,-3886,193 g=5,23,-9
WFR t=182108 src=mcu type=0x01 len=16 data=aa82232c00000000000000000000d401
WFR t=182148 src=mcu type=0x01 len=16 data=aa83000100011101b70111019f00058c
WFI t=182154 a=-1570,-3899,207 g=-9,6,-17
WFR t=182168 src=mcu type=0x01 len=16 data=aa840000090a10560001310051c45a55
WFI t=182204 a=-1564,-3904,198 g=-4,-16,8
WFR t=182208 src=mcu type=0x01 len=16 data=aa8513088003e204080b1000507864d4
WFR t=182228 src=mcu type=0x01 len=16 data=aa868403f4010400a00f8813c003f9eb
WFR t=182248 src=mcu type=0x01 len=16 data=aa8701180080000000000100feff2a56
WFI t=182254 a=-1545,-3899,205 g=-1,-19,5
WFR t=182288 src=mcu type=0x01 len=16 data=aa882e042f0000000000000000009122
WFI t=182304 a=-1549,-3898,188 g=2,16,-13
WFR t=182308 src=mcu type=0x01 len=16 data=aa89232c00000000000000000000ce8a
WFR t=182348 src=mcu type=0x01 len=16 data=aa8a480c1c0207284901230020001521
WFI t=182354 a=-1571,-3896,205 g=-9,9,-11
WFR t=182368 src=mcu type=0x01 len=16 data=aa8b40005c03474c775419031a0e80f3
WFR t=182388 src=mcu type=0x01 len=16 data=aa8c2225bf0420034006b80b3e02672c
WFI t=182404 a=-1557,-3902,184 g=-6,-8,-1
WFR t=182428 src=mcu type=0x01 len=16 data=aa8d800c800000006c07102780008244
WFR t=182448 src=mcu type=0x01 len=16 data=aa8e01180080000000000000ffff37f3
WFI t=182454 a=-1555,-3896,203 g=-4,-7,-2
WFR t=182488 src=mcu type=0x01 len=16 data=aa8f2e042f0000000000000000009a65
WFI t=182504 a=-1563,-3902,195 g=-8,2,-6
WFR t=182508 src=mcu type=0x01 len=16 data=aa90232c00000000000000000000edd3
WFR t=182528 src=mcu type=0x01 len=16 data=aa910b000f00465a667332000b9ed1a0
WFI t=182554 a=-1554,-3887,210 g=-1,-10,2
WFR t=182568 src=mcu type=0x01 len=16 data=aa92000000000000000000000000fbba
WFR t=182603 src=bms type=0x02 len=129 data=d2037c0eee0eed0eee0eed0eee0eed0eee0eee0eec0eed0eee0eee0ef20ef10ef20ef00ef20ef20ef30ef30ef20ef30ef30ef30ef10ef30ef30ef30000000000000000003d0000000000000000000000000000042e752f02af0ef30eec003d003d00000157001c0001001d0000000100010ef00007000a0000000000000000e168
WFI t=182604 a=-1548,-3894,195 g=-1,-1,1
WFR t=182607 src=mcu type=0x01 len=16 data=aa93d804480804242c01c003214fe1ad
WFR t=182628 src=mcu type=0x01 len=16 data=aa94f0f465fffffff8080d00412af645
WFR t=182648 src=mcu type=0x01 len=16 data=aa9501180080000000000100feff1384
WFI t=182654 a=-1546,-3903,196 g=-5,6,-19
WFR t=182688 src=mcu type=0x01 len=16 data=aa962e042f000000000000000000b93c
WFI t=182704 a=-1578,-3886,201 g=-4,2,-5
WFR t=182708 src=mcu type=0x01 len=16 data=aa97232c00000000000000000000e694
WFR t=182728 src=mcu type=0x01 len=16 data=aa9807010200000056117eea00007aa4
WFI t=182754 a=-1555,-3893,193 g=0,-8,6
WFR t=182768 src=mcu type=0x01 len=16 data=aa991d00ab04a08c64502748395e1e28
WFR t=182788 src=mcu type=0x01 len=16 data=aa9a646464625f5d5b5955010101d546
WFI t=182804 a=-1559,-3901,200 g=0,-8,-1
WFR t=182828 src=mcu type=0x01 len=16 data=aa9b0101010100000000fbfbecd30e91
WFR t=182848 src=mcu type=0x01 len=16 data=aa9c01180080000000000000ffff0e21
WFI t=182854 a=-1560,-3900,195 g=-8,-7,-1
WFR t=182868 src=mcu type=0x01 len=16 data=aa9d2e042f000000000000000000a3b7
WFI t=182989 a=-1551,-3895,201 g=-3,6,-15
WFR t=182990 src=mcu type=0x01 len=16 data=aa9e232c00000000000000000000fb5d
WFR t=182990 src=mcu type=0x01 len=16 data=aa9fb5a1b0bfd800000000000000dfe1
WFR t=182990 src=mcu type=0x01 len=16 data=aaa000000000020c000035006a00d1bd
WFI t=183065 a=-1570,-3888,201 g=1,13,-9
WFR t=183079 src=mcu type=0x01 len=16 data=aaa188044a5357583036323430360894
WFR t=183079 src=mcu type=0x01 len=16 data=aaa231344e4242463930333500005e71
WFI t=183141 a=-1561,-3886,213 g=-3,-27,13
WFI t=183156 a=-1547,-3900,197 g=-7,9,-14
WFR t=183157 src=mcu type=0x01 len=16 data=aaa301180080000000000000feff5a4e
WFR t=183157 src=mcu type=0x01 len=16 data=aaa42e042f000000000000000000ff8e
WFR t=183157 src=mcu type=0x01 len=16 data=aaa5232c00000000000000000000a026
WFR t=183158 src=mcu type=0x01 len=16 data=aaa6000000000000000000000000b4ce
WFR t=183158 src=mcu type=0x01 len=16 data=aaa7000000000000000000000000b64f
WFI t=183158 a=-1547,-3908,199 g=0,18,-19
WFI t=183160 a=-1547,-3908,199 g=0,18,-19
WFR t=183188 src=mcu type=0x01 len=16 data=aaa801801b000000400052a8194013c9
WFI t=183204 a=-1567,-3904,196 g=-4,12,-16
WFR t=183208 src=mcu type=0x01 len=16 data=aaa9028288135c4488132400ec02f999
WFR t=183248 src=mcu type=0x01 len=16 data=aaaa01180080000000000100feff467b
WFI t=183254 a=-1548,-3884,203 g=-2,-4,0
WFR t=183268 src=mcu type=0x01 len=16 data=aaab2e042f000000000000000000eb81
WFI t=183304 a=-1563,-3905,183 g=-4,-10,-4
WFR t=183308 src=mcu type=0x01 len=16 data=aaac232c00000000000000000000bdef
WFR t=183328 src=mcu type=0x01 len=16 data=aaad0048005f00021000000100801d27
WFR t=183348 src=mcu type=0x01 len=16 data=aaae55f04b0b18000000803a40005cef
WFI t=183354 a=-1562,-3903,190 g=-6,-4,1
WFR t=183388 src=mcu type=0x01 len=16 data=aaaf08610005460c2f78a00f090076a9
WFI t=183404 a=-1544,-3897,193 g=0,-8,-4
WFR t=183408 src=mcu type=0x01 len=16 data=aab001180080000000000100feff60e1
WFR t=183448 src=mcu type=0x01 len=16 data=aab12e042f000000000000000000cd1b
WFI t=183454 a=-1563,-3899,205 g=-8,7,-13
WFR t=183468 src=mcu type=0x01 len=16 data=aab2232c0000000000000000000095f1
WFR t=183488 src=mcu type=0x01 len=16 data=aab3014a02050030000488001b007188
WFI t=183504 a=-1556,-3895,210 g=-4,-3,-10
WFR t=183528 src=mcu type=0x01 len=16 data=aab400009f0ca90c9a0c540600001589
WFR t=183548 src=mcu type=0x01 len=16 data=aab51c00e8517918060eac0ab0006827
WFI t=183554 a=-1570,-3892,201 g=-3,-6,-2
WFR t=183578 src=bms type=0x02 len=129 data=d2037c0eee0eed0eee0eed0eee0eed0eee0eee0eec0eed0eee0eee0ef10ef10ef20ef00ef20ef20ef30ef20ef20ef30ef30ef30ef10ef30ef30ef30000000000000000003d0000000000000000000000000000042e752f02af0ef30eec003d003d00000157001c0001001d0000000100010ef00007000a00000000000000002926
WFR t=183588 src=mcu type=0x01 len=16 data=aab6050804080080cb020122f13fc622
WFI t=183604 a=-1550,-3891,195 g=-7,4,1
WFR t=183608 src=mcu type=0x01 len=16 data=aa8001180080000000000000ffff217d
WFR t=183628 src=mcu type=0x01 len=16 data=aa812e042f0000000000000000008ceb
WFI t=183654 a=-1563,-3901,196 g=-7,-1,-11
WFR t=183668 src=mcu type=0x01 len=16 data=aa82232c00000000000000000000d401
WFR t=183688 src=mcu type=0x01 len=16 data=aa83000100011101b70111019f00058c
WFI t=183704 a=-1557,-3918,203 g=-1,-1,0
WFR t=183728 src=mcu type=0x01 len=16 data=aa840000090a10560001310051c45a55
WFR t=183748 src=mcu type=0x01 len=16 data=aa8513088003e204080b1000507864d4
WFI t=183754 a=-1533,-3905,202 g=1,6,-11
WFR t=183788 src=mcu type=0x01 len=16 data=aa868403f4010400a00f8813c003f9eb
WFI t=183804 a=-1566,-3896,195 g=-2,18,-14
WFR t=183808 src=mcu type=0x01 len=16 data=aa8701180080000000000000ffff2a3a
WFR t=183828 src=mcu type=0x01 len=16 data=aa882e042f0000000000000000009122
WFI t=183854 a=-1583,-3893,205 g=-4,-12,-1
WFR t=183868 src=mcu type=0x01 len=16 data=aa89232c00000000000000000000ce8a
WFR t=183888 src=mcu type=0x01 len=16 data=aa8a480c1c0207284901230020001521
WFI t=183904 a=-1539,-3910,201 g=-6,-21,12
WFR t=183928 src=mcu type=0x01 len=16 data=aa8b40005c03474c775419031a0e80f3
WFR t=183948 src=mcu type=0x01 len=16 data=aa8c2225bf0420034006b80b3e02672c
WFI t=183954 a=-1549,-3907,195 g=-5,-6,-3
WFR t=183968 src=mcu type=0x01 len=16 data=aa8d800c800000006c07102780008244
WFI t=184004 a=-1539,-3900,187 g=-4,7,-10
WFR t=184008 src=mcu type=0x01 len=16 data=aa8e01180080000000000100feff379f
WFR t=184028 src=mcu type=0x01 len=16 data=aa8f2e042f0000000000000000009a65
WFI t=184054 a=-1566,-3880,183 g=-2,-3,-13
WFR t=184068 src=mcu type=0x01 len=16 data=aa90232c00000000000000000000edd3
WFR t=184088 src=mcu type=0x01 len=16 data=aa910b000f00465a667332000b9ed1a0
WFI t=184104 a=-1562,-3882,181 g=-2,-6,2
WFR t=184108 src=mcu type=0x01 len=16 data=aa92000000000000000000000000fbba
WFR t=184148 src=mcu type=0x01 len=16 data=aa93d804480804242c01c003214fe1ad
WFI t=184154 a=-1531,-3893,191 g=-8,-21,7
WFR t=184168 src=mcu type=0x01 len=16 data=aa94f0f465fffffff8080d00412af645
WFI t=184205 a=-1557,-3891,196 g=-1,9,-12
WFR t=184208 src=mcu type=0x01 len=16 data=aa9501180080000000000000feff1278
WFR t=184228 src=mcu type=0x01 len=16 data=aa962e042f000000000000000000b93c
WFR t=184248 src=mcu type=0x01 len=16 data=aa97232c00000000000000000000e694
WFI t=184254 a=-1564,-3903,207 g=-2,18,-15
WFR t=184288 src=mcu type=0x01 len=16 data=aa9807010200000056117eea00007aa4
WFI t=184304 a=-1560,-3913,208 g=-11,-13,-10
WFR t=184308 src=mcu type=0x01 len=16 data=aa991d00ab04a08c64502748395e1e28
WFR t=184348 src=mcu type=0x01 len=16 data=aa9a646464625f5d5b5955010101d546
WFI t=184354 a=-1563,-3885,194 g=-1,-5,-3
WFR t=184368 src=mcu type=0x01 len=16 data=aa9b0101010100000000fbfbecd30e91
WFI t=184404 a=-1550,-3903,208 g=-3,-4,4
WFR t=184408 src=mcu type=0x01 len=16 data=aa9c01180080000000000100feff0e4d
WFR t=184428 src=mcu type=0x01 len=16 data=aa9d2e042f000000000000000000a3b7
WFR t=184448 src=mcu type=0x01 len=16 data=aa9e232c00000000000000000000fb5d
WFI t=184454 a=-1566,-3896,205 g=-1,-9,6
WFR t=184488 src=mcu type=0x01 len=16 data=aa9fb5a1b0bfd800000000000000dfe1
WFI t=184504 a=-1529,-3885,179 g=-6,6,-22
WFR t=184508 src=mcu type=0x01 len=16 data=aaa000000000020c000035006a00d1bd
WFR t=184548 src=mcu type=0x01 len=16 data=aaa188044a5357583036323430360894
WFI t=184554 a=-1563,-3866,180 g=1,21,-3
WFR t=184568 src=mcu type=0x01 len=16 data=aaa231344e4242463930333500005e71
WFR t=184588 src=mcu type=0x01 len=16 data=aaa301180080000000000000feff5a4e
WFR t=184598 src=bms type=0x02 len=129 data=d2037c0eed0eed0eee0eed0eee0eed0eee0eee0eec0eed0eee0eee0ef10ef10ef10ef00ef10ef20ef30ef20ef20ef30ef30ef30ef10ef30ef30ef30000000000000000003d0000000000000000000000000000042e752e02af0ef30eec003d003d00000157001c0001001d0000000100010ef0000700150000000000000000f65a
WFI t=184604 a=-1545,-3898,204 g=-5,-2,7
WFR t=184628 src=mcu type=0x01 len=16 data=aaa42e042f000000000000000000ff8e
WFR t=184648 src=mcu type=0x01 len=16 data=aaa5232c00000000000000000000a026
WFI t=184654 a=-1566,-3919,217 g=1,3,-7
WFR t=184688 src=mcu type=0x01 len=16 data=aaa6000000000000000000000000b4ce
WFI t=184704 a=-1577,-3897,180 g=-3,-16,6
WFR t=184708 src=mcu type=0x01 len=16 data=aaa7000000000000000000000000b64f
WFR t=184728 src=mcu type=0x01 len=16 data=aaa801801b000000400052a8194013c9
WFI t=184754 a=-1530,-3881,186 g=-4,-7,6
WFR t=184768 src=mcu type=0x01 len=16 data=aaa9028288135c4488132400ec02f999
WFR t=184788 src=mcu type=0x01 len=16 data=aaaa01180080000000000100ffff47eb
WFI t=184804 a=-1546,-3909,200 g=0,19,-26
WFR t=184828 src=mcu type=0x01 len=16 data=aaab2e042f000000000000000000eb81
WFR t=184848 src=mcu type=0x01 len=16 data=aaac232c00000000000000000000bdef
WFI t=184854 a=-1566,-3905,196 g=-3,26,-16
WFR t=185003 src=mcu type=0x01 len=16 data=aaad0048005f00021000000100801d27
WFR t=185003 src=mcu type=0x01 len=16 data=aaae55f04b0b18000000803a40005cef
WFR t=185003 src=mcu type=0x01 len=16 data=aaaf08610005460c2f78a00f090076a9
WFI t=185003 a=-1564,-3906,203 g=-6,-19,11
WFR t=185004 src=mcu type=0x01 len=16 data=aab001180080000000000000feff611d
WFT t=185083 batt_mv=4210 rssi_mcu=-69 rssi_bms=-80 mcu=6563 bms=140 dropped=0
WFR t=185084 src=mcu type=0x01 len=16 data=aab12e042f000000000000000000cd1b
WFR t=185085 src=mcu type=0x01 len=16 data=aab2232c0000000000000000000095f1
WFI t=185145 a=-1534,-3901,225 g=-4,-16,6
WFR t=185145 src=mcu type=0x01 len=16 data=aab3014a02050030000488001b007188
WFR t=185160 src=mcu type=0x01 len=16 data=aab400009f0ca90c9a0c540600001589
WFR t=185160 src=mcu type=0x01 len=16 data=aab51c00e8517918060eac0ab0006827
WFI t=185161 a=-1566,-3900,184 g=-6,-16,5
WFR t=185161 src=mcu type=0x01 len=16 data=aab6050804080080cb020122f13fc622
WFI t=185163 a=-1562,-3884,188 g=-9,-21,11
WFI t=185165 a=-1562,-3884,188 g=-9,-21,11
WFR t=185168 src=mcu type=0x01 len=16 data=aa8001180080000000000100feff2111
WFI t=185168 a=-1567,-3886,175 g=-4,-27,12
WFR t=185188 src=mcu type=0x01 len=16 data=aa812e042f0000000000000000008ceb
WFI t=185204 a=-1541,-3905,206 g=-8,-35,19
WFR t=185208 src=mcu type=0x01 len=16 data=aa82232c00000000000000000000d401
WFR t=185248 src=mcu type=0x01 len=16 data=aa83000100011101b70111019f00058c
WFI t=185254 a=-1530,-3889,195 g=2,8,-9
WFR t=185268 src=mcu type=0x01 len=16 data=aa840000090a10560001310051c45a55
WFI t=185304 a=-1575,-3897,187 g=-4,17,-24
WFR t=185308 src=mcu type=0x01 len=16 data=aa8513088003e204080b1000507864d4
WFR t=185328 src=mcu type=0x01 len=16 data=aa868403f4010400a00f8813c003f9eb
WFR t=185348 src=mcu type=0x01 len=16 data=aa8701180080000000000100feff2a56
WFI t=185354 a=-1572,-3896,195 g=-3,-2,-2
WFR t=185388 src=mcu type=0x01 len=16 data=aa882e042f0000000000000000009122
WFI t=185404 a=-1560,-3895,197 g=-8,-24,0
WFR t=185408 src=mcu type=0x01 len=16 data=aa89232c00000000000000000000ce8a
WFR t=185448 src=mcu type=0x01 len=16 data=aa8a480c1c0207284901230020001521
WFI t=185454 a=-1556,-3901,200 g=-2,-1,-1
WFR t=185468 src=mcu type=0x01 len=16 data=aa8b40005c03474c775419031a0e80f3
WFI t=185504 a=-1553,-3883,194 g=-4,4,-3
WFR t=185508 src=mcu type=0x01 len=16 data=aa8c2225bf0420034006b80b3e02672c
WFR t=185528 src=mcu type=0x01 len=16 data=aa8d800c800000006c07102780008244
WFR t=185548 src=mcu type=0x01 len=16 data=aa8e01180080000000000100feff379f
WFI t=185554 a=-1542,-3891,198 g=-2,4,-2
WFR t=185588 src=mcu type=0x01 len=16 data=aa8f2e042f0000000000000000009a65
WFI t=185604 a=-1573,-3910,197 g=-2,-7,-5
WFR t=185608 src=mcu type=0x01 len=16 data=aa90232c00000000000000000000edd3
WFR t=185648 src=mcu type=0x01 len=16 data=aa910b000f00465a667332000b9ed1a0
WFI t=185654 a=-1565,-3895,194 g=-6,-7,-2
WFR t=185668 src=mcu type=0x01 len=16 data=aa92000000000000000000000000fbba
WFR t=185678 src=bms type=0x02 len=129 data=d2037c0eee0eed0eee0eed0eee0eed0eee0eee0eec0eed0eee0eee0ef10ef10ef20ef00ef20ef20ef30ef30ef20ef30ef30ef30ef10ef30ef30ef30000000000000000003d0000000000000000000000000000042e752f02af0ef30eec003d003d00000157001c0001001d0000000100010ef00007000a0000000000000000bc1e
WFR t=185688 src=mcu type=0x01 len=16 data=aa93d804480804242c01c003214fe1ad
WFI t=185704 a=-1541,-3895,199 g=-3,10,-10
WFR t=185728 src=mcu type=0x01 len=16 data=aa94f0f465fffffff8080d00412af645
WFR t=185748 src=mcu type=0x01 len=16 data=aa9501180080000000000100feff1384
WFI t=185754 a=-1567,-3885,209 g=-7,3,-6
WFR t=185788 src=mcu type=0x01 len=16 data=aa962e042f000000000000000000b93c
WFI t=185804 a=-1568,-3896,198 g=-3,-18,13
WFR t=185808 src=mcu type=0x01 len=16 data=aa97232c00000000000000000000e694
WFR t=185828 src=mcu type=0x01 len=16 data=aa9807010200000056117eea00007aa4
WFI t=185854 a=-1535,-3897,188 g=2,-6,-3
WFR t=185868 src=mcu type=0x01 len=16 data=aa991d00ab04a08c64502748395e1e28
WFR t=185888 src=mcu type=0x01 len=16 data=aa9a646464625f5d5b5955010101d546
WFI t=185904 a=-1572,-3899,199 g=-5,16,-24
WFR t=185928 src=mcu type=0x01 len=16 data=aa9b0101010100000000fbfbecd30e91
WFR t=185948 src=mcu type=0x01 len=16 data=aa9c01180080000000000100feff0e4d
WFI t=185954 a=-1576,-3893,194 g=-4,-1,-4
WFR t=185988 src=mcu type=0x01 len=16 data=aa9d2e042f000000000000000000a3b7
WFI t=186004 a=-1546,-3886,190 g=-3,-13,3
WFR t=186008 src=mcu type=0x01 len=16 data=aa9e232c00000000000000000000fb5d
WFR t=186028 src=mcu type=0x01 len=16 data=aa9fb5a1b0bfd800000000000000dfe1
WFI t=186054 a=-1569,-3894,203 g=-4,-3,-4
WFR t=186088 src=mcu type=0x01 len=16 data=aaa000000000020c000035006a00d1bd
WFR t=186089 src=mcu type=0x01 len=16 data=aaa188044a5357583036323430360894
WFI t=186104 a=-1552,-3899,198 g=0,-9,2
WFR t=186128 src=mcu type=0x01 len=16 data=aaa231344e4242463930333500005e71
WFR t=186148 src=mcu type=0x01 len=16 data=aaa301180080000000000100feff5bb2
WFI t=186154 a=-1547,-3910,208 g=-3,-1,-5
WFR t=186168 src=mcu type=0x01 len=16 data=aaa42e042f000000000000000000ff8e
WFI t=186204 a=-1567,-3901,209 g=-3,10,-11
WFR t=186209 src=mcu type=0x01 len=16 data=aaa5232c00000000000000000000a026
WFR t=186228 src=mcu type=0x01 len=16 data=aaa6000000000000000000000000b4ce
WFI t=186254 a=-1571,-3900,180 g=-7,1,-7
WFR t=186268 src=mcu type=0x01 len=16 data=aaa7000000000000000000000000b64f
WFR t=186288 src=mcu type=0x01 len=16 data=aaa801801b000000400052a8194013c9
WFI t=186304 a=-1567,-3888,199 g=2,-4,5
WFR t=186308 src=mcu type=0x01 len=16 data=aaa9028288135c4488132400ec02f999
WFR t=186348 src=mcu type=0x01 len=16 data=aaaa01180080000000000000feff4787
WFI t=186354 a=-1552,-3892,199 g=-5,-6,2
WFR t=186368 src=mcu type=0x01 len=16 data=aaab2e042f000000000000000000eb81
WFI t=186404 a=-1544,-3881,201 g=-6,-3,-5
WFR t=186408 src=mcu type=0x01 len=16 data=aaac232c00000000000000000000bdef
WFR t=186428 src=mcu type=0x01 len=16 data=aaad0048005f00021000000100801d27
WFR t=186448 src=mcu type=0x01 len=16 data=aaae55f04b0b18000000803a40005cef
WFI t=186454 a=-1561,-3892,199 g=3,13,-10
WFR t=186488 src=mcu type=0x01 len=16 data=aaaf08610005460c2f78a00f090076a9
WFI t=186504 a=-1560,-3908,201 g=-6,5,-14
WFR t=186508 src=mcu type=0x01 len=16 data=aab001180080000000000000ffff608d
WFR t=186548 src=mcu type=0x01 len=16 data=aab12e042f000000000000000000cd1b
WFI t=186554 a=-1573,-3895,215 g=-1,-12,3
WFR t=186568 src=mcu type=0x01 len=16 data=aab2232c0000000000000000000095f1
WFI t=186604 a=-1543,-3891,204 g=-2,-6,8
WFR t=186608 src=mcu type=0x01 len=16 data=aab3014a02050030000488001b007188
WFR t=186628 src=mcu type=0x01 len=16 data=aab400009f0ca90c9a0c540600001589
WFR t=186648 src=mcu type=0x01 len=16 data=aab51c00e8517918060e160bb0001cff
WFI t=186654 a=-1564,-3886,196 g=-2,-8,-6
WFR t=186688 src=mcu type=0x01 len=16 data=aab6050804080080cb020122f13fc622
WFI t=186704 a=-1553,-3907,199 g=1,-3,2
WFR t=186708 src=mcu type=0x01 len=16 data=aa8001180080000000000000feff20ed
WFR t=186748 src=mcu type=0x01 len=16 data=aa812e042f0000000000000000008ceb
WFI t=186754 a=-1532,-3894,201 g=-4,5,-14
WFR t=186768 src=mcu type=0x01 len=16 data=aa82232c00000000000000000000d401
WFR t=186788 src=mcu type=0x01 len=16 data=aa83000100011101b70111019f00058c
WFI t=186804 a=-1568,-3898,203 g=4,17,-15
WFR t=186828 src=mcu type=0x01 len=16 data=aa840000090a10560001310051c45a55
WFR t=186848 src=mcu type=0x01 len=16 data=aa8513088003e204080b1000507864d4
WFI t=186854 a=-1575,-3904,198 g=-7,-11,0
WFR t=186888 src=mcu type=0x01 len=16 data=aa868403f4010400a00f8813c003f9eb
WFI t=186904 a=-1553,-3893,189 g=0,-16,11
WFR t=186908 src=mcu type=0x01 len=16 data=aa8701180080000000000000ffff2a3a
WFR t=186953 src=mcu type=0x01 len=16 data=aa882e042f0000000000000000009122
WFI t=187037 a=-1548,-3896,188 g=-1,0,-11
WFR t=187038 src=mcu type=0x01 len=16 data=aa89232c00000000000000000000ce8a
WFR t=187038 src=mcu type=0x01 len=16 data=aa8a480c1c0207284901230020001521
WFR t=187039 src=mcu type=0x01 len=16 data=aa8b40005c03474c775419031a0e80f3
WFI t=187039 a=-1546,-3901,203 g=1,16,-8
WFR t=187048 src=mcu type=0x01 len=16 data=aa8c2225bf0420034006b80b3e02672c
WFI t=187054 a=-1541,-3893,195 g=-2,4,-10
WFR t=187068 src=mcu type=0x01 len=16 data=aa8d800c800000006c07102780008244
WFI t=187104 a=-1582,-3901,209 g=1,-7,4
WFR t=187108 src=mcu type=0x01 len=16 data=aa8e01180080000000000000ffff37f3
WFR t=187128 src=mcu type=0x01 len=16 data=aa8f2e042f0000000000000000009a65
WFI t=187154 a=-1563,-3906,199 g=-4,-17,12
WFR t=187168 src=mcu type=0x01 len=16 data=aa90232c00000000000000000000edd3
WFR t=187188 src=mcu type=0x01 len=16 data=aa910b000f00465a667332000b9ed1a0
WFI t=187204 a=-1552,-3908,193 g=-4,-5,-4
WFR t=187228 src=mcu type=0x01 len=16 data=aa92000000000000000000000000fbba
WFR t=187248 src=mcu type=0x01 len=16 data=aa93d804480804242c01c003214fe1ad
WFI t=187254 a=-1562,-3903,198 g=-5,9,-9
WFR t=187268 src=mcu type=0x01 len=16 data=aa94f0f465fffffff8080d00412af645
WFI t=187304 a=-1544,-3890,197 g=3,12,-13
WFR t=187308 src=mcu type=0x01 len=16 data=aa9501180080000000000100feff1384
WFR t=187328 src=mcu type=0x01 len=16 data=aa962e042f000000000000000000b93c
WFI t=187354 a=-1578,-3902,190 g=-3,-3,-10
WFR t=187368 src=mcu type=0x01 len=16 data=aa97232c00000000000000000000e694
WFI t=187404 a=-1562,-3879,191 g=0,-10,15
WFR t=187408 src=mcu type=0x01 len=16 data=aa9807010200000056117eea00007aa4
WFR t=187409 src=mcu type=0x01 len=16 data=aa991d00ab04a08c64502748395e1e28
WFR t=187448 src=mcu type=0x01 len=16 data=aa9a646464625f5d5b5955010101d546
WFI t=187454 a=-1554,-3900,210 g=-7,-16,-1
WFR t=187468 src=mcu type=0x01 len=16 data=aa9b0101010100000000fbfbecd30e91
WFI t=187504 a=-1552,-3887,205 g=0,15,-12
WFR t=187508 src=mcu type=0x01 len=16 data=aa9c01180080000000000000ffff0e21
WFR t=187528 src=mcu type=0x01 len=16 data=aa9d2e042f000000000000000000a3b7
WFR t=187548 src=mcu type=0x01 len=16 data=aa9e232c00000000000000000000fb5d
WFI t=187554 a=-1556,-3893,187 g=-3,5,-13
WFR t=187588 src=mcu type=0x01 len=16 data=aa9fb5a1b0bfd800000000000000dfe1
WFI t=187604 a=-1572,-3891,195 g=-1,-11,2
WFR t=187608 src=mcu type=0x01 len=16 data=aaa000000000020c000035006a00d1bd
WFR t=187648 src=mcu type=0x01 len=16 data=aaa188044a5357583036323430360894
WFI t=187654 a=-1549,-3888,198 g=-5,-12,4
WFR t=187668 src=mcu type=0x01 len=16 data=aaa231344e4242463930333500005e71
WFI t=187704 a=-1539,-3904,202 g=0,5,-7
WFR t=187729 src=mcu type=0x01 len=16 data=aaa301180080000000000000feff5a4e
WFR t=187729 src=mcu type=0x01 len=16 data=aaa42e042f000000000000000000ff8e
WFR t=187748 src=mcu type=0x01 len=16 data=aaa5232c00000000000000000000a026
WFI t=187754 a=-1571,-3893,193 g=-2,12,-12
WFR t=187788 src=mcu type=0x01 len=16 data=aaa6000000000000000000000000b4ce
WFI t=187804 a=-1560,-3899,200 g=-3,-5,-3
WFR t=187808 src=mcu type=0x01 len=16 data=aaa7000000000000000000000000b64f
WFR t=187848 src=mcu type=0x01 len=16 data=aaa801801b000000400052a8194013c9
WFI t=187854 a=-1546,-3905,197 g=-1,-8,2
WFR t=187868 src=mcu type=0x01 len=16 data=aaa9028288135c4488132400ec02f999
WFR t=187888 src=mcu type=0x01 len=16 data=aaaa01180080000000000000feff4787
WFI t=187904 a=-1550,-3898,183 g=3,12,-15
WFR t=187928 src=mcu type=0x01 len=16 data=aaab2e042f000000000000000000eb81
WFR t=187948 src=mcu type=0x01 len=16 data=aaac232c00000000000000000000bdef
WFI t=187954 a=-1587,-3883,200 g=-4,-9,-2
WFR t=187988 src=mcu type=0x01 len=16 data=aaad0048005f00021000000100801d27
WFI t=188004 a=-1547,-3896,196 g=0,-16,14
WFR t=188008 src=mcu type=0x01 len=16 data=aaae55f04b0b18000000803a40005cef
WFR t=188028 src=mcu type=0x01 len=16 data=aaaf08610005460c2f78a00f090076a9
WFI t=188054 a=-1548,-3897,188 g=-5,-1,-14
WFR t=188068 src=mcu type=0x01 len=16 data=aab001180080000000000000ffff608d
WFR t=188088 src=mcu type=0x01 len=16 data=aab12e042f000000000000000000cd1b
WFI t=188104 a=-1571,-3899,200 g=3,9,-7
WFR t=188128 src=mcu type=0x01 len=16 data=aab2232c0000000000000000000095f1
WFR t=188148 src=mcu type=0x01 len=16 data=aab3014a02050030000488001b007188
WFI t=188154 a=-1546,-3899,215 g=-1,-9,-3
WFR t=188168 src=mcu type=0x01 len=16 data=aab400009f0ca90c9a0c540600001589
WFI t=188204 a=-1556,-3901,196 g=-6,6,-12
WFR t=188208 src=mcu type=0x01 len=16 data=aab51c00e8517918060ef50ab0007abb
WFI t=188263 a=-1571,-3899,205 g=-2,-5,0
WFR t=188268 src=mcu type=0x01 len=16 data=aab6050804080080cb020122f13fc622
WFR t=188269 src=mcu type=0x01 len=16 data=aa8001180080000000000100ffff2081
WFR t=188288 src=mcu type=0x01 len=16 data=aa812e042f0000000000000000008ceb
WFI t=188304 a=-1552,-3898,199 g=-2,-4,0
WFR t=188328 src=mcu type=0x01 len=16 data=aa82232c00000000000000000000d401
WFR t=188348 src=mcu type=0x01 len=16 data=aa83000100011101b70111019f00058c
WFI t=188354 a=-1559,-3903,203 g=-5,4,-8
WFR t=188368 src=mcu type=0x01 len=16 data=aa840000090a10560001310051c45a55
WFI t=188404 a=-1573,-3895,197 g=-2,-3,1
WFR t=188408 src=mcu type=0x01 len=16 data=aa8513088003e204080b1000507864d4
WFR t=188428 src=mcu type=0x01 len=16 data=aa868403f4010400a00f8813c003f9eb
WFI t=188454 a=-1555,-3909,204 g=-2,-14,3
WFR t=188468 src=mcu type=0x01 len=16 data=aa8701180080000000000000feff2baa
WFR t=188488 src=mcu type=0x01 len=16 data=aa882e042f0000000000000000009122
WFI t=188504 a=-1543,-3898,189 g=-5,6,-9
WFR t=188508 src=mcu type=0x01 len=16 data=aa89232c00000000000000000000ce8a
WFR t=188548 src=mcu type=0x01 len=16 data=aa8a480c1c0207284901230020001521
WFI t=188554 a=-1558,-3902,195 g=-8,3,-14
WFR t=188568 src=mcu type=0x01 len=16 data=aa8b40005c03474c775419031a0e80f3
WFI t=188604 a=-1553,-3896,201 g=-1,1,2
WFR t=188608 src=mcu type=0x01 len=16 data=aa8c2225bf0420034006b80b3e02672c
WFR t=188628 src=mcu type=0x01 len=16 data=aa8d800c800000006c07102780008244
WFR t=188648 src=mcu type=0x01 len=16 data=aa8e01180080000000000000feff3663
WFI t=188654 a=-1566,-3887,194 g=-9,-7,-4
WFR t=188688 src=mcu type=0x01 len=16 data=aa8f2e042f0000000000000000009a65
WFE t=188701 bms probe start after 3 unanswered, silent 3022 ms
WFI t=188705 a=-1552,-3888,198 g=-3,-8,2
WFR t=188708 src=mcu type=0x01 len=16 data=aa90232c00000000000000000000edd3
WFE t=188738 bms probe write_rsp rc=0
WFR t=188748 src=mcu type=0x01 len=16 data=aa910b000f00465a667332000b9ed1a0
WFI t=188754 a=-1538,-3900,209 g=-4,-5,-1
WFR t=188768 src=mcu type=0x01 len=16 data=aa92000000000000000000000000fbba
WFE t=188783 bms probe read rc=0 len=0
WFI t=188804 a=-1565,-3890,189 g=-2,16,-18
WFR t=188808 src=mcu type=0x01 len=16 data=aa93d804480804242c01c003214fe1ad
WFE t=188812 bms probe cccd off rc=0
WFR t=188828 src=mcu type=0x01 len=16 data=aa94f0f465fffffff8080d00412af645
WFR t=188848 src=mcu type=0x01 len=16 data=aa9501180080000000000000feff1278
WFI t=188854 a=-1571,-3907,186 g=-4,3,-8
WFE t=188857 bms probe cccd on rc=0
WFR t=188888 src=mcu type=0x01 len=16 data=aa962e042f000000000000000000b93c
WFI t=188904 a=-1561,-3905,204 g=-2,-15,5
WFR t=188908 src=mcu type=0x01 len=16 data=aa97232c00000000000000000000e694
WFI t=189029 a=-1553,-3910,201 g=-3,-6,-1
WFR t=189083 src=mcu type=0x01 len=16 data=aa9807010200000056117eea00007aa4
WFR t=189084 src=mcu type=0x01 len=16 data=aa991d00ab04a08c64502748395e1e28
WFR t=189084 src=mcu type=0x01 len=16 data=aa9a646464625f5d5b5955010101d546
WFR t=189085 src=mcu type=0x01 len=16 data=aa9b0101010100000000fbfbecd30e91
WFR t=189086 src=mcu type=0x01 len=16 data=aa9c01180080000000000000ffff0e21
WFI t=189086 a=-1558,-3894,188 g=-6,1,-6
WFR t=189089 src=mcu type=0x01 len=16 data=aa9d2e042f000000000000000000a3b7
WFI t=189090 a=-1543,-3906,208 g=-1,1,-4
WFI t=189105 a=-1550,-3900,189 g=-1,5,-7
WFR t=189109 src=mcu type=0x01 len=16 data=aa9e232c00000000000000000000fb5d
WFR t=189260 src=mcu type=0x01 len=16 data=aa9fb5a1b0bfd800000000000000dfe1
WFI t=189274 a=-1556,-3897,193 g=-2,-8,0
WFR t=189275 src=mcu type=0x01 len=16 data=aaa000000000020c000035006a00d1bd
WFR t=189275 src=mcu type=0x01 len=16 data=aaa188044a5357583036323430360894
WFR t=189275 src=mcu type=0x01 len=16 data=aaa231344e4242463930333500005e71
WFR t=189276 src=mcu type=0x01 len=16 data=aaa301180080000000000000ffff5bde
WFI t=189277 a=-1562,-3892,203 g=-5,0,-5
WFR t=189277 src=mcu type=0x01 len=16 data=aaa42e042f000000000000000000ff8e
WFI t=189279 a=-1558,-3904,198 g=-2,0,-7
WFI t=189304 a=-1553,-3895,201 g=-6,6,-11
WFR t=189308 src=mcu type=0x01 len=16 data=aaa5232c00000000000000000000a026
WFR t=189328 src=mcu type=0x01 len=16 data=aaa6000000000000000000000000b4ce
WFI t=189354 a=-1568,-3885,193 g=-5,3,-8
WFR t=189368 src=mcu type=0x01 len=16 data=aaa7000000000000000000000000b64f
WFR t=189388 src=mcu type=0x01 len=16 data=aaa801801b000000400052a8194013c9
WFI t=189404 a=-1557,-3891,188 g=1,-2,-3
WFR t=189428 src=mcu type=0x01 len=16 data=aaa9028288135c4488132400ec02f999
WFR t=189448 src=mcu type=0x01 len=16 data=aaaa01180080000000000000ffff4617
WFI t=189454 a=-1560,-3887,204 g=-4,-7,-5
WFR t=189468 src=mcu type=0x01 len=16 data=aaab2e042f000000000000000000eb81
WFI t=189504 a=-1553,-3898,204 g=0,-15,11
WFR t=189508 src=mcu type=0x01 len=16 data=aaac232c00000000000000000000bdef
WFR t=189528 src=mcu type=0x01 len=16 data=aaad0048005f00021000000100801d27
WFI t=189554 a=-1535,-3878,195 g=-1,1,-7
WFR t=189568 src=mcu type=0x01 len=16 data=aaae55f04b0b18000000803a40005cef
WFR t=189588 src=mcu type=0x01 len=16 data=aaaf08610005460c2f78a00f090076a9
WFI t=189604 a=-1569,-3899,197 g=-1,23,-23
WFR t=189608 src=mcu type=0x01 len=16 data=aab001180080000000000000feff611d
WFR t=189648 src=mcu type=0x01 len=16 data=aab12e042f000000000000000000cd1b
WFI t=189654 a=-1559,-3885,200 g=-5,0,-4
WFR t=189668 src=mcu type=0x01 len=16 data=aab2232c0000000000000000000095f1
WFI t=189704 a=-1553,-3903,196 g=-3,-22,3
WFR t=189708 src=mcu type=0x01 len=16 data=aab3014a02050030000488001b007188
WFR t=189728 src=mcu type=0x01 len=16 data=aab400009f0ca90c9a0c540600001589
WFR t=189748 src=mcu type=0x01 len=16 data=aab51c00e8517918060ee50ab0007e7b
WFI t=189754 a=-1542,-3904,197 g=-2,-12,7
WFR t=189788 src=mcu type=0x01 len=16 data=aab6050804080080cb020122f13fc622
WFI t=189804 a=-1549,-3907,194 g=-3,0,-7
WFR t=189808 src=mcu type=0x01 len=16 data=aa8001180080000000000000feff20ed
WFR t=189848 src=mcu type=0x01 len=16 data=aa812e042f0000000000000000008ceb
WFI t=189854 a=-1560,-3905,199 g=-2,8,-10
WFR t=189868 src=mcu type=0x01 len=16 data=aa82232c00000000000000000000d401
WFR t=189888 src=mcu type=0x01 len=16 data=aa83000100011101b70111019f00058c
WFI t=189904 a=-1551,-3895,203 g=-3,7,-11
WFR t=189928 src=mcu type=0x01 len=16 data=aa840000090a10560001310051c45a55
WFR t=189948 src=mcu type=0x01 len=16 data=aa8513088003e204080b1000507864d4
WFI t=189954 a=-1581,-3899,212 g=-9,-13,-2
WFR t=189988 src=mcu type=0x01 len=16 data=aa868403f4010400a00f8813c003f9eb
WFI t=190004 a=-1541,-3897,187 g=1,-7,9
WFR t=190008 src=mcu type=0x01 len=16 data=aa8701180080000000000000ffff2a3a
WFR t=190048 src=mcu type=0x01 len=16 data=aa882e042f0000000000000000009122
WFI t=190054 a=-1567,-3901,199 g=-12,1,-13
WFR t=190068 src=mcu type=0x01 len=16 data=aa89232c00000000000000000000ce8a
WFT t=190084 batt_mv=4216 rssi_mcu=-72 rssi_bms=-81 mcu=6744 bms=141 dropped=0
WFR t=190088 src=mcu type=0x01 len=16 data=aa8a480c1c0207284901230020001521
WFI t=190104 a=-1576,-3899,201 g=-2,-1,1
WFR t=190128 src=mcu type=0x01 len=16 data=aa8b40005c03474c775419031a0e80f3
WFR t=190148 src=mcu type=0x01 len=16 data=aa8c2225bf0420034006b80b3e02672c
WFI t=190154 a=-1543,-3893,199 g=-4,-6,-8
WFR t=190188 src=mcu type=0x01 len=16 data=aa8d800c800000006c07102780008244
WFI t=190204 a=-1560,-3896,209 g=-2,3,-11
WFR t=190208 src=mcu type=0x01 len=16 data=aa8e01180080000000000000ffff37f3
WFR t=190228 src=mcu type=0x01 len=16 data=aa8f2e042f0000000000000000009a65
WFI t=190254 a=-1560,-3892,187 g=6,6,-2
WFR t=190268 src=mcu type=0x01 len=16 data=aa90232c00000000000000000000edd3
WFR t=190288 src=mcu type=0x01 len=16 data=aa910b000f00465a667332000b9ed1a0
WFI t=190304 a=-1562,-3903,203 g=-8,-9,-3
WFR t=190328 src=mcu type=0x01 len=16 data=aa92000000000000000000000000fbba
WFR t=190348 src=mcu type=0x01 len=16 data=aa93d804480804242c01c003214fe1ad
WFI t=190354 a=-1557,-3901,200 g=-5,-11,6
WFR t=190368 src=mcu type=0x01 len=16 data=aa94f0f465fffffff8080d00412af645
WFI t=190404 a=-1555,-3901,200 g=-3,-5,-5
WFR t=190408 src=mcu type=0x01 len=16 data=aa9501180080000000000100feff1384
WFR t=190428 src=mcu type=0x01 len=16 data=aa962e042f000000000000000000b93c
WFI t=190454 a=-1550,-3892,188 g=-1,11,-8
WFR t=190468 src=mcu type=0x01 len=16 data=aa97232c00000000000000000000e694
WFR t=190488 src=mcu type=0x01 len=16 data=aa9807010200000056117eea00007aa4
WFI t=190504 a=-1555,-3900,192 g=1,9,-11
WFR t=190528 src=mcu type=0x01 len=16 data=aa991d00ab04a08c64502748395e1e28
WFR t=190548 src=mcu type=0x01 len=16 data=aa9a646464625f5d5b5955010101d546
WFI t=190554 a=-1579,-3903,200 g=-5,-7,-2
WFR t=190568 src=mcu type=0x01 len=16 data=aa9b0101010100000000fbfbecd30e91
WFI t=190604 a=-1537,-3897,188 g=-4,-11,6
WFR t=190608 src=mcu type=0x01 len=16 data=aa9c01180080000000000000feff0fb1
WFR t=190628 src=mcu type=0x01 len=16 data=aa9d2e042f000000000000000000a3b7
WFI t=190654 a=-1551,-3887,205 g=-8,-10,-5
WFR t=190668 src=mcu type=0x01 len=16 data=aa9e232c00000000000000000000fb5d
WFR t=190688 src=mcu type=0x01 len=16 data=aa9fb5a1b0bfd800000000000000dfe1
WFI t=190704 a=-1564,-3895,198 g=0,4,-4
WFR t=190708 src=mcu type=0x01 len=16 data=aaa000000000020c000035006a00d1bd
WFR t=190748 src=mcu type=0x01 len=16 data=aaa188044a5357583036323430360894
WFI t=190754 a=-1560,-3894,203 g=3,3,-8
WFR t=190768 src=mcu type=0x01 len=16 data=aaa231344e4242463930333500005e71
WFI t=190804 a=-1560,-3903,195 g=-2,1,-6
WFR t=190808 src=mcu type=0x01 len=16 data=aaa301180080000000000000feff5a4e
WFR t=190828 src=mcu type=0x01 len=16 data=aaa42e042f000000000000000000ff8e
WFR t=190848 src=mcu type=0x01 len=16 data=aaa5232c00000000000000000000a026
WFI t=190854 a=-1567,-3889,195 g=-6,-6,-4
WFR t=190888 src=mcu type=0x01 len=16 data=aaa6000000000000000000000000b4ce
WFI t=190904 a=-1553,-3901,186 g=-2,-2,2
WFR t=190908 src=mcu type=0x01 len=16 data=aaa7000000000000000000000000b64f
WFI t=191047 a=-1561,-3889,200 g=-6,-1,-7
WFR t=191063 src=mcu type=0x01 len=16 data=aaa801801b000000400052a8194013c9
WFR t=191063 src=mcu type=0x01 len=16 data=aaa9028288135c4488132400ec02f999
WFI t=191063 a=-1564,-3897,203 g=-1,-5,-5
WFR t=191063 src=mcu type=0x01 len=16 data=aaaa01180080000000000100feff467b
WFR t=191064 src=mcu type=0x01 len=16 data=aaab2e042f000000000000000000eb81
WFI t=191065 a=-1553,-3897,199 g=-7,-1,-4
WFR t=191068 src=mcu type=0x01 len=16 data=aaac232c00000000000000000000bdef
WFR t=191088 src=mcu type=0x01 len=16 data=aaad0048005f00021000000100801d27
WFI t=191104 a=-1533,-3882,199 g=-1,5,-7
WFR t=191108 src=mcu type=0x01 len=16 data=aaae55f04b0b18000000803a40005cef
WFR t=191148 src=mcu type=0x01 len=16 data=aaaf08610005460c2f78a00f090076a9
WFI t=191154 a=-1556,-3898,200 g=-6,9,-12
WFR t=191168 src=mcu type=0x01 len=16 data=aab001180080000000000000ffff608d
WFR t=191188 src=mcu type=0x01 len=16 data=aab12e042f000000000000000000cd1b
WFI t=191204 a=-1565,-3897,194 g=-5,-13,5
WFR t=191228 src=mcu type=0x01 len=16 data=aab2232c0000000000000000000095f1
WFR t=191248 src=mcu type=0x01 len=16 data=aab3014a02050030000488001b007188
WFI t=191254 a=-1552,-3892,214 g=-7,-20,9
WFR t=191288 src=mcu type=0x01 len=16 data=aab400009f0ca90c9a0c540600001589
WFI t=191304 a=-1544,-3915,197 g=4,18,-18
WFR t=191308 src=mcu type=0x01 len=16 data=aab51c00e8517918060ee50ab0007e7b
WFR t=191328 src=mcu type=0x01 len=16 data=aab6050804080080cb020122f13fc622
WFI t=191354 a=-1557,-3892,204 g=0,34,-27
WFR t=191368 src=mcu type=0x01 len=16 data=aa8001180080000000000000feff20ed
WFR t=191388 src=mcu type=0x01 len=16 data=aa812e042f0000000000000000008ceb
WFI t=191404 a=-1577,-3890,185 g=0,12,-12
WFR t=191428 src=mcu type=0x01 len=16 data=aa82232c00000000000000000000d401
WFR t=191448 src=mcu type=0x01 len=16 data=aa83000100011101b70111019f00058c
WFI t=191454 a=-1575,-3900,218 g=-7,-37,11
WFR t=191468 src=mcu type=0x01 len=16 data=aa840000090a10560001310051c45a55
WFI t=191504 a=-1531,-3899,184 g=-4,-27,23
WFR t=191508 src=mcu type=0x01 len=16 data=aa8513088003e204080b1000507864d4
WFR t=191528 src=mcu type=0x01 len=16 data=aa868403f4010400a00f8813c003f9eb
WFI t=191554 a=-1548,-3899,202 g=2,10,-10
WFR t=191568 src=mcu type=0x01 len=16 data=aa8701180080000000000000ffff2a3a
WFR t=191588 src=mcu type=0x01 len=16 data=aa882e042f0000000000000000009122
WFI t=191604 a=-1557,-3905,190 g=3,37,-30
WFR t=191628 src=mcu type=0x01 len=16 data=aa89232c00000000000000000000ce8a
WFR t=191648 src=mcu type=0x01 len=16 data=aa8a480c1c0207284901230020001521
WFI t=191654 a=-1574,-3895,199 g=-3,0,-5
WFR t=191701 src=mcu type=0x01 len=16 data=aa8b40005c03474c775419031a0e80f3
WFR t=191713 src=mcu type=0x01 len=16 data=aa8c2225bf0420034006b80b3e02672c
WFI t=191715 a=-1538,-3898,182 g=-2,-15,15
WFR t=191728 src=mcu type=0x01 len=16 data=aa8d800c800000006c07102780008244
WFI t=191754 a=-1551,-3890,192 g=-3,-7,3
WFR t=191768 src=mcu type=0x01 len=16 data=aa8e01180080000000000000ffff37f3
WFR t=191788 src=mcu type=0x01 len=16 data=aa8f2e042f0000000000000000009a65
WFI t=191804 a=-1564,-3893,182 g=0,-1,0
WFR t=191808 src=mcu type=0x01 len=16 data=aa90232c00000000000000000000edd3
WFR t=191848 src=mcu type=0x01 len=16 data=aa910b000f00465a667332000b9ed1a0
WFI t=191854 a=-1557,-3891,210 g=-8,-20,-4
WFR t=191868 src=mcu type=0x01 len=16 data=aa92000000000000000000000000fbba
WFI t=191904 a=-1536,-3915,179 g=0,11,-15
WFR t=191908 src=mcu type=0x01 len=16 data=aa93d804480804242c01c003214fe1ad
WFR t=191928 src=mcu type=0x01 len=16 data=aa94f0f465fffffff8080d00412af645
WFR t=191948 src=mcu type=0x01 len=16 data=aa9501180080000000000000ffff13e8
WFI t=191954 a=-1584,-3922,209 g=-9,-4,-27
WFR t=191988 src=mcu type=0x01 len=16 data=aa962e042f000000000000000000b93c
WFI t=192004 a=-1581,-3908,185 g=-7,-28,0
WFR t=192008 src=mcu type=0x01 len=16 data=aa97232c00000000000000000000e694
WFR t=192048 src=mcu type=0x01 len=16 data=aa9807010200000056117eea00007aa4
WFI t=192054 a=-1543,-3899,209 g=-3,-34,25
WFR t=192068 src=mcu type=0x01 len=16 data=aa991d00ab04a08c64502748395e1e28
WFR t=192088 src=mcu type=0x01 len=16 data=aa9a646464625f5d5b5955010101d546
WFI t=192104 a=-1537,-3899,190 g=-1,11,-16
WFR t=192128 src=mcu type=0x01 len=16 data=aa9b0101010100000000fbfbecd30e91
WFI t=192154 a=-1587,-3892,211 g=-8,-5,-2
WFR t=192168 src=mcu type=0x01 len=16 data=aa9c01180080000000000100feff0e4d
WFR t=192188 src=mcu type=0x01 len=16 data=aa9d2e042f000000000000000000a3b7
WFI t=192204 a=-1522,-3894,203 g=-2,-3,-1
WFR t=192208 src=mcu type=0x01 len=16 data=aa9e232c00000000000000000000fb5d
WFR t=192248 src=mcu type=0x01 len=16 data=aa9fb5a1b0bfd800000000000000dfe1
WFI t=192254 a=-1571,-3908,228 g=-5,24,-38
WFR t=192268 src=mcu type=0x01 len=16 data=aaa000000000020c000035006a00d1bd
WFR t=192288 src=mcu type=0x01 len=16 data=aaa188044a5357583036323430360894
WFI t=192304 a=-1570,-3890,202 g=5,26,-3
WFR t=192328 src=mcu type=0x01 len=16 data=aaa231344e4242463930333500005e71
WFR t=192348 src=mcu type=0x01 len=16 data=aaa301180080000000000000ffff5bde
WFI t=192354 a=-1555,-3902,194 g=-9,-9,3
WFR t=192388 src=mcu type=0x01 len=16 data=aaa42e042f000000000000000000ff8e
WFI t=192404 a=-1552,-3909,200 g=-2,9,4
WFR t=192408 src=mcu type=0x01 len=16 data=aaa5232c00000000000000000000a026
WFR t=192428 src=mcu type=0x01 len=16 data=aaa6000000000000000000000000b4ce
WFI t=192454 a=-1566,-3893,197 g=-7,-21,7
WFR t=192468 src=mcu type=0x01 len=16 data=aaa7000000000000000000000000b64f
WFI t=192504 a=-1543,-3893,192 g=-4,-28,9
WFR t=192508 src=mcu type=0x01 len=16 data=aaa801801b000000400052a8194013c9
WFR t=192528 src=mcu type=0x01 len=16 data=aaa9028288135c4488132400ec02f999
WFR t=192549 src=mcu type=0x01 len=16 data=aaaa01180080000000000000ffff4617
WFI t=192554 a=-1514,-3912,209 g=-1,32,-20
WFR t=192568 src=mcu type=0x01 len=16 data=aaab2e042f000000000000000000eb81
WFI t=192604 a=-1584,-3902,181 g=-2,35,-43
WFR t=192608 src=mcu type=0x01 len=16 data=aaac232c00000000000000000000bdef
WFR t=192628 src=mcu type=0x01 len=16 data=aaad0048005f00021000000100801d27
WFI t=192654 a=-1587,-3906,204 g=-4,-16,15
WFR t=192668 src=mcu type=0x01 len=16 data=aaae55f04b0b18000000803a40005cef
WFR t=192688 src=mcu type=0x01 len=16 data=aaaf08610005460c2f78a00f090076a9
WFI t=192704 a=-1530,-3898,195 g=-7,-30,16
WFR t=192728 src=mcu type=0x01 len=16 data=aab001180080000000000000feff611d
WFR t=192748 src=mcu type=0x01 len=16 data=aab12e042f000000000000000000cd1b
WFI t=192755 a=-1572,-3892,219 g=-2,-9,-8
WFR t=192768 src=mcu type=0x01 len=16 data=aab2232c0000000000000000000095f1
WFI t=192804 a=-1546,-3898,202 g=-2,8,1
WFR t=192808 src=mcu type=0x01 len=16 data=aab3014a02050030000488001b007188
WFR t=192828 src=mcu type=0x01 len=16 data=aab400009f0ca90c9a0c540600001589
WFI t=192854 a=-1545,-3896,198 g=-4,23,-28
WFR t=192868 src=mcu type=0x01 len=16 data=aab51c00e8517918060e6b0ab0005553
WFR t=192888 src=mcu type=0x01 len=16 data=aab6050804080080cb020122f13fc622
WFI t=192904 a=-1584,-3897,199 g=1,8,-8
WFR t=192908 src=mcu type=0x01 len=16 data=aa8001180080000000000000ffff217d
WFR t=192948 src=mcu type=0x01 len=16 data=aa812e042f0000000000000000008ceb
WFI t=192991 a=-1549,-3892,198 g=-5,-30,28
WFR t=193130 src=mcu type=0x01 len=16 data=aa82232c00000000000000000000d401
WFR t=193130 src=mcu type=0x01 len=16 data=aa83000100011101b70111019f00058c
WFR t=193130 src=mcu type=0x01 len=16 data=aa840000090a10560001310051c45a55
WFR t=193130 src=mcu type=0x01 len=16 data=aa8513088003e204080b1000507864d4
WFR t=193144 src=mcu type=0x01 len=16 data=aa868403f4010400a00f8813c003f9eb
WFI t=193204 a=-1567,-3903,194 g=-9,-16,-8
WFR t=193205 src=mcu type=0x01 len=16 data=aa8701180080000000000100feff2a56
WFI t=193220 a=-1550,-3903,185 g=-6,8,-24
WFR t=193220 src=mcu type=0x01 len=16 data=aa882e042f0000000000000000009122
WFR t=193220 src=mcu type=0x01 len=16 data=aa89232c00000000000000000000ce8a
WFR t=193220 src=mcu type=0x01 len=16 data=aa8a480c1c0207284901230020001521
WFI t=193222 a=-1583,-3894,189 g=-8,3,-24
WFI t=193225 a=-1566,-3891,202 g=-6,3,-22
WFI t=193227 a=-1566,-3891,202 g=-6,3,-22
WFR t=193228 src=mcu type=0x01 len=16 data=aa8b40005c03474c775419031a0e80f3
WFR t=193248 src=mcu type=0x01 len=16 data=aa8c2225bf0420034006b80b3e02672c
WFI t=193254 a=-1577,-3893,193 g=-7,-7,-8
WFR t=193288 src=mcu type=0x01 len=16 data=aa8d800c800000006c07102780008244
WFI t=193304 a=-1552,-3891,206 g=2,-20,13
WFR t=193308 src=mcu type=0x01 len=16 data=aa8e01180080000000000000ffff37f3
WFR t=193348 src=mcu type=0x01 len=16 data=aa8f2e042f0000000000000000009a65
WFI t=193354 a=-1525,-3891,206 g=-3,-13,-3
WFR t=193368 src=mcu type=0x01 len=16 data=aa90232c00000000000000000000edd3
WFR t=193388 src=mcu type=0x01 len=16 data=aa910b000f00465a667332000b9ed1a0
WFI t=193404 a=-1577,-3897,199 g=-3,5,-18
WFR t=193428 src=mcu type=0x01 len=16 data=aa92000000000000000000000000fbba
WFR t=193448 src=mcu type=0x01 len=16 data=aa93d804480804242c01c003214fe1ad
WFI t=193454 a=-1582,-3900,169 g=-2,4,3
WFR t=193488 src=mcu type=0x01 len=16 data=aa94f0f465fffffff8080d00412af645
WFI t=193504 a=-1546,-3894,195 g=2,1,5
WFR t=193508 src=mcu type=0x01 len=16 data=aa9501180080000000000100feff1384
WFR t=193528 src=mcu type=0x01 len=16 data=aa962e042f000000000000000000b93c
WFI t=193554 a=-1554,-3914,214 g=3,16,-10
WFR t=193568 src=mcu type=0x01 len=16 data=aa97232c00000000000000000000e694
WFR t=193588 src=mcu type=0x01 len=16 data=aa9807010200000056117eea00007aa4
WFI t=193604 a=-1585,-3876,204 g=3,-1,4
WFR t=193628 src=mcu type=0x01 len=16 data=aa991d00ab04a08c64502748395e1e28
WFR t=193648 src=mcu type=0x01 len=16 data=aa9a646464625f5d5b5955010101d546
WFI t=193654 a=-1541,-3895,183 g=-1,-12,16
WFR t=193668 src=mcu type=0x01 len=16 data=aa9b0101010100000000fbfbecd30e91
WFI t=193704 a=-1548,-3877,179 g=-2,27,-16
WFR t=193708 src=mcu type=0x01 len=16 data=aa9c01180080000000000000feff0fb1
WFR t=193728 src=mcu type=0x01 len=16 data=aa9d2e042f000000000000000000a3b7
WFI t=193754 a=-1589,-3885,198 g=-6,12,-1
WFR t=193768 src=mcu type=0x01 len=16 data=aa9e232c00000000000000000000fb5d
WFR t=193788 src=mcu type=0x01 len=16 data=aa9fb5a1b0bfd800000000000000dfe1
WFI t=193804 a=-1543,-3896,200 g=-4,-23,15
WFR t=193828 src=mcu type=0x01 len=16 data=aaa000000000020c000035006a00d1bd
WFR t=193848 src=mcu type=0x01 len=16 data=aaa188044a5357583036323430360894
WFI t=193854 a=-1554,-3900,203 g=-10,-7,-12
WFR t=193868 src=mcu type=0x01 len=16 data=aaa231344e4242463930333500005e71
WFI t=193904 a=-1581,-3891,186 g=0,13,-14
WFR t=193908 src=mcu type=0x01 len=16 data=aaa301180080000000000000feff5a4e
WFR t=193928 src=mcu type=0x01 len=16 data=aaa42e042f000000000000000000ff8e
WFI t=193954 a=-1566,-3902,181 g=-8,-5,-10
WFR t=193968 src=mcu type=0x01 len=16 data=aaa5232c00000000000000000000a026
WFR t=193988 src=mcu type=0x01 len=16 data=aaa6000000000000000000000000b4ce
WFI t=194004 a=-1553,-3907,186 g=2,14,-15
WFR t=194008 src=mcu type=0x01 len=16 data=aaa7000000000000000000000000b64f
WFR t=194048 src=mcu type=0x01 len=16 data=aaa801801b000000400052a8194013c9
WFI t=194055 a=-1580,-3898,202 g=-2,-28,1
WFR t=194068 src=mcu type=0x01 len=16 data=aaa9028288135c4488132400ec02f999
WFI t=194104 a=-1549,-3906,196 g=-1,-20,19
WFR t=194108 src=mcu type=0x01 len=16 data=aaaa01180080000000000000ffff4617
WFR t=194128 src=mcu type=0x01 len=16 data=aaab2e042f000000000000000000eb81
WFR t=194148 src=mcu type=0x01 len=16 data=aaac232c00000000000000000000bdef
WFI t=194154 a=-1541,-3897,180 g=-2,10,-20
WFR t=194188 src=mcu type=0x01 len=16 data=aaad0048005f00021000000100801d27
WFI t=194204 a=-1587,-3884,189 g=-6,6,-5
WFR t=194208 src=mcu type=0x01 len=16 data=aaae55f04b0b18000000803a40005cef
WFR t=194248 src=mcu type=0x01 len=16 data=aaaf08610005460c2f78a00f090076a9
WFI t=194254 a=-1533,-3897,208 g=-3,-12,9
WFR t=194268 src=mcu type=0x01 len=16 data=aab001180080000000000000ffff608d
WFR t=194288 src=mcu type=0x01 len=16 data=aab12e042f000000000000000000cd1b
WFI t=194304 a=-1556,-3882,193 g=-5,19,-24
WFR t=194328 src=mcu type=0x01 len=16 data=aab2232c0000000000000000000095f1
WFR t=194348 src=mcu type=0x01 len=16 data=aab3014a02050030000488001b007188
WFI t=194354 a=-1601,-3887,175 g=-3,3,-9
WFR t=194388 src=mcu type=0x01 len=16 data=aab400009f0ca90c9a0c540600001589
WFI t=194404 a=-1569,-3885,177 g=-2,-32,18
WFR t=194408 src=mcu type=0x01 len=16 data=aab51c00e8517918060edc0ab00072e7
WFR t=194448 src=mcu type=0x01 len=16 data=aab6050804080080cb020122f13fc622
WFI t=194454 a=-1545,-3901,207 g=-5,-22,5
WFR t=194468 src=mcu type=0x01 len=16 data=aa8001180080000000000000feff20ed
WFR t=194488 src=mcu type=0x01 len=16 data=aa812e042f0000000000000000008ceb
WFI t=194504 a=-1546,-3889,192 g=-1,8,-12
WFR t=194528 src=mcu type=0x01 len=16 data=aa82232c00000000000000000000d401
WFR t=194548 src=mcu type=0x01 len=16 data=aa83000100011101b70111019f00058c
WFI t=194554 a=-1554,-3889,191 g=-3,27,-24
WFR t=194588 src=mcu type=0x01 len=16 data=aa840000090a10560001310051c45a55
WFI t=194604 a=-1582,-3886,191 g=0,15,-16
WFR t=194629 src=mcu type=0x01 len=16 data=aa8513088003e204080b1000507864d4
WFR t=194629 src=mcu type=0x01 len=16 data=aa868403f4010400a00f8813c003f9eb
WFI t=194654 a=-1573,-3887,193 g=-2,-24,16
WFR t=194668 src=mcu type=0x01 len=16 data=aa8701180080000000000000feff2baa
WFR t=194688 src=mcu type=0x01 len=16 data=aa882e042f0000000000000000009122
WFI t=194704 a=-1532,-3891,184 g=-7,-22,10
WFR t=194728 src=mcu type=0x01 len=16 data=aa89232c00000000000000000000ce8a
WFR t=194748 src=mcu type=0x01 len=16 data=aa8a480c1c0207284901230020001521
WFI t=194754 a=-1549,-3893,182 g=0,16,-14
WFR t=194768 src=mcu type=0x01 len=16 data=aa8b40005c03474c775419031a0e80f3
WFI t=194804 a=-1576,-3891,188 g=0,19,-24
WFR t=194808 src=mcu type=0x01 len=16 data=aa8c2225bf0420034006b80b3e02672c
WFR t=194828 src=mcu type=0x01 len=16 data=aa8d800c800000006c07102780008244
WFI t=194854 a=-1569,-3906,192 g=-2,2,-10
WFR t=194868 src=mcu type=0x01 len=16 data=aa8e01180080000000000100feff379f
WFR t=194889 src=mcu type=0x01 len=16 data=aa8f2e042f0000000000000000009a65
WFI t=194904 a=-1562,-3891,199 g=0,-20,9
WFR t=194928 src=mcu type=0x01 len=16 data=aa90232c00000000000000000000edd3
WFR t=194948 src=mcu type=0x01 len=16 data=aa910b000f00465a667332000b9ed1a0
WFI t=194954 a=-1552,-3901,195 g=-7,-16,13
WFR t=195063 src=mcu type=0x01 len=16 data=aa92000000000000000000000000fbba
WFI t=195077 a=-1572,-3894,197 g=-1,16,-12
WFR t=195078 src=mcu type=0x01 len=16 data=aa93d804480804242c01c003214fe1ad
WFR t=195078 src=mcu type=0x01 len=16 data=aa94f0f465fffffff8080d00412af645
WFR t=195078 src=mcu type=0x01 len=16 data=aa9501180080000000000100feff1384
WFI t=195079 a=-1565,-3893,204 g=3,13,-12
WFR t=195088 src=mcu type=0x01 len=16 data=aa962e042f000000000000000000b93c
WFI t=195104 a=-1539,-3896,197 g=-1,18,-15
WFR t=195108 src=mcu type=0x01 len=16 data=aa97232c00000000000000000000e694
WFT t=195138 batt_mv=4220 rssi_mcu=-76 rssi_bms=-84 mcu=6923 bms=141 dropped=0
WFR t=195148 src=mcu type=0x01 len=16 data=aa9807010200000056117eea00007aa4
WFI t=195154 a=-1582,-3890,201 g=-4,9,-16
WFR t=195168 src=mcu type=0x01 len=16 data=aa991d00ab04a08c64502748395e1e28
WFI t=195204 a=-1578,-3891,183 g=0,-24,18
WFR t=195209 src=mcu type=0x01 len=16 data=aa9a646464625f5d5b5955010101d546
WFI t=195267 a=-1536,-3899,196 g=-4,-21,15
WFR t=195269 src=mcu type=0x01 len=16 data=aa9b0101010100000000fbfbecd30e91
WFR t=195269 src=mcu type=0x01 len=16 data=aa9c01180080000000000000ffff0e21
WFR t=195288 src=mcu type=0x01 len=16 data=aa9d2e042f000000000000000000a3b7
WFI t=195304 a=-1544,-3900,207 g=-1,11,-17
WFR t=195365 src=mcu type=0x01 len=16 data=aa9e232c00000000000000000000fb5d
WFI t=195432 a=-1578,-3887,192 g=0,13,-17
WFI t=195447 a=-1562,-3901,188 g=-1,18,-13
WFR t=195448 src=mcu type=0x01 len=16 data=aa9fb5a1b0bfd800000000000000dfe1
WFR t=195448 src=mcu type=0x01 len=16 data=aaa000000000020c000035006a00d1bd
WFR t=195448 src=mcu type=0x01 len=16 data=aaa188044a5357583036323430360894
WFR t=195448 src=mcu type=0x01 len=16 data=aaa231344e4242463930333500005e71
WFR t=195449 src=mcu type=0x01 len=16 data=aaa301180080000000000000ffff5bde
WFI t=195454 a=-1584,-3902,174 g=-2,7,-9
WFR t=195488 src=mcu type=0x01 len=16 data=aaa42e042f000000000000000000ff8e
WFI t=195504 a=-1579,-3893,192 g=-7,-39,26
WFR t=195508 src=mcu type=0x01 len=16 data=aaa5232c00000000000000000000a026
WFR t=195548 src=mcu type=0x01 len=16 data=aaa6000000000000000000000000b4ce
WFI t=195554 a=-1533,-3898,200 g=-6,-35,17
WFR t=195568 src=mcu type=0x01 len=16 data=aaa7000000000000000000000000b64f
WFR t=195588 src=mcu type=0x01 len=16 data=aaa801801b000000400052a8194013c9
WFI t=195604 a=-1533,-3899,188 g=5,37,-38
WFR t=195628 src=mcu type=0x01 len=16 data=aaa9028288135c4488132400ec02f999
WFR t=195648 src=mcu type=0x01 len=16 data=aaaa01180080000000000000ffff4617
WFI t=195654 a=-1588,-3892,172 g=2,51,-43
WFR t=195688 src=mcu type=0x01 len=16 data=aaab2e042f000000000000000000eb81
WFI t=195704 a=-1592,-3890,184 g=-1,-21,9
WFR t=195708 src=mcu type=0x01 len=16 data=aaac232c00000000000000000000bdef
WFR t=195728 src=mcu type=0x01 len=16 data=aaad0048005f00021000000100801d27
WFI t=195754 a=-1549,-3897,194 g=-9,-53,37
WFE t=195765 bms stale, no frame for 10085 ms, dropping link
WFR t=195768 src=mcu type=0x01 len=16 data=aaae55f04b0b18000000803a40005cef
WFE t=195778 bms link down (stale) after 27 answers in 36854 ms, writes=36 err=0 silent=9 bytes=3483
WFR t=195788 src=mcu type=0x01 len=16 data=aaaf08610005460c2f78a00f090076a9
WFE t=195804 bms disconnected reason=534
WFI t=195804 a=-1521,-3897,198 g=-4,-11,7
WFR t=195835 src=mcu type=0x01 len=16 data=aab001180080000000000000ffff608d
WFR t=195848 src=mcu type=0x01 len=16 data=aab12e042f000000000000000000cd1b
WFI t=195854 a=-1560,-3893,186 g=-5,29,-35
WFR t=195868 src=mcu type=0x01 len=16 data=aab2232c0000000000000000000095f1
WFI t=195904 a=-1587,-3900,180 g=-2,32,-22
WFR t=195908 src=mcu type=0x01 len=16 data=aab3014a02050030000488001b007188
WFR t=195948 src=mcu type=0x01 len=16 data=aab400009f0ca90c9a0c540600001589
WFI t=195954 a=-1569,-3891,211 g=-6,-8,-2
WFR t=195968 src=mcu type=0x01 len=16 data=aab51c00e8517918060edc0ab00072e7
WFR t=195988 src=mcu type=0x01 len=16 data=aab6050804080080cb020122f13fc622
WFI t=196004 a=-1552,-3913,189 g=-4,-25,16
WFR t=196008 src=mcu type=0x01 len=16 data=aa8001180080000000000100feff2111
WFR t=196048 src=mcu type=0x01 len=16 data=aa812e042f0000000000000000008ceb
WFI t=196054 a=-1565,-3898,172 g=-7,-32,13
WFR t=196068 src=mcu type=0x01 len=16 data=aa82232c00000000000000000000d401
WFI t=196104 a=-1539,-3893,191 g=2,11,-3
WFR t=196108 src=mcu type=0x01 len=16 data=aa83000100011101b70111019f00058c
WFR t=196128 src=mcu type=0x01 len=16 data=aa840000090a10560001310051c45a55
WFI t=196154 a=-1563,-3887,188 g=1,37,-41
WFR t=196168 src=mcu type=0x01 len=16 data=aa8513088003e204080b1000507864d4
WFR t=196188 src=mcu type=0x01 len=16 data=aa868403f4010400a00f8813c003f9eb
WFI t=196204 a=-1612,-3895,200 g=-7,8,-12
WFR t=196208 src=mcu type=0x01 len=16 data=aa8701180080000000000000feff2baa
WFI t=196254 a=-1569,-3898,201 g=-9,-43,23
WFR t=196269 src=mcu type=0x01 len=16 data=aa882e042f0000000000000000009122
WFR t=196269 src=mcu type=0x01 len=16 data=aa89232c00000000000000000000ce8a
WFI t=196304 a=-1544,-3901,184 g=-5,-15,10
WFR t=196308 src=mcu type=0x01 len=16 data=aa8a480c1c0207284901230020001521
WFR t=196328 src=mcu type=0x01 len=16 data=aa8b40005c03474c775419031a0e80f3
WFR t=196348 src=mcu type=0x01 len=16 data=aa8c2225bf0420034006b80b3e02672c
WFI t=196354 a=-1558,-3885,189 g=-3,14,-14
WFR t=196388 src=mcu type=0x01 len=16 data=aa8d800c800000006c07102780008244
WFI t=196404 a=-1563,-3894,180 g=3,26,-18
WFR t=196408 src=mcu type=0x01 len=16 data=aa8e01180080000000000000ffff37f3
WFR t=196448 src=mcu type=0x01 len=16 data=aa8f2e042f0000000000000000009a65
WFI t=196454 a=-1574,-3905,189 g=-4,10,-20
WFR t=196468 src=mcu type=0x01 len=16 data=aa90232c00000000000000000000edd3
WFR t=196488 src=mcu type=0x01 len=16 data=aa910b000f00465a667332000b9ed1a0
WFI t=196504 a=-1585,-3895,195 g=-5,-18,9
WFR t=196528 src=mcu type=0x01 len=16 data=aa92000000000000000000000000fbba
WFR t=196548 src=mcu type=0x01 len=16 data=aa93d804480804242c01c003214fe1ad
WFI t=196554 a=-1555,-3906,183 g=-4,-30,19
WFR t=196588 src=mcu type=0x01 len=16 data=aa94f0f465fffffff8080d00412af645
WFI t=196604 a=-1544,-3886,206 g=-1,0,-4
WFR t=196608 src=mcu type=0x01 len=16 data=aa9501180080000000000000feff1278
WFR t=196648 src=mcu type=0x01 len=16 data=aa962e042f000000000000000000b93c
WFI t=196654 a=-1558,-3894,192 g=-4,10,-17
WFR t=196689 src=mcu type=0x01 len=16 data=aa97232c00000000000000000000e694
WFR t=196689 src=mcu type=0x01 len=16 data=aa9807010200000056117eea00007aa4
WFI t=196704 a=-1561,-3898,192 g=-1,20,-19
WFR t=196728 src=mcu type=0x01 len=16 data=aa991d00ab04a08c64502748395e1e28
WFR t=196748 src=mcu type=0x01 len=16 data=aa9a646464625f5d5b5955010101d546
WFI t=196754 a=-1583,-3892,176 g=-2,8,-11
WFR t=196788 src=mcu type=0x01 len=16 data=aa9b0101010100000000fbfbecd30e91
WFI t=196804 a=-1577,-3896,196 g=-6,-26,18
WFR t=196808 src=mcu type=0x01 len=16 data=aa9c01180080000000000100feff0e4d
WFR t=196828 src=mcu type=0x01 len=16 data=aa9d2e042f000000000000000000a3b7
WFI t=196854 a=-1539,-3891,207 g=-5,-30,16
WFR t=196868 src=mcu type=0x01 len=16 data=aa9e232c00000000000000000000fb5d
WFR t=196888 src=mcu type=0x01 len=16 data=aa9fb5a1b0bfd800000000000000dfe1
WFI t=196904 a=-1548,-3897,193 g=-3,18,-18
WFR t=196928 src=mcu type=0x01 len=16 data=aaa000000000020c000035006a00d1bd
WFR t=196948 src=mcu type=0x01 len=16 data=aaa188044a5357583036323430360894
WFI t=196954 a=-1585,-3895,194 g=-6,17,-24
WFR t=196968 src=mcu type=0x01 len=16 data=aaa231344e4242463930333500005e71
WFI t=197072 a=-1559,-3904,185 g=0,4,-3
WFR t=197072 src=mcu type=0x01 len=16 data=aaa301180080000000000000ffff5bde
WFR t=197073 src=mcu type=0x01 len=16 data=aaa42e042f000000000000000000ff8e
WFR t=197073 src=mcu type=0x01 len=16 data=aaa5232c00000000000000000000a026
WFI t=197088 a=-1585,-3889,188 g=-8,-15,-4
WFR t=197088 src=mcu type=0x01 len=16 data=aaa6000000000000000000000000b4ce
WFI t=197104 a=-1570,-3896,196 g=-1,-20,20
WFR t=197128 src=mcu type=0x01 len=16 data=aaa7000000000000000000000000b64f
WFR t=197148 src=mcu type=0x01 len=16 data=aaa801801b000000400052a8194013c9
WFI t=197154 a=-1534,-3894,185 g=-8,-17,8
WFR t=197168 src=mcu type=0x01 len=16 data=aaa9028288135c4488132400ec02f999
WFI t=197204 a=-1555,-3902,178 g=3,16,-21
WFR t=197209 src=mcu type=0x01 len=16 data=aaaa01180080000000000000feff4787
WFR t=197228 src=mcu type=0x01 len=16 data=aaab2e042f000000000000000000eb81
WFI t=197254 a=-1561,-3888,191 g=-3,18,-16
WFR t=197268 src=mcu type=0x01 len=16 data=aaac232c00000000000000000000bdef
WFR t=197288 src=mcu type=0x01 len=16 data=aaad0048005f00021000000100801d27
WFI t=197304 a=-1558,-3902,183 g=-3,5,-15
WFR t=197308 src=mcu type=0x01 len=16 data=aaae55f04b0b18000000803a40005cef
WFR t=197348 src=mcu type=0x01 len=16 data=aaaf08610005460c2f78a00f090076a9
WFI t=197354 a=-1579,-3889,192 g=-6,-6,2
WFR t=197368 src=mcu type=0x01 len=16 data=aab001180080000000000000feff611d
WFI t=197404 a=-1569,-3889,175 g=-8,-39,21
WFR t=197408 src=mcu type=0x01 len=16 data=aab12e042f000000000000000000cd1b
WFR t=197428 src=mcu type=0x01 len=16 data=aab2232c0000000000000000000095f1
WFR t=197448 src=mcu type=0x01 len=16 data=aab3014a02050030000488001b007188
WFI t=197454 a=-1533,-3890,187 g=-7,-21,12
WFR t=197488 src=mcu type=0x01 len=16 data=aab400009f0ca90c9a0c540600001589
WFI t=197504 a=-1542,-3888,198 g=1,23,-27
WFR t=197508 src=mcu type=0x01 len=16 data=aab51c00e8517918060edc0ab00072e7
WFR t=197548 src=mcu type=0x01 len=16 data=aab6050804080080cb020122f13fc622
WFI t=197554 a=-1589,-3908,184 g=-2,14,-24
WFR t=197569 src=mcu type=0x01 len=16 data=aa8001180080000000000000feff20ed
WFR t=197588 src=mcu type=0x01 len=16 data=aa812e042f0000000000000000008ceb
WFI t=197604 a=-1551,-3911,186 g=-1,-4,0
WFR t=197628 src=mcu type=0x01 len=16 data=aa82232c00000000000000000000d401
WFR t=197648 src=mcu type=0x01 len=16 data=aa83000100011101b70111019f00058c
WFI t=197654 a=-1565,-3905,182 g=-1,0,-5
WFR t=197688 src=mcu type=0x01 len=16 data=aa840000090a10560001310051c45a55
WFI t=197704 a=-1569,-3898,196 g=-4,-22,11
WFR t=197708 src=mcu type=0x01 len=16 data=aa8513088003e204080b1000507864d4
WFR t=197748 src=mcu type=0x01 len=16 data=aa868403f4010400a00f8813c003f9eb
WFI t=197754 a=-1540,-3893,190 g=-6,-19,17
WFR t=197769 src=mcu type=0x01 len=16 data=aa8701180080000000000000ffff2a3a
WFR t=197788 src=mcu type=0x01 len=16 data=aa882e042f0000000000000000009122
WFI t=197804 a=-1533,-3889,182 g=1,28,-32
WFR t=197828 src=mcu type=0x01 len=16 data=aa89232c00000000000000000000ce8a
WFR t=197848 src=mcu type=0x01 len=16 data=aa8a480c1c0207284901230020001521
WFI t=197854 a=-1587,-3889,188 g=3,29,-25
WFR t=197888 src=mcu type=0x01 len=16 data=aa8b40005c03474c775419031a0e80f3
WFI t=197904 a=-1571,-3886,178 g=-10,-27,13
WFR t=197908 src=mcu type=0x01 len=16 data=aa8c2225bf0420034006b80b3e02672c
WFR t=197928 src=mcu type=0x01 len=16 data=aa8d800c800000006c07102780008244
WFI t=197954 a=-1548,-3890,196 g=-10,-30,11
WFR t=197969 src=mcu type=0x01 len=16 data=aa8e01180080000000000000feff3663
WFR t=197988 src=mcu type=0x01 len=16 data=aa8f2e042f0000000000000000009a65
WFI t=198004 a=-1550,-3882,192 g=-4,5,-6
WFR t=198028 src=mcu type=0x01 len=16 data=aa90232c00000000000000000000edd3
WFR t=198048 src=mcu type=0x01 len=16 data=aa910b000f00465a667332000b9ed1a0
WFI t=198054 a=-1573,-3888,190 g=-3,14,-15
WFR t=198068 src=mcu type=0x01 len=16 data=aa92000000000000000000000000fbba
WFI t=198104 a=-1568,-3909,181 g=-5,12,-9
WFR t=198108 src=mcu type=0x01 len=16 data=aa93d804480804242c01c003214fe1ad
WFR t=198128 src=mcu type=0x01 len=16 data=aa94f0f465fffffff8080d00412af645
WFI t=198154 a=-1567,-3890,191 g=1,-9,-1
WFR t=198169 src=mcu type=0x01 len=16 data=aa9501180080000000000100feff1384
WFR t=198188 src=mcu type=0x01 len=16 data=aa962e042f000000000000000000b93c
WFI t=198204 a=-1549,-3892,194 g=-4,-12,4
WFR t=198208 src=mcu type=0x01 len=16 data=aa97232c00000000000000000000e694
WFR t=198248 src=mcu type=0x01 len=16 data=aa9807010200000056117eea00007aa4
WFI t=198254 a=-1560,-3900,189 g=-3,-3,-5
WFR t=198268 src=mcu type=0x01 len=16 data=aa991d00ab04a08c64502748395e1e28
WFI t=198304 a=-1552,-3896,195 g=-2,9,-15
WFR t=198308 src=mcu type=0x01 len=16 data=aa9a646464625f5d5b5955010101d546
WFR t=198328 src=mcu type=0x01 len=16 data=aa9b0101010100000000fbfbecd30e91
WFI t=198354 a=-1575,-3904,191 g=-2,1,-9
WFR t=198369 src=mcu type=0x01 len=16 data=aa9c01180080000000000000feff0fb1
WFR t=198388 src=mcu type=0x01 len=16 data=aa9d2e042f000000000000000000a3b7
WFI t=198404 a=-1565,-3898,188 g=0,-8,-3
WFR t=198408 src=mcu type=0x01 len=16 data=aa9e232c00000000000000000000fb5d
WFR t=198448 src=mcu type=0x01 len=16 data=aa9fb5a1b0bfd800000000000000dfe1
WFI t=198454 a=-1564,-3897,195 g=-5,-20,8
WFR t=198468 src=mcu type=0x01 len=16 data=aaa000000000020c000035006a00d1bd
WFI t=198504 a=-1533,-3905,187 g=-2,2,1
WFR t=198508 src=mcu type=0x01 len=16 data=aaa188044a5357583036323430360894
WFR t=198528 src=mcu type=0x01 len=16 data=aaa231344e4242463930333500005e71
WFR t=198549 src=mcu type=0x01 len=16 data=aaa301180080000000000100feff5bb2
WFI t=198554 a=-1573,-3889,195 g=-1,18,-23
WFR t=198588 src=mcu type=0x01 len=16 data=aaa42e042f000000000000000000ff8e
WFI t=198604 a=-1577,-3907,193 g=-5,-1,-1
WFR t=198608 src=mcu type=0x01 len=16 data=aaa5232c00000000000000000000a026
WFR t=198648 src=mcu type=0x01 len=16 data=aaa6000000000000000000000000b4ce
WFI t=198654 a=-1539,-3880,185 g=-2,-19,5
WFR t=198668 src=mcu type=0x01 len=16 data=aaa7000000000000000000000000b64f
WFR t=198688 src=mcu type=0x01 len=16 data=aaa801801b000000400052a8194013c9
WFI t=198704 a=-1559,-3888,194 g=-6,3,-4
WFR t=198751 src=mcu type=0x01 len=16 data=aaa9028288135c4488132400ec02f999
WFR t=198752 src=mcu type=0x01 len=16 data=aaaa01180080000000000100ffff47eb
WFI t=198756 a=-1558,-3901,188 g=0,4,-8
WFR t=198789 src=mcu type=0x01 len=16 data=aaab2e042f000000000000000000eb81
WFI t=198839 a=-1562,-3896,198 g=-5,-7,-2
WFR t=198849 src=mcu type=0x01 len=16 data=aaac232c00000000000000000000bdef
WFR t=198849 src=mcu type=0x01 len=16 data=aaad0048005f00021000000100801d27
WFI t=198854 a=-1558,-3904,201 g=-1,-10,-2
WFR t=198889 src=mcu type=0x01 len=16 data=aaae55f04b0b18000000803a40005cef
WFR t=198889 src=mcu type=0x01 len=16 data=aaaf08610005460c2f78a00f090076a9
WFI t=198904 a=-1555,-3885,183 g=-1,0,-4
WFR t=198929 src=mcu type=0x01 len=16 data=aab001180080000000000000ffff608d
WFR t=198948 src=mcu type=0x01 len=16 data=aab12e042f000000000000000000cd1b
WFI t=198954 a=-1577,-3890,189 g=0,8,-10
WFI t=199021 a=-1562,-3893,207 g=2,-1,3
WFR t=199156 src=mcu type=0x01 len=16 data=aab2232c0000000000000000000095f1
WFI t=199214 a=-1555,-3890,199 g=-4,-8,-1
WFR t=199229 src=mcu type=0x01 len=16 data=aab3014a02050030000488001b007188
WFR t=199229 src=mcu type=0x01 len=16 data=aab400009f0ca90c9a0c540600001589
WFR t=199229 src=mcu type=0x01 len=16 data=aab51c00e8517918060e930ab0006433
WFR t=199229 src=mcu type=0x01 len=16 data=aab6050804080080cb020122f13fc622
WFI t=199230 a=-1587,-3887,199 g=0,-18,7
WFI t=199232 a=-1587,-3897,192 g=-3,-22,9
WFR t=199233 src=mcu type=0x01 len=16 data=aa8001180080000000000100feff2111
WFR t=199233 src=mcu type=0x01 len=16 data=aa812e042f0000000000000000008ceb
WFR t=199234 src=mcu type=0x01 len=16 data=aa82232c00000000000000000000d401
WFI t=199234 a=-1587,-3897,192 g=-3,-22,9
WFR t=199234 src=mcu type=0x01 len=16 data=aa83000100011101b70111019f00058c
WFR t=199240 src=mcu type=0x01 len=16 data=aa840000090a10560001310051c45a55
WFI t=199254 a=-1556,-3900,201 g=-8,-33,17
WFR t=199269 src=mcu type=0x01 len=16 data=aa8513088003e204080b1000507864d4
WFR t=199288 src=mcu type=0x01 len=16 data=aa868403f4010400a00f8813c003f9eb
WFI t=199304 a=-1523,-3899,188 g=-7,-16,3
WFR t=199314 src=mcu type=0x01 len=16 data=aa8701180080000000000000ffff2a3a
WFR t=199348 src=mcu type=0x01 len=16 data=aa882e042f0000000000000000009122
WFI t=199354 a=-1550,-3887,195 g=-5,26,-25
WFR t=199368 src=mcu type=0x01 len=16 data=aa89232c00000000000000000000ce8a
WFI t=199404 a=-1573,-3900,201 g=-1,16,-14
WFR t=199408 src=mcu type=0x01 len=16 data=aa8a480c1c0207284901230020001521
WFR t=199428 src=mcu type=0x01 len=16 data=aa8b40005c03474c775419031a0e80f3
WFI t=199454 a=-1578,-3896,208 g=-7,-24,5
WFR t=199469 src=mcu type=0x01 len=16 data=aa8c2225bf0420034006b80b3e02672c
WFR t=199488 src=mcu type=0x01 len=16 data=aa8d800c800000006c07102780008244
WFI t=199504 a=-1538,-3891,194 g=0,-3,3
WFR t=199509 src=mcu type=0x01 len=16 data=aa8e01180080000000000000ffff37f3
WFR t=199548 src=mcu type=0x01 len=16 data=aa8f2e042f0000000000000000009a65
WFI t=199554 a=-1566,-3887,200 g=3,2,-14
WFR t=199568 src=mcu type=0x01 len=16 data=aa90232c00000000000000000000edd3
WFI t=199604 a=-1569,-3899,195 g=-1,0,1
WFR t=199608 src=mcu type=0x01 len=16 data=aa910b000f00465a667332000b9ed1a0
WFR t=199628 src=mcu type=0x01 len=16 data=aa92000000000000000000000000fbba
WFR t=199648 src=mcu type=0x01 len=16 data=aa93d804480804242c01c003214fe1ad
WFI t=199655 a=-1537,-3893,201 g=-2,8,-10
WFR t=199688 src=mcu type=0x01 len=16 data=aa94f0f465fffffff8080d00412af645
WFI t=199704 a=-1580,-3899,184 g=-6,5,-14
WFR t=199709 src=mcu type=0x01 len=16 data=aa9501180080000000000100feff1384
WFR t=199748 src=mcu type=0x01 len=16 data=aa962e042f000000000000000000b93c
WFI t=199754 a=-1573,-3910,195 g=-3,-18,20
WFR t=199768 src=mcu type=0x01 len=16 data=aa97232c00000000000000000000e694
WFR t=199788 src=mcu type=0x01 len=16 data=aa9807010200000056117eea00007aa4
WFE t=199794 bms subscribed val=0x0010 cccd=0x0011 ctrl=0x0014 mtu=512 regs=62
WFE t=199795 bms conn itvl=80 latency=0 timeout=600
WFI t=199804 a=-1533,-3891,191 g=2,-11,2
WFE t=199808 bms reconnected (attempt 5)
WFE t=199813 bms mtu event mtu=512
WFR t=199828 src=mcu type=0x01 len=16 data=aa991d00ab04a08c64502748395e1e28
WFR t=199848 src=mcu type=0x01 len=16 data=aa9a646464625f5d5b5955010101d546
WFI t=199854 a=-1562,-3900,196 g=-2,7,-15
WFR t=199888 src=mcu type=0x01 len=16 data=aa9b0101010100000000fbfbecd30e91
WFI t=199904 a=-1563,-3890,184 g=-6,9,-15
WFR t=199909 src=mcu type=0x01 len=16 data=aa9c01180080000000000000feff0fb1
WFR t=199948 src=mcu type=0x01 len=16 data=aa9d2e042f000000000000000000a3b7
WFI t=199954 a=-1573,-3896,215 g=-7,-9,-18
WFR t=199968 src=mcu type=0x01 len=16 data=aa9e232c00000000000000000000fb5d
WFR t=199988 src=mcu type=0x01 len=16 data=aa9fb5a1b0bfd800000000000000dfe1
WFE t=199993 bms conn update status=0 itvl=12 latency=0 timeout=400
WFI t=200004 a=-1554,-3902,194 g=-2,-3,-1
WFR t=200028 src=mcu type=0x01 len=16 data=aaa000000000020c000035006a00d1bd
WFR t=200048 src=mcu type=0x01 len=16 data=aaa188044a5357583036323430360894
WFI t=200054 a=-1535,-3914,207 g=-3,-1,-16
WFR t=200084 src=bms type=0x02 len=129 data=d2037c0eee0eed0eee0eed0eee0eed0eee0eee0eec0eed0eee0eee0ef10ef10ef20ef00ef20ef20ef30ef20ef20ef30ef30ef30ef10ef30ef30ef30000000000000000003d0000000000000000000000000000042e752f02af0ef30eec003d003d00000157001c0001001d0000000100010ef00007000a00000000000000002926
WFR t=200088 src=mcu type=0x01 len=16 data=aaa231344e4242463930333500005e71
WFI t=200104 a=-1572,-3904,194 g=-1,12,-13
WFR t=200129 src=mcu type=0x01 len=16 data=aaa301180080000000000000ffff5bde
WFR t=200130 src=mcu type=0x01 len=16 data=aaa42e042f000000000000000000ff8e
WFI t=200154 a=-1587,-3899,201 g=-4,-39,24
WFR t=200168 src=mcu type=0x01 len=16 data=aaa5232c00000000000000000000a026
WFT t=200196 batt_mv=4214 rssi_mcu=-68 rssi_bms=-80 mcu=7102 bms=142 dropped=0
WFI t=200204 a=-1512,-3897,195 g=-4,-17,20
WFR t=200208 src=mcu type=0x01 len=16 data=aaa6000000000000000000000000b4ce
WFR t=200228 src=mcu type=0x01 len=16 data=aaa7000000000000000000000000b64f
WFR t=200248 src=mcu type=0x01 len=16 data=aaa801801b000000400052a8194013c9
WFI t=200254 a=-1550,-3906,207 g=2,24,-15
WFR t=200268 src=mcu type=0x01 len=16 data=aaa9028288135c4488132400ec02f999
WFI t=200304 a=-1573,-3883,196 g=-1,31,-12
WFR t=200309 src=mcu type=0x01 len=16 data=aaaa01180080000000000000feff4787
WFR t=200328 src=mcu type=0x01 len=16 data=aaab2e042f000000000000000000eb81
WFI t=200354 a=-1562,-3893,201 g=-5,-11,8
WFR t=200368 src=mcu type=0x01 len=16 data=aaac232c00000000000000000000bdef
WFR t=200388 src=mcu type=0x01 len=16 data=aaad0048005f00021000000100801d27
WFI t=200404 a=-1531,-3893,196 g=3,13,-1
WFR t=200408 src=mcu type=0x01 len=16 data=aaae55f04b0b18000000803a40005cef
WFR t=200448 src=mcu type=0x01 len=16 data=aaaf08610005460c2f78a00f090076a9
WFI t=200454 a=-1578,-3895,195 g=-5,1,-22
WFR t=200469 src=mcu type=0x01 len=16 data=aab001180080000000000000feff611d
WFI t=200504 a=-1577,-3915,195 g=-1,-7,17
WFR t=200509 src=mcu type=0x01 len=16 data=aab12e042f000000000000000000cd1b
WFR t=200528 src=mcu type=0x01 len=16 data=aab2232c0000000000000000000095f1
WFI t=200554 a=-1529,-3907,206 g=-1,-17,8
WFR t=200568 src=mcu type=0x01 len=16 data=aab3014a02050030000488001b007188
WFR t=200588 src=mcu type=0x01 len=16 data=aab400009f0ca90c9a0c540600001589
WFI t=200604 a=-1510,-3903,219 g=4,53,-31
WFR t=200608 src=mcu type=0x01 len=16 data=aab51c00e8517918060e6e0ab000559f
WFR t=200648 src=mcu type=0x01 len=16 data=aab6050804080080cb020122f13fc622
WFI t=200654 a=-1588,-3907,203 g=-3,16,-32
WFR t=200669 src=mcu type=0x01 len=16 data=aa8001180080000000000000ffff217d
WFI t=200704 a=-1603,-3918,191 g=-12,-74,31
WFR t=200709 src=mcu type=0x01 len=16 data=aa812e042f0000000000000000008ceb
WFR t=200728 src=mcu type=0x01 len=16 data=aa82232c00000000000000000000d401
WFR t=200748 src=mcu type=0x01 len=16 data=aa83000100011101b70111019f00058c
WFI t=200754 a=-1534,-3912,172 g=-14,-76,30
WFR t=200788 src=mcu type=0x01 len=16 data=aa840000090a10560001310051c45a55
WFI t=200804 a=-1520,-3898,207 g=-7,-6,-30
WFR t=200808 src=mcu type=0x01 len=16 data=aa8513088003e204080b1000507864d4
WFR t=200848 src=mcu type=0x01 len=16 data=aa868403f4010400a00f8813c003f9eb
WFI t=200854 a=-1538,-3915,227 g=10,58,-53
WFR t=200869 src=mcu type=0x01 len=16 data=aa8701180080000000000000feff2baa
WFR t=200888 src=mcu type=0x01 len=16 data=aa882e042f0000000000000000009122
WFI t=200904 a=-1522,-3925,207 g=11,101,-64
WFR t=200949 src=mcu type=0x01 len=16 data=aa89232c00000000000000000000ce8a
WFR t=200949 src=mcu type=0x01 len=16 data=aa8a480c1c0207284901230020001521
WFI t=200954 a=-1634,-3916,181 g=7,53,-31
WFR t=200989 src=mcu type=0x01 len=16 data=aa8b40005c03474c775419031a0e80f3
WFR t=201021 src=mcu type=0x01 len=16 data=aa8c2225bf0420034006b80b3e02672c
WFR t=201093 src=mcu type=0x01 len=16 data=aa8d800c800000006c07102780008244
WFR t=201094 src=mcu type=0x01 len=16 data=aa8e01180080000000000000ffff37f3
WFR t=201094 src=mcu type=0x01 len=16 data=aa8f2e042f0000000000000000009a65
WFI t=201108 a=-1602,-3893,186 g=-10,-185,161
WFI t=201110 a=-1482,-3954,241 g=5,63,-56
WFI t=201113 a=-1482,-3954,241 g=5,63,-56
WFR t=201129 src=mcu type=0x01 len=16 data=aa90232c00000000000000000000edd3
WFR t=201148 src=mcu type=0x01 len=16 data=aa910b000f00465a667332000b9ed1a0
WFI t=201154 a=-1549,-3875,156 g=-1,119,-110
WFR t=201188 src=mcu type=0x01 len=16 data=aa92000000000000000000000000fbba
WFI t=201204 a=-1561,-3925,160 g=8,123,-87
WFR t=201208 src=mcu type=0x01 len=16 data=aa93d804480804242c01c003214fe1ad
WFR t=201228 src=mcu type=0x01 len=16 data=aa94f0f465fffffff8080d00412af645
WFI t=201254 a=-1585,-3921,189 g=7,78,-65
WFR t=201269 src=mcu type=0x01 len=16 data=aa9501180080000000000000ffff13e8
WFR t=201288 src=mcu type=0x01 len=16 data=aa962e042f000000000000000000b93c
WFR t=201298 src=bms type=0x02 len=129 data=d2037c0eed0eed0eee0eed0eee0eed0eee0eee0eec0eed0eee0eee0ef10ef10ef10ef00ef10ef20ef30ef20ef20ef30ef30ef30ef10ef30ef30ef20000000000000000003d0000000000000000000000000000042e753002af0ef30eec003d003d00000157001c0001001d0000000100010ef0000700000000000000000000422d
WFI t=201304 a=-1676,-3930,225 g=-17,-48,-7
WFR t=201329 src=mcu type=0x01 len=16 data=aa97232c00000000000000000000e694
WFR t=201348 src=mcu type=0x01 len=16 data=aa9807010200000056117eea00007aa4
WFI t=201354 a=-1572,-3904,208 g=-18,-199,124
WFR t=201368 src=mcu type=0x01 len=16 data=aa991d00ab04a08c64502748395e1e28
WFI t=201404 a=-1417,-3914,171 g=-12,-55,39
WFR t=201408 src=mcu type=0x01 len=16 data=aa9a646464625f5d5b5955010101d546
WFR t=201428 src=mcu type=0x01 len=16 data=aa9b0101010100000000fbfbecd30e91
WFI t=201454 a=-1518,-3905,178 g=-15,24,-82
WFR t=201469 src=mcu type=0x01 len=16 data=aa9c01180080000000000100feff0e4d
WFR t=201488 src=mcu type=0x01 len=16 data=aa9d2e042f000000000000000000a3b7
WFI t=201504 a=-1600,-3902,196 g=11,73,-32
WFR t=201508 src=mcu type=0x01 len=16 data=aa9e232c00000000000000000000fb5d
WFR t=201548 src=mcu type=0x01 len=16 data=aa9fb5a1b0bfd800000000000000dfe1
WFI t=201554 a=-1539,-3915,190 g=-7,1,-11
WFR t=201569 src=mcu type=0x01 len=16 data=aaa000000000020c000035006a00d1bd
WFI t=201604 a=-1580,-3878,175 g=-2,8,-7
WFR t=201608 src=mcu type=0x01 len=16 data=aaa188044a5357583036323430360894
WFR t=201628 src=mcu type=0x01 len=16 data=aaa231344e4242463930333500005e71
WFI t=201654 a=-1598,-3886,185 g=-10,-68,43
WFR t=201669 src=mcu type=0x01 len=16 data=aaa301180080000000000000ffff5bde
WFR t=201689 src=mcu type=0x01 len=16 data=aaa42e042f000000000000000000ff8e
WFI t=201704 a=-1508,-3900,199 g=-7,-57,39
WFR t=201708 src=mcu type=0x01 len=16 data=aaa5232c00000000000000000000a026
WFR t=201749 src=mcu type=0x01 len=16 data=aaa6000000000000000000000000b4ce
WFI t=201754 a=-1529,-3897,193 g=-5,45,-49
WFR t=201769 src=mcu type=0x01 len=16 data=aaa7000000000000000000000000b64f
WFR t=201812 src=mcu type=0x01 len=16 data=aaa801801b000000400052a8194013c9
WFI t=201813 a=-1583,-3904,180 g=1,68,-60
WFR t=201828 src=mcu type=0x01 len=16 data=aaa9028288135c4488132400ec02f999
WFR t=201849 src=mcu type=0x01 len=16 data=aaaa01180080000000000000feff4787
WFI t=201854 a=-1596,-3895,176 g=-5,-10,-8
WFR t=201889 src=mcu type=0x01 len=16 data=aaab2e042f000000000000000000eb81
WFI t=201904 a=-1557,-3894,180 g=-10,-34,35
WFR t=201908 src=mcu type=0x01 len=16 data=aaac232c00000000000000000000bdef
WFR t=201949 src=mcu type=0x01 len=16 data=aaad0048005f00021000000100801d27
WFI t=201954 a=-1546,-3899,195 g=-5,-37,28
WFR t=201968 src=mcu type=0x01 len=16 data=aaae55f04b0b18000000803a40005cef
WFR t=201988 src=mcu type=0x01 len=16 data=aaaf08610005460c2f78a00f090076a9
WFI t=202004 a=-1543,-3898,197 g=-2,-6,5
WFR t=202029 src=mcu type=0x01 len=16 data=aab001180080000000000000feff611d
WFR t=202049 src=mcu type=0x01 len=16 data=aab12e042f000000000000000000cd1b
WFI t=202054 a=-1542,-3892,186 g=2,33,-26
WFR t=202088 src=mcu type=0x01 len=16 data=aab2232c0000000000000000000095f1
WFI t=202104 a=-1563,-3887,190 g=-7,22,-37
WFR t=202109 src=mcu type=0x01 len=16 data=aab3014a02050030000488001b007188
WFR t=202128 src=mcu type=0x01 len=16 data=aab400009f0ca90c9a0c540600001589
WFI t=202154 a=-1560,-3898,188 g=-2,14,-7
WFR t=202169 src=mcu type=0x01 len=16 data=aab51c00e8517918060ec90ab00076eb
WFI t=202204 a=-1565,-3898,179 g=-1,-13,5
WFR t=202208 src=mcu type=0x01 len=16 data=aab6050804080080cb020122f13fc622
WFR t=202229 src=mcu type=0x01 len=16 data=aa8001180080000000000000ffff217d
WFI t=202254 a=-1572,-3901,181 g=-7,-40,27
WFR t=202269 src=mcu type=0x01 len=16 data=aa812e042f0000000000000000008ceb
WFR t=202288 src=mcu type=0x01 len=16 data=aa82232c00000000000000000000d401
WFI t=202304 a=-1525,-3903,187 g=-2,-21,15
WFR t=202308 src=mcu type=0x01 len=16 data=aa83000100011101b70111019f00058c
WFR t=202318 src=bms type=0x02 len=129 data=d2037c0eed0eed0eee0eed0eee0eed0eed0eee0eec0eed0eee0eee0ef10ef10ef10ef00ef20ef20ef30ef20ef20ef30ef30ef30ef20ef30ef30ef30000000000000000003d0000000000000000000000000000042e752f02af0ef30eec003d003d00000157001c0001001d0000000100010ef00007000a000000000000000024c9
WFR t=202328 src=mcu type=0x01 len=16 data=aa840000090a10560001310051c45a55
WFI t=202354 a=-1536,-3898,200 g=-6,26,-33
WFR t=202368 src=mcu type=0x01 len=16 data=aa8513088003e204080b1000507864d4
WFR t=202388 src=mcu type=0x01 len=16 data=aa868403f4010400a00f8813c003f9eb
WFI t=202404 a=-1576,-3885,192 g=-1,28,-28
WFR t=202429 src=mcu type=0x01 len=16 data=aa8701180080000000000000ffff2a3a
WFR t=202449 src=mcu type=0x01 len=16 data=aa882e042f0000000000000000009122
WFI t=202454 a=-1570,-3894,177 g=1,-6,1
WFR t=202468 src=mcu type=0x01 len=16 data=aa89232c00000000000000000000ce8a
WFI t=202504 a=-1565,-3885,183 g=-8,-29,14
WFR t=202508 src=mcu type=0x01 len=16 data=aa8a480c1c0207284901230020001521
WFR t=202528 src=mcu type=0x01 len=16 data=aa8b40005c03474c775419031a0e80f3
WFI t=202554 a=-1548,-3888,184 g=-5,-16,14
WFR t=202569 src=mcu type=0x01 len=16 data=aa8c2225bf0420034006b80b3e02672c
WFR t=202588 src=mcu type=0x01 len=16 data=aa8d800c800000006c07102780008244
WFI t=202604 a=-1530,-3898,181 g=-6,13,-17
WFR t=202609 src=mcu type=0x01 len=16 data=aa8e01180080000000000000feff3663
WFR t=202649 src=mcu type=0x01 len=16 data=aa8f2e042f0000000000000000009a65
WFI t=202654 a=-1562,-3896,189 g=4,35,-24
WFR t=202688 src=mcu type=0x01 len=16 data=aa90232c00000000000000000000edd3
WFI t=202704 a=-1582,-3897,184 g=-6,-3,-7
WFR t=202709 src=mcu type=0x01 len=16 data=aa910b000f00465a667332000b9ed1a0
WFR t=202728 src=mcu type=0x01 len=16 data=aa92000000000000000000000000fbba
WFI t=202754 a=-1566,-3889,181 g=-2,-29,13
WFR t=202769 src=mcu type=0x01 len=16 data=aa93d804480804242c01c003214fe1ad
WFR t=202788 src=mcu type=0x01 len=16 data=aa94f0f465fffffff8080d00412af645
WFI t=202804 a=-1547,-3903,201 g=-2,-16,9
WFR t=202809 src=mcu type=0x01 len=16 data=aa9501180080000000000100feff1384
WFR t=202849 src=mcu type=0x01 len=16 data=aa962e042f000000000000000000b93c
WFI t=202854 a=-1551,-3880,195 g=2,11,-14
WFR t=202868 src=mcu type=0x01 len=16 data=aa97232c00000000000000000000e694
WFI t=202904 a=-1561,-3896,195 g=-3,17,-16
WFR t=202908 src=mcu type=0x01 len=16 data=aa9807010200000056117eea00007aa4
WFR t=202928 src=mcu type=0x01 len=16 data=aa991d00ab04a08c64502748395e1e28
WFR t=202948 src=mcu type=0x01 len=16 data=aa9a646464625f5d5b5955010101d546
WFI t=202954 a=-1557,-3887,193 g=-3,-1,-7
WFR t=202989 src=mcu type=0x01 len=16 data=aa9b0101010100000000fbfbecd30e91
WFI t=203093 a=-1549,-3908,195 g=1,-13,11
WFR t=203094 src=mcu type=0x01 len=16 data=aa9c01180080000000000000ffff0e21
WFR t=203156 src=mcu type=0x01 len=16 data=aa9d2e042f000000000000000000a3b7
WFR t=203157 src=mcu type=0x01 len=16 data=aa9e232c00000000000000000000fb5d
WFR t=203157 src=mcu type=0x01 len=16 data=aa9fb5a1b0bfd800000000000000dfe1
WFR t=203157 src=mcu type=0x01 len=16 data=aaa000000000020c000035006a00d1bd
WFR t=203157 src=mcu type=0x01 len=16 data=aaa188044a5357583036323430360894
WFI t=203172 a=-1550,-3894,203 g=-6,3,-11
WFI t=203245 a=-1556,-3901,203 g=-6,-5,1
WFI t=203248 a=-1547,-3888,190 g=-6,-7,2
WFR t=203250 src=mcu type=0x01 len=16 data=aaa231344e4242463930333500005e71
WFR t=203250 src=mcu type=0x01 len=16 data=aaa301180080000000000000feff5a4e
WFR t=203251 src=mcu type=0x01 len=16 data=aaa42e042f000000000000000000ff8e
WFI t=203251 a=-1547,-3888,190 g=-6,-7,2
WFI t=203254 a=-1562,-3898,183 g=-6,-8,2
WFR t=203269 src=mcu type=0x01 len=16 data=aaa5232c00000000000000000000a026
WFR t=203288 src=mcu type=0x01 len=16 data=aaa6000000000000000000000000b4ce
WFI t=203304 a=-1549,-3888,182 g=-8,-13,3
WFR t=203328 src=mcu type=0x01 len=16 data=aaa7000000000000000000000000b64f
WFR t=203348 src=mcu type=0x01 len=16 data=aaa801801b000000400052a8194013c9
WFI t=203354 a=-1550,-3908,202 g=-1,-5,1
WFR t=203388 src=mcu type=0x01 len=16 data=aaa9028288135c4488132400ec02f999
WFI t=203404 a=-1549,-3905,196 g=-7,1,-6
WFR t=203409 src=mcu type=0x01 len=16 data=aaaa01180080000000000000ffff4617
WFR t=203429 src=mcu type=0x01 len=16 data=aaab2e042f000000000000000000eb81
WFI t=203454 a=-1553,-3898,181 g=2,9,-13
WFR t=203459 src=bms type=0x02 len=129 data=d2037c0eed0eed0eee0eed0eee0eed0eee0eee0eec0eed0eee0eee0ef10ef10ef10ef00ef20ef20ef30ef20ef30ef30ef30ef30ef10ef30ef30ef30000000000000000003d0000000000000000000000000000042e752f02af0ef30eec003d003d00000157001c0001001d0000000100010ef00007000a00000000000000008808
WFR t=203469 src=mcu type=0x01 len=16 data=aaac232c00000000000000000000bdef
WFR t=203488 src=mcu type=0x01 len=16 data=aaad0048005f00021000000100801d27
WFI t=203504 a=-1559,-3894,190 g=-2,11,-16
WFR t=203528 src=mcu type=0x01 len=16 data=aaae55f04b0b18000000803a40005cef
WFR t=203549 src=mcu type=0x01 len=16 data=aaaf08610005460c2f78a00f090076a9
WFI t=203554 a=-1565,-3901,189 g=0,-8,4
WFR t=203569 src=mcu type=0x01 len=16 data=aab001180080000000000100feff60e1
WFI t=203604 a=-1541,-3899,194 g=-3,-18,13
WFR t=203609 src=mcu type=0x01 len=16 data=aab12e042f000000000000000000cd1b
WFR t=203628 src=mcu type=0x01 len=16 data=aab2232c0000000000000000000095f1
WFI t=203654 a=-1542,-3913,206 g=-4,-8,-6
WFR t=203689 src=mcu type=0x01 len=16 data=aab3014a02050030000488001b007188
WFR t=203689 src=mcu type=0x01 len=16 data=aab400009f0ca90c9a0c540600001589
WFI t=203704 a=-1557,-3901,198 g=-2,12,-9
WFR t=203708 src=mcu type=0x01 len=16 data=aab51c00e8517918060e4d0bb0000fdb
WFR t=203748 src=mcu type=0x01 len=16 data=aab6050804080080cb020122f13fc622
WFI t=203754 a=-1554,-3900,185 g=-9,13,-22
WFR t=203769 src=mcu type=0x01 len=16 data=aa8001180080000000000000feff20ed
WFI t=203804 a=-1584,-3902,181 g=1,2,-6
WFR t=203809 src=mcu type=0x01 len=16 data=aa812e042f0000000000000000008ceb
WFR t=203828 src=mcu type=0x01 len=16 data=aa82232c00000000000000000000d401
WFI t=203854 a=-1565,-3893,175 g=-4,-23,11
WFR t=203868 src=mcu type=0x01 len=16 data=aa83000100011101b70111019f00058c
WFR t=203889 src=mcu type=0x01 len=16 data=aa840000090a10560001310051c45a55
WFI t=203904 a=-1543,-3904,206 g=-3,-19,5
WFR t=203909 src=mcu type=0x01 len=16 data=aa8513088003e204080b1000507864d4
WFR t=203948 src=mcu type=0x01 len=16 data=aa868403f4010400a00f8813c003f9eb
WFI t=203954 a=-1540,-3890,200 g=3,6,-3
WFR t=203969 src=mcu type=0x01 len=16 data=aa8701180080000000000100feff2a56
WFI t=204004 a=-1551,-3897,195 g=0,17,-24
WFR t=204009 src=mcu type=0x01 len=16 data=aa882e042f0000000000000000009122
WFR t=204029 src=mcu type=0x01 len=16 data=aa89232c00000000000000000000ce8a
WFR t=204048 src=mcu type=0x01 len=16 data=aa8a480c1c0207284901230020001521
WFI t=204054 a=-1566,-3911,196 g=0,11,-12
WFR t=204089 src=mcu type=0x01 len=16 data=aa8b40005c03474c775419031a0e80f3
WFI t=204104 a=-1558,-3904,202 g=-2,-10,12
WFR t=204108 src=mcu type=0x01 len=16 data=aa8c2225bf0420034006b80b3e02672c
WFR t=204149 src=mcu type=0x01 len=16 data=aa8d800c800000006c07102780008244
WFI t=204154 a=-1544,-3907,189 g=0,-15,9
WFR t=204169 src=mcu type=0x01 len=16 data=aa8e01180080000000000100feff379f
WFR t=204189 src=mcu type=0x01 len=16 data=aa8f2e042f0000000000000000009a65
WFI t=204204 a=-1570,-3908,185 g=1,0,4
WFR t=204228 src=mcu type=0x01 len=16 data=aa90232c00000000000000000000edd3
WFR t=204248 src=mcu type=0x01 len=16 data=aa910b000f00465a667332000b9ed1a0
WFI t=204254 a=-1553,-3887,184 g=-1,5,-3
WFR t=204289 src=mcu type=0x01 len=16 data=aa92000000000000000000000000fbba
WFI t=204304 a=-1587,-3885,202 g=-7,4,-16
WFR t=204309 src=mcu type=0x01 len=16 data=aa93d804480804242c01c003214fe1ad
WFR t=204329 src=mcu type=0x01 len=16 data=aa94f0f465fffffff8080d00412af645
WFI t=204354 a=-1559,-3893,179 g=-3,8,-8
WFR t=204359 src=bms type=0x02 len=129 data=d2037c0eee0eed0eee0eed0eee0eed0eee0eee0eec0eed0eee0eee0ef10ef10ef20ef00ef20ef20ef30ef30ef20ef30ef30ef30ef10ef30ef30ef30000000000000000003d0000000000000000000000000000042e752f02af0ef30eec003d003d00000157001c0001001d0000000100010ef00007000a0000000000000000bc1e
WFR t=204369 src=mcu type=0x01 len=16 data=aa9501180080000000000000feff1278
WFR t=204389 src=mcu type=0x01 len=16 data=aa962e042f000000000000000000b93c
WFI t=204404 a=-1555,-3900,181 g=-2,-2,-7
WFR t=204429 src=mcu type=0x01 len=16 data=aa97232c00000000000000000000e694
WFR t=204449 src=mcu type=0x01 len=16 data=aa9807010200000056117eea00007aa4
WFI t=204454 a=-1568,-3905,193 g=-5,-14,5
WFR t=204489 src=mcu type=0x01 len=16 data=aa991d00ab04a08c64502748395e1e28
WFI t=204504 a=-1564,-3902,199 g=0,-21,8
WFR t=204509 src=mcu type=0x01 len=16 data=aa9a646464625f5d5b5955010101d546
WFR t=204529 src=mcu type=0x01 len=16 data=aa9b0101010100000000fbfbecd30e91
WFI t=204554 a=-1541,-3910,198 g=-6,-7,-9
WFR t=204569 src=mcu type=0x01 len=16 data=aa9c01180080000000000000ffff0e21
WFE t=204576 stop: user
CAPDUMP_END records=0
wf>  