
wf>  
=== $ capdump 8
capdump 8
CAPHDR seq=8 version=1 unix_start=1788626495 boot_ms=46433 mcu= bms=40:18:03:01:20:e9 note=wildfire idf v6.1
WFI t=2 a=-3655,-756,1909 g=1,-1,-4
WFE t=3 capture start seq=8 file=cap0008.wfl unix=1788626495 batt=4182 mv
WFE t=16 tune poll_ms=1000 poll_regs=62 stale_ms=10000 miss_probe=3 probe=0 mcu_off=1 itvl=0
WFE t=17 bms connected addr=40:18:03:01:20:e9
WFT t=35 batt_mv=4184 rssi_mcu=0 rssi_bms=-83 mcu=0 bms=0 dropped=0
WFE t=36 bms mtu event mtu=512
WFI t=51 a=-3658,-763,1921 g=-2,-2,-5
WFE t=63 bms conn update req itvl=12-12 latency=0 timeout=400 via=l2cap
WFI t=101 a=-3655,-748,1924 g=-1,0,-4
WFI t=151 a=-3659,-754,1921 g=-9,-3,-5
WFI t=201 a=-3655,-759,1914 g=-2,-2,-4
WFI t=251 a=-3657,-736,1934 g=2,-2,-5
WFR t=262 src=bms type=0x02 len=129 data=d2037c0ee80ee80ee80ee80ee80ee80ee90ee90ee70ee80ee90ee90eec0eec0eed0eeb0eed0eed0eee0eed0eed0eee0eee0eee0eec0eed0eee0eed0000000000000000003d0000000000000000000000000000042d752e02ad0eee0ee7003d003d00000156001c0001001d0000000100010eea000700150000000000000000be78
WFI t=301 a=-3648,-768,1932 g=-4,-2,-4
WFI t=351 a=-3656,-754,1922 g=-8,-1,-3
WFI t=401 a=-3648,-767,1923 g=-4,1,-3
WFI t=451 a=-3649,-746,1912 g=-3,-1,-4
WFI t=501 a=-3650,-769,1921 g=5,-2,-5
WFI t=551 a=-3647,-762,1937 g=-3,-3,-5
WFI t=601 a=-3664,-767,1912 g=0,-2,-3
WFI t=651 a=-3658,-771,1923 g=-5,0,-4
WFI t=701 a=-3655,-760,1918 g=-2,-1,-6
WFI t=751 a=-3659,-764,1937 g=-3,-1,-5
WFE t=763 bms conn update status=0 itvl=12 latency=0 timeout=400
WFI t=801 a=-3657,-773,1934 g=-1,-2,-5
WFI t=852 a=-3650,-760,1928 g=2,0,-4
WFI t=901 a=-3650,-762,1931 g=-4,-2,-5
WFI t=951 a=-3649,-766,1923 g=-6,-3,-4
WFI t=1002 a=-3660,-768,1930 g=-8,-2,-4
WFI t=1051 a=-3656,-767,1926 g=-5,-3,-3
WFI t=1101 a=-3654,-755,1920 g=-5,-2,-6
WFI t=1151 a=-3637,-750,1935 g=1,-1,-5
WFI t=1201 a=-3649,-755,1927 g=-4,-2,-4
WFI t=1251 a=-3659,-765,1928 g=0,-1,-4
WFI t=1302 a=-3655,-762,1920 g=-6,-1,-5
WFI t=1351 a=-3653,-764,1917 g=-1,-1,-5
WFR t=1362 src=bms type=0x02 len=129 data=d2037c0ee80ee80ee90ee80ee80ee80ee90ee90ee70ee80ee90ee90eec0eec0eed0eeb0eed0eed0eee0eed0eed0eee0eee0eee0eec0eee0eee0eee0000000000000000003d0000000000000000000000000000042d752f02ad0eee0ee7003d003d00000156001c0001001d0000000100010eeb0007000a0000000000000000c275
WFI t=1401 a=-3657,-767,1922 g=0,-1,-4
WFI t=1452 a=-3649,-753,1931 g=-5,-1,-2
WFI t=1501 a=-3649,-753,1935 g=-1,-4,-4
WFI t=1551 a=-3662,-772,1940 g=-5,-2,-3
WFI t=1602 a=-3647,-762,1924 g=-6,0,-4
WFI t=1651 a=-3638,-766,1918 g=-6,0,-4
WFI t=1701 a=-3655,-762,1931 g=-2,-2,-4
WFI t=1751 a=-3648,-749,1921 g=-2,-4,-4
WFI t=1801 a=-3657,-770,1917 g=-6,-1,-5
WFI t=1851 a=-3648,-764,1924 g=-3,-3,-5
WFI t=1996 a=-3658,-752,1934 g=-3,-3,-5
WFI t=2013 a=-3654,-756,1912 g=-5,-2,-3
WFI t=2016 a=-3634,-762,1910 g=1,-1,-2
WFI t=2052 a=-3657,-768,1921 g=-5,-2,-5
WFI t=2101 a=-3667,-766,1943 g=-5,-1,-8
WFI t=2151 a=-3648,-761,1918 g=-5,-1,-5
WFI t=2202 a=-3646,-764,1925 g=-7,-1,-2
WFI t=2251 a=-3651,-764,1911 g=-2,-2,-4
WFI t=2301 a=-3646,-762,1907 g=-1,-2,-5
WFI t=2351 a=-3650,-766,1918 g=3,0,-5
WFR t=2397 src=bms type=0x02 len=129 data=d2037c0ee90ee80ee90ee80ee90ee80ee90ee90ee70ee80ee90ee90eec0eec0eed0eeb0eed0eed0eee0eed0eed0eee0eee0eee0eec0eee0eee0eee0000000000000000003d0000000000000000000000000000042d752f02ad0eee0ee7003d003d00000156001c0001001d0000000100010eeb0007000a00000000000000006cf3
WFI t=2401 a=-3659,-757,1929 g=-2,-2,-4
WFI t=2451 a=-3643,-766,1922 g=-2,0,-4
WFI t=2501 a=-3650,-756,1924 g=-3,0,-4
WFI t=2551 a=-3656,-752,1917 g=-1,0,-5
WFI t=2601 a=-3651,-760,1922 g=-3,-1,-4
WFI t=2651 a=-3656,-748,1920 g=-4,-2,-3
WFI t=2701 a=-3645,-768,1908 g=1,0,-6
WFI t=2751 a=-3647,-772,1920 g=2,0,-7
WFI t=2801 a=-3656,-768,1926 g=-2,-3,-5
WFI t=2851 a=-3665,-755,1918 g=-5,-1,-3
WFI t=2901 a=-3656,-754,1922 g=1,0,-3
WFI t=2951 a=-3656,-764,1917 g=-5,-1,-6
WFI t=3001 a=-3644,-749,1917 g=-1,-1,-6
WFI t=3051 a=-3658,-757,1902 g=-4,-1,-5
WFI t=3101 a=-3646,-762,1907 g=-4,-3,-5
WFI t=3151 a=-3647,-759,1927 g=-2,-2,-5
WFI t=3202 a=-3647,-756,1923 g=-3,-1,-7
WFI t=3251 a=-3650,-753,1918 g=0,-2,-4
WFI t=3301 a=-3653,-760,1927 g=-7,-4,-3
WFI t=3351 a=-3651,-766,1920 g=-1,-2,-5
WFI t=3401 a=-3655,-757,1907 g=-1,0,-5
WFR t=3403 src=bms type=0x02 len=129 data=d2037c0ee80ee80ee90ee80ee90ee80ee90ee90ee70ee80ee90ee90eec0eec0eec0eeb0eed0eed0eee0eed0eed0eee0eee0eee0eec0eed0eee0eee0000000000000000003d0000000000000000000000000000042d752f02ad0eee0ee7003d003d00000156001c0001001d0000000100010eeb0007000a0000000000000000e890
WFI t=3451 a=-3655,-755,1918 g=-3,-3,-4
WFI t=3501 a=-3647,-763,1913 g=-5,-2,-4
WFI t=3551 a=-3654,-776,1908 g=-5,-2,-4
WFI t=3601 a=-3653,-755,1923 g=3,-1,-4
WFI t=3651 a=-3661,-769,1931 g=-3,0,-5
WFI t=3701 a=-3641,-764,1926 g=-5,-2,-4
WFI t=3751 a=-3658,-763,1910 g=-5,-1,-4
WFI t=3801 a=-3651,-750,1903 g=-2,0,-5
WFI t=3851 a=-3650,-756,1912 g=-3,-1,-6
WFI t=4009 a=-3647,-765,1924 g=-4,-2,-3
WFI t=4025 a=-3661,-767,1914 g=-4,-2,-6
WFI t=4027 a=-3650,-754,1908 g=4,0,-6
WFI t=4051 a=-3657,-756,1908 g=-1,-1,-6
WFI t=4101 a=-3645,-763,1926 g=-1,0,-5
WFI t=4151 a=-3649,-763,1912 g=-5,-3,-3
WFI t=4201 a=-3659,-767,1907 g=-4,-2,-4
WFI t=4251 a=-3654,-772,1918 g=-2,-1,-5
WFI t=4301 a=-3646,-754,1917 g=-3,-2,-7
WFI t=4351 a=-3638,-766,1920 g=-7,-4,-5
WFI t=4401 a=-3654,-764,1915 g=-7,-4,-4
WFR t=4408 src=bms type=0x02 len=129 data=d2037c0ee90ee80ee90ee80ee90ee80ee90ee90ee70ee80ee90ee90eec0eec0eed0eeb0eed0eed0eee0eed0eed0eee0eee0eee0eec0eee0eee0eee0000000000000000003d0000000000000000000000000000042d752f02ad0eee0ee7003d003d00000156001c0001001d0000000100010eeb0007000a00000000000000006cf3
WFI t=4451 a=-3664,-773,1915 g=-1,-1,-5
WFI t=4501 a=-3651,-748,1917 g=-4,-2,-5
WFI t=4551 a=-3659,-748,1915 g=-4,0,-4
WFI t=4601 a=-3646,-754,1910 g=0,-2,-2
WFI t=4651 a=-3658,-756,1922 g=-6,-3,-5
WFI t=4701 a=-3653,-753,1913 g=0,-1,-5
WFI t=4751 a=-3662,-763,1915 g=-4,-2,-5
WFI t=4801 a=-3654,-774,1917 g=-3,-2,-5
WFI t=4851 a=-3657,-763,1918 g=-6,-2,-5
WFI t=4901 a=-3650,-761,1916 g=-3,-2,-6
WFI t=4951 a=-3659,-756,1916 g=-6,-3,-5
WFI t=5001 a=-3655,-761,1911 g=-9,-2,-4
WFI t=5051 a=-3657,-759,1911 g=-1,-2,-4
WFI t=5102 a=-3642,-758,1918 g=2,1,-4
WFI t=5151 a=-3657,-744,1917 g=-2,-4,-4
WFI t=5201 a=-3637,-762,1918 g=0,-2,-2
WFT t=5221 batt_mv=4186 rssi_mcu=0 rssi_bms=-82 mcu=0 bms=5 dropped=0
WFI t=5251 a=-3662,-755,1920 g=-2,-1,-4
WFI t=5301 a=-3661,-768,1908 g=-1,-1,-4
WFI t=5351 a=-3659,-763,1914 g=5,2,-4
WFI t=5401 a=-3648,-761,1908 g=-4,-2,-5
WFR t=5413 src=bms type=0x02 len=129 data=d2037c0ee80ee80ee90ee80ee80ee80ee90ee90ee70ee80ee90ee90eec0eec0eed0eeb0eed0eed0eee0eed0eed0eee0eee0eee0eec0eee0eee0eee0000000000000000003d0000000000000000000000000000042d752f02ad0eee0ee7003d003d00000156001c0001001d0000000100010eeb0007000a0000000000000000c275
WFI t=5451 a=-3651,-750,1920 g=-2,-1,-5
WFI t=5501 a=-3660,-761,1908 g=-3,-2,-4
WFI t=5551 a=-3641,-755,1907 g=-5,-2,-6
WFI t=5601 a=-3648,-763,1912 g=1,-2,-5
WFI t=5651 a=-3647,-756,1918 g=-5,-3,-4
WFI t=5701 a=-3650,-756,1916 g=-4,0,-3
WFI t=5751 a=-3652,-763,1918 g=-1,-2,-5
WFI t=5801 a=-3648,-776,1916 g=0,-2,-4
WFI t=5851 a=-3649,-754,1917 g=0,-1,-4
WFI t=6014 a=-3652,-764,1921 g=1,-2,-5
WFI t=6029 a=-3658,-750,1922 g=-2,-1,-4
WFI t=6031 a=-3665,-771,1915 g=-6,-2,-5
WFI t=6051 a=-3656,-755,1914 g=2,0,-5
WFI t=6101 a=-3639,-754,1915 g=-1,-3,-4
WFI t=6151 a=-3652,-749,1917 g=-4,-1,-6
WFI t=6201 a=-3656,-767,1915 g=-2,-1,-5
WFI t=6251 a=-3671,-760,1915 g=2,-2,-4
WFI t=6301 a=-3648,-760,1921 g=-8,-1,-4
WFI t=6352 a=-3651,-763,1911 g=1,-1,-4
WFI t=6401 a=-3663,-766,1907 g=-3,-2,-4
WFR t=6418 src=bms type=0x02 len=129 data=d2037c0ee80ee80ee90ee80ee80ee80ee90ee90ee70ee80ee90ee90eec0eec0eec0eeb0eed0eed0eee0eee0eed0eee0eee0eee0eec0eee0eee0eee0000000000000000003d0000000000000000000000000000042d752f02ad0eee0ee7003d003d00000156001c0001001d0000000100010eeb0007000a00000000000000005890
WFI t=6451 a=-3641,-744,1911 g=1,-1,-4
WFI t=6501 a=-3652,-765,1909 g=-1,-1,-4
WFI t=6551 a=-3650,-757,1920 g=-3,-3,-5
WFI t=6601 a=-3664,-769,1922 g=-3,-3,-4
WFI t=6651 a=-3639,-754,1926 g=-6,-3,-6
WFI t=6701 a=-3652,-760,1918 g=-7,-1,-5
WFI t=6751 a=-3652,-758,1909 g=-9,-2,-4
WFI t=6802 a=-3650,-756,1904 g=-2,-2,-4
WFI t=6851 a=-3654,-765,1909 g=-2,-1,-5
WFI t=6901 a=-3642,-761,1912 g=-1,-1,-4
WFI t=6951 a=-3650,-773,1918 g=-4,-4,-4
WFI t=7001 a=-3661,-768,1930 g=-4,0,-4
WFI t=7051 a=-3655,-753,1914 g=-2,-2,-4
WFI t=7101 a=-3655,-757,1926 g=0,-1,-5
WFI t=7151 a=-3645,-767,1918 g=-4,0,-5
WFI t=7201 a=-3656,-766,1916 g=-1,-2,-3
WFI t=7251 a=-3658,-772,1924 g=-2,-2,-5
WFI t=7301 a=-3660,-747,1916 g=-3,-2,-4
WFI t=7351 a=-3653,-752,1921 g=4,-2,-3
WFI t=7401 a=-3653,-766,1916 g=-8,0,-5
WFR t=7423 src=bms type=0x02 len=129 data=d2037c0ee90ee80ee90ee80ee90ee80ee90ee90ee70ee80ee90ee90eec0eec0eed0eeb0eed0eed0eee0eee0eed0eee0eee0eee0eed0eee0eee0eee0000000000000000003d0000000000000000000000000000042d752f02ad0eee0ee7003d003d00000156001c0001001d0000000100010eeb0007000a00000000000000002e86
WFI t=7480 a=-3663,-766,1914 g=-4,-1,-6
WFI t=7501 a=-3666,-758,1902 g=-3,-3,-6
WFI t=7551 a=-3665,-755,1921 g=-1,-1,-4
WFI t=7601 a=-3653,-759,1912 g=-6,-3,-3
WFI t=7651 a=-3662,-776,1916 g=-5,-1,-4
WFI t=7702 a=-3665,-761,1909 g=-3,-1,-5
WFI t=7751 a=-3650,-764,1904 g=-5,-1,-4
WFI t=7801 a=-3656,-767,1922 g=-5,-2,-5
WFI t=7851 a=-3657,-757,1909 g=-10,-3,-4
WFI t=7940 a=-3656,-754,1903 g=-4,-1,-3
WFI t=7986 a=-3656,-757,1917 g=-4,-3,-6
WFI t=8002 a=-3653,-758,1915 g=1,-2,-3
WFI t=8169 a=-3655,-755,1914 g=-4,0,-5
WFI t=8270 a=-3658,-751,1913 g=2,-3,-6
WFI t=8272 a=-3650,-754,1915 g=-3,-2,-6
WFI t=8274 a=-3649,-774,1913 g=0,-1,-3
WFI t=8276 a=-3649,-774,1913 g=0,-1,-3
WFI t=8302 a=-3643,-764,1914 g=-6,-1,-5
WFI t=8351 a=-3659,-769,1913 g=-1,-1,-4
WFI t=8401 a=-3643,-762,1922 g=-1,-2,-5
WFI t=8451 a=-3660,-763,1913 g=-7,-2,-5
WFR t=8473 src=bms type=0x02 len=129 data=d2037c0ee80ee80ee90ee80ee80ee80ee90ee90ee70ee80ee90ee90eec0eec0eec0eec0eed0eed0eee0eee0eed0eee0eee0eee0eec0eee0eed0eee0000000000000000003d0000000000000000000000000000042d752f02ad0eee0ee7003d003d00000156001c0001001d0000000100010eeb0007000a000000000000000041e4
WFI t=8501 a=-3661,-764,1905 g=-5,-3,-3
WFI t=8551 a=-3651,-765,1916 g=-3,-2,-4
WFI t=8601 a=-3665,-757,1913 g=-3,-1,-5
WFI t=8651 a=-3658,-769,1917 g=0,-2,-5
WFI t=8701 a=-3653,-758,1918 g=-5,-1,-3
WFI t=8751 a=-3649,-761,1915 g=-3,-2,-5
WFI t=8801 a=-3651,-741,1908 g=-3,-1,-6
WFI t=8851 a=-3639,-762,1917 g=2,-1,-4
WFI t=8902 a=-3639,-761,1904 g=-5,-1,-4
WFI t=8951 a=-3647,-763,1911 g=-3,-1,-4
WFI t=9001 a=-3653,-760,1921 g=-3,-2,-6
WFI t=9052 a=-3652,-747,1912 g=-3,-2,-5
WFI t=9101 a=-3666,-753,1901 g=-2,-1,-3
WFI t=9151 a=-3643,-770,1906 g=-2,0,-5
WFI t=9202 a=-3661,-779,1920 g=-7,-3,-5
WFI t=9251 a=-3647,-757,1908 g=-3,-3,-3
WFI t=9301 a=-3659,-763,1922 g=-3,-1,-4
WFI t=9351 a=-3650,-771,1917 g=-8,-2,-5
WFI t=9401 a=-3653,-757,1917 g=-5,0,-5
WFI t=9451 a=-3658,-760,1907 g=-6,-1,-5
WFR t=9478 src=bms type=0x02 len=129 data=d2037c0ee90ee80ee80ee80ee80ee80ee90ee90ee70ee80ee90ee90eec0eec0eed0eeb0eed0eed0eee0eed0eed0eee0eee0eee0eec0eee0eee0eee0000000000000000003d0000000000000000000000000000042d752e02ad0eef0ee7003d003d00000156001c0001001d0000000100010eeb0008001500000000000000002081
WFI t=9501 a=-3653,-754,1921 g=-2,-2,-3
WFI t=9551 a=-3660,-774,1930 g=-4,-1,-4
WFI t=9601 a=-3640,-759,1912 g=-4,0,-4
WFI t=9652 a=-3642,-764,1918 g=-2,-1,-6
WFI t=9701 a=-3666,-759,1916 g=-7,-1,-6
WFI t=9751 a=-3647,-765,1912 g=-1,-1,-4
WFI t=9802 a=-3649,-774,1907 g=-2,-1,-4
WFI t=9851 a=-3652,-750,1911 g=-3,-1,-4
WFI t=9901 a=-3658,-763,1922 g=-8,-1,-5
WFI t=9960 a=-3643,-762,1910 g=-5,-2,-4
WFI t=10065 a=-3675,-758,1910 g=-4,0,-4
WFI t=10068 a=-3651,-757,1908 g=-3,-2,-5
WFI t=10102 a=-3658,-763,1907 g=0,-1,-4
WFI t=10151 a=-3655,-754,1908 g=0,-2,-4
WFI t=10201 a=-3640,-763,1907 g=-6,-1,-5
WFI t=10251 a=-3652,-751,1903 g=-3,-2,-4
WFT t=10297 batt_mv=4170 rssi_mcu=0 rssi_bms=-77 mcu=0 bms=10 dropped=0
WFI t=10301 a=-3659,-756,1902 g=-5,0,-4
WFI t=10351 a=-3657,-759,1914 g=-4,-1,-4
WFI t=10401 a=-3655,-753,1905 g=-4,-1,-5
WFI t=10451 a=-3653,-751,1914 g=-2,0,-4
WFR t=10483 src=bms type=0x02 len=129 data=d2037c0ee80ee80ee90ee90ee90ee80ee90ee90ee70ee80ee90ee90eec0eec0eed0eeb0eed0eed0eee0eee0eed0eee0eee0eee0eec0eee0eed0eee0000000000000000003d0000000000000000000000000000042d752f02ad0eee0ee7003d003d00000156001c0001001d0000000100010eeb0007000a00000000000000000840
WFI t=10501 a=-3650,-755,1921 g=1,-1,-4
WFI t=10551 a=-3653,-764,1917 g=-3,-1,-4
WFI t=10601 a=-3653,-759,1912 g=-7,-3,-4
WFI t=10651 a=-3657,-761,1915 g=-4,-2,-5
WFI t=10702 a=-3653,-754,1918 g=-2,-3,-4
WFI t=10751 a=-3652,-766,1916 g=1,0,-4
WFI t=10801 a=-3649,-758,1911 g=-5,-3,-5
WFI t=10851 a=-3665,-757,1904 g=-7,-1,-4
WFI t=10901 a=-3659,-760,1918 g=0,-1,-4
WFI t=10951 a=-3643,-759,1912 g=-1,-3,-4
WFI t=11001 a=-3662,-759,1922 g=-2,-2,-4
WFI t=11051 a=-3652,-761,1912 g=-1,-2,-3
WFI t=11101 a=-3667,-756,1905 g=-1,-1,-4
WFI t=11151 a=-3653,-763,1909 g=-1,-1,-5
WFI t=11201 a=-3651,-762,1917 g=-3,-1,-4
WFI t=11251 a=-3652,-765,1918 g=-2,-1,-3
WFI t=11302 a=-3648,-769,1909 g=-5,-1,-5
WFI t=11351 a=-3660,-745,1908 g=-2,-2,-4
WFI t=11401 a=-3660,-764,1912 g=-5,-2,-4
WFI t=11451 a=-3647,-771,1904 g=-2,-1,-3
WFR t=11488 src=bms type=0x02 len=129 data=d2037c0ee90ee70ee90ee80ee90ee80ee90ee90ee70ee80ee90ee90eec0eec0eec0eeb0eed0eed0eee0eee0eed0eee0eee0eee0eec0eee0eee0eee0000000000000000003d0000000000000000000000000000042d752f02ad0eee0ee7003d003d00000156001c0001001d0000000100010eeb0007000a0000000000000000f7e2
WFI t=11501 a=-3656,-764,1904 g=-2,-1,-5
WFI t=11551 a=-3653,-765,1911 g=-3,-1,-5
WFI t=11601 a=-3663,-763,1918 g=-1,-2,-4
WFI t=11651 a=-3649,-761,1917 g=-3,-1,-3
WFI t=11701 a=-3651,-768,1912 g=-4,-3,-3
WFI t=11751 a=-3656,-760,1913 g=-6,-3,-6
WFI t=11801 a=-3663,-757,1909 g=-3,-1,-5
WFI t=11851 a=-3661,-771,1908 g=-6,-2,-3
WFI t=11901 a=-3663,-763,1903 g=-1,-2,-5
WFI t=12068 a=-3658,-769,1913 g=-3,-1,-4
WFI t=12070 a=-3664,-753,1916 g=-1,-1,-4
WFI t=12072 a=-3664,-753,1916 g=-1,-1,-4
WFI t=12101 a=-3646,-761,1921 g=-5,-3,-3
WFI t=12151 a=-3652,-768,1911 g=0,0,-5
WFI t=12201 a=-3661,-764,1915 g=0,0,-7
WFI t=12251 a=-3655,-758,1924 g=3,-1,-5
WFI t=12301 a=-3653,-764,1925 g=-4,-2,-3
WFI t=12351 a=-3651,-763,1905 g=-2,-2,-4
WFI t=12401 a=-3648,-758,1905 g=-3,-2,-6
WFI t=12451 a=-3653,-769,1922 g=2,-1,-4
WFR t=12493 src=bms type=0x02 len=129 data=d2037c0ee90ee80ee90ee80ee90ee80ee90ee90ee70ee80ee90ee90eec0eec0eed0eec0eed0eed0eee0eed0eed0eee0eee0eee0eec0eee0eee0eee0000000000000000003d0000000000000000000000000000042d752f02ad0eef0ee7003d003d00000156001c0001001d0000000100010eeb0008000a00000000000000001546
WFI t=12501 a=-3658,-757,1912 g=0,-3,-4
WFI t=12551 a=-3662,-763,1917 g=-2,-1,-4
WFI t=12601 a=-3661,-758,1913 g=-4,-2,-4
WFI t=12651 a=-3649,-762,1916 g=-1,-1,-5
WFI t=12701 a=-3657,-762,1921 g=-2,-2,-5
WFI t=12751 a=-3648,-752,1918 g=-3,-1,-5
WFI t=12801 a=-3656,-754,1907 g=-7,-1,-4
WFI t=12851 a=-3653,-750,1926 g=-2,-3,-6
WFI t=12901 a=-3655,-758,1918 g=-1,-1,-4
WFI t=12951 a=-3647,-761,1902 g=-4,-2,-3
WFI t=13001 a=-3656,-772,1906 g=-3,-2,-3
WFI t=13051 a=-3653,-751,1918 g=-4,-1,-6
WFI t=13101 a=-3650,-756,1930 g=-2,-1,-6
WFI t=13151 a=-3642,-761,1924 g=-3,-1,-5
WFI t=13201 a=-3666,-765,1923 g=-2,-1,-3
WFI t=13251 a=-3652,-760,1899 g=-3,-1,-4
WFI t=13301 a=-3657,-752,1909 g=-4,-2,-5
WFI t=13351 a=-3661,-758,1917 g=-4,-2,-5
WFI t=13401 a=-3651,-751,1927 g=-4,-2,-4
WFI t=13451 a=-3647,-756,1925 g=-1,-2,-4
WFR t=13498 src=bms type=0x02 len=129 data=d2037c0ee80ee80ee90ee80ee90ee80ee90ee90ee70ee80ee90ee90eec0eec0eed0eec0eed0eed0eee0eed0eed0eee0eee0eee0eec0eee0eee0eee0000000000000000003d0000000000000000000000000000042d752f02ad0eee0ee7003d003d00000156001c0001001d0000000100010eeb0007000a00000000000000006d3e
WFI t=13501 a=-3656,-764,1916 g=-4,-3,-3
WFI t=13551 a=-3657,-761,1922 g=-5,-1,-3
WFI t=13601 a=-3652,-755,1911 g=-5,-2,-6
WFI t=13651 a=-3643,-743,1903 g=-2,-2,-6
WFI t=13701 a=-3652,-759,1924 g=-4,-1,-4
WFI t=13751 a=-3661,-762,1914 g=-6,0,-3
WFI t=13801 a=-3644,-762,1922 g=-4,-2,-4
WFI t=13851 a=-3657,-750,1922 g=-2,-1,-4
WFI t=13901 a=-3647,-768,1918 g=-5,-2,-3
WFI t=14063 a=-3652,-765,1926 g=-5,0,-4
WFI t=14080 a=-3652,-759,1910 g=1,-1,-4
WFI t=14082 a=-3654,-760,1900 g=-3,-1,-5
WFI t=14101 a=-3659,-765,1918 g=0,-1,-4
WFI t=14151 a=-3659,-754,1917 g=4,-3,-4
WFI t=14201 a=-3658,-751,1923 g=-2,-2,-4
WFI t=14251 a=-3640,-758,1924 g=-2,-2,-5
WFI t=14301 a=-3651,-762,1918 g=-5,0,-5
WFI t=14351 a=-3658,-757,1906 g=-4,-1,-4
WFI t=14401 a=-3660,-752,1898 g=1,-2,-3
WFI t=14451 a=-3650,-757,1914 g=-1,1,-4
WFI t=14501 a=-3642,-767,1911 g=-1,-2,-4
WFR t=14503 src=bms type=0x02 len=129 data=d2037c0ee90ee80ee90ee80ee90ee80ee90ee90ee70ee80ee90ee90eec0eec0eec0eeb0eec0eed0eee0eed0eed0eee0eef0eee0eec0eee0eee0eee0000000000000000003d0000000000000000000000000000042d752e02ad0eee0ee7003d003d00000156001c0001001d0000000100010eeb0007001500000000000000008fb2
WFI t=14551 a=-3650,-758,1920 g=-6,-2,-5
WFI t=14601 a=-3667,-751,1912 g=-2,-3,-3
WFI t=14651 a=-3661,-764,1911 g=-2,-1,-5
WFI t=14701 a=-3656,-761,1914 g=-4,-1,-5
WFI t=14751 a=-3656,-778,1902 g=-5,-1,-5
WFI t=14801 a=-3646,-761,1915 g=-5,-2,-4
WFI t=14851 a=-3645,-761,1904 g=-5,-3,-3
WFI t=14901 a=-3642,-755,1901 g=-3,0,-3
WFI t=14951 a=-3662,-751,1925 g=-3,-1,-5
WFI t=15001 a=-3665,-753,1913 g=-6,-2,-5
WFI t=15051 a=-3651,-753,1922 g=-3,-2,-5
WFI t=15101 a=-3649,-768,1912 g=0,-1,-4
WFI t=15151 a=-3665,-767,1926 g=-5,-2,-5
WFI t=15201 a=-3647,-766,1902 g=-3,-1,-5
WFI t=15251 a=-3648,-766,1904 g=-4,-3,-5
WFI t=15301 a=-3641,-767,1914 g=0,-1,-4
WFT t=15320 batt_mv=4170 rssi_mcu=0 rssi_bms=-81 mcu=0 bms=15 dropped=0
WFI t=15351 a=-3664,-762,1906 g=2,-2,-4
WFI t=15401 a=-3648,-759,1920 g=-3,-3,-5
WFI t=15451 a=-3660,-757,1918 g=-3,-2,-5
WFI t=15501 a=-3648,-767,1907 g=-9,0,-4
WFR t=15508 src=bms type=0x02 len=129 data=d2037c0ee80ee80ee90ee80ee90ee80ee90ee90ee70ee80ee90ee90eec0eec0eed0eeb0eed0eed0eee0eee0eee0eee0eef0eee0eec0eee0eee0eee0000000000000000003d0000000000000000000000000000042d752f02ad0eef0ee7003d003d00000156001c0001001d0000000100010eeb0008000a00000000000000000f40
WFI t=15568 a=-3663,-770,1922 g=-5,-2,-5
WFI t=15601 a=-3654,-766,1906 g=-2,-2,-4
WFI t=15651 a=-3650,-757,1923 g=-4,0,-5
WFI t=15701 a=-3652,-757,1925 g=-5,-2,-5
WFI t=15751 a=-3655,-761,1924 g=-4,-1,-5
WFI t=15801 a=-3658,-749,1914 g=-2,0,-4
WFI t=15851 a=-3659,-761,1927 g=-3,-2,-5
WFI t=15901 a=-3642,-755,1908 g=2,-1,-5
WFI t=16063 a=-3647,-761,1907 g=-6,-1,-4
WFI t=16131 a=-3665,-765,1917 g=-2,-1,-3
WFI t=16145 a=-3653,-755,1921 g=0,-1,-6
WFI t=16242 a=-3636,-760,1921 g=2,-1,-7
WFI t=16244 a=-3649,-753,1915 g=-3,-2,-2
WFI t=16246 a=-3657,-759,1924 g=-2,0,-3
WFI t=16251 a=-3652,-758,1915 g=-6,-2,-3
WFI t=16301 a=-3661,-766,1899 g=-5,-3,-5
WFI t=16351 a=-3659,-773,1918 g=-5,-1,-5
WFI t=16401 a=-3640,-758,1923 g=-1,1,-6
WFI t=16451 a=-3662,-758,1918 g=-5,-2,-4
WFI t=16501 a=-3658,-774,1915 g=-1,-1,-4
WFR t=16528 src=bms type=0x02 len=129 data=d2037c0ee80ee80ee80ee80ee90ee80ee90ee90ee70ee80ee90ee90eec0eec0eed0eec0eed0eed0eee0eed0eed0eee0eee0eee0eec0eee0eed0eee0000000000000000003d0000000000000000000000000000042d752f02ad0eee0ee7003d003d00000156001c0001001d0000000100010eeb0007000a0000000000000000307a
WFI t=16551 a=-3649,-762,1916 g=-6,-1,-6
WFI t=16601 a=-3660,-769,1917 g=0,1,-5
WFI t=16651 a=-3652,-762,1913 g=-5,-2,-4
WFI t=16701 a=-3659,-755,1905 g=-5,-4,-3
WFI t=16751 a=-3656,-760,1906 g=2,-3,-5
WFI t=16801 a=-3648,-771,1900 g=-3,0,-6
WFI t=16851 a=-3670,-759,1929 g=-2,-2,-4
WFI t=16901 a=-3659,-763,1916 g=-5,-4,-3
WFI t=16951 a=-3641,-757,1915 g=0,-2,-5
WFI t=17001 a=-3654,-759,1914 g=-5,-2,-6
WFI t=17051 a=-3660,-751,1915 g=-5,-1,-5
WFI t=17101 a=-3659,-763,1907 g=0,-2,-5
WFI t=17151 a=-3660,-776,1916 g=-4,-1,-6
WFI t=17201 a=-3641,-775,1924 g=2,-1,-5
WFI t=17251 a=-3642,-753,1924 g=-2,-3,-4
WFI t=17301 a=-3651,-758,1918 g=-5,-2,-3
WFI t=17351 a=-3664,-756,1911 g=-7,-1,-4
WFI t=17401 a=-3657,-757,1905 g=2,-2,-5
WFI t=17451 a=-3651,-767,1911 g=2,-1,-6
WFI t=17501 a=-3653,-761,1918 g=-5,-2,-5
WFR t=17533 src=bms type=0x02 len=129 data=d2037c0ee80ee80ee90ee80ee90ee80ee90ee90ee70ee80ee90ee90eec0eec0eed0eeb0eed0eed0eee0eed0eed0eee0eee0eee0eec0eee0eed0eee0000000000000000003d0000000000000000000000000000042d752f02ad0eee0ee7003d003d00000156001c0001001d0000000100010eeb0007000a0000000000000000744a
WFI t=17551 a=-3649,-756,1917 g=-9,-2,-3
WFI t=17601 a=-3667,-759,1916 g=-7,-3,-5
WFI t=17651 a=-3660,-756,1915 g=-1,0,-6
WFI t=17701 a=-3658,-758,1918 g=-2,-1,-6
WFI t=17751 a=-3652,-762,1937 g=0,0,-3
WFI t=17801 a=-3654,-776,1916 g=-4,-1,-4
WFI t=17851 a=-3655,-763,1915 g=-1,-2,-4
WFI t=17901 a=-3663,-764,1908 g=2,-3,-4
WFI t=17951 a=-3649,-761,1914 g=1,-3,-5
WFI t=18115 a=-3659,-770,1924 g=-4,-2,-5
WFI t=18117 a=-3641,-756,1921 g=-1,-2,-5
WFI t=18120 a=-3641,-756,1921 g=-1,-2,-5
WFI t=18151 a=-3654,-751,1927 g=-6,-2,-4
WFI t=18201 a=-3653,-774,1911 g=-4,-4,-4
WFI t=18251 a=-3667,-757,1908 g=-4,-3,-5
WFI t=18301 a=-3653,-760,1924 g=7,0,-4
WFI t=18351 a=-3637,-756,1922 g=-9,-1,-5
WFI t=18401 a=-3655,-756,1912 g=-7,-1,-3
WFI t=18451 a=-3665,-767,1904 g=-3,-1,-3
WFI t=18501 a=-3668,-775,1903 g=-2,-1,-5
WFR t=18539 src=bms type=0x02 len=129 data=d2037c0ee80ee80ee90ee80ee90ee80ee90ee90ee70ee80ee90ee90eec0eec0eed0eeb0eed0eed0eee0eee0eed0eee0eee0eee0eec0eee0eed0eee0000000000000000003d0000000000000000000000000000042d752f02ad0eee0ee7003d003d00000156001c0001001d0000000100010eeb0007000a0000000000000000cb03
WFI t=18551 a=-3631,-752,1922 g=-2,-2,-7
WFI t=18601 a=-3660,-755,1916 g=-9,-3,-4
WFI t=18651 a=-3655,-766,1913 g=-7,-2,-3
WFI t=18701 a=-3659,-775,1911 g=-1,-3,-4
WFI t=18751 a=-3656,-765,1915 g=-4,-1,-6
WFI t=18801 a=-3659,-765,1923 g=-3,-2,-5
WFI t=18851 a=-3654,-760,1918 g=-1,0,-3
WFI t=18901 a=-3654,-757,1907 g=-2,-1,-4
WFI t=18951 a=-3667,-756,1908 g=-2,-1,-5
WFI t=19001 a=-3646,-757,1920 g=-3,-2,-5
WFI t=19051 a=-3648,-765,1917 g=-3,-1,-3
WFI t=19101 a=-3658,-765,1910 g=-3,-2,-4
WFI t=19152 a=-3654,-764,1915 g=-3,0,-5
WFI t=19201 a=-3660,-767,1926 g=-1,-1,-5
WFI t=19251 a=-3648,-752,1914 g=-5,-2,-4
WFI t=19301 a=-3661,-760,1918 g=0,0,-4
WFI t=19351 a=-3657,-764,1912 g=-3,0,-6
WFI t=19401 a=-3654,-764,1907 g=2,-2,-5
WFI t=19451 a=-3653,-773,1924 g=-5,-1,-4
WFI t=19501 a=-3660,-760,1916 g=-3,-1,-4
WFR t=19545 src=bms type=0x02 len=129 data=d2037c0ee80ee80ee90ee80ee80ee80ee90ee90ee70ee80ee90ee90eec0eec0eec0eec0eed0eed0eee0eee0eed0eee0eee0eee0eec0eee0eed0eee0000000000000000003d0000000000000000000000000000042d752f02ad0eee0ee7003d003d00000156001c0001001d0000000100010eeb0007000a000000000000000041e4
WFI t=19551 a=-3651,-777,1908 g=-1,-1,-6
WFI t=19601 a=-3651,-760,1918 g=-1,0,-5
WFI t=19651 a=-3646,-762,1918 g=-3,-1,-6
WFI t=19701 a=-3658,-756,1920 g=1,-3,-4
WFI t=19751 a=-3666,-761,1914 g=-5,-1,-2
WFI t=19801 a=-3633,-766,1913 g=-6,-2,-5
WFI t=19851 a=-3663,-770,1917 g=1,-2,-4
WFI t=19901 a=-3652,-749,1918 g=-6,-1,-4
WFI t=19951 a=-3646,-763,1921 g=-2,-2,-2
WFI t=20010 a=-3664,-759,1910 g=-2,-3,-4
WFI t=20182 a=-3652,-764,1911 g=-4,-1,-5
WFI t=20199 a=-3646,-765,1924 g=-1,-2,-5
WFI t=20201 a=-3651,-762,1912 g=-6,1,-3
WFI t=20203 a=-3651,-762,1912 g=-6,1,-3
WFI t=20251 a=-3652,-759,1915 g=1,0,-6
WFI t=20301 a=-3662,-761,1924 g=0,-2,-5
WFI t=20351 a=-3643,-765,1920 g=-1,-4,-5
WFT t=20388 batt_mv=4186 rssi_mcu=0 rssi_bms=-87 mcu=0 bms=20 dropped=0
WFI t=20401 a=-3659,-768,1915 g=-1,-4,-4
WFI t=20451 a=-3659,-757,1930 g=0,-2,-4
WFI t=20501 a=-3651,-764,1926 g=-1,-1,-5
WFI t=20551 a=-3645,-756,1917 g=-1,-1,-5
WFI t=20601 a=-3646,-773,1918 g=-6,-3,-4
WFR t=20609 src=bms type=0x02 len=129 data=d2037c0ee80ee80ee90ee80ee80ee80ee90ee90ee70ee80ee90ee90eec0eec0eed0eeb0eed0eed0eee0eed0eed0eee0eee0eee0eec0eee0eed0eed0000000000000000003d0000000000000000000000000000042d752f02ad0eee0ee7003d003d00000156001c0001001d0000000100010eeb0007000a00000000000000009f03
WFI t=20651 a=-3662,-747,1916 g=-2,-3,-4
WFI t=20701 a=-3657,-764,1935 g=-4,-2,-5
WFI t=20751 a=-3649,-761,1920 g=-1,-2,-5
WFI t=20801 a=-3650,-759,1915 g=-6,0,-4
WFI t=20851 a=-3663,-763,1920 g=-6,0,-3
WFI t=20901 a=-3645,-759,1916 g=-1,-1,-4
WFI t=20951 a=-3645,-749,1914 g=-3,-2,-5
WFI t=21001 a=-3659,-762,1920 g=-3,-3,-4
WFI t=21051 a=-3668,-767,1910 g=-9,-3,-4
WFI t=21101 a=-3655,-761,1916 g=2,0,-5
WFI t=21151 a=-3665,-759,1915 g=-6,-1,-5
WFI t=21201 a=-3661,-757,1921 g=-5,-1,-4
WFI t=21251 a=-3646,-762,1916 g=2,-3,-3
WFI t=21301 a=-3655,-762,1912 g=-7,-1,-5
WFI t=21351 a=-3643,-771,1924 g=-4,-1,-4
WFI t=21401 a=-3653,-769,1914 g=-3,-1,-5
WFI t=21451 a=-3649,-758,1914 g=-4,-3,-4
WFI t=21501 a=-3667,-774,1916 g=-4,-2,-5
WFI t=21551 a=-3653,-763,1922 g=-4,-3,-5
WFR t=21599 src=bms type=0x02 len=129 data=d2037c0ee80ee80ee90ee80ee90ee80ee90ee90ee70ee80ee90ee90eec0eec0eed0eeb0eec0eed0eee0eee0eed0eee0eee0eee0eec0eee0eee0eee0000000000000000003d0000000000000000000000000000042d752f02ad0eef0ee7003d003d00000156001c0001001d0000000100010eeb0008000a00000000000000001702
WFI t=21601 a=-3645,-750,1932 g=-1,-2,-5
WFI t=21651 a=-3640,-769,1915 g=-8,-2,-4
WFI t=21701 a=-3665,-760,1922 g=-5,-2,-4
WFI t=21751 a=-3658,-757,1918 g=-4,-4,-5
WFI t=21801 a=-3644,-766,1935 g=-7,-1,-5
WFI t=21851 a=-3664,-774,1928 g=-4,-1,-4
WFI t=21901 a=-3667,-754,1911 g=-7,-3,-4
WFI t=21951 a=-3645,-762,1917 g=-3,-2,-6
WFI t=22115 a=-3642,-761,1918 g=-3,-1,-4
WFI t=22130 a=-3661,-769,1914 g=-5,-2,-3
WFI t=22132 a=-3667,-762,1913 g=-4,-3,-4
WFI t=22151 a=-3667,-766,1916 g=-6,-3,-6
WFI t=22201 a=-3649,-765,1922 g=0,-1,-6
WFI t=22251 a=-3643,-767,1922 g=2,-3,-5
WFI t=22301 a=-3659,-749,1921 g=-7,-3,-4
WFI t=22351 a=-3667,-761,1914 g=-2,-2,-3
WFI t=22401 a=-3645,-763,1926 g=-5,0,-5
WFI t=22451 a=-3649,-765,1926 g=-4,-1,-5
WFI t=22501 a=-3651,-767,1911 g=-7,-1,-3
WFI t=22551 a=-3663,-765,1918 g=-2,-3,-3
WFI t=22601 a=-3661,-756,1915 g=1,-2,-5
WFR t=22619 src=bms type=0x02 len=129 data=d2037c0ee90ee80ee90ee80ee90ee80ee90ee90ee70ee80ee90ee90eec0eec0eed0eeb0eed0eed0eee0eed0eed0eee0eee0eee0eec0eee0eee0eee0000000000000000003d0000000000000000000000000000042d752f02ad0eee0ee7003d003d00000156001c0001001d0000000100010eeb0007000a00000000000000006cf3
WFI t=22651 a=-3662,-758,1915 g=0,0,-5
WFI t=22701 a=-3648,-752,1924 g=-7,-1,-4
WFI t=22751 a=-3659,-754,1920 g=-8,-2,-3
WFI t=22801 a=-3651,-768,1925 g=-4,-1,-6
WFI t=22851 a=-3651,-764,1909 g=-8,0,-4
WFI t=22901 a=-3635,-765,1914 g=-5,-3,-4
WFI t=22951 a=-3644,-763,1917 g=-4,-1,-3
WFI t=23001 a=-3652,-747,1908 g=0,-1,-3
WFI t=23051 a=-3642,-755,1922 g=-2,-3,-5
WFI t=23101 a=-3656,-760,1929 g=-2,-1,-5
WFI t=23151 a=-3661,-765,1915 g=-8,-2,-3
WFI t=23201 a=-3656,-758,1910 g=-2,-2,-3
WFI t=23251 a=-3651,-757,1913 g=-3,-2,-5
WFI t=23301 a=-3644,-745,1917 g=0,-1,-5
WFI t=23351 a=-3649,-755,1930 g=-5,-2,-2
WFI t=23401 a=-3656,-768,1928 g=-1,-1,-5
WFI t=23451 a=-3661,-750,1916 g=-1,-2,-5
WFI t=23501 a=-3655,-749,1923 g=5,-2,-4
WFI t=23551 a=-3652,-762,1933 g=-2,-2,-4
WFI t=23601 a=-3659,-769,1913 g=-6,0,-3
WFR t=23609 src=bms type=0x02 len=129 data=d2037c0ee90ee80ee80ee80ee80ee80ee90ee90ee70ee80ee90ee90eec0eec0eec0eeb0eed0eed0eee0eed0eed0eee0eee0eee0eec0eed0eed0eee0000000000000000003d0000000000000000000000000000042d752f02ad0eee0ee7003d003d00000156001c0001001d0000000100010eea0007000a000000000000000019d3
WFI t=23665 a=-3650,-772,1905 g=-4,-1,-5
WFI t=23701 a=-3656,-757,1918 g=-5,-2,-5
WFI t=23751 a=-3647,-754,1935 g=-2,-2,-5
WFI t=23801 a=-3649,-759,1918 g=-5,-1,-5
WFI t=23851 a=-3660,-767,1926 g=-3,-1,-4
WFI t=23901 a=-3658,-761,1912 g=-7,-1,-4
WFI t=23951 a=-3654,-760,1917 g=-4,-1,-5
WFI t=24091 a=-3650,-765,1917 g=-2,0,-5
WFI t=24158 a=-3649,-762,1923 g=-3,-3,-4
WFI t=24173 a=-3657,-761,1928 g=-5,-1,-5
WFI t=24272 a=-3649,-768,1920 g=-1,0,-3
WFI t=24274 a=-3650,-766,1912 g=-3,-2,-4
WFI t=24276 a=-3643,-760,1913 g=-5,0,-4
WFI t=24301 a=-3659,-761,1909 g=-2,-1,-5
WFI t=24351 a=-3662,-764,1909 g=-2,-1,-4
WFI t=24401 a=-3642,-761,1921 g=-1,0,-4
WFI t=24451 a=-3654,-763,1911 g=-1,-2,-3
WFI t=24501 a=-3651,-758,1917 g=-3,0,-5
WFI t=24551 a=-3647,-759,1925 g=0,-1,-4
WFI t=24601 a=-3653,-764,1922 g=-8,-2,-5
WFI t=24651 a=-3652,-766,1923 g=-3,-2,-4
WFR t=24689 src=bms type=0x02 len=129 data=d2037c0ee80ee80ee90ee80ee90ee80ee90ee90ee70ee80ee90ee90eec0eec0eec0eeb0eed0eed0eee0eee0eed0eee0eee0eee0eec0eee0eed0eee0000000000000000003d0000000000000000000000000000042d752f02ad0eee0ee7003d003d00000156001c0001001d0000000100010eeb0007000a0000000000000000eeaf
WFI t=24702 a=-3656,-765,1918 g=-5,-4,-5
WFI t=24751 a=-3653,-763,1908 g=-3,-3,-5
WFI t=24801 a=-3650,-760,1933 g=-2,-1,-5
WFI t=24852 a=-3644,-756,1930 g=-1,-1,-4
WFI t=24901 a=-3656,-755,1914 g=-1,-3,-4
WFI t=24951 a=-3643,-757,1915 g=-1,0,-3
WFI t=25001 a=-3636,-754,1918 g=0,-3,-6
WFI t=25051 a=-3662,-756,1929 g=-3,0,-5
WFI t=25101 a=-3650,-764,1924 g=-6,-1,-4
WFI t=25151 a=-3653,-755,1918 g=-7,-2,-5
WFI t=25201 a=-3659,-762,1918 g=-6,-2,-5
WFI t=25251 a=-3652,-761,1918 g=-5,0,-4
WFI t=25302 a=-3654,-766,1918 g=-4,-2,-3
WFI t=25351 a=-3652,-764,1925 g=-2,-2,-4
WFI t=25401 a=-3655,-767,1917 g=-3,-2,-4
WFI t=25452 a=-3654,-761,1920 g=0,1,-4
WFT t=25502 batt_mv=4184 rssi_mcu=0 rssi_bms=-76 mcu=0 bms=25 dropped=0
WFI t=25502 a=-3651,-763,1918 g=-6,-2,-5
WFI t=25551 a=-3646,-760,1915 g=-9,-3,-4
WFI t=25601 a=-3653,-769,1917 g=-3,-2,-4
WFI t=25651 a=-3653,-777,1926 g=-3,0,-5
WFI t=25701 a=-3649,-759,1922 g=-2,-2,-5
WFR t=25709 src=bms type=0x02 len=129 data=d2037c0ee80ee80ee90ee80ee90ee80ee90ee90ee70ee80ee90ee90eec0eec0eed0eeb0eed0eed0eee0eed0eed0eee0eee0eee0eec0eee0eed0eee0000000000000000003d0000000000000000000000000000042d752f02ad0eee0ee7003d003d00000156001c0001001d0000000100010eeb0007000a0000000000000000744a
WFI t=25751 a=-3657,-755,1930 g=-2,-2,-3
WFI t=25801 a=-3654,-768,1913 g=-6,-1,-5
WFI t=25851 a=-3649,-759,1918 g=-1,-2,-5
WFI t=25902 a=-3656,-759,1913 g=-3,-3,-4
WFI t=25951 a=-3659,-775,1920 g=-1,0,-3
WFI t=26041 a=-3657,-763,1913 g=-1,-1,-4
WFI t=26133 a=-3665,-753,1924 g=-2,-1,-5
WFI t=26135 a=-3658,-756,1916 g=-1,-2,-4
WFI t=26151 a=-3653,-745,1931 g=-8,-3,-5
WFI t=26202 a=-3667,-763,1925 g=-3,-2,-4
WFI t=26251 a=-3663,-764,1904 g=-5,-2,-5
WFI t=26301 a=-3658,-763,1927 g=-3,0,-5
WFI t=26351 a=-3657,-763,1914 g=-2,-1,-5
WFI t=26401 a=-3646,-761,1924 g=3,0,-3
WFI t=26451 a=-3656,-769,1925 g=2,-1,-3
WFI t=26501 a=-3659,-765,1923 g=-2,-1,-5
WFI t=26552 a=-3651,-763,1915 g=-5,-2,-5
WFI t=26601 a=-3656,-759,1922 g=-6,-3,-4
WFI t=26651 a=-3663,-758,1910 g=-1,-1,-3
WFI t=26701 a=-3657,-755,1916 g=-4,0,-3
WFR t=26729 src=bms type=0x02 len=129 data=d2037c0ee90ee80ee90ee80ee90ee80ee90ee90ee70ee80ee90ee90eec0eec0eec0eeb0eed0eed0eee0eed0eed0eee0eee0eee0eec0eee0eed0eee0000000000000000003d0000000000000000000000000000042d752f02ad0eee0ee7003d003d00000156001c0001001d0000000100010eeb0007000a0000000000000000051a
WFI t=26751 a=-3664,-756,1924 g=4,-1,-4
WFI t=26802 a=-3664,-758,1922 g=2,-2,-4
WFI t=26851 a=-3648,-767,1923 g=1,-3,-4
WFI t=26901 a=-3654,-757,1920 g=-4,-3,-4
WFI t=26951 a=-3662,-758,1933 g=-2,-1,-4
WFI t=27001 a=-3657,-761,1920 g=0,-1,-3
WFI t=27051 a=-3661,-764,1907 g=-2,-1,-4
WFI t=27101 a=-3649,-756,1921 g=-3,-1,-4
WFI t=27151 a=-3651,-758,1926 g=-2,0,-4
WFI t=27201 a=-3647,-757,1924 g=2,-1,-4
WFI t=27251 a=-3651,-761,1922 g=-7,-2,-4
WFI t=27301 a=-3664,-760,1928 g=-3,-2,-3
WFI t=27351 a=-3664,-757,1908 g=-7,0,-5
WFI t=27401 a=-3653,-765,1923 g=-2,-1,-5
WFI t=27451 a=-3644,-752,1915 g=-7,-1,-5
WFI t=27501 a=-3652,-771,1915 g=-4,-1,-4
WFI t=27551 a=-3647,-752,1926 g=-2,-1,-5
WFI t=27601 a=-3649,-759,1928 g=-1,-1,-4
WFI t=27651 a=-3664,-760,1918 g=-2,-2,-5
WFI t=27701 a=-3636,-774,1917 g=-5,-2,-5
WFR t=27719 src=bms type=0x02 len=129 data=d2037c0ee90ee80ee90ee80ee80ee80ee90ee90ee70ee80ee90ee90eec0eec0eec0eeb0eed0eed0eed0eed0eed0eee0eee0eee0eec0eed0eed0eed0000000000000000003d0000000000000000000000000000042d752f02ad0eee0ee7003d003d00000156001c0001001d0000000100010eea0007000a0000000000000000a827
WFI t=27751 a=-3658,-761,1915 g=1,-1,-4
WFI t=27801 a=-3656,-757,1920 g=-5,-2,-4
WFI t=27851 a=-3649,-767,1917 g=0,-3,-5
WFI t=27901 a=-3650,-777,1922 g=-8,-1,-4
WFI t=27951 a=-3656,-755,1934 g=-4,-1,-6
WFI t=28041 a=-3654,-757,1925 g=-4,-3,-4
WFI t=28135 a=-3657,-759,1923 g=-3,-1,-5
WFI t=28137 a=-3657,-761,1915 g=0,-2,-4
WFI t=28151 a=-3658,-770,1927 g=-5,-2,-5
WFI t=28201 a=-3650,-751,1918 g=-5,0,-6
WFI t=28251 a=-3657,-761,1923 g=-1,0,-4
WFI t=28301 a=-3651,-765,1915 g=-5,-1,-3
WFI t=28351 a=-3650,-761,1912 g=-6,-1,-5
WFI t=28401 a=-3653,-764,1921 g=-4,0,-6
WFI t=28451 a=-3660,-764,1924 g=-5,-2,-5
WFI t=28501 a=-3657,-765,1918 g=-4,-2,-4
WFI t=28551 a=-3650,-754,1916 g=0,0,-3
WFI t=28601 a=-3643,-773,1913 g=-5,-2,-4
WFI t=28651 a=-3650,-768,1915 g=-1,-2,-3
WFI t=28701 a=-3658,-768,1920 g=-7,-1,-4
WFI t=28751 a=-3662,-745,1915 g=-2,-2,-4
WFI t=28801 a=-3656,-749,1923 g=-1,-2,-4
WFI t=28851 a=-3642,-767,1920 g=-2,-1,-6
WFI t=28901 a=-3655,-768,1918 g=-5,-1,-6
WFI t=28951 a=-3658,-759,1926 g=-7,-2,-4
WFI t=29001 a=-3668,-761,1908 g=-4,-1,-5
WFI t=29051 a=-3654,-757,1916 g=-3,-2,-4
WFI t=29101 a=-3652,-749,1924 g=-2,-1,-4
WFI t=29151 a=-3648,-754,1920 g=-3,0,-5
WFI t=29201 a=-3661,-748,1933 g=-3,0,-5
WFI t=29251 a=-3653,-765,1925 g=-1,1,-4
WFI t=29301 a=-3653,-757,1918 g=3,-2,-4
WFI t=29351 a=-3659,-764,1907 g=-3,0,-4
WFI t=29401 a=-3640,-772,1922 g=-2,0,-4
WFI t=29451 a=-3652,-767,1927 g=-4,-2,-5
WFI t=29501 a=-3655,-759,1923 g=-3,-3,-4
WFI t=29551 a=-3662,-767,1928 g=-3,0,-5
WFI t=29601 a=-3656,-757,1928 g=-1,-2,-3
WFI t=29651 a=-3646,-753,1906 g=-3,-1,-5
WFI t=29701 a=-3649,-762,1924 g=-2,-1,-5
WFI t=29751 a=-3650,-777,1912 g=-4,0,-3
WFI t=29801 a=-3653,-770,1924 g=-4,-2,-4
WFI t=29851 a=-3649,-753,1913 g=0,-2,-5
WFI t=29901 a=-3662,-764,1931 g=-4,-1,-4
WFI t=29951 a=-3656,-764,1933 g=-2,-2,-4
WFI t=30133 a=-3666,-763,1927 g=0,-2,-4
WFI t=30150 a=-3646,-760,1930 g=-3,-1,-5
WFI t=30152 a=-3657,-752,1917 g=-7,-2,-3
WFI t=30155 a=-3658,-761,1920 g=-8,-3,-4
WFI t=30201 a=-3656,-770,1925 g=-3,-2,-4
WFI t=30251 a=-3661,-753,1926 g=-2,-3,-5
WFI t=30301 a=-3654,-748,1922 g=-2,0,-5
WFI t=30351 a=-3650,-765,1928 g=-7,-2,-4
WFI t=30401 a=-3649,-767,1915 g=-5,-3,-4
WFI t=30451 a=-3650,-765,1918 g=-4,-2,-4
WFI t=30501 a=-3661,-763,1920 g=-4,0,-5
WFT t=30551 batt_mv=4170 rssi_mcu=0 rssi_bms=-83 mcu=0 bms=28 dropped=0
WFI t=30552 a=-3647,-762,1911 g=-5,-1,-3
WFI t=30601 a=-3653,-759,1949 g=-4,0,-4
WFI t=30651 a=-3669,-772,1914 g=-1,-2,-4
WFI t=30701 a=-3655,-760,1910 g=-5,-3,-6
WFI t=30751 a=-3657,-761,1930 g=-1,-1,-5
WFI t=30801 a=-3651,-768,1928 g=-8,-2,-4
WFI t=30851 a=-3662,-763,1917 g=-2,-1,-4
WFI t=30901 a=-3659,-758,1921 g=-1,-1,-5
WFI t=30951 a=-3665,-761,1926 g=-2,-1,-4
WFI t=31001 a=-3658,-758,1927 g=-3,-2,-4
WFI t=31051 a=-3646,-765,1915 g=-5,-2,-5
WFI t=31101 a=-3656,-758,1917 g=-6,-3,-4
WFI t=31151 a=-3661,-767,1929 g=-4,-1,-4
WFI t=31201 a=-3657,-771,1931 g=-7,-1,-4
WFI t=31251 a=-3659,-760,1928 g=-5,-1,-3
WFI t=31301 a=-3651,-745,1918 g=-3,-2,-4
WFI t=31351 a=-3650,-771,1928 g=-1,1,-4
WFI t=31401 a=-3660,-762,1927 g=-1,-1,-5
WFI t=31451 a=-3651,-759,1922 g=-5,0,-4
WFI t=31501 a=-3661,-750,1906 g=-5,-1,-3
WFI t=31551 a=-3667,-766,1921 g=-2,-1,-4
WFI t=31601 a=-3655,-772,1922 g=-5,-2,-5
WFI t=31651 a=-3658,-752,1927 g=-7,-1,-5
WFI t=31701 a=-3648,-766,1915 g=-3,-3,-4
WFI t=31751 a=-3659,-768,1922 g=-6,-1,-4
WFI t=31801 a=-3643,-764,1930 g=-1,-1,-5
WFI t=31851 a=-3655,-763,1927 g=-8,-1,-6
WFI t=31901 a=-3658,-761,1917 g=-2,-1,-3
WFI t=31951 a=-3655,-760,1910 g=-6,-1,-4
WFI t=32001 a=-3658,-754,1923 g=0,-1,-4
WFI t=32092 a=-3656,-762,1932 g=-2,-2,-4
WFI t=32102 a=-3651,-766,1941 g=3,-1,-4
WFI t=32228 a=-3657,-763,1911 g=-8,-1,-4
WFI t=32230 a=-3657,-767,1926 g=1,-1,-4
WFI t=32251 a=-3660,-766,1915 g=-1,-1,-4
WFI t=32301 a=-3651,-756,1920 g=-4,-1,-4
WFI t=32351 a=-3647,-769,1928 g=-3,0,-5
WFI t=32401 a=-3642,-757,1917 g=-2,-2,-5
WFI t=32451 a=-3657,-755,1923 g=-6,-1,-3
WFI t=32501 a=-3653,-756,1920 g=-3,-1,-4
WFI t=32551 a=-3657,-764,1928 g=-2,-1,-5
WFI t=32601 a=-3646,-765,1925 g=2,0,-4
WFI t=32651 a=-3651,-761,1912 g=-5,-1,-3
WFI t=32701 a=-3654,-767,1915 g=-2,-2,-5
WFI t=32751 a=-3661,-755,1925 g=-5,-3,-4
WFI t=32801 a=-3653,-752,1911 g=1,-1,-5
WFI t=32851 a=-3656,-759,1925 g=0,-2,-4
WFI t=32901 a=-3665,-763,1926 g=2,-2,-2
WFI t=32951 a=-3665,-758,1918 g=-3,-1,-4
WFI t=33001 a=-3652,-760,1917 g=-6,-1,-6
WFI t=33051 a=-3663,-756,1928 g=-3,-1,-5
WFI t=33101 a=-3654,-762,1918 g=-4,-4,-4
WFI t=33151 a=-3650,-752,1913 g=1,-2,-5
WFI t=33201 a=-3662,-763,1917 g=-2,-2,-4
WFI t=33251 a=-3657,-764,1940 g=-3,0,-4
WFI t=33301 a=-3661,-748,1916 g=-1,0,-4
WFI t=33351 a=-3650,-771,1911 g=-5,-3,-4
WFI t=33401 a=-3652,-758,1920 g=-8,-1,-6
WFI t=33451 a=-3656,-767,1922 g=-4,-3,-5
WFI t=33518 a=-3643,-756,1927 g=-3,-1,-4
WFI t=33551 a=-3679,-755,1920 g=-7,0,-4
WFI t=33601 a=-3665,-774,1913 g=-7,-3,-3
WFI t=33651 a=-3656,-768,1927 g=0,-2,-5
WFI t=33701 a=-3660,-771,1920 g=-6,-2,-5
WFI t=33751 a=-3661,-765,1925 g=-6,-2,-3
WFI t=33801 a=-3655,-761,1912 g=-2,-1,-5
WFI t=33851 a=-3640,-776,1920 g=-4,-1,-5
WFI t=33901 a=-3646,-762,1923 g=-1,-1,-5
WFI t=33951 a=-3656,-772,1909 g=-3,-1,-4
WFI t=34001 a=-3655,-754,1922 g=-1,-3,-3
WFI t=34121 a=-3666,-759,1926 g=1,-1,-4
WFI t=34191 a=-3647,-754,1927 g=-3,-3,-5
WFI t=34287 a=-3652,-761,1927 g=1,-1,-4
WFI t=34303 a=-3669,-760,1930 g=-3,-1,-4
WFI t=34305 a=-3645,-765,1927 g=1,0,-4
WFI t=34307 a=-3645,-765,1927 g=1,0,-4
WFI t=34351 a=-3651,-758,1929 g=-2,-2,-5
WFI t=34401 a=-3653,-771,1927 g=-2,0,-4
WFI t=34451 a=-3664,-753,1912 g=-1,-3,-3
WFI t=34501 a=-3656,-759,1923 g=-1,1,-4
WFI t=34551 a=-3652,-748,1934 g=-3,-1,-4
WFI t=34601 a=-3656,-769,1925 g=-6,-3,-5
WFI t=34651 a=-3658,-767,1920 g=0,-1,-3
WFI t=34701 a=-3657,-768,1918 g=-5,-2,-4
WFI t=34751 a=-3656,-758,1908 g=-2,0,-5
WFI t=34801 a=-3642,-751,1921 g=-3,0,-4
WFI t=34851 a=-3662,-751,1915 g=-1,-2,-4
WFI t=34901 a=-3650,-762,1899 g=-2,-1,-3
WFI t=34951 a=-3647,-765,1906 g=-1,-2,-6
WFI t=35001 a=-3651,-754,1918 g=-4,-2,-4
WFI t=35051 a=-3657,-760,1914 g=-4,-1,-4
WFI t=35101 a=-3661,-763,1922 g=0,-2,-3
WFI t=35151 a=-3637,-766,1925 g=1,-1,-4
WFI t=35201 a=-3652,-764,1918 g=3,0,-6
WFI t=35251 a=-3653,-765,1917 g=-8,-1,-5
WFI t=35301 a=-3659,-755,1920 g=-4,-2,-3
WFI t=35351 a=-3665,-757,1921 g=-1,-3,-4
WFI t=35401 a=-3644,-765,1911 g=1,-4,-3
WFI t=35451 a=-3636,-762,1913 g=-3,-1,-4
WFI t=35501 a=-3653,-758,1912 g=-5,-2,-4
WFI t=35551 a=-3660,-769,1918 g=-6,-1,-4
WFI t=35601 a=-3651,-761,1926 g=-2,-1,-4
WFI t=35651 a=-3660,-762,1910 g=2,-1,-5
WFT t=35695 batt_mv=4170 rssi_mcu=0 rssi_bms=-86 mcu=0 bms=28 dropped=0
WFI t=35701 a=-3655,-759,1921 g=-2,-2,-4
WFI t=35751 a=-3656,-758,1921 g=-9,-3,-4
WFI t=35801 a=-3664,-760,1908 g=-2,-2,-4
WFI t=35851 a=-3659,-753,1920 g=-4,-1,-5
WFI t=35901 a=-3657,-760,1913 g=-2,-2,-5
WFI t=35951 a=-3647,-755,1928 g=-1,0,-4
WFI t=36001 a=-3656,-751,1920 g=-8,0,-3
WFI t=36067 a=-3651,-769,1916 g=-2,-2,-4
WFI t=36167 a=-3650,-765,1926 g=-2,-1,-4
WFI t=36169 a=-3657,-766,1926 g=-2,-2,-4
WFI t=36201 a=-3653,-766,1923 g=0,-1,-5
WFI t=36251 a=-3652,-752,1918 g=-2,-1,-4
WFI t=36301 a=-3658,-758,1940 g=-1,-1,-4
WFI t=36351 a=-3650,-761,1928 g=-4,-2,-4
WFI t=36401 a=-3653,-761,1916 g=-5,0,-4
WFI t=36451 a=-3651,-751,1912 g=0,-2,-3
WFI t=36501 a=-3664,-762,1923 g=-4,-1,-4
WFI t=36551 a=-3669,-769,1915 g=-3,0,-6
WFI t=36601 a=-3656,-762,1928 g=0,-1,-4
WFI t=36651 a=-3647,-756,1913 g=-5,-1,-4
WFI t=36701 a=-3657,-767,1927 g=-3,-1,-4
WFI t=36751 a=-3652,-759,1906 g=-4,-2,-5
WFI t=36801 a=-3649,-765,1922 g=-3,0,-4
WFI t=36851 a=-3671,-767,1926 g=-2,-2,-5
WFI t=36901 a=-3645,-757,1915 g=-6,-1,-3
WFI t=36951 a=-3658,-763,1929 g=-5,1,-4
WFI t=37001 a=-3653,-763,1932 g=-2,-1,-4
WFI t=37051 a=-3657,-755,1917 g=-2,0,-4
WFI t=37101 a=-3667,-766,1926 g=-5,-2,-4
WFI t=37151 a=-3656,-765,1917 g=-4,-1,-4
WFI t=37201 a=-3648,-763,1922 g=-2,-2,-5
WFI t=37251 a=-3644,-758,1909 g=-3,-2,-4
WFI t=37301 a=-3659,-760,1927 g=-4,0,-5
WFI t=37351 a=-3649,-765,1925 g=-4,-2,-4
WFI t=37401 a=-3648,-764,1918 g=-3,1,-4
WFI t=37451 a=-3656,-764,1918 g=-6,0,-4
WFI t=37501 a=-3667,-766,1918 g=-5,-1,-5
WFI t=37551 a=-3658,-760,1925 g=-2,-1,-5
WFI t=37601 a=-3664,-753,1930 g=-4,-1,-5
WFI t=37651 a=-3653,-773,1922 g=-8,-1,-4
WFI t=37701 a=-3640,-767,1926 g=-2,-1,-4
WFI t=37751 a=-3667,-762,1929 g=1,0,-3
WFE t=37756 bms stale, no frame for 10035 ms, dropping link
WFE t=37769 bms link down (stale) after 28 answers in 38293 ms, writes=37 err=0 silent=9 bytes=3612
WFE t=37784 bms disconnected reason=534
WFI t=37802 a=-3667,-753,1920 g=-1,-3,-4
WFI t=37851 a=-3658,-762,1924 g=1,0,-5
WFI t=37901 a=-3649,-760,1918 g=-1,-1,-5
WFI t=37951 a=-3663,-774,1916 g=-6,-3,-4
WFI t=38001 a=-3657,-771,1907 g=-3,-1,-4
WFI t=38171 a=-3654,-771,1924 g=-4,-3,-4
WFI t=38173 a=-3654,-762,1929 g=-3,-2,-4
WFI t=38175 a=-3652,-747,1921 g=-3,-2,-4
WFI t=38201 a=-3652,-765,1909 g=2,0,-3
WFI t=38251 a=-3652,-757,1914 g=-4,-1,-5
WFI t=38301 a=-3665,-771,1916 g=-3,-1,-5
WFI t=38351 a=-3649,-763,1927 g=-5,0,-3
WFI t=38401 a=-3650,-777,1909 g=-4,-2,-3
WFI t=38451 a=-3657,-755,1923 g=-6,-3,-5
WFI t=38501 a=-3638,-768,1914 g=-4,-1,-4
WFI t=38551 a=-3656,-770,1930 g=-1,0,-3
WFI t=38601 a=-3653,-759,1922 g=-4,-4,-5
WFI t=38651 a=-3651,-768,1907 g=-6,-2,-4
WFI t=38701 a=-3649,-756,1922 g=3,-1,-5
WFI t=38751 a=-3660,-772,1928 g=3,-2,-4
WFI t=38801 a=-3652,-762,1922 g=-3,0,-4
WFI t=38851 a=-3649,-763,1938 g=-4,0,-5
WFI t=38901 a=-3657,-772,1923 g=-2,-1,-4
WFI t=38951 a=-3662,-773,1928 g=-1,-1,-4
WFI t=39001 a=-3657,-762,1925 g=-5,-2,-5
WFI t=39051 a=-3655,-755,1923 g=-4,-1,-4
WFI t=39101 a=-3649,-761,1925 g=-2,-1,-4
WFI t=39151 a=-3656,-761,1922 g=-4,-1,-3
WFI t=39201 a=-3658,-762,1918 g=-2,-1,-5
WFI t=39251 a=-3644,-764,1924 g=-5,0,-4
WFI t=39301 a=-3656,-758,1921 g=-1,0,-4
WFI t=39351 a=-3653,-760,1922 g=-4,-1,-4
WFI t=39401 a=-3662,-761,1932 g=-1,0,-3
WFI t=39451 a=-3649,-766,1931 g=-6,-1,-5
WFI t=39501 a=-3658,-754,1928 g=-3,-1,-3
WFI t=39551 a=-3662,-771,1930 g=-6,-1,-4
WFI t=39601 a=-3659,-755,1930 g=-2,-2,-4
WFI t=39651 a=-3650,-764,1926 g=-3,1,-4
WFE t=39665 bms subscribed val=0x0010 cccd=0x0011 ctrl=0x0014 mtu=512 regs=62
WFE t=39666 bms conn itvl=80 latency=0 timeout=600
WFE t=39678 bms reconnected (attempt 1)
WFE t=39683 bms mtu event mtu=512
WFI t=39701 a=-3651,-766,1936 g=-4,-2,-3
WFI t=39751 a=-3653,-762,1923 g=-2,-2,-4
WFI t=39801 a=-3653,-767,1947 g=0,-1,-3
WFI t=39851 a=-3660,-755,1925 g=-1,-1,-5
WFI t=39901 a=-3658,-775,1932 g=-3,0,-5
WFI t=39951 a=-3663,-755,1935 g=-7,-2,-5
WFE t=39968 bms conn update req itvl=12-12 latency=0 timeout=400 via=l2cap
WFR t=39987 src=bms type=0x02 len=129 data=d2037c0ee80ee80ee90ee80ee80ee80ee90ee90ee70ee80ee90ee90eec0eec0eec0eeb0eed0eec0eee0eed0eed0eee0eee0eee0eec0eee0eed0eed0000000000000000003d0000000000000000000000000000042d752f02ad0eee0ee7003d003d00000156001c0001001d0000000100010eea0007000a0000000000000000142f
WFI t=40001 a=-3650,-765,1927 g=-6,-1,-4
WFI t=40155 a=-3648,-763,1933 g=-6,-2,-5
WFI t=40171 a=-3665,-765,1927 g=-7,-2,-4
WFI t=40173 a=-3660,-767,1924 g=-4,-1,-3
WFI t=40201 a=-3653,-764,1935 g=-6,-2,-3
WFI t=40251 a=-3661,-762,1928 g=-3,0,-5
WFI t=40301 a=-3654,-758,1936 g=-2,-2,-4
WFI t=40351 a=-3647,-766,1923 g=-5,-3,-5
WFI t=40401 a=-3648,-748,1930 g=-7,-2,-4
WFI t=40451 a=-3655,-766,1916 g=-2,-1,-4
WFI t=40501 a=-3661,-762,1924 g=0,-2,-5
WFI t=40551 a=-3649,-769,1942 g=-1,-2,-4
WFI t=40601 a=-3649,-762,1922 g=-7,-2,-4
WFI t=40651 a=-3663,-761,1925 g=-5,-1,-3
WFE t=40664 bms conn update status=0 itvl=12 latency=0 timeout=400
WFI t=40701 a=-3655,-762,1933 g=-5,-1,-4
WFI t=40751 a=-3662,-767,1930 g=-3,0,-4
WFI t=40801 a=-3656,-767,1936 g=-5,-2,-6
WFI t=40851 a=-3665,-764,1927 g=0,-1,-5
WFT t=40870 batt_mv=4170 rssi_mcu=0 rssi_bms=-77 mcu=0 bms=29 dropped=0
WFI t=40901 a=-3639,-765,1942 g=1,-1,-5
WFI t=40951 a=-3650,-763,1924 g=-9,-2,-4
WFI t=41001 a=-3650,-762,1928 g=-6,-2,-4
WFI t=41051 a=-3658,-761,1929 g=-5,-1,-4
WFR t=41070 src=bms type=0x02 len=129 data=d2037c0ee90ee80ee90ee80ee80ee80ee90ee90ee70ee80ee90ee90eec0eec0eec0eeb0eed0eed0eee0eed0eed0eee0eee0eee0eec0eee0eed0eed0000000000000000003d0000000000000000000000000000042d752e02ad0eee0ee7003d003d00000156001c0001001d0000000100010eeb00070015000000000000000065de
WFI t=41101 a=-3659,-767,1930 g=2,0,-5
WFI t=41151 a=-3651,-766,1933 g=-4,-3,-4
WFI t=41201 a=-3640,-765,1936 g=-2,-2,-3
WFI t=41251 a=-3654,-749,1928 g=-4,-1,-4
WFI t=41301 a=-3653,-772,1925 g=-1,-1,-4
WFI t=41351 a=-3651,-756,1924 g=0,0,-5
WFI t=41401 a=-3655,-763,1931 g=-3,-2,-4
WFI t=41451 a=-3656,-766,1922 g=-7,-2,-2
WFI t=41501 a=-3664,-767,1912 g=-5,-2,-5
WFI t=41551 a=-3653,-754,1925 g=-1,1,-4
WFI t=41601 a=-3658,-761,1930 g=-3,-2,-4
WFI t=41651 a=-3658,-764,1928 g=-5,-2,-4
WFI t=41701 a=-3644,-752,1927 g=-4,-2,-4
WFI t=41751 a=-3643,-755,1920 g=1,-1,-5
WFI t=41801 a=-3655,-754,1926 g=-4,-1,-4
WFI t=41851 a=-3655,-757,1915 g=-7,-2,-3
WFI t=41901 a=-3660,-765,1925 g=-5,-2,-4
WFI t=41951 a=-3666,-763,1934 g=-4,-1,-5
WFI t=42001 a=-3654,-768,1931 g=-2,-1,-6
WFI t=42085 a=-3642,-766,1931 g=-5,-2,-4
WFR t=42179 src=bms type=0x02 len=129 data=d2037c0ee80ee80ee80ee80ee90ee80ee90ee90ee70ee80ee90ee90eec0eec0eec0eeb0eec0eed0eee0eed0eed0eee0eee0eee0eec0eee0eed0eed0000000000000000003d0000000000000000000000000000042d752f02ad0eee0ee7003d003d00000156001c0001001d0000000100010eea0007000a0000000000000000ef95
WFI t=42194 a=-3661,-767,1916 g=1,1,-5
WFI t=42196 a=-3658,-765,1922 g=4,1,-6
WFI t=42201 a=-3667,-778,1921 g=1,1,-5
WFI t=42261 a=-3659,-757,1938 g=-2,0,-6
WFI t=42301 a=-3643,-771,1932 g=-3,-3,-2
WFI t=42351 a=-3656,-772,1922 g=-4,-2,-4
WFI t=42401 a=-3655,-769,1923 g=0,-3,-5
WFI t=42451 a=-3646,-751,1926 g=-4,-2,-6
WFI t=42501 a=-3658,-772,1932 g=-8,-3,-5
WFI t=42551 a=-3661,-764,1922 g=-8,0,-3
WFI t=42601 a=-3668,-750,1921 g=-1,-1,-5
WFI t=42651 a=-3663,-766,1927 g=-6,-1,-6
WFI t=42701 a=-3638,-759,1932 g=2,-1,-3
WFI t=42751 a=-3662,-768,1911 g=0,-1,-3
WFI t=42801 a=-3661,-759,1921 g=-6,-2,-5
WFI t=42851 a=-3656,-755,1925 g=3,-1,-6
WFI t=42901 a=-3652,-760,1937 g=-3,-1,-4
WFI t=42951 a=-3652,-765,1925 g=-3,-3,-3
WFI t=43001 a=-3665,-759,1918 g=-6,-1,-4
WFI t=43051 a=-3665,-760,1917 g=-3,-2,-6
WFR t=43080 src=bms type=0x02 len=129 data=d2037c0ee80ee80ee90ee80ee80ee80ee90ee90ee70ee80ee90ee90eec0eec0eec0eeb0eed0eed0eee0eed0eed0eee0eee0eee0eec0eed0eed0eed0000000000000000003d0000000000000000000000000000042d752f02ad0eee0ee7003d003d00000156001c0001001d0000000100010eea0007000a00000000000000004d1d
WFI t=43101 a=-3645,-761,1929 g=2,-1,-5
WFI t=43151 a=-3653,-760,1927 g=0,-1,-3
WFI t=43201 a=-3643,-755,1921 g=-4,-1,-5
WFI t=43251 a=-3661,-767,1914 g=-7,0,-4
WFI t=43301 a=-3655,-761,1926 g=-4,0,-5
WFI t=43351 a=-3643,-759,1929 g=-4,-1,-6
WFI t=43401 a=-3659,-762,1925 g=-2,-1,-3
WFI t=43451 a=-3661,-759,1922 g=1,0,-4
WFI t=43501 a=-3652,-762,1920 g=4,0,-6
WFI t=43551 a=-3639,-763,1935 g=-5,-2,-4
WFI t=43601 a=-3646,-766,1928 g=-4,-2,-4
WFI t=43651 a=-3671,-759,1918 g=-8,-3,-4
WFI t=43701 a=-3661,-764,1911 g=2,-1,-5
WFI t=43751 a=-3660,-759,1922 g=-1,-2,-6
WFI t=43801 a=-3658,-767,1933 g=-6,0,-6
WFI t=43851 a=-3657,-775,1916 g=-6,-4,-3
WFI t=43901 a=-3664,-770,1918 g=-6,-1,-4
WFI t=43951 a=-3659,-770,1938 g=1,0,-5
WFI t=44001 a=-3648,-761,1920 g=-1,-1,-4
WFI t=44051 a=-3650,-765,1925 g=-9,-3,-3
WFR t=44144 src=bms type=0x02 len=129 data=d2037c0ee80ee70ee90ee80ee90ee80ee90ee90ee70ee80ee90ee90eec0eec0eec0eeb0eed0eed0eee0eed0eed0eee0eee0eee0eec0eed0eed0eee0000000000000000003d0000000000000000000000000000042d752f02ad0eee0ee7003d003d00000156001c0001001d0000000100010eea0007000a0000000000000000a7a0
WFI t=44145 a=-3644,-772,1916 g=-2,0,-5
WFI t=44152 a=-3653,-757,1927 g=0,-2,-5
WFI t=44324 a=-3650,-751,1926 g=1,1,-3
WFI t=44423 a=-3647,-766,1918 g=-6,-2,-6
WFI t=44426 a=-3651,-758,1929 g=-1,-1,-5
WFI t=44429 a=-3651,-758,1929 g=-1,-1,-5
WFI t=44431 a=-3666,-772,1934 g=-1,-1,-4
WFI t=44451 a=-3646,-762,1925 g=-7,-1,-4
WFI t=44501 a=-3656,-767,1930 g=-6,-2,-5
WFI t=44551 a=-3657,-758,1920 g=-6,-1,-5
WFI t=44601 a=-3656,-753,1922 g=-1,-1,-5
WFI t=44651 a=-3653,-758,1924 g=2,0,-4
WFI t=44701 a=-3660,-776,1924 g=-7,-2,-4
WFI t=44751 a=-3648,-765,1914 g=-4,1,-3
WFI t=44801 a=-3649,-764,1922 g=-1,2,-4
WFI t=44851 a=-3648,-761,1918 g=-1,-2,-5
WFI t=44901 a=-3655,-751,1924 g=-2,-1,-4
WFI t=44951 a=-3657,-753,1925 g=-3,-1,-3
WFI t=45001 a=-3647,-756,1929 g=-2,-1,-5
WFI t=45051 a=-3655,-764,1912 g=-2,0,-5
WFI t=45101 a=-3662,-761,1920 g=-3,-1,-5
WFR t=45120 src=bms type=0x02 len=129 data=d2037c0ee80ee80ee90ee80ee80ee80ee90ee90ee70ee80ee90ee90eec0eec0eec0eeb0eed0eed0eee0eed0eed0eee0eee0eee0eec0eed0eee0eed0000000000000000003d0000000000000000000000000000042d752f02ad0eee0ee7003d003d00000156001c0001001d0000000100010eea0007000a00000000000000000158
WFI t=45151 a=-3654,-756,1918 g=-6,-2,-5
WFI t=45201 a=-3648,-768,1922 g=-2,-1,-5
WFI t=45251 a=-3654,-761,1922 g=-3,-2,-4
WFI t=45301 a=-3669,-765,1920 g=-1,-1,-5
WFI t=45351 a=-3650,-761,1932 g=-3,-2,-5
WFI t=45401 a=-3653,-758,1925 g=-8,-2,-5
WFI t=45451 a=-3654,-771,1921 g=-4,-2,-3
WFI t=45501 a=-3647,-766,1913 g=1,1,-3
WFI t=45551 a=-3649,-759,1925 g=-2,-2,-3
WFI t=45601 a=-3666,-771,1934 g=-4,0,-4
WFI t=45651 a=-3644,-763,1923 g=-4,-2,-3
WFI t=45701 a=-3655,-753,1921 g=-1,-3,-4
WFI t=45751 a=-3650,-758,1927 g=1,0,-5
WFI t=45801 a=-3661,-753,1916 g=-2,-1,-4
WFI t=45851 a=-3658,-759,1921 g=-1,-1,-4
WFI t=45901 a=-3660,-764,1920 g=-7,-3,-3
WFT t=45920 batt_mv=4170 rssi_mcu=0 rssi_bms=-82 mcu=0 bms=34 dropped=0
WFI t=45951 a=-3674,-757,1926 g=-6,-1,-5
WFI t=46001 a=-3657,-763,1922 g=-4,0,-5
WFI t=46051 a=-3652,-762,1932 g=-6,-2,-4
WFR t=46196 src=bms type=0x02 len=129 data=d2037c0ee80ee70ee90ee80ee90ee80ee90ee90ee70ee80ee90ee90eec0eec0eec0eeb0eed0eec0eee0eed0eed0eee0eee0eee0eec0eee0eed0eee0000000000000000003d0000000000000000000000000000042d752f02ad0eee0ee7003d003d00000156001c0001001d0000000100010eea0007000a0000000000000000fe92
WFI t=46211 a=-3662,-763,1916 g=-5,-2,-3
WFI t=46214 a=-3657,-762,1922 g=-2,0,-5
WFI t=46217 a=-3658,-762,1924 g=-1,0,-4
WFI t=46251 a=-3646,-768,1921 g=-4,0,-5
WFI t=46301 a=-3660,-768,1918 g=2,-1,-4
WFI t=46351 a=-3652,-765,1927 g=-1,-2,-4
WFI t=46401 a=-3672,-756,1924 g=-6,-1,-6
WFI t=46451 a=-3657,-752,1924 g=-1,0,-4
WFI t=46501 a=-3652,-775,1928 g=0,-2,-4
WFI t=46551 a=-3653,-755,1922 g=0,0,-3
WFI t=46601 a=-3654,-767,1924 g=-1,-2,-5
WFI t=46651 a=-3658,-763,1921 g=-1,-1,-4
WFI t=46701 a=-3649,-770,1913 g=-9,-1,-4
WFI t=46751 a=-3655,-762,1917 g=-3,-2,-4
WFI t=46801 a=-3648,-761,1909 g=-3,-1,-4
WFI t=46851 a=-3647,-762,1931 g=-5,-1,-5
WFI t=46901 a=-3645,-760,1918 g=1,0,-4
WFI t=46951 a=-3661,-762,1920 g=-5,-1,-4
WFI t=47002 a=-3650,-765,1931 g=-9,-1,-4
WFI t=47051 a=-3653,-755,1911 g=-2,-1,-4
WFI t=47101 a=-3648,-754,1938 g=-1,-2,-4
WFI t=47151 a=-3656,-761,1924 g=0,-3,-4
WFI t=47201 a=-3651,-767,1925 g=-3,-1,-3
WFR t=47220 src=bms type=0x02 len=129 data=d2037c0ee80ee70ee90ee80ee90ee80ee90ee90ee70ee80ee90ee90eec0eec0eec0eeb0eed0eed0eee0eed0eed0eee0eee0eee0eec0eee0eed0eee0000000000000000003d0000000000000000000000000000042d752f02ad0eee0ee7003d003d00000156001c0001001d0000000100010eeb0007000a00000000000000005012
WFI t=47251 a=-3665,-757,1912 g=-3,0,-4
WFI t=47301 a=-3651,-758,1933 g=0,-1,-4
WFI t=47351 a=-3654,-765,1918 g=-3,-1,-3
WFI t=47401 a=-3650,-760,1933 g=-2,1,-3
WFI t=47451 a=-3648,-766,1923 g=-4,-2,-3
WFI t=47501 a=-3659,-759,1927 g=-3,-3,-5
WFI t=47551 a=-3665,-752,1932 g=-3,-1,-5
WFI t=47601 a=-3663,-774,1927 g=-4,-1,-4
WFI t=47651 a=-3659,-773,1918 g=-6,-2,-5
WFI t=47701 a=-3657,-756,1924 g=-5,1,-3
WFI t=47751 a=-3655,-765,1920 g=-3,0,-4
WFI t=47801 a=-3660,-760,1927 g=-3,-2,-4
WFI t=47851 a=-3647,-765,1925 g=-3,-1,-4
WFI t=47901 a=-3644,-756,1925 g=2,-1,-5
WFI t=47951 a=-3664,-762,1929 g=0,1,-4
WFI t=48001 a=-3663,-760,1928 g=-2,1,-4
WFI t=48051 a=-3661,-767,1933 g=-5,-1,-4
WFI t=48210 a=-3645,-762,1917 g=0,0,-5
WFI t=48212 a=-3658,-763,1921 g=-3,-2,-4
WFI t=48214 a=-3640,-750,1915 g=0,-1,-4
WFR t=48225 src=bms type=0x02 len=129 data=d2037c0ee80ee80ee80ee80ee90ee80ee90ee90ee70ee80ee90ee90eec0eec0eec0eeb0eec0eed0eee0eed0eed0eee0eee0eee0eec0eed0eed0eee0000000000000000003d0000000000000000000000000000042d752f02ad0eee0ee7003d003d00000156001c0001001d0000000100010eea0007000a00000000000000000b95
WFI t=48251 a=-3649,-768,1911 g=-4,-3,-3
WFI t=48301 a=-3648,-766,1922 g=-2,-1,-6
WFI t=48351 a=-3651,-757,1916 g=-1,-1,-5
WFI t=48401 a=-3644,-771,1921 g=1,0,-3
WFI t=48451 a=-3654,-754,1910 g=-5,-2,-5
WFI t=48501 a=-3656,-762,1926 g=-1,-2,-4
WFI t=48551 a=-3651,-767,1920 g=-3,0,-4
WFI t=48601 a=-3652,-752,1917 g=0,-1,-3
WFI t=48651 a=-3632,-762,1923 g=-10,0,-3
WFI t=48701 a=-3656,-753,1926 g=-1,-1,-4
WFI t=48751 a=-3659,-761,1923 g=-5,-4,-5
WFI t=48801 a=-3655,-751,1931 g=-3,1,-4
WFI t=48851 a=-3664,-773,1918 g=-8,-2,-5
WFI t=48901 a=-3654,-757,1922 g=-2,1,-3
WFI t=48951 a=-3652,-759,1917 g=-2,-2,-4
WFI t=49001 a=-3651,-767,1918 g=-1,1,-4
WFI t=49051 a=-3651,-755,1918 g=-4,-3,-4
WFI t=49101 a=-3652,-761,1926 g=-3,-1,-4
WFI t=49151 a=-3652,-765,1921 g=-5,-2,-5
WFI t=49201 a=-3653,-770,1913 g=-5,0,-5
WFR t=49230 src=bms type=0x02 len=129 data=d2037c0ee80ee70ee80ee80ee90ee80ee90ee90ee70ee80ee90ee90eec0eec0eec0eeb0eec0eed0eee0eed0eed0eee0eee0eee0eec0eee0eed0eee0000000000000000003d0000000000000000000000000000042d752f02ad0eee0ee7003d003d00000156001c0001001d0000000100010eea0007000a0000000000000000ff52
WFI t=49251 a=-3653,-764,1928 g=-4,-2,-4
WFI t=49301 a=-3660,-753,1924 g=-5,-2,-4
WFI t=49351 a=-3646,-766,1925 g=-3,-2,-4
WFI t=49401 a=-3663,-759,1912 g=-2,-1,-5
WFI t=49451 a=-3667,-759,1913 g=-5,-2,-5
WFI t=49501 a=-3667,-769,1922 g=0,-3,-4
WFI t=49551 a=-3662,-761,1929 g=-1,-1,-5
WFI t=49601 a=-3663,-762,1925 g=2,-2,-4
WFI t=49651 a=-3649,-766,1927 g=-3,-1,-4
WFI t=49701 a=-3657,-756,1918 g=-6,0,-5
WFI t=49751 a=-3657,-763,1927 g=-1,-1,-3
WFI t=49801 a=-3666,-763,1922 g=-1,-3,-4
WFI t=49851 a=-3658,-757,1915 g=2,-2,-5
WFI t=49901 a=-3655,-757,1922 g=-3,1,-5
WFI t=49951 a=-3662,-757,1922 g=-3,0,-5
WFI t=50001 a=-3652,-756,1923 g=-9,-1,-3
WFI t=50051 a=-3654,-752,1929 g=-2,-2,-5
WFI t=50216 a=-3650,-772,1912 g=-3,-1,-5
WFI t=50231 a=-3657,-762,1926 g=-4,0,-4
WFR t=50232 src=bms type=0x02 len=129 data=d2037c0ee80ee80ee90ee80ee80ee80ee90ee90ee70ee80ee90ee90eec0eec0eec0eeb0eed0eec0eee0eed0eed0eee0eee0eee0eec0eee0eed0eed0000000000000000003d0000000000000000000000000000042d752f02ad0eee0ee7003d003d00000156001c0001001d0000000100010eea0007000a0000000000000000142f
WFI t=50233 a=-3656,-772,1930 g=-6,-2,-5
WFI t=50251 a=-3649,-767,1923 g=0,-1,-3
WFI t=50301 a=-3653,-768,1920 g=-4,-3,-5
WFI t=50351 a=-3653,-767,1925 g=-3,0,-5
WFI t=50401 a=-3655,-755,1918 g=-2,-1,-6
WFI t=50451 a=-3654,-756,1922 g=-5,-1,-3
WFI t=50501 a=-3657,-756,1914 g=-3,-1,-3
WFI t=50551 a=-3655,-769,1924 g=1,-1,-4
WFI t=50601 a=-3639,-759,1914 g=-3,0,-6
WFI t=50661 a=-3658,-769,1920 g=-3,-2,-3
WFI t=50701 a=-3655,-757,1923 g=-1,-1,-4
WFI t=50751 a=-3652,-755,1918 g=-5,-2,-4
WFI t=50801 a=-3654,-755,1928 g=-4,-3,-6
WFI t=50851 a=-3651,-759,1927 g=-3,0,-3
WFI t=50901 a=-3662,-766,1911 g=1,-1,-4
WFI t=50951 a=-3658,-759,1918 g=-1,-1,-5
WFI t=51001 a=-3654,-767,1926 g=-3,-1,-4
WFI t=51052 a=-3653,-748,1924 g=-3,-1,-5
WFT t=51054 batt_mv=4170 rssi_mcu=0 rssi_bms=-77 mcu=0 bms=39 dropped=0
WFI t=51101 a=-3650,-760,1921 g=-4,-2,-5
WFI t=51151 a=-3652,-772,1910 g=-1,1,-5
WFI t=51201 a=-3674,-759,1932 g=-4,-1,-6
WFR t=51240 src=bms type=0x02 len=129 data=d2037c0ee80ee80ee80ee80ee80ee80ee90ee90ee70ee80ee90ee90eec0eec0eed0eeb0eed0eed0eee0eed0eed0eee0eee0eee0eec0eee0eed0eed0000000000000000003d0000000000000000000000000000042d752f02ad0eee0ee7003d003d00000156001c0001001d0000000100010eea0007000a00000000000000008c83
WFI t=51251 a=-3656,-759,1933 g=1,0,-4
WFI t=51301 a=-3655,-761,1914 g=-8,-2,-3
WFI t=51351 a=-3658,-758,1906 g=-3,-3,-4
WFI t=51401 a=-3664,-758,1920 g=-2,-1,-5
WFI t=51451 a=-3655,-737,1931 g=0,-2,-5
WFI t=51501 a=-3655,-767,1929 g=-9,1,-4
WFI t=51551 a=-3659,-762,1920 g=-7,0,-4
WFI t=51601 a=-3644,-774,1917 g=-6,-2,-4
WFI t=51651 a=-3650,-757,1920 g=1,1,-4
WFI t=51701 a=-3656,-765,1918 g=-2,-2,-4
WFI t=51751 a=-3676,-754,1920 g=-4,-1,-4
WFI t=51801 a=-3658,-758,1928 g=-8,-4,-5
WFI t=51851 a=-3658,-764,1914 g=-1,-1,-4
WFI t=51901 a=-3642,-764,1924 g=-1,-1,-5
WFI t=51951 a=-3652,-759,1918 g=2,0,-4
WFI t=52001 a=-3665,-777,1916 g=-1,-1,-4
WFI t=52051 a=-3647,-771,1913 g=-5,-2,-6
WFI t=52144 a=-3656,-751,1925 g=-4,0,-5
WFI t=52280 a=-3646,-748,1920 g=-4,-3,-5
WFR t=52295 src=bms type=0x02 len=129 data=d2037c0ee80ee80ee90ee80ee80ee80ee90ee90ee70ee80ee90ee90eec0eec0eec0eeb0eed0eec0eee0eed0eed0eee0eee0eee0eec0eed0eed0eed0000000000000000003d0000000000000000000000000000042d752f02ad0eee0ee7003d003d00000156001c0001001d0000000100010eea0007000a0000000000000000e11c
WFI t=52374 a=-3651,-766,1921 g=-1,-3,-4
WFI t=52389 a=-3675,-768,1924 g=-4,0,-5
WFI t=52391 a=-3658,-755,1905 g=-4,-2,-4
WFI t=52393 a=-3658,-755,1905 g=-4,-2,-4
WFI t=52401 a=-3654,-763,1917 g=-2,-1,-4
WFI t=52451 a=-3649,-770,1931 g=-4,-1,-3
WFI t=52501 a=-3649,-776,1917 g=-4,-3,-4
WFI t=52551 a=-3657,-761,1918 g=-2,-2,-5
WFI t=52601 a=-3654,-766,1925 g=-1,0,-4
WFI t=52651 a=-3644,-762,1927 g=1,-2,-4
WFI t=52701 a=-3660,-764,1926 g=-4,-2,-4
WFI t=52751 a=-3652,-763,1916 g=-3,-1,-4
WFI t=52801 a=-3659,-767,1916 g=-5,-1,-4
WFI t=52851 a=-3659,-764,1927 g=-2,-2,-4
WFI t=52901 a=-3660,-763,1922 g=1,-4,-4
WFI t=52951 a=-3664,-761,1918 g=-4,-2,-5
WFI t=53001 a=-3653,-765,1918 g=-2,0,-6
WFI t=53051 a=-3653,-750,1920 g=-4,-2,-4
WFI t=53101 a=-3657,-774,1912 g=0,0,-3
WFI t=53151 a=-3661,-759,1912 g=-4,-1,-4
WFI t=53201 a=-3668,-769,1926 g=-3,-1,-4
WFI t=53251 a=-3648,-767,1927 g=-1,-2,-4
WFR t=53280 src=bms type=0x02 len=129 data=d2037c0ee80ee80ee80ee80ee90ee80ee80ee90ee70ee80ee90ee90eec0eec0eec0eeb0eec0eed0eee0eed0eed0eee0eee0eee0eec0eed0eed0eed0000000000000000003d0000000000000000000000000000042d752f02ad0eee0ee7003d003d00000156001c0001001d0000000100010eea0007000a00000000000000006c50
WFI t=53301 a=-3672,-771,1922 g=-5,-1,-3
WFI t=53351 a=-3654,-774,1918 g=1,-1,-4
WFI t=53401 a=-3661,-765,1922 g=-4,-2,-4
WFI t=53451 a=-3657,-767,1914 g=0,-2,-4
WFI t=53501 a=-3651,-764,1917 g=-8,-1,-5
WFI t=53551 a=-3660,-753,1904 g=-3,-2,-5
WFI t=53601 a=-3651,-769,1925 g=-9,-1,-5
WFI t=53651 a=-3656,-747,1921 g=3,-2,-3
WFI t=53701 a=-3661,-759,1928 g=-3,-3,-3
WFI t=53751 a=-3668,-767,1927 g=0,-2,-2
WFI t=53801 a=-3660,-763,1931 g=0,-1,-5
WFI t=53851 a=-3657,-761,1918 g=-4,-2,-5
WFI t=53901 a=-3644,-769,1922 g=-5,-2,-4
WFI t=53951 a=-3664,-761,1915 g=-1,-3,-3
WFI t=54001 a=-3663,-764,1920 g=-4,0,-4
WFI t=54051 a=-3658,-756,1923 g=0,-2,-3
WFI t=54101 a=-3657,-757,1922 g=-5,-2,-5
WFI t=54237 a=-3657,-761,1928 g=-3,-2,-5
WFI t=54253 a=-3655,-762,1922 g=-4,-1,-4
WFI t=54255 a=-3658,-761,1928 g=-2,-1,-5
WFR t=54286 src=bms type=0x02 len=129 data=d2037c0ee80ee80ee90ee80ee80ee80ee90ee90ee70ee80ee90ee90eec0eec0eec0eeb0eed0eed0eee0eed0eed0eee0eee0eee0eec0eee0eed0eee0000000000000000003d0000000000000000000000000000042d752f02ad0eee0ee7003d003d00000156001c0001001d0000000100010eeb0007000a0000000000000000ab9c
WFI t=54301 a=-3658,-766,1928 g=-6,-2,-6
WFI t=54351 a=-3656,-767,1918 g=-4,-1,-4
WFI t=54401 a=-3646,-762,1921 g=-6,-2,-4
WFI t=54451 a=-3644,-759,1931 g=-4,-2,-3
WFI t=54501 a=-3662,-765,1939 g=-7,-2,-4
WFI t=54551 a=-3668,-764,1924 g=-8,-3,-4
WFI t=54601 a=-3656,-766,1921 g=-1,0,-5
WFI t=54651 a=-3650,-765,1912 g=1,-2,-5
WFI t=54701 a=-3655,-760,1922 g=-1,-1,-4
WFI t=54751 a=-3657,-761,1927 g=-3,-2,-4
WFI t=54801 a=-3664,-757,1920 g=-5,-2,-3
WFI t=54851 a=-3649,-759,1918 g=-5,0,-5
WFI t=54901 a=-3662,-763,1926 g=-1,1,-4
WFI t=54951 a=-3648,-758,1926 g=0,-1,-4
WFI t=55001 a=-3651,-756,1918 g=-4,-1,-4
WFI t=55051 a=-3655,-765,1927 g=-9,-4,-5
WFI t=55101 a=-3651,-772,1926 g=0,-2,-6
WFI t=55151 a=-3651,-766,1921 g=-7,-2,-5
WFI t=55201 a=-3655,-753,1935 g=-4,-2,-4
WFI t=55251 a=-3664,-756,1915 g=-2,-1,-4
WFR t=55291 src=bms type=0x02 len=129 data=d2037c0ee80ee70ee90ee80ee80ee80ee90ee90ee70ee80ee90ee90eec0eec0eec0eec0eed0eed0eee0eed0eed0eee0eee0eee0eec0eee0eed0eee0000000000000000003d0000000000000000000000000000042d752f02ad0eee0ee7003d003d00000156001c0001001d0000000100010eeb0007000a0000000000000000ff59
WFI t=55302 a=-3661,-767,1922 g=-4,-1,-5
WFI t=55351 a=-3653,-763,1921 g=-1,-1,-3
WFI t=55401 a=-3653,-755,1926 g=-5,-2,-4
WFI t=55451 a=-3655,-743,1920 g=-3,-1,-4
WFI t=55501 a=-3661,-763,1910 g=-4,-3,-5
WFI t=55551 a=-3651,-760,1918 g=-3,-2,-5
WFI t=55601 a=-3654,-766,1921 g=-5,-1,-4
WFI t=55651 a=-3661,-771,1916 g=-5,-1,-4
WFI t=55701 a=-3650,-759,1925 g=-2,-1,-5
WFI t=55751 a=-3661,-772,1917 g=-8,-3,-6
WFI t=55801 a=-3653,-763,1922 g=-4,0,-4
WFI t=55851 a=-3662,-764,1928 g=-5,-1,-5
WFI t=55901 a=-3649,-760,1909 g=-2,-1,-4
WFI t=55951 a=-3656,-768,1929 g=-1,0,-4
WFI t=56001 a=-3649,-764,1929 g=-1,-2,-4
WFI t=56051 a=-3647,-769,1913 g=-9,-2,-4
WFT t=56095 batt_mv=4170 rssi_mcu=0 rssi_bms=-85 mcu=0 bms=44 dropped=0
WFI t=56101 a=-3649,-770,1922 g=-5,0,-4
WFI t=56154 a=-3661,-768,1930 g=-5,-2,-4
WFI t=56338 a=-3650,-771,1915 g=-2,-3,-4
WFR t=56339 src=bms type=0x02 len=129 data=d2037c0ee80ee80ee80ee80ee80ee80ee90ee90ee70ee80ee90ee90eec0eec0eec0eeb0eed0eec0eee0eed0eed0eee0eee0eee0eec0eed0eed0eed0000000000000000003d0000000000000000000000000000042d752f02ad0eee0ee7003d003d00000156001c0001001d0000000100010eea0007000a0000000000000000f01d
WFI t=56340 a=-3661,-754,1918 g=-2,0,-3
WFI t=56342 a=-3653,-758,1918 g=-2,-1,-4
WFI t=56351 a=-3656,-763,1915 g=-4,0,-4
WFI t=56401 a=-3648,-752,1918 g=-5,0,-4
WFI t=56451 a=-3664,-752,1912 g=-4,-1,-4
WFI t=56501 a=-3650,-771,1913 g=-8,0,-5
WFI t=56551 a=-3673,-764,1924 g=-3,-1,-5
WFI t=56601 a=-3655,-761,1909 g=-2,-1,-5
WFI t=56651 a=-3662,-756,1920 g=1,-1,-3
WFI t=56701 a=-3666,-764,1914 g=-3,0,-4
WFI t=56751 a=-3658,-751,1921 g=-1,-1,-4
WFI t=56801 a=-3670,-770,1922 g=-6,-1,-4
WFI t=56851 a=-3659,-768,1922 g=0,-2,-5
WFI t=56901 a=-3650,-757,1921 g=-5,-2,-4
WFI t=56951 a=-3647,-772,1926 g=0,0,-4
WFI t=57001 a=-3650,-775,1922 g=-2,-1,-4
WFI t=57051 a=-3651,-760,1917 g=-4,-2,-5
WFI t=57101 a=-3634,-765,1925 g=-2,-1,-4
WFI t=57151 a=-3654,-758,1920 g=2,-2,-5
WFI t=57201 a=-3645,-763,1914 g=-1,0,-5
WFI t=57252 a=-3666,-769,1918 g=-4,-1,-3
WFI t=57301 a=-3655,-754,1926 g=-1,-1,-5
WFR t=57346 src=bms type=0x02 len=129 data=d2037c0ee80ee70ee80ee80ee90ee80ee90ee90ee70ee80ee90ee90eec0eec0eec0eeb0eed0eed0eee0eed0eed0eee0eee0eee0eec0eed0eed0eed0000000000000000003d0000000000000000000000000000042d753002ad0eee0ee7003d003d00000156001c0001001d0000000100010eea00070000000000000000000096b9
WFI t=57351 a=-3657,-762,1924 g=1,0,-4
WFI t=57401 a=-3663,-770,1916 g=-6,-1,-4
WFI t=57451 a=-3654,-763,1915 g=-3,-1,-3
WFI t=57501 a=-3646,-764,1914 g=1,-1,-4
WFI t=57552 a=-3657,-759,1926 g=-1,-1,-4
WFI t=57601 a=-3649,-758,1922 g=-7,-2,-4
WFI t=57651 a=-3650,-768,1926 g=-6,-3,-4
WFI t=57702 a=-3649,-762,1918 g=-3,-1,-3
WFI t=57751 a=-3654,-768,1925 g=-1,-2,-5
WFI t=57801 a=-3656,-763,1911 g=0,-3,-3
WFI t=57852 a=-3660,-781,1918 g=2,-2,-3
WFI t=57901 a=-3653,-764,1922 g=-1,-2,-4
WFI t=57951 a=-3664,-765,1920 g=-2,-1,-3
WFI t=58001 a=-3655,-758,1918 g=1,-2,-4
WFI t=58051 a=-3657,-756,1925 g=-1,-2,-3
WFI t=58101 a=-3646,-757,1930 g=0,-1,-4
WFI t=58255 a=-3658,-768,1918 g=-3,-1,-3
WFI t=58272 a=-3648,-762,1916 g=-5,-1,-4
WFI t=58274 a=-3655,-759,1918 g=-4,-3,-5
WFI t=58302 a=-3658,-760,1917 g=-1,-1,-3
WFI t=58351 a=-3668,-770,1917 g=-8,0,-5
WFI t=58401 a=-3651,-754,1922 g=-1,-2,-3
WFR t=58411 src=bms type=0x02 len=129 data=d2037c0ee80ee80ee90ee80ee80ee80ee80ee90ee70ee80ee90ee90eec0eec0eec0eeb0eed0eed0eee0eed0eed0eee0eee0eee0eec0eee0eed0eed0000000000000000003d0000000000000000000000000000042d752f02ad0eee0ee7003d003d00000156001c0001001d0000000100010eea0007000a0000000000000000ced8
WFI t=58452 a=-3662,-756,1917 g=-2,-1,-4
WFI t=58501 a=-3647,-777,1912 g=-2,0,-4
WFI t=58551 a=-3651,-768,1922 g=-7,-1,-5
WFI t=58602 a=-3659,-775,1918 g=-2,-3,-5
WFI t=58651 a=-3659,-762,1916 g=-4,-1,-4
WFI t=58701 a=-3648,-758,1920 g=-3,-3,-5
WFI t=58752 a=-3654,-763,1925 g=-1,-2,-5
WFI t=58801 a=-3647,-773,1917 g=-3,-3,-5
WFI t=58861 a=-3660,-761,1909 g=-3,-1,-4
WFI t=58902 a=-3657,-757,1931 g=-2,-1,-4
WFI t=58951 a=-3653,-766,1911 g=3,-1,-2
WFI t=59001 a=-3656,-760,1911 g=-2,-1,-6
WFI t=59051 a=-3654,-761,1916 g=-5,-1,-5
WFI t=59101 a=-3655,-764,1916 g=-8,-4,-4
WFI t=59151 a=-3651,-758,1931 g=-3,-2,-5
WFI t=59202 a=-3661,-770,1908 g=-1,-4,-5
WFI t=59251 a=-3648,-755,1923 g=-2,-1,-5
WFI t=59301 a=-3660,-760,1917 g=-2,-1,-4
WFI t=59351 a=-3651,-761,1912 g=-4,-1,-4
WFI t=59401 a=-3660,-772,1913 g=-6,0,-4
WFR t=59416 src=bms type=0x02 len=129 data=d2037c0ee80ee70ee80ee80ee80ee80ee90ee90ee70ee80ee80ee90eec0eec0eec0eeb0eed0eed0eee0eed0eed0eee0eee0eee0eec0eee0eed0eee0000000000000000003d0000000000000000000000000000042d752f02ad0eee0ee7003d003d00000156001c0001001d0000000100010eea0007000a000000000000000017c5
WFI t=59451 a=-3655,-763,1912 g=-5,0,-4
WFI t=59501 a=-3650,-767,1927 g=-3,-1,-5
WFI t=59551 a=-3646,-765,1913 g=-6,-3,-4
WFI t=59601 a=-3661,-760,1913 g=-1,0,-4
WFI t=59651 a=-3648,-763,1920 g=-4,-2,-5
WFI t=59701 a=-3663,-758,1909 g=-6,-2,-5
WFI t=59751 a=-3652,-766,1921 g=-8,-2,-5
WFI t=59801 a=-3658,-759,1915 g=-2,-2,-4
WFI t=59851 a=-3657,-761,1923 g=-2,-1,-3
WFI t=59901 a=-3666,-752,1921 g=2,1,-5
WFI t=59951 a=-3668,-766,1921 g=-3,-2,-4
WFI t=60001 a=-3651,-758,1924 g=2,0,-3
WFI t=60051 a=-3657,-766,1916 g=-4,0,-5
WFI t=60101 a=-3655,-762,1921 g=-3,-1,-4
WFI t=60222 a=-3663,-769,1916 g=-5,-2,-4
WFI t=60396 a=-3664,-755,1915 g=-4,-2,-5
WFI t=60411 a=-3656,-759,1917 g=-2,-1,-4
WFI t=60413 a=-3664,-763,1926 g=-1,-2,-5
WFI t=60415 a=-3664,-763,1926 g=-1,-2,-5
WFI t=60417 a=-3655,-754,1920 g=-2,-3,-4
WFI t=60451 a=-3658,-759,1910 g=1,-2,-4
WFI t=60501 a=-3655,-756,1916 g=-6,-2,-4
WFR t=60512 src=bms type=0x02 len=129 data=d2037c0ee80ee70ee90ee80ee80ee80ee90ee90ee70ee80ee90ee90eec0eec0eec0eeb0eed0eed0eee0eed0eed0eee0eee0eee0eec0eed0eed0eed0000000000000000003d0000000000000000000000000000042d752f02ad0eee0ee7003d003d00000156001c0001001d0000000100010eea0007000a00000000000000004ce9
WFI t=60551 a=-3645,-765,1916 g=1,-1,-5
WFI t=60601 a=-3646,-759,1917 g=-4,-2,-5
WFI t=60651 a=-3650,-762,1917 g=-9,1,-5
WFI t=60701 a=-3656,-764,1910 g=1,0,-4
WFI t=60751 a=-3648,-763,1909 g=0,-2,-4
WFI t=60801 a=-3664,-771,1921 g=-2,0,-5
WFI t=60851 a=-3666,-765,1907 g=-4,-1,-5
WFI t=60901 a=-3671,-777,1913 g=-3,-2,-5
WFI t=60951 a=-3659,-769,1912 g=-2,-2,-4
WFI t=61001 a=-3656,-768,1922 g=-6,-2,-4
WFI t=61051 a=-3660,-765,1923 g=-2,-1,-4
WFI t=61101 a=-3651,-770,1907 g=2,0,-5
WFI t=61151 a=-3651,-758,1909 g=-4,0,-5
WFI t=61201 a=-3662,-752,1928 g=-5,-2,-5
WFT t=61212 batt_mv=4170 rssi_mcu=0 rssi_bms=-81 mcu=0 bms=49 dropped=0
WFI t=61251 a=-3663,-768,1907 g=-5,1,-4
WFI t=61301 a=-3650,-772,1921 g=-5,-2,-3
WFI t=61351 a=-3659,-773,1915 g=-3,0,-6
WFI t=61401 a=-3645,-763,1923 g=-4,0,-4
WFI t=61452 a=-3664,-763,1922 g=-5,-1,-3
WFI t=61501 a=-3669,-764,1918 g=-4,-1,-3
WFI t=61551 a=-3660,-770,1904 g=-1,-1,-4
WFI t=61601 a=-3654,-764,1918 g=-8,-2,-6
WFR t=61606 src=bms type=0x02 len=129 data=d2037c0ee80ee80ee90ee80ee90ee80ee80ee90ee70ee80ee90ee90eec0eec0eec0eeb0eed0eed0eee0eed0eed0eee0eee0eee0eec0eee0eed0eed0000000000000000003d0000000000000000000000000000042d752f02ad0eee0ee7003d003d00000156001c0001001d0000000100010eea0007000a000000000000000034a2
WFI t=61651 a=-3660,-756,1921 g=-1,-1,-3
WFI t=61701 a=-3660,-763,1921 g=-3,-1,-2
WFI t=61751 a=-3659,-760,1914 g=-3,0,-5
WFI t=61801 a=-3666,-775,1913 g=-3,0,-4
WFI t=61851 a=-3640,-753,1909 g=-4,0,-5
WFI t=61901 a=-3657,-773,1926 g=-4,0,-3
WFI t=61951 a=-3659,-768,1909 g=-4,-1,-3
WFI t=62001 a=-3656,-762,1916 g=1,-1,-4
WFI t=62051 a=-3653,-762,1922 g=-4,0,-4
WFI t=62101 a=-3649,-758,1921 g=-3,-1,-4
WFI t=62270 a=-3651,-771,1912 g=-2,-2,-5
WFI t=62272 a=-3666,-763,1928 g=-2,-1,-4
WFI t=62274 a=-3666,-763,1928 g=-2,-1,-4
WFI t=62301 a=-3653,-755,1913 g=-6,-2,-5
WFI t=62351 a=-3662,-764,1918 g=-7,-2,-3
WFI t=62401 a=-3644,-768,1900 g=-6,-1,-5
WFI t=62451 a=-3660,-770,1921 g=-3,-2,-4
WFI t=62502 a=-3653,-758,1910 g=-6,-1,-4
WFI t=62551 a=-3656,-755,1920 g=-2,-1,-5
WFI t=62601 a=-3650,-762,1915 g=-4,-2,-5
WFI t=62651 a=-3648,-765,1902 g=-5,0,-5
WFR t=62671 src=bms type=0x02 len=129 data=d2037c0ee80ee80ee80ee80ee80ee80ee80ee90ee70ee80ee90ee90eec0eec0eec0eeb0eec0eed0eee0eed0eed0eee0eee0eee0eec0eee0eed0eee0000000000000000003d0000000000000000000000000000042d752f02ad0eee0ee7003d003d00000156001c0001001d0000000100010eea0007000a0000000000000000722a
WFI t=62701 a=-3659,-761,1917 g=-3,-2,-4
WFI t=62751 a=-3652,-768,1913 g=1,-2,-3
WFI t=62801 a=-3663,-767,1918 g=-4,-2,-4
WFI t=62851 a=-3661,-763,1913 g=-2,-2,-5
WFI t=62901 a=-3660,-760,1910 g=-3,-1,-5
WFI t=62951 a=-3673,-771,1921 g=-8,-1,-4
WFI t=63001 a=-3654,-754,1907 g=-3,-2,-4
WFI t=63051 a=-3651,-760,1921 g=-4,-1,-5
WFI t=63101 a=-3654,-766,1914 g=-2,0,-5
WFI t=63151 a=-3648,-765,1918 g=-4,-1,-5
WFI t=63201 a=-3661,-768,1914 g=-8,-1,-4
WFI t=63251 a=-3643,-759,1915 g=3,-1,-4
WFI t=63301 a=-3657,-758,1918 g=-1,0,-4
WFI t=63351 a=-3668,-767,1926 g=-1,-2,-5
WFI t=63401 a=-3645,-756,1911 g=-1,-1,-4
WFI t=63451 a=-3651,-759,1907 g=-4,-2,-5
WFI t=63501 a=-3658,-761,1916 g=-3,-2,-3
WFI t=63551 a=-3648,-764,1913 g=-3,0,-4
WFI t=63601 a=-3651,-751,1920 g=-6,2,-3
WFI t=63651 a=-3664,-758,1924 g=-6,1,-4
WFR t=63661 src=bms type=0x02 len=129 data=d2037c0ee80ee80ee90ee80ee80ee80ee90ee90ee70ee80ee80ee90eec0eec0eec0eeb0eed0eed0eee0eed0eed0eee0eee0eee0eec0eed0eed0eed0000000000000000003d0000000000000000000000000000042d752f02ad0eee0ee7003d003d00000156001c0001001d0000000100010eea0007000a0000000000000000e330
WFI t=63701 a=-3649,-766,1911 g=-4,-1,-4
WFI t=63751 a=-3654,-761,1908 g=-1,0,-4
WFI t=63801 a=-3653,-771,1924 g=-2,0,-5
WFI t=63851 a=-3666,-759,1917 g=-4,-1,-3
WFI t=63901 a=-3657,-771,1912 g=-3,0,-4
WFI t=63951 a=-3663,-775,1925 g=-5,0,-5
WFI t=64001 a=-3663,-771,1911 g=-9,-2,-4
WFI t=64051 a=-3644,-776,1913 g=-3,-1,-4
WFI t=64101 a=-3653,-765,1915 g=-4,-2,-4
WFI t=64192 a=-3649,-772,1918 g=0,-1,-4
WFI t=64289 a=-3659,-755,1918 g=-8,-2,-5
WFI t=64291 a=-3659,-755,1918 g=-8,-2,-5
WFI t=64301 a=-3653,-764,1908 g=-1,0,-4
WFI t=64351 a=-3665,-765,1908 g=-5,-2,-6
WFI t=64401 a=-3655,-763,1923 g=-5,-1,-6
WFI t=64451 a=-3658,-762,1914 g=-3,-1,-4
WFI t=64501 a=-3649,-763,1926 g=-8,-1,-4
WFI t=64551 a=-3651,-751,1920 g=-6,-3,-5
WFI t=64601 a=-3657,-769,1922 g=-4,-2,-4
WFI t=64651 a=-3658,-769,1902 g=-2,-2,-4
WFR t=64681 src=bms type=0x02 len=129 data=d2037c0ee80ee80ee90ee80ee80ee80ee90ee90ee70ee80ee90ee90eec0eec0eec0eeb0eed0eed0eee0eed0eed0eee0eee0eee0eec0eee0eed0eed0000000000000000003d0000000000000000000000000000042d752f02ad0eee0ee7003d003d00000156001c0001001d0000000100010eea0007000a0000000000000000b82e
WFI t=64701 a=-3661,-760,1920 g=-5,0,-5
WFI t=64751 a=-3647,-766,1912 g=-5,-1,-4
WFI t=64801 a=-3657,-769,1927 g=-5,-2,-4
WFI t=64851 a=-3660,-745,1918 g=1,0,-4
WFI t=64901 a=-3663,-773,1924 g=-4,0,-3
WFI t=64951 a=-3652,-763,1908 g=-3,-2,-3
WFI t=65001 a=-3655,-759,1918 g=-7,0,-4
WFI t=65051 a=-3658,-746,1914 g=-3,-2,-3
WFI t=65101 a=-3659,-763,1914 g=-5,-3,-4
WFI t=65151 a=-3662,-762,1916 g=-4,-1,-4
WFI t=65201 a=-3668,-766,1923 g=0,1,-4
WFI t=65251 a=-3661,-766,1924 g=-3,0,-5
WFI t=65301 a=-3657,-767,1921 g=-8,-3,-5
WFI t=65351 a=-3660,-771,1914 g=-3,0,-3
WFI t=65401 a=-3653,-776,1924 g=-1,0,-3
WFI t=65451 a=-3663,-759,1918 g=0,1,-3
WFI t=65501 a=-3654,-763,1916 g=-3,0,-3
WFI t=65551 a=-3653,-747,1917 g=-4,-1,-4
WFI t=65601 a=-3652,-762,1921 g=1,-2,-5
WFI t=65651 a=-3660,-768,1925 g=-2,-2,-3
WFR t=65671 src=bms type=0x02 len=129 data=d2037c0ee80ee70ee80ee80ee80ee80ee80ee90ee70ee80ee80ee90eec0eec0eec0eeb0eec0eec0eee0eed0eed0eee0eee0eee0eec0eee0eed0eed0000000000000000003d0000000000000000000000000000042d752f02ad0eee0ee7003d003d00000156001c0001001d0000000100010eea0007000a000000000000000060c1
WFI t=65701 a=-3668,-772,1922 g=-6,-3,-5
WFI t=65751 a=-3649,-768,1928 g=0,-1,-3
WFI t=65801 a=-3661,-766,1907 g=-3,-1,-3
WFI t=65851 a=-3659,-770,1920 g=-8,-1,-5
WFI t=65901 a=-3661,-764,1921 g=-3,-2,-3
WFI t=65951 a=-3661,-763,1921 g=-2,1,-4
WFI t=66001 a=-3657,-773,1910 g=2,0,-3
WFI t=66051 a=-3659,-779,1910 g=0,0,-3
WFI t=66101 a=-3659,-768,1904 g=-4,-1,-4
WFI t=66151 a=-3641,-763,1920 g=-2,-1,-3
WFI t=66309 a=-3655,-769,1924 g=-4,-2,-4
WFT t=66309 batt_mv=4170 rssi_mcu=0 rssi_bms=-83 mcu=0 bms=54 dropped=0
WFI t=66311 a=-3646,-757,1920 g=-4,-1,-4
WFI t=66313 a=-3646,-757,1920 g=-4,-1,-4
WFI t=66351 a=-3667,-762,1916 g=-1,-2,-4
WFI t=66401 a=-3655,-765,1908 g=-8,-3,-3
WFI t=66451 a=-3661,-760,1920 g=-8,-2,-4
WFI t=66501 a=-3665,-767,1920 g=-3,-1,-4
WFI t=66551 a=-3655,-771,1925 g=-6,-2,-4
WFI t=66601 a=-3641,-769,1928 g=-4,0,-4
WFI t=66651 a=-3652,-761,1918 g=-5,-2,-4
WFI t=66701 a=-3659,-764,1924 g=-4,-2,-4
WFR t=66721 src=bms type=0x02 len=129 data=d2037c0ee80ee70ee90ee80ee90ee80ee80ee90ee70ee80ee80ee90eec0eec0eec0eeb0eec0eed0eee0eed0eed0eee0eee0eee0eec0eee0eed0eee0000000000000000003d0000000000000000000000000000042d752f02ad0eee0ee7003d003d00000156001c0001001d0000000100010eea0007000a00000000000000003688
WFI t=66751 a=-3659,-766,1924 g=-1,1,-4
WFI t=66801 a=-3657,-764,1920 g=2,0,-3
WFI t=66851 a=-3653,-761,1912 g=-2,-2,-3
WFI t=66901 a=-3661,-757,1927 g=-8,0,-4
WFI t=66951 a=-3663,-759,1915 g=1,0,-4
WFI t=67001 a=-3666,-764,1922 g=-8,-1,-4
WFI t=67051 a=-3659,-763,1914 g=-2,0,-5
WFI t=67101 a=-3652,-774,1926 g=-1,-1,-4
WFI t=67156 a=-3665,-773,1920 g=-7,-1,-5
WFI t=67201 a=-3658,-766,1920 g=-3,-3,-4
WFI t=67251 a=-3672,-767,1915 g=-2,0,-5
WFI t=67301 a=-3660,-763,1916 g=-4,0,-3
WFI t=67351 a=-3656,-759,1918 g=-2,-2,-4
WFI t=67401 a=-3656,-768,1921 g=-5,-1,-5
WFI t=67451 a=-3664,-774,1917 g=-1,-2,-3
WFI t=67501 a=-3659,-755,1923 g=-3,0,-4
WFI t=67551 a=-3655,-760,1928 g=-5,-2,-4
WFI t=67601 a=-3662,-763,1926 g=-5,-2,-4
WFI t=67651 a=-3662,-770,1916 g=-4,-1,-4
WFI t=67701 a=-3660,-759,1918 g=-6,-1,-4
WFR t=67741 src=bms type=0x02 len=129 data=d2037c0ee80ee80ee90ee80ee80ee80ee90ee90ee70ee80ee80ee90eec0eec0eed0eeb0eed0eec0eee0eed0eed0eee0eee0eee0eec0eed0eed0eee0000000000000000003d0000000000000000000000000000042d752f02ad0eee0ee7003d003d00000156001c0001001d0000000100010eea0007000a00000000000000007bae
WFI t=67751 a=-3657,-763,1918 g=-6,-2,-5
WFI t=67801 a=-3652,-760,1922 g=-9,-1,-4
WFI t=67851 a=-3660,-771,1921 g=-1,-1,-4
WFI t=67901 a=-3641,-764,1931 g=-3,0,-4
WFI t=67951 a=-3649,-761,1923 g=-4,-2,-4
WFI t=68001 a=-3661,-771,1932 g=-6,-2,-4
WFI t=68051 a=-3662,-767,1924 g=-4,-1,-4
WFI t=68101 a=-3663,-751,1927 g=-1,-1,-4
WFI t=68151 a=-3660,-753,1925 g=-1,-2,-4
WFI t=68210 a=-3657,-757,1921 g=0,-1,-5
WFI t=68352 a=-3653,-765,1923 g=2,0,-4
WFI t=68426 a=-3637,-770,1923 g=-5,-1,-5
WFI t=68524 a=-3655,-765,1915 g=-2,-1,-5
WFI t=68541 a=-3656,-758,1924 g=-7,1,-5
WFI t=68543 a=-3656,-758,1924 g=-7,1,-5
WFI t=68546 a=-3653,-763,1926 g=-5,-2,-4
WFI t=68551 a=-3660,-773,1921 g=-3,-1,-4
WFI t=68601 a=-3654,-755,1932 g=1,1,-4
WFI t=68651 a=-3644,-776,1912 g=-2,0,-3
WFI t=68701 a=-3660,-769,1922 g=-7,-3,-5
WFI t=68751 a=-3660,-767,1918 g=-7,-1,-4
WFI t=68801 a=-3657,-770,1934 g=-2,1,-4
WFI t=68851 a=-3657,-756,1923 g=-5,0,-3
WFI t=68901 a=-3645,-774,1918 g=-8,-2,-4
WFI t=68952 a=-3671,-769,1933 g=0,0,-4
WFI t=69001 a=-3658,-763,1918 g=1,0,-4
WFI t=69051 a=-3657,-754,1915 g=-3,-1,-3
WFI t=69102 a=-3647,-760,1925 g=-4,1,-3
WFI t=69151 a=-3663,-771,1926 g=-5,0,-4
WFI t=69201 a=-3656,-767,1913 g=-4,-1,-6
WFI t=69252 a=-3666,-771,1920 g=-3,0,-4
WFI t=69301 a=-3643,-766,1937 g=-6,-1,-4
WFI t=69351 a=-3669,-764,1927 g=-8,-2,-4
WFI t=69402 a=-3658,-761,1921 g=-3,-1,-4
WFI t=69451 a=-3646,-763,1916 g=-4,-2,-5
WFI t=69501 a=-3647,-765,1917 g=-1,-1,-4
WFI t=69551 a=-3656,-760,1910 g=-1,-1,-4
WFI t=69601 a=-3661,-766,1913 g=-3,-1,-2
WFI t=69651 a=-3665,-761,1917 g=-3,-1,-4
WFI t=69701 a=-3658,-769,1915 g=-2,-2,-5
WFI t=69751 a=-3657,-766,1933 g=-3,-1,-4
WFI t=69801 a=-3655,-770,1927 g=-1,-1,-4
WFI t=69851 a=-3663,-762,1923 g=-5,-1,-4
WFI t=69901 a=-3657,-768,1918 g=-1,0,-4
WFI t=69951 a=-3653,-757,1923 g=-4,-3,-4
WFI t=70002 a=-3652,-769,1931 g=-6,-1,-4
WFI t=70051 a=-3643,-760,1928 g=-2,-3,-5
WFI t=70101 a=-3657,-757,1918 g=-5,0,-5
WFI t=70151 a=-3648,-754,1923 g=-3,0,-4
WFI t=70302 a=-3652,-769,1934 g=1,0,-5
WFI t=70319 a=-3645,-758,1914 g=-4,-1,-4
WFI t=70322 a=-3653,-768,1923 g=-3,-2,-5
WFI t=70351 a=-3650,-758,1918 g=-3,-1,-4
WFI t=70401 a=-3661,-764,1923 g=-3,1,-5
WFI t=70451 a=-3659,-761,1921 g=-4,0,-4
WFI t=70501 a=-3649,-773,1929 g=-4,-1,-4
WFI t=70551 a=-3649,-763,1917 g=-3,0,-4
WFI t=70601 a=-3664,-765,1929 g=-2,-2,-4
WFI t=70651 a=-3661,-772,1918 g=-3,-1,-4
WFI t=70701 a=-3655,-763,1910 g=-3,-2,-5
WFI t=70751 a=-3662,-761,1918 g=-4,0,-4
WFI t=70801 a=-3663,-756,1918 g=-4,-1,-4
WFI t=70851 a=-3649,-765,1914 g=-6,-1,-4
WFI t=70901 a=-3656,-762,1932 g=-5,-2,-4
WFI t=70951 a=-3651,-768,1907 g=-5,-1,-2
WFI t=71001 a=-3662,-768,1937 g=-3,-1,-4
WFI t=71051 a=-3655,-751,1917 g=-4,1,-4
WFI t=71101 a=-3655,-763,1917 g=-2,-2,-5
WFI t=71151 a=-3652,-762,1918 g=-7,-2,-4
WFI t=71201 a=-3664,-758,1917 g=-5,0,-4
WFI t=71251 a=-3664,-762,1933 g=-1,-1,-4
WFI t=71301 a=-3658,-765,1925 g=-4,-1,-4
WFI t=71351 a=-3654,-770,1918 g=2,1,-3
WFT t=71366 batt_mv=4188 rssi_mcu=0 rssi_bms=-77 mcu=0 bms=56 dropped=0
WFI t=71401 a=-3651,-768,1914 g=-7,-3,-5
WFI t=71451 a=-3653,-765,1934 g=-2,-1,-3
WFI t=71501 a=-3668,-757,1921 g=-1,0,-4
WFI t=71551 a=-3668,-764,1908 g=0,0,-4
WFI t=71601 a=-3662,-743,1905 g=-1,0,-3
WFI t=71651 a=-3657,-767,1926 g=-4,1,-5
WFI t=71701 a=-3656,-772,1926 g=-6,-1,-3
WFI t=71751 a=-3660,-774,1927 g=-6,0,-4
WFI t=71801 a=-3663,-769,1925 g=-5,1,-4
WFI t=71851 a=-3653,-760,1940 g=-5,-2,-3
WFI t=71901 a=-3653,-755,1930 g=-3,1,-2
WFI t=71951 a=-3653,-756,1912 g=-6,-4,-3
WFI t=72001 a=-3660,-759,1916 g=-4,-1,-6
WFI t=72051 a=-3656,-756,1930 g=-6,-1,-5
WFI t=72101 a=-3666,-763,1917 g=-4,-3,-5
WFI t=72151 a=-3648,-770,1932 g=-5,-2,-5
WFI t=72324 a=-3649,-753,1929 g=0,1,-4
WFI t=72340 a=-3660,-772,1926 g=-4,-2,-3
WFI t=72342 a=-3659,-762,1922 g=-7,-2,-4
WFI t=72351 a=-3650,-758,1928 g=-7,0,-5
WFI t=72401 a=-3656,-762,1928 g=-5,-1,-4
WFI t=72451 a=-3655,-760,1922 g=-5,-1,-4
WFI t=72501 a=-3646,-754,1918 g=-2,-1,-3
WFI t=72551 a=-3658,-756,1918 g=-1,0,-4
WFI t=72601 a=-3655,-762,1918 g=-7,-2,-4
WFI t=72651 a=-3653,-761,1916 g=-5,-1,-4
WFI t=72701 a=-3658,-763,1920 g=-3,-1,-5
WFI t=72751 a=-3654,-768,1924 g=-1,-2,-4
WFI t=72801 a=-3659,-768,1923 g=-4,-2,-4
WFI t=72851 a=-3657,-764,1928 g=0,0,-5
WFI t=72901 a=-3649,-758,1930 g=2,0,-4
WFI t=72951 a=-3666,-767,1914 g=-7,-1,-3
WFI t=73002 a=-3658,-764,1914 g=1,1,-4
WFI t=73051 a=-3665,-766,1934 g=-3,-2,-5
WFI t=73101 a=-3653,-758,1925 g=-2,-2,-5
WFI t=73151 a=-3660,-767,1916 g=-2,-1,-3
WFI t=73201 a=-3645,-754,1922 g=-2,-2,-3
WFI t=73251 a=-3656,-769,1920 g=-4,-1,-5
WFI t=73301 a=-3651,-757,1923 g=0,-1,-6
WFI t=73351 a=-3652,-765,1929 g=-5,-2,-4
WFI t=73401 a=-3651,-761,1922 g=-2,0,-6
WFI t=73451 a=-3657,-762,1930 g=1,-1,-4
WFI t=73501 a=-3649,-771,1932 g=-4,1,-3
WFI t=73551 a=-3654,-753,1913 g=-2,0,-3
WFI t=73601 a=-3651,-761,1917 g=-9,0,-4
WFI t=73651 a=-3662,-765,1918 g=-2,-2,-4
WFI t=73701 a=-3657,-764,1921 g=-4,-2,-4
WFI t=73751 a=-3654,-767,1922 g=-3,0,-4
WFI t=73801 a=-3657,-751,1929 g=-5,-1,-4
WFI t=73851 a=-3645,-764,1924 g=-3,1,-4
WFI t=73901 a=-3662,-756,1915 g=-6,-1,-4
WFI t=73951 a=-3660,-766,1934 g=-5,-2,-4
WFI t=74001 a=-3655,-770,1927 g=-5,-1,-4
WFI t=74051 a=-3657,-761,1927 g=0,-1,-3
WFI t=74101 a=-3656,-761,1928 g=-4,-1,-4
WFI t=74151 a=-3661,-759,1936 g=-4,-2,-4
WFI t=74244 a=-3638,-763,1928 g=-4,-1,-4
WFI t=74340 a=-3672,-757,1924 g=0,-2,-3
WFI t=74343 a=-3658,-765,1927 g=0,0,-4
WFI t=74351 a=-3656,-760,1928 g=3,-1,-4
WFI t=74401 a=-3659,-766,1917 g=-5,-3,-5
WFI t=74451 a=-3662,-753,1923 g=-5,0,-3
WFI t=74501 a=-3652,-759,1926 g=-3,-2,-4
WFI t=74551 a=-3651,-765,1928 g=0,-1,-5
WFI t=74601 a=-3653,-769,1932 g=-6,-1,-5
WFI t=74651 a=-3669,-765,1932 g=-9,-1,-3
WFI t=74701 a=-3672,-756,1926 g=-3,-1,-3
WFI t=74751 a=-3656,-760,1914 g=-2,0,-5
WFI t=74801 a=-3667,-759,1915 g=1,-1,-5
WFI t=74851 a=-3655,-755,1925 g=-5,-1,-4
WFI t=74901 a=-3669,-774,1921 g=0,-3,-2
WFI t=74951 a=-3659,-759,1916 g=-2,2,-5
WFI t=75001 a=-3661,-753,1914 g=-2,-2,-5
WFI t=75051 a=-3634,-773,1925 g=-4,0,-5
WFI t=75101 a=-3657,-754,1927 g=-2,-2,-3
WFI t=75151 a=-3667,-748,1923 g=-6,-2,-4
WFI t=75201 a=-3657,-768,1918 g=-3,-2,-4
WFI t=75251 a=-3653,-753,1930 g=-4,1,-5
WFI t=75301 a=-3659,-755,1926 g=-5,0,-3
WFI t=75351 a=-3657,-769,1913 g=-3,0,-4
WFI t=75401 a=-3667,-761,1917 g=2,-3,-4
WFI t=75451 a=-3661,-766,1932 g=-4,-1,-6
WFI t=75501 a=-3658,-758,1930 g=-2,-1,-3
WFI t=75551 a=-3665,-750,1918 g=-7,0,-2
WFI t=75602 a=-3665,-765,1923 g=-5,-1,-3
WFI t=75651 a=-3653,-753,1926 g=0,-2,-5
WFI t=75701 a=-3664,-757,1930 g=-3,0,-5
WFI t=75751 a=-3662,-768,1924 g=-6,-2,-3
WFI t=75801 a=-3654,-756,1917 g=-6,-2,-3
WFI t=75851 a=-3659,-768,1926 g=-2,-1,-4
WFI t=75901 a=-3648,-764,1930 g=0,-1,-5
WFI t=75951 a=-3654,-765,1921 g=-8,0,-3
WFI t=76001 a=-3660,-773,1932 g=-4,-3,-3
WFI t=76051 a=-3659,-760,1907 g=-4,1,-4
WFI t=76101 a=-3663,-760,1921 g=4,-2,-5
WFI t=76151 a=-3651,-764,1928 g=2,-2,-5
WFI t=76201 a=-3666,-760,1936 g=-8,-2,-4
WFI t=76344 a=-3656,-767,1925 g=-3,-1,-4
WFI t=76360 a=-3665,-758,1924 g=-2,-1,-3
WFI t=76362 a=-3650,-769,1928 g=-4,0,-5
WFT t=76389 batt_mv=4186 rssi_mcu=0 rssi_bms=-76 mcu=0 bms=56 dropped=0
WFI t=76401 a=-3664,-758,1928 g=-6,-1,-4
WFI t=76451 a=-3653,-774,1912 g=-2,-1,-4
WFI t=76501 a=-3660,-757,1936 g=-3,-3,-4
WFI t=76551 a=-3649,-751,1927 g=0,-1,-4
WFI t=76601 a=-3651,-755,1932 g=-2,-2,-4
WFI t=76651 a=-3656,-763,1929 g=-1,-1,-4
WFI t=76701 a=-3645,-766,1924 g=-4,-1,-5
WFI t=76751 a=-3653,-769,1928 g=-5,-1,-4
WFI t=76801 a=-3646,-773,1924 g=-3,-1,-4
WFI t=76851 a=-3664,-758,1929 g=-1,-2,-2
WFI t=76901 a=-3656,-763,1914 g=-5,1,-4
WFI t=76951 a=-3660,-760,1924 g=-5,-2,-5
WFI t=77001 a=-3664,-762,1921 g=-5,0,-3
WFI t=77051 a=-3663,-762,1932 g=-6,-1,-3
WFI t=77101 a=-3660,-767,1920 g=-2,-1,-4
WFI t=77151 a=-3640,-764,1923 g=5,0,-5
WFI t=77201 a=-3641,-766,1917 g=-1,-3,-4
WFI t=77251 a=-3653,-747,1936 g=-1,0,-4
WFI t=77301 a=-3669,-766,1926 g=-3,-2,-1
WFI t=77351 a=-3659,-765,1926 g=-1,-1,-4
WFI t=77401 a=-3654,-757,1920 g=0,0,-5
WFI t=77451 a=-3651,-762,1921 g=-4,-2,-5
WFI t=77501 a=-3653,-775,1944 g=-8,-1,-3
WFI t=77551 a=-3658,-765,1926 g=1,-1,-4
WFI t=77601 a=-3659,-773,1931 g=-3,-1,-3
WFI t=77651 a=-3646,-764,1936 g=-2,-1,-3
WFI t=77701 a=-3661,-757,1927 g=-4,-2,-4
WFI t=77751 a=-3661,-756,1920 g=2,0,-5
WFE t=77800 bms stale, no frame for 10057 ms, dropping link
WFI t=77801 a=-3647,-755,1923 g=-7,-1,-4
WFE t=77813 bms link down (stale) after 28 answers in 38135 ms, writes=38 err=0 silent=10 bytes=3612
WFI t=77865 a=-3647,-762,1930 g=-3,-2,-5
WFE t=77865 bms disconnected reason=534
WFI t=77901 a=-3661,-762,1924 g=-6,0,-4
WFI t=77952 a=-3657,-767,1934 g=-6,-1,-4
WFI t=78001 a=-3650,-771,1910 g=-4,-1,-3
WFI t=78051 a=-3653,-765,1930 g=-3,0,-5
WFI t=78101 a=-3664,-756,1939 g=0,-1,-4
WFI t=78151 a=-3659,-758,1924 g=-5,-2,-3
WFI t=78201 a=-3659,-762,1932 g=-1,-1,-4
WFI t=78328 a=-3645,-758,1918 g=-4,-1,-4
WFI t=78456 a=-3647,-758,1918 g=-6,-1,-2
WFI t=78459 a=-3664,-763,1910 g=-4,-2,-3
WFI t=78462 a=-3664,-763,1910 g=-4,-2,-3
WFI t=78464 a=-3649,-748,1916 g=-4,-1,-3
WFI t=78592 a=-3662,-775,1920 g=-2,-1,-3
WFI t=78594 a=-3657,-767,1921 g=-3,-1,-4
WFI t=78601 a=-3660,-764,1926 g=-2,-2,-4
WFI t=78651 a=-3666,-763,1936 g=-7,1,-3
WFI t=78701 a=-3656,-762,1927 g=-4,-3,-4
WFI t=78751 a=-3648,-756,1924 g=-4,1,-4
WFI t=78801 a=-3658,-766,1929 g=-6,-2,-4
WFI t=78851 a=-3660,-767,1914 g=0,-1,-3
WFI t=78901 a=-3641,-760,1921 g=-2,-2,-4
WFI t=78951 a=-3650,-765,1928 g=-3,0,-5
WFI t=79001 a=-3676,-759,1927 g=-4,-2,-3
WFI t=79051 a=-3666,-772,1928 g=-6,-3,-4
WFI t=79101 a=-3649,-756,1917 g=-4,-1,-4
WFI t=79151 a=-3641,-760,1929 g=-1,-1,-5
WFI t=79201 a=-3646,-776,1923 g=-5,-4,-4
WFI t=79251 a=-3649,-768,1909 g=-7,-1,-4
WFI t=79301 a=-3653,-762,1922 g=-2,-1,-5
WFI t=79351 a=-3649,-773,1920 g=-4,0,-4
WFI t=79401 a=-3649,-761,1927 g=-1,0,-3
WFI t=79451 a=-3659,-759,1920 g=-2,-3,-3
WFI t=79501 a=-3648,-765,1925 g=-2,-2,-5
WFI t=79551 a=-3641,-767,1926 g=-6,1,-5
WFI t=79601 a=-3651,-769,1931 g=-4,0,-4
WFI t=79651 a=-3657,-772,1926 g=-9,-1,-5
WFI t=79701 a=-3658,-759,1918 g=-5,-2,-3
WFI t=79751 a=-3656,-767,1934 g=-4,-1,-5
WFI t=79801 a=-3658,-753,1926 g=-5,-2,-6
WFI t=79851 a=-3644,-773,1925 g=-6,-1,-3
WFI t=79901 a=-3659,-763,1930 g=-4,-2,-4
WFI t=79951 a=-3658,-771,1924 g=-1,-1,-4
WFI t=80001 a=-3648,-771,1934 g=0,-1,-5
WFI t=80051 a=-3650,-758,1938 g=0,-1,-4
WFE t=80068 bms subscribed val=0x0010 cccd=0x0011 ctrl=0x0014 mtu=512 regs=62
WFE t=80098 bms conn itvl=80 latency=0 timeout=600
WFE t=80099 bms reconnected (attempt 2)
WFI t=80102 a=-3654,-760,1924 g=-9,-3,-3
WFE t=80115 bms mtu event mtu=512
WFE t=80117 bms conn update req itvl=12-12 latency=0 timeout=400 via=l2cap
WFI t=80151 a=-3673,-756,1925 g=0,-2,-4
WFI t=80201 a=-3657,-760,1924 g=-7,-2,-6
WFI t=80277 a=-3656,-756,1941 g=-2,-1,-5
WFI t=80371 a=-3647,-775,1940 g=-3,0,-2
WFI t=80373 a=-3660,-765,1925 g=-4,-2,-3
WFI t=80401 a=-3665,-767,1920 g=-6,-1,-4
WFI t=80451 a=-3655,-760,1925 g=2,1,-5
WFR t=80467 src=bms type=0x02 len=129 data=d2037c0ee80ee80ee80ee80ee90ee80ee90ee90ee70ee80ee90ee90eec0eec0eed0eeb0eed0eed0eee0eed0eed0eee0eee0eee0eec0eee0eee0eee0000000000000000003d0000000000000000000000000000042d752f02ad0eee0ee7003d003d00000156001c0001001d0000000100010eeb0007000a0000000000000000290e
WFI t=80501 a=-3651,-765,1933 g=-1,1,-5
WFI t=80551 a=-3653,-762,1944 g=-3,-1,-4
WFI t=80601 a=-3654,-767,1935 g=-4,-2,-3
WFI t=80651 a=-3640,-767,1924 g=-5,-3,-5
WFI t=80701 a=-3667,-761,1922 g=-5,-1,-5
WFI t=80751 a=-3650,-772,1928 g=-4,-2,-4
WFE t=80767 bms conn update status=0 itvl=12 latency=0 timeout=400
WFI t=80801 a=-3656,-760,1927 g=-1,-1,-5
WFI t=80851 a=-3660,-761,1935 g=-3,-2,-4
WFI t=80901 a=-3667,-767,1928 g=-3,-1,-3
WFI t=80951 a=-3642,-769,1918 g=1,-1,-5
WFI t=81001 a=-3649,-762,1914 g=2,-2,-4
WFI t=81051 a=-3655,-767,1930 g=-2,-1,-4
WFI t=81101 a=-3661,-774,1946 g=-9,-1,-3
WFI t=81151 a=-3653,-765,1936 g=-2,-2,-5
WFI t=81202 a=-3644,-762,1937 g=-6,-1,-4
WFI t=81251 a=-3648,-760,1933 g=-5,1,-3
WFI t=81301 a=-3665,-762,1929 g=-5,-3,-3
WFI t=81351 a=-3667,-755,1934 g=-3,-1,-5
WFR t=81367 src=bms type=0x02 len=129 data=d2037c0ee80ee80ee80ee80ee80ee80ee90ee90ee70ee80ee90ee90eec0eec0eec0eeb0eed0eed0eee0eed0eed0eee0eee0eee0eec0eee0eed0eed0000000000000000003d0000000000000000000000000000042d752f02ad0eee0ee7003d003d00000156001c0001001d0000000100010eea0007000a0000000000000000a92f
WFI t=81401 a=-3658,-761,1934 g=-6,-2,-5
WFI t=81451 a=-3645,-769,1938 g=-4,-1,-5
WFI t=81501 a=-3672,-767,1933 g=-3,-1,-2
WFI t=81551 a=-3666,-764,1923 g=0,-1,-4
WFT t=81571 batt_mv=4186 rssi_mcu=0 rssi_bms=-83 mcu=0 bms=58 dropped=0
WFI t=81601 a=-3651,-765,1938 g=2,2,-4
WFI t=81651 a=-3659,-757,1945 g=-3,-2,-5
WFI t=81701 a=-3661,-770,1932 g=-5,-1,-3
WFI t=81751 a=-3656,-765,1904 g=-2,-2,-3
WFI t=81801 a=-3674,-758,1918 g=3,1,-5
WFI t=81851 a=-3653,-747,1939 g=-3,-1,-7
WFI t=81901 a=-3644,-762,1933 g=-7,-2,-4
WFI t=81951 a=-3663,-738,1952 g=-3,-1,-2
WFI t=82001 a=-3661,-770,1927 g=-8,0,-4
WFI t=82051 a=-3651,-754,1928 g=-1,1,-6
WFI t=82101 a=-3638,-755,1937 g=-2,-1,-4
WFI t=82151 a=-3656,-770,1918 g=-7,0,-2
WFI t=82201 a=-3668,-780,1906 g=-8,-3,-2
WFI t=82286 a=-3653,-778,1928 g=2,-1,-6
WFI t=82393 a=-3662,-759,1936 g=-7,-2,-1
WFI t=82395 a=-3661,-754,1927 g=-5,-3,-2
WFI t=82402 a=-3657,-766,1923 g=-7,-1,0
WFR t=82402 src=bms type=0x02 len=129 data=d2037c0ee80ee70ee80ee80ee80ee80ee90ee90ee70ee80ee90ee90eec0eec0eec0eeb0eec0eed0eee0eed0eed0eee0eee0eee0eec0eed0eed0eee0000000000000000003d0000000000000000000000000000042d752f02ad0eee0ee7003d003d00000156001c0001001d0000000100010eea0007000a0000000000000000f01b
WFI t=82451 a=-3650,-761,1918 g=-3,1,-5
WFI t=82501 a=-3647,-760,1921 g=4,0,-6
WFI t=82551 a=-3653,-750,1931 g=-5,-1,-3
WFI t=82601 a=-3672,-770,1929 g=-6,-2,-1
WFI t=82651 a=-3675,-770,1915 g=-4,-1,-4
WFI t=82701 a=-3656,-766,1932 g=2,0,-7
WFI t=82751 a=-3658,-760,1943 g=0,-2,-5
WFI t=82801 a=-3643,-750,1936 g=-8,-1,-1
WFI t=82851 a=-3677,-760,1918 g=-5,-3,-2
WFI t=82901 a=-3657,-760,1918 g=0,0,-5
WFI t=82951 a=-3641,-771,1930 g=-1,-2,-8
WFI t=83001 a=-3648,-752,1932 g=-6,-2,-3
WFI t=83051 a=-3647,-764,1915 g=-5,-2,-2
WFI t=83101 a=-3659,-762,1915 g=-3,-1,-4
WFI t=83151 a=-3660,-751,1930 g=4,0,-6
WFI t=83201 a=-3652,-754,1937 g=-1,3,-5
WFI t=83251 a=-3655,-762,1935 g=-3,-1,0
WFI t=83301 a=-3649,-769,1915 g=-9,0,-2
WFI t=83351 a=-3650,-783,1901 g=-4,-1,-6
WFR t=83392 src=bms type=0x02 len=129 data=d2037c0ee80ee80ee80ee80ee80ee80ee90ee90ee70ee80ee90ee90eec0eec0eec0eeb0eec0eed0eee0eed0eed0eee0eee0eee0eec0eed0eed0eee0000000000000000003d0000000000000000000000000000042d752f02ad0eee0ee7003d003d00000156001c0001001d0000000100010eea0007000a0000000000000000f1ef
WFI t=83401 a=-3664,-770,1927 g=-4,-1,-6
WFI t=83451 a=-3653,-760,1936 g=-3,-1,-3
WFI t=83501 a=-3659,-765,1930 g=-4,-1,-2
WFI t=83551 a=-3655,-765,1924 g=-4,-2,-5
WFI t=83601 a=-3657,-755,1932 g=-4,-1,-6
WFI t=83651 a=-3649,-754,1932 g=-8,-2,-4
WFI t=83701 a=-3648,-772,1931 g=-8,-1,-4
WFI t=83751 a=-3653,-768,1922 g=-3,-3,-4
WFI t=83801 a=-3654,-762,1922 g=1,0,-5
WFI t=83851 a=-3667,-759,1939 g=-3,0,-6
WFI t=83901 a=-3665,-758,1918 g=-3,-1,-3
WFI t=83951 a=-3661,-758,1918 g=-4,-1,-4
WFI t=84001 a=-3645,-754,1920 g=-4,-2,-5
WFI t=84051 a=-3648,-774,1938 g=-5,-2,-4
WFI t=84101 a=-3652,-760,1925 g=-3,-1,-3
WFI t=84151 a=-3653,-762,1926 g=-6,-2,-4
WFI t=84202 a=-3648,-764,1927 g=-4,0,-4
WFI t=84251 a=-3655,-751,1922 g=-3,0,-4
WFR t=84391 src=bms type=0x02 len=129 data=d2037c0ee80ee80ee90ee80ee90ee80ee90ee90ee70ee80ee90ee90eec0eec0eec0eeb0eed0eed0eee0eed0eed0eee0eee0eee0eec0eee0eed0eee0000000000000000003d0000000000000000000000000000042d753002ad0eee0ee7003d003d00000156001c0001001d0000000100010eeb00070000000000000000000060cd
WFI t=84392 a=-3656,-775,1935 g=-2,-1,-3
WFI t=84395 a=-3662,-760,1941 g=-2,0,-4
WFI t=84401 a=-3665,-766,1937 g=-6,-1,-4
WFI t=84451 a=-3659,-773,1913 g=-6,1,-3
WFI t=84501 a=-3665,-764,1929 g=0,1,-5
WFI t=84551 a=-3647,-761,1915 g=-4,-2,-4
WFI t=84601 a=-3659,-760,1925 g=-5,-1,-4
WFI t=84651 a=-3651,-759,1936 g=-3,-1,-3
WFI t=84701 a=-3663,-755,1929 g=-3,0,-4
WFI t=84751 a=-3667,-768,1915 g=-6,0,-5
WFI t=84801 a=-3658,-763,1915 g=-5,0,-4
WFI t=84851 a=-3647,-768,1907 g=-6,0,-6
WFI t=84901 a=-3645,-757,1925 g=3,-1,-4
WFI t=84951 a=-3666,-757,1924 g=-6,-2,-4
WFI t=85001 a=-3658,-754,1934 g=2,-3,-4
WFI t=85051 a=-3649,-764,1932 g=-4,0,-5
WFI t=85101 a=-3649,-763,1933 g=-2,-1,-5
WFI t=85151 a=-3645,-769,1933 g=-5,0,-3
WFI t=85201 a=-3666,-760,1934 g=4,-3,-2
WFI t=85251 a=-3662,-750,1927 g=0,0,-4
WFI t=85301 a=-3651,-756,1927 g=-3,-1,-7
WFI t=85351 a=-3652,-770,1929 g=-5,0,-5
WFI t=85402 a=-3657,-745,1928 g=-9,-2,-5
WFR t=85402 src=bms type=0x02 len=129 data=d2037c0ee80ee80ee80ee80ee80ee80ee90ee90ee70ee80ee90ee90eec0eec0eed0eeb0eed0eed0eed0eed0eed0eee0eee0eee0eec0eee0eed0eee0000000000000000003d0000000000000000000000000000042d752f02ad0eee0ee7003d003d00000156001c0001001d0000000100010eea0007000a00000000000000002c76
WFI t=85451 a=-3664,-759,1921 g=-5,1,-3
WFI t=85501 a=-3670,-765,1927 g=-3,0,-4
WFI t=85551 a=-3668,-777,1928 g=-2,0,-5
WFI t=85601 a=-3647,-765,1918 g=4,-2,-3
WFI t=85651 a=-3654,-755,1935 g=-3,-2,-4
WFI t=85701 a=-3669,-766,1930 g=2,-1,-5
WFI t=85751 a=-3651,-749,1948 g=-8,0,-6
WFI t=85801 a=-3658,-773,1942 g=-7,-1,-5
WFI t=85861 a=-3649,-761,1923 g=1,-1,-3
WFI t=85901 a=-3654,-762,1925 g=-4,-2,-5
WFI t=85951 a=-3653,-756,1928 g=-2,-1,-5
WFI t=86001 a=-3658,-769,1924 g=-5,-1,-4
WFI t=86051 a=-3647,-754,1929 g=-7,0,-3
WFI t=86101 a=-3650,-755,1921 g=-4,0,-4
WFI t=86152 a=-3654,-756,1928 g=-7,-1,-5
WFI t=86201 a=-3658,-757,1928 g=-1,-1,-5
WFI t=86251 a=-3663,-768,1927 g=-6,-2,-3
WFI t=86440 a=-3662,-773,1926 g=-2,-1,-6
WFI t=86549 a=-3656,-760,1942 g=-6,-2,-3
WFR t=86550 src=bms type=0x02 len=129 data=d2037c0ee80ee80ee90ee80ee80ee80ee80ee90ee70ee80ee90ee90eec0eec0eec0eeb0eed0eed0eee0eed0eed0eee0eee0eee0eec0eed0eed0eed0000000000000000003d0000000000000000000000000000042d752f02ad0eee0ee7003d003d00000156001c0001001d0000000100010eea0007000a00000000000000003beb
WFI t=86551 a=-3665,-774,1925 g=2,-1,-4
WFI t=86553 a=-3665,-774,1925 g=2,-1,-4
WFI t=86555 a=-3671,-764,1918 g=-5,-1,-5
WFI t=86557 a=-3671,-764,1918 g=-5,-1,-5
WFI t=86602 a=-3655,-752,1924 g=-1,-1,-5
WFT t=86642 batt_mv=4186 rssi_mcu=0 rssi_bms=-81 mcu=0 bms=63 dropped=0
WFI t=86651 a=-3645,-769,1914 g=-4,-2,-4
WFI t=86701 a=-3647,-763,1923 g=-4,-1,-3
WFI t=86752 a=-3665,-768,1925 g=-4,-3,-5
WFI t=86801 a=-3657,-762,1923 g=-6,-2,-5
WFI t=86851 a=-3659,-768,1932 g=-3,0,-4
WFI t=86902 a=-3667,-772,1916 g=-1,-2,-3
WFI t=86951 a=-3654,-768,1920 g=0,-2,-4
WFI t=87001 a=-3660,-753,1918 g=0,-1,-4
WFI t=87052 a=-3653,-761,1918 g=-3,-4,-4
WFI t=87101 a=-3650,-761,1916 g=-7,-3,-3
WFI t=87151 a=-3658,-767,1914 g=-2,0,-4
WFI t=87202 a=-3654,-756,1924 g=-1,0,-5
WFI t=87251 a=-3664,-758,1931 g=-4,-1,-5
WFI t=87301 a=-3664,-767,1926 g=-3,-2,-3
WFI t=87351 a=-3653,-756,1921 g=-1,0,-4
WFI t=87401 a=-3647,-763,1918 g=1,0,-4
WFR t=87442 src=bms type=0x02 len=129 data=d2037c0ee80ee80ee90ee80ee90ee80ee90ee90ee70ee80ee90ee90eec0eec0eec0eeb0eed0eed0eee0eed0eed0eee0eee0eee0eec0eee0eed0eed0000000000000000003d0000000000000000000000000000042d752f02ad0eee0ee7003d003d00000156001c0001001d0000000100010eeb0007000a000000000000000040d5
WFI t=87451 a=-3653,-766,1921 g=2,0,-4
WFI t=87501 a=-3642,-768,1930 g=-6,-2,-4
WFI t=87551 a=-3647,-756,1916 g=-2,-1,-3
WFI t=87601 a=-3653,-758,1922 g=2,-1,-4
WFI t=87651 a=-3652,-755,1916 g=-1,0,-5
WFI t=87701 a=-3655,-769,1931 g=-4,-2,-5
WFI t=87751 a=-3651,-775,1926 g=-4,0,-3
WFI t=87802 a=-3660,-768,1923 g=-8,-3,-5
WFI t=87851 a=-3661,-756,1917 g=2,1,-5
WFI t=87901 a=-3648,-758,1922 g=2,-1,-3
WFI t=87951 a=-3654,-755,1925 g=-2,-3,-5
WFI t=88001 a=-3662,-767,1923 g=-6,0,-4
WFI t=88051 a=-3652,-750,1924 g=-3,0,-5
WFI t=88101 a=-3654,-764,1918 g=-2,0,-4
WFI t=88151 a=-3658,-762,1932 g=-5,-3,-4
WFI t=88202 a=-3655,-764,1933 g=-5,0,-4
WFI t=88252 a=-3653,-761,1930 g=1,-1,-4
WFI t=88400 a=-3657,-764,1926 g=-1,0,-3
WFI t=88416 a=-3649,-763,1920 g=-2,-1,-4
WFI t=88418 a=-3657,-778,1934 g=-9,-1,-5
WFR t=88448 src=bms type=0x02 len=129 data=d2037c0ee80ee80ee90ee80ee80ee80ee90ee90ee70ee80ee90ee90eec0eec0eec0eeb0eed0eed0eee0eed0eed0eee0eee0eee0eec0eed0eed0eed0000000000000000003d0000000000000000000000000000042d752f02ad0eee0ee7003d003d00000156001c0001001d0000000100010eea0007000a00000000000000004d1d
WFI t=88451 a=-3657,-755,1917 g=-4,-2,-3
WFI t=88501 a=-3659,-773,1926 g=2,0,-4
WFI t=88551 a=-3659,-759,1933 g=-1,-2,-4
WFI t=88601 a=-3653,-765,1928 g=0,0,-4
WFI t=88651 a=-3667,-765,1934 g=1,0,-3
WFI t=88701 a=-3664,-768,1931 g=-4,-1,-4
WFI t=88751 a=-3663,-765,1917 g=-6,-2,-6
WFI t=88801 a=-3667,-762,1918 g=3,-1,-4
WFI t=88851 a=-3653,-766,1928 g=-3,-2,-4
WFI t=88901 a=-3646,-765,1928 g=-3,-1,-4
WFI t=88951 a=-3671,-762,1931 g=-4,-3,-4
WFI t=89001 a=-3669,-764,1933 g=-5,-1,-5
WFI t=89051 a=-3657,-767,1926 g=-3,0,-5
WFI t=89101 a=-3662,-762,1918 g=-9,-1,-5
WFI t=89151 a=-3661,-762,1924 g=-6,-1,-4
WFI t=89201 a=-3651,-769,1926 g=-6,0,-5
WFI t=89252 a=-3661,-764,1923 g=-6,-2,-5
WFI t=89301 a=-3659,-767,1928 g=-4,-2,-4
WFI t=89351 a=-3665,-766,1926 g=1,0,-4
WFI t=89401 a=-3662,-761,1921 g=-1,1,-3
WFI t=89451 a=-3667,-762,1927 g=-3,-1,-3
WFR t=89453 src=bms type=0x02 len=129 data=d2037c0ee80ee80ee90ee80ee80ee80ee90ee90ee70ee80ee90ee90eec0eec0eec0eeb0eec0eed0eed0eed0eed0eee0eee0eee0eec0eee0eed0eed0000000000000000003d0000000000000000000000000000042d752f02ad0eee0ee7003d003d00000156001c0001001d0000000100010eea0007000a0000000000000000b528
WFI t=89501 a=-3657,-770,1920 g=-3,-2,-4
WFI t=89551 a=-3653,-765,1917 g=-5,1,-4
WFI t=89601 a=-3655,-758,1929 g=-8,0,-4
WFI t=89651 a=-3653,-766,1928 g=-3,0,-4
WFI t=89701 a=-3655,-760,1927 g=-5,-2,-4
WFI t=89751 a=-3656,-773,1917 g=-2,1,-2
WFI t=89801 a=-3663,-756,1929 g=-6,-3,-6
WFI t=89851 a=-3664,-760,1924 g=-3,-2,-4
WFI t=89901 a=-3661,-767,1932 g=-1,-1,-5
WFI t=89951 a=-3655,-775,1928 g=0,-1,-5
WFI t=90001 a=-3660,-761,1928 g=-3,-2,-6
WFI t=90051 a=-3662,-771,1924 g=-4,0,-5
WFI t=90101 a=-3647,-762,1924 g=-8,-1,-4
WFI t=90151 a=-3653,-760,1918 g=1,-1,-4
WFI t=90201 a=-3670,-767,1922 g=-2,-1,-4
WFI t=90251 a=-3655,-763,1934 g=-1,-2,-5
WFI t=90417 a=-3658,-764,1928 g=-3,-1,-4
WFI t=90419 a=-3658,-764,1928 g=-3,-1,-4
WFI t=90422 a=-3665,-768,1932 g=-6,-2,-5
WFR t=90443 src=bms type=0x02 len=129 data=d2037c0ee80ee80ee80ee80ee80ee80ee90ee90ee70ee80ee90ee90eec0eec0eec0eeb0eec0eed0eee0eed0eed0eee0eee0eee0eec0eed0eed0eee0000000000000000003d0000000000000000000000000000042d752f02ad0eee0ee7003d003d00000156001c0001001d0000000100010eea0007000a0000000000000000f1ef
WFI t=90451 a=-3659,-764,1931 g=1,-1,-4
WFI t=90501 a=-3652,-755,1931 g=-2,-1,-4
WFI t=90551 a=-3655,-777,1921 g=-10,-2,-4
WFI t=90601 a=-3652,-750,1924 g=0,0,-3
WFI t=90651 a=-3644,-765,1924 g=1,0,-5
WFI t=90701 a=-3651,-773,1912 g=-4,-1,-4
WFI t=90751 a=-3661,-764,1926 g=0,-2,-4
WFI t=90801 a=-3658,-764,1923 g=-7,-3,-5
WFI t=90851 a=-3652,-754,1925 g=-6,0,-5
WFI t=90901 a=-3651,-766,1922 g=-2,-1,-4
WFI t=90951 a=-3657,-779,1924 g=1,-1,-4
WFI t=91001 a=-3671,-770,1925 g=-4,-3,-5
WFI t=91051 a=-3656,-764,1929 g=-5,-2,-5
WFI t=91101 a=-3664,-768,1921 g=-2,-2,-5
WFI t=91151 a=-3656,-755,1930 g=-6,-1,-4
WFI t=91201 a=-3649,-755,1921 g=-1,0,-4
WFI t=91251 a=-3654,-765,1929 g=-6,0,-5
WFI t=91301 a=-3659,-768,1940 g=0,0,-4
WFI t=91351 a=-3654,-772,1926 g=-1,0,-3
WFI t=91401 a=-3642,-769,1922 g=-3,-1,-3
WFR t=91448 src=bms type=0x02 len=129 data=d2037c0ee80ee80ee80ee80ee80ee80ee90ee90ee70ee80ee90ee90eec0eec0eec0eeb0eed0eed0eee0eed0eed0eee0eee0eee0eec0eee0eed0eed0000000000000000003d0000000000000000000000000000042d752f02ad0eee0ee7003d003d00000156001c0001001d0000000100010eea0007000a0000000000000000a92f
WFI t=91451 a=-3644,-765,1923 g=-4,0,-4
WFI t=91501 a=-3648,-766,1924 g=3,-2,-3
WFI t=91551 a=-3656,-762,1923 g=0,1,-4
WFI t=91601 a=-3649,-766,1926 g=0,0,-4
WFI t=91651 a=-3652,-760,1923 g=-11,-1,-4
WFT t=91664 batt_mv=4184 rssi_mcu=0 rssi_bms=-85 mcu=0 bms=68 dropped=0
WFI t=91701 a=-3662,-763,1929 g=-6,-1,-4
WFI t=91751 a=-3659,-746,1916 g=0,-1,-4
WFI t=91801 a=-3657,-764,1926 g=-3,-2,-4
WFI t=91851 a=-3664,-767,1916 g=0,0,-4
WFI t=91901 a=-3664,-753,1931 g=0,-1,-4
WFI t=91951 a=-3666,-770,1930 g=-4,0,-5
WFI t=92001 a=-3665,-759,1917 g=-1,-1,-5
WFI t=92051 a=-3666,-753,1921 g=-3,-2,-4
WFI t=92101 a=-3651,-766,1920 g=-1,-1,-2
WFI t=92151 a=-3652,-760,1932 g=-3,0,-4
WFI t=92201 a=-3665,-761,1940 g=-2,-1,-3
WFI t=92252 a=-3666,-768,1944 g=-5,-1,-4
WFI t=92310 a=-3651,-767,1918 g=-4,0,-4
WFI t=92394 a=-3658,-758,1934 g=-1,-1,-5
WFI t=92490 a=-3654,-770,1918 g=-3,-2,-4
WFR t=92491 src=bms type=0x02 len=129 data=d2037c0ee80ee80ee90ee80ee90ee80ee90ee90ee70ee80ee90ee90eec0eec0eec0eeb0eed0eed0eed0eed0eed0eee0eee0eee0eec0eed0eed0eed0000000000000000003d0000000000000000000000000000042d753002ad0eee0ee7003d003d00000156001c0001001d0000000100010eea000700000000000000000000378a
WFI t=92492 a=-3654,-767,1931 g=-7,-1,-4
WFI t=92501 a=-3662,-767,1934 g=-2,0,-3
WFI t=92551 a=-3663,-770,1923 g=-2,-1,-4
WFI t=92601 a=-3652,-756,1938 g=-4,-2,-5
WFI t=92651 a=-3658,-770,1926 g=-4,-2,-5
WFI t=92702 a=-3648,-754,1930 g=-3,0,-4
WFI t=92751 a=-3660,-765,1924 g=-3,0,-4
WFI t=92801 a=-3656,-765,1926 g=-5,-1,-4
WFI t=92852 a=-3661,-765,1926 g=-5,-2,-6
WFI t=92901 a=-3663,-757,1930 g=-1,0,-3
WFI t=92951 a=-3667,-761,1920 g=-5,0,-4
WFI t=93002 a=-3669,-761,1931 g=-5,1,-4
WFI t=93051 a=-3659,-761,1915 g=-5,-1,-5
WFI t=93101 a=-3655,-762,1940 g=-6,0,-4
WFI t=93151 a=-3654,-763,1916 g=-4,0,-4
WFI t=93201 a=-3664,-758,1923 g=-1,-1,-5
WFI t=93251 a=-3656,-769,1925 g=-1,-1,-3
WFI t=93301 a=-3659,-753,1931 g=-6,-2,-4
WFI t=93351 a=-3659,-761,1929 g=-2,0,-4
WFI t=93401 a=-3650,-769,1927 g=-5,-2,-5
WFI t=93451 a=-3659,-753,1923 g=-2,0,-4
WFR t=93488 src=bms type=0x02 len=129 data=d2037c0ee90ee80ee90ee80ee80ee80ee90ee90ee70ee80ee90ee90eec0eec0eec0eeb0eec0eed0eee0eed0eed0eee0eee0eee0eec0eed0eed0eed0000000000000000003d0000000000000000000000000000042d752f02ad0eee0ee7003d003d00000156001c0001001d0000000100010eea0007000a0000000000000000a521
WFI t=93501 a=-3666,-772,1940 g=-4,-2,-4
WFI t=93551 a=-3652,-752,1928 g=-5,0,-3
WFI t=93601 a=-3661,-769,1925 g=-3,-1,-4
WFI t=93651 a=-3657,-768,1932 g=-4,-1,-5
WFI t=93701 a=-3655,-765,1926 g=1,-1,-4
WFI t=93752 a=-3666,-766,1924 g=-3,-1,-5
WFI t=93801 a=-3646,-762,1927 g=-2,-1,-4
WFI t=93851 a=-3659,-769,1920 g=-3,-1,-4
WFI t=93915 a=-3661,-760,1928 g=-2,-1,-5
WFI t=93951 a=-3667,-766,1912 g=-5,-2,-4
WFI t=94001 a=-3659,-771,1930 g=-2,0,-5
WFI t=94052 a=-3654,-758,1937 g=-2,-2,-6
WFI t=94101 a=-3649,-778,1934 g=0,-1,-4
WFI t=94151 a=-3652,-774,1928 g=1,-1,-4
WFI t=94202 a=-3664,-767,1933 g=0,-1,-5
WFI t=94251 a=-3653,-771,1914 g=-2,-1,-4
WFI t=94406 a=-3662,-754,1926 g=-5,-2,-5
WFI t=94578 a=-3658,-759,1924 g=1,-1,-2
WFI t=94595 a=-3661,-761,1925 g=-2,1,-3
WFI t=94597 a=-3658,-760,1934 g=1,0,-4
WFI t=94599 a=-3658,-760,1934 g=1,0,-4
WFI t=94601 a=-3652,-759,1929 g=0,-1,-4
WFI t=94603 a=-3652,-759,1929 g=0,-1,-4
WFI t=94652 a=-3655,-765,1938 g=-2,-1,-5
WFR t=94673 src=bms type=0x02 len=129 data=d2037c0ee80ee80ee80ee80ee90ee80ee90ee90ee70ee80ee90ee90eec0eec0eec0eeb0eec0eed0eee0eed0eed0eee0eee0eee0eec0eed0eed0eed0000000000000000003d0000000000000000000000000000042d752f02ad0eee0ee7003d003d00000156001c0001001d0000000100010eea0007000a00000000000000001aa6
WFI t=94701 a=-3662,-768,1933 g=0,-1,-4
WFI t=94751 a=-3641,-771,1931 g=-3,0,-3
WFI t=94802 a=-3659,-761,1926 g=-2,-1,-5
WFI t=94851 a=-3652,-764,1927 g=-7,-2,-5
WFI t=94901 a=-3655,-753,1922 g=-4,-1,-4
WFI t=94952 a=-3664,-776,1922 g=-7,-2,-5
WFI t=95001 a=-3649,-760,1917 g=-6,-1,-5
WFI t=95051 a=-3667,-754,1936 g=-6,-1,-5
WFI t=95102 a=-3662,-762,1923 g=-2,-1,-5
WFI t=95151 a=-3664,-763,1924 g=-5,0,-4
WFI t=95201 a=-3651,-759,1923 g=-4,-1,-5
WFI t=95252 a=-3663,-772,1912 g=-9,-1,-5
WFI t=95301 a=-3663,-763,1921 g=-1,-1,-5
WFI t=95351 a=-3652,-771,1923 g=1,-1,-3
WFI t=95402 a=-3656,-769,1932 g=-1,-3,-5
WFI t=95451 a=-3641,-763,1936 g=-6,-2,-5
WFI t=95501 a=-3656,-762,1918 g=-1,-1,-5
WFI t=95551 a=-3656,-770,1924 g=-1,-3,-4
WFI t=95601 a=-3667,-756,1924 g=-3,-3,-5
WFR t=95603 src=bms type=0x02 len=129 data=d2037c0ee80ee80ee90ee80ee80ee80ee90ee90ee70ee80ee90ee90eec0eec0eec0eeb0eec0eed0eee0eed0eed0eee0eee0eee0eec0eee0eed0eed0000000000000000003d0000000000000000000000000000042d752f02ad0eee0ee7003d003d00000156001c0001001d0000000100010eea0007000a000000000000000004ee
WFI t=95651 a=-3656,-769,1929 g=-6,-2,-4
WFI t=95702 a=-3648,-765,1935 g=1,-1,-3
WFI t=95751 a=-3655,-765,1934 g=-6,-1,-5
WFI t=95801 a=-3655,-762,1921 g=-4,-2,-5
WFI t=95851 a=-3650,-768,1922 g=-4,0,-6
WFI t=95901 a=-3656,-769,1929 g=-6,0,-4
WFI t=95951 a=-3655,-761,1930 g=-4,-2,-4
WFI t=96001 a=-3654,-765,1921 g=-5,-2,-3
WFI t=96051 a=-3656,-775,1933 g=-7,-2,-5
WFI t=96101 a=-3658,-775,1921 g=-1,1,-4
WFI t=96151 a=-3654,-764,1929 g=-7,-1,-3
WFI t=96201 a=-3663,-764,1938 g=-4,0,-3
WFI t=96251 a=-3664,-759,1926 g=-8,-2,-5
WFI t=96301 a=-3660,-761,1931 g=-1,-4,-4
WFI t=96360 a=-3659,-772,1922 g=-3,-1,-4
WFI t=96456 a=-3657,-774,1924 g=-2,-2,-4
WFI t=96458 a=-3656,-755,1930 g=-4,0,-5
WFI t=96501 a=-3646,-762,1913 g=-5,-2,-5
WFI t=96551 a=-3653,-752,1918 g=-5,0,-4
WFI t=96601 a=-3669,-767,1932 g=-1,0,-5
WFI t=96651 a=-3649,-762,1921 g=-5,-1,-5
WFR t=96669 src=bms type=0x02 len=129 data=d2037c0ee80ee80ee90ee80ee80ee80ee90ee90ee70ee80ee90ee90eec0eec0eec0eeb0eed0eed0eed0eed0eed0eed0eee0eee0eec0eed0eed0eed0000000000000000003d0000000000000000000000000000042d752e02ad0eee0ee7003d003d00000156001c0001001d0000000100010eea000700150000000000000000bb2e
WFI t=96701 a=-3655,-770,1930 g=-3,-1,-4
WFI t=96751 a=-3655,-760,1926 g=-4,0,-4
WFI t=96801 a=-3665,-764,1923 g=-2,-1,-5
WFI t=96851 a=-3664,-765,1925 g=-8,-1,-4
WFT t=96859 batt_mv=4168 rssi_mcu=0 rssi_bms=-78 mcu=0 bms=73 dropped=0
WFI t=96901 a=-3654,-760,1934 g=-6,-2,-5
WFI t=96951 a=-3660,-757,1915 g=-3,-2,-4
WFI t=97001 a=-3658,-761,1929 g=3,0,-4
WFI t=97051 a=-3675,-751,1938 g=-7,-3,-3
WFI t=97101 a=-3671,-769,1914 g=-1,0,-4
WFI t=97151 a=-3658,-762,1935 g=0,-1,-3
WFI t=97201 a=-3670,-761,1923 g=-2,0,-4
WFI t=97251 a=-3654,-753,1916 g=-6,-2,-5
WFI t=97301 a=-3661,-759,1930 g=2,-1,-4
WFI t=97351 a=-3658,-754,1927 g=1,-2,-5
WFI t=97401 a=-3657,-762,1914 g=0,-1,-3
WFI t=97451 a=-3657,-756,1924 g=-4,-1,-4
WFI t=97501 a=-3648,-772,1918 g=-6,-2,-5
WFI t=97551 a=-3658,-758,1933 g=-2,-1,-5
WFI t=97601 a=-3656,-764,1928 g=1,-1,-4
WFI t=97651 a=-3665,-769,1921 g=-2,0,-4
WFR t=97659 src=bms type=0x02 len=129 data=d2037c0ee80ee80ee80ee80ee80ee80ee90ee90ee70ee80ee90ee90eec0eec0eec0eeb0eed0eed0eee0eed0eed0eee0eee0eee0eec0eed0eed0eed0000000000000000003d0000000000000000000000000000042d752f02ad0eee0ee7003d003d00000156001c0001001d0000000100010eea0007000a00000000000000005c1c
WFI t=97701 a=-3655,-768,1923 g=-5,0,-4
WFI t=97751 a=-3652,-761,1926 g=-8,-1,-5
WFI t=97801 a=-3654,-757,1927 g=-1,0,-6
WFI t=97851 a=-3669,-754,1916 g=-2,0,-4
WFI t=97901 a=-3649,-758,1915 g=-3,-2,-4
WFI t=97951 a=-3640,-772,1918 g=-2,-2,-3
WFI t=98001 a=-3648,-765,1921 g=0,-2,-3
WFI t=98051 a=-3654,-758,1937 g=-5,-1,-5
WFI t=98101 a=-3652,-761,1928 g=-6,-2,-3
WFI t=98151 a=-3652,-759,1921 g=-2,-1,-4
WFI t=98201 a=-3660,-761,1923 g=-5,-1,-4
WFI t=98251 a=-3652,-763,1920 g=-3,0,-4
WFI t=98301 a=-3650,-759,1925 g=-5,-2,-4
WFI t=98460 a=-3649,-770,1925 g=-1,-2,-4
WFI t=98463 a=-3658,-757,1922 g=-4,-2,-4
WFI t=98465 a=-3658,-757,1922 g=-4,-2,-4
WFI t=98501 a=-3651,-773,1928 g=-3,0,-4
WFI t=98551 a=-3659,-762,1918 g=-1,-2,-3
WFI t=98601 a=-3658,-772,1915 g=-2,0,-4
WFI t=98651 a=-3657,-761,1922 g=0,-1,-4
WFR t=98663 src=bms type=0x02 len=129 data=d2037c0ee80ee80ee90ee80ee90ee80ee90ee90ee70ee80ee90ee90eec0eec0eec0eeb0eed0eed0eee0eed0eed0eee0eee0eee0eec0eed0eed0eed0000000000000000003d0000000000000000000000000000042d752f02ad0eee0ee7003d003d00000156001c0001001d0000000100010eea0007000a0000000000000000b767
WFI t=98701 a=-3668,-764,1918 g=-8,-2,-5
WFI t=98751 a=-3667,-750,1936 g=-5,-1,-5
WFI t=98801 a=-3647,-761,1918 g=-2,1,-4
WFI t=98851 a=-3646,-762,1926 g=3,0,-4
WFI t=98901 a=-3655,-761,1921 g=-3,-1,-4
WFI t=98951 a=-3655,-762,1928 g=-3,-2,-5
WFI t=99001 a=-3654,-752,1912 g=-8,0,-6
WFI t=99051 a=-3648,-757,1921 g=-2,-1,-4
WFI t=99101 a=-3648,-767,1916 g=-2,-2,-4
WFI t=99151 a=-3662,-770,1922 g=-3,-2,-4
WFI t=99201 a=-3657,-761,1933 g=-1,-1,-3
WFI t=99251 a=-3655,-759,1924 g=-2,-1,-4
WFI t=99301 a=-3656,-766,1926 g=-2,0,-3
WFI t=99351 a=-3652,-763,1931 g=-5,-1,-5
WFI t=99401 a=-3663,-764,1926 g=-4,-1,-3
WFI t=99451 a=-3660,-765,1918 g=-2,-2,-4
WFI t=99501 a=-3660,-765,1928 g=-4,-2,-5
WFI t=99551 a=-3655,-759,1931 g=-2,1,-4
WFI t=99601 a=-3661,-770,1930 g=-3,-1,-3
WFI t=99651 a=-3650,-767,1926 g=-2,-1,-4
WFR t=99653 src=bms type=0x02 len=129 data=d2037c0ee80ee70ee90ee80ee80ee80ee90ee90ee70ee80ee90ee90eec0eec0eec0eeb0eed0eed0eed0eed0eed0eed0eee0eee0eec0eee0eed0eed0000000000000000003d0000000000000000000000000000042d752f02ad0eee0ee7003d003d00000156001c0001001d0000000100010eea0007000a0000000000000000c464
WFI t=99701 a=-3669,-756,1926 g=-6,0,-5
WFI t=99751 a=-3656,-766,1920 g=0,-2,-5
WFI t=99801 a=-3671,-762,1931 g=-5,-1,-5
WFI t=99851 a=-3652,-760,1930 g=-3,-1,-4
WFI t=99901 a=-3650,-759,1927 g=-5,-2,-4
WFI t=99951 a=-3655,-764,1927 g=0,0,-4
WFI t=100001 a=-3671,-758,1922 g=-6,-1,-5
WFI t=100051 a=-3650,-770,1925 g=1,-1,-4
WFI t=100101 a=-3650,-761,1923 g=-4,-2,-4
WFI t=100151 a=-3659,-769,1922 g=-9,-2,-4
WFI t=100201 a=-3655,-763,1923 g=-3,0,-5
WFI t=100251 a=-3658,-772,1933 g=-2,-2,-4
WFI t=100301 a=-3664,-764,1924 g=-8,-1,-3
WFI t=100447 a=-3664,-765,1933 g=-3,-3,-4
WFI t=100464 a=-3655,-755,1918 g=-5,-2,-4
WFI t=100466 a=-3662,-756,1924 g=-2,-1,-4
WFI t=100501 a=-3662,-764,1915 g=-7,-3,-5
WFI t=100551 a=-3648,-760,1927 g=-4,-3,-5
WFI t=100601 a=-3651,-767,1913 g=0,0,-4
WFI t=100651 a=-3660,-755,1929 g=0,-1,-3
WFR t=100688 src=bms type=0x02 len=129 data=d2037c0ee80ee80ee90ee80ee90ee80ee90ee90ee70ee80ee90ee90eec0eec0eed0eeb0eec0eed0eed0eed0eed0eee0eee0eee0eec0eee0eed0eed0000000000000000003d0000000000000000000000000000042d752e02ad0eee0ee7003d003d00000156001c0001001d0000000100010eea000700150000000000000000e173
WFI t=100701 a=-3654,-762,1923 g=-5,-2,-4
WFI t=100751 a=-3655,-754,1931 g=-3,-1,-2
WFI t=100801 a=-3650,-766,1915 g=-6,-3,-5
WFI t=100851 a=-3662,-768,1925 g=-4,0,-5
WFI t=100901 a=-3656,-755,1918 g=-6,-1,-5
WFI t=100951 a=-3659,-762,1924 g=-3,1,-4
WFI t=101001 a=-3661,-765,1929 g=-2,-2,-5
WFI t=101051 a=-3654,-759,1923 g=-1,0,-4
WFI t=101101 a=-3652,-764,1928 g=-1,-2,-4
WFI t=101151 a=-3656,-761,1923 g=-6,-1,-5
WFI t=101201 a=-3648,-758,1920 g=-5,0,-5
WFI t=101251 a=-3658,-757,1922 g=-2,-1,-3
WFI t=101301 a=-3661,-764,1924 g=-3,0,-3
WFI t=101351 a=-3661,-759,1923 g=-1,-4,-5
WFI t=101401 a=-3654,-762,1926 g=-3,-1,-5
WFI t=101451 a=-3673,-769,1928 g=-3,-2,-5
WFI t=101501 a=-3647,-775,1927 g=-4,-3,-4
WFI t=101551 a=-3644,-764,1921 g=-7,-1,-5
WFI t=101601 a=-3661,-757,1918 g=-7,-2,-5
WFI t=101651 a=-3654,-769,1920 g=-6,0,-5
WFR t=101663 src=bms type=0x02 len=129 data=d2037c0ee80ee80ee80ee80ee90ee80ee90ee90ee70ee80ee90ee90eec0eec0eec0eeb0eed0eed0eee0eed0eed0eee0eee0eee0eec0eee0eed0eed0000000000000000003d0000000000000000000000000000042d752f02ad0eee0ee7003d003d00000156001c0001001d0000000100010eea0007000a00000000000000005355
WFI t=101701 a=-3653,-775,1923 g=-3,0,-5
WFI t=101751 a=-3656,-767,1931 g=-3,-1,-4
WFI t=101801 a=-3655,-768,1927 g=-1,-2,-3
WFI t=101851 a=-3652,-751,1924 g=-3,-1,-4
WFT t=101878 batt_mv=4186 rssi_mcu=0 rssi_bms=-88 mcu=0 bms=78 dropped=0
WFI t=101901 a=-3662,-762,1918 g=-2,0,-4
WFI t=101951 a=-3648,-761,1920 g=-2,-1,-6
WFI t=102001 a=-3665,-765,1931 g=1,-1,-3
WFI t=102051 a=-3655,-765,1918 g=-2,-2,-5
WFI t=102101 a=-3666,-765,1911 g=-5,0,-3
WFI t=102151 a=-3665,-761,1924 g=-1,-2,-4
WFI t=102201 a=-3652,-761,1929 g=-6,-3,-4
WFI t=102251 a=-3661,-768,1925 g=-1,-1,-3
WFI t=102301 a=-3659,-753,1930 g=-2,-1,-4
WFI t=102405 a=-3657,-763,1918 g=-4,0,-4
WFI t=102521 a=-3661,-758,1921 g=-2,1,-4
WFI t=102526 a=-3661,-761,1932 g=-2,-1,-4
WFI t=102529 a=-3658,-756,1914 g=-7,-1,-4
WFI t=102552 a=-3659,-767,1931 g=-6,-1,-5
WFI t=102628 a=-3659,-763,1930 g=-7,-2,-5
WFI t=102725 a=-3667,-758,1929 g=-3,0,-4
WFI t=102728 a=-3654,-754,1909 g=-7,-2,-4
WFR t=102743 src=bms type=0x02 len=129 data=d2037c0ee80ee70ee80ee80ee90ee80ee90ee90ee70ee80ee90ee90eec0eec0eec0eeb0eec0eed0eed0eed0eed0eee0eee0eee0eec0eee0eed0eed0000000000000000003d0000000000000000000000000000042d753002ad0eee0ee7003d003d00000156001c0001001d0000000100010eea0007000000000000000000006e8c
WFI t=102751 a=-3656,-758,1921 g=-1,-2,-3
WFI t=102801 a=-3665,-764,1924 g=-5,-1,-4
WFI t=102851 a=-3655,-773,1921 g=-2,-3,-5
WFI t=102901 a=-3661,-760,1917 g=-1,1,-4
WFI t=102951 a=-3657,-767,1920 g=-4,-1,-4
WFI t=103001 a=-3661,-775,1921 g=0,0,-5
WFI t=103051 a=-3663,-765,1925 g=0,-1,-5
WFI t=103101 a=-3654,-759,1926 g=-6,0,-4
WFI t=103151 a=-3668,-754,1930 g=-7,1,-5
WFI t=103201 a=-3661,-756,1920 g=-7,-1,-4
WFI t=103251 a=-3658,-756,1922 g=-5,-2,-4
WFI t=103301 a=-3665,-772,1918 g=-7,-3,-4
WFI t=103351 a=-3654,-780,1926 g=-3,-2,-4
WFI t=103401 a=-3662,-761,1926 g=-5,0,-5
WFI t=103451 a=-3662,-761,1924 g=0,-1,-4
WFI t=103501 a=-3650,-748,1910 g=-3,-1,-4
WFI t=103551 a=-3665,-766,1923 g=-4,-3,-3
WFI t=103601 a=-3655,-762,1917 g=-2,0,-4
WFI t=103651 a=-3657,-751,1924 g=1,-1,-5
WFI t=103701 a=-3670,-757,1939 g=-2,-2,-4
WFR t=103733 src=bms type=0x02 len=129 data=d2037c0ee80ee80ee80ee80ee90ee80ee80ee90ee70ee80ee80ee90eec0eec0eec0eeb0eec0eed0eee0eed0eed0eee0eee0eee0eec0eee0eed0eee0000000000000000003d0000000000000000000000000000042d752f02ad0eee0ee7003d003d00000156001c0001001d0000000100010eea0007000a0000000000000000267d
WFI t=103751 a=-3657,-763,1929 g=-3,-1,-4
WFI t=103801 a=-3639,-756,1905 g=-6,-2,-4
WFI t=103851 a=-3655,-781,1908 g=-4,-3,-5
WFI t=103901 a=-3667,-767,1922 g=1,0,-6
WFI t=103951 a=-3656,-751,1954 g=0,-1,-4
WFI t=104001 a=-3651,-755,1924 g=-10,-3,-2
WFI t=104051 a=-3651,-750,1912 g=-10,-3,-2
WFI t=104101 a=-3658,-775,1907 g=-3,-1,-6
WFI t=104151 a=-3664,-771,1926 g=2,0,-7
WFI t=104201 a=-3654,-764,1934 g=-5,1,-3
WFI t=104251 a=-3657,-769,1912 g=-9,-2,-2
WFI t=104301 a=-3659,-766,1903 g=-2,-2,-3
WFI t=104370 a=-3652,-754,1922 g=1,0,-5
WFI t=104467 a=-3659,-757,1925 g=-6,0,-3
WFI t=104469 a=-3662,-760,1928 g=-10,0,-3
WFI t=104501 a=-3671,-766,1925 g=-1,1,-4
WFI t=104551 a=-3650,-771,1910 g=-5,-2,-5
WFI t=104601 a=-3660,-778,1923 g=-2,-1,-5
WFI t=104651 a=-3647,-761,1923 g=-4,-3,-3
WFI t=104701 a=-3659,-767,1923 g=-3,-2,-3
WFI t=104751 a=-3664,-769,1930 g=-2,-1,-6
WFR t=104769 src=bms type=0x02 len=129 data=d2037c0ee80ee80ee80ee80ee80ee80ee90ee90ee70ee80ee80ee90eec0eec0eec0eeb0eec0eed0eee0eed0eed0eee0eee0eee0eec0eee0eed0eed0000000000000000003d0000000000000000000000000000042d752f02ad0eee0ee7003d003d00000156001c0001001d0000000100010eea0007000a0000000000000000bbc2
WFI t=104801 a=-3643,-751,1926 g=-3,-2,-5
WFI t=104851 a=-3658,-763,1924 g=0,-1,-2
WFI t=104901 a=-3662,-761,1926 g=-8,-3,-4
WFI t=104951 a=-3657,-767,1921 g=-8,-1,-6
WFI t=105001 a=-3643,-760,1916 g=-2,-1,-5
WFI t=105051 a=-3651,-762,1929 g=-2,-2,-4
WFI t=105101 a=-3656,-766,1931 g=-3,-1,-2
WFI t=105151 a=-3658,-753,1924 g=-4,-2,-5
WFI t=105201 a=-3650,-764,1922 g=1,0,-4
WFI t=105251 a=-3646,-767,1944 g=-5,-1,-5
WFI t=105301 a=-3662,-768,1928 g=-1,-3,-4
WFI t=105351 a=-3638,-766,1914 g=-5,-3,-4
WFI t=105401 a=-3651,-763,1925 g=-6,-1,-4
WFI t=105451 a=-3668,-762,1925 g=-5,0,-4
WFI t=105501 a=-3653,-765,1928 g=-4,-2,-4
WFI t=105551 a=-3668,-760,1926 g=-2,-1,-3
WFI t=105601 a=-3681,-769,1914 g=1,-2,-3
WFI t=105651 a=-3647,-763,1923 g=-4,0,-6
WFI t=105701 a=-3648,-762,1927 g=-5,-2,-4
WFI t=105751 a=-3656,-761,1923 g=-3,-1,-4
WFR t=105774 src=bms type=0x02 len=129 data=d2037c0ee80ee80ee90ee80ee80ee80ee80ee90ee70ee80ee90ee90eec0eec0eec0eeb0eed0eec0eee0eed0eed0eee0eee0eee0eec0eed0eed0eed0000000000000000003d0000000000000000000000000000042d752f02ad0eee0ee7003d003d00000156001c0001001d0000000100010eea0007000a000000000000000097ea
WFI t=105801 a=-3662,-764,1923 g=-6,0,-3
WFI t=105851 a=-3641,-756,1929 g=-5,0,-5
WFI t=105901 a=-3654,-758,1926 g=-3,1,-4
WFI t=105951 a=-3676,-764,1922 g=0,-1,-3
WFI t=106001 a=-3668,-770,1928 g=-6,-2,-3
WFI t=106051 a=-3657,-770,1926 g=-2,1,-4
WFI t=106101 a=-3662,-762,1936 g=0,1,-3
WFI t=106151 a=-3652,-766,1934 g=-8,-2,-4
WFI t=106201 a=-3663,-763,1928 g=-6,-2,-4
WFI t=106251 a=-3655,-756,1924 g=-1,-1,-4
WFI t=106301 a=-3670,-768,1939 g=-5,0,-5
WFI t=106455 a=-3664,-763,1918 g=-3,0,-4
WFI t=106470 a=-3651,-774,1914 g=0,5,-5
WFI t=106472 a=-3659,-763,1918 g=-3,-1,-4
WFI t=106501 a=-3665,-751,1925 g=-2,-1,-5
WFI t=106551 a=-3662,-764,1928 g=-1,-2,-5
WFI t=106601 a=-3655,-761,1921 g=-5,0,-4
WFI t=106651 a=-3657,-770,1911 g=-5,-2,-3
WFI t=106701 a=-3648,-759,1924 g=-5,1,-5
WFI t=106751 a=-3657,-770,1925 g=-2,-1,-4
WFR t=106779 src=bms type=0x02 len=129 data=d2037c0ee80ee80ee90ee80ee90ee80ee80ee90ee70ee80ee80ee90eec0eec0eec0eeb0eec0eed0eee0eed0eed0eee0eee0eee0eec0eed0eed0eee0000000000000000003d0000000000000000000000000000042d752f02ad0eee0ee7003d003d00000156001c0001001d0000000100010eea0007000a0000000000000000c24f
WFI t=106801 a=-3656,-759,1927 g=-8,-1,-4
WFI t=106851 a=-3661,-767,1925 g=-5,-1,-4
WFI t=106901 a=-3649,-760,1922 g=-8,-1,-5
WFI t=106951 a=-3643,-759,1928 g=-4,-1,-5
WFT t=106977 batt_mv=4186 rssi_mcu=0 rssi_bms=-88 mcu=0 bms=83 dropped=0
WFI t=107001 a=-3660,-767,1918 g=-4,0,-5
WFI t=107051 a=-3660,-775,1928 g=0,-1,-2
WFI t=107101 a=-3658,-770,1905 g=-7,0,-4
WFI t=107151 a=-3657,-763,1928 g=-2,-1,-5
WFI t=107201 a=-3657,-777,1931 g=-6,-1,-4
WFI t=107251 a=-3649,-759,1926 g=-3,-1,-3
WFI t=107301 a=-3671,-774,1910 g=-3,-2,-5
WFI t=107351 a=-3657,-765,1918 g=1,-1,-5
WFI t=107401 a=-3659,-761,1930 g=-7,-2,-6
WFI t=107451 a=-3671,-766,1921 g=-8,-3,-4
WFI t=107502 a=-3659,-759,1915 g=-6,-2,-3
WFI t=107551 a=-3651,-763,1926 g=-4,-2,-4
WFI t=107601 a=-3665,-768,1928 g=-2,0,-4
WFI t=107651 a=-3650,-768,1928 g=-6,-2,-5
WFI t=107701 a=-3664,-760,1930 g=-1,-2,-3
WFI t=107751 a=-3660,-757,1915 g=-5,-1,-4
WFR t=107799 src=bms type=0x02 len=129 data=d2037c0ee80ee80ee80ee80ee80ee80ee90ee90ee70ee80ee90ee90eec0eec0eec0eeb0eed0eed0eee0eed0eed0eee0eee0eee0eec0eed0eed0eed0000000000000000003d0000000000000000000000000000042d752f02ad0eee0ee7003d003d00000156001c0001001d0000000100010eea0007000a00000000000000005c1c
WFI t=107801 a=-3649,-757,1926 g=-7,-3,-5
WFI t=107851 a=-3661,-767,1924 g=-2,-2,-5
WFI t=107901 a=-3669,-764,1924 g=-5,0,-4
WFI t=107951 a=-3668,-768,1927 g=-3,-1,-4
WFI t=108001 a=-3667,-766,1925 g=-5,0,-4
WFI t=108051 a=-3650,-759,1928 g=1,0,-3
WFI t=108101 a=-3650,-773,1923 g=-7,-1,-5
WFI t=108151 a=-3660,-759,1929 g=-7,-1,-4
WFI t=108201 a=-3659,-765,1925 g=-4,0,-5
WFI t=108251 a=-3658,-768,1923 g=8,0,-4
WFI t=108301 a=-3649,-775,1927 g=-1,0,-4
WFI t=108451 a=-3649,-759,1915 g=-7,-1,-3
WFI t=108467 a=-3657,-755,1924 g=-1,0,-4
WFI t=108469 a=-3656,-747,1928 g=-1,0,-4
WFI t=108501 a=-3649,-753,1933 g=-1,-3,-4
WFI t=108551 a=-3654,-763,1930 g=-8,-2,-5
WFI t=108601 a=-3663,-768,1925 g=-1,1,-3
WFI t=108651 a=-3660,-779,1913 g=-4,0,-5
WFI t=108701 a=-3654,-763,1934 g=-1,0,-5
WFI t=108751 a=-3657,-749,1928 g=-2,-1,-3
WFI t=108801 a=-3657,-771,1935 g=-5,-1,-3
WFI t=108851 a=-3664,-769,1917 g=-3,-1,-4
WFI t=108901 a=-3656,-759,1916 g=-1,0,-6
WFI t=108951 a=-3662,-757,1920 g=-6,-1,-5
WFI t=109001 a=-3660,-759,1926 g=-6,-2,-5
WFI t=109051 a=-3654,-767,1918 g=-6,0,-3
WFI t=109101 a=-3647,-763,1925 g=3,-1,-5
WFI t=109151 a=-3663,-748,1920 g=2,0,-5
WFI t=109201 a=-3656,-757,1924 g=5,-1,-4
WFI t=109251 a=-3663,-764,1915 g=-5,0,-4
WFI t=109301 a=-3670,-783,1913 g=-2,-1,-5
WFI t=109351 a=-3654,-768,1924 g=-5,-3,-4
WFI t=109401 a=-3656,-765,1918 g=-2,-1,-3
WFI t=109451 a=-3657,-758,1920 g=-7,-3,-4
WFI t=109501 a=-3665,-760,1925 g=-1,-2,-5
WFI t=109551 a=-3663,-770,1917 g=-2,0,-5
WFI t=109601 a=-3641,-757,1933 g=-6,-1,-4
WFI t=109651 a=-3649,-766,1923 g=-11,-3,-3
WFI t=109701 a=-3670,-764,1921 g=-5,-2,-4
WFI t=109751 a=-3672,-763,1920 g=-2,2,-5
WFI t=109801 a=-3653,-762,1918 g=3,-1,-3
WFI t=109851 a=-3663,-772,1926 g=-7,-2,-3
WFI t=109901 a=-3667,-769,1930 g=-5,-3,-5
WFI t=109951 a=-3655,-776,1914 g=-8,-1,-5
WFI t=110001 a=-3655,-758,1921 g=-1,-1,-6
WFI t=110051 a=-3651,-754,1931 g=-5,-1,-4
WFI t=110101 a=-3657,-761,1923 g=-7,-1,-3
WFI t=110151 a=-3652,-753,1922 g=-6,0,-5
WFI t=110201 a=-3652,-750,1918 g=-3,-1,-5
WFI t=110251 a=-3656,-758,1921 g=-1,2,-5
WFI t=110301 a=-3651,-749,1927 g=-4,-1,-4
WFI t=110471 a=-3655,-763,1921 g=-8,-1,-5
WFI t=110488 a=-3658,-770,1926 g=-4,-1,-4
WFI t=110491 a=-3664,-772,1915 g=-4,-1,-5
WFI t=110501 a=-3663,-766,1920 g=-1,-1,-4
WFI t=110551 a=-3644,-760,1929 g=2,-1,-3
WFI t=110601 a=-3660,-769,1915 g=-3,1,-3
WFI t=110651 a=-3659,-757,1914 g=-1,-1,-5
WFI t=110701 a=-3659,-768,1931 g=-4,0,-4
WFI t=110752 a=-3657,-770,1928 g=-1,-1,-4
WFI t=110801 a=-3665,-757,1927 g=-6,-2,-4
WFI t=110851 a=-3663,-758,1932 g=-2,-1,-5
WFI t=110901 a=-3661,-760,1924 g=-3,-2,-5
WFI t=110951 a=-3656,-775,1926 g=-4,-1,-4
WFI t=111001 a=-3660,-767,1918 g=-9,-2,-4
WFI t=111052 a=-3648,-766,1931 g=-5,-1,-3
WFI t=111101 a=-3657,-756,1921 g=-3,-1,-4
WFI t=111151 a=-3647,-769,1913 g=-5,-1,-3
WFI t=111201 a=-3652,-769,1926 g=-6,-2,-4
WFI t=111251 a=-3660,-763,1929 g=-2,0,-5
WFI t=111301 a=-3667,-759,1933 g=-3,-1,-4
WFI t=111352 a=-3655,-769,1937 g=1,-1,-3
WFI t=111401 a=-3654,-755,1924 g=-6,-1,-4
WFI t=111454 a=-3663,-764,1916 g=-6,0,-3
WFI t=111502 a=-3657,-764,1924 g=-3,0,-6
WFI t=111551 a=-3652,-764,1939 g=0,-2,-5
WFI t=111601 a=-3668,-755,1933 g=-7,-3,-4
WFI t=111651 a=-3656,-756,1921 g=-4,-2,-5
WFI t=111701 a=-3662,-767,1923 g=-5,0,-5
WFI t=111751 a=-3662,-762,1914 g=-4,-1,-5
WFI t=111802 a=-3643,-756,1925 g=1,-1,-5
WFI t=111851 a=-3652,-770,1930 g=-2,0,-4
WFI t=111901 a=-3652,-764,1924 g=-3,1,-6
WFI t=111951 a=-3652,-756,1918 g=-2,-2,-3
WFI t=112001 a=-3661,-766,1924 g=-2,-1,-5
WFI t=112051 a=-3648,-765,1930 g=-1,-2,-4
WFT t=112080 batt_mv=4184 rssi_mcu=0 rssi_bms=-80 mcu=0 bms=84 dropped=0
WFI t=112102 a=-3651,-763,1929 g=-5,-2,-4
WFI t=112151 a=-3649,-755,1930 g=-1,-2,-5
WFI t=112201 a=-3661,-768,1927 g=-5,-1,-5
WFI t=112251 a=-3672,-757,1926 g=-5,0,-4
WFI t=112301 a=-3666,-760,1920 g=-1,-4,-4
WFI t=112351 a=-3655,-753,1929 g=1,-1,-4
WFI t=112542 a=-3655,-758,1926 g=-1,0,-4
WFI t=112631 a=-3652,-765,1921 g=-2,0,-5
WFI t=112633 a=-3663,-758,1925 g=-8,-1,-5
WFI t=112635 a=-3663,-758,1925 g=-8,-1,-5
WFI t=112638 a=-3658,-766,1930 g=-1,-1,-4
WFI t=112651 a=-3646,-765,1931 g=-4,-1,-4
WFI t=112701 a=-3656,-763,1918 g=-2,1,-3
WFI t=112751 a=-3657,-764,1914 g=-4,0,-5
WFI t=112801 a=-3645,-771,1924 g=-2,-1,-6
WFI t=112851 a=-3643,-769,1911 g=-1,0,-5
WFI t=112901 a=-3649,-769,1932 g=-4,-2,-5
WFI t=112951 a=-3656,-771,1921 g=3,0,-4
WFI t=113001 a=-3644,-753,1931 g=0,-2,-4
WFI t=113051 a=-3654,-760,1935 g=-5,-1,-4
WFI t=113101 a=-3650,-768,1925 g=0,-2,-3
WFI t=113151 a=-3667,-763,1922 g=-4,-1,-4
WFI t=113201 a=-3659,-771,1928 g=-3,-1,-4
WFI t=113251 a=-3664,-761,1936 g=-3,-1,-4
WFI t=113301 a=-3662,-760,1932 g=-5,1,-3
WFI t=113351 a=-3678,-761,1935 g=-5,-2,-4
WFI t=113401 a=-3651,-761,1923 g=-1,-1,-5
WFI t=113451 a=-3660,-764,1918 g=-2,-1,-5
WFI t=113501 a=-3657,-769,1917 g=-2,-1,-5
WFI t=113551 a=-3650,-768,1922 g=-4,-2,-4
WFI t=113601 a=-3655,-762,1921 g=0,-1,-4
WFI t=113651 a=-3660,-762,1931 g=-3,-1,-4
WFI t=113701 a=-3664,-753,1932 g=1,-1,-5
WFI t=113751 a=-3656,-768,1923 g=-2,-2,-5
WFI t=113801 a=-3658,-762,1923 g=-2,-1,-4
WFI t=113851 a=-3657,-778,1931 g=-2,-1,-4
WFI t=113901 a=-3651,-761,1927 g=0,-1,-4
WFI t=113951 a=-3662,-753,1925 g=-3,0,-6
WFI t=114001 a=-3650,-766,1920 g=-4,0,-4
WFI t=114051 a=-3644,-766,1923 g=-3,-1,-3
WFI t=114101 a=-3653,-758,1931 g=2,-1,-4
WFI t=114151 a=-3669,-763,1931 g=-7,-1,-4
WFI t=114201 a=-3657,-765,1924 g=-2,0,-3
WFI t=114251 a=-3675,-771,1920 g=-4,-1,-4
WFI t=114301 a=-3642,-760,1929 g=-1,0,-5
WFI t=114351 a=-3663,-760,1930 g=2,-1,-3
WFI t=114447 a=-3657,-768,1932 g=-1,-1,-4
WFI t=114452 a=-3658,-760,1931 g=-3,-1,-4
WFI t=114583 a=-3652,-753,1936 g=-5,0,-3
WFI t=114586 a=-3658,-762,1921 g=-5,-1,-4
WFI t=114601 a=-3661,-765,1923 g=-4,-2,-5
WFI t=114651 a=-3669,-773,1911 g=-4,-1,-5
WFI t=114701 a=-3668,-778,1923 g=-4,0,-4
WFI t=114751 a=-3660,-759,1926 g=-2,-1,-4
WFI t=114801 a=-3655,-749,1920 g=-4,-1,-6
WFI t=114851 a=-3655,-771,1929 g=-2,-3,-5
WFI t=114901 a=-3653,-748,1924 g=-5,1,-3
WFI t=114951 a=-3662,-758,1930 g=-2,0,-4
WFI t=115001 a=-3663,-762,1915 g=-4,-2,-4
WFI t=115051 a=-3651,-757,1920 g=-5,-1,-4
WFI t=115101 a=-3657,-766,1922 g=-2,0,-3
WFI t=115151 a=-3653,-766,1915 g=-7,-2,-4
WFI t=115201 a=-3654,-765,1929 g=-3,-1,-4
WFI t=115251 a=-3652,-760,1913 g=-2,-1,-3
WFI t=115301 a=-3668,-771,1928 g=-2,0,-4
WFI t=115351 a=-3654,-771,1917 g=-4,-1,-4
WFI t=115401 a=-3661,-765,1926 g=-1,-1,-5
WFI t=115451 a=-3651,-760,1926 g=-1,0,-4
WFI t=115501 a=-3644,-753,1924 g=1,1,-4
WFI t=115551 a=-3651,-756,1937 g=-2,-1,-3
WFI t=115601 a=-3664,-758,1928 g=1,0,-4
WFI t=115651 a=-3664,-760,1924 g=-5,0,-3
WFI t=115701 a=-3646,-766,1921 g=-6,-1,-4
WFI t=115751 a=-3663,-771,1924 g=-7,-1,-5
WFI t=115801 a=-3658,-753,1927 g=-4,-2,-4
WFI t=115851 a=-3647,-763,1936 g=-4,0,-3
WFI t=115901 a=-3657,-755,1918 g=-4,-1,-5
WFI t=115951 a=-3664,-768,1918 g=-2,-1,-3
WFI t=116001 a=-3659,-765,1920 g=-3,0,-4
WFI t=116051 a=-3669,-768,1929 g=-2,0,-4
WFI t=116101 a=-3657,-764,1918 g=0,-1,-4
WFI t=116151 a=-3665,-766,1915 g=0,-2,-4
WFI t=116201 a=-3663,-748,1928 g=3,-1,-4
WFI t=116251 a=-3655,-764,1927 g=-4,-1,-5
WFI t=116301 a=-3664,-756,1920 g=-4,-1,-5
WFI t=116351 a=-3671,-767,1929 g=-2,-2,-3
WFI t=116505 a=-3657,-759,1914 g=2,0,-4
WFI t=116521 a=-3646,-769,1930 g=-3,-2,-3
WFI t=116524 a=-3666,-752,1934 g=-6,-2,-3
WFI t=116551 a=-3655,-771,1924 g=-5,-1,-3
WFI t=116601 a=-3675,-764,1923 g=-3,-1,-3
WFI t=116651 a=-3664,-750,1924 g=-5,0,-5
WFI t=116701 a=-3654,-760,1928 g=-7,-1,-5
WFI t=116751 a=-3668,-765,1926 g=-6,0,-5
WFI t=116801 a=-3652,-766,1924 g=-4,-1,-3
WFI t=116851 a=-3651,-763,1928 g=0,-1,-4
WFI t=116901 a=-3655,-772,1914 g=-1,0,-3
WFI t=116951 a=-3642,-762,1929 g=-8,-3,-6
WFI t=117001 a=-3658,-765,1918 g=-6,0,-4
WFI t=117051 a=-3661,-771,1917 g=-1,-1,-5
WFI t=117101 a=-3649,-777,1926 g=-4,0,-4
WFI t=117151 a=-3654,-763,1931 g=-2,-2,-5
WFT t=117179 batt_mv=4186 rssi_mcu=0 rssi_bms=-83 mcu=0 bms=84 dropped=0
WFI t=117201 a=-3653,-763,1931 g=-7,-1,-3
WFI t=117251 a=-3662,-771,1927 g=-3,1,-4
WFI t=117301 a=-3662,-758,1924 g=-6,0,-4
WFI t=117351 a=-3653,-759,1926 g=-6,-2,-4
WFI t=117401 a=-3656,-762,1921 g=-6,0,-3
WFI t=117451 a=-3661,-756,1921 g=1,-3,-4
WFI t=117501 a=-3660,-765,1935 g=1,-2,-4
WFI t=117551 a=-3656,-770,1915 g=-3,-2,-2
WFI t=117601 a=-3647,-762,1926 g=-3,-2,-5
WFI t=117651 a=-3652,-761,1929 g=0,-1,-4
WFI t=117701 a=-3660,-756,1924 g=-1,0,-4
WFI t=117751 a=-3649,-767,1923 g=0,-2,-4
WFI t=117801 a=-3652,-765,1934 g=2,-1,-4
WFI t=117851 a=-3658,-768,1926 g=-6,-1,-4
WFI t=117901 a=-3663,-769,1925 g=-4,1,-4
WFI t=117951 a=-3662,-774,1928 g=-2,0,-4
WFE t=117984 bms stale, no frame for 10184 ms, dropping link
WFE t=117997 bms link down (stale) after 28 answers in 37916 ms, writes=38 err=0 silent=10 bytes=3612
WFI t=118002 a=-3654,-755,1930 g=-5,-2,-5
WFE t=118014 bms disconnected reason=534
WFI t=118051 a=-3640,-751,1927 g=1,-1,-4
WFI t=118101 a=-3659,-754,1928 g=-2,0,-4
WFI t=118151 a=-3658,-757,1929 g=2,1,-4
WFI t=118201 a=-3649,-761,1912 g=-8,-2,-4
WFI t=118251 a=-3652,-759,1924 g=-3,-1,-4
WFI t=118301 a=-3664,-755,1918 g=0,-1,-3
WFI t=118351 a=-3670,-752,1926 g=-2,-1,-5
WFI t=118442 a=-3657,-752,1927 g=-4,-2,-5
WFI t=118541 a=-3665,-777,1928 g=-5,-2,-4
WFI t=118543 a=-3667,-758,1927 g=-3,0,-4
WFI t=118551 a=-3649,-756,1932 g=0,-1,-3
WFI t=118601 a=-3657,-772,1928 g=-4,-2,-4
WFI t=118651 a=-3673,-758,1929 g=-5,0,-4
WFI t=118701 a=-3655,-761,1931 g=-4,0,-3
WFI t=118751 a=-3655,-757,1922 g=-4,-1,-6
WFI t=118801 a=-3654,-769,1927 g=-3,-1,-5
WFI t=118851 a=-3655,-770,1922 g=-5,-1,-5
WFI t=118901 a=-3648,-756,1931 g=-1,0,-4
WFI t=118951 a=-3653,-756,1917 g=1,0,-4
WFI t=119001 a=-3653,-764,1915 g=-7,-1,-5
WFI t=119051 a=-3654,-761,1920 g=-8,-1,-5
WFI t=119101 a=-3668,-761,1927 g=-1,-1,-5
WFI t=119151 a=-3663,-764,1923 g=-6,-1,-4
WFI t=119201 a=-3660,-768,1913 g=-2,-2,-4
WFI t=119251 a=-3652,-766,1925 g=-3,-2,-5
WFI t=119301 a=-3646,-758,1921 g=-3,0,-5
WFI t=119351 a=-3659,-759,1918 g=-4,-3,-4
WFI t=119402 a=-3655,-766,1918 g=-3,-1,-4
WFI t=119451 a=-3650,-764,1926 g=-2,0,-4
WFI t=119501 a=-3652,-766,1915 g=-1,0,-3
WFI t=119551 a=-3649,-768,1928 g=-3,-2,-4
WFI t=119601 a=-3663,-754,1923 g=-6,-1,-4
WFI t=119651 a=-3661,-757,1922 g=-2,0,-3
WFI t=119701 a=-3649,-760,1939 g=-9,0,-5
WFI t=119751 a=-3657,-766,1917 g=1,-2,-5
WFI t=119801 a=-3654,-760,1928 g=-6,2,-4
WFI t=119851 a=-3655,-760,1916 g=-2,0,-4
WFI t=119901 a=-3647,-765,1936 g=-4,-1,-4
WFI t=119951 a=-3656,-759,1925 g=-1,0,-3
WFI t=120001 a=-3650,-761,1920 g=-5,-1,-4
WFI t=120051 a=-3652,-751,1924 g=-3,-1,-4
WFI t=120101 a=-3656,-757,1935 g=-4,-1,-5
WFI t=120151 a=-3671,-765,1918 g=-2,-1,-4
WFI t=120201 a=-3657,-757,1936 g=-3,0,-4
WFI t=120251 a=-3661,-759,1918 g=-3,-1,-4
WFI t=120301 a=-3655,-770,1925 g=-3,0,-3
WFI t=120351 a=-3661,-767,1923 g=-3,-2,-4
WFE t=120370 bms subscribed val=0x0010 cccd=0x0011 ctrl=0x0014 mtu=512 regs=62
WFE t=120371 bms conn itvl=80 latency=0 timeout=600
WFE t=120383 bms reconnected (attempt 3)
WFE t=120388 bms mtu event mtu=512
WFI t=120432 a=-3647,-764,1932 g=-3,-1,-5
WFI t=120534 a=-3663,-772,1942 g=-4,1,-4
WFI t=120536 a=-3663,-772,1942 g=-4,1,-4
WFI t=120551 a=-3671,-770,1929 g=-3,-1,-4
WFI t=120601 a=-3659,-765,1929 g=-2,0,-4
WFI t=120651 a=-3650,-775,1922 g=0,-1,-5
WFE t=120671 bms conn update req itvl=12-12 latency=0 timeout=400 via=l2cap
WFI t=120701 a=-3664,-761,1926 g=-1,0,-4
WFI t=120751 a=-3665,-775,1933 g=-7,0,-3
WFR t=120770 src=bms type=0x02 len=129 data=d2037c0ee80ee70ee80ee80ee80ee80ee90ee90ee70ee80ee90ee90eec0eec0eec0eeb0eed0eed0eee0eed0eed0eee0eee0eee0eec0eed0eed0eed0000000000000000003d0000000000000000000000000000042d752f02ad0eee0ee7003d003d00000156001c0001001d0000000100010eea0007000a00000000000000005de8
WFI t=120801 a=-3649,-759,1930 g=-4,-1,-4
WFI t=120851 a=-3650,-763,1940 g=-8,-1,-4
WFI t=120901 a=-3661,-770,1944 g=-7,-1,-5
WFI t=120951 a=-3656,-763,1931 g=1,-3,-3
WFI t=121001 a=-3658,-761,1928 g=0,0,-5
WFI t=121051 a=-3650,-767,1932 g=-3,-1,-4
WFI t=121101 a=-3652,-768,1926 g=-5,-1,-3
WFI t=121151 a=-3662,-767,1936 g=-4,-1,-4
WFI t=121201 a=-3658,-763,1936 g=-4,-2,-3
WFI t=121251 a=-3655,-766,1928 g=-2,-2,-3
WFI t=121301 a=-3662,-765,1930 g=-3,-1,-4
WFI t=121351 a=-3668,-767,1927 g=-4,-1,-4
WFE t=121369 bms conn update status=0 itvl=12 latency=0 timeout=400
WFI t=121401 a=-3663,-764,1937 g=-7,-2,-4
WFI t=121451 a=-3651,-764,1918 g=-1,-1,-2
WFI t=121501 a=-3666,-755,1925 g=0,1,-4
WFI t=121551 a=-3665,-764,1929 g=0,1,-3
WFI t=121601 a=-3662,-764,1928 g=-4,0,-4
WFI t=121651 a=-3663,-774,1939 g=-3,-1,-3
WFI t=121701 a=-3648,-768,1941 g=-5,-1,-3
WFI t=121751 a=-3661,-766,1931 g=-1,-1,-5
WFR t=121774 src=bms type=0x02 len=129 data=d2037c0ee80ee80ee80ee80ee80ee80ee90ee90ee70ee80ee90ee90eec0eec0eec0eeb0eed0eed0eee0eed0eed0eee0eee0eee0eec0eed0eed0eee0000000000000000003d0000000000000000000000000000042d752f02ad0eee0ee7003d003d00000156001c0001001d0000000100010eea0007000a00000000000000004d2f
WFI t=121801 a=-3660,-760,1920 g=-1,-2,-3
WFI t=121851 a=-3641,-776,1929 g=-8,-1,-2
WFI t=121901 a=-3659,-764,1929 g=0,-1,-3
WFI t=121951 a=-3668,-771,1928 g=-1,0,-4
WFI t=122001 a=-3661,-755,1924 g=-2,0,-5
WFI t=122051 a=-3652,-766,1947 g=0,-1,-3
WFI t=122101 a=-3665,-767,1928 g=-4,-1,-4
WFI t=122151 a=-3643,-772,1928 g=-1,0,-5
WFI t=122201 a=-3681,-767,1929 g=-2,0,-5
WFI t=122251 a=-3664,-760,1924 g=-2,-1,-6
WFI t=122301 a=-3675,-774,1940 g=-3,0,-5
WFI t=122351 a=-3652,-759,1931 g=-5,-1,-5
WFT t=122375 batt_mv=4188 rssi_mcu=0 rssi_bms=-79 mcu=0 bms=86 dropped=0
WFI t=122401 a=-3649,-771,1935 g=-2,0,-5
WFI t=122702 a=-3668,-763,1915 g=1,0,-3
WFI t=122705 a=-3668,-763,1915 g=1,0,-3
WFI t=122707 a=-3650,-760,1934 g=-4,-2,-3
WFI t=122709 a=-3650,-760,1934 g=-4,-2,-3
WFI t=122711 a=-3667,-779,1930 g=-4,-1,-5
WFI t=122751 a=-3656,-769,1922 g=-3,-2,-4
WFI t=122801 a=-3650,-758,1922 g=-9,-1,-5
WFI t=122851 a=-3647,-771,1917 g=-4,-1,-4
WFI t=122901 a=-3668,-763,1920 g=-7,-2,-5
WFR t=122915 src=bms type=0x02 len=129 data=d2037c0ee80ee80ee80ee80ee80ee80ee90ee90ee70ee80ee90ee90eec0eec0eec0eeb0eed0eed0eee0eed0eed0eee0eee0eee0eec0eee0eed0eee0000000000000000003d0000000000000000000000000000042d752f02ad0eee0ee7003d003d00000156001c0001001d0000000100010eea0007000a0000000000000000b81c
WFI t=122951 a=-3655,-757,1928 g=2,-1,-4
WFI t=123001 a=-3661,-763,1923 g=-5,-2,-4
WFI t=123051 a=-3664,-781,1933 g=-3,-1,-4
WFI t=123101 a=-3646,-756,1936 g=0,1,-4
WFI t=123151 a=-3664,-769,1922 g=-4,0,-3
WFI t=123201 a=-3651,-765,1928 g=-10,-1,-4
WFI t=123251 a=-3657,-780,1920 g=-3,-1,-4
WFI t=123301 a=-3646,-770,1932 g=2,-1,-4
WFI t=123351 a=-3665,-762,1932 g=-2,-1,-4
WFI t=123401 a=-3658,-759,1926 g=-4,1,-5
WFI t=123451 a=-3662,-767,1923 g=-1,-2,-5
WFI t=123501 a=-3667,-772,1935 g=-3,-3,-4
WFI t=123551 a=-3650,-759,1924 g=-2,-1,-3
WFI t=123601 a=-3660,-760,1918 g=-3,-2,-4
WFI t=123651 a=-3662,-769,1924 g=-3,1,-3
WFI t=123702 a=-3656,-761,1924 g=-4,-1,-5
WFI t=123751 a=-3655,-784,1915 g=-7,-1,-4
WFI t=123801 a=-3667,-773,1933 g=-8,0,-4
WFI t=123851 a=-3662,-767,1930 g=-3,-1,-3
WFI t=123901 a=-3659,-762,1927 g=-7,0,-4
WFR t=123905 src=bms type=0x02 len=129 data=d2037c0ee80ee80ee90ee80ee80ee80ee90ee90ee70ee80ee90ee90eec0eec0eec0eeb0eed0eed0eee0eed0eed0eee0eee0eee0eec0eee0eee0eee0000000000000000003d0000000000000000000000000000042d752f02ad0eee0ee7003d003d00000156001c0001001d0000000100010eeb0007000a0000000000000000e7d9
WFI t=123951 a=-3655,-770,1912 g=-6,-2,-3
WFI t=124001 a=-3670,-758,1932 g=-4,-1,-4
WFI t=124051 a=-3658,-766,1921 g=-5,1,-4
WFI t=124101 a=-3661,-756,1922 g=-4,-2,-4
WFI t=124151 a=-3667,-766,1926 g=0,-2,-3
WFI t=124201 a=-3652,-757,1922 g=-2,-3,-4
WFI t=124251 a=-3668,-765,1932 g=-1,0,-4
WFI t=124301 a=-3664,-760,1925 g=-5,-2,-4
WFI t=124351 a=-3655,-758,1934 g=-3,-2,-4
WFI t=124401 a=-3658,-753,1946 g=-3,-1,-5
WFI t=124464 a=-3658,-762,1923 g=-5,-4,-4
WFI t=124560 a=-3647,-766,1933 g=-1,-1,-4
WFI t=124562 a=-3665,-752,1932 g=0,-3,-4
WFI t=124601 a=-3650,-757,1930 g=-6,0,-4
WFI t=124651 a=-3661,-765,1932 g=-4,-1,-4
WFI t=124701 a=-3661,-763,1918 g=-4,-1,-4
WFI t=124751 a=-3645,-756,1930 g=-6,0,-4
WFI t=124801 a=-3649,-760,1933 g=-4,-1,-6
WFI t=124851 a=-3660,-765,1928 g=0,-1,-4
WFI t=124901 a=-3660,-765,1935 g=4,0,-3
WFI t=124951 a=-3658,-760,1928 g=-4,-1,-3
WFR t=124955 src=bms type=0x02 len=129 data=d2037c0ee80ee70ee80ee80ee80ee70ee80ee90ee70ee80ee90ee90eec0eec0eec0eeb0eed0eed0eee0eed0eed0eee0eee0eee0eec0eed0eed0eed0000000000000000003d0000000000000000000000000000042d752f02ad0eee0ee7003d003d00000156001c0001001d0000000100010eea0007000a00000000000000006a9a
WFI t=125001 a=-3668,-757,1923 g=-2,-1,-5
WFI t=125051 a=-3658,-772,1937 g=-6,-3,-6
WFI t=125101 a=-3666,-765,1931 g=-2,-2,-5
WFI t=125151 a=-3652,-754,1926 g=-4,0,-4
WFI t=125201 a=-3658,-778,1923 g=-1,-1,-3
WFI t=125251 a=-3656,-754,1916 g=-1,0,-4
WFI t=125301 a=-3673,-761,1921 g=-8,-2,-4
WFI t=125351 a=-3668,-771,1926 g=2,-2,-4
WFI t=125401 a=-3662,-758,1916 g=-2,0,-4
WFI t=125451 a=-3652,-754,1942 g=-3,1,-5
WFI t=125501 a=-3659,-748,1933 g=-6,-2,-4
WFI t=125551 a=-3657,-765,1925 g=-1,-2,-3
WFI t=125601 a=-3660,-768,1922 g=-3,0,-3
WFI t=125651 a=-3658,-756,1925 g=-4,0,-4
WFI t=125701 a=-3653,-766,1931 g=-2,-2,-5
WFI t=125752 a=-3654,-759,1936 g=0,-1,-3
WFI t=125801 a=-3661,-773,1914 g=-6,0,-3
WFI t=125851 a=-3658,-769,1935 g=-1,-2,-4
WFI t=125901 a=-3654,-771,1939 g=-7,-1,-4
WFI t=125951 a=-3641,-753,1929 g=-2,-2,-4
WFR t=125960 src=bms type=0x02 len=129 data=d2037c0ee80ee70ee80ee80ee80ee80ee80ee90ee70ee80ee90ee90eec0eec0eec0eeb0eed0eed0eee0eed0eed0eee0eee0eee0eec0eed0eed0eed0000000000000000003d0000000000000000000000000000042d752f02ad0eee0ee7003d003d00000156001c0001001d0000000100010eea0007000a00000000000000002b1e
WFI t=126001 a=-3659,-764,1915 g=-2,-1,-3
WFI t=126051 a=-3649,-757,1925 g=-5,0,-4
WFI t=126101 a=-3657,-760,1933 g=-6,0,-3
WFI t=126151 a=-3662,-775,1932 g=-1,0,-4
WFI t=126201 a=-3657,-768,1928 g=-5,-2,-4
WFI t=126251 a=-3652,-772,1941 g=-2,0,-4
WFI t=126301 a=-3664,-766,1939 g=-4,0,-4
WFI t=126351 a=-3655,-765,1928 g=-7,-1,-3
WFI t=126401 a=-3660,-763,1913 g=-4,-1,-4
WFI t=126578 a=-3665,-758,1933 g=0,-1,-4
WFI t=126580 a=-3653,-769,1928 g=-1,-1,-4
WFI t=126582 a=-3675,-757,1918 g=1,0,-5
WFI t=126601 a=-3665,-766,1932 g=-3,1,-4
WFI t=126651 a=-3657,-766,1924 g=3,-1,-5
WFI t=126701 a=-3648,-766,1924 g=-9,0,-3
WFI t=126751 a=-3654,-762,1925 g=-4,-2,-4
WFI t=126801 a=-3665,-776,1923 g=-8,-1,-5
WFI t=126851 a=-3666,-772,1929 g=-3,0,-6
WFI t=126901 a=-3655,-773,1926 g=-5,-1,-4
WFI t=126951 a=-3669,-769,1925 g=-5,-2,-5
WFR t=126980 src=bms type=0x02 len=129 data=d2037c0ee80ee70ee80ee80ee80ee80ee80ee90ee70ee80ee90ee90eec0eec0eed0eeb0eed0eed0eee0eed0eed0eee0eee0eee0eec0eee0eed0eed0000000000000000003d0000000000000000000000000000042d752f02ad0eee0ee7003d003d00000156001c0001001d0000000100010eea0007000a0000000000000000fb81
WFI t=127001 a=-3653,-771,1925 g=-6,-1,-4
WFI t=127051 a=-3668,-779,1927 g=-1,0,-4
WFI t=127101 a=-3661,-765,1931 g=-8,-2,-5
WFI t=127151 a=-3650,-778,1920 g=-3,-1,-4
WFI t=127201 a=-3648,-755,1929 g=3,-2,-4
WFI t=127251 a=-3661,-767,1926 g=0,0,-4
WFI t=127301 a=-3657,-752,1935 g=-3,-1,-5
WFI t=127351 a=-3655,-770,1926 g=-6,-1,-4
WFI t=127401 a=-3655,-762,1918 g=-4,-1,-4
WFI t=127451 a=-3652,-768,1922 g=-4,-1,-4
WFI t=127501 a=-3655,-756,1928 g=-4,-1,-5
WFI t=127551 a=-3656,-771,1929 g=-3,-1,-5
WFT t=127568 batt_mv=4188 rssi_mcu=0 rssi_bms=-82 mcu=0 bms=91 dropped=0
WFI t=127601 a=-3665,-760,1917 g=3,0,-4
WFI t=127651 a=-3666,-764,1933 g=0,-1,-5
WFI t=127701 a=-3651,-770,1930 g=-3,-2,-4
WFI t=127751 a=-3660,-754,1924 g=-5,0,-4
WFI t=127801 a=-3652,-756,1921 g=-7,-1,-5
WFI t=127851 a=-3651,-770,1933 g=-6,-2,-4
WFI t=127901 a=-3657,-779,1930 g=1,0,-4
WFI t=127951 a=-3659,-762,1920 g=-5,0,-5
WFR t=128000 src=bms type=0x02 len=129 data=d2037c0ee80ee70ee80ee80ee80ee80ee80ee80ee70ee80ee90ee90eec0eec0eec0eeb0eed0eed0eee0eed0eed0eee0eee0eee0eec0eee0eed0eed0000000000000000003d0000000000000000000000000000042d752f02ad0eee0ee7003d003d00000156001c0001001d0000000100010eea0007000a00000000000000006ba5
WFI t=128002 a=-3650,-759,1918 g=-4,-1,-4
WFI t=128051 a=-3653,-755,1928 g=-1,1,-3
WFI t=128101 a=-3660,-759,1924 g=-2,-1,-5
WFI t=128151 a=-3667,-771,1922 g=0,-2,-3
WFI t=128201 a=-3664,-766,1930 g=0,1,-3
WFI t=128251 a=-3653,-759,1935 g=1,-1,-4
WFI t=128301 a=-3661,-764,1918 g=-2,-1,-3
WFI t=128351 a=-3659,-766,1922 g=-5,-2,-3
WFI t=128401 a=-3672,-769,1934 g=1,-2,-4
WFI t=128451 a=-3646,-774,1925 g=-2,0,-3
WFI t=128502 a=-3655,-755,1918 g=-1,-1,-4
WFI t=128576 a=-3652,-762,1915 g=-8,-2,-5
WFI t=128666 a=-3661,-756,1935 g=-6,0,-4
WFI t=128668 a=-3661,-756,1935 g=-6,0,-4
WFI t=128701 a=-3663,-763,1927 g=-2,-1,-4
WFI t=128751 a=-3661,-767,1931 g=-3,-2,-4
WFI t=128801 a=-3655,-769,1930 g=-2,-1,-4
WFI t=128851 a=-3665,-765,1923 g=1,0,-4
WFI t=128901 a=-3657,-767,1924 g=-1,-1,-6
WFI t=128951 a=-3664,-766,1941 g=-2,0,-5
WFI t=129001 a=-3657,-768,1921 g=-10,0,-5
WFR t=129005 src=bms type=0x02 len=129 data=d2037c0ee80ee80ee80ee80ee80ee80ee90ee90ee70ee80ee90ee90eec0eec0eec0eeb0eec0eed0eee0eee0eed0eee0eee0eee0eec0eee0eed0eed0000000000000000003d0000000000000000000000000000042d752f02ad0eee0ee7003d003d00000156001c0001001d0000000100010eea0007000a0000000000000000aaa6
WFI t=129072 a=-3659,-769,1929 g=-4,0,-4
WFI t=129101 a=-3654,-765,1920 g=-6,-1,-4
WFI t=129151 a=-3645,-764,1924 g=-5,-3,-4
WFI t=129201 a=-3660,-769,1924 g=-7,-2,-3
WFI t=129251 a=-3655,-766,1917 g=-5,-1,-4
WFI t=129301 a=-3656,-767,1924 g=-6,-1,-3
WFI t=129351 a=-3658,-770,1918 g=-3,0,-4
WFI t=129401 a=-3659,-762,1931 g=-1,-1,-4
WFI t=129451 a=-3664,-768,1936 g=0,0,-4
WFI t=129501 a=-3665,-772,1925 g=-4,0,-4
WFI t=129551 a=-3643,-770,1924 g=-6,-2,-4
WFI t=129601 a=-3664,-759,1927 g=-2,-1,-4
WFI t=129651 a=-3643,-754,1928 g=-1,-1,-5
WFI t=129701 a=-3654,-763,1916 g=-4,-1,-5
WFI t=129751 a=-3651,-756,1924 g=-2,-2,-5
WFI t=129801 a=-3652,-757,1918 g=-3,-1,-4
WFI t=129851 a=-3652,-762,1926 g=-3,-4,-5
WFI t=129901 a=-3667,-764,1929 g=-7,0,-5
WFI t=129951 a=-3659,-764,1928 g=-5,0,-5
WFI t=130001 a=-3665,-759,1924 g=-7,-2,-4
WFR t=130010 src=bms type=0x02 len=129 data=d2037c0ee80ee70ee80ee80ee80ee80ee90ee90ee70ee80ee90ee90eec0eec0eec0eeb0eec0eed0eee0eed0eed0eee0eee0eee0eec0eee0eed0eed0000000000000000003d0000000000000000000000000000042d752f02ad0eee0ee7003d003d00000156001c0001001d0000000100010eea0007000a0000000000000000141b
WFI t=130051 a=-3658,-760,1918 g=-4,0,-4
WFI t=130101 a=-3638,-763,1924 g=-8,-3,-4
WFI t=130151 a=-3656,-753,1927 g=-2,-1,-3
WFI t=130201 a=-3665,-769,1930 g=0,-1,-4
WFI t=130251 a=-3650,-764,1921 g=-4,-2,-4
WFI t=130301 a=-3666,-769,1934 g=-5,-1,-5
WFI t=130351 a=-3657,-752,1914 g=1,-1,-5
WFI t=130401 a=-3661,-759,1928 g=-3,0,-4
WFI t=130451 a=-3655,-751,1922 g=-3,-2,-4
WFI t=130513 a=-3660,-759,1928 g=-3,0,-4
WFI t=130737 a=-3667,-762,1927 g=-6,0,-4
WFI t=130753 a=-3668,-771,1924 g=0,0,-4
WFI t=130755 a=-3654,-764,1912 g=-8,-2,-3
WFI t=130757 a=-3654,-764,1912 g=-8,-2,-3
WFI t=130759 a=-3654,-773,1918 g=-6,1,-5
WFI t=130801 a=-3667,-762,1929 g=-3,0,-5
WFI t=130851 a=-3667,-770,1918 g=1,-2,-3
WFI t=130901 a=-3657,-765,1933 g=-6,-1,-3
WFI t=130951 a=-3656,-768,1923 g=-6,-1,-4
WFI t=131001 a=-3655,-770,1927 g=-2,0,-4
WFR t=131015 src=bms type=0x02 len=129 data=d2037c0ee80ee70ee80ee80ee80ee80ee80ee90ee70ee80ee90ee90eec0eec0eec0eeb0eed0eed0eee0eed0eed0eee0eee0eee0eec0eee0eed0eed0000000000000000003d0000000000000000000000000000042d752f02ad0eee0ee7003d003d00000156001c0001001d0000000100010eea0007000a0000000000000000de2d
WFI t=131051 a=-3655,-748,1924 g=-1,1,-5
WFI t=131101 a=-3655,-760,1935 g=-2,0,-4
WFI t=131151 a=-3657,-761,1917 g=-5,-1,-3
WFI t=131201 a=-3664,-771,1929 g=-2,-1,-5
WFI t=131251 a=-3657,-762,1931 g=-5,-1,-4
WFI t=131301 a=-3657,-747,1917 g=-2,-3,-3
WFI t=131351 a=-3654,-761,1916 g=-3,1,-4
WFI t=131401 a=-3660,-762,1922 g=-1,0,-4
WFI t=131451 a=-3653,-750,1922 g=-4,1,-3
WFI t=131501 a=-3651,-762,1927 g=-6,-2,-4
WFI t=131551 a=-3663,-764,1918 g=-4,-2,-5
WFI t=131601 a=-3662,-762,1922 g=-1,-3,-3
WFI t=131651 a=-3669,-756,1915 g=-3,-1,-4
WFI t=131701 a=-3658,-773,1915 g=-3,-2,-4
WFI t=131751 a=-3658,-762,1920 g=-7,0,-3
WFI t=131802 a=-3655,-766,1934 g=-9,-1,-5
WFI t=131851 a=-3657,-765,1925 g=-5,-2,-4
WFI t=131901 a=-3662,-767,1914 g=-1,-1,-4
WFI t=131951 a=-3656,-767,1918 g=-1,-2,-3
WFI t=132001 a=-3661,-762,1927 g=-6,-2,-5
WFR t=132020 src=bms type=0x02 len=129 data=d2037c0ee80ee70ee80ee80ee80ee80ee90ee90ee70ee80ee80ee90eec0eec0eec0eeb0eed0eed0eee0eed0eed0eee0eee0eee0eec0eee0eed0eed0000000000000000003d0000000000000000000000000000042d752f02ad0eee0ee7003d003d00000156001c0001001d0000000100010eea0007000a000000000000000006f6
WFI t=132051 a=-3660,-763,1918 g=-5,-2,-4
WFI t=132101 a=-3653,-762,1915 g=-2,-2,-5
WFI t=132151 a=-3657,-761,1924 g=0,-1,-3
WFI t=132201 a=-3654,-759,1928 g=-5,-1,-4
WFI t=132251 a=-3661,-762,1922 g=-1,-1,-4
WFI t=132301 a=-3657,-758,1920 g=-1,0,-4
WFI t=132351 a=-3660,-761,1934 g=-6,0,-4
WFI t=132401 a=-3651,-771,1916 g=-7,-1,-4
WFI t=132451 a=-3663,-765,1911 g=-2,0,-4
WFI t=132591 a=-3662,-768,1926 g=-6,-2,-5
WFI t=132608 a=-3665,-768,1923 g=-2,0,-5
WFT t=132609 batt_mv=4192 rssi_mcu=0 rssi_bms=-76 mcu=0 bms=96 dropped=0
WFI t=132611 a=-3653,-765,1920 g=-5,-1,-5
WFI t=132651 a=-3655,-764,1925 g=-3,-2,-4
WFI t=132701 a=-3659,-763,1930 g=-4,-1,-4
WFI t=132751 a=-3649,-763,1922 g=0,0,-4
WFI t=132801 a=-3656,-755,1918 g=-1,-1,-4
WFI t=132851 a=-3650,-756,1923 g=-3,0,-4
WFI t=132901 a=-3660,-763,1937 g=-4,0,-4
WFI t=132951 a=-3667,-755,1917 g=-6,0,-3
WFI t=133001 a=-3657,-760,1917 g=-6,0,-5
WFR t=133025 src=bms type=0x02 len=129 data=d2037c0ee80ee80ee80ee80ee80ee80ee90ee90ee70ee80ee90ee90eec0eec0eec0eeb0eec0eed0eee0eed0eed0eee0eee0eee0eec0eee0eed0eed0000000000000000003d0000000000000000000000000000042d752f02ad0eee0ee7003d003d00000156001c0001001d0000000100010eea0007000a000000000000000015ef
WFI t=133051 a=-3659,-765,1922 g=-3,0,-5
WFI t=133101 a=-3663,-778,1918 g=-2,-2,-6
WFI t=133151 a=-3671,-756,1911 g=-6,0,-5
WFI t=133201 a=-3660,-766,1918 g=2,0,-5
WFI t=133251 a=-3658,-760,1924 g=-1,-1,-6
WFI t=133301 a=-3652,-762,1913 g=1,-1,-4
WFI t=133351 a=-3657,-774,1923 g=1,0,-3
WFI t=133401 a=-3662,-758,1918 g=-5,-1,-3
WFI t=133451 a=-3667,-762,1933 g=-2,-1,-4
WFI t=133501 a=-3659,-765,1920 g=-4,0,-4
WFI t=133551 a=-3655,-769,1928 g=-5,-3,-5
WFI t=133601 a=-3655,-766,1916 g=-6,-3,-4
WFI t=133651 a=-3666,-765,1918 g=-1,-1,-4
WFI t=133701 a=-3663,-757,1917 g=-5,-2,-5
WFI t=133751 a=-3659,-775,1924 g=-4,-1,-5
WFI t=133801 a=-3656,-768,1929 g=-2,1,-4
WFI t=133851 a=-3670,-757,1922 g=-3,0,-4
WFI t=133901 a=-3652,-763,1930 g=2,0,-3
WFI t=133951 a=-3659,-773,1928 g=0,0,-3
WFI t=134001 a=-3656,-763,1928 g=-2,-1,-4
WFR t=134015 src=bms type=0x02 len=129 data=d2037c0ee80ee80ee80ee80ee80ee80ee80ee90ee70ee80ee90ee90eec0eec0eec0eeb0eed0eed0eee0eed0eed0eee0eee0eee0eec0eee0eed0eed0000000000000000003d0000000000000000000000000000042d752f02ad0eee0ee7003d003d00000156001c0001001d0000000100010eea0007000a0000000000000000dfd9
WFI t=134051 a=-3664,-751,1922 g=-3,0,-5
WFI t=134101 a=-3664,-764,1922 g=-5,0,-3
WFI t=134151 a=-3653,-769,1930 g=-4,-1,-3
WFI t=134201 a=-3653,-764,1925 g=-5,-2,-4
WFI t=134251 a=-3657,-755,1909 g=-8,-1,-4
WFI t=134301 a=-3657,-764,1927 g=-7,-1,-5
WFI t=134351 a=-3658,-753,1933 g=-7,-1,-5
WFI t=134401 a=-3654,-756,1935 g=-1,0,-5
WFI t=134451 a=-3652,-762,1920 g=-4,-2,-5
WFI t=134531 a=-3669,-756,1925 g=-3,-1,-5
WFI t=134622 a=-3661,-770,1930 g=-5,-1,-3
WFI t=134623 a=-3657,-768,1926 g=-6,1,-3
WFI t=134651 a=-3659,-761,1921 g=-1,-2,-2
WFI t=134701 a=-3656,-769,1921 g=-2,-1,-4
WFI t=134751 a=-3676,-770,1926 g=-9,-2,-4
WFI t=134801 a=-3659,-775,1918 g=-7,0,-5
WFI t=134851 a=-3660,-758,1925 g=-2,-1,-4
WFI t=134901 a=-3661,-768,1928 g=-3,0,-4
WFI t=134951 a=-3659,-753,1923 g=-2,0,-4
WFI t=135001 a=-3664,-765,1920 g=-3,-1,-3
WFR t=135035 src=bms type=0x02 len=129 data=d2037c0ee80ee80ee90ee80ee80ee80ee80ee90ee70ee80ee80ee90eec0eec0eec0eec0eec0eed0eee0eed0eed0eee0eee0eee0eec0eee0eee0eee0000000000000000003d0000000000000000000000000000042d752f02ad0eee0ee7003d003d00000156001c0001001d0000000100010eea0007000a0000000000000000d472
WFI t=135051 a=-3654,-755,1927 g=-3,-1,-4
WFI t=135101 a=-3657,-773,1918 g=-2,-1,-5
WFI t=135151 a=-3655,-771,1921 g=-7,0,-3
WFI t=135201 a=-3649,-770,1904 g=-5,-1,-4
WFI t=135251 a=-3654,-770,1922 g=-9,-2,-4
WFI t=135301 a=-3662,-765,1928 g=0,-1,-3
WFI t=135351 a=-3663,-764,1923 g=-3,-1,-4
WFI t=135401 a=-3660,-759,1917 g=0,-1,-4
WFI t=135451 a=-3667,-774,1923 g=-5,-2,-3
WFI t=135501 a=-3659,-761,1911 g=-7,-2,-4
WFI t=135551 a=-3648,-771,1916 g=-3,-2,-4
WFI t=135601 a=-3657,-752,1926 g=-3,0,-4
WFI t=135651 a=-3661,-770,1927 g=-3,0,-5
WFI t=135701 a=-3663,-759,1921 g=-2,-2,-3
WFI t=135751 a=-3659,-764,1918 g=-1,-1,-4
WFI t=135801 a=-3648,-763,1937 g=0,0,-4
WFI t=135851 a=-3659,-757,1923 g=-2,-2,-5
WFI t=135901 a=-3660,-756,1927 g=-1,-1,-3
WFI t=135951 a=-3666,-763,1915 g=-1,-1,-5
WFI t=136001 a=-3659,-756,1930 g=-1,-1,-4
WFR t=136025 src=bms type=0x02 len=129 data=d2037c0ee80ee80ee90ee80ee80ee80ee90ee90ee70ee80ee90ee90eec0eec0eec0eeb0eec0eed0eee0eed0eed0eee0eee0eee0eec0eee0eed0eee0000000000000000003d0000000000000000000000000000042d752f02ad0eee0ee7003d003d00000156001c0001001d0000000100010eea0007000a000000000000000015dd
WFI t=136051 a=-3660,-771,1910 g=-3,-1,-5
WFI t=136101 a=-3664,-756,1931 g=-5,0,-3
WFI t=136151 a=-3657,-777,1924 g=-8,-2,-4
WFI t=136201 a=-3648,-746,1927 g=-1,0,-4
WFI t=136251 a=-3656,-754,1918 g=-1,0,-4
WFI t=136301 a=-3654,-765,1930 g=-1,-1,-4
WFI t=136351 a=-3665,-772,1916 g=-2,1,-4
WFI t=136401 a=-3656,-758,1905 g=-3,-1,-4
WFI t=136451 a=-3666,-757,1925 g=-5,-1,-4
WFI t=136535 a=-3657,-767,1928 g=-4,-3,-4
WFI t=136643 a=-3655,-760,1920 g=-3,0,-4
WFI t=136646 a=-3655,-760,1920 g=-3,0,-4
WFI t=136651 a=-3675,-770,1917 g=-4,-1,-4
WFI t=136701 a=-3652,-773,1937 g=-5,-2,-4
WFI t=136751 a=-3665,-769,1918 g=-2,0,-3
WFI t=136801 a=-3650,-768,1914 g=-5,0,-5
WFI t=136852 a=-3650,-765,1924 g=-4,-1,-5
WFI t=136901 a=-3653,-757,1926 g=-5,-1,-4
WFI t=136951 a=-3649,-756,1930 g=-7,-1,-4
WFI t=137001 a=-3668,-767,1922 g=-1,-2,-4
WFR t=137030 src=bms type=0x02 len=129 data=d2037c0ee80ee80ee90ee80ee90ee80ee90ee90ee70ee80ee80ee90eec0eec0eed0eeb0eed0eed0eee0eed0eed0eee0eee0eee0eec0eee0eed0eed0000000000000000003d0000000000000000000000000000042d752f02ad0eee0ee7003d003d00000156001c0001001d0000000100010eeb0007000a0000000000000000cb54
WFI t=137051 a=-3655,-763,1910 g=-3,-3,-4
WFI t=137101 a=-3661,-767,1912 g=-2,-2,-4
WFI t=137151 a=-3667,-763,1916 g=-4,-2,-5
WFI t=137201 a=-3661,-772,1932 g=-8,-2,-4
WFI t=137251 a=-3666,-762,1935 g=-1,-1,-3
WFI t=137301 a=-3655,-758,1926 g=-7,0,-5
WFI t=137351 a=-3653,-771,1918 g=-6,0,-4
WFI t=137401 a=-3651,-764,1921 g=0,-1,-4
WFI t=137467 a=-3652,-765,1914 g=1,0,-3
WFI t=137501 a=-3649,-770,1915 g=-4,-1,-4
WFI t=137551 a=-3651,-781,1921 g=-4,-2,-3
WFI t=137601 a=-3655,-762,1930 g=-2,-1,-4
WFI t=137651 a=-3662,-774,1917 g=-1,-3,-3
WFT t=137657 batt_mv=4170 rssi_mcu=0 rssi_bms=-84 mcu=0 bms=101 dropped=0
WFI t=137701 a=-3659,-767,1918 g=-3,-1,-5
WFI t=137751 a=-3660,-764,1935 g=-1,0,-4
WFI t=137801 a=-3655,-750,1930 g=1,0,-3
WFI t=137851 a=-3665,-760,1920 g=-2,-3,-3
WFI t=137901 a=-3662,-770,1932 g=-5,-2,-4
WFI t=137951 a=-3651,-750,1929 g=-4,-3,-4
WFI t=138001 a=-3666,-761,1932 g=-7,-2,-4
WFI t=138051 a=-3653,-750,1938 g=-6,-3,-3
WFR t=138065 src=bms type=0x02 len=129 data=d2037c0ee80ee80ee90ee80ee80ee80ee90ee90ee70ee80ee90ee90eec0eec0eed0eeb0eec0eec0eee0eed0eed0eee0eee0eee0eec0eee0eed0eee0000000000000000003d0000000000000000000000000000042d752f02ad0eee0ee7003d003d00000156001c0001001d0000000100010eea0007000a00000000000000009c70
WFI t=138101 a=-3664,-758,1924 g=1,-1,-2
WFI t=138151 a=-3660,-750,1931 g=-1,-1,-4
WFI t=138201 a=-3666,-768,1915 g=-9,-2,-5
WFI t=138251 a=-3644,-767,1924 g=-3,-1,-4
WFI t=138301 a=-3655,-770,1923 g=-4,0,-2
WFI t=138351 a=-3650,-753,1918 g=-4,-2,-2
WFI t=138401 a=-3654,-765,1914 g=-2,-1,-4
WFI t=138451 a=-3651,-748,1928 g=-1,0,-4
WFI t=138501 a=-3657,-772,1926 g=-4,-1,-6
WFI t=138672 a=-3655,-767,1927 g=-2,-2,-4
WFI t=138674 a=-3659,-784,1915 g=-3,-1,-5
WFI t=138677 a=-3659,-784,1915 g=-3,-1,-5
WFI t=138702 a=-3659,-760,1924 g=-2,-1,-4
WFI t=138780 a=-3668,-772,1925 g=-1,-1,-3
WFI t=138875 a=-3656,-755,1939 g=-2,-1,-5
WFI t=138877 a=-3661,-753,1937 g=-4,-1,-4
WFI t=138901 a=-3655,-765,1928 g=-4,0,-5
WFI t=138951 a=-3658,-756,1918 g=-6,1,-3
WFI t=139001 a=-3663,-768,1907 g=-8,-1,-6
WFI t=139051 a=-3660,-772,1915 g=-5,0,-4
WFR t=139101 src=bms type=0x02 len=129 data=d2037c0ee80ee80ee80ee80ee90ee80ee90ee90ee70ee80ee80ee90eec0eec0eed0eeb0eed0eed0eee0eed0eed0eee0eee0eee0eec0eee0eed0eed0000000000000000003d0000000000000000000000000000042d753002ad0eee0ee7003d003d00000156001c0001001d0000000100010eea000700000000000000000000e9ff
WFI t=139102 a=-3660,-767,1935 g=2,-1,-5
WFI t=139151 a=-3652,-765,1928 g=-3,0,-4
WFI t=139201 a=-3663,-765,1921 g=-9,0,-3
WFI t=139251 a=-3663,-764,1917 g=-5,-1,-4
WFI t=139301 a=-3652,-775,1931 g=-8,-1,-5
WFI t=139351 a=-3668,-761,1926 g=-2,-1,-4
WFI t=139401 a=-3658,-763,1932 g=-4,-1,-5
WFI t=139451 a=-3642,-761,1907 g=-1,-3,-4
WFI t=139501 a=-3642,-773,1918 g=-2,0,-4
WFI t=139551 a=-3656,-772,1918 g=1,-1,-4
WFI t=139601 a=-3660,-766,1914 g=0,0,-3
WFI t=139651 a=-3658,-756,1934 g=-5,-1,-5
WFI t=139701 a=-3667,-766,1924 g=-4,-1,-4
WFI t=139751 a=-3663,-760,1931 g=-6,-1,-3
WFI t=139801 a=-3668,-769,1920 g=-7,0,-4
WFI t=139851 a=-3654,-766,1916 g=-1,0,-4
WFI t=139902 a=-3669,-767,1936 g=-7,1,-4
WFI t=139951 a=-3660,-759,1911 g=-1,-2,-3
WFI t=140001 a=-3657,-761,1921 g=-1,1,-4
WFI t=140051 a=-3649,-765,1921 g=-2,-2,-3
WFR t=140091 src=bms type=0x02 len=129 data=d2037c0ee80ee70ee80ee80ee80ee80ee90ee90ee70ee80ee90ee90eec0eec0eec0eeb0eec0eed0eee0eed0eed0eee0eee0eee0eec0eed0eed0eed0000000000000000003d0000000000000000000000000000042d752e02ad0eee0ee7003d003d00000156001c0001001d0000000100010eea0007001500000000000000006aa5
WFI t=140101 a=-3663,-771,1918 g=-3,0,-4
WFI t=140151 a=-3650,-771,1929 g=-6,-3,-5
WFI t=140201 a=-3658,-754,1925 g=-3,0,-4
WFI t=140251 a=-3658,-758,1924 g=-2,-3,-3
WFI t=140301 a=-3660,-761,1925 g=-4,-3,-4
WFI t=140351 a=-3661,-760,1933 g=-4,-2,-4
WFI t=140401 a=-3652,-750,1927 g=-5,0,-4
WFI t=140451 a=-3669,-781,1932 g=-6,-2,-3
WFI t=140501 a=-3656,-769,1935 g=0,0,-3
WFI t=140563 a=-3655,-760,1911 g=-4,-1,-5
WFI t=140665 a=-3670,-764,1918 g=-8,-2,-5
WFI t=140668 a=-3651,-768,1918 g=-3,-1,-4
WFI t=140701 a=-3664,-767,1921 g=-7,-1,-4
WFI t=140751 a=-3662,-767,1924 g=-4,0,-3
WFI t=140801 a=-3658,-758,1933 g=-3,0,-5
WFI t=140851 a=-3673,-761,1926 g=-3,-1,-3
WFI t=140901 a=-3667,-763,1922 g=-7,-2,-4
WFI t=140951 a=-3658,-758,1915 g=-3,-1,-3
WFI t=141001 a=-3666,-764,1926 g=-1,0,-4
WFI t=141051 a=-3659,-761,1929 g=-3,-1,-3
WFR t=141096 src=bms type=0x02 len=129 data=d2037c0ee80ee70ee90ee80ee80ee80ee90ee80ee70ee80ee90ee90eec0eec0eec0eeb0eed0eed0eed0eed0eed0eee0eee0eee0eec0eed0eed0eee0000000000000000003d0000000000000000000000000000042d752f02ad0eee0ee7003d003d00000156001c0001001d0000000100010eea0007000a00000000000000005994
WFI t=141101 a=-3652,-768,1930 g=-9,-1,-4
WFI t=141151 a=-3658,-762,1915 g=-4,-1,-4
WFI t=141201 a=-3653,-764,1924 g=-1,-1,-5
WFI t=141251 a=-3660,-762,1930 g=-2,0,-4
WFI t=141301 a=-3664,-761,1912 g=-2,-1,-4
WFI t=141351 a=-3663,-774,1925 g=-5,-1,-3
WFI t=141401 a=-3664,-759,1920 g=-2,-1,-4
WFI t=141451 a=-3652,-767,1927 g=-4,-2,-5
WFI t=141501 a=-3666,-763,1920 g=-3,0,-4
WFI t=141551 a=-3652,-752,1931 g=-6,-2,-4
WFI t=141601 a=-3654,-765,1918 g=-2,-1,-6
WFI t=141651 a=-3659,-772,1934 g=-3,-1,-5
WFI t=141702 a=-3661,-756,1927 g=-6,-1,-4
WFI t=141751 a=-3657,-773,1911 g=-2,-1,-3
WFI t=141801 a=-3659,-771,1916 g=-4,-1,-4
WFI t=141851 a=-3656,-765,1910 g=-1,0,-3
WFI t=141901 a=-3662,-761,1927 g=-3,0,-4
WFI t=141951 a=-3660,-759,1928 g=-6,-1,-3
WFI t=142001 a=-3673,-763,1925 g=-10,-3,-4
WFI t=142051 a=-3660,-770,1921 g=-1,-2,-5
WFR t=142101 src=bms type=0x02 len=129 data=d2037c0ee80ee80ee80ee80ee80ee80ee80ee90ee70ee80ee90ee90eec0eec0eec0eeb0eed0eed0eee0eed0eed0eee0eee0eee0eec0eee0eee0eee0000000000000000003d0000000000000000000000000000042d752f02ad0eee0ee7003d003d00000156001c0001001d0000000100010eea0007000a000000000000000082af
WFI t=142101 a=-3652,-758,1921 g=-8,-2,-6
WFI t=142151 a=-3658,-756,1923 g=-4,-2,-4
WFI t=142201 a=-3663,-765,1916 g=-7,-1,-3
WFI t=142251 a=-3665,-770,1927 g=-3,-1,-5
WFI t=142301 a=-3658,-762,1926 g=2,2,-4
WFI t=142351 a=-3652,-765,1918 g=-7,-1,-6
WFI t=142401 a=-3652,-774,1923 g=-3,0,-4
WFI t=142451 a=-3650,-774,1922 g=-4,-2,-3
WFI t=142502 a=-3663,-767,1931 g=-1,-1,-4
WFI t=142666 a=-3665,-764,1941 g=-7,-1,-4
WFI t=142669 a=-3660,-770,1926 g=-2,0,-4
WFI t=142671 a=-3650,-762,1913 g=-4,1,-3
WFT t=142694 batt_mv=4188 rssi_mcu=0 rssi_bms=-83 mcu=0 bms=106 dropped=0
WFI t=142701 a=-3650,-760,1921 g=-4,-1,-4
WFI t=142751 a=-3663,-769,1924 g=-5,-1,-5
WFI t=142802 a=-3656,-759,1930 g=3,1,-5
WFI t=142851 a=-3651,-762,1924 g=-6,-3,-4
WFI t=142901 a=-3645,-775,1930 g=-2,-2,-4
WFI t=142951 a=-3655,-782,1933 g=-2,-1,-5
WFI t=143001 a=-3663,-760,1926 g=-8,-1,-5
WFI t=143051 a=-3658,-776,1925 g=-8,-2,-3
WFI t=143102 a=-3674,-755,1933 g=-4,-1,-4
WFR t=143106 src=bms type=0x02 len=129 data=d2037c0ee80ee80ee80ee80ee80ee80ee80ee90ee70ee80ee90ee90eec0eec0eec0eeb0eed0eed0eee0eed0eed0eee0eee0eee0eec0eee0eee0eed0000000000000000003d0000000000000000000000000000042d752f02ad0eee0ee7003d003d00000156001c0001001d0000000100010eea0007000a0000000000000000939c
WFI t=143151 a=-3653,-763,1922 g=-5,0,-4
WFI t=143201 a=-3655,-753,1912 g=-2,-1,-5
WFI t=143252 a=-3663,-761,1933 g=-6,-3,-4
WFI t=143301 a=-3658,-769,1921 g=-2,-1,-4
WFI t=143351 a=-3652,-762,1918 g=-4,-1,-4
WFI t=143401 a=-3669,-770,1921 g=0,0,-5
WFI t=143451 a=-3666,-759,1921 g=0,0,-3
WFI t=143501 a=-3665,-775,1924 g=-4,-1,-3
WFI t=143551 a=-3664,-763,1930 g=-6,-1,-5
WFI t=143601 a=-3657,-769,1927 g=-4,-3,-3
WFI t=143651 a=-3661,-764,1920 g=0,-2,-4
WFI t=143701 a=-3667,-764,1934 g=-7,-1,-3
WFI t=143751 a=-3669,-762,1918 g=-3,-2,-4
WFI t=143801 a=-3667,-759,1935 g=-4,0,-4
WFI t=143852 a=-3658,-767,1921 g=-4,0,-5
WFI t=143901 a=-3653,-775,1931 g=-1,-2,-4
WFI t=143951 a=-3662,-763,1920 g=-4,-1,-4
WFI t=144002 a=-3661,-766,1915 g=-5,-2,-4
WFI t=144051 a=-3670,-758,1929 g=-5,-1,-4
WFI t=144101 a=-3658,-765,1936 g=-5,-2,-5
WFR t=144111 src=bms type=0x02 len=129 data=d2037c0ee80ee80ee80ee80ee80ee80ee80ee90ee70ee80ee80ee90eec0eec0eec0eeb0eed0eed0eed0eed0eed0eee0eee0eee0eec0eee0eed0eee0000000000000000003d0000000000000000000000000000042d752f02ad0eee0ee7003d003d00000156001c0001001d0000000100010eea0007000a0000000000000000d101
WFI t=144151 a=-3660,-756,1925 g=-3,-1,-3
WFI t=144201 a=-3664,-761,1915 g=-3,0,-4
WFI t=144251 a=-3659,-761,1921 g=-3,-1,-4
WFI t=144301 a=-3650,-768,1929 g=-7,-1,-5
WFI t=144351 a=-3658,-758,1927 g=-4,-1,-4
WFI t=144401 a=-3662,-777,1924 g=-5,1,-4
WFI t=144451 a=-3657,-776,1921 g=-7,-1,-5
WFI t=144501 a=-3657,-759,1924 g=-1,-1,-5
WFI t=144649 a=-3653,-774,1932 g=-2,-2,-4
WFI t=144664 a=-3651,-775,1928 g=-3,-2,-5
WFI t=144666 a=-3664,-767,1920 g=-5,-1,-4
WFI t=144701 a=-3654,-766,1927 g=0,-1,-4
WFI t=144751 a=-3660,-756,1924 g=0,-2,-4
WFI t=144801 a=-3662,-755,1927 g=-2,-2,-4
WFI t=144851 a=-3657,-765,1927 g=-4,0,-5
WFI t=144902 a=-3668,-775,1927 g=-4,0,-5
WFI t=144951 a=-3668,-772,1930 g=-2,-1,-5
WFI t=145001 a=-3660,-757,1922 g=-2,1,-4
WFI t=145051 a=-3660,-777,1929 g=-7,-2,-6
WFI t=145101 a=-3652,-764,1922 g=-7,0,-4
WFR t=145116 src=bms type=0x02 len=129 data=d2037c0ee80ee70ee80ee80ee80ee80ee90ee90ee70ee80ee90ee90eec0eec0eed0eeb0eec0eec0eee0eed0eed0eed0eee0eee0eec0eed0eed0eed0000000000000000003d0000000000000000000000000000042d752f02ad0eee0ee7003d003d00000156001c0001001d0000000100010eea0007000a0000000000000000a4fd
WFI t=145151 a=-3656,-761,1918 g=-2,-2,-5
WFI t=145201 a=-3667,-760,1925 g=-2,0,-4
WFI t=145251 a=-3649,-746,1933 g=-7,-2,-3
WFI t=145301 a=-3657,-759,1910 g=-2,-3,-5
WFI t=145351 a=-3672,-763,1927 g=-2,-1,-5
WFI t=145401 a=-3659,-760,1928 g=-7,0,-4
WFI t=145451 a=-3659,-753,1917 g=-8,-1,-6
WFI t=145501 a=-3667,-757,1918 g=0,-1,-4
WFI t=145551 a=-3659,-759,1917 g=-1,0,-4
WFI t=145601 a=-3651,-767,1926 g=2,-1,-5
WFI t=145651 a=-3667,-759,1924 g=-2,-2,-4
WFI t=145701 a=-3652,-759,1920 g=-8,-1,-3
WFI t=145751 a=-3647,-770,1914 g=-3,0,-4
WFI t=145801 a=-3663,-759,1932 g=-1,1,-4
WFI t=145851 a=-3655,-751,1918 g=-1,0,-3
WFI t=145916 a=-3662,-762,1923 g=-5,-1,-5
WFI t=145952 a=-3657,-772,1928 g=-5,-2,-5
WFI t=146001 a=-3660,-767,1934 g=-5,-2,-4
WFI t=146051 a=-3649,-765,1920 g=-2,-1,-4
WFI t=146101 a=-3649,-762,1921 g=-3,-2,-4
WFR t=146121 src=bms type=0x02 len=129 data=d2037c0ee80ee70ee80ee80ee80ee80ee80ee90ee70ee80ee90ee90eec0eec0eec0eeb0eec0eed0eee0eed0eed0eee0eee0eee0eec0eee0eed0eed0000000000000000003d0000000000000000000000000000042d752f02ad0eee0ee7003d003d00000156001c0001001d0000000100010eea0007000a000000000000000062ed
WFI t=146151 a=-3647,-766,1923 g=-5,1,-4
WFI t=146201 a=-3660,-764,1929 g=0,0,-4
WFI t=146251 a=-3656,-755,1924 g=1,-1,-3
WFI t=146301 a=-3665,-774,1915 g=-5,-2,-4
WFI t=146351 a=-3655,-766,1920 g=-2,0,-3
WFI t=146401 a=-3658,-771,1920 g=-3,-2,-5
WFI t=146451 a=-3669,-773,1929 g=-5,-1,-4
WFI t=146501 a=-3653,-762,1937 g=-7,-1,-4
WFI t=146711 a=-3653,-769,1926 g=-2,1,-5
WFI t=146807 a=-3651,-769,1922 g=-3,-1,-3
WFI t=146823 a=-3657,-761,1923 g=-4,0,-5
WFI t=146825 a=-3662,-758,1918 g=-3,-1,-4
WFI t=146827 a=-3654,-762,1927 g=-4,-2,-4
WFI t=146829 a=-3654,-762,1927 g=-4,-2,-4
WFI t=146851 a=-3652,-760,1927 g=-3,-1,-4
WFI t=146901 a=-3657,-755,1926 g=-6,-2,-4
WFI t=146951 a=-3658,-770,1921 g=-7,0,-3
WFI t=147001 a=-3662,-774,1918 g=-2,-2,-4
WFI t=147051 a=-3652,-766,1927 g=-2,-2,-5
WFI t=147101 a=-3656,-769,1922 g=-2,0,-3
WFR t=147141 src=bms type=0x02 len=129 data=d2037c0ee80ee80ee80ee80ee80ee80ee80ee90ee70ee80ee80ee90eec0eec0eed0eeb0eed0eed0eee0eed0eed0eee0eee0eee0eec0eee0eed0eed0000000000000000003d0000000000000000000000000000042d752f02ad0eee0ee7003d003d00000156001c0001001d0000000100010eea0007000a00000000000000005458
WFI t=147152 a=-3647,-762,1920 g=-2,-2,-5
WFI t=147201 a=-3666,-755,1923 g=1,-1,-3
WFI t=147251 a=-3665,-764,1924 g=-2,-2,-5
WFI t=147301 a=-3657,-756,1929 g=-2,0,-5
WFI t=147351 a=-3659,-766,1922 g=-6,0,-4
WFI t=147401 a=-3657,-768,1917 g=-5,-2,-4
WFI t=147451 a=-3675,-763,1918 g=1,-2,-4
WFI t=147501 a=-3656,-756,1925 g=0,0,-6
WFI t=147551 a=-3657,-770,1920 g=-1,0,-5
WFI t=147601 a=-3666,-757,1923 g=-5,-2,-5
WFI t=147651 a=-3655,-771,1923 g=-7,-2,-3
WFI t=147701 a=-3668,-763,1923 g=-1,-2,-4
WFT t=147730 batt_mv=4188 rssi_mcu=0 rssi_bms=-80 mcu=0 bms=111 dropped=0
WFI t=147752 a=-3651,-774,1926 g=-4,-1,-5
WFI t=147801 a=-3654,-767,1927 g=-2,-1,-4
WFI t=147851 a=-3662,-757,1918 g=-3,0,-3
WFI t=147901 a=-3666,-768,1927 g=1,0,-4
WFI t=147951 a=-3667,-765,1925 g=-6,-1,-4
WFI t=148001 a=-3649,-762,1924 g=-4,0,-4
WFI t=148051 a=-3659,-763,1918 g=-3,-1,-5
WFI t=148101 a=-3657,-761,1923 g=-2,-1,-4
WFR t=148146 src=bms type=0x02 len=129 data=d2037c0ee80ee70ee90ee80ee90ee80ee90ee90ee70ee80ee80ee90eec0eec0eed0eeb0eed0eed0eed0eed0eed0eee0eee0eee0eec0eee0eed0eed0000000000000000003d0000000000000000000000000000042d752f02ad0eee0ee7003d003d00000156001c0001001d0000000100010eea0007000a000000000000000079e7
WFI t=148151 a=-3662,-762,1915 g=-3,-2,-3
WFI t=148201 a=-3659,-762,1910 g=-4,-3,-5
WFI t=148251 a=-3665,-747,1923 g=0,-1,-5
WFI t=148301 a=-3665,-771,1918 g=-4,-2,-5
WFI t=148351 a=-3660,-755,1924 g=-4,-1,-4
WFI t=148401 a=-3652,-768,1933 g=-5,-2,-6
WFI t=148451 a=-3651,-767,1922 g=-3,-1,-4
WFI t=148501 a=-3665,-765,1921 g=-4,-1,-4
WFI t=148584 a=-3660,-760,1930 g=-6,-1,-5
WFI t=148676 a=-3654,-762,1928 g=-1,0,-4
WFI t=148678 a=-3658,-755,1929 g=2,0,-5
WFI t=148701 a=-3669,-764,1924 g=-4,-2,-4
WFI t=148751 a=-3664,-769,1930 g=-1,-2,-3
WFI t=148801 a=-3663,-761,1928 g=-3,-2,-3
WFI t=148851 a=-3659,-761,1925 g=1,1,-4
WFI t=148901 a=-3650,-759,1934 g=-5,0,-4
WFI t=148952 a=-3651,-766,1934 g=-4,-1,-4
WFI t=149001 a=-3673,-766,1927 g=-3,-1,-4
WFI t=149051 a=-3664,-759,1918 g=-6,-1,-5
WFI t=149101 a=-3665,-759,1924 g=0,0,-5
WFI t=149151 a=-3663,-768,1928 g=-4,0,-4
WFI t=149201 a=-3653,-764,1928 g=0,0,-3
WFI t=149251 a=-3663,-776,1918 g=-8,-1,-5
WFI t=149301 a=-3665,-757,1922 g=3,1,-4
WFI t=149351 a=-3648,-757,1915 g=-8,-1,-6
WFI t=149401 a=-3656,-761,1925 g=-2,-1,-5
WFI t=149451 a=-3656,-771,1928 g=-6,0,-3
WFI t=149501 a=-3664,-770,1916 g=2,-1,-3
WFI t=149551 a=-3660,-771,1925 g=1,2,-5
WFI t=149601 a=-3647,-764,1927 g=-3,-1,-4
WFI t=149651 a=-3652,-766,1924 g=-4,0,-5
WFI t=149701 a=-3665,-774,1918 g=-6,-2,-3
WFI t=149751 a=-3654,-768,1920 g=-4,0,-4
WFI t=149801 a=-3656,-760,1924 g=-4,0,-4
WFI t=149851 a=-3660,-762,1925 g=-5,1,-4
WFI t=149901 a=-3667,-760,1913 g=2,-3,-4
WFI t=149951 a=-3658,-767,1922 g=1,1,-4
WFI t=150001 a=-3642,-758,1925 g=-3,0,-6
WFI t=150051 a=-3662,-760,1926 g=-4,-2,-4
WFI t=150101 a=-3652,-765,1917 g=-8,-2,-3
WFI t=150151 a=-3660,-757,1916 g=-3,0,-4
WFI t=150201 a=-3662,-769,1927 g=0,-1,-5
WFI t=150251 a=-3657,-754,1929 g=0,-1,-3
WFI t=150301 a=-3654,-757,1934 g=-4,-3,-4
WFI t=150351 a=-3662,-769,1930 g=-6,-2,-4
WFI t=150401 a=-3652,-763,1922 g=-7,0,-5
WFI t=150451 a=-3660,-771,1922 g=-6,0,-6
WFI t=150501 a=-3658,-764,1917 g=-1,0,-4
WFI t=150551 a=-3646,-766,1926 g=-4,-2,-5
WFI t=150630 a=-3663,-744,1923 g=-2,-1,-5
WFI t=150651 a=-3652,-760,1926 g=-2,-3,-5
WFI t=150767 a=-3658,-762,1920 g=-3,0,-4
WFI t=150770 a=-3662,-769,1916 g=-2,-2,-2
WFI t=150801 a=-3657,-765,1920 g=-6,-3,-4
WFI t=150851 a=-3657,-769,1918 g=-8,0,-5
WFI t=150901 a=-3650,-762,1918 g=-4,0,-5
WFI t=150951 a=-3647,-772,1926 g=-3,0,-5
WFI t=151001 a=-3645,-773,1921 g=0,-1,-4
WFI t=151051 a=-3661,-753,1927 g=-6,-2,-4
WFI t=151101 a=-3660,-754,1925 g=-7,0,-4
WFI t=151151 a=-3651,-772,1926 g=-2,0,-4
WFI t=151201 a=-3656,-772,1923 g=-3,-2,-4
WFI t=151251 a=-3672,-765,1918 g=-6,-1,-3
WFI t=151301 a=-3658,-757,1925 g=-2,-1,-4
WFI t=151351 a=-3652,-757,1922 g=-3,-2,-4
WFI t=151401 a=-3660,-766,1930 g=-5,0,-2
WFI t=151451 a=-3662,-762,1932 g=-7,-1,-5
WFI t=151501 a=-3659,-764,1937 g=-1,-1,-5
WFI t=151551 a=-3652,-766,1921 g=0,-1,-5
WFI t=151601 a=-3651,-768,1918 g=-6,0,-3
WFI t=151651 a=-3657,-767,1931 g=-5,1,-4
WFI t=151701 a=-3639,-756,1918 g=2,1,-3
WFI t=151751 a=-3666,-761,1926 g=0,1,-3
WFI t=151801 a=-3671,-761,1931 g=-1,-1,-6
WFI t=151851 a=-3657,-759,1927 g=0,-2,-4
WFI t=151901 a=-3656,-765,1918 g=-5,-2,-4
WFI t=151951 a=-3657,-779,1923 g=-7,0,-4
WFI t=152001 a=-3647,-769,1923 g=-5,-1,-3
WFI t=152051 a=-3650,-763,1932 g=-4,-1,-4
WFI t=152101 a=-3664,-760,1921 g=-1,0,-4
WFI t=152151 a=-3653,-757,1924 g=-3,-2,-4
WFI t=152201 a=-3669,-754,1923 g=-7,-1,-5
WFI t=152251 a=-3659,-757,1918 g=-3,-1,-4
WFI t=152301 a=-3651,-767,1917 g=2,0,-4
WFI t=152351 a=-3648,-765,1926 g=1,0,-5
WFI t=152401 a=-3658,-761,1923 g=-5,-1,-3
WFI t=152451 a=-3661,-770,1917 g=1,1,-4
WFI t=152501 a=-3662,-763,1926 g=-3,0,-3
WFI t=152551 a=-3653,-760,1925 g=-2,-1,-3
WFI t=152709 a=-3660,-768,1924 g=1,-1,-4
WFI t=152711 a=-3660,-769,1912 g=-1,-2,-4
WFI t=152713 a=-3660,-769,1912 g=-1,-2,-4
WFI t=152751 a=-3667,-769,1928 g=-2,0,-3
WFT t=152760 batt_mv=4186 rssi_mcu=0 rssi_bms=-84 mcu=0 bms=112 dropped=0
WFI t=152801 a=-3664,-773,1925 g=1,0,-4
WFI t=152851 a=-3651,-765,1923 g=-2,-1,-5
WFI t=152901 a=-3651,-756,1918 g=-2,0,-4
WFI t=152951 a=-3662,-759,1931 g=-7,-1,-4
WFI t=153001 a=-3657,-762,1920 g=-7,-2,-4
WFI t=153051 a=-3657,-770,1929 g=0,0,-5
WFI t=153101 a=-3661,-764,1918 g=-3,-1,-4
WFI t=153151 a=-3664,-761,1921 g=-4,-1,-4
WFI t=153201 a=-3658,-757,1918 g=1,-1,-5
WFI t=153251 a=-3669,-772,1929 g=-9,-1,-4
WFI t=153301 a=-3665,-774,1913 g=1,-1,-4
WFI t=153351 a=-3651,-763,1925 g=-7,-2,-5
WFI t=153401 a=-3649,-767,1922 g=1,-1,-2
WFI t=153451 a=-3663,-757,1930 g=4,-2,-4
WFI t=153501 a=-3645,-754,1922 g=0,-3,-4
WFI t=153551 a=-3655,-764,1930 g=-3,-2,-4
WFI t=153601 a=-3669,-769,1923 g=-1,0,-4
WFI t=153651 a=-3654,-754,1930 g=-1,0,-3
WFI t=153701 a=-3650,-766,1925 g=-7,-2,-5
WFI t=153751 a=-3659,-775,1927 g=0,-3,-4
WFI t=153801 a=-3653,-763,1912 g=-5,1,-4
WFI t=153851 a=-3664,-769,1922 g=-4,-2,-5
WFI t=153901 a=-3661,-761,1928 g=-6,-2,-5
WFI t=153951 a=-3657,-749,1928 g=-1,0,-4
WFI t=154001 a=-3648,-767,1932 g=-4,-2,-4
WFI t=154051 a=-3659,-770,1943 g=3,-1,-3
WFI t=154101 a=-3662,-766,1920 g=-8,0,-5
WFI t=154151 a=-3662,-757,1932 g=1,-2,-5
WFI t=154201 a=-3641,-772,1929 g=-5,-1,-5
WFI t=154251 a=-3660,-768,1925 g=0,0,-4
WFI t=154301 a=-3660,-764,1934 g=-4,-1,-6
WFI t=154352 a=-3653,-772,1917 g=-5,-1,-4
WFI t=154401 a=-3662,-759,1923 g=-5,1,-5
WFI t=154451 a=-3651,-764,1918 g=-4,-1,-6
WFI t=154502 a=-3650,-768,1912 g=-6,-4,-5
WFI t=154551 a=-3664,-771,1925 g=-9,-1,-5
WFI t=154695 a=-3659,-771,1921 g=-5,1,-4
WFI t=154710 a=-3654,-768,1931 g=-7,-1,-4
WFI t=154712 a=-3667,-752,1921 g=-3,0,-4
WFI t=154751 a=-3658,-754,1931 g=-10,0,-5
WFI t=154801 a=-3660,-770,1922 g=-4,-1,-4
WFI t=154851 a=-3661,-767,1918 g=-6,0,-5
WFI t=154901 a=-3659,-772,1926 g=0,-2,-4
WFI t=154952 a=-3664,-774,1925 g=-9,-2,-4
WFI t=155001 a=-3672,-765,1933 g=-3,1,-4
WFI t=155051 a=-3666,-772,1911 g=-6,-1,-5
WFI t=155102 a=-3650,-766,1924 g=-6,0,-4
WFI t=155151 a=-3656,-760,1929 g=-3,-2,-5
WFI t=155201 a=-3659,-772,1934 g=-1,-2,-5
WFI t=155251 a=-3654,-766,1918 g=-3,-1,-3
WFI t=155301 a=-3658,-758,1921 g=-3,-1,-3
WFI t=155351 a=-3656,-751,1918 g=-6,-1,-3
WFI t=155401 a=-3656,-761,1925 g=2,-1,-4
WFI t=155451 a=-3662,-762,1931 g=0,1,-5
WFI t=155501 a=-3665,-776,1917 g=0,0,-5
WFI t=155551 a=-3653,-764,1925 g=-1,-2,-4
WFI t=155601 a=-3664,-774,1925 g=-8,-2,-4
WFI t=155651 a=-3660,-764,1920 g=0,-1,-4
WFI t=155713 a=-3652,-761,1924 g=-1,-1,-5
WFI t=155751 a=-3658,-755,1933 g=-5,0,-4
WFI t=155801 a=-3668,-764,1929 g=-6,-1,-3
WFI t=155851 a=-3662,-765,1924 g=-6,-1,-5
WFI t=155901 a=-3645,-775,1916 g=-3,0,-5
WFI t=155951 a=-3646,-759,1916 g=1,0,-5
WFI t=156001 a=-3648,-763,1926 g=-8,0,-5
WFI t=156051 a=-3665,-750,1923 g=-9,-3,-4
WFI t=156101 a=-3670,-770,1918 g=-2,0,-5
WFI t=156151 a=-3657,-749,1917 g=-5,-2,-6
WFI t=156201 a=-3660,-766,1927 g=1,-3,-5
WFI t=156251 a=-3656,-762,1926 g=-2,-1,-4
WFI t=156301 a=-3650,-765,1926 g=-2,-2,-5
WFI t=156351 a=-3658,-774,1927 g=-1,-2,-5
WFI t=156401 a=-3667,-761,1921 g=-11,-2,-4
WFI t=156451 a=-3657,-754,1931 g=-3,-1,-5
WFI t=156501 a=-3647,-755,1928 g=-5,-1,-4
WFI t=156551 a=-3651,-766,1916 g=-3,-1,-3
WFI t=156685 a=-3661,-768,1920 g=-5,-2,-4
WFI t=156768 a=-3657,-767,1932 g=-3,-1,-4
WFI t=156866 a=-3658,-763,1941 g=-3,0,-4
WFI t=156868 a=-3659,-758,1921 g=-4,-1,-4
WFI t=156870 a=-3659,-758,1921 g=-4,-1,-4
WFI t=156872 a=-3667,-765,1911 g=-4,0,-4
WFI t=156901 a=-3660,-768,1917 g=-2,-1,-4
WFI t=156951 a=-3658,-766,1933 g=-6,-3,-5
WFI t=157001 a=-3658,-756,1914 g=-3,-2,-4
WFI t=157051 a=-3662,-760,1913 g=-4,-4,-3
WFI t=157101 a=-3654,-760,1913 g=-4,-1,-3
WFI t=157151 a=-3663,-753,1920 g=0,-1,-4
WFI t=157201 a=-3656,-769,1932 g=-5,-4,-5
WFI t=157251 a=-3652,-757,1910 g=-5,-1,-4
WFI t=157301 a=-3657,-763,1922 g=1,-1,-4
WFI t=157351 a=-3655,-754,1925 g=1,-1,-3
WFI t=157401 a=-3654,-767,1917 g=2,0,-4
WFI t=157451 a=-3655,-769,1921 g=-3,-2,-4
WFI t=157501 a=-3658,-756,1927 g=-4,-1,-4
WFI t=157551 a=-3660,-777,1923 g=-1,-1,-4
WFI t=157601 a=-3662,-759,1914 g=-7,-1,-5
WFI t=157651 a=-3652,-760,1915 g=-7,-2,-4
WFI t=157701 a=-3655,-763,1913 g=-5,-2,-3
WFI t=157751 a=-3658,-769,1913 g=-4,1,-5
WFI t=157801 a=-3658,-758,1928 g=-9,1,-5
WFI t=157851 a=-3644,-774,1928 g=-3,1,-4
WFT t=157856 batt_mv=4188 rssi_mcu=0 rssi_bms=-82 mcu=0 bms=112 dropped=0
WFI t=157901 a=-3664,-768,1923 g=-4,-2,-2
WFI t=157951 a=-3661,-761,1922 g=-8,-2,-3
WFI t=158001 a=-3660,-768,1916 g=0,-1,-5
WFI t=158051 a=-3668,-754,1917 g=-5,-1,-5
WFI t=158102 a=-3653,-753,1921 g=-2,-1,-4
WFI t=158151 a=-3657,-769,1920 g=-2,0,-4
WFI t=158201 a=-3674,-767,1915 g=-1,1,-4
WFI t=158251 a=-3650,-766,1924 g=-5,-1,-5
WFE t=158262 bms stale, no frame for 10114 ms, dropping link
WFE t=158275 bms link down (stale) after 28 answers in 37892 ms, writes=38 err=0 silent=10 bytes=3612
WFE t=158286 bms disconnected reason=534
WFI t=158301 a=-3672,-773,1925 g=-6,-1,-4
WFI t=158351 a=-3665,-762,1917 g=-2,-1,-4
WFI t=158401 a=-3672,-773,1915 g=-7,-3,-4
WFI t=158451 a=-3660,-761,1916 g=-7,-1,-5
WFI t=158501 a=-3648,-761,1930 g=-7,-2,-4
WFI t=158551 a=-3652,-761,1918 g=-5,-1,-5
WFI t=158640 a=-3642,-769,1918 g=-2,-1,-3
WFI t=158737 a=-3659,-775,1921 g=-3,0,-3
WFI t=158740 a=-3667,-760,1922 g=-8,-1,-4
WFI t=158751 a=-3661,-766,1924 g=-4,0,-3
WFI t=158801 a=-3652,-767,1918 g=-5,0,-4
WFI t=158851 a=-3649,-769,1925 g=0,1,-5
WFI t=158901 a=-3655,-767,1917 g=-5,-1,-4
WFI t=158951 a=-3653,-760,1915 g=-7,0,-4
WFI t=159001 a=-3648,-768,1911 g=-4,0,-3
WFI t=159051 a=-3666,-770,1907 g=-2,0,-5
WFI t=159101 a=-3653,-753,1907 g=-2,1,-4
WFI t=159151 a=-3656,-767,1924 g=0,-2,-4
WFI t=159201 a=-3658,-758,1920 g=-4,0,-4
WFI t=159251 a=-3652,-764,1903 g=-6,-1,-4
WFI t=159301 a=-3664,-763,1920 g=-4,-1,-5
WFI t=159351 a=-3652,-760,1914 g=-1,0,-3
WFI t=159401 a=-3656,-759,1920 g=0,-1,-4
WFI t=159451 a=-3654,-777,1911 g=-5,0,-4
WFI t=159501 a=-3660,-771,1926 g=-4,0,-5
WFI t=159551 a=-3649,-758,1914 g=-4,-1,-4
WFI t=159601 a=-3663,-764,1912 g=-5,-2,-3
WFI t=159651 a=-3657,-774,1910 g=-6,-1,-3
WFI t=159701 a=-3657,-768,1922 g=-3,-3,-4
WFI t=159751 a=-3650,-759,1913 g=-4,0,-5
WFI t=159801 a=-3656,-756,1921 g=-4,-1,-4
WFI t=159851 a=-3654,-758,1916 g=-7,0,-5
WFI t=159901 a=-3662,-756,1916 g=-3,0,-5
WFI t=159951 a=-3659,-771,1914 g=-5,-1,-5
WFI t=160001 a=-3665,-754,1904 g=-3,1,-4
WFI t=160051 a=-3658,-771,1912 g=-4,1,-4
WFI t=160101 a=-3657,-772,1913 g=-4,-3,-4
WFI t=160151 a=-3665,-748,1913 g=-1,1,-5
WFI t=160201 a=-3662,-767,1929 g=-7,-1,-4
WFI t=160251 a=-3659,-771,1929 g=0,-2,-3
WFI t=160301 a=-3662,-753,1926 g=-3,0,-4
WFI t=160351 a=-3660,-760,1913 g=-7,-2,-5
WFI t=160401 a=-3658,-770,1922 g=-3,-1,-3
WFI t=160451 a=-3667,-763,1926 g=-5,-1,-3
WFI t=160501 a=-3652,-771,1912 g=-5,-2,-4
WFI t=160551 a=-3654,-764,1912 g=-3,0,-4
WFI t=160652 a=-3654,-753,1915 g=-5,-1,-4
WFI t=160755 a=-3651,-752,1918 g=0,1,-3
WFI t=160757 a=-3672,-765,1918 g=3,-2,-3
WFI t=160759 a=-3672,-765,1918 g=3,-2,-3
WFI t=160801 a=-3671,-770,1927 g=6,-1,-4
WFI t=160851 a=-3653,-764,1924 g=-2,-1,-4
WFI t=160901 a=-3670,-753,1915 g=-4,-2,-4
WFI t=160951 a=-3657,-774,1918 g=3,-1,-3
WFI t=161001 a=-3669,-756,1921 g=-1,1,-3
WFI t=161051 a=-3655,-764,1921 g=1,0,-4
WFI t=161101 a=-3651,-761,1928 g=-6,0,-4
WFI t=161151 a=-3654,-773,1915 g=-3,0,-4
WFI t=161201 a=-3653,-760,1917 g=-2,-1,-4
WFI t=161251 a=-3662,-759,1927 g=-1,-1,-4
WFE t=161272 bms subscribed val=0x0010 cccd=0x0011 ctrl=0x0014 mtu=512 regs=62
WFE t=161273 bms conn itvl=80 latency=0 timeout=600
WFE t=161285 bms reconnected (attempt 4)
WFE t=161290 bms mtu event mtu=512
WFI t=161301 a=-3654,-767,1921 g=-3,0,-4
WFI t=161351 a=-3668,-773,1920 g=-3,-1,-4
WFE t=161373 bms conn update req itvl=12-12 latency=0 timeout=400 via=l2cap
WFI t=161401 a=-3665,-749,1926 g=1,0,-5
WFI t=161451 a=-3663,-758,1920 g=-5,-2,-5
WFI t=161501 a=-3661,-765,1927 g=1,0,-5
WFI t=161551 a=-3660,-763,1921 g=-6,0,-4
WFR t=161572 src=bms type=0x02 len=129 data=d2037c0ee80ee70ee80ee80ee80ee80ee80ee90ee70ee80ee90ee90eec0eec0eec0eeb0eec0eed0eee0eee0eed0eee0eee0eee0eec0eee0eed0eed0000000000000000003d0000000000000000000000000000042d753002ad0eee0ee7003d003d00000156001c0001001d0000000100010eea000700000000000000000000ec8f
WFI t=161601 a=-3651,-770,1917 g=-6,0,-3
WFI t=161651 a=-3660,-768,1925 g=-7,0,-6
WFI t=161701 a=-3652,-758,1930 g=-1,-1,-3
WFI t=161751 a=-3657,-759,1909 g=-1,0,-3
WFI t=161801 a=-3663,-762,1929 g=0,1,-3
WFI t=161851 a=-3659,-766,1925 g=-2,-1,-5
WFI t=161901 a=-3653,-766,1929 g=-7,-2,-5
WFI t=161951 a=-3648,-761,1927 g=-6,-1,-5
WFI t=162001 a=-3658,-769,1934 g=-3,-3,-5
WFI t=162051 a=-3672,-759,1933 g=-6,0,-4
WFE t=162072 bms conn update status=0 itvl=12 latency=0 timeout=400
WFI t=162101 a=-3657,-765,1930 g=-3,0,-4
WFI t=162151 a=-3658,-774,1931 g=-1,-1,-5
WFI t=162201 a=-3672,-761,1924 g=-5,0,-4
WFI t=162251 a=-3658,-768,1922 g=0,0,-4
WFI t=162301 a=-3661,-774,1916 g=-5,0,-5
WFI t=162351 a=-3662,-769,1927 g=0,2,-4
WFI t=162401 a=-3655,-761,1918 g=-4,-2,-4
WFI t=162451 a=-3663,-770,1920 g=-4,-2,-6
WFI t=162501 a=-3648,-756,1922 g=-7,1,-4
WFI t=162551 a=-3648,-769,1935 g=-2,-3,-4
WFI t=162601 a=-3664,-763,1934 g=-4,0,-4
WFI t=162753 a=-3643,-761,1918 g=-4,-1,-4
WFI t=162768 a=-3662,-765,1928 g=-4,0,-3
WFR t=162769 src=bms type=0x02 len=129 data=d2037c0ee80ee80ee80ee80ee80ee80ee90ee90ee70ee80ee80ee90eec0eec0eec0eeb0eec0eed0eee0eed0eed0eee0eee0eee0eec0eee0eed0eed0000000000000000003d0000000000000000000000000000042d753002ad0eee0ee7003d003d00000156001c0001001d0000000100010eea0007000000000000000000008ae9
WFI t=162770 a=-3677,-756,1925 g=-1,0,-4
WFI t=162801 a=-3661,-768,1921 g=-7,-1,-4
WFI t=162851 a=-3661,-767,1918 g=-6,1,-4
WFI t=162901 a=-3655,-756,1938 g=-2,-1,-5
WFI t=162951 a=-3659,-750,1926 g=-3,-1,-5
WFT t=162954 batt_mv=4174 rssi_mcu=0 rssi_bms=-84 mcu=0 bms=114 dropped=0
WFI t=163001 a=-3660,-755,1922 g=0,-2,-4
WFI t=163051 a=-3654,-766,1916 g=-4,-2,-4
WFI t=163101 a=-3663,-767,1930 g=2,0,-3
WFI t=163151 a=-3665,-776,1915 g=-8,0,-6
WFI t=163201 a=-3662,-771,1914 g=1,-1,-3
WFI t=163251 a=-3655,-765,1932 g=-7,0,-4
WFI t=163301 a=-3654,-775,1921 g=-10,-2,-4
WFI t=163351 a=-3654,-772,1914 g=-8,-1,-4
WFI t=163401 a=-3656,-756,1920 g=-3,1,-3
WFI t=163451 a=-3669,-759,1930 g=-6,1,-4
WFI t=163501 a=-3656,-765,1931 g=-1,1,-4
WFI t=163551 a=-3658,-758,1926 g=-5,-2,-4
WFI t=163601 a=-3646,-763,1918 g=-3,-1,-3
WFI t=163651 a=-3655,-768,1930 g=-1,-1,-5
WFI t=163701 a=-3665,-757,1935 g=-5,-2,-4
WFI t=163751 a=-3657,-768,1921 g=-5,-3,-3
WFR t=163767 src=bms type=0x02 len=129 data=d2037c0ee80ee70ee80ee80ee80ee80ee80ee80ee70ee80ee80ee90eec0eec0eec0eeb0eed0eed0eee0eed0eed0eed0eee0eee0eec0eee0eed0eed0000000000000000003d0000000000000000000000000000042d752f02ad0eee0ee7003d003d00000156001c0001001d0000000100010eea0007000a000000000000000009f0
WFI t=163801 a=-3654,-764,1931 g=-7,0,-2
WFI t=163851 a=-3661,-765,1923 g=-1,0,-3
WFI t=163901 a=-3662,-761,1915 g=-2,0,-4
WFI t=163951 a=-3641,-770,1918 g=-1,0,-3
WFI t=164001 a=-3655,-773,1934 g=0,-1,-4
WFI t=164051 a=-3654,-762,1931 g=-5,0,-4
WFI t=164101 a=-3649,-758,1933 g=-4,-1,-3
WFI t=164151 a=-3646,-764,1915 g=-2,-1,-5
WFI t=164201 a=-3654,-765,1924 g=-2,-2,-6
WFI t=164251 a=-3659,-765,1922 g=-6,-1,-4
WFI t=164301 a=-3668,-764,1930 g=-5,-2,-4
WFI t=164351 a=-3660,-762,1932 g=-1,1,-5
WFI t=164401 a=-3655,-758,1930 g=-4,0,-4
WFI t=164451 a=-3643,-771,1938 g=-5,0,-5
WFI t=164501 a=-3658,-760,1925 g=-7,-3,-4
WFI t=164551 a=-3668,-769,1914 g=0,-2,-4
WFI t=164671 a=-3657,-761,1911 g=-2,0,-6
WFI t=164742 a=-3654,-764,1925 g=-6,1,-3
WFI t=164829 a=-3649,-762,1926 g=-3,2,-3
WFR t=164926 src=bms type=0x02 len=129 data=d2037c0ee80ee70ee80ee80ee80ee80ee80ee90ee70ee80ee90ee90eec0eec0eec0eeb0eed0eed0eee0eed0eed0eee0eee0eee0eec0eed0eed0eed0000000000000000003d0000000000000000000000000000042d752f02ad0eee0ee7003d003d00000156001c0001001d0000000100010eea0007000a00000000000000002b1e
WFI t=164927 a=-3667,-767,1923 g=-5,-3,-5
WFI t=164928 a=-3649,-768,1914 g=-4,-2,-3
WFI t=164930 a=-3649,-768,1914 g=-4,-2,-3
WFI t=164932 a=-3649,-768,1914 g=-4,-2,-3
WFI t=164951 a=-3649,-760,1920 g=-4,-1,-3
WFI t=165001 a=-3663,-758,1915 g=-4,-1,-4
WFI t=165051 a=-3653,-766,1920 g=-2,0,-2
WFI t=165101 a=-3667,-778,1923 g=-6,-1,-5
WFI t=165151 a=-3648,-757,1944 g=-9,-2,-6
WFI t=165201 a=-3652,-767,1928 g=-4,-1,-3
WFI t=165251 a=-3647,-762,1918 g=-2,-1,-4
WFI t=165301 a=-3654,-763,1923 g=-3,0,-4
WFI t=165351 a=-3657,-766,1914 g=-5,-1,-4
WFI t=165401 a=-3664,-767,1921 g=0,0,-3
WFI t=165451 a=-3653,-761,1931 g=-7,-1,-3
WFI t=165501 a=-3659,-761,1928 g=-2,-1,-4
WFI t=165552 a=-3657,-763,1920 g=-3,-1,-5
WFI t=165601 a=-3673,-769,1917 g=0,1,-4
WFI t=165651 a=-3664,-771,1924 g=-3,-1,-4
WFI t=165701 a=-3650,-763,1918 g=-5,-2,-5
WFI t=165751 a=-3655,-762,1921 g=-2,-1,-3
WFI t=165801 a=-3660,-765,1925 g=-8,-2,-5
WFR t=165822 src=bms type=0x02 len=129 data=d2037c0ee80ee70ee80ee80ee80ee80ee80ee90ee70ee80ee90ee90eec0eec0eec0eeb0eed0eec0eee0eed0eed0eee0eee0eee0eec0eee0eed0eed0000000000000000003d0000000000000000000000000000042d752f02ad0eee0ee7003d003d00000156001c0001001d0000000100010eea0007000a0000000000000000722c
WFI t=165852 a=-3653,-766,1923 g=-1,0,-4
WFI t=165901 a=-3659,-766,1917 g=-6,-1,-4
WFI t=165951 a=-3651,-767,1923 g=-3,-1,-4
WFI t=166001 a=-3663,-759,1932 g=-3,-1,-4
WFI t=166051 a=-3648,-761,1934 g=-6,-1,-3
WFI t=166101 a=-3660,-765,1918 g=-7,-2,-5
WFI t=166151 a=-3655,-765,1911 g=-1,1,-4
WFI t=166201 a=-3662,-760,1922 g=0,-1,-4
WFI t=166251 a=-3657,-772,1933 g=-1,-2,-4
WFI t=166301 a=-3660,-764,1934 g=-3,-1,-5
WFI t=166351 a=-3669,-750,1935 g=-7,-2,-4
WFI t=166401 a=-3648,-771,1911 g=-2,-1,-5
WFI t=166451 a=-3656,-764,1927 g=0,1,-3
WFI t=166501 a=-3659,-763,1930 g=1,-1,-4
WFI t=166551 a=-3669,-760,1923 g=-2,-2,-5
WFI t=166601 a=-3653,-772,1934 g=1,-1,-4
WFI t=166770 a=-3655,-767,1936 g=-6,-2,-4
WFI t=166787 a=-3658,-756,1921 g=-2,0,-3
WFI t=166789 a=-3658,-756,1921 g=-2,0,-3
WFI t=166801 a=-3666,-763,1917 g=-6,-2,-4
WFR t=166827 src=bms type=0x02 len=129 data=d2037c0ee80ee70ee80ee80ee80ee80ee80ee90ee70ee80ee80ee90eec0eec0eed0eeb0eed0eed0eee0eed0eed0eee0eee0eee0eec0eee0eed0eee0000000000000000003d0000000000000000000000000000042d752f02ad0eee0ee7003d003d00000156001c0001001d0000000100010eea0007000a0000000000000000449f
WFI t=166851 a=-3663,-757,1923 g=-3,-2,-3
WFI t=166901 a=-3668,-759,1924 g=-8,1,-5
WFI t=166951 a=-3659,-758,1925 g=-2,-2,-4
WFI t=167001 a=-3658,-771,1934 g=-2,-2,-5
WFI t=167051 a=-3654,-756,1922 g=1,-1,-4
WFI t=167101 a=-3656,-768,1924 g=-2,0,-5
WFI t=167151 a=-3664,-764,1918 g=-2,-1,-4
WFI t=167201 a=-3668,-765,1923 g=-6,0,-5
WFI t=167251 a=-3665,-763,1928 g=-2,-1,-5
WFI t=167301 a=-3652,-763,1918 g=1,-2,-5
WFI t=167351 a=-3666,-766,1917 g=-7,-1,-3
WFI t=167401 a=-3662,-758,1920 g=-2,-1,-5
WFI t=167451 a=-3665,-772,1916 g=0,-1,-5
WFI t=167501 a=-3666,-761,1921 g=4,-1,-4
WFI t=167551 a=-3654,-749,1917 g=-5,0,-5
WFI t=167601 a=-3663,-783,1923 g=-4,-2,-4
WFI t=167651 a=-3671,-763,1912 g=-1,-1,-5
WFI t=167701 a=-3665,-762,1923 g=-4,-2,-4
WFI t=167751 a=-3667,-771,1925 g=-4,-1,-4
WFI t=167801 a=-3658,-765,1917 g=-6,-1,-5
WFR t=167832 src=bms type=0x02 len=129 data=d2037c0ee80ee70ee80ee80ee80ee80ee90ee90ee70ee80ee90ee90eec0eec0eec0eeb0eec0eed0eee0eed0eed0eee0eee0eee0eec0eee0eed0eed0000000000000000003d0000000000000000000000000000042d752f02ad0eee0ee7003d003d00000156001c0001001d0000000100010eea0007000a0000000000000000141b
WFI t=167851 a=-3656,-768,1933 g=-4,1,-3
WFI t=167901 a=-3658,-773,1913 g=-1,0,-3
WFI t=167951 a=-3670,-762,1918 g=-7,-1,-3
WFI t=168001 a=-3664,-765,1914 g=-1,-2,-4
WFT t=168028 batt_mv=4188 rssi_mcu=0 rssi_bms=-83 mcu=0 bms=119 dropped=0
WFI t=168051 a=-3668,-764,1929 g=-4,-1,-4
WFI t=168101 a=-3661,-767,1928 g=-4,0,-5
WFI t=168151 a=-3657,-770,1935 g=-7,-2,-4
WFI t=168201 a=-3667,-759,1916 g=-8,-3,-4
WFI t=168251 a=-3664,-757,1932 g=-1,0,-5
WFI t=168301 a=-3654,-743,1926 g=1,-1,-3
WFI t=168351 a=-3656,-765,1924 g=-3,-1,-5
WFI t=168401 a=-3654,-760,1924 g=1,-1,-4
WFI t=168451 a=-3657,-766,1934 g=0,-1,-5
WFI t=168501 a=-3659,-763,1925 g=-1,-1,-5
WFI t=168551 a=-3654,-766,1931 g=-4,0,-4
WFI t=168601 a=-3649,-765,1923 g=-11,-2,-5
WFI t=168773 a=-3655,-767,1916 g=-5,-2,-5
WFI t=168790 a=-3668,-754,1931 g=-6,2,-5
WFI t=168792 a=-3654,-767,1915 g=-2,0,-4
WFI t=168801 a=-3665,-763,1917 g=-4,-1,-4
WFR t=168837 src=bms type=0x02 len=129 data=d2037c0ee80ee80ee80ee80ee80ee80ee80ee90ee70ee70ee80ee90eec0eec0eec0eeb0eed0eec0eee0eed0eed0eee0eee0eee0eec0eed0eee0eee0000000000000000003d0000000000000000000000000000042d752f02ad0eee0ee7003d003d00000156001c0001001d0000000100010eea0007000a0000000000000000a7ad
WFI t=168851 a=-3664,-759,1926 g=-3,-2,-4
WFI t=168901 a=-3657,-767,1924 g=-7,0,-5
WFI t=168951 a=-3662,-767,1922 g=-6,-1,-2
WFI t=169001 a=-3664,-755,1915 g=-3,-1,-3
WFI t=169051 a=-3658,-750,1918 g=-2,-1,-4
WFI t=169101 a=-3665,-761,1931 g=0,0,-4
WFI t=169151 a=-3653,-759,1918 g=-4,0,-3
WFI t=169201 a=-3659,-772,1918 g=1,-1,-4
WFI t=169251 a=-3657,-773,1926 g=-3,-1,-5
WFI t=169301 a=-3655,-762,1926 g=-2,-2,-5
WFI t=169351 a=-3653,-761,1920 g=-10,-3,-4
WFI t=169401 a=-3647,-761,1926 g=-3,-1,-3
WFI t=169451 a=-3659,-743,1931 g=-5,1,-5
WFI t=169501 a=-3655,-755,1923 g=0,-3,-4
WFI t=169551 a=-3662,-767,1934 g=-1,-1,-5
WFI t=169601 a=-3665,-774,1930 g=1,0,-5
WFI t=169651 a=-3658,-778,1935 g=0,0,-3
WFI t=169701 a=-3657,-773,1917 g=-4,-2,-3
WFI t=169751 a=-3655,-761,1933 g=-4,0,-4
WFI t=169801 a=-3662,-753,1924 g=-1,-2,-4
WFR t=169842 src=bms type=0x02 len=129 data=d2037c0ee80ee70ee80ee80ee80ee80ee90ee90ee70ee70ee80ee90eec0eec0eec0eeb0eec0eed0eee0eed0eed0eee0eee0eee0eec0eed0eed0eed0000000000000000003d0000000000000000000000000000042d752f02ad0eee0ee7003d003d00000156001c0001001d0000000100010eea0007000a00000000000000009d18
WFI t=169851 a=-3660,-762,1915 g=-7,-1,-4
WFI t=169901 a=-3665,-766,1920 g=-3,0,-2
WFI t=169951 a=-3652,-752,1915 g=-2,2,-4
WFI t=170001 a=-3654,-764,1928 g=0,0,-5
WFI t=170051 a=-3663,-774,1923 g=-3,0,-3
WFI t=170101 a=-3658,-777,1923 g=-1,-1,-3
WFI t=170151 a=-3651,-764,1923 g=2,-1,-4
WFI t=170201 a=-3665,-758,1922 g=-4,0,-4
WFI t=170251 a=-3660,-758,1924 g=-2,0,-4
WFI t=170301 a=-3651,-773,1921 g=-4,-3,-5
WFI t=170351 a=-3659,-772,1934 g=-5,-1,-4
WFI t=170401 a=-3659,-760,1937 g=-1,-1,-5
WFI t=170451 a=-3663,-761,1920 g=-5,-1,-5
WFI t=170501 a=-3657,-764,1917 g=-2,0,-3
WFI t=170551 a=-3655,-756,1929 g=-4,-1,-3
WFI t=170601 a=-3654,-764,1918 g=-2,-1,-5
WFI t=170774 a=-3654,-763,1928 g=-4,-1,-5
WFI t=170789 a=-3658,-765,1929 g=-5,-3,-5
WFI t=170791 a=-3661,-770,1929 g=2,-1,-3
WFI t=170801 a=-3668,-761,1928 g=-2,-1,-5
WFR t=170847 src=bms type=0x02 len=129 data=d2037c0ee80ee70ee80ee80ee80ee80ee90ee80ee70ee80ee90ee90eec0eec0eec0eeb0eec0eed0eee0eed0eed0eee0eee0eee0eec0eed0eed0eed0000000000000000003d0000000000000000000000000000042d752f02ad0eee0ee7003d003d00000156001c0001001d0000000100010eea0007000a000000000000000054a0
WFI t=170851 a=-3658,-763,1927 g=-6,0,-5
WFI t=170901 a=-3668,-763,1922 g=-2,0,-3
WFI t=170951 a=-3662,-761,1918 g=-5,-2,-4
WFI t=171001 a=-3655,-764,1927 g=1,0,-4
WFI t=171051 a=-3645,-770,1924 g=-2,-1,-5
WFI t=171101 a=-3645,-763,1928 g=-5,-1,-5
WFI t=171151 a=-3648,-767,1918 g=-6,0,-3
WFI t=171201 a=-3658,-756,1915 g=1,0,-3
WFI t=171251 a=-3667,-766,1935 g=-4,-3,-4
WFI t=171301 a=-3658,-769,1926 g=-4,-1,-5
WFI t=171351 a=-3662,-766,1924 g=-5,-1,-5
WFI t=171401 a=-3657,-774,1924 g=-3,0,-4
WFI t=171451 a=-3657,-762,1926 g=-5,-1,-5
WFI t=171501 a=-3661,-770,1922 g=-5,-3,-4
WFI t=171551 a=-3660,-759,1923 g=-3,-1,-3
WFI t=171601 a=-3662,-763,1926 g=-1,-1,-4
WFI t=171651 a=-3662,-766,1917 g=-2,-1,-3
WFI t=171701 a=-3661,-769,1927 g=-10,-1,-5
WFI t=171751 a=-3646,-762,1915 g=-3,0,-5
WFI t=171801 a=-3665,-762,1932 g=-6,-2,-5
WFI t=171852 a=-3654,-757,1926 g=-6,0,-4
WFR t=171852 src=bms type=0x02 len=129 data=d2037c0ee80ee70ee80ee80ee80ee80ee90ee90ee70ee80ee80ee90eec0eec0eec0eeb0eed0eed0eee0eed0eed0eee0eee0eee0eec0eee0eed0eed0000000000000000003d0000000000000000000000000000042d752f02ad0eee0ee7003d003d00000156001c0001001d0000000100010eea0007000a000000000000000006f6
WFI t=171901 a=-3663,-756,1923 g=-1,1,-4
WFI t=171951 a=-3663,-760,1924 g=-5,-3,-5
WFI t=172001 a=-3664,-763,1930 g=1,0,-3
WFI t=172051 a=-3669,-749,1917 g=-3,-1,-4
WFI t=172101 a=-3656,-766,1920 g=-4,-2,-3
WFI t=172151 a=-3658,-749,1928 g=-3,-1,-3
WFI t=172201 a=-3652,-750,1922 g=-6,-2,-4
WFI t=172251 a=-3658,-778,1918 g=-8,-3,-6
WFI t=172301 a=-3658,-757,1917 g=-2,0,-5
WFI t=172351 a=-3660,-764,1929 g=-2,-2,-4
WFI t=172401 a=-3657,-762,1924 g=-7,-4,-5
WFI t=172451 a=-3649,-765,1918 g=-9,-2,-4
WFI t=172501 a=-3656,-756,1927 g=-3,0,-4
WFI t=172551 a=-3660,-762,1920 g=-5,-2,-5
WFI t=172602 a=-3658,-770,1924 g=-4,-2,-3
WFI t=172778 a=-3654,-763,1921 g=-1,-1,-4
WFI t=172794 a=-3660,-756,1925 g=-3,-2,-4
WFI t=172796 a=-3656,-766,1933 g=-5,-2,-4
WFI t=172801 a=-3646,-764,1924 g=-6,-1,-5
WFI t=172851 a=-3643,-758,1934 g=-7,-3,-5
WFR t=172887 src=bms type=0x02 len=129 data=d2037c0ee80ee80ee80ee80ee80ee80ee90ee90ee70ee80ee90ee90eec0eec0eec0eeb0eed0eed0eee0eed0eed0eee0eee0eee0eec0eee0eed0eed0000000000000000003d0000000000000000000000000000042d752f02ad0eee0ee7003d003d00000156001c0001001d0000000100010eea0007000a0000000000000000a92f
WFI t=172937 a=-3649,-758,1926 g=-3,-2,-3
WFI t=172951 a=-3653,-759,1924 g=-7,-2,-4
WFI t=173001 a=-3661,-756,1918 g=-2,-1,-4
WFT t=173052 batt_mv=4178 rssi_mcu=0 rssi_bms=-85 mcu=0 bms=124 dropped=0
WFI t=173053 a=-3656,-756,1928 g=-1,0,-4
WFI t=173101 a=-3655,-760,1921 g=-4,-3,-5
WFI t=173151 a=-3658,-772,1921 g=-3,-1,-5
WFI t=173202 a=-3665,-762,1937 g=0,0,-3
WFI t=173251 a=-3659,-764,1929 g=-4,0,-5
WFI t=173301 a=-3655,-763,1917 g=-5,-1,-5
WFI t=173352 a=-3655,-772,1923 g=-5,0,-4
WFI t=173401 a=-3654,-756,1906 g=-4,0,-4
WFI t=173451 a=-3652,-764,1912 g=0,0,-4
WFI t=173501 a=-3658,-749,1925 g=-5,-2,-5
WFI t=173551 a=-3658,-763,1932 g=-4,-1,-4
WFI t=173601 a=-3647,-754,1918 g=-2,-1,-4
WFI t=173652 a=-3645,-772,1929 g=-5,0,-3
WFI t=173701 a=-3659,-757,1922 g=-7,-2,-4
WFI t=173751 a=-3658,-762,1932 g=-3,-2,-5
WFI t=173801 a=-3650,-761,1924 g=1,1,-5
WFI t=173851 a=-3658,-766,1933 g=-2,0,-4
WFR t=173862 src=bms type=0x02 len=129 data=d2037c0ee80ee80ee80ee80ee80ee80ee80ee90ee60ee80ee80ee90eec0eec0eec0eeb0eec0eed0eee0eed0eed0eed0eee0eee0eec0eed0eed0eed0000000000000000003d0000000000000000000000000000042d752f02ad0eee0ee7003d003d00000156001c0001001d0000000100010eea0007000a0000000000000000449e
WFI t=173901 a=-3649,-764,1932 g=-7,-1,-5
WFI t=173951 a=-3665,-760,1923 g=-7,0,-4
WFI t=174001 a=-3672,-768,1938 g=-9,-1,-4
WFI t=174051 a=-3663,-765,1909 g=-6,0,-5
WFI t=174102 a=-3658,-767,1911 g=-2,0,-4
WFI t=174151 a=-3663,-771,1922 g=2,1,-4
WFI t=174201 a=-3666,-767,1925 g=-1,0,-4
WFI t=174251 a=-3662,-771,1929 g=0,-2,-2
WFI t=174301 a=-3672,-754,1924 g=-7,0,-4
WFI t=174351 a=-3658,-765,1920 g=-1,-2,-3
WFI t=174401 a=-3669,-768,1914 g=-4,-1,-6
WFI t=174451 a=-3651,-759,1910 g=-1,0,-5
WFI t=174501 a=-3658,-759,1930 g=0,1,-4
WFI t=174551 a=-3657,-762,1908 g=-3,-2,-3
WFI t=174601 a=-3652,-761,1912 g=-1,0,-4
WFI t=174651 a=-3647,-759,1938 g=-7,-2,-4
WFI t=174818 a=-3673,-752,1929 g=-3,0,-4
WFI t=174821 a=-3653,-769,1911 g=-1,-1,-4
WFI t=174824 a=-3659,-768,1922 g=-6,0,-5
WFI t=174853 a=-3660,-769,1923 g=1,-1,-6
WFI t=175023 a=-3656,-752,1927 g=-3,-1,-4
WFR t=175024 src=bms type=0x02 len=129 data=d2037c0ee80ee70ee80ee80ee80ee80ee80ee90ee70ee80ee80ee90eec0eec0eec0eeb0eed0eed0eee0eed0eed0eee0eee0eee0eec0eee0eed0eed0000000000000000003d0000000000000000000000000000042d752f02ad0eee0ee7003d003d00000156001c0001001d0000000100010eea0007000a00000000000000007000
WFI t=175025 a=-3668,-765,1931 g=-4,-2,-5
WFI t=175027 a=-3666,-765,1939 g=-8,-1,-4
WFI t=175051 a=-3679,-747,1926 g=0,1,-4
WFI t=175101 a=-3671,-755,1931 g=-7,0,-4
WFI t=175151 a=-3666,-770,1915 g=-5,-2,-4
WFI t=175201 a=-3664,-777,1923 g=-3,0,-6
WFI t=175251 a=-3652,-774,1920 g=-7,0,-4
WFI t=175301 a=-3659,-769,1934 g=-4,-1,-4
WFI t=175351 a=-3651,-746,1927 g=-4,-1,-3
WFI t=175401 a=-3664,-763,1921 g=-3,0,-4
WFI t=175451 a=-3670,-770,1917 g=-3,0,-6
WFI t=175501 a=-3650,-765,1918 g=-4,-2,-5
WFI t=175551 a=-3663,-779,1920 g=-2,-1,-4
WFI t=175601 a=-3663,-766,1918 g=-4,-2,-4
WFI t=175651 a=-3656,-772,1928 g=-3,-2,-4
WFI t=175701 a=-3651,-767,1922 g=-1,-1,-3
WFI t=175751 a=-3659,-769,1923 g=-2,-2,-4
WFI t=175801 a=-3659,-762,1929 g=-1,-1,-4
WFI t=175851 a=-3664,-771,1920 g=-3,-1,-3
WFI t=175901 a=-3661,-762,1910 g=0,-1,-5
WFI t=175951 a=-3662,-768,1915 g=-5,-1,-4
WFI t=176001 a=-3654,-764,1923 g=-4,-2,-4
WFR t=176008 src=bms type=0x02 len=129 data=d2037c0ee80ee70ee80ee80ee80ee70ee90ee90ee70ee80ee90ee90eec0eec0eec0eeb0eed0eed0eee0eed0eed0eee0eee0eee0eec0eed0eed0eed0000000000000000003d0000000000000000000000000000042d752f02ad0eee0ee7003d003d00000156001c0001001d0000000100010eea0007000a00000000000000001c6c
WFI t=176051 a=-3657,-759,1909 g=-5,-1,-5
WFI t=176101 a=-3657,-754,1922 g=-1,-3,-4
WFI t=176151 a=-3651,-753,1932 g=-5,1,-3
WFI t=176201 a=-3648,-763,1923 g=-5,-1,-3
WFI t=176251 a=-3665,-768,1923 g=-6,0,-5
WFI t=176301 a=-3661,-767,1915 g=-1,0,-4
WFI t=176351 a=-3648,-774,1924 g=-3,-2,-4
WFI t=176401 a=-3660,-763,1933 g=1,-1,-3
WFI t=176451 a=-3664,-767,1908 g=-3,-1,-4
WFI t=176501 a=-3661,-761,1912 g=-5,-1,-4
WFI t=176551 a=-3657,-763,1920 g=-6,-1,-6
WFI t=176601 a=-3665,-769,1917 g=0,-1,-4
WFI t=176651 a=-3660,-758,1922 g=-4,-1,-4
WFI t=176797 a=-3656,-771,1920 g=-2,-1,-4
WFI t=176812 a=-3660,-760,1915 g=-3,-1,-5
WFI t=176814 a=-3662,-760,1925 g=-2,-1,-5
WFI t=176851 a=-3665,-763,1917 g=-3,-3,-4
WFI t=176901 a=-3653,-766,1925 g=-2,0,-4
WFI t=176951 a=-3666,-767,1914 g=-2,1,-3
WFI t=177001 a=-3655,-766,1923 g=-1,-1,-5
WFR t=177028 src=bms type=0x02 len=129 data=d2037c0ee80ee70ee80ee80ee80ee80ee80ee80ee70ee80ee80ee90eec0eec0eec0eeb0eec0eed0eee0eed0eed0eee0eee0eee0eec0eed0eed0eed0000000000000000003d0000000000000000000000000000042d752f02ad0eee0ee7003d003d00000156001c0001001d0000000100010eea0007000a00000000000000008c7b
WFI t=177051 a=-3656,-777,1925 g=-6,0,-4
WFI t=177101 a=-3647,-761,1923 g=-6,-1,-3
WFI t=177151 a=-3673,-756,1920 g=-8,-2,-3
WFI t=177201 a=-3663,-767,1915 g=-2,0,-4
WFI t=177251 a=-3657,-760,1922 g=0,-2,-4
WFI t=177301 a=-3663,-773,1933 g=-4,-2,-4
WFI t=177351 a=-3668,-770,1905 g=-5,0,-4
WFI t=177401 a=-3662,-771,1927 g=-6,-3,-5
WFI t=177451 a=-3652,-766,1915 g=-4,-1,-5
WFI t=177501 a=-3663,-762,1923 g=-2,-2,-5
WFI t=177551 a=-3657,-757,1927 g=-6,-1,-3
WFI t=177601 a=-3657,-773,1912 g=-1,0,-4
WFI t=177652 a=-3655,-774,1927 g=-2,0,-5
WFI t=177701 a=-3664,-756,1904 g=-1,-1,-5
WFI t=177751 a=-3653,-769,1909 g=-7,-1,-4
WFI t=177801 a=-3664,-771,1921 g=-6,-1,-4
WFI t=177851 a=-3650,-770,1925 g=3,0,-4
WFI t=177901 a=-3656,-782,1918 g=-1,-1,-4
WFI t=177951 a=-3655,-777,1921 g=-2,0,-3
WFI t=178001 a=-3663,-756,1925 g=-2,-2,-3
WFR t=178033 src=bms type=0x02 len=129 data=d2037c0ee80ee80ee80ee80ee80ee80ee90ee90ee70ee80ee80ee90eec0eec0eec0eeb0eed0eed0eee0eed0eed0eee0eee0eee0eec0eee0eed0eed0000000000000000003d0000000000000000000000000000042d752f02ad0eee0ee7003d003d00000156001c0001001d0000000100010eea0007000a00000000000000000702
WFI t=178051 a=-3662,-770,1909 g=-7,-1,-4
WFI t=178101 a=-3666,-771,1932 g=-8,-1,-5
WFI t=178151 a=-3658,-780,1917 g=-4,0,-5
WFI t=178201 a=-3654,-754,1917 g=0,-2,-3
WFT t=178225 batt_mv=4172 rssi_mcu=0 rssi_bms=-77 mcu=0 bms=129 dropped=0
WFI t=178251 a=-3661,-765,1932 g=0,-2,-4
WFI t=178301 a=-3650,-754,1913 g=1,-2,-5
WFI t=178351 a=-3645,-761,1917 g=-5,-1,-6
WFI t=178401 a=-3654,-767,1934 g=-4,0,-4
WFI t=178451 a=-3653,-758,1923 g=-4,-2,-4
WFI t=178501 a=-3657,-761,1913 g=2,0,-4
WFI t=178551 a=-3656,-763,1927 g=2,-1,-5
WFI t=178601 a=-3652,-759,1923 g=-3,-1,-4
WFI t=178651 a=-3661,-761,1924 g=-6,-1,-2
WFI t=178803 a=-3665,-762,1918 g=-4,-2,-5
WFI t=178819 a=-3664,-758,1910 g=-4,0,-3
WFI t=178821 a=-3650,-768,1928 g=-5,-2,-4
WFI t=178851 a=-3662,-755,1922 g=-7,-3,-4
WFI t=178901 a=-3669,-757,1922 g=-3,-1,-5
WFI t=178951 a=-3641,-767,1915 g=-3,-1,-5
WFI t=179002 a=-3655,-777,1925 g=0,-1,-4
WFR t=179038 src=bms type=0x02 len=129 data=d2037c0ee80ee70ee90ee80ee80ee80ee80ee80ee70ee80ee80ee90eec0eec0eec0eeb0eed0eed0eee0eed0eed0eee0eee0eee0eec0eee0eed0eed0000000000000000003d0000000000000000000000000000042d753002ad0eee0ee7003d003d00000156001c0001001d0000000100010eea000700000000000000000000e5a2
WFI t=179051 a=-3655,-759,1927 g=-4,-1,-4
WFI t=179101 a=-3664,-769,1910 g=-3,-2,-3
WFI t=179152 a=-3650,-763,1913 g=-3,0,-3
WFI t=179201 a=-3667,-758,1927 g=-2,-2,-5
WFI t=179251 a=-3660,-764,1929 g=-6,-2,-3
WFI t=179301 a=-3653,-766,1925 g=-1,-2,-2
WFI t=179351 a=-3665,-761,1917 g=0,0,-3
WFI t=179401 a=-3644,-766,1908 g=-2,-2,-5
WFI t=179452 a=-3657,-766,1930 g=-2,-3,-5
WFI t=179501 a=-3660,-763,1922 g=-6,-2,-4
WFI t=179551 a=-3671,-760,1911 g=-5,-2,-4
WFI t=179601 a=-3646,-753,1926 g=-5,0,-4
WFI t=179651 a=-3660,-763,1920 g=-3,-1,-4
WFI t=179701 a=-3645,-750,1926 g=-4,0,-4
WFI t=179751 a=-3658,-764,1911 g=-8,-3,-2
WFI t=179801 a=-3669,-757,1918 g=-2,1,-4
WFI t=179851 a=-3656,-783,1926 g=0,2,-6
WFI t=179902 a=-3644,-756,1930 g=-3,1,-4
WFI t=179951 a=-3656,-755,1921 g=-8,-1,-4
WFI t=180001 a=-3665,-755,1924 g=-7,-2,-3
WFR t=180043 src=bms type=0x02 len=129 data=d2037c0ee80ee70ee80ee80ee80ee70ee80ee80ee70ee80ee90ee90eec0eec0eec0eeb0eec0eec0eee0eed0eed0eee0eee0eee0eec0eee0eed0eee0000000000000000003d0000000000000000000000000000042d752e02ad0eee0ee7003d003d00000156001c0001001d0000000100010eea000700150000000000000000a05e
WFI t=180052 a=-3649,-754,1922 g=-6,-1,-5
WFI t=180101 a=-3653,-759,1904 g=-2,0,-3
WFI t=180151 a=-3655,-759,1933 g=-8,-2,-3
WFI t=180201 a=-3656,-757,1908 g=-5,-2,-2
WFI t=180251 a=-3659,-784,1928 g=-2,-3,-3
WFI t=180301 a=-3656,-763,1908 g=-5,0,-5
WFI t=180351 a=-3660,-752,1941 g=-8,-3,-4
WFI t=180401 a=-3668,-763,1913 g=-6,-1,-4
WFI t=180451 a=-3661,-762,1932 g=-6,-3,-5
WFI t=180501 a=-3650,-766,1907 g=-4,-2,-4
WFI t=180551 a=-3658,-771,1938 g=0,-2,-5
WFI t=180601 a=-3651,-761,1922 g=-3,2,-2
WFI t=180651 a=-3644,-772,1915 g=-9,-1,-4
WFI t=180809 a=-3650,-757,1929 g=2,0,-4
WFI t=180825 a=-3661,-749,1928 g=-6,-1,-4
WFI t=180827 a=-3657,-758,1926 g=-4,-1,-3
WFI t=180851 a=-3654,-768,1925 g=-4,-1,-3
WFI t=180901 a=-3655,-768,1917 g=3,-1,-4
WFI t=180952 a=-3651,-765,1927 g=-7,-1,-5
WFI t=181001 a=-3660,-754,1927 g=-2,-2,-2
WFR t=181048 src=bms type=0x02 len=129 data=d2037c0ee80ee80ee80ee80ee80ee80ee80ee90ee70ee80ee80ee90eec0eec0eec0eeb0eec0eed0eee0eed0eed0eee0eee0eee0eec0eed0eed0eee0000000000000000003d0000000000000000000000000000042d752f02ad0eee0ee7003d003d00000156001c0001001d0000000100010eea0007000a00000000000000002934
WFI t=181051 a=-3646,-759,1924 g=-6,-1,-5
WFI t=181115 a=-3669,-766,1916 g=-5,2,-5
WFI t=181151 a=-3652,-751,1922 g=0,1,-5
WFI t=181201 a=-3662,-743,1915 g=-2,-1,-5
WFI t=181251 a=-3654,-766,1917 g=-9,-1,-1
WFI t=181301 a=-3667,-769,1914 g=1,0,-4
WFI t=181351 a=-3649,-773,1933 g=-1,0,-5
WFI t=181402 a=-3663,-760,1922 g=-3,-1,-4
WFI t=181451 a=-3660,-765,1927 g=-5,0,-4
WFI t=181501 a=-3659,-765,1906 g=-2,-1,-2
WFI t=181552 a=-3662,-761,1923 g=3,-2,-5
WFI t=181601 a=-3660,-765,1921 g=-3,0,-4
WFI t=181651 a=-3655,-770,1926 g=-5,0,-4
WFI t=181702 a=-3658,-771,1925 g=-5,-1,-5
WFI t=181751 a=-3650,-769,1922 g=-2,-1,-5
WFI t=181801 a=-3656,-769,1924 g=-2,0,-4
WFI t=181851 a=-3665,-757,1935 g=-7,0,-4
WFI t=181901 a=-3657,-768,1903 g=-6,0,-4
WFI t=181951 a=-3650,-768,1921 g=0,-1,-5
WFI t=182002 a=-3660,-771,1925 g=-1,0,-5
WFI t=182051 a=-3644,-768,1938 g=-6,0,-4
WFR t=182053 src=bms type=0x02 len=129 data=d2037c0ee80ee70ee80ee80ee80ee70ee80ee90ee70ee80ee90ee90eec0eec0eec0eeb0eec0eed0eee0eed0eed0eee0eee0eee0eec0eee0eed0eed0000000000000000003d0000000000000000000000000000042d752f02ad0eee0ee7003d003d00000156001c0001001d0000000100010eea0007000a00000000000000002369
WFI t=182101 a=-3651,-770,1922 g=-7,-2,-2
WFI t=182151 a=-3659,-767,1911 g=-1,-1,-4
WFI t=182201 a=-3666,-767,1907 g=4,1,-5
WFI t=182251 a=-3659,-764,1925 g=-4,1,-5
WFI t=182302 a=-3663,-754,1925 g=-1,0,-3
WFI t=182351 a=-3656,-767,1908 g=-9,0,-3
WFI t=182401 a=-3657,-765,1920 g=0,-1,-4
WFI t=182451 a=-3645,-761,1931 g=-3,0,-6
WFI t=182501 a=-3642,-767,1931 g=-6,-3,-4
WFI t=182551 a=-3664,-763,1932 g=-7,0,-1
WFI t=182601 a=-3665,-764,1930 g=-2,-1,-3
WFI t=182651 a=-3645,-768,1920 g=-1,0,-5
WFI t=182751 a=-3659,-766,1926 g=-9,-1,-3
WFI t=182888 a=-3663,-764,1910 g=-7,-2,-4
WFI t=183000 a=-3655,-765,1918 g=-4,0,-5
WFI t=183002 a=-3658,-767,1901 g=-1,-1,-3
WFI t=183005 a=-3655,-762,1923 g=-5,-1,-3
WFI t=183008 a=-3655,-762,1923 g=-5,-1,-3
WFI t=183011 a=-3667,-779,1924 g=-9,-2,-4
WFI t=183052 a=-3673,-776,1918 g=-3,-1,-6
WFI t=183101 a=-3665,-754,1928 g=1,-1,-6
WFI t=183151 a=-3657,-757,1931 g=-7,-1,-4
WFI t=183201 a=-3665,-760,1907 g=-2,-1,-3
WFR t=183238 src=bms type=0x02 len=129 data=d2037c0ee80ee70ee80ee80ee80ee80ee80ee90ee70ee80ee90ee90eec0eec0eed0eeb0eed0eed0eee0eed0eed0eee0eee0eee0eec0eee0eed0eee0000000000000000003d0000000000000000000000000000042d752f02ad0eee0ee7003d003d00000156001c0001001d0000000100010eea0007000a0000000000000000eab2
WFI t=183251 a=-3662,-760,1913 g=-3,-1,-4
WFI t=183301 a=-3650,-763,1918 g=0,0,-5
WFI t=183351 a=-3654,-764,1923 g=-10,-3,-5
WFI t=183401 a=-3655,-749,1926 g=-5,-1,-2
WFT t=183403 batt_mv=4192 rssi_mcu=0 rssi_bms=-84 mcu=0 bms=134 dropped=0
WFI t=183451 a=-3662,-756,1908 g=-7,-1,-4
WFI t=183501 a=-3651,-773,1912 g=2,1,-5
WFI t=183551 a=-3654,-764,1923 g=2,1,-4
WFI t=183601 a=-3661,-753,1929 g=0,-1,-2
WFI t=183652 a=-3662,-773,1910 g=-6,-2,-3
WFI t=183701 a=-3678,-769,1901 g=-7,-2,-5
WFI t=183751 a=-3664,-755,1928 g=-6,-1,-5
WFI t=183801 a=-3664,-758,1913 g=-11,-2,-4
WFI t=183851 a=-3666,-767,1907 g=-8,0,-1
WFI t=183901 a=-3668,-762,1894 g=1,-1,-4
WFI t=183951 a=-3662,-773,1918 g=2,-1,-5
WFI t=184001 a=-3655,-765,1927 g=-6,-2,-4
WFI t=184051 a=-3645,-763,1916 g=-6,-1,-3
WFI t=184101 a=-3663,-761,1914 g=-2,-1,-5
WFI t=184151 a=-3664,-759,1910 g=1,-1,-5
WFI t=184201 a=-3660,-770,1928 g=0,1,-4
WFR t=184228 src=bms type=0x02 len=129 data=d2037c0ee80ee70ee80ee80ee80ee80ee80ee90ee70ee80ee80ee90eec0eec0eec0eeb0eed0eed0eee0eed0eed0eee0eee0eee0eec0eed0eed0eee0000000000000000003d0000000000000000000000000000042d752f02ad0eee0ee7003d003d00000156001c0001001d0000000100010eea0007000a00000000000000009400
WFI t=184251 a=-3661,-756,1917 g=-7,-1,-3
WFI t=184301 a=-3648,-761,1906 g=-5,-1,-2
WFI t=184351 a=-3655,-771,1912 g=-3,-1,-4
WFI t=184401 a=-3645,-768,1927 g=2,-1,-7
WFI t=184452 a=-3665,-760,1925 g=-1,-2,-4
WFI t=184501 a=-3659,-768,1918 g=-13,-1,-4
WFI t=184551 a=-3666,-776,1910 g=-4,-1,-4
WFI t=184601 a=-3650,-763,1923 g=-2,-1,-6
WFI t=184651 a=-3657,-759,1925 g=-5,-2,-4
WFI t=184748 a=-3655,-756,1929 g=-5,0,-3
WFI t=184859 a=-3661,-754,1935 g=-1,1,-4
WFI t=184861 a=-3660,-763,1924 g=-8,-1,-5
WFI t=184863 a=-3658,-760,1922 g=-6,-1,-5
WFI t=184901 a=-3647,-755,1926 g=-5,-1,-4
WFI t=184951 a=-3661,-769,1923 g=-4,1,-2
WFI t=185001 a=-3662,-781,1917 g=-1,0,-5
WFI t=185051 a=-3656,-766,1914 g=-5,-1,-6
WFI t=185101 a=-3660,-756,1911 g=-2,-2,-3
WFI t=185151 a=-3660,-780,1902 g=-8,-1,-4
WFI t=185201 a=-3662,-774,1907 g=-5,-2,-4
WFR t=185248 src=bms type=0x02 len=129 data=d2037c0ee80ee70ee80ee80ee80ee80ee80ee90ee70ee80ee90ee90eec0eec0eec0eeb0eec0eed0eee0eed0eed0eee0eee0eee0eec0eed0eed0eed0000000000000000003d0000000000000000000000000000042d752f02ad0eee0ee7003d003d00000156001c0001001d0000000100010eea0007000a000000000000000097de
WFI t=185251 a=-3666,-751,1918 g=-2,-1,-5
WFI t=185301 a=-3663,-761,1917 g=-4,-1,-4
WFI t=185351 a=-3662,-748,1921 g=-9,-2,-2
WFI t=185401 a=-3670,-760,1914 g=-9,-1,-3
WFI t=185451 a=-3658,-773,1915 g=-3,-1,-4
WFI t=185501 a=-3664,-752,1911 g=0,1,-4
WFI t=185551 a=-3653,-764,1923 g=-3,0,-4
WFI t=185601 a=-3664,-764,1918 g=-12,-1,-3
WFI t=185651 a=-3654,-760,1905 g=-1,-1,-5
WFI t=185701 a=-3662,-755,1921 g=-3,-1,-5
WFI t=185751 a=-3656,-757,1917 g=-4,-2,-3
WFI t=185801 a=-3660,-764,1918 g=-5,-1,-3
WFI t=185851 a=-3654,-770,1915 g=-4,0,-3
WFI t=185901 a=-3658,-758,1922 g=-1,0,-5
WFI t=185951 a=-3664,-767,1925 g=-4,-2,-5
WFI t=186001 a=-3659,-763,1922 g=-7,-3,-2
WFI t=186051 a=-3658,-769,1915 g=1,-2,-4
WFI t=186101 a=-3664,-767,1927 g=-4,-2,-5
WFI t=186151 a=-3668,-763,1933 g=-7,0,-5
WFI t=186201 a=-3656,-760,1917 g=1,-1,-2
WFI t=186251 a=-3668,-765,1925 g=0,-1,-3
WFR t=186253 src=bms type=0x02 len=129 data=d2037c0ee80ee70ee90ee80ee80ee80ee90ee90ee70ee80ee80ee90eec0eec0eec0eeb0eec0eed0eee0eed0eed0eee0eee0eee0eec0eee0eed0eed0000000000000000003d0000000000000000000000000000042d752f02ad0eee0ee7003d003d00000156001c0001001d0000000100010eea0007000a0000000000000000ab37
WFI t=186301 a=-3643,-771,1920 g=-3,0,-5
WFI t=186351 a=-3647,-759,1921 g=-5,-1,-5
WFI t=186401 a=-3658,-761,1924 g=-4,-1,-3
WFI t=186451 a=-3663,-769,1917 g=-7,-2,-3
WFI t=186501 a=-3658,-766,1913 g=8,-1,-5
WFI t=186551 a=-3657,-766,1908 g=-5,0,-6
WFI t=186601 a=-3663,-761,1915 g=-2,-1,-6
WFI t=186651 a=-3655,-762,1918 g=-2,1,-4
WFI t=186701 a=-3663,-767,1923 g=0,-1,-5
WFI t=186817 a=-3660,-756,1916 g=-3,-2,-6
WFI t=186820 a=-3654,-773,1906 g=-6,0,-4
WFI t=186853 a=-3648,-767,1918 g=-3,-2,-2
WFI t=186944 a=-3665,-771,1931 g=3,0,-3
WFI t=186951 a=-3657,-766,1931 g=-1,1,-5
WFI t=187001 a=-3654,-762,1931 g=-5,-2,-4
WFI t=187051 a=-3667,-760,1931 g=-3,-1,-3
WFI t=187101 a=-3666,-759,1916 g=-3,-4,-4
WFI t=187151 a=-3660,-769,1910 g=-7,-2,-7
WFI t=187201 a=-3657,-763,1926 g=-4,0,-4
WFI t=187251 a=-3672,-772,1918 g=-4,-2,-4
WFR t=187258 src=bms type=0x02 len=129 data=d2037c0ee80ee70ee90ee80ee80ee80ee90ee90ee70ee80ee90ee90eec0eec0eec0eeb0eec0eec0eee0eed0eed0eee0eee0eee0eec0eed0eed0eed0000000000000000003d0000000000000000000000000000042d752f02ad0eee0ee7003d003d00000156001c0001001d0000000100010eea0007000a00000000000000005c28
WFI t=187301 a=-3680,-770,1920 g=-5,-1,-4
WFI t=187351 a=-3641,-758,1913 g=2,0,-4
WFI t=187401 a=-3647,-749,1928 g=-3,-2,-5
WFI t=187451 a=-3666,-762,1929 g=-7,-1,-3
WFI t=187501 a=-3647,-783,1925 g=-10,-1,-4
WFI t=187551 a=-3665,-775,1907 g=-3,0,-4
WFI t=187601 a=-3656,-782,1918 g=-3,1,-5
WFI t=187651 a=-3653,-762,1918 g=0,-2,-3
WFI t=187701 a=-3654,-756,1913 g=-4,-2,-2
WFI t=187751 a=-3664,-767,1911 g=-5,-1,-5
WFI t=187801 a=-3666,-753,1933 g=-3,1,-5
WFI t=187851 a=-3650,-750,1939 g=-7,-1,-4
WFI t=187901 a=-3662,-757,1927 g=-12,-2,-2
WFI t=187951 a=-3659,-782,1904 g=-3,0,-4
WFI t=188001 a=-3661,-769,1909 g=3,-1,-5
WFI t=188051 a=-3660,-761,1931 g=0,-1,-5
WFI t=188101 a=-3663,-760,1921 g=-5,0,-2
WFI t=188151 a=-3661,-765,1923 g=-4,-1,-2
WFI t=188201 a=-3668,-761,1921 g=-6,-1,-4
WFI t=188251 a=-3663,-765,1922 g=-3,0,-6
WFR t=188263 src=bms type=0x02 len=129 data=d2037c0ee80ee70ee80ee80ee80ee80ee90ee90ee70ee80ee90ee90eec0eec0eec0eeb0eed0eed0eee0eed0eed0eee0eee0eee0eec0eee0eed0eed0000000000000000003d0000000000000000000000000000042d752f02ad0eee0ee7003d003d00000156001c0001001d0000000100010eea0007000a0000000000000000a8db
WFI t=188301 a=-3650,-763,1918 g=-5,0,-3
WFI t=188351 a=-3649,-770,1914 g=-5,0,-3
WFI t=188401 a=-3653,-765,1897 g=-4,-1,-3
WFI t=188451 a=-3655,-758,1907 g=1,-1,-5
WFT t=188461 batt_mv=4188 rssi_mcu=0 rssi_bms=-84 mcu=0 bms=139 dropped=0
WFI t=188501 a=-3668,-752,1929 g=-2,0,-3
WFI t=188551 a=-3660,-764,1929 g=-8,-2,-3
WFI t=188601 a=-3652,-764,1899 g=-6,0,-3
WFI t=188651 a=-3659,-768,1922 g=-3,0,-5
WFI t=188701 a=-3645,-757,1910 g=0,0,-5
WFI t=188866 a=-3661,-774,1908 g=-3,-1,-3
WFI t=188883 a=-3678,-760,1925 g=2,1,-6
WFI t=188886 a=-3678,-760,1925 g=2,1,-6
WFI t=188901 a=-3660,-762,1918 g=-1,0,-6
WFI t=188951 a=-3644,-753,1927 g=-4,0,-5
WFI t=189001 a=-3665,-760,1913 g=-6,-2,-3
WFI t=189051 a=-3661,-775,1905 g=-12,-1,-4
WFI t=189101 a=-3656,-767,1918 g=-3,0,-6
WFI t=189151 a=-3660,-757,1933 g=-2,0,-5
WFI t=189201 a=-3660,-769,1918 g=-5,0,-3
WFI t=189251 a=-3668,-753,1918 g=-7,-1,-3
WFR t=189268 src=bms type=0x02 len=129 data=d2037c0ee80ee70ee90ee80ee80ee80ee90ee90ee70ee80ee90ee90eec0eec0eec0eeb0eec0eed0eee0eed0eed0eee0eee0eee0eec0eed0eed0eed0000000000000000003d0000000000000000000000000000042d753002ad0eee0ee7003d003d00000156001c0001001d0000000100010eea000700000000000000000000c102
WFI t=189342 a=-3666,-764,1914 g=0,1,-6
WFI t=189351 a=-3661,-779,1917 g=-3,0,-4
WFI t=189401 a=-3662,-772,1911 g=-8,-1,-5
WFI t=189451 a=-3656,-768,1914 g=-10,-3,-4
WFI t=189501 a=-3664,-759,1910 g=1,-1,-3
WFI t=189552 a=-3655,-754,1927 g=-2,0,-5
WFI t=189601 a=-3669,-753,1913 g=-2,-2,-3
WFI t=189651 a=-3657,-755,1920 g=-8,1,-3
WFI t=189701 a=-3669,-764,1916 g=-6,-2,-2
WFI t=189751 a=-3662,-767,1923 g=-2,-2,-5
WFI t=189801 a=-3648,-753,1925 g=-2,1,-3
WFI t=189851 a=-3656,-768,1918 g=-10,-3,-4
WFI t=189901 a=-3654,-768,1913 g=-7,0,-4
WFI t=189951 a=-3668,-760,1897 g=0,2,-5
WFI t=190001 a=-3647,-767,1930 g=-6,-2,-4
WFI t=190051 a=-3654,-762,1910 g=-4,-1,-3
WFI t=190101 a=-3666,-761,1914 g=-4,0,-3
WFI t=190151 a=-3673,-768,1905 g=-5,-2,-6
WFI t=190201 a=-3659,-764,1916 g=-3,0,-5
WFI t=190251 a=-3657,-761,1921 g=1,-1,-2
WFI t=190301 a=-3648,-761,1901 g=1,-2,-1
WFI t=190351 a=-3652,-779,1918 g=-8,-2,-4
WFI t=190401 a=-3659,-771,1910 g=1,0,-5
WFI t=190451 a=-3666,-773,1924 g=-4,1,-5
WFI t=190501 a=-3668,-756,1915 g=-10,-1,-3
WFI t=190551 a=-3669,-760,1899 g=0,0,-3
WFI t=190601 a=-3659,-775,1915 g=1,1,-5
WFI t=190651 a=-3657,-761,1906 g=-4,-2,-6
WFI t=190701 a=-3658,-763,1915 g=-5,0,-4
WFI t=190846 a=-3658,-764,1910 g=-7,-3,-3
WFI t=190914 a=-3657,-761,1909 g=-2,0,-5
WFI t=191022 a=-3657,-757,1924 g=-2,-1,-4
WFI t=191025 a=-3656,-756,1915 g=-4,-1,-3
WFI t=191027 a=-3659,-763,1909 g=0,0,-4
WFI t=191029 a=-3659,-763,1909 g=0,0,-4
WFI t=191051 a=-3668,-764,1918 g=-2,0,-5
WFI t=191101 a=-3672,-754,1925 g=-5,-2,-4
WFI t=191151 a=-3665,-765,1910 g=-4,-2,-5
WFI t=191201 a=-3652,-760,1920 g=-3,-1,-4
WFI t=191251 a=-3655,-763,1918 g=1,-1,-3
WFI t=191301 a=-3644,-764,1921 g=-6,-2,-5
WFI t=191351 a=-3651,-774,1906 g=-2,-1,-3
WFI t=191401 a=-3661,-760,1914 g=-7,-1,-3
WFI t=191451 a=-3678,-773,1915 g=-2,-2,-4
WFI t=191501 a=-3662,-761,1918 g=-2,-1,-5
WFI t=191551 a=-3661,-768,1920 g=-6,-1,-5
WFI t=191601 a=-3660,-761,1913 g=-5,-2,-4
WFI t=191651 a=-3643,-774,1920 g=-3,0,-3
WFI t=191701 a=-3656,-776,1920 g=0,0,-4
WFI t=191751 a=-3659,-760,1915 g=0,-1,-4
WFI t=191801 a=-3647,-766,1918 g=-4,-1,-2
WFI t=191851 a=-3660,-763,1914 g=-1,-3,-4
WFI t=191901 a=-3661,-759,1915 g=0,-2,-5
WFI t=191951 a=-3661,-758,1915 g=-5,-1,-3
WFI t=192001 a=-3665,-768,1906 g=-3,-2,-3
WFI t=192051 a=-3664,-779,1902 g=-2,0,-3
WFI t=192101 a=-3665,-759,1921 g=-1,0,-4
WFI t=192151 a=-3664,-761,1915 g=-1,0,-4
WFI t=192201 a=-3654,-761,1920 g=-1,-1,-4
WFI t=192251 a=-3657,-756,1916 g=3,0,-4
WFI t=192301 a=-3655,-779,1907 g=-2,-2,-4
WFI t=192351 a=-3659,-759,1908 g=-5,-1,-4
WFI t=192401 a=-3648,-756,1912 g=-7,-3,-5
WFI t=192451 a=-3664,-762,1912 g=-2,-1,-4
WFI t=192501 a=-3662,-765,1913 g=3,-1,-3
WFI t=192551 a=-3654,-766,1922 g=-3,1,-4
WFI t=192601 a=-3645,-775,1946 g=-3,-1,-4
WFI t=192651 a=-3664,-759,1926 g=-3,-2,-4
WFI t=192701 a=-3661,-771,1904 g=-6,0,-4
WFI t=192868 a=-3660,-775,1918 g=-8,0,-6
WFI t=192883 a=-3655,-764,1914 g=-6,-1,-5
WFI t=192885 a=-3647,-766,1922 g=-6,-1,-4
WFI t=192901 a=-3657,-765,1929 g=-8,-1,-3
WFI t=192951 a=-3663,-763,1905 g=-1,-1,-4
WFI t=193001 a=-3649,-764,1914 g=-5,0,-4
WFI t=193051 a=-3668,-759,1917 g=-1,0,-5
WFI t=193101 a=-3656,-770,1915 g=-4,-2,-4
WFI t=193151 a=-3665,-766,1915 g=-4,-1,-3
WFI t=193201 a=-3661,-764,1904 g=-6,-1,-5
WFI t=193251 a=-3660,-769,1916 g=-7,0,-5
WFI t=193301 a=-3650,-758,1910 g=-3,-1,-3
WFI t=193351 a=-3656,-765,1912 g=0,0,-3
WFI t=193401 a=-3661,-765,1914 g=-3,1,-5
WFI t=193451 a=-3668,-763,1909 g=-3,-1,-4
WFI t=193501 a=-3669,-775,1923 g=-3,0,-3
WFT t=193528 batt_mv=4172 rssi_mcu=0 rssi_bms=-81 mcu=0 bms=140 dropped=0
WFI t=193551 a=-3647,-756,1916 g=2,-1,-3
WFI t=193601 a=-3655,-770,1911 g=-6,0,-5
WFI t=193651 a=-3669,-765,1922 g=-5,-1,-4
WFI t=193701 a=-3651,-763,1915 g=-4,0,-4
WFI t=193751 a=-3652,-760,1920 g=-2,-2,-5
WFI t=193801 a=-3661,-768,1924 g=-8,-1,-4
WFI t=193851 a=-3655,-748,1914 g=-2,-1,-4
WFI t=193901 a=-3657,-768,1912 g=-1,0,-3
WFI t=193951 a=-3663,-761,1918 g=0,2,-5
WFI t=194001 a=-3652,-754,1908 g=-3,0,-4
WFI t=194051 a=-3652,-776,1915 g=-10,0,-3
WFI t=194101 a=-3655,-774,1917 g=-3,-1,-4
WFI t=194151 a=-3666,-768,1906 g=-3,-1,-5
WFI t=194201 a=-3658,-763,1903 g=1,0,-4
WFI t=194251 a=-3657,-769,1913 g=-3,0,-5
WFI t=194301 a=-3645,-742,1910 g=-5,-2,-3
WFI t=194351 a=-3656,-756,1912 g=-4,-1,-3
WFI t=194401 a=-3651,-761,1904 g=-8,-1,-4
WFI t=194451 a=-3649,-758,1911 g=-1,-1,-5
WFI t=194501 a=-3657,-759,1910 g=-3,-2,-4
WFI t=194551 a=-3659,-769,1918 g=-4,1,-5
WFI t=194601 a=-3665,-765,1903 g=-6,0,-4
WFI t=194651 a=-3663,-770,1922 g=-5,-1,-4
WFI t=194701 a=-3651,-764,1915 g=-1,0,-5
WFI t=194870 a=-3652,-766,1913 g=-4,-1,-4
WFI t=194885 a=-3667,-772,1910 g=-3,-1,-3
WFI t=194887 a=-3660,-763,1914 g=-5,-1,-4
WFI t=194901 a=-3660,-782,1916 g=-6,-1,-4
WFI t=194951 a=-3651,-751,1910 g=-4,-1,-4
WFI t=195001 a=-3658,-773,1904 g=-4,-2,-3
WFI t=195051 a=-3665,-753,1912 g=-4,-2,-5
WFI t=195101 a=-3643,-763,1912 g=-2,0,-5
WFI t=195151 a=-3661,-759,1910 g=-7,0,-4
WFI t=195201 a=-3648,-763,1912 g=-4,-1,-4
WFI t=195251 a=-3656,-772,1901 g=0,0,-4
WFI t=195301 a=-3657,-762,1916 g=-2,1,-3
WFI t=195351 a=-3650,-759,1912 g=0,-1,-3
WFI t=195401 a=-3650,-760,1914 g=-6,-1,-4
WFI t=195451 a=-3653,-763,1907 g=-3,-2,-4
WFI t=195501 a=-3666,-761,1913 g=-3,-2,-5
WFI t=195551 a=-3663,-764,1918 g=-5,-2,-5
WFI t=195601 a=-3664,-757,1918 g=1,1,-3
WFI t=195651 a=-3647,-766,1914 g=-2,-1,-4
WFI t=195701 a=-3659,-758,1913 g=-3,-2,-5
WFI t=195751 a=-3661,-758,1906 g=-2,0,-5
WFI t=195801 a=-3655,-758,1909 g=-7,-1,-4
WFI t=195851 a=-3656,-759,1905 g=-2,-1,-4
WFI t=195901 a=-3658,-757,1911 g=-6,0,-4
WFI t=195951 a=-3653,-771,1914 g=-3,-3,-5
WFI t=196001 a=-3652,-750,1914 g=-2,-1,-3
WFI t=196051 a=-3663,-761,1916 g=-5,-1,-3
WFI t=196101 a=-3654,-763,1911 g=-6,-1,-4
WFI t=196152 a=-3658,-753,1912 g=-4,-2,-3
WFI t=196201 a=-3656,-754,1925 g=-3,-3,-4
WFI t=196251 a=-3662,-762,1918 g=-2,-1,-4
WFI t=196301 a=-3657,-759,1914 g=1,0,-4
WFI t=196351 a=-3641,-770,1922 g=-3,1,-5
WFI t=196401 a=-3650,-767,1923 g=-5,-1,-4
WFI t=196451 a=-3659,-760,1924 g=-2,0,-4
WFI t=196501 a=-3659,-753,1921 g=-4,-2,-6
WFI t=196551 a=-3666,-769,1909 g=-7,-1,-3
WFI t=196601 a=-3647,-755,1917 g=-1,-1,-4
WFI t=196651 a=-3657,-767,1920 g=-3,0,-4
WFI t=196701 a=-3648,-764,1911 g=-4,-1,-3
WFI t=196871 a=-3658,-760,1905 g=-2,1,-2
WFI t=196886 a=-3663,-779,1911 g=-8,-1,-5
WFI t=196888 a=-3653,-754,1926 g=-2,0,-4
WFI t=196902 a=-3654,-769,1912 g=-9,-2,-4
WFI t=196951 a=-3654,-767,1914 g=-6,-3,-3
WFI t=197001 a=-3661,-768,1903 g=-2,0,-4
WFI t=197051 a=-3656,-747,1908 g=-2,-1,-6
WFI t=197101 a=-3663,-760,1922 g=-9,-1,-4
WFI t=197151 a=-3664,-759,1901 g=-3,-1,-5
WFI t=197202 a=-3665,-764,1909 g=-8,-2,-4
WFI t=197251 a=-3672,-775,1906 g=-4,-1,-4
WFI t=197301 a=-3662,-771,1914 g=-6,-1,-4
WFI t=197351 a=-3648,-764,1911 g=-1,-1,-3
WFI t=197401 a=-3645,-777,1910 g=0,0,-3
WFI t=197451 a=-3662,-762,1916 g=-1,1,-4
WFI t=197502 a=-3667,-775,1915 g=-2,0,-4
WFI t=197551 a=-3665,-760,1918 g=0,-3,-5
WFI t=197601 a=-3657,-756,1917 g=-10,-2,-4
WFI t=197652 a=-3654,-762,1916 g=-5,0,-4
WFI t=197701 a=-3664,-756,1911 g=-3,2,-3
WFI t=197751 a=-3658,-764,1917 g=-1,1,-5
WFI t=197802 a=-3661,-761,1914 g=-10,-1,-6
WFI t=197851 a=-3641,-768,1918 g=-4,-1,-4
WFI t=197901 a=-3673,-766,1916 g=-6,-1,-5
WFI t=197951 a=-3659,-767,1924 g=-6,0,-4
WFI t=198001 a=-3653,-768,1931 g=-6,-2,-5
WFI t=198051 a=-3664,-762,1915 g=-3,-1,-5
WFI t=198102 a=-3662,-760,1907 g=-3,-1,-4
WFI t=198151 a=-3661,-765,1918 g=-5,-1,-4
WFI t=198201 a=-3663,-764,1914 g=-6,-1,-5
WFI t=198251 a=-3665,-768,1906 g=-2,-2,-4
WFI t=198301 a=-3656,-766,1911 g=-6,1,-5
WFI t=198351 a=-3652,-763,1908 g=-4,-1,-3
WFI t=198402 a=-3661,-749,1918 g=0,-2,-3
WFI t=198451 a=-3652,-769,1913 g=-6,-2,-4
WFI t=198501 a=-3663,-768,1927 g=-4,-2,-5
WFT t=198552 batt_mv=4174 rssi_mcu=0 rssi_bms=-82 mcu=0 bms=140 dropped=0
WFI t=198552 a=-3644,-759,1913 g=1,0,-3
WFI t=198601 a=-3650,-761,1903 g=-2,-1,-4
WFI t=198651 a=-3662,-757,1908 g=-6,-1,-4
WFI t=198701 a=-3665,-765,1910 g=-5,1,-4
WFI t=198872 a=-3655,-761,1904 g=-3,-2,-6
WFI t=198888 a=-3663,-768,1918 g=-4,-2,-3
WFI t=198890 a=-3666,-754,1904 g=-2,-1,-3
WFI t=198901 a=-3660,-763,1912 g=0,-1,-3
WFI t=198951 a=-3667,-756,1903 g=-7,-1,-3
WFI t=199001 a=-3651,-763,1913 g=-5,-1,-5
WFI t=199051 a=-3651,-761,1900 g=-2,0,-4
WFI t=199101 a=-3661,-764,1916 g=-6,0,-3
WFI t=199151 a=-3665,-765,1925 g=-6,-1,-4
WFI t=199201 a=-3652,-757,1913 g=2,1,-4
WFI t=199251 a=-3664,-766,1904 g=2,-2,-4
WFI t=199301 a=-3664,-759,1911 g=-3,-2,-4
WFI t=199351 a=-3662,-756,1916 g=-2,1,-4
WFE t=199388 bms stale, no frame for 10118 ms, dropping link
WFE t=199401 bms link down (stale) after 28 answers in 38116 ms, writes=38 err=0 silent=10 bytes=3612
WFI t=199401 a=-3658,-766,1907 g=-3,0,-3
WFE t=199409 bms disconnected reason=534
WFI t=199451 a=-3672,-777,1911 g=1,-1,-4
WFI t=199501 a=-3657,-764,1910 g=-6,0,-5
WFI t=199551 a=-3650,-764,1898 g=-4,-2,-4
WFI t=199601 a=-3664,-765,1918 g=-2,0,-4
WFI t=199651 a=-3651,-770,1911 g=-4,-1,-5
WFI t=199701 a=-3655,-759,1914 g=-2,-1,-4
WFI t=199752 a=-3657,-756,1910 g=-1,-1,-2
WFI t=199830 a=-3658,-763,1922 g=0,-1,-3
WFI t=199851 a=-3662,-761,1915 g=-3,-2,-5
WFI t=199901 a=-3675,-758,1923 g=-6,-1,-4
WFI t=199951 a=-3661,-754,1906 g=-9,-1,-5
WFI t=200001 a=-3661,-759,1917 g=-7,0,-4
WFI t=200051 a=-3663,-769,1914 g=-2,0,-4
WFI t=200101 a=-3665,-759,1907 g=-1,0,-4
WFI t=200151 a=-3667,-768,1912 g=-3,-2,-4
WFI t=200201 a=-3655,-763,1910 g=-6,0,-5
WFI t=200251 a=-3661,-764,1900 g=-1,0,-5
WFI t=200301 a=-3660,-777,1914 g=-8,-2,-3
WFI t=200351 a=-3656,-760,1921 g=-8,-1,-4
WFI t=200401 a=-3655,-762,1909 g=0,-1,-3
WFI t=200451 a=-3664,-753,1911 g=-3,-2,-4
WFI t=200501 a=-3659,-767,1902 g=3,1,-4
WFI t=200551 a=-3655,-766,1911 g=-3,0,-5
WFI t=200601 a=-3656,-770,1921 g=-6,-1,-4
WFI t=200651 a=-3648,-756,1910 g=-1,-2,-5
WFI t=200701 a=-3654,-762,1917 g=-6,-1,-4
WFI t=200787 a=-3644,-758,1915 g=-4,-3,-4
WFI t=201044 a=-3655,-763,1923 g=-3,0,-3
WFI t=201046 a=-3660,-766,1924 g=-3,-2,-3
WFI t=201048 a=-3660,-766,1924 g=-3,-2,-3
WFI t=201050 a=-3662,-764,1918 g=1,-2,-3
WFI t=201052 a=-3662,-764,1918 g=1,-2,-3
WFI t=201054 a=-3662,-764,1918 g=1,-2,-3
WFI t=201101 a=-3653,-762,1918 g=-5,-1,-4
WFI t=201151 a=-3661,-774,1924 g=-5,0,-5
WFI t=201201 a=-3666,-771,1921 g=-2,-2,-3
WFI t=201251 a=-3663,-774,1918 g=-6,0,-3
WFI t=201301 a=-3664,-760,1911 g=-5,-1,-3
WFI t=201351 a=-3665,-765,1914 g=-3,-2,-4
WFI t=201401 a=-3660,-764,1914 g=-4,-2,-3
WFI t=201451 a=-3656,-762,1906 g=-3,-1,-4
WFI t=201501 a=-3656,-767,1913 g=-3,0,-3
WFI t=201551 a=-3666,-772,1910 g=-2,-1,-4
WFI t=201601 a=-3665,-763,1903 g=-2,-2,-4
WFI t=201651 a=-3658,-761,1915 g=-5,-1,-3
WFE t=201675 bms subscribed val=0x0010 cccd=0x0011 ctrl=0x0014 mtu=512 regs=62
WFE t=201676 bms conn itvl=80 latency=0 timeout=600
WFE t=201688 bms reconnected (attempt 5)
WFE t=201693 bms mtu event mtu=512
WFI t=201701 a=-3663,-773,1898 g=-3,-1,-3
WFE t=201706 bms conn update req itvl=12-12 latency=0 timeout=400 via=l2cap
WFI t=201751 a=-3659,-765,1914 g=-4,-2,-3
WFI t=201801 a=-3655,-764,1916 g=0,1,-4
WFI t=201851 a=-3663,-764,1917 g=-4,0,-3
WFI t=201901 a=-3660,-766,1917 g=-1,0,-3
WFI t=201951 a=-3653,-764,1910 g=-2,0,-4
WFR t=201974 src=bms type=0x02 len=129 data=d2037c0ee80ee80ee90ee80ee80ee80ee80ee90ee70ee80ee90ee90eec0eec0eec0eeb0eed0eed0eee0eed0eed0eed0eee0eee0eec0eee0eed0eed0000000000000000003d0000000000000000000000000000042d752f02ad0eee0ee7003d003d00000156001c0001001d0000000100010eea0007000a000000000000000002a0
WFI t=202001 a=-3655,-751,1914 g=-4,-1,-5
WFI t=202052 a=-3649,-756,1908 g=-3,-1,-5
WFI t=202101 a=-3659,-768,1917 g=-3,0,-3
WFI t=202151 a=-3650,-767,1906 g=-5,1,-4
WFI t=202201 a=-3672,-756,1914 g=2,-1,-3
WFI t=202251 a=-3659,-755,1917 g=-2,-2,-3
WFE t=202274 bms conn update status=0 itvl=12 latency=0 timeout=400
WFI t=202301 a=-3662,-763,1925 g=1,-1,-4
WFI t=202351 a=-3657,-762,1925 g=-3,0,-4
WFI t=202401 a=-3658,-762,1902 g=-9,-1,-5
WFI t=202451 a=-3658,-770,1918 g=-5,-1,-4
WFI t=202501 a=-3660,-767,1909 g=-4,0,-3
WFI t=202551 a=-3654,-768,1907 g=-7,1,-4
WFI t=202601 a=-3649,-769,1920 g=-3,-1,-3
WFI t=202651 a=-3655,-763,1918 g=-3,-2,-3
WFI t=202701 a=-3656,-757,1925 g=-3,0,-4
WFI t=202751 a=-3659,-765,1902 g=-7,-2,-3
WFI t=202891 a=-3661,-770,1922 g=-6,-1,-4
WFI t=202908 a=-3652,-764,1913 g=-5,-1,-5
WFI t=202911 a=-3647,-765,1918 g=-6,0,-4
WFI t=202951 a=-3661,-755,1911 g=-3,-1,-5
WFI t=203001 a=-3650,-773,1909 g=-5,-1,-4
WFI t=203051 a=-3656,-764,1905 g=-6,-1,-5
WFI t=203101 a=-3662,-765,1918 g=-6,0,-4
WFR t=203129 src=bms type=0x02 len=129 data=d2037c0ee80ee80ee80ee80ee80ee80ee90ee90ee70ee80ee80ee90eec0eec0eed0eeb0eed0eed0eee0eed0eed0eee0eee0eee0eec0eee0eed0eee0000000000000000003d0000000000000000000000000000042d752f02ad0eee0ee7003d003d00000156001c0001001d0000000100010eea0007000a0000000000000000339d
WFI t=203151 a=-3660,-762,1921 g=-2,-2,-4
WFI t=203201 a=-3649,-759,1916 g=-4,-2,-4
WFI t=203251 a=-3661,-773,1914 g=-9,-3,-4
WFI t=203301 a=-3660,-760,1902 g=-4,-2,-4
WFI t=203351 a=-3659,-766,1918 g=-2,0,-5
WFI t=203401 a=-3655,-768,1921 g=-8,-1,-3
WFI t=203451 a=-3658,-759,1912 g=-12,-3,-4
WFI t=203501 a=-3644,-760,1899 g=0,0,-4
WFI t=203551 a=-3665,-781,1911 g=-3,0,-4
WFI t=203601 a=-3661,-769,1918 g=-6,-3,-5
WFI t=203651 a=-3663,-776,1904 g=-2,-2,-5
WFI t=203701 a=-3665,-762,1913 g=1,0,-4
WFT t=203709 batt_mv=4170 rssi_mcu=0 rssi_bms=-81 mcu=0 bms=142 dropped=0
WFI t=203751 a=-3663,-764,1917 g=-6,1,-4
WFI t=203801 a=-3664,-774,1912 g=-4,-2,-4
WFI t=203851 a=-3655,-764,1908 g=-1,0,-4
WFI t=203901 a=-3665,-766,1918 g=0,-1,-5
WFI t=203951 a=-3653,-774,1912 g=-6,-1,-3
WFI t=204001 a=-3659,-764,1907 g=-2,-1,-3
WFI t=204051 a=-3663,-769,1910 g=0,0,-3
WFI t=204101 a=-3651,-773,1903 g=0,-1,-5
WFR t=204119 src=bms type=0x02 len=129 data=d2037c0ee80ee80ee80ee80ee80ee80ee80ee90ee70ee80ee90ee90eec0eec0eec0eeb0eec0eed0eee0eed0eed0eee0eee0eee0eec0eed0eed0eed0000000000000000003d0000000000000000000000000000042d752f02ad0eee0ee7003d003d00000156001c0001001d0000000100010eea0007000a0000000000000000962a
WFI t=204151 a=-3654,-759,1914 g=-4,-2,-3
WFI t=204201 a=-3645,-764,1905 g=0,1,-4
WFI t=204251 a=-3645,-767,1916 g=-3,-1,-4
WFI t=204301 a=-3658,-770,1916 g=-3,-2,-4
WFI t=204351 a=-3661,-762,1910 g=-4,-1,-5
WFI t=204401 a=-3662,-754,1908 g=0,0,-4
WFI t=204451 a=-3665,-760,1912 g=-3,-2,-3
WFI t=204501 a=-3668,-758,1914 g=-6,-1,-5
WFI t=204551 a=-3645,-756,1912 g=-1,0,-5
WFI t=204601 a=-3651,-760,1922 g=-3,0,-5
WFI t=204651 a=-3651,-752,1905 g=-2,-2,-4
WFI t=204701 a=-3663,-754,1903 g=2,0,-4
WFI t=204751 a=-3657,-751,1903 g=-1,0,-4
WFI t=204899 a=-3654,-754,1924 g=-3,0,-4
WFI t=204916 a=-3666,-764,1913 g=-4,-2,-4
WFI t=204918 a=-3653,-759,1914 g=-1,-1,-4
WFI t=204951 a=-3661,-771,1905 g=-8,-1,-4
WFI t=205001 a=-3660,-776,1902 g=-3,0,-4
WFI t=205051 a=-3656,-761,1911 g=0,-1,-3
WFI t=205101 a=-3649,-758,1903 g=-6,-1,-4
WFR t=205139 src=bms type=0x02 len=129 data=d2037c0ee80ee80ee80ee80ee90ee80ee80ee90ee70ee80ee90ee90eec0eec0eec0eeb0eed0eed0eee0eed0eed0eee0eee0eee0eec0eed0eed0eed0000000000000000003d0000000000000000000000000000042d752f02ad0eee0ee7003d003d00000156001c0001001d0000000100010eea0007000a0000000000000000d090
WFI t=205151 a=-3658,-758,1909 g=-5,0,-3
WFI t=205201 a=-3665,-753,1914 g=-6,-1,-4
WFI t=205251 a=-3659,-762,1922 g=-2,-1,-3
WFI t=205301 a=-3651,-768,1905 g=-3,0,-4
WFI t=205351 a=-3663,-757,1905 g=-4,-1,-5
WFI t=205401 a=-3665,-764,1910 g=-2,0,-5
WFI t=205451 a=-3656,-764,1910 g=-2,-1,-4
WFI t=205501 a=-3662,-757,1905 g=-4,-2,-4
WFI t=205551 a=-3668,-767,1899 g=-10,1,-3
WFI t=205601 a=-3652,-769,1906 g=-5,-2,-5
WFI t=205651 a=-3655,-765,1918 g=-4,0,-3
WFI t=205701 a=-3657,-761,1907 g=-1,-2,-3
WFI t=205751 a=-3654,-758,1898 g=-2,0,-3
WFI t=205801 a=-3655,-763,1905 g=-2,0,-5
WFI t=205851 a=-3660,-764,1908 g=-2,1,-4
WFI t=205901 a=-3655,-753,1916 g=-1,-1,-4
WFI t=205951 a=-3660,-764,1921 g=-3,-1,-5
WFI t=206001 a=-3656,-762,1917 g=-9,-3,-4
WFI t=206051 a=-3646,-777,1901 g=-3,1,-4
WFI t=206101 a=-3668,-756,1896 g=2,0,-4
WFR t=206129 src=bms type=0x02 len=129 data=d2037c0ee80ee70ee80ee80ee80ee80ee80ee90ee70ee80ee80ee90eec0eec0eec0eeb0eec0eed0eee0eed0eed0eee0eee0eee0eec0eed0eed0eed0000000000000000003d0000000000000000000000000000042d752f02ad0eee0ee7003d003d00000156001c0001001d0000000100010eea0007000a000000000000000039f3
WFI t=206151 a=-3654,-755,1903 g=3,0,-3
WFI t=206201 a=-3661,-755,1902 g=1,-1,-4
WFI t=206251 a=-3664,-764,1908 g=1,1,-4
WFI t=206301 a=-3669,-769,1921 g=0,0,-4
WFI t=206351 a=-3660,-762,1915 g=-4,-1,-4
WFI t=206401 a=-3666,-773,1929 g=-7,-1,-3
WFI t=206451 a=-3662,-769,1912 g=-1,0,-3
WFI t=206501 a=-3668,-758,1902 g=-2,0,-4
WFI t=206551 a=-3656,-757,1920 g=-7,-1,-4
WFI t=206601 a=-3658,-766,1907 g=-5,-1,-5
WFI t=206651 a=-3668,-750,1908 g=-4,-1,-3
WFI t=206701 a=-3653,-760,1908 g=-5,0,-5
WFI t=206751 a=-3659,-755,1904 g=-5,-1,-3
WFI t=206903 a=-3652,-752,1912 g=-2,-2,-4
WFI t=206920 a=-3658,-758,1908 g=-1,0,-4
WFI t=206922 a=-3658,-758,1908 g=-1,0,-4
WFI t=206951 a=-3666,-766,1920 g=-3,0,-3
WFI t=207001 a=-3660,-763,1917 g=-2,1,-4
WFI t=207051 a=-3664,-764,1916 g=-1,-1,-3
WFI t=207101 a=-3667,-770,1905 g=-6,0,-4
WFR t=207136 src=bms type=0x02 len=129 data=d2037c0ee80ee80ee90ee80ee80ee80ee80ee90ee70ee80ee80ee90eec0eec0eec0eeb0eec0eed0eee0eed0eed0eee0eee0eee0eec0eee0eed0eed0000000000000000003d0000000000000000000000000000042d752f02ad0eee0ee7003d003d00000156001c0001001d0000000100010eea0007000a0000000000000000dc35
WFI t=207151 a=-3664,-765,1912 g=1,0,-4
WFI t=207201 a=-3664,-767,1921 g=0,-2,-4
WFI t=207251 a=-3651,-760,1921 g=-3,-2,-4
WFI t=207301 a=-3659,-767,1912 g=1,-1,-4
WFI t=207351 a=-3664,-767,1899 g=-8,-3,-5
WFI t=207401 a=-3654,-775,1924 g=-7,-1,-5
WFI t=207451 a=-3663,-759,1925 g=-3,0,-4
WFI t=207501 a=-3654,-762,1918 g=-1,-1,-4
WFI t=207551 a=-3660,-767,1906 g=-2,1,-3
WFI t=207601 a=-3658,-758,1898 g=-3,1,-5
WFI t=207651 a=-3668,-761,1908 g=1,0,-4
WFI t=207701 a=-3660,-758,1907 g=-1,0,-5
WFI t=207751 a=-3661,-764,1912 g=-7,0,-4
WFI t=207801 a=-3659,-769,1914 g=-2,-1,-5
WFI t=207851 a=-3664,-766,1905 g=-6,-2,-4
WFI t=207901 a=-3654,-761,1918 g=-2,-1,-4
WFI t=207951 a=-3651,-768,1915 g=-3,-1,-3
WFI t=208001 a=-3661,-768,1901 g=-1,0,-4
WFI t=208051 a=-3661,-777,1905 g=-6,-1,-5
WFI t=208101 a=-3646,-767,1900 g=-8,-2,-4
WFR t=208139 src=bms type=0x02 len=129 data=d2037c0ee80ee80ee80ee80ee90ee80ee90ee90ee70ee80ee80ee90eec0eec0eec0eeb0eec0eed0eee0eed0eed0eee0eee0eee0eec0eed0eed0eed0000000000000000003d0000000000000000000000000000042d752f02ad0eee0ee7003d003d00000156001c0001001d0000000100010eea0007000a0000000000000000b48b
WFI t=208151 a=-3663,-769,1930 g=-2,-1,-4
WFI t=208209 a=-3662,-765,1911 g=-8,-2,-5
WFI t=208251 a=-3653,-761,1909 g=-6,-2,-3
WFI t=208301 a=-3662,-763,1915 g=2,-2,-4
WFI t=208351 a=-3662,-764,1925 g=0,0,-3
WFI t=208401 a=-3665,-768,1917 g=-5,0,-3
WFI t=208451 a=-3649,-762,1906 g=-7,-2,-5
WFI t=208501 a=-3659,-749,1909 g=-2,-2,-5
WFI t=208551 a=-3660,-767,1913 g=1,-1,-5
WFI t=208601 a=-3664,-767,1918 g=-8,-2,-5
WFI t=208651 a=-3665,-762,1912 g=-8,-2,-4
WFI t=208701 a=-3652,-767,1916 g=-5,0,-5
WFT t=208733 batt_mv=4188 rssi_mcu=0 rssi_bms=-84 mcu=0 bms=147 dropped=0
WFI t=208751 a=-3658,-768,1917 g=-3,1,-3
WFI t=208894 a=-3655,-761,1903 g=-1,-1,-4
WFI t=208964 a=-3674,-751,1916 g=0,0,-4
WFI t=209063 a=-3654,-763,1906 g=-1,-2,-5
WFI t=209079 a=-3650,-769,1915 g=-5,0,-3
WFI t=209081 a=-3655,-771,1901 g=-2,-1,-3
WFI t=209083 a=-3661,-760,1912 g=-3,-2,-3
WFI t=209101 a=-3666,-763,1905 g=-3,-2,-5
WFI t=209151 a=-3658,-759,1908 g=2,-1,-4
WFI t=209201 a=-3649,-763,1917 g=-4,-2,-7
WFI t=209251 a=-3658,-760,1913 g=-4,0,-3
WFR t=209279 src=bms type=0x02 len=129 data=d2037c0ee80ee70ee80ee80ee80ee80ee90ee90ee60ee80ee80ee90eec0eec0eec0eeb0eec0eed0eee0eed0eed0eee0eee0eed0eec0eee0eed0eed0000000000000000003d0000000000000000000000000000042d752f02ad0eee0ee6003d003d00000156001c0001001d0000000100010eea0008000a0000000000000000d5c0
WFI t=209301 a=-3660,-756,1908 g=-1,-2,-3
WFI t=209351 a=-3669,-765,1901 g=-1,0,-3
WFI t=209401 a=-3667,-763,1901 g=-3,-1,-4
WFI t=209451 a=-3671,-756,1912 g=1,0,-4
WFI t=209501 a=-3668,-772,1903 g=-6,-1,-4
WFI t=209551 a=-3668,-768,1901 g=-5,0,-4
WFI t=209601 a=-3661,-767,1913 g=-3,-2,-5
WFI t=209651 a=-3664,-755,1903 g=-6,0,-5
WFI t=209701 a=-3658,-758,1918 g=-4,-2,-2
WFI t=209751 a=-3655,-772,1912 g=-4,-1,-5
WFI t=209801 a=-3662,-766,1908 g=-5,-1,-3
WFI t=209851 a=-3650,-764,1911 g=-2,-1,-5
WFI t=209901 a=-3663,-761,1909 g=-3,-1,-4
WFI t=209951 a=-3679,-765,1925 g=-5,-1,-4
WFI t=210001 a=-3666,-762,1915 g=0,1,-5
WFI t=210051 a=-3653,-770,1924 g=-8,-2,-4
WFI t=210101 a=-3653,-761,1918 g=-2,-1,-4
WFI t=210151 a=-3662,-768,1923 g=-1,1,-4
WFI t=210201 a=-3648,-770,1915 g=0,-2,-5
WFI t=210251 a=-3655,-756,1918 g=-1,1,-4
WFR t=210270 src=bms type=0x02 len=129 data=d2037c0ee80ee80ee80ee80ee80ee80ee90ee80ee70ee80ee80ee90eec0eec0eec0eeb0eec0eed0eee0eed0eed0eee0eee0eee0eec0eee0eed0eed0000000000000000003d0000000000000000000000000000042d752f02ad0eee0ee7003d003d00000156001c0001001d0000000100010eea0007000a00000000000000000e4a
WFI t=210301 a=-3660,-758,1920 g=-1,-1,-4
WFI t=210351 a=-3645,-767,1904 g=-6,1,-3
WFI t=210401 a=-3666,-770,1914 g=-3,-2,-4
WFI t=210451 a=-3663,-775,1909 g=-6,-1,-6
WFI t=210501 a=-3652,-762,1921 g=-4,0,-4
WFI t=210551 a=-3664,-755,1913 g=-6,0,-4
WFI t=210601 a=-3656,-771,1909 g=-2,-1,-5
WFI t=210651 a=-3668,-772,1914 g=-3,-1,-4
WFI t=210701 a=-3665,-759,1909 g=-4,-2,-4
WFI t=210751 a=-3662,-764,1915 g=-2,-1,-3
WFI t=210834 a=-3658,-759,1921 g=-3,0,-4
WFI t=210853 a=-3656,-762,1917 g=-9,-1,-5
WFI t=210914 a=-3656,-767,1922 g=-3,-1,-4
WFI t=211008 a=-3671,-752,1909 g=-9,-2,-3
WFI t=211010 a=-3655,-769,1915 g=-6,-1,-3
WFI t=211051 a=-3656,-766,1907 g=-5,1,-5
WFI t=211101 a=-3640,-778,1904 g=-4,-1,-6
WFI t=211151 a=-3663,-757,1915 g=-2,0,-3
WFI t=211201 a=-3669,-762,1907 g=-4,-1,-3
WFI t=211251 a=-3658,-768,1910 g=-2,-1,-4
WFR t=211275 src=bms type=0x02 len=129 data=d2037c0ee80ee80ee80ee80ee80ee80ee90ee80ee70ee80ee90ee90eec0eec0eec0eeb0eed0eed0eee0eed0eed0eee0eee0eee0eec0eed0eed0eed0000000000000000003d0000000000000000000000000000042d753002ad0eee0ee7003d003d00000156001c0001001d0000000100010eea000700000000000000000000d8bf
WFI t=211301 a=-3646,-751,1904 g=-3,-1,-7
WFI t=211351 a=-3652,-775,1921 g=-3,-1,-4
WFI t=211401 a=-3652,-766,1917 g=-3,0,-2
WFI t=211451 a=-3661,-773,1900 g=-5,0,-4
WFI t=211501 a=-3660,-762,1904 g=-1,-2,-4
WFI t=211551 a=-3660,-755,1898 g=0,0,-5
WFI t=211601 a=-3656,-759,1923 g=-4,-2,-5
WFI t=211651 a=-3664,-748,1924 g=-7,-1,-2
WFI t=211701 a=-3669,-762,1910 g=-3,-2,-5
WFI t=211751 a=-3648,-773,1902 g=1,0,-5
WFI t=211801 a=-3668,-777,1908 g=0,0,-5
WFI t=211851 a=-3656,-769,1915 g=-4,-5,-2
WFI t=211901 a=-3663,-769,1910 g=-6,-1,0
WFI t=211951 a=-3656,-763,1912 g=-7,-2,-4
WFI t=212001 a=-3666,-753,1903 g=0,-2,-4
WFI t=212051 a=-3635,-754,1913 g=1,-1,-5
WFI t=212101 a=-3656,-773,1920 g=-9,-4,-3
WFI t=212151 a=-3661,-769,1909 g=-3,-1,-4
WFI t=212201 a=-3659,-762,1903 g=-3,0,-5
WFI t=212251 a=-3661,-779,1910 g=-2,0,-4
WFR t=212280 src=bms type=0x02 len=129 data=d2037c0ee80ee80ee80ee80ee80ee80ee90ee90ee70ee80ee90ee90eec0eec0eed0eeb0eed0eed0eee0eed0eed0eee0eee0eee0eec0eed0eed0eee0000000000000000003d0000000000000000000000000000042d752f02ad0eee0ee7003d003d00000156001c0001001d0000000100010eea0007000a00000000000000006883
WFI t=212301 a=-3656,-763,1918 g=-3,0,-4
WFI t=212351 a=-3656,-765,1907 g=-2,-1,-3
WFI t=212401 a=-3675,-755,1916 g=-3,0,-6
WFI t=212451 a=-3661,-770,1926 g=2,-2,-5
WFI t=212501 a=-3645,-771,1917 g=-5,-1,-4
WFI t=212551 a=-3651,-771,1905 g=-9,0,-3
WFI t=212601 a=-3655,-768,1903 g=-9,0,-3
WFI t=212651 a=-3647,-774,1897 g=-1,-1,-6
WFI t=212701 a=-3672,-762,1925 g=-3,-1,-6
WFI t=212751 a=-3656,-765,1926 g=-5,-3,-3
WFI t=212801 a=-3655,-761,1903 g=-7,0,-1
WFI t=212948 a=-3648,-765,1918 g=1,0,-5
WFI t=212950 a=-3648,-765,1918 g=1,0,-5
WFI t=212953 a=-3664,-779,1924 g=-2,-1,-4
WFI t=213001 a=-3670,-749,1917 g=-3,-2,-2
WFI t=213051 a=-3654,-762,1907 g=-4,-2,-4
WFI t=213101 a=-3661,-757,1899 g=-6,-1,-7
WFI t=213151 a=-3658,-760,1925 g=-2,1,-5
WFI t=213201 a=-3663,-755,1930 g=-3,-2,-5
WFI t=213251 a=-3651,-762,1918 g=-6,-2,-2
WFI t=213301 a=-3654,-758,1913 g=-4,0,-2
WFR t=213345 src=bms type=0x02 len=129 data=d2037c0ee80ee80ee80ee80ee80ee80ee80ee80ee70ee80ee80ee90eec0eec0eec0eeb0eed0eed0eee0eed0eed0eee0eee0eee0eec0eee0eee0eed0000000000000000003d0000000000000000000000000000042d752f02ad0eee0ee7003d003d00000156001c0001001d0000000100010eea0007000a00000000000000008839
WFI t=213351 a=-3653,-755,1902 g=-1,0,-4
WFI t=213401 a=-3653,-758,1904 g=-5,-1,-4
WFI t=213451 a=-3669,-766,1908 g=-1,-2,-4
WFI t=213501 a=-3668,-762,1914 g=-1,-1,-4
WFI t=213551 a=-3664,-771,1927 g=-3,-1,-5
WFI t=213601 a=-3661,-772,1921 g=-3,0,-3
WFI t=213651 a=-3644,-768,1909 g=-7,0,-3
WFI t=213701 a=-3662,-771,1891 g=-1,1,-4
WFT t=213738 batt_mv=4188 rssi_mcu=0 rssi_bms=-76 mcu=0 bms=152 dropped=0
WFI t=213751 a=-3669,-766,1914 g=-3,0,-5
WFI t=213801 a=-3648,-765,1925 g=-7,-1,-4
WFI t=213851 a=-3657,-759,1916 g=-4,-2,-4
WFI t=213901 a=-3662,-758,1916 g=-6,-2,-3
WFI t=213951 a=-3655,-772,1910 g=-1,-1,-6
WFI t=214001 a=-3653,-759,1923 g=-5,2,-7
WFI t=214051 a=-3662,-775,1907 g=-5,-1,-3
WFI t=214101 a=-3663,-759,1907 g=-7,-1,-4
WFI t=214151 a=-3674,-771,1899 g=-1,0,-4
WFI t=214201 a=-3675,-761,1914 g=-6,-3,-5
WFI t=214251 a=-3652,-766,1922 g=3,-1,-3
WFI t=214301 a=-3664,-757,1916 g=-5,-1,-4
WFR t=214350 src=bms type=0x02 len=129 data=d2037c0ee80ee80ee90ee80ee80ee80ee90ee90ee70ee80ee90ee90eec0eec0eec0eeb0eec0eed0eee0eed0eed0eee0eee0eee0eec0eee0eed0eed0000000000000000003d0000000000000000000000000000042d753002ad0eee0ee7003d003d00000156001c0001001d0000000100010eea00070000000000000000000035c5
WFI t=214352 a=-3662,-768,1898 g=1,-1,-5
WFI t=214401 a=-3651,-767,1921 g=-8,1,-5
WFI t=214451 a=-3643,-768,1909 g=-6,0,-4
WFI t=214501 a=-3662,-772,1888 g=-5,-2,-2
WFI t=214551 a=-3649,-768,1903 g=-4,-1,-4
WFI t=214601 a=-3664,-767,1895 g=-2,-2,-5
WFI t=214651 a=-3660,-763,1928 g=-2,0,-4
WFI t=214701 a=-3643,-767,1901 g=-4,-1,-4
WFI t=214751 a=-3658,-770,1905 g=-4,-2,-2
WFI t=214801 a=-3654,-766,1908 g=-9,0,-4
WFI t=214868 a=-3644,-764,1902 g=-4,0,-5
WFI t=214963 a=-3645,-756,1922 g=-4,-2,-3
WFI t=214965 a=-3654,-757,1909 g=-4,-1,-3
WFI t=215001 a=-3660,-765,1918 g=-3,-3,-4
WFI t=215051 a=-3657,-760,1915 g=-3,0,-5
WFI t=215101 a=-3656,-769,1921 g=1,0,-6
WFI t=215151 a=-3652,-768,1898 g=-7,0,-4
WFI t=215201 a=-3651,-758,1905 g=-7,-1,-4
WFI t=215251 a=-3673,-768,1905 g=-4,-2,-4
WFI t=215301 a=-3669,-766,1917 g=-5,-1,-4
WFI t=215351 a=-3650,-764,1907 g=-6,-3,-6
WFR t=215370 src=bms type=0x02 len=129 data=d2037c0ee80ee70ee80ee80ee80ee80ee90ee90ee70ee80ee90ee90eec0eec0eec0eeb0eec0eed0eee0eed0eed0eee0eee0eee0eec0eee0eed0eed0000000000000000003d0000000000000000000000000000042d752f02ad0eee0ee7003d003d00000156001c0001001d0000000100010eea0007000a0000000000000000141b
WFI t=215401 a=-3663,-753,1918 g=-4,-2,-3
WFI t=215451 a=-3653,-772,1907 g=-1,-1,-4
WFI t=215501 a=-3657,-773,1910 g=-6,-2,-6
WFI t=215551 a=-3660,-765,1905 g=-3,-3,-3
WFI t=215601 a=-3643,-766,1918 g=-1,-1,-4
WFI t=215651 a=-3660,-769,1899 g=-4,0,-4
WFI t=215701 a=-3677,-756,1914 g=0,1,-5
WFI t=215751 a=-3663,-767,1911 g=0,0,-5
WFI t=215801 a=-3656,-763,1910 g=-4,-1,-3
WFI t=215851 a=-3650,-778,1907 g=-3,-1,-4
WFI t=215901 a=-3507,-888,1891 g=-6,0,-5
WFI t=215951 a=-3628,-758,1950 g=-5,-1,-5
WFI t=216001 a=-3656,-758,1904 g=-5,-2,-3
WFI t=216051 a=-3656,-776,1935 g=-4,-1,-4
WFI t=216101 a=-3650,-761,1910 g=-5,-1,-4
WFI t=216151 a=-3649,-764,1903 g=-6,-1,-5
WFI t=216201 a=-3655,-758,1917 g=-7,0,-4
WFI t=216251 a=-3649,-758,1911 g=1,-2,-4
WFI t=216301 a=-3645,-768,1908 g=-3,0,-5
WFI t=216351 a=-3653,-767,1907 g=-2,-1,-4
WFR t=216360 src=bms type=0x02 len=129 data=d2037c0ee80ee80ee90ee80ee80ee80ee90ee90ee70ee80ee90ee90eec0eec0eec0eeb0eed0eed0eee0eed0eed0eee0eee0eee0eec0eee0eed0eed0000000000000000003d0000000000000000000000000000042d752f02ad0eee0ee7003d003d00000156001c0001001d0000000100010eea0007000a0000000000000000b82e
WFI t=216407 a=-3663,-763,1908 g=-4,-1,-3
WFI t=216451 a=-3659,-771,1918 g=-2,0,-4
WFI t=216501 a=-3657,-764,1916 g=3,1,-4
WFI t=216551 a=-3666,-762,1906 g=-6,0,-5
WFI t=216601 a=-3652,-761,1905 g=-6,-1,-4
WFI t=216651 a=-3657,-761,1905 g=-6,-1,-4
WFI t=216701 a=-3676,-764,1905 g=-5,0,-5
WFI t=216751 a=-3648,-766,1905 g=-3,0,-4
WFI t=216801 a=-3663,-769,1914 g=-1,0,-4
WFI t=216874 a=-3674,-754,1923 g=-7,0,-3
WFI t=217000 a=-3666,-767,1901 g=1,0,-5
WFI t=217106 a=-3659,-762,1901 g=-4,-2,-5
WFI t=217109 a=-3654,-761,1912 g=-4,-2,-3
WFI t=217111 a=-3654,-761,1912 g=-4,-2,-3
WFI t=217113 a=-3651,-769,1902 g=-3,-2,-4
WFI t=217151 a=-3666,-763,1910 g=2,0,-5
WFI t=217202 a=-3653,-766,1921 g=-2,0,-3
WFI t=217251 a=-3650,-765,1914 g=1,-2,-3
WFI t=217301 a=-3669,-760,1906 g=-8,-4,-3
WFI t=217351 a=-3671,-765,1907 g=-2,-2,-6
WFI t=217401 a=-3650,-773,1912 g=-1,0,-6
WFR t=217410 src=bms type=0x02 len=129 data=d2037c0ee80ee80ee80ee80ee80ee80ee80ee90ee70ee80ee90ee90eec0eec0eec0eeb0eec0eec0eee0eed0eed0eee0eee0eee0eec0eed0eed0eed0000000000000000003d0000000000000000000000000000042d752f02ad0eee0ee7003d003d00000156001c0001001d0000000100010eea0007000a00000000000000003a2b
WFI t=217451 a=-3641,-767,1913 g=-9,-2,-4
WFI t=217501 a=-3662,-757,1902 g=-8,-1,-2
WFI t=217551 a=-3682,-767,1890 g=-4,-3,-4
WFI t=217601 a=-3659,-784,1910 g=0,0,-6
WFI t=217651 a=-3656,-761,1923 g=0,0,-5
WFI t=217701 a=-3633,-759,1918 g=-5,0,-4
WFI t=217751 a=-3648,-762,1888 g=-10,-3,-1
WFI t=217801 a=-3718,-769,1928 g=-8,-1,-5
WFI t=217851 a=-3657,-758,1901 g=1,1,-9
WFI t=217901 a=-3607,-764,1894 g=-3,-1,-4
WFI t=217951 a=-3667,-754,1909 g=-7,-1,-1
WFI t=218001 a=-3675,-760,1898 g=-6,-1,-3
WFI t=218051 a=-3611,-766,1891 g=7,1,-6
WFI t=218101 a=-3659,-757,1939 g=-3,1,-9
WFI t=218151 a=-3632,-750,1957 g=-5,-1,-1
WFI t=218201 a=-3671,-774,1895 g=-14,-2,-1
WFI t=218251 a=-3647,-779,1861 g=-3,-2,-6
WFI t=218301 a=-3655,-771,1908 g=12,1,-9
WFI t=218351 a=-3654,-757,1914 g=-3,-3,-4
WFI t=218401 a=-3670,-751,1914 g=-16,-4,2
WFR t=218415 src=bms type=0x02 len=129 data=d2037c0ee80ee80ee80ee80ee80ee80ee90ee90ee70ee80ee90ee90eec0eec0eec0eeb0eed0eed0eee0eed0eed0eee0eee0eee0eec0eed0eed0eed0000000000000000003d0000000000000000000000000000042d752f02ad0eee0ee7003d003d00000156001c0001001d0000000100010eea0007000a00000000000000005c1c
WFI t=218451 a=-3696,-755,1901 g=-8,-2,-3
WFI t=218501 a=-3665,-760,1903 g=7,1,-9
WFI t=218551 a=-3635,-765,1933 g=3,0,-7
WFI t=218601 a=-3665,-761,1930 g=-11,-1,0
WFI t=218651 a=-3660,-776,1900 g=-10,-2,-2
WFI t=218701 a=-3644,-785,1873 g=3,-1,-6
WFI t=218751 a=-3659,-753,1918 g=0,1,-7
WFI t=218801 a=-3655,-751,1912 g=-6,1,-3
WFT t=218810 batt_mv=4188 rssi_mcu=0 rssi_bms=-89 mcu=0 bms=157 dropped=0
WFI t=218950 a=-3653,-758,1893 g=-8,-4,-1
WFI t=218966 a=-3638,-759,1901 g=5,-1,-9
WFI t=218968 a=-3655,-763,1915 g=1,2,-8
WFI t=219001 a=-3642,-768,1925 g=-7,1,-5
WFI t=219051 a=-3641,-769,1915 g=-10,-2,2
WFI t=219101 a=-3671,-776,1889 g=-7,-3,-3
WFI t=219151 a=-3659,-762,1907 g=6,1,-8
WFI t=219201 a=-3646,-761,1908 g=-2,1,-5
WFI t=219251 a=-3671,-766,1935 g=-6,-2,0
WFI t=219301 a=-3658,-753,1886 g=-9,-3,-1
WFI t=219351 a=-3657,-762,1890 g=1,-1,-6
WFI t=219401 a=-3657,-768,1930 g=4,0,-8
WFR t=219420 src=bms type=0x02 len=129 data=d2037c0ee80ee70ee80ee80ee80ee80ee80ee90ee70ee80ee90ee90eec0eec0eec0eeb0eec0eed0eee0eed0eed0eee0eee0eee0eec0eee0eed0eed0000000000000000003d0000000000000000000000000000042d752f02ad0eee0ee7003d003d00000156001c0001001d0000000100010eea0007000a000000000000000062ed
WFI t=219451 a=-3654,-755,1932 g=-4,-1,-3
WFI t=219501 a=-3653,-767,1892 g=-10,-3,0
WFI t=219551 a=-3689,-777,1910 g=0,0,-5
WFI t=219601 a=-3651,-762,1903 g=3,1,-10
WFI t=219651 a=-3616,-760,1925 g=-5,-1,-6
WFI t=219701 a=-3658,-747,1935 g=-10,-2,1
WFI t=219751 a=-3665,-768,1904 g=-11,0,1
WFI t=219801 a=-3680,-768,1902 g=6,-2,-7
WFI t=219851 a=-3664,-767,1917 g=-2,2,-9
WFI t=219901 a=-3639,-747,1903 g=-9,-1,-4
WFI t=219951 a=-3630,-787,1881 g=-12,-2,-2
WFI t=220001 a=-3670,-771,1899 g=-1,-3,-6
WFI t=220051 a=-3678,-768,1931 g=0,0,-8
WFI t=220101 a=-3639,-776,1889 g=-9,-2,-3
WFI t=220151 a=-3617,-787,1906 g=-8,-3,0
WFI t=220201 a=-3671,-780,1901 g=2,0,-6
WFI t=220251 a=-3599,-789,1918 g=9,1,-10
WFI t=220301 a=-3620,-771,1979 g=-3,-2,-4
WFI t=220351 a=-3653,-755,1947 g=-20,-2,3
WFI t=220401 a=-3677,-781,1876 g=-16,-3,1
WFR t=220425 src=bms type=0x02 len=129 data=d2037c0ee80ee70ee80ee80ee80ee80ee90ee90ee70ee80ee90ee90eec0eec0eec0eeb0eec0eed0eed0eed0eed0eee0eee0eee0eec0eee0eed0eed0000000000000000003d0000000000000000000000000000042d752e02ad0eee0ee7003d003d00000156001c0001001d0000000100010eea0007001500000000000000002e50
WFI t=220451 a=-3662,-796,1859 g=-1,1,-7
WFI t=220501 a=-3648,-770,1885 g=12,2,-11
WFI t=220551 a=-3655,-758,1916 g=-1,0,-6
WFI t=220601 a=-3668,-759,1904 g=-14,-4,2
WFI t=220651 a=-3674,-747,1888 g=-12,-2,-1
WFI t=220701 a=-3676,-758,1892 g=9,1,-6
WFI t=220751 a=-3662,-737,1914 g=0,1,-8
WFI t=220801 a=-3651,-751,1915 g=-7,0,-4
WFI t=220874 a=-3688,-781,1871 g=-10,-3,-3
WFI t=220970 a=-3621,-795,1881 g=-5,-2,-8
WFI t=220972 a=-3640,-759,1902 g=-2,1,-7
WFI t=221001 a=-3600,-818,1879 g=-4,-2,-4
WFI t=221051 a=-3641,-801,1901 g=-9,-3,1
WFI t=221101 a=-3644,-786,1921 g=-6,-2,-4
WFI t=221151 a=-3611,-774,1915 g=1,0,-6
WFI t=221201 a=-3666,-741,1947 g=-3,0,-3
WFI t=221251 a=-3680,-762,1914 g=-13,-2,1
WFI t=221301 a=-3670,-764,1860 g=-11,-2,-1
WFI t=221351 a=-3675,-755,1840 g=3,0,-5
WFI t=221401 a=-3695,-754,1911 g=10,1,-8
WFR t=221430 src=bms type=0x02 len=129 data=d2037c0ee80ee80ee80ee80ee80ee80ee90ee90ee70ee80ee90ee90eec0eec0eec0eeb0eec0eed0eee0eed0eed0eee0eee0eee0eec0eed0eed0eee0000000000000000003d0000000000000000000000000000042d752f02ad0eee0ee7003d003d00000156001c0001001d0000000100010eea0007000a0000000000000000f1ef
WFI t=221451 a=-3651,-752,1922 g=-5,-2,-6
WFI t=221501 a=-3652,-765,1900 g=-5,-3,1
WFI t=221551 a=-3660,-770,1918 g=-6,-2,-2
WFI t=221601 a=-3643,-766,1911 g=5,1,-9
WFI t=221651 a=-3619,-795,1912 g=0,1,-5
WFI t=221701 a=-3639,-767,1918 g=-9,-3,-1
WFI t=221751 a=-3659,-766,1918 g=-12,-2,-3
WFI t=221801 a=-3657,-766,1908 g=0,1,-7
WFI t=221851 a=-3649,-747,1928 g=-7,-1,-5
WFI t=221901 a=-3661,-755,1904 g=-12,-3,0
WFI t=221951 a=-3696,-755,1870 g=-8,-2,-2
WFI t=222001 a=-3669,-760,1885 g=2,0,-8
WFI t=222051 a=-3663,-761,1913 g=1,1,-10
WFI t=222101 a=-3633,-761,1924 g=-4,-1,-3
WFI t=222151 a=-3641,-760,1911 g=-12,-3,1
WFI t=222201 a=-3669,-761,1890 g=-2,-2,0
WFI t=222251 a=-3684,-787,1891 g=3,2,-9
WFI t=222301 a=-3649,-776,1925 g=4,-1,-7
WFI t=222351 a=-3639,-773,1935 g=-1,-1,-4
WFI t=222401 a=-3648,-771,1921 g=-10,-1,-2
WFR t=222435 src=bms type=0x02 len=129 data=d2037c0ee80ee80ee80ee80ee80ee80ee90ee90ee70ee80ee80ee90eec0eec0eec0eeb0eed0eed0eee0eed0eed0eee0eee0eee0eec0eee0eed0eed0000000000000000003d0000000000000000000000000000042d752e02ad0eee0ee7003d003d00000156001c0001001d0000000100010eea0007001500000000000000008c8f
WFI t=222451 a=-3661,-750,1896 g=-6,-1,-4
WFI t=222501 a=-3645,-761,1885 g=-4,0,-5
WFI t=222551 a=-3667,-759,1894 g=-2,-3,-2
WFI t=222601 a=-3687,-764,1917 g=-5,0,-4
WFI t=222651 a=-3666,-761,1897 g=-2,0,-7
WFI t=222701 a=-3639,-744,1946 g=2,-1,-5
WFI t=222751 a=-3646,-760,1939 g=-1,-2,-4
WFI t=222801 a=-3652,-761,1920 g=-10,-2,-2
WFI t=222909 a=-3666,-781,1896 g=2,-1,-3
WFI t=222912 a=-3653,-766,1903 g=3,0,-7
WFI t=223047 a=-3661,-756,1906 g=-8,-1,-1
WFI t=223049 a=-3661,-756,1906 g=-8,-1,-1
WFI t=223051 a=-3661,-756,1906 g=-8,-1,-1
WFI t=223101 a=-3672,-773,1906 g=-4,-1,-3
WFI t=223151 a=-3653,-766,1904 g=2,2,-6
WFI t=223201 a=-3660,-755,1926 g=1,0,-4
WFI t=223251 a=-3658,-761,1933 g=-5,1,-3
WFI t=223301 a=-3648,-771,1901 g=-8,-2,-3
WFI t=223351 a=-3663,-763,1885 g=-4,-1,-5
WFI t=223401 a=-3656,-762,1909 g=-1,-1,-6
WFR t=223440 src=bms type=0x02 len=129 data=d2037c0ee80ee70ee80ee80ee80ee80ee80ee90ee70ee80ee90ee90eec0eec0eec0eeb0eec0eed0eee0eed0eed0eee0eee0eee0eec0eed0eed0eed0000000000000000003d0000000000000000000000000000042d752f02ad0eee0ee7003d003d00000156001c0001001d0000000100010eea0007000a000000000000000097de
WFI t=223451 a=-3645,-767,1907 g=-3,-1,-3
WFI t=223501 a=-3665,-765,1918 g=-1,-1,-4
WFI t=223551 a=-3667,-762,1920 g=0,-2,-5
WFI t=223601 a=-3648,-764,1918 g=0,0,-5
WFI t=223651 a=-3653,-770,1921 g=-2,0,-3
WFI t=223701 a=-3668,-775,1912 g=-3,-1,-3
WFI t=223751 a=-3652,-770,1884 g=-7,-3,-5
WFI t=223801 a=-3651,-771,1891 g=2,-2,-5
WFT t=223836 batt_mv=4186 rssi_mcu=0 rssi_bms=-80 mcu=0 bms=162 dropped=0
WFI t=223851 a=-3646,-765,1936 g=-3,0,-5
WFI t=223901 a=-3649,-783,1917 g=-5,0,-2
WFI t=223951 a=-3655,-762,1900 g=-6,-2,-2
WFI t=224001 a=-3657,-764,1918 g=-9,0,-4
WFI t=224051 a=-3646,-767,1903 g=-5,-1,-5
WFI t=224101 a=-3658,-776,1918 g=0,0,-5
WFI t=224151 a=-3653,-765,1905 g=-3,1,-3
WFI t=224201 a=-3643,-773,1900 g=-2,1,-4
WFI t=224251 a=-3653,-766,1894 g=-4,-2,-4
WFI t=224301 a=-3658,-752,1915 g=1,-2,-5
WFI t=224351 a=-3638,-751,1918 g=-5,-1,-3
WFI t=224401 a=-3657,-754,1915 g=-6,-3,-5
WFR t=224445 src=bms type=0x02 len=129 data=d2037c0ee80ee80ee80ee80ee80ee80ee90ee90ee70ee80ee90ee90eec0eec0eec0eeb0eec0eec0eee0eed0eed0eee0eee0eee0eec0eed0eed0eed0000000000000000003d0000000000000000000000000000042d752e02ad0eee0ee7003d003d00000156001c0001001d0000000100010eea000700150000000000000000c750
WFI t=224451 a=-3657,-763,1910 g=-2,-3,-4
WFI t=224512 a=-3655,-775,1924 g=0,-1,-3
WFI t=224551 a=-3640,-771,1899 g=-2,-1,-5
WFI t=224601 a=-3660,-755,1925 g=-6,-2,-5
WFI t=224651 a=-3649,-764,1918 g=-10,-1,-3
WFI t=224701 a=-3661,-779,1905 g=-1,-3,-4
WFI t=224751 a=-3652,-753,1902 g=-1,0,-7
WFI t=224801 a=-3642,-762,1918 g=-4,0,-5
WFI t=224934 a=-3664,-770,1911 g=-8,-1,-3
WFI t=225093 a=-3681,-762,1899 g=-7,0,-5
WFI t=225110 a=-3658,-766,1924 g=-7,-1,-2
WFI t=225113 a=-3658,-766,1924 g=-7,-1,-2
WFI t=225115 a=-3658,-751,1917 g=-7,0,-3
WFI t=225117 a=-3658,-751,1917 g=-7,0,-3
WFI t=225151 a=-3669,-779,1906 g=-9,-1,-4
WFI t=225201 a=-3658,-774,1899 g=-7,-1,-5
WFI t=225251 a=-3676,-778,1921 g=-2,2,-5
WFI t=225301 a=-3651,-765,1909 g=-1,-2,-4
WFI t=225351 a=-3663,-755,1913 g=-5,-2,-1
WFI t=225401 a=-3664,-765,1911 g=-5,-2,-3
WFI t=225451 a=-3662,-753,1891 g=4,-1,-6
WFR t=225495 src=bms type=0x02 len=129 data=d2037c0ee80ee70ee80ee80ee80ee80ee90ee90ee70ee80ee80ee90eec0eec0eec0eeb0eec0eed0eee0eed0eed0eee0eee0eee0eec0eee0eee0eed0000000000000000003d0000000000000000000000000000042d752e02ad0eee0ee7003d003d00000156001c0001001d0000000100010eea0007001500000000000000007dfe
WFI t=225501 a=-3652,-769,1915 g=1,1,-5
WFI t=225551 a=-3679,-765,1909 g=1,0,-4
WFI t=225601 a=-3662,-745,1887 g=-11,2,-3
WFI t=225651 a=-3656,-774,1872 g=-5,-1,-5
WFI t=225701 a=-3661,-781,1893 g=3,0,-6
WFI t=225751 a=-3637,-779,1938 g=-1,-1,-7
WFI t=225801 a=-3643,-774,1915 g=-6,-3,-3
WFI t=225851 a=-3661,-775,1907 g=-4,-2,-1
WFI t=225901 a=-3671,-753,1894 g=-7,-2,-5
WFI t=225951 a=-3653,-756,1903 g=-2,1,-6
WFI t=226001 a=-3652,-750,1928 g=0,0,-4
WFI t=226051 a=-3664,-758,1920 g=-7,0,-4
WFI t=226101 a=-3657,-762,1902 g=-4,-2,-2
WFI t=226151 a=-3654,-772,1900 g=-4,-1,-6
WFI t=226201 a=-3658,-770,1894 g=-4,0,-5
WFI t=226251 a=-3673,-768,1911 g=-3,-1,-5
WFI t=226302 a=-3668,-766,1909 g=-5,-1,-3
WFI t=226351 a=-3658,-767,1909 g=1,0,-3
WFI t=226401 a=-3647,-765,1903 g=0,-1,-3
WFI t=226451 a=-3648,-756,1916 g=-4,-1,-3
WFR t=226501 src=bms type=0x02 len=129 data=d2037c0ee80ee70ee80ee80ee80ee80ee80ee90ee70ee80ee90ee90eec0eec0eec0eeb0eec0eec0eed0eed0eed0eee0eee0eee0eec0eed0eed0eed0000000000000000003d0000000000000000000000000000042d752f02ad0eee0ee7003d003d00000156001c0001001d0000000100010eea0007000a00000000000000008a19
WFI t=226502 a=-3656,-765,1913 g=-4,-1,-2
WFI t=226552 a=-3669,-779,1904 g=-5,1,-4
WFI t=226601 a=-3657,-768,1889 g=-5,-1,-5
WFI t=226651 a=-3656,-763,1890 g=-8,0,-4
WFI t=226701 a=-3651,-776,1898 g=-2,0,-4
WFI t=226751 a=-3664,-767,1909 g=-3,-1,-4
WFI t=226801 a=-3668,-758,1917 g=-2,-2,-5
WFI t=226979 a=-3654,-765,1895 g=-5,-1,-2
WFI t=226994 a=-3664,-761,1914 g=4,1,-6
WFI t=226996 a=-3667,-758,1918 g=1,0,-6
WFI t=227001 a=-3665,-763,1909 g=-4,-1,-7
WFI t=227051 a=-3665,-753,1923 g=3,-1,-5
WFI t=227101 a=-3648,-774,1897 g=-7,0,-4
WFI t=227151 a=-3658,-782,1889 g=1,-1,-2
WFI t=227201 a=-3667,-763,1895 g=-3,-1,-5
WFI t=227251 a=-3645,-766,1921 g=-1,-2,-6
WFI t=227301 a=-3644,-753,1935 g=-4,-1,-4
WFI t=227351 a=-3672,-763,1912 g=-8,-2,-1
WFI t=227401 a=-3663,-758,1892 g=-4,-1,-4
WFI t=227451 a=-3662,-758,1896 g=0,1,-6
WFI t=227501 a=-3636,-770,1909 g=-2,-2,-6
WFI t=227551 a=-3651,-760,1923 g=-6,-3,-4
WFI t=227601 a=-3665,-769,1899 g=-7,-2,-2
WFR t=227611 src=bms type=0x02 len=129 data=d2037c0ee80ee70ee80ee80ee80ee80ee90ee90ee70ee80ee90ee90eec0eec0eec0eeb0eed0eed0eee0eed0eed0eee0eee0eee0eec0eed0eed0eed0000000000000000003d0000000000000000000000000000042d753002ad0eee0ee7003d003d00000156001c0001001d0000000100010eea0007000000000000000000006cc3
WFI t=227651 a=-3641,-764,1905 g=-6,0,-6
WFI t=227701 a=-3654,-760,1918 g=-3,-1,-6
WFI t=227751 a=-3655,-748,1914 g=-7,0,-4
WFI t=227801 a=-3654,-758,1913 g=-6,-2,-3
WFI t=227851 a=-3673,-762,1915 g=-10,-1,-5
WFI t=227901 a=-3661,-769,1903 g=-2,1,-6
WFI t=227951 a=-3634,-768,1905 g=-4,0,-5
WFI t=228001 a=-3658,-779,1915 g=-3,0,-3
WFI t=228051 a=-3655,-757,1911 g=-6,0,-3
WFI t=228101 a=-3667,-773,1913 g=2,-1,-4
WFI t=228151 a=-3672,-765,1923 g=-4,-2,-5
WFI t=228201 a=-3648,-767,1903 g=-3,0,-4
WFI t=228251 a=-3645,-760,1889 g=-3,-2,-3
WFI t=228301 a=-3662,-761,1900 g=-1,0,-3
WFI t=228351 a=-3662,-762,1916 g=-1,0,-6
WFI t=228401 a=-3649,-759,1914 g=-5,1,-5
WFI t=228451 a=-3659,-756,1906 g=-5,-2,-4
WFI t=228501 a=-3652,-763,1894 g=-6,-2,-3
WFI t=228551 a=-3665,-756,1911 g=-3,-2,-4
WFR t=228601 src=bms type=0x02 len=129 data=d2037c0ee80ee70ee80ee80ee90ee80ee90ee90ee70ee80ee90ee90eec0eec0eec0eeb0eed0eec0eed0eed0eed0eee0eee0eee0eec0eed0eed0eed0000000000000000003d0000000000000000000000000000042d752e02ad0eee0ee7003d003d00000156001c0001001d0000000100010eea00070015000000000000000031d8
WFI t=228601 a=-3678,-767,1914 g=1,-1,-4
WFI t=228651 a=-3651,-774,1924 g=-1,-1,-5
WFI t=228702 a=-3665,-751,1910 g=-4,-2,-3
WFI t=228751 a=-3664,-760,1903 g=-7,0,-5
WFI t=228801 a=-3649,-768,1886 g=-8,0,-4
WFI t=228852 a=-3678,-763,1897 g=1,0,-6
WFI t=228978 a=-3668,-754,1913 g=4,1,-4
WFI t=228995 a=-3651,-779,1914 g=-5,-1,-2
WFT t=228996 batt_mv=4170 rssi_mcu=0 rssi_bms=-85 mcu=0 bms=167 dropped=0
WFI t=229001 a=-3667,-739,1917 g=-9,-1,-3
WFI t=229051 a=-3670,-754,1910 g=-2,0,-3
WFI t=229101 a=-3681,-742,1918 g=-1,1,-6
WFI t=229152 a=-3671,-756,1918 g=-5,2,-7
WFI t=229202 a=-3648,-758,1923 g=-6,-1,-5
WFI t=229251 a=-3651,-766,1889 g=-7,-2,-3
WFI t=229302 a=-3651,-776,1893 g=-2,-1,-6
WFI t=229351 a=-3659,-759,1913 g=2,-2,-6
WFI t=229401 a=-3678,-756,1943 g=-1,2,-4
WFI t=229452 a=-3676,-748,1937 g=-6,-1,-3
WFI t=229501 a=-3736,-689,1738 g=237,-202,-122
WFI t=229551 a=-3643,-689,1965 g=-9,6,-4
WFI t=229602 a=-3647,-713,1918 g=-3,-2,-4
WFI t=229651 a=-3660,-707,1935 g=-5,-1,-5
WFI t=229701 a=-3662,-717,1946 g=1,-3,-4
WFI t=229752 a=-3642,-708,1964 g=-3,1,-6
WFI t=229801 a=-3638,-679,1950 g=-8,-2,-4
WFI t=229851 a=-3664,-682,1959 g=-9,-4,-3
WFI t=229901 a=-3647,-691,1955 g=-5,-1,-4
WFI t=229951 a=-3642,-701,1937 g=0,-1,-6
WFI t=230001 a=-3648,-696,1946 g=0,-1,-6
WFI t=230052 a=-3642,-715,1955 g=-8,-1,-3
WFI t=230101 a=-3645,-710,1941 g=-1,-2,-2
WFI t=230151 a=-3648,-698,1940 g=-4,-2,-5
WFI t=230201 a=-3654,-695,1957 g=-2,-2,-5
WFI t=230251 a=-3672,-691,1957 g=-5,-2,-5
WFI t=230301 a=-3643,-709,1948 g=-6,-3,-4
WFI t=230352 a=-3631,-702,1941 g=-6,1,-5
WFI t=230401 a=-3638,-712,1927 g=0,-1,-4
WFI t=230451 a=-3657,-708,1939 g=1,0,-3
WFI t=230502 a=-3663,-704,1953 g=-2,0,-4
WFI t=230551 a=-3631,-702,1958 g=-1,-1,-5
WFI t=230601 a=-3645,-689,1955 g=-1,-1,-3
WFI t=230652 a=-3652,-688,1945 g=-11,-2,-3
WFI t=230701 a=-3654,-704,1937 g=-2,-1,-4
WFI t=230751 a=-3655,-710,1931 g=1,-1,-6
WFI t=230801 a=-3642,-703,1949 g=1,1,-6
WFI t=230851 a=-3642,-703,1935 g=-1,-2,-4
WFI t=230918 a=-3651,-709,1950 g=-11,-1,-2
WFI t=231015 a=-3649,-698,1949 g=-4,-3,-7
WFI t=231017 a=-3662,-695,1951 g=-4,-2,-6
WFI t=231052 a=-3640,-691,1963 g=-6,0,-5
WFI t=231102 a=-3657,-709,1932 g=-5,-1,-3
WFI t=231151 a=-3646,-702,1917 g=-2,-2,-4
WFI t=231201 a=-3656,-710,1943 g=0,-1,-5
WFI t=231251 a=-3647,-704,1946 g=2,0,-5
WFI t=231301 a=-3652,-690,1950 g=-1,1,-2
WFI t=231351 a=-3656,-692,1954 g=-10,-2,-2
WFI t=231401 a=-3652,-705,1944 g=-5,0,-4
WFI t=231451 a=-3659,-688,1950 g=-5,3,-5
WFI t=231501 a=-3640,-692,1954 g=-3,0,-2
WFI t=231552 a=-3641,-711,1941 g=-4,0,-4
WFI t=231601 a=-3650,-721,1939 g=1,-1,-4
WFI t=231651 a=-3653,-700,1951 g=-2,-2,-6
WFI t=231701 a=-3648,-687,1957 g=-6,-1,-4
WFI t=231751 a=-3661,-694,1944 g=-5,0,-1
WFI t=231801 a=-3652,-692,1940 g=-5,0,-4
WFI t=231851 a=-3657,-691,1930 g=0,0,-4
WFI t=231901 a=-3638,-701,1944 g=-7,0,-5
WFI t=231951 a=-3649,-700,1944 g=-5,0,-4
WFI t=232001 a=-3644,-705,1956 g=-5,0,-4
WFI t=232051 a=-3648,-698,1954 g=-3,0,-4
WFI t=232101 a=-3653,-710,1959 g=-3,-1,-3
WFI t=232151 a=-3659,-702,1953 g=-2,0,-4
WFI t=232201 a=-3650,-698,1943 g=-4,1,-4
WFI t=232251 a=-3647,-696,1949 g=-1,1,-4
WFI t=232301 a=-3644,-705,1942 g=-4,2,-3
WFI t=232351 a=-3650,-708,1937 g=-8,-1,-3
WFI t=232401 a=-3648,-699,1948 g=-9,-2,-5
WFI t=232451 a=-3648,-700,1942 g=-1,-1,-6
WFI t=232501 a=-3643,-693,1959 g=-4,0,-4
WFI t=232551 a=-3653,-690,1955 g=-4,-1,-3
WFI t=232601 a=-3658,-696,1943 g=-6,0,-3
WFI t=232651 a=-3643,-697,1935 g=-4,-1,-4
WFI t=232701 a=-3651,-695,1926 g=-3,0,-6
WFI t=232751 a=-3649,-698,1956 g=-4,0,-4
WFI t=232801 a=-3653,-701,1956 g=-11,-3,-3
WFI t=232851 a=-3645,-710,1937 g=0,-1,-4
WFI t=232995 a=-3640,-693,1947 g=-3,0,-5
WFI t=233011 a=-3645,-713,1945 g=-5,1,-3
WFI t=233013 a=-3643,-710,1933 g=-7,-3,-5
WFI t=233052 a=-3644,-700,1946 g=-6,0,-4
WFI t=233101 a=-3659,-700,1948 g=-5,1,-6
WFI t=233151 a=-3666,-702,1946 g=-8,-3,-5
WFI t=233201 a=-3649,-701,1930 g=-4,-1,-3
WFI t=233251 a=-3644,-697,1942 g=-5,-2,-4
WFI t=233301 a=-3640,-709,1942 g=-3,-2,-4
WFI t=233351 a=-3662,-715,1973 g=-1,-2,-3
WFI t=233401 a=-3670,-702,1954 g=-10,-2,-4
WFI t=233451 a=-3646,-705,1948 g=-5,-2,-3
WFI t=233501 a=-3636,-697,1922 g=-2,0,-4
WFI t=233551 a=-3663,-691,1942 g=-3,0,-5
WFI t=233601 a=-3653,-703,1956 g=1,0,-4
WFI t=233651 a=-3663,-698,1949 g=0,-2,-2
WFI t=233701 a=-3649,-697,1940 g=-1,-1,-4
WFI t=233751 a=-3630,-705,1936 g=-6,1,-5
WFI t=233801 a=-3641,-702,1950 g=-3,-2,-4
WFI t=233851 a=-3647,-698,1935 g=-4,-2,-4
WFI t=233901 a=-3647,-700,1948 g=-5,-2,-3
WFI t=233951 a=-3653,-702,1934 g=-9,-1,-4
WFI t=234016 a=-3650,-698,1946 g=-5,-1,-6
WFT t=234025 batt_mv=4188 rssi_mcu=0 rssi_bms=-82 mcu=0 bms=167 dropped=0
WFI t=234051 a=-3657,-698,1963 g=1,-1,-4
WFI t=234101 a=-3648,-693,1947 g=-7,-2,-4
WFI t=234151 a=-3650,-692,1940 g=-6,1,-5
WFI t=234201 a=-3650,-706,1934 g=-5,-2,-4
WFI t=234251 a=-3651,-710,1956 g=-4,1,-5
WFI t=234361 a=-3642,-701,1939 g=-6,-2,-4
WFI t=234363 a=-3646,-704,1944 g=-4,0,-4
WFI t=234476 a=-3652,-695,1960 g=-1,-1,-5
WFI t=234479 a=-3652,-698,1956 g=-5,-2,-4
WFI t=234501 a=-3650,-688,1963 g=-5,0,-5
WFI t=234551 a=-3654,-696,1934 g=-1,0,-4
WFI t=234601 a=-3660,-716,1940 g=-4,0,-4
WFI t=234651 a=-3662,-690,1932 g=-5,0,-5
WFI t=234701 a=-3649,-711,1955 g=-4,0,-4
WFI t=234751 a=-3657,-701,1941 g=1,-1,-2
WFI t=234801 a=-3652,-693,1945 g=-8,-3,-3
WFI t=234851 a=-3647,-693,1954 g=3,-1,-5
WFI t=235000 a=-3637,-709,1948 g=-2,0,-4
WFI t=235015 a=-3660,-707,1933 g=-3,-1,-4
WFI t=235017 a=-3649,-711,1933 g=-6,0,-4
WFI t=235051 a=-3639,-708,1937 g=-5,-3,-5
WFI t=235101 a=-3655,-696,1939 g=-4,0,-5
WFI t=235151 a=-3667,-704,1945 g=-2,-1,-3
WFI t=235201 a=-3646,-702,1940 g=-6,0,-2
WFI t=235251 a=-3655,-697,1946 g=-3,-1,-4
WFI t=235301 a=-3665,-697,1944 g=0,-1,-5
WFI t=235351 a=-3646,-703,1943 g=-6,-2,-5
WFI t=235401 a=-3652,-695,1937 g=-6,-2,-6
WFI t=235451 a=-3643,-712,1936 g=1,-1,-3
WFI t=235501 a=-3657,-713,1932 g=-5,0,-5
WFI t=235551 a=-3651,-695,1945 g=-9,-1,-5
WFI t=235601 a=-3659,-701,1950 g=-5,0,-5
WFI t=235651 a=-3650,-705,1953 g=-3,0,-5
WFI t=235701 a=-3659,-700,1936 g=-5,0,-3
WFI t=235751 a=-3658,-707,1940 g=-2,-1,-3
WFI t=235801 a=-3636,-705,1939 g=-5,-2,-5
WFI t=235851 a=-3651,-688,1941 g=-3,0,-3
WFI t=235901 a=-3659,-698,1946 g=0,-2,-5
WFI t=235951 a=-3651,-693,1946 g=-7,-1,-5
WFI t=236001 a=-3661,-702,1940 g=-2,-2,-3
WFI t=236051 a=-3653,-694,1948 g=-4,-1,-4
WFI t=236101 a=-3657,-704,1936 g=-1,-1,-6
WFI t=236151 a=-3646,-703,1962 g=-115,87,50
WFI t=236201 a=-3663,-694,1914 g=4,1,-4
WFI t=236251 a=-3677,-705,1942 g=-2,1,-4
WFI t=236301 a=-3664,-720,1917 g=-124,89,51
WFI t=236351 a=-3659,-696,1886 g=-3,-4,-8
WFI t=236401 a=-3660,-719,1923 g=-15,7,-5
WFI t=236451 a=-3682,-700,1897 g=-52,37,19
WFI t=236501 a=-3675,-689,1865 g=29,-26,-20
WFI t=236551 a=-3658,-703,1883 g=-33,19,9
WFI t=236601 a=-3684,-693,1856 g=12,-13,-11
WFI t=236651 a=-3681,-704,1887 g=1,0,-4
WFI t=236701 a=-3674,-710,1888 g=-23,16,6
WFI t=236751 a=-3682,-703,1888 g=-1,-3,-6
WFI t=236801 a=-3680,-695,1865 g=2,-1,-7
WFI t=236851 a=-3687,-716,1884 g=1,-3,-4
WFI t=236940 a=-3674,-698,1879 g=1,-2,-6
WFI t=237032 a=-3686,-703,1887 g=-8,-1,-4
WFI t=237034 a=-3685,-718,1890 g=-2,-3,-4
WFI t=237051 a=-3688,-704,1883 g=-7,-2,-5
WFI t=237101 a=-3678,-713,1888 g=-2,0,-4
WFI t=237151 a=-3674,-702,1880 g=-5,-1,-5
WFI t=237201 a=-3678,-712,1887 g=1,0,-3
WFI t=237251 a=-3682,-705,1895 g=-8,0,-2
WFI t=237301 a=-3680,-701,1879 g=-1,0,-4
WFI t=237351 a=-3681,-697,1883 g=-9,4,-4
WFI t=237401 a=-3671,-694,1879 g=-5,0,-3
WFI t=237451 a=-3671,-715,1888 g=-1,-3,-4
WFI t=237501 a=-3678,-697,1883 g=-2,2,-5
WFI t=237551 a=-3685,-699,1906 g=-10,-3,-2
WFI t=237601 a=-3666,-702,1866 g=0,1,-3
WFI t=237651 a=-3683,-704,1882 g=-5,1,-3
WFI t=237701 a=-3694,-706,1891 g=-1,0,-6
WFI t=237751 a=-3678,-701,1892 g=0,-1,-6
WFI t=237801 a=-3687,-706,1877 g=-2,-3,-4
WFI t=237851 a=-3692,-703,1888 g=2,-2,-3
WFI t=237901 a=-3671,-695,1883 g=0,0,-5
WFI t=237951 a=-3677,-698,1881 g=-1,0,-5
WFI t=238001 a=-3689,-707,1884 g=-4,-1,-4
WFI t=238051 a=-3695,-706,1889 g=-7,-2,-5
WFI t=238101 a=-3676,-699,1887 g=-6,-2,-4
WFI t=238151 a=-3685,-690,1896 g=-4,-1,-5
WFI t=238201 a=-3667,-702,1885 g=-8,0,-4
WFI t=238251 a=-3673,-695,1877 g=-3,-2,-4
WFI t=238301 a=-3694,-695,1878 g=-3,-1,-4
WFI t=238351 a=-3678,-702,1889 g=-2,0,-4
WFI t=238401 a=-3666,-718,1883 g=-4,0,-5
WFI t=238451 a=-3678,-710,1892 g=-5,-2,-3
WFI t=238501 a=-3686,-699,1885 g=-7,-2,-3
WFI t=238551 a=-3688,-707,1883 g=-5,-1,-6
WFI t=238601 a=-3675,-704,1900 g=-2,-1,-6
WFI t=238651 a=-3679,-694,1892 g=-3,1,-4
WFI t=238701 a=-3678,-701,1884 g=-8,0,-4
WFE t=238739 bms stale, no frame for 10137 ms, dropping link
WFI t=238751 a=-3661,-702,1887 g=-3,0,-3
WFE t=238752 bms link down (stale) after 27 answers in 37064 ms, writes=37 err=0 silent=10 bytes=3483
WFE t=238771 bms disconnected reason=534
WFI t=238801 a=-3693,-692,1896 g=-8,-4,-6
WFI t=238851 a=-3670,-707,1887 g=-3,0,-4
WFI t=238901 a=-3689,-714,1888 g=-8,-1,-4
WFI t=239031 a=-3679,-718,1882 g=-3,-2,-5
WFI t=239049 a=-3671,-706,1886 g=-3,0,-4
WFI t=239051 a=-3688,-688,1888 g=-3,1,-5
WFI t=239102 a=-3670,-695,1891 g=-8,1,-4
WFI t=239151 a=-3687,-694,1889 g=-3,-1,-3
WFI t=239201 a=-3678,-716,1881 g=-5,-1,-5
WFI t=239251 a=-3674,-691,1896 g=-1,-1,-4
WFI t=239301 a=-3682,-700,1891 g=-3,-1,-3
WFI t=239351 a=-3685,-701,1887 g=-4,0,-3
WFI t=239401 a=-3682,-703,1883 g=-4,1,-4
WFI t=239451 a=-3681,-704,1888 g=-2,0,-5
WFI t=239501 a=-3670,-703,1892 g=-5,0,-4
WFI t=239551 a=-3686,-695,1891 g=-4,0,-2
WFI t=239601 a=-3685,-696,1868 g=-6,-1,-5
WFI t=239651 a=-3676,-703,1876 g=-2,0,-5
WFI t=239701 a=-3676,-695,1881 g=-6,-2,-5
WFI t=239751 a=-3685,-702,1880 g=-6,0,-3
WFI t=239801 a=-3676,-706,1885 g=-6,-3,-4
WFI t=239851 a=-3682,-708,1893 g=-4,-2,-5
WFI t=239901 a=-3680,-698,1897 g=-3,0,-3
WFI t=239951 a=-3687,-710,1891 g=-7,0,-4
WFI t=240001 a=-3689,-698,1882 g=-2,1,-3
WFI t=240051 a=-3686,-695,1888 g=3,-1,-5
WFI t=240101 a=-3671,-708,1887 g=-2,-2,-5
WFI t=240151 a=-3679,-694,1887 g=-8,0,-3
WFI t=240201 a=-3691,-694,1881 g=-2,0,-3
WFI t=240251 a=-3693,-701,1886 g=-5,-1,-4
WFI t=240301 a=-3681,-705,1902 g=-3,0,-4
WFI t=240351 a=-3676,-695,1880 g=-3,-3,-4
WFI t=240401 a=-3675,-698,1899 g=-6,-1,-5
WFI t=240451 a=-3685,-705,1894 g=-1,-1,-4
WFI t=240501 a=-3683,-703,1887 g=-1,-2,-4
WFI t=240551 a=-3676,-701,1874 g=-8,-1,-4
WFI t=240601 a=-3673,-705,1885 g=-4,0,-3
WFI t=240651 a=-3677,-706,1880 g=-2,-2,-4
WFI t=240701 a=-3684,-708,1889 g=1,1,-5
WFI t=240751 a=-3689,-702,1892 g=-3,-1,-5
WFI t=240801 a=-3679,-697,1884 g=-3,0,-4
WFI t=240851 a=-3682,-699,1874 g=-4,-1,-3
WFI t=240901 a=-3677,-699,1903 g=-5,-2,-5
WFI t=241047 a=-3695,-710,1896 g=-4,-2,-4
WFI t=241062 a=-3680,-704,1889 g=-4,1,-3
WFE t=241064 bms subscribed val=0x0010 cccd=0x0011 ctrl=0x0014 mtu=512 regs=62
WFI t=241064 a=-3677,-694,1892 g=-5,-1,-5
WFE t=241065 bms conn itvl=80 latency=0 timeout=600
WFE t=241077 bms reconnected (attempt 6)
WFT t=241084 batt_mv=4188 rssi_mcu=0 rssi_bms=-78 mcu=0 bms=167 dropped=0
WFE t=241085 bms mtu event mtu=512
WFI t=241101 a=-3681,-700,1899 g=-4,-2,-5
WFI t=241151 a=-3675,-703,1904 g=-1,-1,-4
WFI t=241201 a=-3673,-700,1887 g=-2,-1,-5
WFI t=241251 a=-3672,-705,1893 g=0,-1,-4
WFE t=241277 bms conn update req itvl=12-12 latency=0 timeout=400 via=l2cap
WFI t=241301 a=-3675,-705,1886 g=0,0,-3
WFI t=241351 a=-3694,-713,1894 g=-3,-1,-5
WFR t=241377 src=bms type=0x02 len=129 data=d2037c0ee80ee70ee80ee80ee80ee80ee90ee90ee70ee80ee80ee90eec0eec0eec0eeb0eed0eec0eee0eed0eed0eee0eee0eee0eec0eed0eed0eed0000000000000000003d0000000000000000000000000000042d752f02ad0eee0ee7003d003d00000156001c0001001d0000000100010eea0007000a00000000000000005fc4
WFI t=241401 a=-3671,-701,1906 g=-1,-1,-4
WFI t=241451 a=-3687,-704,1892 g=-5,1,-3
WFI t=241501 a=-3682,-704,1877 g=3,0,-4
WFI t=241551 a=-3682,-699,1895 g=-6,1,-4
WFI t=241601 a=-3683,-700,1888 g=-5,0,-5
WFI t=241651 a=-3674,-715,1888 g=-4,-1,-4
WFI t=241701 a=-3689,-718,1886 g=-2,0,-5
WFI t=241751 a=-3674,-710,1897 g=-2,1,-4
WFI t=241801 a=-3678,-702,1891 g=0,0,-4
WFI t=241851 a=-3678,-705,1894 g=0,-1,-4
WFI t=241901 a=-3673,-703,1885 g=-5,-1,-4
WFI t=241951 a=-3677,-700,1897 g=-1,-2,-4
WFE t=241976 bms conn update status=0 itvl=12 latency=0 timeout=400
WFI t=242001 a=-3684,-702,1887 g=1,2,-4
WFI t=242051 a=-3675,-700,1893 g=-6,0,-4
WFI t=242101 a=-3670,-698,1893 g=-5,-1,-5
WFI t=242151 a=-3681,-700,1888 g=-8,-1,-3
WFI t=242201 a=-3682,-702,1897 g=-7,-1,-5
WFI t=242251 a=-3679,-706,1896 g=-9,0,-4
WFI t=242301 a=-3691,-713,1893 g=-5,0,-4
WFI t=242351 a=-3676,-712,1897 g=-5,-1,-4
WFR t=242381 src=bms type=0x02 len=129 data=d2037c0ee80ee70ee90ee80ee80ee80ee90ee90ee70ee80ee80ee90eec0eec0eec0eeb0eec0eed0eee0eed0eed0eee0eee0eee0eec0eed0eed0eed0000000000000000003d0000000000000000000000000000042d752f02ad0eee0ee7003d003d00000156001c0001001d0000000100010eea0007000a00000000000000005e04
WFI t=242401 a=-3695,-707,1878 g=-4,-1,-4
WFI t=242451 a=-3676,-704,1882 g=-6,0,-5
WFI t=242501 a=-3677,-707,1901 g=-1,0,-4
WFI t=242551 a=-3672,-700,1900 g=-7,1,-5
WFI t=242601 a=-3685,-710,1895 g=-1,0,-4
WFI t=242651 a=-3683,-698,1898 g=-3,-1,-3
WFI t=242701 a=-3678,-699,1897 g=1,0,-3
WFI t=242751 a=-3664,-694,1906 g=-2,0,-4
WFI t=242801 a=-3682,-708,1888 g=-1,0,-5
WFI t=242851 a=-3681,-705,1900 g=-8,0,-5
WFI t=242902 a=-3666,-712,1897 g=-5,-1,-5
WFI t=243066 a=-3676,-697,1888 g=-1,0,-3
WFI t=243081 a=-3680,-707,1898 g=-3,-1,-3
WFI t=243083 a=-3680,-687,1897 g=2,-1,-4
WFI t=243101 a=-3690,-709,1894 g=-2,-2,-5
WFI t=243151 a=-3682,-708,1904 g=0,-1,-4
WFI t=243201 a=-3685,-706,1882 g=-11,-2,-4
WFI t=243251 a=-3684,-709,1900 g=-5,-2,-4
WFI t=243301 a=-3703,-719,1885 g=-5,1,-4
WFI t=243364 a=-3687,-703,1891 g=-1,-1,-5
WFI t=243401 a=-3679,-708,1890 g=-2,1,-5
WFR t=243416 src=bms type=0x02 len=129 data=d2037c0ee80ee80ee80ee80ee80ee80ee90ee90ee70ee80ee80ee90eec0eec0eec0eeb0eed0eed0eee0eed0eed0eee0eee0eee0eec0eee0eed0eee0000000000000000003d0000000000000000000000000000042d752f02ad0eee0ee7003d003d00000156001c0001001d0000000100010eea0007000a00000000000000001631
WFI t=243451 a=-3681,-693,1892 g=-2,-3,-3
WFI t=243501 a=-3678,-700,1890 g=-6,0,-4
WFI t=243551 a=-3682,-703,1878 g=-4,-2,-5
WFI t=243601 a=-3669,-704,1881 g=1,0,-5
WFI t=243651 a=-3688,-720,1883 g=-7,-1,-4
WFI t=243701 a=-3694,-696,1888 g=-2,-2,-4
WFI t=243751 a=-3671,-708,1887 g=2,0,-4
WFI t=243801 a=-3681,-708,1892 g=-2,1,-6
WFI t=243851 a=-3674,-700,1896 g=-4,-1,-4
WFI t=243901 a=-3679,-688,1890 g=-1,-2,-4
WFI t=243952 a=-3675,-701,1884 g=-11,-2,-3
WFI t=244001 a=-3680,-710,1882 g=-1,0,-4
WFI t=244051 a=-3691,-709,1896 g=-4,-1,-5
WFI t=244101 a=-3685,-712,1892 g=-1,-2,-3
WFI t=244151 a=-3690,-702,1882 g=-3,-2,-3
WFI t=244201 a=-3689,-718,1884 g=-5,0,-5
WFI t=244251 a=-3682,-697,1901 g=-3,0,-6
WFI t=244301 a=-3681,-699,1894 g=-5,-2,-5
WFI t=244351 a=-3674,-697,1887 g=-10,0,-3
WFI t=244401 a=-3681,-706,1877 g=-1,-2,-6
WFR t=244422 src=bms type=0x02 len=129 data=d2037c0ee80ee70ee80ee80ee80ee80ee90ee90ee70ee80ee80ee90eec0eec0eec0eeb0eed0eec0eee0eed0eed0eee0eee0eee0eec0eed0eed0eed0000000000000000003d0000000000000000000000000000042d752f02ad0eee0ee7003d003d00000156001c0001001d0000000100010eea0007000a00000000000000005fc4
WFI t=244451 a=-3680,-706,1884 g=0,0,-4
WFI t=244501 a=-3678,-705,1892 g=-5,0,-5
WFI t=244551 a=-3673,-700,1889 g=-5,-1,-4
WFI t=244601 a=-3696,-713,1895 g=-6,-1,-4
WFI t=244651 a=-3680,-696,1895 g=-3,1,-5
WFI t=244701 a=-3681,-699,1890 g=-3,-1,-5
WFI t=244751 a=-3686,-697,1878 g=-1,-1,-3
WFI t=244801 a=-3674,-706,1885 g=-5,-4,-4
WFI t=244851 a=-3674,-703,1892 g=-3,-1,-3
WFI t=244901 a=-3674,-695,1886 g=-4,-2,-4
WFI t=245126 a=-3684,-700,1887 g=-2,-1,-3
WFI t=245222 a=-3679,-707,1888 g=0,-1,-4
WFI t=245237 a=-3679,-702,1897 g=-4,-1,-4
WFI t=245239 a=-3682,-702,1886 g=-4,-1,-3
WFI t=245241 a=-3682,-702,1886 g=-4,-1,-3
WFI t=245244 a=-3685,-712,1891 g=-2,-1,-4
WFI t=245251 a=-3687,-701,1885 g=-3,0,-4
WFI t=245301 a=-3677,-709,1892 g=-3,0,-4
WFI t=245351 a=-3688,-699,1882 g=-3,0,-4
WFI t=245401 a=-3673,-709,1891 g=-5,0,-4
WFI t=245451 a=-3685,-708,1885 g=-6,-2,-4
WFR t=245457 src=bms type=0x02 len=129 data=d2037c0ee80ee70ee80ee80ee80ee80ee80ee90ee70ee80ee80ee90eec0eec0eec0eeb0eec0eed0eee0eed0eed0eee0eee0eee0eec0eee0eed0eed0000000000000000003d0000000000000000000000000000042d752f02ad0eee0ee7003d003d00000156001c0001001d0000000100010eea0007000a0000000000000000ccc0
WFI t=245501 a=-3684,-703,1889 g=-4,0,-4
WFI t=245551 a=-3689,-705,1886 g=2,-1,-5
WFI t=245601 a=-3675,-703,1890 g=-5,-2,-4
WFI t=245651 a=-3676,-697,1879 g=-2,-2,-5
WFI t=245701 a=-3673,-700,1887 g=-10,-1,-5
WFI t=245751 a=-3677,-704,1870 g=1,1,-4
WFI t=245801 a=-3668,-722,1883 g=-1,-1,-5
WFI t=245851 a=-3683,-710,1887 g=1,-1,-5
WFI t=245901 a=-3675,-701,1893 g=0,-1,-5
WFI t=245951 a=-3673,-699,1888 g=-1,1,-3
WFI t=246001 a=-3668,-705,1888 g=-8,-1,-4
WFI t=246051 a=-3669,-697,1890 g=-2,-1,-4
WFI t=246101 a=-3689,-704,1891 g=-3,-1,-5
WFI t=246151 a=-3670,-707,1891 g=-1,-1,-5
WFI t=246201 a=-3680,-703,1896 g=-8,-2,-3
WFI t=246251 a=-3682,-710,1888 g=-6,-2,-4
WFT t=246262 batt_mv=4172 rssi_mcu=0 rssi_bms=-80 mcu=0 bms=172 dropped=0
WFI t=246301 a=-3681,-704,1884 g=-5,-1,-4
WFI t=246351 a=-3678,-698,1887 g=-5,-3,-4
WFI t=246401 a=-3671,-698,1892 g=-1,-1,-5
WFI t=246451 a=-3679,-699,1895 g=1,-1,-4
WFR t=246462 src=bms type=0x02 len=129 data=d2037c0ee80ee70ee80ee80ee80ee80ee80ee90ee70ee80ee80ee90eec0eec0eec0eeb0eed0eed0eee0eed0eed0eee0eee0eee0eec0eee0eed0eed0000000000000000003d0000000000000000000000000000042d752e02ad0eee0ee7003d003d00000156001c0001001d0000000100010eea000700150000000000000000fb8d
WFI t=246501 a=-3685,-705,1879 g=-2,-1,-5
WFI t=246551 a=-3678,-714,1880 g=-2,-1,-3
WFI t=246601 a=-3681,-692,1896 g=-3,0,-4
WFI t=246651 a=-3677,-706,1884 g=-1,-1,-4
WFI t=246701 a=-3676,-697,1882 g=-3,0,-5
WFI t=246751 a=-3692,-699,1892 g=-6,-2,-3
WFI t=246801 a=-3678,-692,1899 g=-5,-2,-4
WFI t=246851 a=-3665,-707,1887 g=-4,0,-5
WFI t=246901 a=-3678,-707,1882 g=-4,-2,-4
WFI t=246951 a=-3683,-689,1895 g=-5,0,-5
WFI t=247002 a=-3687,-704,1894 g=-5,-1,-4
WFI t=247172 a=-3672,-712,1885 g=-4,-1,-3
WFI t=247174 a=-3674,-699,1883 g=-6,-1,-6
WFI t=247176 a=-3674,-699,1883 g=-6,-1,-6
WFI t=247201 a=-3685,-721,1895 g=1,-1,-4
WFI t=247251 a=-3679,-692,1898 g=-7,-1,-3
WFI t=247301 a=-3687,-707,1888 g=-2,-1,-3
WFI t=247351 a=-3683,-706,1893 g=-3,0,-5
WFI t=247401 a=-3685,-701,1886 g=-6,0,-5
WFI t=247451 a=-3681,-698,1891 g=-5,0,-4
WFR t=247467 src=bms type=0x02 len=129 data=d2037c0ee80ee70ee80ee80ee80ee80ee90ee90ee70ee80ee90ee90eec0eec0eec0eeb0eec0eed0eee0eed0eed0eee0eee0eee0eec0eee0eed0eed0000000000000000003d0000000000000000000000000000042d752f02ad0eee0ee7003d003d00000156001c0001001d0000000100010eea0007000a0000000000000000141b
WFI t=247501 a=-3683,-702,1889 g=-6,0,-5
WFI t=247551 a=-3683,-686,1897 g=-7,-3,-4
WFI t=247601 a=-3677,-701,1891 g=-6,-1,-4
WFI t=247651 a=-3683,-700,1892 g=1,-3,-4
WFI t=247701 a=-3678,-702,1881 g=-3,-1,-4
WFI t=247751 a=-3692,-707,1888 g=-7,1,-5
WFI t=247802 a=-3683,-705,1887 g=-3,-1,-3
WFI t=247851 a=-3686,-698,1884 g=-4,-1,-4
WFI t=247901 a=-3673,-705,1884 g=-5,0,-3
WFI t=247951 a=-3671,-707,1877 g=-2,1,-4
WFI t=248001 a=-3667,-700,1892 g=-2,0,-5
WFI t=248051 a=-3677,-694,1887 g=-3,-1,-4
WFI t=248101 a=-3680,-705,1885 g=-3,0,-5
WFI t=248151 a=-3685,-698,1881 g=0,-1,-4
WFI t=248201 a=-3688,-691,1899 g=-7,-1,-6
WFI t=248251 a=-3685,-702,1887 g=-7,0,-5
WFI t=248301 a=-3690,-701,1896 g=-4,-1,-4
WFI t=248351 a=-3677,-703,1882 g=0,-2,-4
WFI t=248401 a=-3686,-700,1883 g=-7,0,-5
WFI t=248451 a=-3684,-697,1891 g=-6,-1,-5
WFR t=248457 src=bms type=0x02 len=129 data=d2037c0ee80ee70ee80ee80ee80ee70ee80ee80ee70ee80ee80ee90eec0eec0eec0eeb0eec0eed0eee0eed0eed0eee0eee0eee0eec0eed0eed0eed0000000000000000003d0000000000000000000000000000042d752f02ad0eee0ee7003d003d00000156001c0001001d0000000100010eea0007000a0000000000000000cdff
WFI t=248501 a=-3675,-698,1901 g=-7,-1,-4
WFI t=248551 a=-3685,-715,1891 g=-6,-1,-4
WFI t=248601 a=-3674,-689,1892 g=-3,0,-5
WFI t=248651 a=-3671,-701,1887 g=-5,0,-4
WFI t=248701 a=-3694,-703,1890 g=-3,0,-4
WFI t=248751 a=-3681,-703,1884 g=-6,-3,-4
WFI t=248801 a=-3688,-698,1886 g=-4,0,-5
WFI t=248851 a=-3686,-705,1896 g=2,0,-5
WFI t=248901 a=-3680,-702,1894 g=-2,-1,-4
WFI t=248951 a=-3676,-701,1896 g=-8,0,-4
WFI t=249017 a=-3680,-691,1892 g=-2,-1,-4
WFI t=249110 a=-3683,-698,1890 g=-6,-1,-5
WFI t=249112 a=-3683,-698,1890 g=-6,-1,-5
WFI t=249151 a=-3679,-699,1878 g=-5,1,-4
WFI t=249201 a=-3676,-705,1887 g=-4,-3,-4
WFI t=249251 a=-3693,-714,1881 g=0,-1,-5
WFI t=249301 a=-3680,-713,1896 g=1,-1,-4
WFI t=249351 a=-3678,-702,1881 g=-6,-2,-3
WFI t=249401 a=-3687,-703,1896 g=-3,-1,-4
WFI t=249451 a=-3672,-693,1896 g=-6,-2,-5
WFI t=249501 a=-3676,-697,1885 g=-5,0,-5
WFR t=249507 src=bms type=0x02 len=129 data=d2037c0ee80ee70ee90ee80ee80ee80ee90ee90ee70ee80ee90ee90eec0eec0eec0eeb0eec0eed0eed0eed0eed0eee0eee0eee0eec0eed0eed0eed0000000000000000003d0000000000000000000000000000042d752f02ad0eee0ee7003d003d00000156001c0001001d0000000100010eea0007000a000000000000000041ef
WFI t=249551 a=-3682,-705,1904 g=-7,-1,-4
WFI t=249601 a=-3677,-702,1882 g=-4,0,-4
WFI t=249651 a=-3684,-708,1884 g=-2,-1,-4
WFI t=249701 a=-3684,-696,1889 g=-3,-2,-3
WFI t=249751 a=-3674,-714,1885 g=0,0,-4
WFI t=249801 a=-3690,-714,1901 g=0,-1,-4
WFI t=249851 a=-3683,-702,1894 g=-3,-2,-4
WFI t=249901 a=-3681,-706,1885 g=-3,-1,-4
WFI t=249951 a=-3688,-703,1887 g=-2,-1,-4
WFI t=250001 a=-3679,-700,1884 g=4,-1,-4
WFI t=250051 a=-3689,-705,1893 g=-2,1,-3
WFI t=250101 a=-3689,-702,1891 g=-2,0,-5
WFI t=250151 a=-3683,-709,1894 g=-3,-2,-5
WFI t=250201 a=-3687,-697,1890 g=-2,-2,-4
WFI t=250251 a=-3683,-711,1890 g=-3,0,-4
WFI t=250302 a=-3681,-706,1896 g=-5,0,-3
WFI t=250351 a=-3687,-708,1888 g=-1,-2,-5
WFI t=250401 a=-3696,-716,1891 g=-2,-1,-5
WFI t=250451 a=-3683,-711,1905 g=-6,-1,-6
WFR t=250497 src=bms type=0x02 len=129 data=d2037c0ee80ee70ee80ee80ee80ee80ee90ee90ee70ee80ee80ee90eec0eec0eec0eeb0eec0eec0eee0eed0eed0eee0eee0eee0eec0eee0eed0eed0000000000000000003d0000000000000000000000000000042d752f02ad0eee0ee7003d003d00000156001c0001001d0000000100010eea0007000a00000000000000001637
WFI t=250501 a=-3691,-701,1903 g=-2,0,-4
WFI t=250551 a=-3673,-700,1898 g=0,-2,-5
WFI t=250601 a=-3673,-698,1886 g=-7,0,-2
WFI t=250651 a=-3676,-701,1883 g=-1,-1,-4
WFI t=250701 a=-3686,-705,1894 g=-5,-2,-4
WFI t=250751 a=-3679,-699,1888 g=-3,-2,-6
WFI t=250801 a=-3672,-703,1888 g=-3,0,-4
WFI t=250851 a=-3686,-711,1896 g=-3,0,-4
WFI t=250902 a=-3680,-707,1898 g=-4,-1,-3
WFI t=250951 a=-3683,-704,1900 g=-10,-1,-4
WFI t=251110 a=-3666,-714,1896 g=-3,-1,-5
WFI t=251125 a=-3685,-714,1891 g=-4,-1,-4
WFI t=251127 a=-3681,-704,1889 g=-2,0,-4
WFI t=251151 a=-3675,-712,1894 g=-4,2,-3
WFI t=251201 a=-3674,-699,1886 g=-3,-1,-4
WFI t=251251 a=-3685,-699,1886 g=-2,-2,-4
WFI t=251301 a=-3678,-693,1893 g=0,-1,-5
WFT t=251315 batt_mv=4172 rssi_mcu=0 rssi_bms=-81 mcu=0 bms=177 dropped=0
WFI t=251371 a=-3673,-709,1891 g=-4,0,-4
WFI t=251401 a=-3679,-711,1882 g=2,-2,-4
WFI t=251451 a=-3677,-715,1884 g=-7,-1,-3
WFI t=251501 a=-3680,-703,1893 g=-5,-2,-5
WFR t=251517 src=bms type=0x02 len=129 data=d2037c0ee80ee70ee80ee80ee80ee80ee80ee80ee70ee80ee80ee90eec0eec0eec0eeb0eed0eec0eee0eed0eed0eee0eee0eed0eec0eed0eed0eed0000000000000000003d0000000000000000000000000000042d752f02ad0eee0ee7003d003d00000156001c0001001d0000000100010eea0007000a00000000000000005f79
WFI t=251551 a=-3682,-712,1884 g=1,1,-4
WFI t=251601 a=-3678,-704,1886 g=-6,0,-5
WFI t=251651 a=-3684,-703,1903 g=-2,0,-4
WFI t=251701 a=-3692,-702,1890 g=-5,-1,-4
WFI t=251751 a=-3674,-687,1886 g=-4,-1,-4
WFI t=251801 a=-3672,-700,1890 g=-2,-2,-3
WFI t=251851 a=-3687,-700,1888 g=0,-1,-4
WFI t=251901 a=-3675,-695,1887 g=-3,0,-4
WFI t=251951 a=-3676,-708,1887 g=-6,-1,-4
WFI t=252001 a=-3682,-714,1896 g=-3,0,-4
WFI t=252051 a=-3691,-715,1899 g=-7,-1,-5
WFI t=252101 a=-3673,-703,1889 g=-5,-2,-5
WFI t=252151 a=-3678,-698,1883 g=-3,0,-5
WFI t=252201 a=-3679,-701,1885 g=-3,-1,-5
WFI t=252251 a=-3672,-709,1882 g=-3,1,-3
WFI t=252301 a=-3691,-710,1888 g=-2,-1,-5
WFI t=252351 a=-3683,-705,1890 g=-3,-1,-4
WFI t=252401 a=-3673,-697,1898 g=0,-2,-3
WFI t=252451 a=-3686,-698,1881 g=-2,-1,-4
WFI t=252501 a=-3676,-706,1892 g=-8,-1,-4
WFR t=252507 src=bms type=0x02 len=129 data=d2037c0ee80ee70ee80ee80ee80ee80ee80ee80ee70ee80ee90ee90eec0eec0eec0eeb0eec0eec0eed0eed0eed0eee0eee0eee0eec0eed0eed0eed0000000000000000003d0000000000000000000000000000042d752f02ad0eee0ee7003d003d00000156001c0001001d0000000100010eea0007000a00000000000000003f91
WFI t=252551 a=-3683,-693,1896 g=-1,-1,-4
WFI t=252601 a=-3680,-719,1888 g=-1,-1,-4
WFI t=252651 a=-3670,-704,1890 g=-7,0,-5
WFI t=252701 a=-3672,-699,1889 g=-1,-3,-4
WFI t=252751 a=-3667,-705,1893 g=-2,-2,-5
WFI t=252801 a=-3671,-704,1888 g=-7,-2,-5
WFI t=252851 a=-3683,-705,1898 g=-9,-1,-4
WFI t=252901 a=-3687,-702,1886 g=-2,-1,-3
WFI t=252951 a=-3678,-709,1879 g=-2,-1,-4
WFI t=253100 a=-3688,-698,1875 g=-3,-1,-6
WFI t=253169 a=-3686,-704,1896 g=-4,-1,-4
WFI t=253279 a=-3673,-708,1903 g=-4,0,-4
WFI t=253282 a=-3681,-701,1896 g=-1,-2,-4
WFI t=253284 a=-3681,-701,1896 g=-1,-2,-4
WFI t=253301 a=-3672,-705,1905 g=3,0,-3
WFI t=253351 a=-3679,-699,1889 g=-5,0,-4
WFI t=253401 a=-3676,-701,1895 g=-3,-1,-5
WFI t=253451 a=-3682,-703,1877 g=-2,0,-4
WFI t=253501 a=-3685,-703,1891 g=-1,0,-2
WFI t=253551 a=-3682,-715,1893 g=-7,-1,-4
WFR t=253557 src=bms type=0x02 len=129 data=d2037c0ee80ee80ee80ee80ee80ee80ee90ee80ee70ee80ee80ee90eec0eec0eec0eeb0eec0eed0eee0eed0eed0eee0eee0eee0eec0eed0eed0eed0000000000000000003d0000000000000000000000000000042d753002ad0eee0ee7003d003d00000156001c0001001d0000000100010eea000700000000000000000000ca52
WFI t=253601 a=-3675,-697,1894 g=-6,-1,-3
WFI t=253651 a=-3681,-713,1888 g=-3,-1,-4
WFI t=253701 a=-3680,-698,1891 g=-3,0,-3
WFI t=253751 a=-3680,-705,1873 g=-2,-1,-2
WFI t=253801 a=-3677,-705,1881 g=-1,-1,-3
WFI t=253851 a=-3676,-695,1881 g=-2,0,-5
WFI t=253901 a=-3676,-698,1892 g=-6,-2,-4
WFI t=253951 a=-3680,-710,1905 g=-4,-1,-4
WFI t=254001 a=-3679,-710,1897 g=-4,-3,-4
WFI t=254051 a=-3684,-695,1889 g=-6,-1,-5
WFI t=254101 a=-3685,-700,1885 g=-5,-2,-6
WFI t=254151 a=-3680,-702,1884 g=-3,0,-4
WFI t=254201 a=-3676,-692,1894 g=-3,0,-5
WFI t=254251 a=-3684,-708,1891 g=-4,-2,-4
WFI t=254301 a=-3682,-706,1884 g=-5,0,-5
WFI t=254351 a=-3690,-703,1890 g=-4,-1,-5
WFI t=254401 a=-3688,-701,1885 g=-2,0,-4
WFI t=254451 a=-3672,-702,1900 g=-2,-2,-4
WFI t=254501 a=-3675,-700,1893 g=-2,0,-4
WFI t=254551 a=-3678,-697,1883 g=0,-2,-3
WFR t=254577 src=bms type=0x02 len=129 data=d2037c0ee80ee80ee80ee80ee80ee80ee90ee90ee70ee80ee80ee90eec0eec0eec0eeb0eec0eec0eee0eed0eed0eed0eee0eee0eec0eed0eed0eed0000000000000000003d0000000000000000000000000000042d752f02ad0eee0ee7003d003d00000156001c0001001d0000000100010eea0007000a00000000000000002e88
WFI t=254601 a=-3674,-697,1888 g=-1,-1,-4
WFI t=254651 a=-3682,-693,1871 g=-3,0,-4
WFI t=254701 a=-3678,-707,1880 g=-3,0,-4
WFI t=254751 a=-3691,-698,1889 g=-2,-1,-5
WFI t=254801 a=-3675,-702,1891 g=-6,0,-5
WFI t=254851 a=-3683,-698,1897 g=-3,-1,-3
WFI t=254901 a=-3681,-721,1888 g=-6,0,-3
WFI t=254951 a=-3675,-705,1894 g=-7,-2,-5
WFI t=255121 a=-3682,-700,1892 g=-5,-1,-5
WFI t=255136 a=-3692,-702,1897 g=-6,-2,-4
WFI t=255138 a=-3679,-702,1889 g=-1,-2,-5
WFI t=255151 a=-3687,-693,1886 g=-3,0,-5
WFI t=255201 a=-3681,-697,1892 g=-6,-1,-3
WFI t=255251 a=-3677,-686,1893 g=-8,-2,-4
WFI t=255301 a=-3688,-710,1889 g=-4,0,-4
WFI t=255351 a=-3673,-704,1879 g=-3,-2,-5
WFI t=255401 a=-3680,-699,1889 g=0,0,-6
WFI t=255451 a=-3668,-698,1888 g=-2,-1,-5
WFI t=255501 a=-3673,-691,1895 g=-7,0,-3
WFI t=255551 a=-3680,-715,1883 g=-3,-1,-4
WFR t=255567 src=bms type=0x02 len=129 data=d2037c0ee80ee70ee80ee80ee80ee80ee80ee90ee70ee80ee80ee90eec0eec0eec0eeb0eec0eed0eed0eed0eed0eee0eee0eee0eec0eed0eed0eed0000000000000000003d0000000000000000000000000000042d752f02ad0eee0ee7003d003d00000156001c0001001d0000000100010eea0007000a00000000000000008835
WFI t=255601 a=-3685,-701,1884 g=1,-2,-4
WFI t=255651 a=-3688,-705,1888 g=0,1,-3
WFI t=255701 a=-3672,-706,1891 g=-5,-1,-3
WFI t=255751 a=-3665,-705,1893 g=-2,-2,-3
WFI t=255801 a=-3674,-707,1883 g=-4,-3,-5
WFI t=255851 a=-3682,-706,1893 g=-1,0,-5
WFI t=255901 a=-3671,-705,1888 g=-7,0,-6
WFI t=255951 a=-3676,-707,1899 g=-5,-1,-4
WFI t=256001 a=-3683,-705,1883 g=-1,-1,-4
WFI t=256051 a=-3675,-703,1878 g=-1,-2,-4
WFI t=256101 a=-3671,-704,1889 g=-4,1,-4
WFI t=256151 a=-3684,-710,1880 g=-9,-1,-5
WFI t=256201 a=-3689,-704,1882 g=0,1,-3
WFI t=256251 a=-3684,-714,1881 g=-3,-1,-5
WFI t=256301 a=-3687,-708,1877 g=-3,-1,-4
WFI t=256351 a=-3686,-693,1894 g=-6,-1,-4
WFT t=256385 batt_mv=4172 rssi_mcu=0 rssi_bms=-80 mcu=0 bms=182 dropped=0
WFI t=256401 a=-3679,-708,1890 g=-8,-3,-5
WFI t=256451 a=-3678,-703,1890 g=-4,-1,-4
WFI t=256501 a=-3680,-703,1901 g=-2,-1,-5
WFI t=256551 a=-3677,-704,1882 g=-4,0,-3
WFI t=256602 a=-3680,-692,1890 g=-1,-1,-4
WFR t=256602 src=bms type=0x02 len=129 data=d2037c0ee80ee70ee80ee80ee80ee70ee90ee90ee70ee80ee90ee90eec0eec0eec0eeb0eec0eed0eed0eed0eed0eee0eee0eee0eec0eed0eed0eed0000000000000000003d0000000000000000000000000000042d752f02ad0eee0ee7003d003d00000156001c0001001d0000000100010eea0007000a0000000000000000116a
WFI t=256651 a=-3682,-704,1889 g=-8,0,-4
WFI t=256701 a=-3685,-711,1902 g=-3,-1,-5
WFI t=256751 a=-3682,-704,1890 g=-4,-1,-5
WFI t=256801 a=-3688,-695,1897 g=-2,0,-3
WFI t=256851 a=-3670,-702,1904 g=-2,-1,-3
WFI t=256901 a=-3680,-699,1887 g=-2,-1,-4
WFI t=256951 a=-3670,-699,1893 g=-2,0,-4
WFI t=257001 a=-3678,-710,1887 g=-3,0,-3
WFI t=257152 a=-3682,-707,1889 g=-3,0,-4
WFI t=257154 a=-3682,-710,1899 g=-6,-1,-4
WFI t=257156 a=-3682,-710,1899 g=-6,-1,-4
WFI t=257201 a=-3686,-710,1893 g=-4,-2,-3
WFI t=257251 a=-3681,-695,1884 g=-7,0,-5
WFI t=257301 a=-3678,-709,1887 g=-4,0,-4
WFI t=257351 a=-3679,-711,1895 g=-3,-1,-4
WFI t=257401 a=-3675,-704,1881 g=1,0,-5
WFI t=257451 a=-3678,-699,1891 g=-7,-2,-4
WFI t=257501 a=-3680,-702,1882 g=-6,0,-4
WFI t=257551 a=-3671,-700,1890 g=-4,0,-4
WFI t=257601 a=-3692,-702,1896 g=-1,-2,-4
WFR t=257607 src=bms type=0x02 len=129 data=d2037c0ee80ee70ee80ee80ee80ee80ee90ee80ee70ee80ee90ee90eec0eec0eec0eeb0eec0eed0eed0eed0eed0eee0eee0eee0eec0eee0eed0eed0000000000000000003d0000000000000000000000000000042d752f02ad0eee0ee7003d003d00000156001c0001001d0000000100010eea0007000a00000000000000001055
WFI t=257651 a=-3683,-707,1877 g=-6,-2,-4
WFI t=257701 a=-3688,-703,1884 g=-5,-1,-5
WFI t=257751 a=-3686,-714,1889 g=-5,0,-5
WFI t=257801 a=-3678,-696,1893 g=-1,-2,-5
WFI t=257851 a=-3670,-695,1896 g=-3,0,-3
WFI t=257901 a=-3675,-697,1897 g=-4,0,-4
WFI t=257951 a=-3677,-706,1876 g=-5,0,-5
WFI t=258001 a=-3683,-695,1893 g=-4,2,-5
WFI t=258051 a=-3684,-695,1897 g=-9,0,-5
WFI t=258101 a=-3685,-698,1901 g=-5,-2,-5
WFI t=258151 a=-3676,-704,1882 g=-8,-2,-5
WFI t=258201 a=-3672,-717,1893 g=-6,1,-4
WFI t=258251 a=-3697,-701,1878 g=-3,-1,-5
WFI t=258301 a=-3683,-701,1887 g=-4,-2,-3
WFI t=258351 a=-3665,-697,1894 g=-4,-1,-3
WFI t=258401 a=-3677,-703,1887 g=-4,-1,-5
WFI t=258451 a=-3678,-706,1875 g=-4,-1,-5
WFI t=258501 a=-3679,-708,1886 g=-5,-1,-6
WFI t=258552 a=-3673,-717,1899 g=-8,-2,-5
WFI t=258601 a=-3684,-699,1892 g=-8,0,-4
WFR t=258612 src=bms type=0x02 len=129 data=d2037c0ee80ee70ee80ee80ee80ee80ee80ee90ee70ee80ee80ee90eec0eec0eec0eeb0eed0eed0eee0eed0eed0eee0eee0eee0eec0eed0eed0eee0000000000000000003d0000000000000000000000000000042d752f02ad0eee0ee7003d003d00000156001c0001001d0000000100010eea0007000a00000000000000009400
WFI t=258651 a=-3679,-696,1894 g=-3,-1,-4
WFI t=258702 a=-3681,-699,1888 g=-3,0,-3
WFI t=258751 a=-3693,-707,1892 g=-4,-2,-5
WFI t=258801 a=-3687,-704,1887 g=-6,-1,-4
WFI t=258851 a=-3685,-712,1883 g=-3,-1,-4
WFI t=258901 a=-3684,-699,1890 g=-2,0,-4
WFI t=258951 a=-3674,-698,1884 g=-6,-1,-4
WFI t=259002 a=-3662,-693,1886 g=-4,0,-3
WFI t=259077 a=-3688,-700,1891 g=-2,1,-3
WFI t=259116 a=-3679,-685,1905 g=-7,-2,-3
WFI t=259153 a=-3685,-694,1891 g=0,-2,-4
WFI t=259247 a=-3677,-708,1884 g=-3,-1,-4
WFI t=259251 a=-3684,-703,1895 g=-3,-2,-5
WFI t=259302 a=-3665,-698,1893 g=3,-1,-4
WFI t=259351 a=-3683,-697,1904 g=-4,-2,-6
WFI t=259401 a=-3684,-704,1889 g=-1,-1,-3
WFI t=259451 a=-3677,-696,1887 g=-4,-1,-4
WFI t=259501 a=-3675,-709,1890 g=0,0,-5
WFI t=259551 a=-3674,-701,1888 g=0,-1,-4
WFI t=259601 a=-3676,-698,1880 g=-4,-1,-4
WFR t=259647 src=bms type=0x02 len=129 data=d2037c0ee80ee70ee80ee80ee80ee80ee80ee90ee70ee80ee90ee90eec0eec0eec0eeb0eed0eed0eee0eed0eed0eed0eee0eee0eec0eed0eed0eed0000000000000000003d0000000000000000000000000000042d753002ad0eee0ee7003d003d00000156001c0001001d0000000100010eea000700000000000000000000d64d
WFI t=259651 a=-3685,-699,1881 g=1,0,-4
WFI t=259711 a=-3681,-703,1894 g=-2,0,-4
WFI t=259752 a=-3682,-698,1883 g=0,-1,-3
WFI t=259801 a=-3683,-705,1884 g=-5,-1,-5
WFI t=259851 a=-3696,-713,1887 g=-4,-1,-4
WFI t=259901 a=-3682,-704,1897 g=-4,0,-3
WFI t=259951 a=-3675,-702,1883 g=-2,-1,-5
WFI t=260001 a=-3679,-705,1894 g=0,-1,-4
WFI t=260051 a=-3685,-696,1893 g=-5,-1,-3
WFI t=260101 a=-3690,-696,1885 g=-8,-2,-6
WFI t=260151 a=-3675,-697,1891 g=-5,-1,-4
WFI t=260201 a=-3675,-698,1881 g=-5,0,-4
WFI t=260251 a=-3687,-710,1888 g=-1,-1,-5
WFI t=260301 a=-3680,-693,1882 g=-9,-1,-5
WFI t=260351 a=-3675,-692,1885 g=-6,-1,-5
WFI t=260401 a=-3682,-707,1899 g=-2,0,-4
WFI t=260451 a=-3677,-710,1878 g=-4,-2,-3
WFI t=260501 a=-3676,-697,1892 g=1,-1,-4
WFI t=260551 a=-3680,-693,1886 g=-3,0,-4
WFI t=260601 a=-3682,-707,1890 g=5,1,-4
WFR t=260638 src=bms type=0x02 len=129 data=d2037c0ee80ee70ee80ee80ee80ee80ee90ee90ee70ee80ee90ee90eec0eec0eec0eeb0eed0eed0eee0eed0eed0eee0eee0eee0eec0eee0eed0eed0000000000000000003d0000000000000000000000000000042d752f02ad0eee0ee7003d003d00000156001c0001001d0000000100010eea0007000a0000000000000000a8db
WFI t=260651 a=-3682,-708,1886 g=-4,-2,-5
WFI t=260701 a=-3687,-706,1889 g=-6,-1,-5
WFI t=260751 a=-3692,-692,1880 g=-5,-2,-5
WFI t=260801 a=-3676,-701,1893 g=-3,-1,-4
WFI t=260851 a=-3690,-707,1882 g=1,0,-4
WFI t=260901 a=-3688,-703,1894 g=-1,-2,-4
WFI t=260951 a=-3687,-701,1889 g=-6,-2,-5
WFI t=261001 a=-3675,-704,1886 g=-6,-1,-4
WFI t=261163 a=-3684,-702,1884 g=-3,1,-3
WFI t=261248 a=-3684,-701,1890 g=-2,-2,-4
WFI t=261339 a=-3696,-717,1895 g=-6,-1,-3
WFI t=261342 a=-3690,-703,1897 g=0,-1,-4
WFI t=261345 a=-3674,-710,1886 g=-6,-1,-5
WFI t=261347 a=-3674,-710,1886 g=-6,-1,-5
WFI t=261351 a=-3677,-713,1888 g=-4,-1,-4
WFI t=261401 a=-3689,-714,1898 g=-5,-2,-4
WFI t=261452 a=-3688,-695,1888 g=-5,0,-4
WFT t=261452 batt_mv=4174 rssi_mcu=0 rssi_bms=-81 mcu=0 bms=187 dropped=0
WFI t=261501 a=-3681,-704,1892 g=1,2,-5
WFI t=261551 a=-3672,-709,1881 g=-3,-2,-5
WFI t=261601 a=-3687,-703,1887 g=0,1,-5
WFI t=261651 a=-3683,-706,1885 g=-2,-1,-4
WFR t=261658 src=bms type=0x02 len=129 data=d2037c0ee80ee70ee80ee80ee80ee70ee80ee90ee70ee80ee80ee90eec0eec0eec0eeb0eed0eec0eee0eed0eed0eee0eee0eee0eec0eed0eed0eed0000000000000000003d0000000000000000000000000000042d752f02ad0eee0ee7003d003d00000156001c0001001d0000000100010eea0007000a000000000000000068b6
WFI t=261701 a=-3670,-707,1894 g=-2,-2,-5
WFI t=261751 a=-3683,-712,1879 g=-7,-1,-5
WFI t=261801 a=-3689,-703,1886 g=-1,0,-3
WFI t=261851 a=-3676,-692,1895 g=-2,-1,-4
WFI t=261901 a=-3679,-711,1872 g=-1,-2,-4
WFI t=261951 a=-3683,-697,1877 g=-2,-2,-6
WFI t=262001 a=-3680,-691,1885 g=-2,-1,-4
WFI t=262051 a=-3666,-700,1892 g=0,-1,-5
WFI t=262101 a=-3698,-703,1877 g=1,-1,-5
WFI t=262151 a=-3692,-705,1881 g=-3,-1,-5
WFI t=262201 a=-3681,-706,1882 g=-4,0,-5
WFI t=262251 a=-3688,-703,1887 g=-2,-1,-5
WFI t=262301 a=-3676,-705,1883 g=-5,-1,-4
WFI t=262351 a=-3656,-708,1875 g=0,0,-4
WFI t=262401 a=-3677,-704,1876 g=-3,-1,-5
WFI t=262451 a=-3690,-715,1882 g=-5,-1,-4
WFI t=262501 a=-3690,-705,1891 g=-8,0,-6
WFI t=262551 a=-3689,-709,1898 g=-5,-2,-4
WFI t=262601 a=-3678,-701,1885 g=-4,-1,-4
WFI t=262651 a=-3681,-699,1885 g=1,-1,-4
WFR t=262663 src=bms type=0x02 len=129 data=d2037c0ee80ee70ee80ee80ee80ee80ee90ee90ee70ee80ee80ee90eec0eec0eec0eeb0eed0eec0eed0eed0eed0eed0eee0eee0eec0eed0eed0eed0000000000000000003d0000000000000000000000000000042d752f02ad0eee0ee7003d003d00000156001c0001001d0000000100010eea0007000a0000000000000000227a
WFI t=262701 a=-3680,-708,1887 g=-4,0,-4
WFI t=262751 a=-3676,-709,1882 g=0,0,-5
WFI t=262801 a=-3682,-705,1884 g=-5,-1,-5
WFI t=262851 a=-3687,-713,1889 g=-8,-1,-4
WFI t=262901 a=-3680,-699,1881 g=-6,-2,-4
WFI t=262951 a=-3692,-709,1888 g=-5,-2,-5
WFI t=263001 a=-3674,-693,1886 g=-3,-2,-5
WFI t=263051 a=-3670,-716,1893 g=-6,1,-4
WFI t=263200 a=-3683,-714,1890 g=-5,0,-3
WFI t=263202 a=-3693,-718,1877 g=-6,0,-3
WFI t=263204 a=-3693,-718,1877 g=-6,0,-3
WFI t=263251 a=-3689,-697,1887 g=1,1,-3
WFI t=263301 a=-3680,-708,1883 g=-2,1,-4
WFI t=263351 a=-3676,-704,1882 g=-4,-2,-3
WFI t=263401 a=-3676,-705,1896 g=-5,0,-4
WFI t=263451 a=-3686,-700,1890 g=-3,-2,-5
WFI t=263501 a=-3680,-701,1887 g=-4,-1,-3
WFI t=263551 a=-3682,-703,1887 g=-4,1,-3
WFI t=263601 a=-3665,-695,1891 g=-2,0,-4
WFI t=263651 a=-3692,-699,1877 g=-3,1,-5
WFR t=263668 src=bms type=0x02 len=129 data=d2037c0ee80ee80ee80ee80ee80ee80ee90ee80ee70ee80ee90ee90eec0eec0eec0eeb0eec0eed0eee0eed0eed0eed0eee0eee0eec0eed0eed0eed0000000000000000003d0000000000000000000000000000042d752e02ad0eee0ee7003d003d00000156001c0001001d0000000100010eea00070015000000000000000012a1
WFI t=263701 a=-3673,-712,1894 g=-3,-1,-3
WFI t=263751 a=-3690,-701,1888 g=-7,-2,-4
WFI t=263801 a=-3674,-707,1884 g=-2,1,-5
WFI t=263851 a=-3689,-708,1892 g=-5,-2,-4
WFI t=263901 a=-3678,-702,1895 g=-3,-2,-5
WFI t=263951 a=-3669,-699,1883 g=-4,-2,-3
WFI t=264001 a=-3691,-706,1886 g=-6,0,-3
WFI t=264051 a=-3694,-709,1875 g=-3,-1,-4
WFI t=264101 a=-3695,-707,1879 g=-2,-1,-4
WFI t=264151 a=-3688,-701,1887 g=-4,1,-5
WFI t=264201 a=-3678,-697,1891 g=-4,-1,-5
WFI t=264251 a=-3687,-698,1891 g=-4,0,-5
WFI t=264301 a=-3681,-703,1887 g=-6,-1,-5
WFI t=264351 a=-3686,-712,1899 g=-7,-2,-5
WFI t=264401 a=-3664,-714,1899 g=-2,0,-3
WFI t=264451 a=-3686,-703,1879 g=-5,0,-5
WFI t=264501 a=-3683,-713,1891 g=-1,-1,-4
WFI t=264551 a=-3684,-693,1884 g=-7,-2,-5
WFI t=264601 a=-3689,-711,1887 g=-4,-1,-5
WFI t=264651 a=-3681,-714,1887 g=-4,-1,-4
WFR t=264673 src=bms type=0x02 len=129 data=d2037c0ee80ee70ee80ee80ee80ee80ee80ee90ee70ee80ee80ee90eec0eec0eec0eeb0eed0eed0eed0eed0eed0eed0eee0eee0eec0eee0eed0eed0000000000000000003d0000000000000000000000000000042d752e02ad0eee0ee7003d003d00000156001c0001001d0000000100010eea0007001500000000000000008633
WFI t=264701 a=-3666,-710,1885 g=-5,-1,-4
WFI t=264751 a=-3692,-702,1888 g=1,-1,-4
WFI t=264801 a=-3684,-705,1886 g=-1,-1,-3
WFI t=264851 a=-3673,-692,1897 g=-2,1,-4
WFI t=264901 a=-3678,-699,1884 g=0,0,-4
WFI t=264952 a=-3688,-698,1890 g=-2,-1,-4
WFI t=265001 a=-3681,-705,1886 g=-2,-2,-4
WFI t=265051 a=-3676,-705,1902 g=-3,0,-5
WFI t=265199 a=-3689,-705,1889 g=-3,0,-4
WFI t=265201 a=-3679,-710,1896 g=-3,-1,-4
WFI t=265203 a=-3676,-687,1894 g=-6,0,-5
WFI t=265251 a=-3674,-713,1893 g=-1,-1,-4
WFI t=265301 a=-3669,-692,1889 g=-5,-1,-3
WFI t=265351 a=-3683,-710,1879 g=-5,-2,-4
WFI t=265401 a=-3682,-694,1883 g=-2,-1,-4
WFI t=265451 a=-3678,-697,1887 g=-2,-2,-5
WFI t=265501 a=-3675,-718,1886 g=-3,-1,-4
WFI t=265552 a=-3685,-689,1885 g=-2,0,-3
WFI t=265601 a=-3683,-711,1891 g=-5,-1,-4
WFI t=265651 a=-3680,-704,1876 g=-3,1,-4
WFI t=265701 a=-3680,-701,1897 g=-2,1,-5
WFR t=265708 src=bms type=0x02 len=129 data=d2037c0ee80ee70ee80ee80ee80ee80ee90ee90ee70ee80ee90ee90eec0eec0eec0eeb0eec0eed0eed0eed0eed0eee0eee0eee0eec0eed0eed0eed0000000000000000003d0000000000000000000000000000042d752f02ad0eee0ee7003d003d00000156001c0001001d0000000100010eea0007000a000000000000000050ee
WFI t=265751 a=-3690,-701,1888 g=-5,-1,-5
WFI t=265801 a=-3679,-696,1896 g=-1,-1,-4
WFI t=265852 a=-3679,-711,1891 g=-4,-2,-4
WFI t=265901 a=-3682,-702,1898 g=-1,-1,-4
WFI t=265951 a=-3676,-701,1889 g=-9,-3,-5
WFI t=266001 a=-3677,-698,1892 g=-5,0,-3
WFI t=266051 a=-3679,-703,1885 g=-3,1,-3
WFI t=266101 a=-3691,-711,1876 g=-3,-1,-3
WFI t=266151 a=-3677,-713,1887 g=-1,-1,-4
WFI t=266201 a=-3673,-710,1901 g=-5,-2,-4
WFI t=266251 a=-3685,-700,1898 g=-8,-1,-5
WFI t=266301 a=-3681,-697,1889 g=-4,0,-5
WFI t=266351 a=-3672,-705,1890 g=-2,1,-3
WFI t=266401 a=-3686,-695,1895 g=-3,-1,-5
WFI t=266451 a=-3686,-699,1892 g=-6,-1,-5
WFI t=266501 a=-3674,-703,1884 g=-8,-2,-5
WFT t=266506 batt_mv=4184 rssi_mcu=0 rssi_bms=-79 mcu=0 bms=192 dropped=0
WFI t=266551 a=-3683,-701,1882 g=-6,-1,-4
WFI t=266602 a=-3677,-707,1904 g=-3,0,-5
WFI t=266651 a=-3686,-701,1896 g=-7,0,-5
WFI t=266701 a=-3682,-715,1904 g=-8,-1,-4
WFR t=266713 src=bms type=0x02 len=129 data=d2037c0ee80ee70ee80ee80ee80ee80ee80ee90ee70ee80ee80ee90eec0eec0eec0eeb0eec0eec0eee0eed0eed0eee0eee0eee0eec0eed0eed0eed0000000000000000003d0000000000000000000000000000042d752f02ad0eee0ee7003d003d00000156001c0001001d0000000100010eea0007000a000000000000000095f2
WFI t=266751 a=-3669,-701,1899 g=-2,0,-4
WFI t=266801 a=-3672,-702,1893 g=-4,1,-5
WFI t=266851 a=-3674,-708,1892 g=-7,-1,-5
WFI t=266902 a=-3688,-713,1888 g=-2,0,-4
WFI t=266951 a=-3676,-699,1884 g=-4,-1,-4
WFI t=267001 a=-3694,-702,1888 g=-4,0,-5
WFI t=267052 a=-3673,-705,1892 g=-5,2,-6
WFI t=267203 a=-3677,-695,1888 g=-7,-2,-4
WFI t=267219 a=-3674,-714,1883 g=2,0,-3
WFI t=267221 a=-3674,-701,1881 g=-2,-1,-5
WFI t=267251 a=-3674,-706,1895 g=3,1,-3
WFI t=267301 a=-3680,-707,1894 g=-1,-3,-4
WFI t=267352 a=-3685,-700,1881 g=0,1,-4
WFI t=267401 a=-3683,-702,1889 g=-2,0,-5
WFI t=267451 a=-3678,-704,1897 g=-3,0,-5
WFI t=267502 a=-3676,-698,1901 g=-4,-1,-5
WFI t=267551 a=-3675,-706,1876 g=-8,1,-5
WFI t=267601 a=-3672,-713,1890 g=-4,0,-5
WFI t=267651 a=-3685,-704,1896 g=-6,0,-6
WFI t=267701 a=-3668,-701,1889 g=-7,-1,-5
WFR t=267718 src=bms type=0x02 len=129 data=d2037c0ee80ee80ee90ee80ee80ee80ee90ee90ee70ee80ee90ee90eec0eec0eec0eeb0eec0eec0eee0eed0eed0eee0eee0eee0eec0eed0eed0eed0000000000000000003d0000000000000000000000000000042d752f02ad0eee0ee7003d003d00000156001c0001001d0000000100010eea0007000a00000000000000005ddc
WFI t=267769 a=-3673,-706,1892 g=-6,-1,-3
WFI t=267802 a=-3673,-710,1885 g=-4,-2,-5
WFI t=267851 a=-3686,-704,1881 g=-3,-3,-4
WFI t=267901 a=-3685,-713,1900 g=-2,1,-5
WFI t=267952 a=-3686,-709,1890 g=-2,-1,-6
WFI t=268001 a=-3694,-706,1894 g=-1,1,-4
WFI t=268051 a=-3678,-699,1881 g=-5,1,-5
WFI t=268102 a=-3680,-705,1891 g=-6,-2,-5
WFI t=268151 a=-3677,-704,1891 g=-2,-1,-5
WFI t=268201 a=-3687,-704,1895 g=-4,0,-5
WFI t=268251 a=-3677,-706,1895 g=-3,-2,-5
WFI t=268301 a=-3680,-710,1892 g=0,-1,-5
WFI t=268351 a=-3674,-704,1897 g=-2,-1,-4
WFI t=268401 a=-3682,-695,1886 g=-1,-1,-4
WFI t=268451 a=-3675,-697,1877 g=1,1,-4
WFI t=268501 a=-3691,-708,1897 g=0,0,-3
WFI t=268552 a=-3676,-703,1898 g=-7,0,-4
WFI t=268601 a=-3682,-707,1894 g=-5,0,-5
WFI t=268651 a=-3692,-698,1885 g=-2,1,-3
WFI t=268702 a=-3691,-700,1899 g=2,1,-4
WFR t=268723 src=bms type=0x02 len=129 data=d2037c0ee80ee80ee80ee80ee80ee80ee80ee90ee70ee80ee90ee90eec0eec0eec0eeb0eec0eec0eed0eed0eed0eed0eee0eed0eec0eed0eed0eed0000000000000000003d0000000000000000000000000000042d752f02ad0eee0ee7003d003d00000156001c0001001d0000000100010eea0007000a00000000000000008456
WFI t=268751 a=-3686,-699,1889 g=-2,-1,-5
WFI t=268801 a=-3677,-705,1883 g=-1,-1,-5
WFI t=268851 a=-3678,-709,1892 g=-5,-1,-4
WFI t=268901 a=-3685,-699,1888 g=0,0,-3
WFI t=268951 a=-3684,-709,1893 g=3,0,-5
WFI t=269001 a=-3671,-701,1905 g=-8,-2,-6
WFI t=269051 a=-3683,-695,1888 g=-5,-1,-4
WFI t=269265 a=-3684,-706,1892 g=-5,-1,-4
WFI t=269318 a=-3678,-709,1899 g=-1,1,-3
WFI t=269321 a=-3687,-695,1887 g=-3,-1,-5
WFI t=269323 a=-3687,-695,1887 g=-3,-1,-5
WFI t=269326 a=-3678,-696,1901 g=-1,0,-4
WFI t=269353 a=-3682,-708,1895 g=-6,-1,-4
WFI t=269450 a=-3675,-710,1895 g=-4,-1,-5
WFI t=269452 a=-3689,-697,1892 g=-2,-1,-3
WFI t=269501 a=-3678,-706,1889 g=-5,0,-4
WFI t=269551 a=-3659,-706,1879 g=-9,-1,-5
WFI t=269601 a=-3678,-691,1890 g=-4,-1,-5
WFI t=269651 a=-3676,-699,1896 g=-6,-2,-4
WFI t=269701 a=-3680,-691,1895 g=1,-1,-3
WFI t=269751 a=-3691,-700,1895 g=-4,-2,-5
WFI t=269801 a=-3677,-693,1889 g=-2,0,-4
WFI t=269851 a=-3685,-697,1894 g=-4,-1,-5
WFI t=269901 a=-3670,-702,1896 g=-5,-1,-3
WFI t=269951 a=-3670,-693,1896 g=-3,-2,-3
WFI t=270001 a=-3687,-702,1895 g=-4,-2,-4
WFI t=270051 a=-3685,-694,1895 g=-3,0,-4
WFI t=270101 a=-3675,-688,1894 g=-8,-1,-5
WFI t=270151 a=-3686,-711,1894 g=-1,0,-4
WFI t=270201 a=-3694,-711,1884 g=-4,-1,-3
WFI t=270251 a=-3681,-697,1887 g=1,0,-5
WFI t=270301 a=-3675,-706,1892 g=-9,-2,-6
WFI t=270351 a=-3693,-705,1901 g=-5,-1,-3
WFI t=270401 a=-3691,-691,1885 g=-7,-1,-4
WFI t=270451 a=-3672,-696,1891 g=-4,-1,-5
WFI t=270501 a=-3683,-709,1891 g=-5,0,-4
WFI t=270551 a=-3682,-690,1894 g=-7,-1,-4
WFI t=270601 a=-3678,-703,1886 g=-6,-1,-6
WFI t=270651 a=-3688,-701,1885 g=-3,-2,-3
WFI t=270701 a=-3683,-701,1898 g=-4,-2,-5
WFI t=270751 a=-3683,-700,1888 g=-3,-2,-5
WFI t=270801 a=-3675,-716,1890 g=0,-2,-4
WFI t=270851 a=-3692,-701,1903 g=-5,-2,-6
WFI t=270901 a=-3684,-694,1896 g=-2,-1,-4
WFI t=270951 a=-3684,-700,1897 g=-8,-1,-5
WFI t=271001 a=-3670,-707,1886 g=-4,-3,-5
WFI t=271051 a=-3692,-712,1888 g=0,-1,-4
WFI t=271211 a=-3676,-701,1878 g=-2,1,-4
WFI t=271228 a=-3677,-701,1888 g=-2,1,-3
WFI t=271230 a=-3677,-701,1888 g=-2,1,-3
WFI t=271251 a=-3678,-702,1893 g=0,-2,-5
WFI t=271301 a=-3676,-697,1885 g=-2,0,-4
WFI t=271351 a=-3673,-708,1899 g=-5,0,-5
WFI t=271401 a=-3666,-700,1897 g=-7,-2,-5
WFI t=271451 a=-3686,-703,1884 g=-3,-1,-3
WFI t=271501 a=-3678,-691,1897 g=-6,0,-4
WFI t=271551 a=-3688,-697,1882 g=-4,0,-5
WFI t=271601 a=-3673,-695,1897 g=-2,-2,-3
WFT t=271630 batt_mv=4172 rssi_mcu=0 rssi_bms=-81 mcu=0 bms=195 dropped=0
WFI t=271651 a=-3679,-710,1890 g=0,0,-3
WFI t=271701 a=-3682,-698,1888 g=-3,0,-4
WFI t=271751 a=-3696,-701,1887 g=-7,-2,-5
WFI t=271801 a=-3677,-690,1893 g=0,-1,-4
WFI t=271851 a=-3674,-700,1897 g=-2,-1,-4
WFI t=271901 a=-3680,-707,1880 g=-5,-3,-4
WFI t=271951 a=-3667,-707,1901 g=-2,-1,-5
WFI t=272001 a=-3684,-693,1903 g=-4,-2,-4
WFI t=272051 a=-3676,-703,1896 g=-4,-1,-4
WFI t=272101 a=-3677,-700,1886 g=-3,-1,-4
WFI t=272151 a=-3681,-715,1898 g=-2,0,-5
WFI t=272201 a=-3681,-707,1887 g=2,1,-3
WFI t=272251 a=-3684,-707,1898 g=-3,-2,-4
WFI t=272301 a=-3670,-701,1895 g=-1,-1,-4
WFI t=272351 a=-3679,-698,1887 g=-2,0,-5
WFI t=272401 a=-3688,-709,1906 g=-1,0,-5
WFI t=272451 a=-3673,-702,1892 g=-5,0,-4
WFI t=272501 a=-3683,-700,1887 g=-4,0,-4
WFI t=272551 a=-3680,-700,1884 g=-5,0,-5
WFI t=272601 a=-3685,-710,1894 g=-5,-1,-4
WFI t=272651 a=-3680,-696,1895 g=-1,-2,-4
WFI t=272701 a=-3676,-696,1893 g=-4,0,-4
WFI t=272751 a=-3678,-712,1891 g=-5,0,-5
WFI t=272801 a=-3690,-706,1885 g=-2,0,-5
WFI t=272851 a=-3687,-697,1888 g=-3,-1,-4
WFI t=272901 a=-3683,-699,1894 g=-4,0,-4
WFI t=272951 a=-3684,-709,1881 g=-5,-1,-5
WFI t=273001 a=-3685,-716,1889 g=-1,-1,-6
WFI t=273051 a=-3682,-722,1899 g=-4,0,-5
WFI t=273101 a=-3679,-698,1900 g=0,-1,-4
WFI t=273253 a=-3680,-698,1885 g=-5,-1,-5
WFI t=273255 a=-3683,-703,1895 g=-3,-2,-5
WFI t=273257 a=-3683,-703,1895 g=-3,-2,-5
WFI t=273301 a=-3679,-716,1887 g=-1,0,-4
WFI t=273351 a=-3680,-703,1892 g=-4,-1,-4
WFI t=273401 a=-3690,-702,1899 g=-3,-2,-4
WFI t=273451 a=-3685,-702,1896 g=-6,-3,-4
WFI t=273501 a=-3680,-700,1897 g=-2,-1,-5
WFI t=273551 a=-3678,-707,1889 g=-2,-2,-4
WFI t=273601 a=-3688,-695,1901 g=4,0,-3
WFI t=273651 a=-3687,-697,1890 g=-4,1,-6
WFI t=273701 a=-3675,-699,1894 g=-4,-2,-4
WFI t=273751 a=-3690,-709,1888 g=-4,1,-4
WFI t=273801 a=-3683,-703,1889 g=-1,-1,-4
WFI t=273851 a=-3674,-697,1881 g=-6,-1,-5
WFI t=273902 a=-3675,-691,1908 g=-7,-2,-5
WFI t=273951 a=-3686,-698,1889 g=-5,-3,-4
WFI t=274001 a=-3677,-712,1889 g=-1,-1,-3
WFI t=274051 a=-3678,-715,1893 g=-4,0,-3
WFI t=274101 a=-3679,-705,1893 g=-3,0,-5
WFI t=274151 a=-3681,-705,1897 g=0,-1,-4
WFI t=274201 a=-3685,-700,1891 g=-1,1,-4
WFI t=274251 a=-3686,-717,1884 g=-9,-1,-3
WFI t=274301 a=-3689,-708,1897 g=-6,0,-5
WFI t=274351 a=-3673,-702,1891 g=-2,-2,-6
WFI t=274401 a=-3688,-702,1896 g=-1,0,-4
WFI t=274451 a=-3687,-700,1881 g=-6,-2,-5
WFI t=274501 a=-3680,-703,1883 g=-5,0,-5
WFI t=274551 a=-3671,-702,1907 g=-6,-1,-5
WFI t=274601 a=-3675,-713,1897 g=-6,0,-5
WFI t=274651 a=-3681,-701,1899 g=-5,-1,-4
WFI t=274701 a=-3673,-697,1897 g=0,0,-5
WFI t=274751 a=-3689,-696,1882 g=-4,-1,-5
WFI t=274801 a=-3686,-695,1895 g=0,-1,-5
WFI t=274851 a=-3693,-711,1902 g=-6,-1,-4
WFI t=274901 a=-3679,-704,1893 g=-5,-2,-4
WFI t=274951 a=-3681,-694,1876 g=-3,-1,-4
WFI t=275001 a=-3678,-697,1899 g=-5,-1,-4
WFI t=275051 a=-3688,-703,1898 g=-8,1,-4
WFI t=275101 a=-3690,-723,1892 g=-7,1,-5
WFI t=275161 a=-3672,-687,1896 g=-2,-1,-4
WFI t=275254 a=-3689,-708,1894 g=0,0,-4
WFI t=275258 a=-3689,-712,1887 g=-5,0,-5
WFI t=275301 a=-3684,-702,1896 g=-3,1,-4
WFI t=275351 a=-3688,-695,1907 g=-2,0,-4
WFI t=275401 a=-3686,-712,1887 g=-4,-1,-5
WFI t=275451 a=-3683,-686,1898 g=-2,-2,-5
WFI t=275501 a=-3676,-697,1893 g=-2,-1,-5
WFI t=275551 a=-3683,-705,1892 g=-6,0,-5
WFI t=275601 a=-3676,-704,1891 g=-7,-2,-4
WFI t=275651 a=-3675,-701,1891 g=0,-2,-4
WFI t=275701 a=-3690,-701,1896 g=-3,-1,-4
WFI t=275751 a=-3678,-702,1887 g=-5,-1,-5
WFI t=275801 a=-3666,-706,1882 g=-2,-1,-5
WFI t=275851 a=-3686,-698,1894 g=-1,-2,-4
WFI t=275901 a=-3687,-708,1895 g=-1,0,-5
WFI t=275951 a=-3670,-713,1896 g=-5,0,-6
WFI t=276001 a=-3684,-710,1887 g=-2,0,-4
WFI t=276051 a=-3671,-688,1890 g=0,1,-4
WFI t=276101 a=-3680,-698,1892 g=-4,0,-4
WFI t=276151 a=-3688,-703,1892 g=-3,0,-4
WFI t=276201 a=-3678,-699,1895 g=-1,-2,-3
WFI t=276251 a=-3680,-696,1887 g=-5,-1,-5
WFI t=276301 a=-3674,-690,1900 g=-4,-1,-5
WFI t=276351 a=-3673,-700,1902 g=-2,-2,-4
WFI t=276401 a=-3682,-698,1893 g=-9,-1,-5
WFI t=276451 a=-3686,-710,1885 g=-8,-2,-5
WFI t=276501 a=-3690,-696,1898 g=-4,-1,-5
WFI t=276551 a=-3703,-704,1901 g=1,1,-4
WFI t=276601 a=-3677,-688,1895 g=-3,-1,-4
WFI t=276651 a=-3688,-707,1892 g=-5,-1,-4
WFT t=276663 batt_mv=4188 rssi_mcu=0 rssi_bms=-80 mcu=0 bms=195 dropped=0
WFI t=276701 a=-3672,-704,1882 g=-5,1,-3
WFI t=276751 a=-3687,-690,1879 g=-2,0,-5
WFI t=276801 a=-3680,-709,1896 g=-3,-1,-4
WFI t=276851 a=-3677,-697,1898 g=-3,-2,-5
WFI t=276902 a=-3679,-704,1901 g=-4,-3,-4
WFI t=276951 a=-3668,-713,1887 g=-1,0,-3
WFI t=277001 a=-3694,-702,1886 g=-4,0,-4
WFI t=277051 a=-3690,-699,1897 g=1,-1,-3
WFI t=277101 a=-3682,-711,1897 g=-4,1,-5
WFI t=277239 a=-3684,-697,1902 g=-3,0,-5
WFI t=277255 a=-3678,-698,1891 g=-3,-1,-4
WFI t=277257 a=-3673,-701,1889 g=-5,0,-4
WFI t=277301 a=-3685,-701,1893 g=-5,-1,-4
WFI t=277351 a=-3686,-687,1888 g=-5,1,-4
WFI t=277401 a=-3684,-704,1889 g=-5,0,-5
WFI t=277451 a=-3672,-687,1898 g=-1,-2,-6
WFI t=277501 a=-3682,-707,1891 g=1,0,-4
WFI t=277551 a=-3678,-713,1895 g=-6,0,-4
WFI t=277601 a=-3683,-712,1890 g=-1,0,-4
WFE t=277650 stop: user
WFI t=277652 a=-3678,-706,1893 g=-4,-1,-4
CAPDUMP_END records=0
wf>  