nnection; conn_handle=0 hci_reason=19

I (380947) cap: state=done
I (380948) cap: capture done seq=5 frames=201 dropped=0 bytes=132575
I (380956) cap: bms disconnected reason=534

wf>  
=== $ capdump 5
capdump 5
CAPHDR seq=5 version=1 unix_start=1788624128 boot_ms=99027 mcu= bms=40:18:03:01:20:e9 note=wildfire idf v6.1
WFI t=2 a=-1569,-3874,217 g=1,7,-10
WFE t=29 capture start seq=5 file=cap0005.wfl unix=1788624128 batt=4186 mv
WFE t=31 tune poll_ms=1000 poll_regs=0 stale_ms=10000 miss_probe=3 probe=0 mcu_off=1 itvl=24
WFE t=43 bms connected addr=40:18:03:01:20:e9
WFT t=50 batt_mv=4170 rssi_mcu=0 rssi_bms=-80 mcu=0 bms=0 dropped=0
WFE t=52 bms mtu event mtu=512
WFI t=52 a=-1563,-3880,226 g=2,-9,-5
WFI t=101 a=-1561,-3869,218 g=0,-10,0
WFI t=151 a=-1558,-3884,221 g=-1,-15,0
WFI t=201 a=-1550,-3874,215 g=3,7,-7
WFI t=251 a=-1567,-3883,226 g=-1,4,-13
WFI t=302 a=-1574,-3866,212 g=-2,-12,-7
WFI t=351 a=-1558,-3888,219 g=1,-4,1
WFI t=401 a=-1573,-3886,211 g=-6,-2,-12
WFR t=408 src=bms type=0x02 len=205 data=d203fa0eeb0eea0eeb0eea0eeb0eea0eeb0eeb0ee90eea0eeb0eec0eef0eef0eef0eed0eef0eef0ef00ef00ef00ef10ef10ef10eef0ef00ef00ef00000000000000000003d0000000000000000000000000000042e753002ae0ef10ee9003d003d00000157001c0001001d0000000100010eed0008000000000000000000000000000075300000ffff000000000000000000000000000000000000000000000000000000000000000000000000000000003230374a4331343031303031303300000000000000000000ffffffff
WFI t=451 a=-1554,-3880,217 g=-1,3,0
WFI t=502 a=-1569,-3876,214 g=-6,-25,-9
WFR t=507 src=bms type=0x02 len=50 data=ffffffffffffffffffffffffffffffffffffffffffffffffffffffffffffffffffffffffffffffffffffffffffffffff546c
WFI t=551 a=-1557,-3873,214 g=5,5,3
WFI t=601 a=-1558,-3887,219 g=-7,-3,-18
WFI t=651 a=-1569,-3876,236 g=8,23,-8
WFI t=702 a=-1567,-3857,222 g=-9,-37,-4
WFE t=708 bms conn update status=0 itvl=12 latency=0 timeout=400
WFI t=752 a=-1560,-3881,231 g=-4,-12,13
WFI t=801 a=-1539,-3874,218 g=-8,-8,-8
WFI t=851 a=-1563,-3880,224 g=2,11,-22
WFI t=902 a=-1565,-3858,232 g=-7,-20,-8
WFI t=951 a=-1539,-3876,220 g=3,-11,11
WFI t=1001 a=-1567,-3880,217 g=-1,5,-17
WFI t=1051 a=-1572,-3877,225 g=-1,10,-11
WFI t=1101 a=-1568,-3875,234 g=-4,-32,3
WFI t=1152 a=-1549,-3863,213 g=-5,-2,6
WFI t=1202 a=-1545,-3883,219 g=0,3,-13
WFI t=1251 a=-1562,-3871,230 g=-4,9,-21
WFI t=1301 a=-1581,-3891,222 g=-2,-8,-6
WFI t=1352 a=-1552,-3869,220 g=-3,-24,4
WFR t=1368 src=bms type=0x02 len=205 data=d203fa0eeb0eea0eeb0eeb0eeb0eea0eeb0eeb0ee90eea0eeb0eec0eef0eef0eef0eed0eef0eef0ef00ef00ef00ef00ef10ef00eef0ef00ef00ef00000000000000000003d0000000000000000000000000000042e753002ae0ef10eea003d003d00000157001c0001001d0000000100010eed0007000000000000000000000000000075300000ffff000000000000000000000000000000000000000000000000000000000000000000000000000000003230374a4331343031303031303300000000000000000000ffffffff
WFI t=1401 a=-1537,-3872,217 g=3,-2,-1
WFR t=1442 src=bms type=0x02 len=50 data=ffffffffffffffffffffffffffffffffffffffffffffffffffffffffffffffffffffffffffffffffffffffffffffffffb487
WFI t=1452 a=-1556,-3878,226 g=5,7,-17
WFI t=1502 a=-1559,-3879,241 g=-2,0,-5
WFI t=1551 a=-1548,-3877,224 g=-2,-19,-5
WFI t=1601 a=-1555,-3871,208 g=-1,0,-5
WFI t=1652 a=-1567,-3875,218 g=-4,-7,-7
WFI t=1701 a=-1549,-3871,228 g=0,-3,-2
WFI t=1751 a=-1550,-3880,219 g=-4,-4,-11
WFI t=1802 a=-1565,-3876,222 g=1,1,-6
WFI t=1851 a=-1552,-3868,215 g=2,-7,-3
WFI t=1930 a=-1556,-3878,224 g=0,-13,2
WFI t=2021 a=-1550,-3879,231 g=-4,4,-7
WFI t=2024 a=-1542,-3876,221 g=-1,7,-13
WFI t=2052 a=-1558,-3876,225 g=-3,4,-19
WFI t=2102 a=-1561,-3858,209 g=-1,2,-11
WFI t=2151 a=-1559,-3880,228 g=-4,-17,2
WFI t=2201 a=-1548,-3876,226 g=0,-13,2
WFI t=2252 a=-1545,-3879,213 g=-3,3,-10
WFI t=2301 a=-1569,-3874,219 g=1,-1,-10
WFI t=2351 a=-1554,-3872,220 g=-2,-1,0
WFR t=2373 src=bms type=0x02 len=205 data=d203fa0eeb0eea0eeb0eeb0eeb0eea0eeb0eeb0ee90eea0eeb0eec0eef0eef0eef0eee0eef0eef0ef00ef00ef00ef00ef10ef10eef0ef00ef00ef00000000000000000003d0000000000000000000000000000042e753002ae0ef10ee9003d003d00000157001c0001001d0000000100010eed0008000000000000000000000000000075300000ffff000000000000000000000000000000000000000000000000000000000000000000000000000000003230374a4331343031303031303300000000000000000000ffffffff
WFI t=2402 a=-1557,-3882,232 g=2,-3,-9
WFI t=2451 a=-1566,-3888,215 g=0,-6,-2
WFR t=2462 src=bms type=0x02 len=50 data=fffffffffffffffffffffffffffffffffffffffffffffffffffffffffffffffffffffffffffffffffffffffffffffffffd6a
WFI t=2501 a=-1554,-3884,205 g=0,-10,-4
WFI t=2552 a=-1556,-3872,217 g=0,-3,-9
WFI t=2601 a=-1561,-3871,226 g=-4,-15,-3
WFI t=2652 a=-1546,-3887,235 g=-2,0,-3
WFI t=2702 a=-1559,-3875,214 g=2,12,-20
WFI t=2751 a=-1586,-3874,226 g=0,1,-8
WFI t=2801 a=-1552,-3874,219 g=0,-10,0
WFI t=2852 a=-1571,-3875,223 g=3,-6,-5
WFI t=2901 a=-1557,-3864,204 g=-7,-8,1
WFI t=2951 a=-1550,-3880,220 g=0,-8,-5
WFI t=3001 a=-1546,-3875,216 g=-1,10,-14
WFI t=3051 a=-1552,-3875,217 g=-5,9,-19
WFI t=3102 a=-1580,-3875,210 g=1,-16,0
WFI t=3152 a=-1530,-3876,215 g=-2,-20,10
WFI t=3201 a=-1551,-3898,231 g=-10,2,-5
WFI t=3251 a=-1554,-3881,209 g=-3,-5,-14
WFI t=3302 a=-1567,-3873,197 g=1,-8,-7
WFI t=3351 a=-1552,-3871,208 g=-1,-2,-7
WFR t=3378 src=bms type=0x02 len=205 data=d203fa0eeb0eea0eeb0eeb0eeb0eea0eeb0eeb0eea0eeb0eeb0eec0eef0eee0eef0eed0eef0eef0ef00ef00ef00ef00ef10ef10eef0ef00ef00ef00000000000000000003d0000000000000000000000000000042e753002ae0ef10eea003d003d00000157001c0001001d0000000100010eed0007000000000000000000000000000075300000ffff000000000000000000000000000000000000000000000000000000000000000000000000000000003230374a4331343031303031303300000000000000000000ffffffff
WFI t=3401 a=-1559,-3882,219 g=2,-3,-7
WFI t=3451 a=-1557,-3886,227 g=-4,-15,3
WFR t=3452 src=bms type=0x02 len=50 data=ffffffffffffffffffffffffffffffffffffffffffffffffffffffffffffffffffffffffffffffffffffffffffffffff3aef
WFI t=3501 a=-1546,-3871,225 g=-2,-9,-2
WFI t=3551 a=-1555,-3878,198 g=-4,1,-13
WFI t=3601 a=-1568,-3864,212 g=-1,3,-8
WFI t=3651 a=-1550,-3882,226 g=-1,-7,-4
WFI t=3701 a=-1562,-3874,219 g=-4,-27,7
WFI t=3752 a=-1557,-3892,217 g=1,2,2
WFI t=3801 a=-1555,-3873,204 g=17,23,-12
WFI t=3851 a=-1563,-3877,229 g=-6,16,-43
WFI t=4014 a=-1578,-3868,203 g=-5,-7,25
WFI t=4030 a=-1550,-3863,196 g=8,-15,8
WFI t=4032 a=-1555,-3866,190 g=4,-13,8
WFI t=4051 a=-1559,-3867,189 g=-9,-26,4
WFI t=4101 a=-1555,-3868,230 g=-10,-23,-1
WFI t=4152 a=-1528,-3867,212 g=6,21,-21
WFI t=4201 a=-1553,-3861,230 g=0,48,-84
WFI t=4251 a=-1643,-3881,205 g=9,20,-38
WFI t=4302 a=-1554,-3873,232 g=-7,-77,46
WFI t=4351 a=-1542,-3918,208 g=-18,-24,18
WFR t=4383 src=bms type=0x02 len=205 data=d203fa0eeb0eea0eeb0eeb0eeb0eea0eeb0eeb0eea0eea0eeb0eec0eef0eef0eef0eed0eef0eef0ef00ef00ef00ef00ef10ef10eef0ef00ef00ef00000000000000000003d0000000000000000000000000000042e753002ae0ef10eea003d003d00000157001c0001001d0000000100010eed0007000000000000000000000000000075300000ffff000000000000000000000000000000000000000000000000000000000000000000000000000000003230374a4331343031303031303300000000000000000000ffffffff
WFI t=4401 a=-1558,-3848,184 g=22,9,43
WFI t=4451 a=-1547,-3886,218 g=-11,9,16
WFR t=4457 src=bms type=0x02 len=50 data=ffffffffffffffffffffffffffffffffffffffffffffffffffffffffffffffffffffffffffffffffffffffffffffffff85c3
WFI t=4501 a=-1532,-3852,209 g=0,10,-31
WFI t=4551 a=-1544,-3888,232 g=-7,9,-78
WFI t=4601 a=-1657,-3862,219 g=15,46,-43
WFI t=4651 a=-1584,-3872,168 g=-4,-28,9
WFI t=4702 a=-1568,-3886,234 g=-1,-48,29
WFI t=4752 a=-1556,-3897,253 g=-21,-35,48
WFI t=4801 a=-1524,-3887,209 g=14,2,21
WFI t=4851 a=-1533,-3848,158 g=0,-3,-35
WFI t=4901 a=-1593,-3882,284 g=-12,35,-81
WFI t=4951 a=-1589,-3848,186 g=7,7,-6
WFI t=5001 a=-1556,-3852,245 g=-2,-14,-2
WFI t=5052 a=-1595,-3871,204 g=-5,-21,-4
WFI t=5101 a=-1566,-3865,216 g=-5,-39,25
WFE t=5138 bms answered none of 5 wide reads, asking for 62 registers
WFI t=5151 a=-1524,-3888,253 g=-15,-3,22
WFT t=5155 batt_mv=4168 rssi_mcu=0 rssi_bms=-78 mcu=0 bms=10 dropped=0
WFI t=5202 a=-1512,-3868,207 g=4,-12,-31
WFI t=5251 a=-1599,-3898,231 g=3,16,-37
WFI t=5301 a=-1556,-3874,196 g=5,5,11
WFI t=5352 a=-1549,-3879,226 g=1,-5,-11
WFR t=5358 src=bms type=0x02 len=129 data=d2037c0eeb0eea0eeb0eea0eeb0eea0eeb0eeb0eea0eea0eeb0eec0eef0eef0eef0eee0eef0eef0ef00ef00ef00ef00ef10ef10eef0ef00ef00ef00000000000000000003d0000000000000000000000000000042e753002ae0ef10eea003d003d00000157001c0001001d0000000100010eed0007000000000000000000009d25
WFI t=5402 a=-1583,-3874,233 g=-6,-20,1
WFI t=5451 a=-1572,-3882,180 g=-9,-16,20
WFI t=5502 a=-1530,-3883,230 g=14,19,-2
WFI t=5551 a=-1553,-3851,171 g=-15,9,-43
WFI t=5601 a=-1614,-3829,210 g=9,-8,-5
WFI t=5652 a=-1543,-3900,189 g=-8,-2,16
WFI t=5701 a=-1561,-3888,204 g=-4,-2,-12
WFI t=5751 a=-1595,-3881,210 g=-1,0,-9
WFI t=5802 a=-1546,-3874,233 g=1,-4,0
WFI t=5851 a=-1552,-3870,230 g=-5,7,-21
WFI t=5901 a=-1592,-3867,214 g=-4,-13,-14
WFI t=6069 a=-1561,-3876,194 g=5,-10,3
WFI t=6083 a=-1566,-3868,219 g=-6,-23,-1
WFI t=6186 a=-1558,-3858,203 g=-1,19,-14
WFI t=6189 a=-1596,-3869,213 g=-4,-2,-22
WFI t=6193 a=-1596,-3869,213 g=-4,-2,-22
WFI t=6208 a=-1584,-3880,225 g=-5,-10,-10
WFI t=6320 a=-1556,-3882,230 g=-2,-18,-7
WFI t=6322 a=-1563,-3887,210 g=0,-2,-12
WFI t=6351 a=-1565,-3864,207 g=3,0,-6
WFI t=6402 a=-1546,-3870,189 g=-4,-8,-9
WFR t=6408 src=bms type=0x02 len=129 data=d2037c0eeb0eea0eeb0eeb0eeb0eea0eeb0eeb0ee90eea0eeb0eec0eef0eee0eef0eed0eef0eef0ef00ef00ef00ef00ef10ef00eef0ef00ef00ef00000000000000000003d0000000000000000000000000000042d753002ae0ef10ee9003d003d00000157001c0001001d0000000100010eed000800000000000000000000454e
WFI t=6451 a=-1558,-3876,213 g=2,5,-7
WFI t=6501 a=-1551,-3878,214 g=0,-4,-7
WFI t=6552 a=-1575,-3888,224 g=0,-26,5
WFI t=6601 a=-1562,-3868,207 g=-2,15,1
WFI t=6651 a=-1554,-3875,215 g=0,6,-18
WFI t=6702 a=-1583,-3872,235 g=5,8,-15
WFI t=6751 a=-1561,-3886,205 g=-4,-22,3
WFI t=6801 a=-1551,-3866,204 g=-6,2,-5
WFI t=6852 a=-1570,-3892,200 g=-4,10,-16
WFI t=6901 a=-1577,-3877,217 g=-2,-11,0
WFI t=6951 a=-1550,-3888,218 g=0,-14,5
WFI t=7002 a=-1547,-3872,209 g=-5,16,-19
WFI t=7051 a=-1578,-3886,213 g=1,7,-14
WFI t=7101 a=-1550,-3882,209 g=1,2,1
WFI t=7152 a=-1574,-3882,232 g=-3,-35,2
WFI t=7201 a=-1556,-3856,179 g=0,29,10
WFI t=7251 a=-1541,-3886,209 g=1,-4,-12
WFI t=7302 a=-1563,-3874,222 g=0,11,-28
WFI t=7351 a=-1579,-3885,221 g=-6,-24,1
WFI t=7401 a=-1527,-3884,196 g=2,7,-6
WFR t=7413 src=bms type=0x02 len=129 data=d2037c0eeb0eea0eeb0eeb0eeb0eea0eeb0eeb0ee90eeb0eeb0eec0eef0eee0eef0eee0eef0eef0ef00ef00ef00ef10ef10ef10eef0ef00ef00ef00000000000000000003d0000000000000000000000000000042e753002ae0ef10ee9003d003d00000157001c0001001d0000000100010eed0008000000000000000000002968
WFI t=7453 a=-1581,-3885,197 g=3,13,-25
WFI t=7502 a=-1573,-3870,207 g=-1,-32,14
WFI t=7551 a=-1539,-3854,216 g=-4,12,20
WFI t=7602 a=-1533,-3872,203 g=-1,-4,-18
WFI t=7651 a=-1588,-3881,222 g=-2,7,-22
WFI t=7701 a=-1566,-3867,210 g=3,-7,12
WFI t=7752 a=-1549,-3878,213 g=-4,-9,-12
WFI t=7801 a=-1557,-3881,216 g=2,16,-10
WFI t=7851 a=-1571,-3874,207 g=-5,-22,0
WFI t=7902 a=-1546,-3879,210 g=-2,-3,4
WFI t=8040 a=-1555,-3886,224 g=1,-1,-14
WFI t=8055 a=-1564,-3891,208 g=-3,-7,-1
WFI t=8057 a=-1564,-3894,216 g=1,-6,0
WFI t=8101 a=-1556,-3864,208 g=-1,-2,-14
WFI t=8151 a=-1569,-3873,215 g=2,4,-6
WFI t=8202 a=-1550,-3876,206 g=-1,-23,3
WFI t=8252 a=-1546,-3887,219 g=0,6,-8
WFI t=8301 a=-1573,-3875,206 g=-5,0,-17
WFI t=8352 a=-1570,-3885,212 g=-6,-15,8
WFI t=8401 a=-1533,-3876,197 g=-5,-5,-5
WFR t=8448 src=bms type=0x02 len=129 data=d2037c0eeb0eea0eeb0eeb0eeb0eea0eeb0eeb0eea0eea0eeb0eec0eef0eef0eef0eee0eef0eef0ef00ef00ef00ef10ef10ef10eef0ef00ef00ef00000000000000000003d0000000000000000000000000000042e753002ae0ef10eea003d003d00000157001c0001001d0000000100010eed0007000000000000000000001b8e
WFI t=8451 a=-1561,-3868,221 g=3,4,-9
WFI t=8502 a=-1570,-3878,211 g=-6,-8,-5
WFI t=8551 a=-1566,-3876,212 g=-5,-2,-7
WFI t=8601 a=-1564,-3871,202 g=-7,-4,-11
WFI t=8652 a=-1569,-3870,222 g=-2,-1,-2
WFI t=8701 a=-1564,-3869,219 g=-2,-10,-4
WFI t=8751 a=-1570,-3869,214 g=-4,-12,-1
WFI t=8802 a=-1540,-3873,210 g=4,6,-9
WFI t=8851 a=-1574,-3888,220 g=-2,7,-18
WFI t=8901 a=-1563,-3881,218 g=2,-8,3
WFI t=8952 a=-1550,-3888,213 g=-2,-13,-3
WFI t=9001 a=-1561,-3878,206 g=-1,0,-8
WFI t=9051 a=-1555,-3867,208 g=2,-4,-3
WFI t=9102 a=-1569,-3875,198 g=-5,-8,-10
WFI t=9151 a=-1565,-3861,204 g=0,-5,2
WFI t=9201 a=-1555,-3859,209 g=-2,-7,0
WFI t=9251 a=-1561,-3879,204 g=3,8,-11
WFI t=9301 a=-1582,-3868,217 g=-6,-30,9
WFI t=9351 a=-1557,-3890,232 g=7,6,9
WFI t=9402 a=-1545,-3853,192 g=6,12,0
WFI t=9451 a=-1548,-3872,206 g=-15,-9,-31
WFR t=9453 src=bms type=0x02 len=129 data=d2037c0eeb0eea0eeb0eeb0eeb0eea0eeb0eeb0ee90eea0eeb0eec0eef0eef0eef0eee0eef0eef0ef00ef00ef00ef00ef10ef00eef0ef00ef00ef00000000000000000003d0000000000000000000000000000042e753002ae0ef10ee9003d003d00000157001c0001001d0000000100010eed0008000000000000000000008a91
WFI t=9501 a=-1616,-3859,196 g=2,9,-19
WFI t=9552 a=-1553,-3883,214 g=-1,-17,15
WFI t=9601 a=-1533,-3904,252 g=1,3,-16
WFI t=9651 a=-1586,-3888,227 g=-7,-1,-20
WFI t=9702 a=-1572,-3876,201 g=-2,-21,9
WFI t=9751 a=-1533,-3873,193 g=-3,5,-12
WFI t=9801 a=-1568,-3882,218 g=2,10,-18
WFI t=9852 a=-1559,-3883,216 g=-2,-24,4
WFI t=9901 a=-1538,-3867,205 g=5,4,1
WFI t=10064 a=-1582,-3873,211 g=-5,-21,-3
WFI t=10079 a=-1549,-3857,223 g=5,15,-31
WFI t=10081 a=-1549,-3857,223 g=5,15,-31
WFI t=10101 a=-1574,-3857,207 g=1,5,-23
WFI t=10152 a=-1602,-3877,205 g=-1,-33,18
WFI t=10201 a=-1537,-3841,204 g=-12,-6,27
WFI t=10251 a=-1543,-3885,220 g=5,-10,-4
WFT t=10268 batt_mv=4168 rssi_mcu=0 rssi_bms=-78 mcu=0 bms=15 dropped=0
WFI t=10302 a=-1556,-3865,224 g=-1,5,-15
WFI t=10351 a=-1575,-3889,194 g=14,14,-27
WFI t=10401 a=-1584,-3888,217 g=5,9,-23
WFI t=10451 a=-1579,-3881,211 g=-1,-30,10
WFI t=10501 a=-1547,-3869,203 g=-9,-14,21
WFR t=10503 src=bms type=0x02 len=129 data=d2037c0eeb0eea0eeb0eea0eeb0eea0eeb0eeb0eea0eea0eeb0eec0eef0eef0eef0eee0eef0ef00ef00ef00ef00ef00ef10ef00eef0ef00ef00ef00000000000000000003d0000000000000000000000000000042e753002ae0ef10ee9003d003d00000157001c0001001d0000000100010eed0008000000000000000000007ea3
WFI t=10551 a=-1551,-3890,205 g=10,-5,8
WFI t=10602 a=-1550,-3875,181 g=-13,-10,-12
WFI t=10651 a=-1563,-3883,240 g=-2,15,-31
WFI t=10701 a=-1564,-3873,210 g=7,22,-26
WFI t=10752 a=-1603,-3879,199 g=-1,6,-24
WFI t=10801 a=-1598,-3879,197 g=-7,-32,13
WFI t=10851 a=-1533,-3880,190 g=1,1,10
WFI t=10902 a=-1552,-3866,220 g=-2,-2,-18
WFI t=10951 a=-1582,-3873,223 g=-3,-14,10
WFI t=11001 a=-1548,-3884,199 g=3,-2,8
WFI t=11052 a=-1523,-3874,206 g=-5,-2,-14
WFI t=11101 a=-1588,-3896,239 g=0,30,-37
WFI t=11151 a=-1580,-3866,212 g=-2,8,-11
WFI t=11202 a=-1556,-3881,197 g=5,-3,5
WFI t=11251 a=-1571,-3881,199 g=-10,-31,6
WFI t=11301 a=-1560,-3864,208 g=-11,15,28
WFI t=11352 a=-1539,-3892,236 g=14,-3,0
WFI t=11401 a=-1546,-3872,187 g=-3,-1,-29
WFI t=11451 a=-1604,-3883,214 g=-2,4,-34
WFI t=11502 a=-1569,-3894,218 g=8,9,2
WFR t=11508 src=bms type=0x02 len=129 data=d2037c0eeb0eea0eeb0eeb0eeb0eea0eeb0eeb0eea0eea0eeb0eeb0eef0eee0eef0eee0eef0eef0ef10ef00ef00ef00ef10ef00eee0ef00ef00ef00000000000000000003d0000000000000000000000000000042e753002ae0ef10eea003d003d00000157001c0001001d0000000100010eed0007000000000000000000007274
WFI t=11551 a=-1537,-3880,233 g=-4,3,-18
WFI t=11601 a=-1587,-3868,213 g=-2,-25,5
WFI t=11651 a=-1585,-3867,169 g=-7,1,24
WFI t=11701 a=-1529,-3882,225 g=9,5,2
WFI t=11751 a=-1540,-3865,196 g=-8,9,-29
WFI t=11802 a=-1609,-3861,244 g=-3,-19,-17
WFI t=11851 a=-1535,-3889,212 g=7,6,5
WFI t=11901 a=-1572,-3870,210 g=-5,-7,-21
WFI t=11991 a=-1557,-3869,225 g=-2,-19,10
WFI t=12076 a=-1558,-3875,216 g=4,-4,-10
WFI t=12078 a=-1572,-3873,191 g=2,-10,-17
WFI t=12101 a=-1579,-3863,181 g=-11,-25,-14
WFI t=12151 a=-1566,-3861,193 g=3,6,1
WFI t=12201 a=-1547,-3891,228 g=2,2,-5
WFI t=12251 a=-1566,-3870,203 g=-3,-9,-16
WFI t=12301 a=-1581,-3873,205 g=-8,-32,4
WFI t=12351 a=-1559,-3860,189 g=2,31,6
WFI t=12402 a=-1544,-3884,223 g=7,13,-21
WFI t=12451 a=-1584,-3885,218 g=1,1,-6
WFI t=12501 a=-1560,-3874,195 g=1,-20,3
WFR t=12513 src=bms type=0x02 len=129 data=d2037c0eeb0eea0eeb0eea0eeb0eea0eeb0eeb0ee90eea0eeb0eec0eef0eef0eef0eed0eef0eef0ef00ef00ef00ef00ef10ef10eef0ef00ef00ef00000000000000000003d0000000000000000000000000000042e753002ae0ef10ee9003d003d00000157001c0001001d0000000100010eed0008000000000000000000009aa3
WFI t=12551 a=-1552,-3879,195 g=1,4,-10
WFI t=12601 a=-1575,-3890,209 g=-3,-7,-7
WFI t=12651 a=-1554,-3889,243 g=-2,4,3
WFI t=12701 a=-1548,-3876,215 g=-6,-1,-20
WFI t=12751 a=-1599,-3866,203 g=-3,-22,-8
WFI t=12801 a=-1547,-3867,195 g=5,5,8
WFI t=12851 a=-1554,-3885,225 g=-6,-4,-20
WFI t=12901 a=-1583,-3871,208 g=-4,-8,1
WFI t=12951 a=-1568,-3864,190 g=-7,-29,5
WFI t=13001 a=-1544,-3879,221 g=5,13,-3
WFI t=13051 a=-1553,-3876,192 g=-3,1,-32
WFI t=13101 a=-1592,-3863,227 g=3,0,-5
WFI t=13151 a=-1544,-3871,205 g=-3,-26,14
WFI t=13201 a=-1562,-3888,226 g=-2,-10,-11
WFI t=13251 a=-1570,-3845,208 g=-7,-6,-7
WFI t=13301 a=-1560,-3869,224 g=0,-1,-3
WFI t=13351 a=-1573,-3879,194 g=-4,-6,-19
WFI t=13401 a=-1567,-3872,206 g=2,1,-5
WFI t=13451 a=-1560,-3876,207 g=-5,-22,-1
WFI t=13501 a=-1547,-3866,233 g=4,16,0
WFR t=13503 src=bms type=0x02 len=129 data=d2037c0eeb0eea0eeb0eeb0eeb0eea0eeb0eeb0eea0eea0eeb0eec0eef0eef0eef0eed0eef0eef0ef00ef00ef00ef10ef10ef10eef0ef00ef00ef00000000000000000003d0000000000000000000000000000042e753002ae0ef10eea003d003d00000157001c0001001d0000000100010eed000700000000000000000000887e
WFI t=13551 a=-1564,-3877,213 g=-2,-18,-13
WFI t=13601 a=-1569,-3884,212 g=2,-8,7
WFI t=13651 a=-1555,-3880,200 g=1,3,-11
WFI t=13701 a=-1559,-3886,222 g=3,10,-22
WFI t=13751 a=-1584,-3879,226 g=3,-19,14
WFI t=13801 a=-1546,-3880,218 g=-6,-13,8
WFI t=13851 a=-1542,-3868,210 g=12,18,-13
WFI t=13901 a=-1593,-3902,229 g=-2,18,-43
WFI t=13951 a=-1585,-3875,217 g=4,-9,8
WFI t=14097 a=-1566,-3870,205 g=-3,-15,-4
WFI t=14100 a=-1569,-3876,217 g=-2,-9,1
WFI t=14102 a=-1569,-3876,217 g=-2,-9,1
WFI t=14151 a=-1560,-3886,227 g=-6,-4,0
WFI t=14201 a=-1536,-3863,210 g=3,13,-19
WFI t=14251 a=-1591,-3883,192 g=6,3,-20
WFI t=14301 a=-1579,-3887,212 g=-3,-17,4
WFI t=14351 a=-1564,-3854,190 g=-5,7,8
WFI t=14410 a=-1550,-3874,204 g=-4,-4,-1
WFI t=14451 a=-1563,-3892,222 g=1,-2,-10
WFI t=14501 a=-1573,-3865,190 g=-1,-9,-14
WFR t=14524 src=bms type=0x02 len=129 data=d2037c0eeb0eea0eeb0eeb0eeb0eea0eeb0eeb0eea0eea0eeb0eec0eee0eef0eef0eee0eef0eef0ef00ef00ef00ef10ef10ef10eee0ef10ef00ef00000000000000000003d0000000000000000000000000000042e753002ae0ef10eea003d003d00000157001c0001001d0000000100010eed0007000000000000000000007f4e
WFI t=14552 a=-1575,-3879,227 g=2,1,-6
WFI t=14601 a=-1548,-3878,209 g=-8,-1,-11
WFI t=14651 a=-1574,-3892,227 g=1,-4,-1
WFI t=14701 a=-1557,-3890,202 g=-1,-21,5
WFI t=14751 a=-1559,-3882,232 g=-2,-1,-5
WFI t=14801 a=-1548,-3879,209 g=-5,3,-15
WFI t=14851 a=-1563,-3871,212 g=-2,-6,-8
WFI t=14901 a=-1575,-3874,208 g=-7,-13,-5
WFI t=14951 a=-1567,-3879,215 g=-2,-1,-5
WFI t=15001 a=-1562,-3885,208 g=-4,3,-10
WFI t=15051 a=-1560,-3882,221 g=-1,2,-4
WFI t=15101 a=-1565,-3874,209 g=-5,-16,-3
WFI t=15151 a=-1555,-3886,205 g=-2,-6,0
WFI t=15201 a=-1566,-3869,213 g=-3,0,-10
WFI t=15251 a=-1559,-3860,213 g=-3,2,-8
WFT t=15292 batt_mv=4170 rssi_mcu=0 rssi_bms=-81 mcu=0 bms=20 dropped=0
WFI t=15302 a=-1556,-3874,205 g=-4,-8,-5
WFI t=15351 a=-1555,-3888,214 g=-6,0,-8
WFI t=15401 a=-1577,-3887,212 g=-2,-2,-9
WFI t=15451 a=-1560,-3878,209 g=-3,-1,-4
WFI t=15501 a=-1558,-3873,216 g=-2,-11,-4
WFR t=15514 src=bms type=0x02 len=129 data=d2037c0eeb0eea0eeb0eeb0eeb0eea0eeb0eeb0eea0eea0eeb0eec0eee0eef0eef0eee0eef0eef0ef00ef00ef00ef00ef10ef10eef0ef00ef00ef00000000000000000003d0000000000000000000000000000042e753002ae0ef10eea003d003d00000157001c0001001d0000000100010eed000700000000000000000000954b
WFI t=15552 a=-1567,-3871,201 g=-4,-8,-3
WFI t=15601 a=-1561,-3888,212 g=4,1,-6
WFI t=15651 a=-1561,-3885,212 g=-3,0,-10
WFI t=15701 a=-1554,-3881,215 g=5,5,-11
WFI t=15752 a=-1572,-3872,212 g=-5,-14,-6
WFI t=15801 a=-1555,-3877,199 g=-1,-11,7
WFI t=15851 a=-1554,-3883,217 g=0,-5,-7
WFI t=15901 a=-1567,-3882,213 g=1,5,-5
WFI t=15951 a=-1557,-3875,225 g=-4,-12,-4
WFI t=16101 a=-1565,-3877,202 g=1,5,-15
WFI t=16228 a=-1548,-3874,221 g=-3,-20,7
WFI t=16229 a=-1550,-3865,206 g=2,-5,-12
WFI t=16231 a=-1546,-3868,196 g=1,-10,-15
WFI t=16233 a=-1546,-3868,196 g=1,-10,-15
WFI t=16251 a=-1555,-3870,210 g=-7,-3,-19
WFI t=16303 a=-1570,-3871,204 g=4,-6,-13
WFI t=16351 a=-1567,-3879,215 g=4,-3,-7
WFI t=16401 a=-1571,-3876,227 g=-6,-14,2
WFI t=16451 a=-1573,-3877,224 g=-4,-13,8
WFI t=16501 a=-1546,-3885,216 g=5,-2,8
WFR t=16504 src=bms type=0x02 len=129 data=d2037c0eeb0eea0eeb0eea0eeb0eea0eeb0eeb0ee90eea0eeb0eeb0eef0eef0eef0eee0eef0eef0ef00ef00ef00ef10ef10ef10eef0ef10ef00ef00000000000000000003d0000000000000000000000000000042e753002ae0ef10ee9003d003d00000157001c0001001d0000000100010eed000800000000000000000000fbaa
WFI t=16551 a=-1537,-3875,196 g=-3,8,-16
WFI t=16601 a=-1572,-3879,224 g=1,29,-39
WFI t=16651 a=-1575,-3851,192 g=0,-5,-10
WFI t=16701 a=-1562,-3870,204 g=-2,-23,19
WFI t=16751 a=-1553,-3871,232 g=-5,-20,13
WFI t=16801 a=-1562,-3863,184 g=0,-7,1
WFI t=16851 a=-1569,-3877,210 g=6,-12,-6
WFI t=16901 a=-1556,-3880,196 g=1,15,-12
WFI t=16951 a=-1560,-3867,213 g=-1,-13,-32
WFI t=17001 a=-1589,-3901,228 g=13,17,-14
WFI t=17051 a=-1579,-3863,203 g=-6,-14,4
WFI t=17101 a=-1557,-3849,217 g=-4,3,4
WFI t=17151 a=-1568,-3873,184 g=-2,-14,-5
WFI t=17201 a=-1564,-3875,214 g=-2,6,-5
WFI t=17251 a=-1558,-3871,197 g=-7,0,-9
WFI t=17301 a=-1556,-3889,226 g=3,-2,-17
WFI t=17351 a=-1580,-3858,201 g=-3,0,-16
WFI t=17401 a=-1575,-3860,195 g=1,-3,1
WFI t=17451 a=-1569,-3872,210 g=3,6,-7
WFI t=17502 a=-1570,-3881,218 g=-5,-13,-6
WFR t=17509 src=bms type=0x02 len=129 data=d2037c0eeb0eea0eeb0eea0eea0eea0eeb0eeb0ee90eea0eeb0eec0eee0eef0eef0eee0eef0eef0ef10ef00ef00ef00ef10ef10eef0ef00ef00ef00000000000000000003d0000000000000000000000000000042e753002ae0ef10ee9003d003d00000157001c0001001d0000000100010eed0008000000000000000000005686
WFI t=17552 a=-1553,-3879,214 g=-1,-13,6
WFI t=17601 a=-1561,-3877,222 g=0,-8,-5
WFI t=17651 a=-1558,-3878,211 g=1,1,-13
WFI t=17702 a=-1571,-3866,223 g=2,-2,-7
WFI t=17751 a=-1565,-3879,218 g=-2,-16,4
WFI t=17801 a=-1543,-3874,202 g=-1,4,-3
WFI t=17851 a=-1562,-3870,191 g=1,-7,-13
WFI t=17901 a=-1579,-3870,218 g=4,-2,-3
WFI t=17952 a=-1554,-3885,216 g=2,-5,-4
WFI t=18001 a=-1578,-3885,211 g=-1,8,-17
WFI t=18162 a=-1577,-3864,206 g=-1,-10,-1
WFI t=18164 a=-1545,-3872,211 g=-5,-4,-15
WFI t=18166 a=-1545,-3872,211 g=-5,-4,-15
WFI t=18201 a=-1579,-3880,219 g=0,-4,-9
WFI t=18251 a=-1548,-3868,205 g=5,-4,1
WFI t=18301 a=-1559,-3873,211 g=-2,0,-14
WFI t=18352 a=-1575,-3876,203 g=2,-7,-1
WFI t=18402 a=-1556,-3879,232 g=-4,-13,5
WFI t=18451 a=-1566,-3867,196 g=-5,4,-16
WFI t=18501 a=-1583,-3883,212 g=-1,-4,-4
WFI t=18551 a=-1541,-3885,222 g=-4,-12,-3
WFR t=18559 src=bms type=0x02 len=129 data=d2037c0eeb0eea0eeb0eea0eeb0eea0eeb0eeb0ee90eea0eeb0eec0eee0eef0eef0eee0eef0eef0ef10ef00ef00ef10ef10ef10eef0ef00ef00ef00000000000000000003d0000000000000000000000000000042d753002ae0ef10ee9003d003d00000157001c0001001d0000000100010eed000800000000000000000000afd6
WFI t=18602 a=-1546,-3880,208 g=0,9,-12
WFI t=18651 a=-1566,-3870,211 g=-3,-10,-6
WFI t=18701 a=-1557,-3879,220 g=1,-9,7
WFI t=18751 a=-1536,-3885,212 g=-8,-3,-5
WFI t=18801 a=-1572,-3869,194 g=-2,-13,-7
WFI t=18851 a=-1562,-3878,219 g=-1,-4,4
WFI t=18901 a=-1554,-3868,205 g=3,5,-9
WFI t=18951 a=-1550,-3864,216 g=-3,9,-35
WFI t=19002 a=-1604,-3876,199 g=0,-10,-1
WFI t=19051 a=-1538,-3868,210 g=-6,-22,17
WFI t=19101 a=-1545,-3881,245 g=-3,-12,-5
WFI t=19151 a=-1571,-3866,222 g=-5,8,-17
WFI t=19202 a=-1554,-3873,203 g=10,11,-21
WFI t=19251 a=-1577,-3855,195 g=0,0,-21
WFI t=19301 a=-1587,-3870,207 g=-3,-22,11
WFI t=19351 a=-1572,-3869,221 g=-5,-19,20
WFI t=19401 a=-1539,-3880,229 g=6,-1,9
WFI t=19451 a=-1543,-3879,212 g=-9,-2,-15
WFI t=19501 a=-1578,-3890,223 g=5,23,-42
WFI t=19551 a=-1584,-3859,205 g=3,25,-22
WFR t=19564 src=bms type=0x02 len=129 data=d2037c0eeb0eea0eeb0eeb0eeb0eea0eeb0eeb0eea0eea0eeb0eec0eee0eee0eef0eee0eef0eef0ef00ef00ef00ef10ef10ef00eef0ef00ef00ef00000000000000000003d0000000000000000000000000000042e753002ae0ef10eea003d003d00000157001c0001001d0000000100010eed0007000000000000000000008acf
WFI t=19602 a=-1577,-3878,219 g=-2,-28,15
WFI t=19652 a=-1563,-3864,202 g=-7,-18,35
WFI t=19701 a=-1570,-3894,218 g=14,-9,19
WFI t=19751 a=-1530,-3865,192 g=0,11,-5
WFI t=19801 a=-1546,-3870,213 g=-9,-4,-49
WFI t=19851 a=-1606,-3880,231 g=8,13,-27
WFI t=19901 a=-1560,-3903,222 g=0,-21,5
WFI t=19951 a=-1549,-3865,204 g=-4,-8,-5
WFI t=20001 a=-1587,-3874,202 g=-3,-6,-2
WFI t=20078 a=-1547,-3874,224 g=-9,-11,-2
WFI t=20103 a=-1545,-3878,219 g=-5,-7,-6
WFI t=20170 a=-1564,-3868,215 g=-4,-11,-6
WFI t=20258 a=-1563,-3883,209 g=9,17,2
WFI t=20259 a=-1562,-3886,221 g=5,7,-3
WFI t=20301 a=-1567,-3861,209 g=-7,-9,-12
WFI t=20351 a=-1569,-3889,212 g=0,-5,-12
WFT t=20364 batt_mv=4172 rssi_mcu=0 rssi_bms=-78 mcu=0 bms=25 dropped=0
WFI t=20402 a=-1575,-3874,199 g=-3,6,-5
WFI t=20451 a=-1555,-3886,204 g=-2,-10,-13
WFI t=20501 a=-1582,-3876,217 g=-6,-14,-7
WFI t=20551 a=-1554,-3865,198 g=-13,-4,11
WFR t=20569 src=bms type=0x02 len=129 data=d2037c0eeb0eea0eeb0eeb0eeb0eea0eeb0eeb0ee90eea0eeb0eec0eee0eef0eef0eee0eef0eef0ef00eef0ef00ef00ef10ef10eef0ef00ef00ef00000000000000000003d0000000000000000000000000000042e753002ae0ef10ee9003d003d00000157001c0001001d0000000100010eed000800000000000000000000145b
WFI t=20601 a=-1539,-3871,221 g=-1,11,-13
WFI t=20651 a=-1579,-3887,211 g=4,21,-33
WFI t=20702 a=-1593,-3868,217 g=-1,1,-13
WFI t=20751 a=-1562,-3868,212 g=1,-18,11
WFI t=20802 a=-1566,-3867,211 g=-6,-17,6
WFI t=20852 a=-1556,-3876,211 g=-1,0,10
WFI t=20901 a=-1553,-3879,206 g=1,0,-2
WFI t=20951 a=-1547,-3883,207 g=-6,-7,-25
WFI t=21002 a=-1580,-3882,214 g=1,14,-23
WFI t=21051 a=-1563,-3873,193 g=-4,-1,-10
WFI t=21101 a=-1574,-3861,206 g=3,-4,0
WFI t=21152 a=-1568,-3883,208 g=-8,-33,12
WFI t=21201 a=-1552,-3896,204 g=-11,1,8
WFI t=21251 a=-1531,-3877,190 g=14,10,-9
WFI t=21302 a=-1571,-3884,221 g=-7,14,-47
WFI t=21351 a=-1602,-3872,199 g=3,3,-5
WFI t=21402 a=-1546,-3858,209 g=-6,-20,2
WFI t=21451 a=-1556,-3896,225 g=-4,-6,-1
WFI t=21502 a=-1546,-3876,215 g=0,16,-15
WFI t=21551 a=-1599,-3878,218 g=-5,-3,-5
WFR t=21589 src=bms type=0x02 len=129 data=d2037c0eeb0eea0eeb0eeb0eeb0eea0eeb0eeb0eea0eea0eeb0eec0eee0eee0eef0eed0eef0eef0ef10ef00ef00ef00ef10ef10eef0ef00ef00ef00000000000000000003d0000000000000000000000000000042e753002ae0ef10eea003d003d00000157001c0001001d0000000100010eed00070000000000000000000072d4
WFI t=21602 a=-1570,-3874,190 g=-2,10,9
WFI t=21651 a=-1543,-3882,230 g=2,-5,-3
WFI t=21701 a=-1560,-3864,188 g=-6,-13,-20
WFI t=21752 a=-1584,-3874,219 g=-1,-1,-3
WFI t=21801 a=-1538,-3884,209 g=7,20,-8
WFI t=21851 a=-1585,-3873,235 g=-6,1,-27
WFI t=21901 a=-1580,-3869,214 g=-3,-34,18
WFI t=21951 a=-1541,-3896,197 g=1,-4,5
WFI t=22001 a=-1541,-3858,180 g=-4,-3,2
WFI t=22052 a=-1563,-3916,227 g=-1,21,-21
WFI t=22197 a=-1574,-3866,214 g=3,-12,-5
WFI t=22199 a=-1573,-3874,232 g=-1,-16,-1
WFI t=22202 a=-1573,-3874,232 g=-1,-16,-1
WFI t=22251 a=-1558,-3871,191 g=-3,-3,7
WFI t=22301 a=-1573,-3884,218 g=-8,-21,-5
WFI t=22352 a=-1552,-3867,218 g=-6,13,16
WFI t=22401 a=-1526,-3908,218 g=4,-4,-13
WFI t=22451 a=-1559,-3860,215 g=-8,10,-24
WFI t=22502 a=-1596,-3880,172 g=6,-8,-9
WFI t=22551 a=-1562,-3880,235 g=-5,-19,6
WFR t=22594 src=bms type=0x02 len=129 data=d2037c0eeb0eea0eeb0eeb0eeb0eea0eeb0eeb0ee90eea0eeb0eec0eee0eef0eef0eee0eef0ef00ef00ef00ef00ef00ef10ef10eee0ef00ef00ef00000000000000000003d0000000000000000000000000000042e753002ae0ef10ee9003d003d00000157001c0001001d0000000100010eed0008000000000000000000001812
WFI t=22646 a=-1558,-3894,226 g=-9,-15,-1
WFI t=22652 a=-1544,-3884,226 g=0,-7,1
WFI t=22701 a=-1546,-3891,209 g=2,22,-19
WFI t=22751 a=-1570,-3868,205 g=3,-5,-21
WFI t=22802 a=-1580,-3881,214 g=3,-19,3
WFI t=22851 a=-1555,-3882,208 g=2,4,-2
WFI t=22901 a=-1593,-3868,205 g=-8,-19,-12
WFI t=22952 a=-1558,-3878,223 g=-1,-11,12
WFI t=23001 a=-1547,-3900,242 g=-9,-30,-4
WFI t=23051 a=-1534,-3883,207 g=-1,28,-29
WFI t=23102 a=-1605,-3869,183 g=-4,-30,-37
WFI t=23151 a=-1606,-3882,224 g=-1,-28,37
WFI t=23201 a=-1543,-3893,222 g=-16,-30,51
WFI t=23252 a=-1519,-3879,216 g=7,-16,-4
WFI t=23301 a=-1549,-3895,208 g=-22,-15,-27
WFI t=23351 a=-1568,-3880,217 g=14,31,-35
WFI t=23402 a=-1564,-3876,202 g=6,57,-37
WFI t=23451 a=-1621,-3885,221 g=3,-16,-2
WFI t=23501 a=-1565,-3896,226 g=-4,-64,45
WFI t=23552 a=-1550,-3861,257 g=-4,-19,40
WFR t=23599 src=bms type=0x02 len=129 data=d2037c0eeb0eea0eeb0eeb0eeb0eea0eeb0eeb0ee90eea0eeb0eec0eee0eef0eef0eed0eef0eef0ef00ef00eef0ef00ef10ef10eef0ef00ef00ef00000000000000000003d0000000000000000000000000000042e753002ae0ef10ee9003d003d00000157001c0001001d0000000100010eed000800000000000000000000a105
WFI t=23601 a=-1548,-3856,148 g=6,-10,1
WFI t=23651 a=-1555,-3887,243 g=-15,1,-39
WFI t=23702 a=-1564,-3853,206 g=-1,19,-51
WFI t=23751 a=-1592,-3881,224 g=8,-3,-21
WFI t=23801 a=-1556,-3889,221 g=-4,-25,1
WFI t=23851 a=-1572,-3875,205 g=-6,-35,16
WFI t=23901 a=-1566,-3877,238 g=-4,-19,28
WFI t=23951 a=-1544,-3879,209 g=5,0,6
WFI t=24002 a=-1540,-3877,202 g=-15,-7,-33
WFI t=24051 a=-1599,-3882,224 g=1,29,-45
WFI t=24335 a=-1561,-3862,214 g=-7,2,13
WFI t=24350 a=-1575,-3868,219 g=-2,17,-42
WFI t=24352 a=-1597,-3891,239 g=0,18,-32
WFI t=24354 a=-1597,-3891,239 g=0,18,-32
WFI t=24356 a=-1612,-3888,232 g=-1,15,-26
WFI t=24358 a=-1612,-3888,232 g=-1,15,-26
WFI t=24401 a=-1562,-3878,213 g=0,-27,23
WFI t=24452 a=-1550,-3907,198 g=-3,-15,5
WFI t=24501 a=-1557,-3876,205 g=2,14,-10
WFI t=24551 a=-1582,-3880,225 g=-4,-2,-9
WFI t=24602 a=-1570,-3881,223 g=4,15,-4
WFR t=24649 src=bms type=0x02 len=129 data=d2037c0eeb0eea0eeb0eea0eeb0eea0eeb0eeb0eea0eea0eeb0eec0eee0eef0eef0eed0eef0eef0ef00ef00ef00ef00ef10ef00eef0ef00ef00ef00000000000000000003d0000000000000000000000000000042e753002ae0ef10eea003d003d00000157001c0001001d0000000100010eed0007000000000000000000008579
WFI t=24651 a=-1582,-3870,197 g=-3,-31,-23
WFI t=24701 a=-1590,-3878,221 g=5,-13,18
WFI t=24751 a=-1550,-3882,222 g=-16,-30,26
WFI t=24801 a=-1544,-3878,224 g=3,2,-8
WFI t=24851 a=-1552,-3876,192 g=-6,-7,-27
WFI t=24901 a=-1581,-3885,230 g=3,22,-23
WFI t=24951 a=-1566,-3873,182 g=0,9,-9
WFI t=25001 a=-1581,-3888,226 g=-6,-11,9
WFI t=25052 a=-1577,-3903,231 g=-12,-15,28
WFI t=25101 a=-1522,-3877,222 g=12,-3,16
WFI t=25151 a=-1550,-3874,175 g=-10,-1,-28
WFI t=25202 a=-1595,-3888,242 g=11,32,-58
WFI t=25251 a=-1605,-3858,189 g=0,0,-15
WFI t=25301 a=-1564,-3859,214 g=-1,-14,15
WFI t=25352 a=-1563,-3908,248 g=-14,-59,11
WFI t=25401 a=-1566,-3864,213 g=-7,4,23
WFI t=25452 a=-1534,-3871,200 g=7,-7,-2
WFT t=25452 batt_mv=4170 rssi_mcu=0 rssi_bms=-76 mcu=0 bms=30 dropped=0
WFI t=25502 a=-1551,-3878,220 g=-21,2,-32
WFI t=25551 a=-1588,-3879,222 g=8,2,-25
WFI t=25601 a=-1563,-3898,226 g=0,13,-14
WFI t=25652 a=-1608,-3875,202 g=-5,-25,2
WFR t=25654 src=bms type=0x02 len=129 data=d2037c0eeb0eea0eeb0eeb0eeb0eea0eeb0eeb0eea0eeb0eeb0eec0eef0eef0eef0eed0eef0eef0ef10ef00ef00ef00ef10ef10eef0ef00ef00ef10000000000000000003d0000000000000000000000000000042e753002ae0ef10eea003d003d00000157001c0001001d0000000100010eed00070000000000000000000011b8
WFI t=25701 a=-1559,-3834,200 g=-5,-11,30
WFI t=25751 a=-1558,-3908,233 g=-2,-38,9
WFI t=25802 a=-1553,-3871,228 g=-4,-5,1
WFI t=25851 a=-1560,-3874,202 g=-9,-34,-20
WFI t=25901 a=-1556,-3894,225 g=-5,33,-31
WFI t=25952 a=-1601,-3838,179 g=-6,-5,-41
WFI t=26001 a=-1587,-3871,229 g=4,-11,20
WFI t=26051 a=-1561,-3903,236 g=-21,-32,21
WFI t=26194 a=-1567,-3864,208 g=8,-10,14
WFI t=26196 a=-1556,-3860,208 g=-8,-11,-16
WFI t=26201 a=-1562,-3868,218 g=-3,-7,-20
WFI t=26252 a=-1553,-3871,213 g=4,18,-40
WFI t=26301 a=-1613,-3891,237 g=2,28,-34
WFI t=26351 a=-1558,-3867,186 g=-2,7,1
WFI t=26402 a=-1588,-3883,222 g=-4,-25,-3
WFI t=26451 a=-1584,-3871,203 g=-3,-10,25
WFI t=26501 a=-1566,-3877,218 g=-1,-19,24
WFI t=26552 a=-1543,-3865,200 g=3,2,-4
WFI t=26601 a=-1560,-3880,220 g=-16,-11,-38
WFI t=26651 a=-1586,-3887,227 g=14,26,-30
WFR t=26661 src=bms type=0x02 len=129 data=d2037c0eeb0eea0eeb0eea0eeb0eeb0eeb0eeb0eea0eea0eeb0eec0eef0eee0eef0eee0eef0eef0ef10ef00ef00ef10ef10ef10eef0ef00ef00ef00000000000000000003d0000000000000000000000000000042e753002ae0ef10eea003d003d00000157001c0001001d0000000100010eed0007000000000000000000000a84
WFI t=26702 a=-1570,-3866,204 g=0,11,-25
WFI t=26751 a=-1602,-3870,192 g=3,-7,5
WFI t=26801 a=-1570,-3863,216 g=-5,-22,26
WFI t=26852 a=-1559,-3905,236 g=4,0,31
WFI t=26901 a=-1533,-3870,187 g=7,-4,5
WFI t=26951 a=-1559,-3882,234 g=-16,-12,-35
WFI t=27002 a=-1582,-3871,184 g=10,18,-52
WFI t=27051 a=-1603,-3895,219 g=4,28,-19
WFI t=27101 a=-1559,-3880,204 g=-4,-21,1
WFI t=27152 a=-1594,-3880,222 g=-2,-50,19
WFI t=27201 a=-1568,-3892,239 g=-6,-17,36
WFI t=27251 a=-1534,-3861,198 g=18,22,4
WFI t=27302 a=-1551,-3876,213 g=-15,-15,-40
WFI t=27351 a=-1629,-3913,248 g=6,38,-33
WFI t=27401 a=-1569,-3849,194 g=4,2,5
WFI t=27452 a=-1562,-3887,230 g=-4,-1,-12
WFI t=27501 a=-1595,-3854,199 g=-2,-16,-20
WFI t=27551 a=-1589,-3873,220 g=4,-16,19
WFI t=27601 a=-1540,-3887,238 g=-4,-21,13
WFR t=27649 src=bms type=0x02 len=129 data=d2037c0eeb0eea0eeb0eeb0eeb0eea0eeb0eeb0eea0eeb0eeb0eec0eee0eef0eef0eee0eef0eef0ef00ef00ef00ef00ef10ef10eef0ef00ef00ef00000000000000000003d0000000000000000000000000000042e753002ae0ef10eea003d003d00000157001c0001001d0000000100010eed0007000000000000000000002936
WFI t=27652 a=-1560,-3888,185 g=-7,-10,-11
WFI t=27702 a=-1558,-3880,228 g=-7,-20,-20
WFI t=27751 a=-1555,-3885,215 g=8,32,-7
WFI t=27801 a=-1555,-3881,206 g=-3,-9,-19
WFI t=27851 a=-1599,-3901,226 g=3,6,-12
WFI t=27902 a=-1571,-3870,211 g=0,0,9
WFI t=27951 a=-1563,-3884,239 g=6,3,16
WFI t=28001 a=-1560,-3864,213 g=-3,-19,10
WFI t=28051 a=-1564,-3868,233 g=-4,-8,4
WFI t=28191 a=-1558,-3875,202 g=3,6,-18
WFI t=28207 a=-1577,-3882,215 g=10,17,-11
WFI t=28209 a=-1577,-3882,215 g=10,17,-11
WFI t=28251 a=-1563,-3882,188 g=-11,1,-9
WFI t=28301 a=-1569,-3889,224 g=2,2,-5
WFI t=28351 a=-1562,-3872,200 g=-4,0,-1
WFI t=28401 a=-1569,-3881,237 g=2,8,4
WFI t=28451 a=-1565,-3864,206 g=4,-6,-4
WFI t=28502 a=-1592,-3887,227 g=-19,-28,5
WFI t=28551 a=-1574,-3880,224 g=12,5,5
WFI t=28601 a=-1543,-3880,204 g=-4,19,-27
WFI t=28651 a=-1591,-3870,239 g=-2,25,-60
WFI t=28701 a=-1615,-3871,202 g=2,-28,18
WFI t=28751 a=-1557,-3924,226 g=-1,-10,40
WFI t=28801 a=-1540,-3854,191 g=10,-12,13
WFI t=28851 a=-1561,-3890,225 g=-18,-16,-6
WFI t=28901 a=-1567,-3864,214 g=10,19,-19
WFI t=28951 a=-1543,-3855,207 g=-13,8,-32
WFI t=29001 a=-1589,-3896,247 g=2,24,-53
WFI t=29051 a=-1598,-3867,183 g=-1,0,1
WFI t=29101 a=-1569,-3866,210 g=-1,-17,13
WFI t=29151 a=-1560,-3896,237 g=-10,-15,14
WFI t=29201 a=-1581,-3868,207 g=6,-7,13
WFI t=29251 a=-1565,-3885,205 g=18,16,3
WFI t=29302 a=-1575,-3876,213 g=-11,-14,-3
WFI t=29351 a=-1602,-3885,236 g=5,-9,11
WFI t=29401 a=-1566,-3851,186 g=1,-10,15
WFI t=29451 a=-1583,-3871,207 g=-16,-43,-1
WFI t=29501 a=-1568,-3882,252 g=-23,-9,-9
WFI t=29552 a=-1529,-3881,242 g=8,46,-46
WFI t=29601 a=-1566,-3870,228 g=2,50,-108
WFI t=29651 a=-1683,-3872,182 g=13,11,-37
WFI t=29701 a=-1570,-3884,206 g=-7,-84,54
WFI t=29751 a=-1582,-3899,270 g=-23,-59,82
WFI t=29801 a=-1566,-3864,203 g=11,-59,89
WFI t=29851 a=-1496,-3877,244 g=-4,0,52
WFI t=29901 a=-1500,-3871,173 g=-7,10,-73
WFI t=29951 a=-1563,-3876,233 g=-24,42,-149
WFI t=30001 a=-1676,-3892,264 g=32,99,-78
WFI t=30051 a=-1596,-3881,185 g=2,-38,17
WFI t=30130 a=-1596,-3891,211 g=-28,-53,57
WFI t=30215 a=-1496,-3875,194 g=19,34,48
WFI t=30218 a=-1496,-3875,194 g=19,34,48
WFI t=30251 a=-1500,-3862,175 g=-22,-63,-45
WFI t=30301 a=-1555,-3887,278 g=-21,28,-121
WFI t=30351 a=-1667,-3889,225 g=15,72,-98
WFI t=30401 a=-1588,-3873,227 g=8,25,4
WFI t=30451 a=-1588,-3880,207 g=-16,-82,12
WFT t=30474 batt_mv=4172 rssi_mcu=0 rssi_bms=-78 mcu=0 bms=33 dropped=0
WFI t=30501 a=-1600,-3815,187 g=-10,-19,59
WFI t=30551 a=-1568,-3895,238 g=9,-16,69
WFI t=30601 a=-1500,-3854,199 g=11,19,9
WFI t=30651 a=-1552,-3863,219 g=-28,-40,-67
WFI t=30701 a=-1587,-3895,241 g=13,47,-72
WFI t=30751 a=-1607,-3857,185 g=5,60,-57
WFI t=30801 a=-1612,-3879,210 g=-2,-16,2
WFI t=30851 a=-1589,-3877,181 g=-16,-66,48
WFI t=30901 a=-1559,-3881,274 g=-4,-36,73
WFI t=30951 a=-1533,-3853,149 g=18,11,44
WFI t=31001 a=-1502,-3877,224 g=-13,-9,-46
WFI t=31052 a=-1571,-3861,206 g=-8,11,-106
WFI t=31101 a=-1649,-3903,261 g=11,62,-50
WFI t=31151 a=-1536,-3865,202 g=7,5,19
WFI t=31201 a=-1581,-3884,239 g=-9,-48,8
WFI t=31251 a=-1606,-3860,223 g=-18,-38,41
WFI t=31301 a=-1545,-3890,236 g=29,37,52
WFI t=31351 a=-1523,-3856,142 g=10,9,-24
WFI t=31401 a=-1576,-3882,246 g=-40,-28,-72
WFI t=31451 a=-1609,-3861,227 g=24,-1,-7
WFI t=31502 a=-1544,-3878,228 g=-12,11,18
WFI t=31551 a=-1548,-3891,186 g=4,-13,-25
WFI t=31601 a=-1607,-3909,246 g=-2,-4,-26
WFI t=31651 a=-1577,-3872,208 g=6,34,23
WFI t=31701 a=-1548,-3875,198 g=5,-14,10
WFI t=31751 a=-1575,-3872,219 g=-16,-36,-10
WFI t=31801 a=-1581,-3862,227 g=-2,-12,6
WFI t=31860 a=-1542,-3868,199 g=11,23,-5
WFI t=31901 a=-1554,-3872,209 g=-18,-20,-43
WFI t=31951 a=-1620,-3890,241 g=8,20,-30
WFI t=32001 a=-1568,-3861,198 g=-6,4,11
WFI t=32051 a=-1552,-3879,241 g=8,-5,7
WFI t=32133 a=-1582,-3890,227 g=-18,-25,13
WFI t=32152 a=-1575,-3892,237 g=-3,-8,8
WFI t=32287 a=-1554,-3856,186 g=3,7,-26
WFI t=32462 a=-1581,-3856,205 g=-11,-3,0
WFI t=32464 a=-1570,-3877,240 g=-12,4,-2
WFI t=32467 a=-1574,-3887,232 g=-11,1,-1
WFI t=32469 a=-1574,-3887,232 g=-11,1,-1
WFI t=32471 a=-1574,-3887,232 g=-11,1,-1
WFI t=32501 a=-1562,-3889,226 g=15,11,-8
WFI t=32551 a=-1574,-3863,208 g=-8,-2,-13
WFI t=32601 a=-1582,-3874,221 g=-1,-17,-12
WFI t=32651 a=-1587,-3880,224 g=-3,0,5
WFI t=32702 a=-1546,-3876,198 g=1,-2,-4
WFI t=32751 a=-1570,-3873,218 g=-4,-10,-18
WFI t=32801 a=-1602,-3875,223 g=1,-1,-15
WFI t=32851 a=-1565,-3865,204 g=1,11,-2
WFI t=32901 a=-1574,-3877,213 g=0,-3,-13
WFI t=32951 a=-1589,-3885,219 g=-3,-10,-5
WFI t=33001 a=-1571,-3888,221 g=-1,-3,12
WFI t=33051 a=-1570,-3867,199 g=-3,-18,9
WFI t=33101 a=-1557,-3882,221 g=-1,-1,0
WFI t=33151 a=-1565,-3867,201 g=1,-6,-20
WFI t=33201 a=-1580,-3874,230 g=-5,17,-30
WFI t=33251 a=-1595,-3864,198 g=3,5,-23
WFI t=33301 a=-1589,-3880,208 g=3,-16,1
WFI t=33351 a=-1593,-3854,194 g=-7,-3,22
WFI t=33401 a=-1578,-3886,227 g=5,-15,25
WFI t=33451 a=-1541,-3879,212 g=0,4,10
WFI t=33501 a=-1565,-3868,186 g=-8,-20,-27
WFI t=33551 a=-1565,-3877,224 g=-4,23,-39
WFI t=33601 a=-1587,-3875,204 g=3,20,-31
WFI t=33651 a=-1569,-3891,222 g=2,8,0
WFI t=33701 a=-1572,-3873,211 g=-7,-35,1
WFI t=33751 a=-1588,-3878,203 g=-4,-19,18
WFI t=33801 a=-1546,-3879,237 g=6,14,17
WFI t=33851 a=-1532,-3861,184 g=7,2,-21
WFI t=33903 a=-1574,-3885,248 g=-13,-9,-33
WFI t=33951 a=-1575,-3853,188 g=6,-14,-6
WFI t=34001 a=-1560,-3901,217 g=-3,-6,7
WFI t=34051 a=-1563,-3863,180 g=-2,-13,-10
WFI t=34136 a=-1577,-3915,261 g=-3,-11,-15
WFI t=34234 a=-1570,-3881,204 g=-3,-2,-18
WFI t=34235 a=-1577,-3882,208 g=-6,-2,-14
WFI t=34251 a=-1580,-3883,206 g=-9,-1,-16
WFI t=34301 a=-1582,-3870,227 g=-1,-12,6
WFI t=34351 a=-1564,-3889,228 g=1,5,10
WFI t=34401 a=-1561,-3882,186 g=-11,-19,-4
WFI t=34451 a=-1577,-3882,212 g=-1,-8,-13
WFI t=34501 a=-1577,-3863,200 g=0,10,-6
WFI t=34551 a=-1567,-3880,234 g=-6,-4,-5
WFI t=34601 a=-1576,-3879,220 g=3,-3,-8
WFI t=34651 a=-1579,-3870,207 g=-2,-3,-6
WFI t=34701 a=-1568,-3867,209 g=-4,-3,-10
WFI t=34751 a=-1589,-3891,205 g=-3,-1,-10
WFI t=34801 a=-1580,-3884,213 g=2,-2,-3
WFI t=34851 a=-1575,-3881,219 g=-4,-15,6
WFI t=34901 a=-1569,-3875,217 g=2,-5,6
WFI t=34951 a=-1563,-3859,196 g=1,-8,-7
WFI t=35001 a=-1566,-3870,226 g=-4,6,-13
WFI t=35051 a=-1576,-3880,208 g=-1,-7,-16
WFI t=35101 a=-1573,-3890,228 g=-3,3,-9
WFI t=35151 a=-1560,-3866,193 g=5,0,-14
WFI t=35201 a=-1587,-3875,221 g=-3,-7,-10
WFI t=35251 a=-1590,-3876,204 g=1,-4,13
WFI t=35301 a=-1558,-3877,230 g=-3,-14,10
WFI t=35351 a=-1561,-3883,206 g=5,-4,-6
WFI t=35401 a=-1571,-3878,216 g=-6,-12,-13
WFI t=35451 a=-1554,-3881,234 g=-1,22,-20
WFI t=35502 a=-1568,-3860,194 g=-3,0,-32
WFT t=35503 batt_mv=4170 rssi_mcu=0 rssi_bms=-76 mcu=0 bms=33 dropped=0
WFI t=35551 a=-1600,-3876,227 g=-2,-13,1
WFI t=35601 a=-1575,-3882,207 g=-5,-14,28
WFI t=35651 a=-1567,-3876,228 g=5,-16,21
WFI t=35701 a=-1574,-3860,200 g=-4,-15,8
WFI t=35751 a=-1557,-3888,235 g=3,11,-20
WFI t=35801 a=-1564,-3869,192 g=-4,16,-50
WFI t=35851 a=-1625,-3896,236 g=6,30,-42
WFI t=35901 a=-1580,-3865,220 g=-6,-28,21
WFI t=35951 a=-1571,-3882,240 g=-8,-24,32
WFI t=36001 a=-1568,-3867,193 g=11,-23,15
WFI t=36051 a=-1561,-3890,226 g=-10,1,5
WFI t=36101 a=-1555,-3875,199 g=8,10,-28
WFI t=36241 a=-1580,-3867,227 g=-11,2,-44
WFI t=36243 a=-1573,-3873,221 g=-1,-2,6
WFI t=36251 a=-1569,-3900,206 g=-6,-15,2
WFI t=36302 a=-1578,-3856,197 g=-2,-3,8
WFI t=36351 a=-1577,-3884,221 g=-1,-14,10
WFI t=36401 a=-1570,-3886,222 g=-3,-3,9
WFI t=36451 a=-1550,-3867,200 g=-3,-14,-2
WFI t=36502 a=-1575,-3880,220 g=-10,0,-15
WFI t=36552 a=-1568,-3882,207 g=1,11,-24
WFI t=36601 a=-1573,-3890,236 g=0,7,-26
WFI t=36651 a=-1586,-3865,208 g=-9,-15,-3
WFI t=36701 a=-1568,-3867,199 g=-5,-7,6
WFI t=36751 a=-1585,-3880,224 g=-3,-10,10
WFI t=36801 a=-1575,-3859,206 g=1,-2,14
WFI t=36851 a=-1558,-3875,212 g=2,-15,0
WFI t=36901 a=-1543,-3873,206 g=-1,4,-23
WFI t=36952 a=-1569,-3875,219 g=-12,1,-33
WFI t=37001 a=-1576,-3886,217 g=12,19,-15
WFI t=37051 a=-1568,-3883,221 g=-11,-26,-9
WFI t=37101 a=-1567,-3879,194 g=-3,-12,14
WFI t=37151 a=-1572,-3893,233 g=-7,-14,4
WFI t=37201 a=-1571,-3874,203 g=6,11,-1
WFI t=37251 a=-1557,-3874,208 g=-6,-19,-10
WFI t=37301 a=-1554,-3876,226 g=6,11,-11
WFI t=37351 a=-1572,-3878,196 g=-8,-1,-23
WFI t=37401 a=-1587,-3864,217 g=11,6,-5
WFI t=37451 a=-1579,-3877,204 g=-6,-11,9
WFI t=37501 a=-1575,-3887,226 g=-1,-3,7
WFI t=37551 a=-1572,-3863,196 g=0,-8,1
WFI t=37601 a=-1585,-3891,232 g=-4,-1,-12
WFI t=37651 a=-1573,-3869,213 g=0,3,-22
WFI t=37701 a=-1585,-3871,214 g=-4,4,-13
WFE t=37713 bms stale, no frame for 10061 ms, dropping link
WFE t=37726 bms link down (stale) after 23 answers in 38204 ms, writes=38 err=0 silent=10 bytes=4242
WFE t=37745 bms disconnected reason=534
WFI t=37752 a=-1571,-3882,218 g=6,-10,2
WFI t=37801 a=-1571,-3877,215 g=-3,-10,2
WFI t=37851 a=-1565,-3874,220 g=-6,-1,-1
WFI t=37901 a=-1563,-3867,217 g=0,-1,-5
WFI t=37951 a=-1574,-3883,220 g=-9,-11,-6
WFI t=38001 a=-1570,-3875,221 g=-7,-7,-2
WFI t=38051 a=-1568,-3866,220 g=3,-4,-4
WFI t=38101 a=-1569,-3871,219 g=-2,-5,-9
WFI t=38232 a=-1575,-3868,206 g=0,-6,-11
WFI t=38248 a=-1559,-3879,205 g=0,-1,-10
WFI t=38252 a=-1570,-3877,207 g=3,1,-9
WFI t=38301 a=-1567,-3874,229 g=-2,-7,5
WFI t=38351 a=-1568,-3880,222 g=-2,-13,13
WFI t=38401 a=-1569,-3878,204 g=7,-8,4
WFI t=38451 a=-1560,-3888,213 g=-2,2,-8
WFI t=38501 a=-1575,-3869,224 g=-2,5,-23
WFI t=38551 a=-1572,-3880,223 g=3,6,-21
WFI t=38601 a=-1585,-3876,228 g=-2,-13,3
WFI t=38651 a=-1573,-3882,211 g=-2,-6,2
WFI t=38701 a=-1565,-3871,222 g=-3,-7,-7
WFI t=38751 a=-1565,-3880,224 g=4,0,-4
WFI t=38801 a=-1574,-3874,206 g=-1,-5,-5
WFI t=38851 a=-1564,-3875,217 g=-3,0,-4
WFI t=38901 a=-1574,-3872,211 g=-4,-7,-8
WFI t=38951 a=-1555,-3900,245 g=-7,7,2
WFI t=39001 a=-1567,-3874,194 g=6,-7,-7
WFI t=39051 a=-1567,-3879,234 g=-10,-4,-13
WFI t=39101 a=-1580,-3865,210 g=5,-4,-15
WFI t=39151 a=-1572,-3880,251 g=-10,-2,-1
WFI t=39201 a=-1567,-3881,205 g=11,3,-4
WFI t=39251 a=-1575,-3876,229 g=-15,-26,-1
WFI t=39301 a=-1571,-3887,241 g=7,13,-5
WFI t=39351 a=-1561,-3863,206 g=-5,-6,-11
WFI t=39401 a=-1569,-3872,235 g=4,3,-16
WFI t=39451 a=-1588,-3875,194 g=0,-5,-9
WFI t=39501 a=-1570,-3873,211 g=-4,-9,2
WFI t=39551 a=-1566,-3876,214 g=1,-2,-1
WFI t=39601 a=-1556,-3860,201 g=-4,-4,-8
WFI t=39651 a=-1574,-3875,240 g=-5,-7,-8
WFI t=39701 a=-1559,-3874,223 g=1,-3,1
WFE t=39710 bms subscribed val=0x0010 cccd=0x0011 ctrl=0x0014 mtu=512 regs=62
WFE t=39711 bms conn itvl=80 latency=0 timeout=600
WFE t=39723 bms reconnected (attempt 1)
WFE t=39728 bms mtu event mtu=512
WFI t=39751 a=-1561,-3871,214 g=-5,-9,-6
WFI t=39801 a=-1573,-3860,204 g=0,5,-14
WFI t=39851 a=-1573,-3866,230 g=-4,1,-9
WFI t=39901 a=-1571,-3872,234 g=-4,6,3
WFI t=39952 a=-1572,-3878,230 g=1,-18,0
WFI t=40001 a=-1577,-3869,210 g=-5,1,-4
WFR t=40010 src=bms type=0x02 len=129 data=d2037c0eeb0eea0eeb0eeb0eeb0eea0eeb0eeb0eea0eeb0eeb0eec0eef0eef0eef0eed0eef0eef0ef10ef00ef00ef10ef10ef10eef0ef00ef00ef00000000000000000003d0000000000000000000000000000042e753002ae0ef10eea003d003d00000157001c0001001d0000000100010eed0007000000000000000000005a81
WFI t=40051 a=-1568,-3876,227 g=-1,7,-10
WFI t=40101 a=-1564,-3884,227 g=-2,-1,-14
WFI t=40236 a=-1590,-3879,228 g=-1,-3,-6
WFI t=40252 a=-1577,-3883,219 g=4,-6,1
WFI t=40254 a=-1576,-3865,222 g=-1,0,-1
WFI t=40301 a=-1573,-3875,223 g=-1,-9,-3
WFI t=40351 a=-1568,-3878,235 g=-3,-7,-1
WFI t=40401 a=-1569,-3879,216 g=2,-4,-9
WFI t=40451 a=-1555,-3872,221 g=-6,3,-19
WFI t=40501 a=-1575,-3871,225 g=1,17,-21
WFI t=40551 a=-1574,-3879,230 g=-3,-7,-1
WFT t=40563 batt_mv=4180 rssi_mcu=0 rssi_bms=-77 mcu=0 bms=34 dropped=0
WFI t=40601 a=-1582,-3874,223 g=-11,-10,9
WFE t=40610 bms conn update status=0 itvl=12 latency=0 timeout=400
WFI t=40651 a=-1569,-3877,225 g=-1,-12,8
WFI t=40701 a=-1562,-3881,208 g=-10,1,1
WFI t=40751 a=-1561,-3868,222 g=-3,-8,-13
WFI t=40801 a=-1566,-3882,240 g=-5,2,-17
WFI t=40851 a=-1573,-3872,208 g=2,-1,-18
WFI t=40901 a=-1581,-3886,224 g=-2,6,-13
WFI t=40951 a=-1571,-3880,228 g=-1,-14,6
WFR t=41000 src=bms type=0x02 len=129 data=d2037c0eeb0eea0eeb0eeb0eeb0eea0eeb0eeb0ee90eea0eeb0eec0eef0eef0eef0eee0eef0eef0ef00ef00ef00ef10ef10ef10eef0ef00ef00ef00000000000000000003d0000000000000000000000000000042e753002ae0ef10ee9003d003d00000157001c0001001d0000000100010eed0008000000000000000000008ff8
WFI t=41002 a=-1560,-3857,219 g=-2,-12,9
WFI t=41059 a=-1554,-3876,233 g=1,-1,1
WFI t=41101 a=-1566,-3878,204 g=-3,0,-11
WFI t=41151 a=-1572,-3882,225 g=-1,2,-19
WFI t=41201 a=-1583,-3880,230 g=1,5,-7
WFI t=41251 a=-1567,-3880,229 g=-7,-14,0
WFI t=41301 a=-1567,-3874,226 g=-1,-12,-2
WFI t=41351 a=-1571,-3881,217 g=-5,-8,2
WFI t=41401 a=-1568,-3884,235 g=2,8,-1
WFI t=41451 a=-1562,-3893,220 g=2,6,-8
WFI t=41501 a=-1582,-3867,229 g=-2,-9,-12
WFI t=41551 a=-1573,-3877,203 g=-11,-5,-4
WFI t=41601 a=-1560,-3884,226 g=-2,-2,-4
WFI t=41651 a=-1564,-3871,227 g=1,4,-10
WFI t=41701 a=-1588,-3886,234 g=1,-6,-8
WFI t=41751 a=-1562,-3862,217 g=-1,-4,0
WFI t=41801 a=-1569,-3877,216 g=-3,-2,-2
WFI t=41852 a=-1563,-3880,225 g=4,8,-10
WFI t=41901 a=-1564,-3880,226 g=-7,-1,-21
WFI t=41951 a=-1583,-3866,222 g=4,-12,-4
WFI t=42001 a=-1561,-3893,230 g=1,-14,-3
WFR t=42050 src=bms type=0x02 len=129 data=d2037c0eeb0eea0eeb0eeb0eeb0eea0eeb0eeb0eea0eea0eeb0eec0eef0eef0eef0eee0eef0ef00ef00ef00ef00ef10ef10ef10eef0ef00ef00ef00000000000000000003d0000000000000000000000000000042e753002ae0ef10eea003d003d00000157001c0001001d0000000100010eed000700000000000000000000ff9d
WFI t=42052 a=-1571,-3879,222 g=-7,-6,-3
WFI t=42101 a=-1569,-3870,212 g=-4,-9,6
WFI t=42250 a=-1566,-3877,219 g=4,-16,3
WFI t=42339 a=-1568,-3875,236 g=2,2,-14
WFI t=42376 a=-1575,-3864,216 g=0,-2,-5
WFI t=42379 a=-1575,-3864,216 g=0,-2,-5
WFI t=42381 a=-1568,-3876,208 g=-1,-5,-4
WFI t=42402 a=-1570,-3875,217 g=-5,-11,-1
WFI t=42506 a=-1565,-3876,217 g=-2,2,2
WFI t=42508 a=-1567,-3872,216 g=-1,0,-2
WFI t=42551 a=-1570,-3875,215 g=-4,-10,-7
WFI t=42601 a=-1584,-3877,224 g=-3,-4,-8
WFI t=42651 a=-1570,-3878,209 g=-4,-2,-9
WFI t=42701 a=-1574,-3878,225 g=-2,5,-11
WFI t=42751 a=-1574,-3868,220 g=-4,-5,-8
WFI t=42801 a=-1575,-3880,224 g=1,-5,1
WFI t=42851 a=-1562,-3863,208 g=2,-2,-1
WFI t=42901 a=-1581,-3871,207 g=-11,-8,-11
WFI t=42951 a=-1577,-3861,231 g=2,2,-16
WFI t=43001 a=-1583,-3865,219 g=-4,0,-5
WFI t=43051 a=-1577,-3870,215 g=3,-7,-1
WFR t=43100 src=bms type=0x02 len=129 data=d2037c0eeb0eea0eeb0eeb0eeb0eea0eeb0eeb0ee90eea0eeb0eec0eef0eee0eef0eed0eef0eef0ef10ef00ef00ef00ef10ef10eee0ef00ef00ef00000000000000000003d0000000000000000000000000000042e753002ae0ef10ee9003d003d00000157001c0001001d0000000100010eed000800000000000000000000d0b3
WFI t=43102 a=-1577,-3872,208 g=-8,-13,-2
WFI t=43151 a=-1564,-3875,223 g=-1,-8,0
WFI t=43201 a=-1569,-3872,214 g=3,3,-1
WFI t=43251 a=-1555,-3878,228 g=-3,0,-12
WFI t=43301 a=-1571,-3871,234 g=-1,-4,-17
WFI t=43351 a=-1580,-3868,210 g=-2,-3,-12
WFI t=43401 a=-1571,-3875,216 g=3,2,-1
WFI t=43451 a=-1580,-3866,219 g=-7,-24,3
WFI t=43501 a=-1564,-3877,227 g=-1,5,11
WFI t=43551 a=-1582,-3861,182 g=-1,-34,-5
WFI t=43601 a=-1567,-3894,263 g=-13,6,1
WFI t=43651 a=-1571,-3861,178 g=10,-5,-10
WFI t=43701 a=-1556,-3894,258 g=-10,14,-24
WFI t=43751 a=-1590,-3852,187 g=-6,-19,-28
WFI t=43801 a=-1589,-3877,230 g=0,4,11
WFI t=43851 a=-1552,-3870,223 g=-3,-3,3
WFI t=43901 a=-1584,-3889,193 g=-10,-31,-5
WFI t=43951 a=-1573,-3885,235 g=4,5,7
WFI t=44001 a=-1560,-3861,188 g=2,7,-6
WFI t=44051 a=-1546,-3880,219 g=-12,-2,-34
WFR t=44090 src=bms type=0x02 len=129 data=d2037c0eeb0eea0eeb0eeb0eeb0eea0eeb0eeb0eea0eea0eeb0eec0eef0eef0eef0eed0eef0eef0ef10ef00ef00ef00ef10ef10eef0ef00ef00ef00000000000000000003d0000000000000000000000000000042e753002ae0ef10eea003d003d00000157001c0001001d0000000100010eed000700000000000000000000a314
WFI t=44101 a=-1607,-3862,210 g=5,10,-17
WFI t=44272 a=-1557,-3886,223 g=-2,-1,9
WFI t=44287 a=-1578,-3862,197 g=-12,-22,8
WFI t=44290 a=-1586,-3881,230 g=-17,-2,10
WFI t=44301 a=-1580,-3898,255 g=-2,7,13
WFI t=44351 a=-1549,-3861,177 g=9,13,-8
WFI t=44401 a=-1556,-3888,240 g=-15,-6,-39
WFI t=44451 a=-1609,-3882,229 g=12,2,-23
WFI t=44501 a=-1583,-3886,206 g=-6,-11,3
WFI t=44551 a=-1548,-3874,219 g=-6,0,5
WFI t=44601 a=-1562,-3890,210 g=-7,-21,0
WFI t=44651 a=-1570,-3872,233 g=2,12,2
WFI t=44701 a=-1552,-3867,189 g=-1,2,-14
WFI t=44751 a=-1584,-3901,238 g=0,15,-27
WFI t=44801 a=-1601,-3862,224 g=-5,-25,5
WFI t=44851 a=-1556,-3894,225 g=3,6,9
WFI t=44903 a=-1571,-3857,189 g=3,-19,-2
WFI t=44951 a=-1569,-3900,237 g=-16,-6,-7
WFI t=45001 a=-1582,-3867,204 g=10,8,-10
WFI t=45051 a=-1560,-3888,229 g=-6,2,-13
WFI t=45101 a=-1580,-3871,226 g=1,-1,-22
WFR t=45110 src=bms type=0x02 len=129 data=d2037c0eeb0eea0eeb0eeb0eeb0eea0eeb0eeb0ee90eea0eeb0eec0eef0eef0eef0eee0eef0eef0ef00ef00ef00ef00ef10ef10eef0ef00ef00ef00000000000000000003d0000000000000000000000000000042e753002ae0ef10eea003d003d00000157001c0001001d0000000100010eed0007000000000000000000008d04
WFI t=45151 a=-1587,-3878,209 g=1,-9,2
WFI t=45201 a=-1557,-3873,213 g=-5,8,3
WFI t=45251 a=-1556,-3879,230 g=-2,-12,-9
WFI t=45301 a=-1577,-3883,233 g=-6,0,-8
WFI t=45351 a=-1570,-3871,199 g=4,0,-4
WFI t=45401 a=-1556,-3883,231 g=-1,13,-21
WFI t=45451 a=-1582,-3888,208 g=2,-2,-15
WFI t=45501 a=-1571,-3879,241 g=2,-15,11
WFI t=45551 a=-1562,-3883,221 g=-9,-15,-9
WFI t=45601 a=-1577,-3879,220 g=7,4,-2
WFI t=45651 a=-1554,-3872,204 g=-7,0,-10
WFI t=45701 a=-1580,-3888,223 g=-1,1,-5
WFT t=45705 batt_mv=4184 rssi_mcu=0 rssi_bms=-81 mcu=0 bms=39 dropped=0
WFI t=45751 a=-1562,-3886,216 g=2,-2,-6
WFI t=45801 a=-1586,-3877,227 g=0,-7,-3
WFI t=45851 a=-1565,-3871,219 g=-3,-4,-1
WFI t=45901 a=-1576,-3871,235 g=-7,-11,-6
WFI t=45951 a=-1565,-3873,203 g=3,3,-6
WFI t=46001 a=-1590,-3874,222 g=-7,-2,-13
WFI t=46051 a=-1567,-3869,218 g=0,3,-4
WFR t=46100 src=bms type=0x02 len=129 data=d2037c0eeb0eea0eeb0eeb0eeb0eea0eeb0eeb0ee90eea0eeb0eec0eef0eef0eef0eee0eef0eef0ef00ef00ef00ef10ef10ef10eef0ef00ef00ef10000000000000000003d0000000000000000000000000000042e753002ae0ef10ee9003d003d00000157001c0001001d0000000100010eed0008000000000000000000008129
WFI t=46102 a=-1559,-3873,225 g=-3,-17,-4
WFI t=46269 a=-1559,-3870,224 g=1,-4,-3
WFI t=46284 a=-1583,-3878,222 g=-1,13,-10
WFI t=46286 a=-1568,-3878,218 g=6,7,-6
WFI t=46301 a=-1574,-3886,211 g=-3,-6,-6
WFI t=46351 a=-1550,-3875,219 g=0,-2,-2
WFI t=46401 a=-1568,-3868,217 g=3,-6,-6
WFI t=46451 a=-1591,-3881,230 g=0,-4,3
WFI t=46501 a=-1572,-3864,200 g=-5,-13,7
WFI t=46551 a=-1559,-3886,248 g=-3,-4,8
WFI t=46601 a=-1563,-3858,200 g=-2,-25,-5
WFI t=46651 a=-1562,-3891,261 g=2,9,-8
WFI t=46701 a=-1567,-3849,186 g=7,7,-15
WFI t=46751 a=-1563,-3880,252 g=-12,1,-20
WFI t=46801 a=-1600,-3867,192 g=-3,-12,-10
WFI t=46851 a=-1562,-3904,241 g=2,2,4
WFI t=46901 a=-1577,-3866,208 g=-4,-6,-7
WFI t=46951 a=-1580,-3876,226 g=-5,-18,0
WFI t=47001 a=-1573,-3877,214 g=4,-4,12
WFI t=47051 a=-1551,-3874,215 g=-3,2,3
WFI t=47101 a=-1564,-3879,211 g=0,-13,-21
WFR t=47120 src=bms type=0x02 len=129 data=d2037c0eeb0eea0eeb0eeb0eeb0eea0eeb0eeb0eea0eea0eeb0eec0eef0eee0eef0eee0eef0eef0ef00ef00ef00ef00ef10ef10eef0ef00ef00ef10000000000000000003d0000000000000000000000000000042e753002ae0ef10eea003d003d00000157001c0001001d0000000100010eed0007000000000000000000004a5a
WFI t=47152 a=-1575,-3862,233 g=-5,1,-19
WFI t=47201 a=-1568,-3875,221 g=-3,5,-5
WFI t=47251 a=-1574,-3868,218 g=0,5,-2
WFI t=47301 a=-1583,-3874,224 g=-6,-5,-2
WFI t=47351 a=-1574,-3870,216 g=2,-10,2
WFI t=47401 a=-1568,-3875,228 g=-4,1,8
WFI t=47451 a=-1578,-3874,221 g=6,-12,6
WFI t=47501 a=-1570,-3890,234 g=-7,0,-5
WFI t=47551 a=-1585,-3854,215 g=-4,0,-23
WFI t=47601 a=-1572,-3873,236 g=-8,18,-29
WFI t=47651 a=-1587,-3865,207 g=3,8,-25
WFI t=47701 a=-1597,-3878,221 g=-8,-14,13
WFI t=47751 a=-1559,-3859,224 g=2,-18,21
WFI t=47801 a=-1571,-3874,207 g=-11,-21,15
WFI t=47851 a=-1584,-3879,225 g=-2,-13,2
WFI t=47901 a=-1552,-3882,229 g=0,10,-4
WFI t=47951 a=-1553,-3877,232 g=1,6,-31
WFI t=48001 a=-1578,-3874,215 g=-8,9,-46
WFI t=48051 a=-1619,-3878,220 g=6,6,-16
WFI t=48101 a=-1585,-3870,210 g=6,16,24
WFR t=48110 src=bms type=0x02 len=129 data=d2037c0eeb0eea0eeb0eeb0eeb0eea0eeb0eeb0ee90eea0eeb0eec0eef0eef0eef0eee0eef0eef0ef10ef00ef00ef10ef10ef10eef0ef00ef00ef00000000000000000003d0000000000000000000000000000042e753002ae0ef10ee9003d003d00000157001c0001001d0000000100010eed000800000000000000000000e17a
WFI t=48151 a=-1580,-3866,219 g=-5,-32,18
WFI t=48214 a=-1569,-3873,249 g=0,-13,25
WFI t=48293 a=-1547,-3873,202 g=-3,6,-2
WFI t=48301 a=-1552,-3872,222 g=-2,2,-19
WFI t=48351 a=-1575,-3870,198 g=-6,10,-46
WFI t=48401 a=-1608,-3887,239 g=-10,2,-33
WFI t=48451 a=-1581,-3875,226 g=9,16,-5
WFI t=48501 a=-1584,-3866,184 g=-7,-23,7
WFI t=48551 a=-1585,-3882,248 g=-4,-15,20
WFI t=48601 a=-1552,-3868,218 g=6,-4,19
WFI t=48651 a=-1556,-3880,241 g=0,-9,-5
WFI t=48701 a=-1562,-3879,215 g=-7,5,-37
WFI t=48751 a=-1579,-3878,228 g=-5,8,-38
WFI t=48801 a=-1577,-3879,237 g=9,32,-26
WFI t=48851 a=-1588,-3859,217 g=-9,-14,-10
WFI t=48901 a=-1594,-3882,205 g=-3,-17,21
WFI t=48951 a=-1573,-3867,240 g=0,-21,31
WFI t=49001 a=-1558,-3869,205 g=-2,-7,21
WFI t=49051 a=-1551,-3883,226 g=-3,-17,-15
WFI t=49101 a=-1572,-3875,222 g=-4,9,-35
WFR t=49131 src=bms type=0x02 len=129 data=d2037c0eeb0eea0eeb0eeb0eeb0eea0eeb0eeb0eea0eea0eeb0eec0eef0eef0eef0eee0eef0ef00ef00ef00ef00ef10ef10ef10eef0ef00ef00ef00000000000000000003d0000000000000000000000000000042e753002ae0ef10ee9003d003d00000157001c0001001d0000000100010eed000800000000000000000000b889
WFI t=49151 a=-1571,-3866,207 g=-5,15,-40
WFI t=49201 a=-1596,-3886,215 g=4,21,-28
WFI t=49251 a=-1586,-3880,223 g=-4,-26,16
WFI t=49301 a=-1573,-3892,245 g=-8,-18,31
WFI t=49351 a=-1569,-3865,193 g=4,-18,15
WFI t=49401 a=-1549,-3874,222 g=-6,-4,-1
WFI t=49451 a=-1568,-3883,218 g=-6,8,-27
WFI t=49501 a=-1578,-3876,236 g=-1,14,-38
WFI t=49564 a=-1617,-3869,218 g=5,16,-25
WFI t=49601 a=-1588,-3873,204 g=-2,-13,9
WFI t=49651 a=-1570,-3891,235 g=-4,-10,19
WFI t=49701 a=-1571,-3875,225 g=0,-17,13
WFI t=49751 a=-1559,-3886,238 g=-2,-1,8
WFI t=49802 a=-1572,-3874,210 g=-2,-2,-16
WFI t=49851 a=-1570,-3869,234 g=-8,1,-31
WFI t=49901 a=-1584,-3877,229 g=-5,16,-33
WFI t=49951 a=-1588,-3876,218 g=6,-2,-4
WFI t=50001 a=-1579,-3860,224 g=-6,-15,10
WFI t=50051 a=-1576,-3873,217 g=-2,-15,16
WFI t=50101 a=-1570,-3872,221 g=-1,-8,16
WFR t=50151 src=bms type=0x02 len=129 data=d2037c0eeb0eea0eeb0eeb0eeb0eea0eeb0eec0eea0eea0eeb0eec0eef0eef0eef0eee0eef0eef0ef00ef00ef00ef10ef10ef10eef0ef00ef00ef00000000000000000003d0000000000000000000000000000042e753002ae0ef10eea003d003d00000157001c0001001d0000000100010eed00070000000000000000000015f5
WFI t=50152 a=-1546,-3884,216 g=-1,1,-9
WFI t=50419 a=-1580,-3881,241 g=-3,-17,-3
WFI t=50436 a=-1557,-3871,224 g=-7,-21,14
WFI t=50438 a=-1557,-3871,224 g=-7,-21,14
WFI t=50440 a=-1581,-3870,212 g=1,-19,15
WFI t=50451 a=-1571,-3885,229 g=1,-6,16
WFI t=50501 a=-1560,-3875,215 g=5,2,-2
WFI t=50552 a=-1562,-3867,228 g=-14,-15,-21
WFI t=50601 a=-1592,-3890,233 g=0,9,-21
WFI t=50651 a=-1568,-3866,211 g=1,8,-15
WFI t=50702 a=-1571,-3864,206 g=5,0,-10
WFI t=50751 a=-1570,-3885,233 g=-8,-27,7
WFI t=50801 a=-1572,-3898,236 g=-4,-9,20
WFT t=50820 batt_mv=4170 rssi_mcu=0 rssi_bms=-81 mcu=0 bms=44 dropped=0
WFI t=50852 a=-1566,-3877,205 g=4,-13,6
WFI t=50901 a=-1558,-3881,217 g=-6,-10,-12
WFI t=50951 a=-1570,-3867,231 g=4,14,-20
WFI t=51001 a=-1575,-3884,219 g=-1,8,-23
WFI t=51051 a=-1581,-3889,228 g=0,10,-11
WFI t=51101 a=-1585,-3869,204 g=-3,-21,1
WFI t=51151 a=-1574,-3873,228 g=0,-12,16
WFI t=51201 a=-1563,-3873,228 g=4,-7,23
WFR t=51231 src=bms type=0x02 len=129 data=d2037c0eeb0eea0eeb0eea0eeb0eea0eeb0eeb0eea0eea0eeb0eec0eef0eee0eef0eee0eef0eef0ef00ef00ef00ef10ef10ef10eef0ef00ef00ef00000000000000000003d0000000000000000000000000000042e753002ae0ef10ee9003d003d00000157001c0001001d0000000100010eed0008000000000000000000008534
WFI t=51251 a=-1557,-3869,219 g=0,-13,13
WFI t=51302 a=-1567,-3880,231 g=-3,-7,-14
WFI t=51351 a=-1573,-3877,224 g=-2,5,-30
WFI t=51401 a=-1566,-3880,213 g=9,28,-40
WFI t=51451 a=-1616,-3879,225 g=3,13,-33
WFI t=51501 a=-1598,-3872,219 g=-6,-40,25
WFI t=51551 a=-1562,-3869,229 g=-13,-29,41
WFI t=51601 a=-1565,-3878,209 g=9,-2,12
WFI t=51651 a=-1543,-3877,204 g=-15,-3,-17
WFI t=51701 a=-1557,-3892,244 g=5,22,-46
WFI t=51751 a=-1609,-3867,214 g=2,34,-49
WFI t=51801 a=-1613,-3875,210 g=-2,-6,11
WFI t=51851 a=-1575,-3870,217 g=-6,-29,23
WFI t=51902 a=-1576,-3889,243 g=4,-12,40
WFI t=51951 a=-1562,-3879,202 g=1,-7,26
WFI t=52001 a=-1529,-3870,228 g=-6,6,-28
WFI t=52051 a=-1548,-3872,218 g=-3,16,-71
WFI t=52101 a=-1648,-3892,241 g=5,40,-53
WFI t=52151 a=-1562,-3876,201 g=6,-10,20
WFI t=52290 a=-1576,-3863,218 g=-4,-36,11
WFR t=52304 src=bms type=0x02 len=129 data=d2037c0eeb0eea0eeb0eeb0eeb0eea0eeb0eeb0ee90eea0eeb0eec0eef0eef0eef0eee0eef0eef0ef10ef00ef00ef10ef10ef10eef0ef00ef00ef00000000000000000003d0000000000000000000000000000042e753002ae0ef10eea003d003d00000157001c0001001d0000000100010eed000700000000000000000000a66e
WFI t=52305 a=-1577,-3876,233 g=6,0,30
WFI t=52308 a=-1544,-3877,235 g=11,10,24
WFI t=52351 a=-1542,-3872,210 g=-4,-3,-15
WFI t=52401 a=-1568,-3885,236 g=-11,-2,-49
WFI t=52451 a=-1613,-3864,209 g=8,17,-23
WFI t=52501 a=-1559,-3894,214 g=-3,7,-3
WFI t=52551 a=-1575,-3884,225 g=-5,-15,-4
WFI t=52601 a=-1588,-3868,212 g=-10,-26,20
WFI t=52651 a=-1561,-3878,250 g=6,-3,26
WFI t=52701 a=-1553,-3865,180 g=0,0,-3
WFI t=52751 a=-1567,-3882,236 g=-12,-19,-34
WFI t=52801 a=-1589,-3865,214 g=-1,14,-24
WFI t=52851 a=-1576,-3876,221 g=4,7,-9
WFI t=52901 a=-1587,-3874,211 g=-4,-4,-18
WFI t=52952 a=-1590,-3872,223 g=-8,-34,16
WFI t=53001 a=-1569,-3889,236 g=-2,-7,32
WFI t=53051 a=-1549,-3864,203 g=5,-11,-1
WFI t=53102 a=-1559,-3866,219 g=-14,-8,-22
WFI t=53151 a=-1565,-3874,215 g=-1,17,-28
WFI t=53201 a=-1563,-3873,232 g=6,14,-18
WFI t=53252 a=-1579,-3883,224 g=-5,-15,-3
WFR t=53301 src=bms type=0x02 len=129 data=d2037c0eeb0eea0eeb0eeb0eeb0eea0eeb0eeb0eea0eea0eeb0eec0eef0eef0eef0eee0eef0ef00ef00ef00ef00ef00ef10ef10eef0ef00ef00ef00000000000000000003d0000000000000000000000000000042e753002ae0ef10eea003d003d00000157001c0001001d0000000100010eed000700000000000000000000ba75
WFI t=53302 a=-1572,-3859,200 g=-3,-19,11
WFI t=53351 a=-1553,-3880,233 g=-5,-12,2
WFI t=53402 a=-1555,-3870,211 g=-8,3,-11
WFI t=53451 a=-1579,-3880,227 g=-2,-3,-15
WFI t=53501 a=-1571,-3889,212 g=1,0,-4
WFI t=53552 a=-1579,-3881,205 g=6,-2,-6
WFI t=53601 a=-1590,-3870,218 g=-3,-6,-3
WFI t=53651 a=-1560,-3894,226 g=0,-1,8
WFI t=53702 a=-1575,-3868,211 g=0,-8,5
WFI t=53751 a=-1559,-3864,216 g=-8,-9,-11
WFI t=53801 a=-1557,-3868,203 g=-6,-7,-25
WFI t=53852 a=-1603,-3878,233 g=-1,9,-9
WFI t=53901 a=-1557,-3893,225 g=-1,-6,-6
WFI t=53951 a=-1577,-3872,233 g=-4,-1,-13
WFI t=54002 a=-1574,-3880,214 g=-1,-19,5
WFI t=54051 a=-1558,-3882,214 g=1,8,-5
WFI t=54101 a=-1574,-3875,227 g=-7,-4,-13
WFI t=54152 a=-1569,-3875,213 g=-4,-21,6
WFI t=54306 a=-1552,-3885,237 g=0,-6,-5
WFI t=54321 a=-1575,-3871,220 g=0,8,-17
WFR t=54322 src=bms type=0x02 len=129 data=d2037c0eeb0eea0eeb0eeb0eeb0eea0eeb0eeb0eea0eea0eeb0eec0eef0eef0eef0eee0eef0eef0ef10ef00ef00ef10ef10ef10eef0ef00ef00ef00000000000000000003d0000000000000000000000000000042e753002ae0ef10eea003d003d00000157001c0001001d0000000100010eed000700000000000000000000750c
WFI t=54324 a=-1571,-3865,221 g=0,3,-11
WFI t=54351 a=-1570,-3880,213 g=-7,-4,-6
WFI t=54401 a=-1558,-3884,225 g=-1,-13,-5
WFI t=54452 a=-1578,-3874,219 g=4,1,-1
WFI t=54501 a=-1564,-3872,223 g=1,-2,-6
WFI t=54551 a=-1573,-3881,228 g=-5,-2,-8
WFI t=54602 a=-1577,-3877,217 g=-5,-15,-2
WFI t=54651 a=-1573,-3879,223 g=-2,-8,-3
WFI t=54701 a=-1563,-3884,224 g=2,21,-14
WFI t=54752 a=-1590,-3872,218 g=-2,-3,-9
WFI t=54801 a=-1568,-3887,216 g=-6,-26,13
WFI t=54851 a=-1544,-3876,207 g=-4,-6,-8
WFI t=54902 a=-1564,-3881,208 g=0,21,-20
WFI t=54951 a=-1585,-3881,213 g=2,1,-8
WFI t=55001 a=-1577,-3877,233 g=-4,-19,7
WFI t=55052 a=-1555,-3869,225 g=-5,-19,-1
WFI t=55101 a=-1566,-3876,218 g=-1,10,-12
WFI t=55151 a=-1575,-3877,212 g=3,15,-18
WFI t=55202 a=-1585,-3874,218 g=-4,-8,-1
WFI t=55251 a=-1555,-3877,214 g=-5,-21,6
WFI t=55301 a=-1569,-3869,204 g=-5,0,-7
WFR t=55311 src=bms type=0x02 len=129 data=d2037c0eeb0eea0eeb0eeb0eea0eea0eeb0eeb0ee90eea0eeb0eec0eee0eef0eef0eee0ef00ef00ef00ef00ef00ef00ef10ef10eef0ef00ef00ef10000000000000000003d0000000000000000000000000000042e753002ae0ef10ee9003d003d00000157001c0001001d0000000100010eed0008000000000000000000001b48
WFI t=55352 a=-1579,-3888,217 g=0,4,-8
WFI t=55401 a=-1556,-3870,209 g=-2,-3,-8
WFI t=55451 a=-1576,-3879,215 g=-2,6,-12
WFI t=55502 a=-1569,-3889,214 g=-3,-4,-9
WFI t=55551 a=-1566,-3878,216 g=5,-11,4
WFI t=55601 a=-1566,-3880,218 g=-2,-11,-1
WFI t=55652 a=-1567,-3875,226 g=3,0,-8
WFI t=55701 a=-1571,-3878,213 g=-4,1,-8
WFI t=55751 a=-1576,-3873,212 g=-7,0,-3
WFI t=55802 a=-1562,-3877,229 g=0,-13,2
WFI t=55851 a=-1568,-3871,203 g=-7,-2,5
WFI t=55901 a=-1566,-3886,204 g=0,-2,-7
WFT t=55912 batt_mv=4186 rssi_mcu=0 rssi_bms=-82 mcu=0 bms=49 dropped=0
WFI t=55952 a=-1576,-3876,208 g=0,17,-25
WFI t=56001 a=-1590,-3873,219 g=-3,9,-14
WFI t=56051 a=-1588,-3875,221 g=-2,-22,9
WFI t=56102 a=-1566,-3868,231 g=-3,-12,15
WFI t=56151 a=-1547,-3879,224 g=2,2,-4
WFI t=56245 a=-1535,-3880,244 g=-3,41,-50
WFI t=56253 a=-1604,-3875,204 g=4,24,-52
WFI t=56432 a=-1547,-3874,219 g=-3,-56,38
WFR t=56433 src=bms type=0x02 len=129 data=d2037c0eeb0eea0eeb0eea0eeb0eea0eeb0eeb0eea0eea0eeb0eec0eef0eef0eef0eee0eef0ef00ef00ef00ef00ef00ef10ef10eef0ef00ef00ef00000000000000000003d0000000000000000000000000000042e753002ae0ef10eea003d003d00000157001c0001001d0000000100010eed0007000000000000000000007936
WFI t=56434 a=-1584,-3870,205 g=10,11,11
WFI t=56436 a=-1584,-3870,205 g=10,11,11
WFI t=56451 a=-1551,-3876,215 g=-7,-15,7
WFI t=56501 a=-1530,-3882,234 g=6,1,-10
WFI t=56552 a=-1548,-3866,208 g=-5,22,-40
WFI t=56601 a=-1617,-3872,199 g=3,-8,-16
WFI t=56651 a=-1561,-3894,222 g=1,-28,23
WFI t=56702 a=-1554,-3880,251 g=-17,-35,11
WFI t=56751 a=-1586,-3885,206 g=4,-26,16
WFI t=56801 a=-1558,-3870,234 g=4,-6,11
WFI t=56852 a=-1542,-3873,202 g=1,27,-26
WFI t=56901 a=-1604,-3874,240 g=-3,27,-66
WFI t=56951 a=-1622,-3881,193 g=11,-1,6
WFI t=57002 a=-1558,-3878,210 g=-3,-31,7
WFI t=57051 a=-1567,-3877,222 g=2,-5,-1
WFI t=57101 a=-1572,-3891,232 g=-4,-19,5
WFI t=57152 a=-1541,-3888,221 g=1,9,-8
WFI t=57201 a=-1556,-3866,214 g=1,15,-33
WFI t=57251 a=-1594,-3887,215 g=6,6,-19
WFI t=57302 a=-1569,-3887,219 g=-4,-21,13
WFR t=57321 src=bms type=0x02 len=129 data=d2037c0eeb0eea0eeb0eeb0eeb0eea0eeb0eeb0eea0eea0eeb0eec0eef0eef0eef0eed0eef0eef0ef10ef00ef00ef10ef10ef10eef0ef00ef00ef00000000000000000003d0000000000000000000000000000042e753002ae0ef10ee9003d003d00000157001c0001001d0000000100010eed000800000000000000000000a1e8
WFI t=57351 a=-1560,-3859,208 g=-2,4,14
WFI t=57401 a=-1587,-3870,236 g=8,-7,16
WFI t=57452 a=-1554,-3872,219 g=2,5,6
WFI t=57501 a=-1558,-3871,206 g=-8,-10,-23
WFI t=57551 a=-1590,-3875,246 g=3,22,-50
WFI t=57602 a=-1595,-3871,209 g=2,-3,-2
WFI t=57651 a=-1554,-3876,213 g=-7,-2,-6
WFI t=57701 a=-1602,-3886,211 g=4,-9,-6
WFI t=57757 a=-1564,-3886,204 g=-5,-15,15
WFI t=57801 a=-1556,-3867,242 g=1,-2,5
WFI t=57851 a=-1543,-3878,190 g=4,-8,-17
WFI t=57902 a=-1584,-3907,228 g=0,13,-18
WFI t=57951 a=-1566,-3877,219 g=-3,7,-7
WFI t=58001 a=-1558,-3880,217 g=3,9,-18
WFI t=58052 a=-1580,-3887,209 g=-3,-12,0
WFI t=58101 a=-1552,-3891,222 g=-1,-20,20
WFI t=58151 a=-1554,-3873,246 g=-6,-5,3
WFI t=58202 a=-1577,-3881,216 g=4,-2,-14
WFI t=58319 a=-1569,-3880,215 g=0,-8,-9
WFI t=58391 a=-1563,-3868,213 g=3,20,-16
WFR t=58392 src=bms type=0x02 len=129 data=d2037c0eeb0eea0eeb0eeb0eeb0eea0eeb0eeb0ee90eea0eeb0eec0eef0eef0eef0eee0eef0ef00ef00ef00ef00ef10ef10ef00eef0ef00ef00ef00000000000000000003d0000000000000000000000000000042e753002ae0ef10ee9003d003d00000157001c0001001d0000000100010eed0008000000000000000000002b6a
WFI t=58474 a=-1593,-3881,232 g=0,-11,0
WFI t=58489 a=-1560,-3900,231 g=-5,-1,0
WFI t=58491 a=-1551,-3874,244 g=-4,-4,-4
WFI t=58502 a=-1564,-3885,212 g=3,7,-6
WFI t=58551 a=-1571,-3875,204 g=-1,8,-18
WFI t=58601 a=-1564,-3892,217 g=0,-6,-8
WFI t=58651 a=-1567,-3887,228 g=-5,-11,-5
WFI t=58702 a=-1570,-3872,218 g=0,-4,0
WFI t=58751 a=-1560,-3878,235 g=-5,-7,-6
WFI t=58802 a=-1566,-3875,218 g=-1,4,-7
WFI t=58851 a=-1583,-3875,207 g=0,-4,-13
WFI t=58901 a=-1573,-3886,215 g=3,-3,-3
WFI t=58952 a=-1553,-3869,218 g=-6,-9,-1
WFI t=59001 a=-1563,-3879,219 g=2,-3,-4
WFI t=59051 a=-1573,-3872,206 g=-1,-3,-7
WFI t=59102 a=-1563,-3862,203 g=1,-1,-7
WFI t=59151 a=-1575,-3870,206 g=2,1,-9
WFI t=59201 a=-1580,-3873,218 g=-4,-9,-3
WFI t=59252 a=-1559,-3892,219 g=-5,-13,2
WFI t=59301 a=-1556,-3880,215 g=-1,1,-9
WFI t=59351 a=-1577,-3874,198 g=-2,3,-14
WFR t=59391 src=bms type=0x02 len=129 data=d2037c0eeb0eea0eeb0eea0eeb0eea0eeb0eeb0ee90eea0eeb0eec0eef0eee0eef0eee0eef0eef0ef10ef00ef00ef10ef10ef00eef0ef00ef00ef00000000000000000003d0000000000000000000000000000042e753002ae0ef10eea003d003d00000157001c0001001d0000000100010eed0007000000000000000000003f41
WFI t=59402 a=-1584,-3862,207 g=2,-2,-6
WFI t=59451 a=-1565,-3890,229 g=0,-15,5
WFI t=59501 a=-1564,-3878,213 g=-4,-3,1
WFI t=59552 a=-1582,-3874,213 g=-3,-1,-7
WFI t=59601 a=-1576,-3882,216 g=0,4,-8
WFI t=59651 a=-1561,-3885,230 g=1,7,-11
WFI t=59702 a=-1582,-3871,213 g=1,-5,-8
WFI t=59751 a=-1570,-3880,210 g=0,-12,5
WFI t=59801 a=-1553,-3856,209 g=-5,-12,-4
WFI t=59852 a=-1563,-3885,210 g=-1,15,-10
WFI t=59901 a=-1577,-3883,220 g=0,-4,-6
WFI t=59951 a=-1564,-3889,215 g=-1,1,-3
WFI t=60002 a=-1583,-3879,207 g=-1,-11,-9
WFI t=60051 a=-1565,-3887,210 g=0,-5,2
WFI t=60101 a=-1558,-3880,214 g=-1,0,-8
WFI t=60152 a=-1577,-3878,224 g=-2,-3,-9
WFI t=60201 a=-1571,-3878,221 g=-7,-11,2
WFI t=60276 a=-1576,-3880,220 g=0,5,-16
WFI t=60366 a=-1575,-3878,216 g=-1,-17,4
WFI t=60368 a=-1554,-3858,221 g=-4,-18,0
WFI t=60401 a=-1555,-3874,228 g=0,-3,-3
WFR t=60411 src=bms type=0x02 len=129 data=d2037c0eeb0eea0eeb0eeb0eeb0eea0eeb0eeb0ee90eea0eeb0eec0eef0eef0eef0eee0eef0eef0ef10ef00ef00ef00ef10ef10eef0ef00ef00ef00000000000000000003d0000000000000000000000000000042e753002ae0ef10ee9003d003d00000157001c0001001d0000000100010eed000800000000000000000000a492
WFI t=60452 a=-1564,-3883,209 g=2,6,-17
WFI t=60501 a=-1582,-3882,228 g=-1,2,-7
WFI t=60551 a=-1556,-3872,220 g=-2,-10,-2
WFI t=60602 a=-1568,-3884,225 g=-4,-15,-1
WFI t=60651 a=-1555,-3879,216 g=-3,2,-3
WFI t=60701 a=-1571,-3877,223 g=-1,3,-17
WFI t=60752 a=-1574,-3883,217 g=0,2,-7
WFI t=60801 a=-1568,-3892,221 g=-5,-18,-3
WFI t=60851 a=-1570,-3877,215 g=-1,2,-1
WFI t=60902 a=-1572,-3864,219 g=-3,-9,-9
WFI t=60951 a=-1561,-3868,212 g=2,-9,3
WFT t=60999 batt_mv=4184 rssi_mcu=0 rssi_bms=-79 mcu=0 bms=54 dropped=0
WFI t=61001 a=-1555,-3871,225 g=4,4,-8
WFI t=61052 a=-1579,-3890,207 g=-5,4,-18
WFI t=61101 a=-1578,-3877,221 g=1,-1,0
WFI t=61151 a=-1562,-3887,212 g=-3,-18,-4
WFI t=61202 a=-1565,-3881,219 g=-1,1,-1
WFI t=61251 a=-1578,-3879,220 g=-5,-10,-11
WFI t=61301 a=-1579,-3880,221 g=5,6,0
WFI t=61352 a=-1561,-3865,224 g=-5,-2,-13
WFR t=61402 src=bms type=0x02 len=129 data=d2037c0eeb0eea0eeb0eeb0eeb0eea0eeb0eeb0eea0eea0eeb0eeb0eee0eef0eef0eed0eef0ef00ef10ef00ef00ef10ef10ef10eef0ef00ef00ef00000000000000000003d0000000000000000000000000000042e753002ae0ef10eea003d003d00000157001c0001001d0000000100010eed0007000000000000000000002c02
WFI t=61402 a=-1580,-3886,228 g=-3,-3,-4
WFI t=61451 a=-1562,-3867,211 g=-1,-15,4
WFI t=61502 a=-1558,-3870,226 g=0,3,-8
WFI t=61551 a=-1566,-3880,223 g=-2,5,-11
WFI t=61601 a=-1578,-3875,221 g=0,-8,-1
WFI t=61652 a=-1555,-3880,229 g=-2,-10,-5
WFI t=61701 a=-1558,-3873,213 g=-5,-1,-6
WFI t=61751 a=-1574,-3875,237 g=5,4,-6
WFI t=61802 a=-1573,-3876,221 g=-1,7,-13
WFI t=61851 a=-1575,-3874,213 g=-8,-21,1
WFI t=61901 a=-1557,-3872,217 g=1,-14,9
WFI t=61952 a=-1567,-3886,245 g=-7,-7,-9
WFI t=62001 a=-1568,-3878,207 g=-3,9,-20
WFI t=62051 a=-1586,-3885,209 g=-1,-1,-12
WFI t=62102 a=-1570,-3868,222 g=0,-17,4
WFI t=62151 a=-1567,-3876,221 g=-7,-16,-1
WFI t=62201 a=-1556,-3881,220 g=-1,6,-4
WFI t=62294 a=-1587,-3881,227 g=-2,11,-17
WFI t=62386 a=-1558,-3883,228 g=-3,-22,10
WFI t=62388 a=-1569,-3872,216 g=3,-6,8
WFR t=62391 src=bms type=0x02 len=129 data=d2037c0eeb0eea0eeb0eeb0eeb0eea0eeb0eeb0eea0eea0eeb0eec0eee0eee0eef0eed0eef0eef0ef00ef00ef00ef00ef10ef10eee0ef00ef00ef00000000000000000003d0000000000000000000000000000042e753002ae0ef10eea003d003d00000157001c0001001d0000000100010eed000700000000000000000000e16a
WFI t=62402 a=-1546,-3857,215 g=-3,15,8
WFI t=62451 a=-1557,-3876,236 g=3,-5,-5
WFI t=62501 a=-1556,-3889,225 g=-7,-1,-10
WFI t=62552 a=-1566,-3874,221 g=2,4,-14
WFI t=62601 a=-1572,-3885,216 g=1,6,-15
WFI t=62651 a=-1577,-3877,226 g=-1,-13,4
WFI t=62702 a=-1560,-3879,214 g=2,-25,12
WFI t=62751 a=-1573,-3877,241 g=-1,-13,8
WFI t=62801 a=-1569,-3874,197 g=-1,1,0
WFI t=62852 a=-1548,-3891,227 g=-8,-8,-17
WFI t=62901 a=-1559,-3868,236 g=-3,11,-29
WFI t=62951 a=-1586,-3867,214 g=-2,-7,-18
WFI t=63002 a=-1577,-3883,225 g=-6,-17,4
WFI t=63052 a=-1556,-3877,228 g=-6,-16,-1
WFI t=63101 a=-1561,-3879,252 g=-1,-1,-2
WFI t=63152 a=-1553,-3873,226 g=-8,7,-5
WFI t=63201 a=-1580,-3870,197 g=1,14,-14
WFI t=63252 a=-1571,-3880,211 g=2,8,-17
WFI t=63302 a=-1569,-3882,225 g=-3,-20,5
WFI t=63351 a=-1558,-3843,210 g=-10,1,19
WFI t=63401 a=-1562,-3881,232 g=2,-12,5
WFR t=63411 src=bms type=0x02 len=129 data=d2037c0eeb0eea0eeb0eeb0eeb0eea0eeb0eec0eea0eea0eeb0eec0eee0eef0eef0eee0eef0eef0ef10ef00ef00ef00ef10ef10eef0ef00ef00ef00000000000000000003d0000000000000000000000000000042e753002ae0ef10eea003d003d00000157001c0001001d0000000100010eed000700000000000000000000f5b2
WFI t=63452 a=-1548,-3881,203 g=-2,16,-30
WFI t=63501 a=-1598,-3891,233 g=2,15,-41
WFI t=63551 a=-1594,-3881,222 g=7,-8,18
WFI t=63601 a=-1563,-3852,217 g=-11,-11,27
WFI t=63651 a=-1578,-3870,216 g=12,-7,6
WFI t=63701 a=-1562,-3854,194 g=-11,-3,2
WFI t=63752 a=-1560,-3882,250 g=5,8,-23
WFI t=63801 a=-1566,-3884,238 g=0,42,-59
WFI t=63851 a=-1626,-3868,202 g=8,-13,-15
WFI t=63902 a=-1565,-3873,229 g=-6,-43,22
WFI t=63951 a=-1556,-3892,251 g=-9,-23,20
WFI t=64001 a=-1554,-3894,212 g=-3,-16,1
WFI t=64052 a=-1546,-3888,225 g=-3,-1,-6
WFI t=64101 a=-1564,-3863,190 g=-7,14,-33
WFI t=64151 a=-1597,-3866,213 g=1,2,-8
WFI t=64202 a=-1554,-3892,241 g=-2,-17,13
WFI t=64363 a=-1587,-3869,204 g=-3,-9,-3
WFI t=64379 a=-1563,-3890,220 g=2,20,-9
WFI t=64382 a=-1544,-3864,219 g=0,13,-12
WFI t=64402 a=-1564,-3885,227 g=-2,0,-19
WFR t=64402 src=bms type=0x02 len=129 data=d2037c0eeb0eea0eeb0eeb0eeb0eea0eeb0eeb0ee90eea0eeb0eec0eef0eef0eef0eee0eef0ef00ef00ef00ef00ef10ef10ef10eef0ef00ef00ef00000000000000000003d0000000000000000000000000000042e753002ae0ef10ee9003d003d00000157001c0001001d0000000100010eed0008000000000000000000006beb
WFI t=64451 a=-1590,-3875,233 g=4,-6,-7
WFI t=64502 a=-1591,-3865,212 g=-7,-14,12
WFI t=64551 a=-1573,-3883,226 g=2,-2,6
WFI t=64601 a=-1572,-3878,232 g=-8,-12,-11
WFI t=64652 a=-1567,-3883,261 g=1,4,-19
WFI t=64701 a=-1587,-3876,201 g=4,4,-10
WFI t=64751 a=-1587,-3870,219 g=-6,-13,-1
WFI t=64802 a=-1581,-3889,198 g=-2,-2,2
WFI t=64851 a=-1538,-3882,229 g=-6,-5,-10
WFI t=64901 a=-1573,-3889,229 g=4,19,-28
WFI t=64952 a=-1582,-3875,213 g=1,13,-16
WFI t=65001 a=-1584,-3872,210 g=-3,-12,1
WFI t=65051 a=-1556,-3884,238 g=2,-10,9
WFI t=65102 a=-1556,-3878,225 g=-5,-1,-13
WFI t=65151 a=-1586,-3883,200 g=0,-9,1
WFI t=65201 a=-1577,-3865,198 g=-2,-14,10
WFI t=65252 a=-1548,-3897,244 g=-3,2,-3
WFI t=65301 a=-1536,-3874,221 g=4,18,-31
WFI t=65351 a=-1609,-3870,222 g=-7,-7,-25
WFI t=65402 a=-1586,-3876,196 g=2,-25,24
WFR t=65422 src=bms type=0x02 len=129 data=d2037c0eeb0eea0eeb0eea0eeb0eea0eeb0eeb0ee90eea0eeb0eeb0eee0eee0eef0eee0eef0eef0ef00ef00ef00ef00ef10ef10eef0ef00ef00ef00000000000000000003d0000000000000000000000000000042d753002ae0ef10ee9003d003d00000157001c0001001d0000000100010eed0008000000000000000000007b91
WFI t=65452 a=-1555,-3894,226 g=-6,-8,7
WFI t=65501 a=-1548,-3870,222 g=0,-9,-2
WFI t=65552 a=-1557,-3882,240 g=-3,-11,5
WFI t=65601 a=-1558,-3869,208 g=0,-2,-6
WFI t=65651 a=-1561,-3881,205 g=0,10,-34
WFI t=65702 a=-1617,-3884,244 g=5,25,-29
WFI t=65751 a=-1582,-3874,223 g=1,-33,22
WFI t=65801 a=-1544,-3856,229 g=-12,-25,14
WFI t=65869 a=-1557,-3867,197 g=4,17,-8
WFI t=65901 a=-1558,-3878,225 g=3,37,-32
WFI t=65951 a=-1600,-3884,224 g=-1,11,-31
WFI t=66002 a=-1600,-3870,208 g=-2,-20,8
WFT t=66019 batt_mv=4170 rssi_mcu=0 rssi_bms=-76 mcu=0 bms=59 dropped=0
WFI t=66051 a=-1543,-3886,245 g=-5,-32,14
WFI t=66101 a=-1557,-3883,220 g=-1,8,-8
WFI t=66152 a=-1561,-3880,232 g=-1,9,-13
WFI t=66201 a=-1555,-3869,217 g=-2,14,-17
WFI t=66355 a=-1582,-3883,206 g=-8,-26,7
WFI t=66401 a=-1553,-3863,205 g=-4,20,4
WFI t=66403 a=-1557,-3863,222 g=-6,8,-15
WFI t=66406 a=-1560,-3874,195 g=1,10,-12
WFR t=66414 src=bms type=0x02 len=129 data=d2037c0eeb0eea0eeb0eeb0eeb0eea0eeb0eeb0eea0eea0eeb0eec0eee0eef0eef0eee0eef0eef0ef00ef00ef00ef10ef10ef00eef0ef00ef00ef00000000000000000003d0000000000000000000000000000042e753002ae0ef10eea003d003d00000157001c0001001d0000000100010eed0007000000000000000000009022
WFI t=66520 a=-1590,-3875,220 g=2,4,-11
WFI t=66600 a=-1563,-3860,227 g=-5,-25,8
WFI t=66602 a=-1561,-3872,225 g=-1,-22,8
WFI t=66604 a=-1561,-3872,225 g=-1,-22,8
WFI t=66652 a=-1555,-3877,203 g=-5,-4,-9
WFI t=66701 a=-1578,-3871,210 g=0,8,-8
WFI t=66752 a=-1556,-3872,199 g=-2,8,-20
WFI t=66801 a=-1597,-3881,242 g=-4,0,-6
WFI t=66851 a=-1559,-3874,220 g=0,-26,3
WFI t=66902 a=-1569,-3881,232 g=3,-13,4
WFI t=66951 a=-1561,-3872,203 g=-2,20,-26
WFI t=67001 a=-1610,-3873,233 g=4,5,-10
WFI t=67052 a=-1555,-3863,207 g=-4,-17,11
WFI t=67101 a=-1577,-3889,215 g=-6,-17,-5
WFI t=67151 a=-1565,-3878,202 g=0,-4,4
WFI t=67202 a=-1548,-3883,215 g=-4,18,-26
WFI t=67252 a=-1605,-3871,229 g=-5,7,-21
WFI t=67301 a=-1583,-3875,228 g=2,-23,19
WFI t=67352 a=-1548,-3874,219 g=-4,-7,-7
WFI t=67401 a=-1582,-3888,220 g=2,18,-13
WFR t=67432 src=bms type=0x02 len=129 data=d2037c0eeb0eea0eeb0eeb0eeb0eea0eeb0eec0ee90eea0eeb0eec0eef0eee0eef0eed0eef0eef0ef00ef00ef00ef00ef10ef10eef0ef00ef00ef00000000000000000003d0000000000000000000000000000042e753002ae0ef10ee9003d003d00000157001c0001001d0000000100010eed0008000000000000000000004d76
WFI t=67452 a=-1588,-3882,215 g=-7,-39,10
WFI t=67502 a=-1531,-3883,223 g=4,9,2
WFI t=67551 a=-1581,-3870,217 g=-9,9,-32
WFI t=67601 a=-1590,-3869,221 g=-2,-1,5
WFI t=67652 a=-1555,-3874,215 g=-4,-21,-7
WFI t=67702 a=-1582,-3874,225 g=-1,4,-7
WFI t=67751 a=-1563,-3877,224 g=-3,-12,-5
WFI t=67802 a=-1567,-3879,218 g=2,12,-7
WFI t=67851 a=-1585,-3874,228 g=-9,-16,-7
WFI t=67901 a=-1557,-3880,223 g=1,-14,9
WFI t=67952 a=-1554,-3876,223 g=-2,-2,-11
WFI t=68001 a=-1566,-3874,215 g=1,13,-14
WFI t=68051 a=-1580,-3876,230 g=-4,-17,-3
WFI t=68102 a=-1559,-3872,226 g=2,0,-2
WFI t=68151 a=-1591,-3890,226 g=-4,-11,-8
WFI t=68201 a=-1555,-3866,220 g=-4,3,0
WFI t=68252 a=-1563,-3887,214 g=0,-5,-10
WFI t=68387 a=-1575,-3872,214 g=1,2,3
WFI t=68390 a=-1566,-3874,216 g=4,1,2
WFI t=68402 a=-1552,-3884,210 g=0,-3,-1
WFI t=68451 a=-1592,-3888,233 g=-2,-12,-4
WFI t=68501 a=-1550,-3872,215 g=2,8,-6
WFI t=68551 a=-1575,-3868,226 g=-3,-6,-16
WFI t=68601 a=-1562,-3879,207 g=0,-4,6
WFI t=68651 a=-1565,-3892,215 g=-4,-14,-3
WFI t=68701 a=-1572,-3883,217 g=0,-3,0
WFI t=68751 a=-1554,-3887,219 g=-7,-4,-6
WFI t=68801 a=-1570,-3873,213 g=0,0,-11
WFI t=68852 a=-1580,-3878,206 g=-5,-4,2
WFI t=68901 a=-1565,-3883,214 g=-6,-2,-13
WFI t=68951 a=-1581,-3874,219 g=-5,3,-7
WFI t=69001 a=-1573,-3865,218 g=-8,-27,13
WFI t=69051 a=-1561,-3899,233 g=1,2,9
WFI t=69101 a=-1545,-3860,209 g=4,-3,-15
WFI t=69152 a=-1595,-3887,242 g=-6,6,-30
WFI t=69201 a=-1564,-3877,202 g=-6,2,0
WFI t=69252 a=-1579,-3881,222 g=2,-9,-9
WFI t=69301 a=-1572,-3882,220 g=-5,-11,2
WFI t=69351 a=-1561,-3882,231 g=-1,-9,2
WFI t=69401 a=-1549,-3875,207 g=3,29,-25
WFI t=69451 a=-1592,-3882,215 g=4,11,-25
WFI t=69501 a=-1591,-3877,202 g=-3,-11,3
WFI t=69551 a=-1567,-3870,225 g=0,-20,12
WFI t=69602 a=-1557,-3887,236 g=-9,-18,8
WFI t=69651 a=-1547,-3867,215 g=-8,-3,11
WFI t=69701 a=-1558,-3869,231 g=4,10,-18
WFI t=69752 a=-1584,-3882,220 g=5,37,-42
WFI t=69801 a=-1604,-3855,222 g=-5,1,-10
WFI t=69851 a=-1560,-3874,233 g=-3,-36,25
WFI t=69902 a=-1556,-3874,222 g=-13,-23,7
WFI t=69951 a=-1565,-3876,195 g=1,12,-1
WFI t=70001 a=-1557,-3884,216 g=0,13,-22
WFI t=70052 a=-1589,-3869,227 g=1,11,-23
WFI t=70101 a=-1576,-3874,232 g=1,-11,2
WFI t=70151 a=-1574,-3882,240 g=3,-16,5
WFI t=70201 a=-1569,-3870,226 g=-4,-4,-7
WFI t=70252 a=-1570,-3885,215 g=-2,0,-6
WFI t=70393 a=-1556,-3879,224 g=2,-12,3
WFI t=70395 a=-1574,-3866,227 g=-3,-23,7
WFI t=70401 a=-1559,-3864,229 g=-4,-27,8
WFI t=70451 a=-1569,-3853,225 g=-6,8,14
WFI t=70501 a=-1567,-3889,221 g=5,-3,-8
WFI t=70551 a=-1552,-3873,228 g=-8,6,-20
WFI t=70601 a=-1588,-3869,226 g=6,1,-21
WFI t=70652 a=-1572,-3888,212 g=2,-7,3
WFI t=70701 a=-1566,-3869,211 g=-5,7,-1
WFI t=70751 a=-1564,-3868,201 g=-11,-7,-14
WFI t=70801 a=-1582,-3884,220 g=-6,-15,-1
WFI t=70851 a=-1549,-3877,214 g=-1,-10,2
WFI t=70901 a=-1568,-3883,226 g=-6,25,-26
WFI t=70951 a=-1590,-3877,232 g=1,8,-15
WFI t=71001 a=-1573,-3878,225 g=-8,-27,8
WFT t=71042 batt_mv=4178 rssi_mcu=0 rssi_bms=-79 mcu=0 bms=61 dropped=0
WFI t=71051 a=-1562,-3887,203 g=-4,-11,3
WFI t=71102 a=-1568,-3875,208 g=-3,-6,-1
WFI t=71151 a=-1573,-3882,202 g=-6,2,3
WFI t=71201 a=-1543,-3889,235 g=3,0,-4
WFI t=71251 a=-1565,-3878,242 g=-1,0,-28
WFI t=71301 a=-1578,-3879,209 g=5,13,-15
WFI t=71351 a=-1593,-3874,200 g=-4,-1,-15
WFI t=71401 a=-1583,-3879,232 g=-7,-25,13
WFI t=71451 a=-1537,-3847,206 g=-8,1,14
WFI t=71501 a=-1557,-3878,229 g=1,-1,5
WFI t=71551 a=-1556,-3884,214 g=4,21,-27
WFI t=71601 a=-1589,-3877,222 g=-2,11,-21
WFI t=71651 a=-1568,-3875,228 g=2,-4,1
WFI t=71701 a=-1572,-3889,231 g=-5,-24,1
WFI t=71751 a=-1572,-3875,223 g=-1,-9,6
WFI t=71801 a=-1562,-3868,213 g=1,1,-10
WFI t=71851 a=-1559,-3877,233 g=4,14,-12
WFI t=71901 a=-1573,-3884,210 g=-4,3,-18
WFI t=71951 a=-1599,-3888,216 g=4,-12,0
WFI t=72001 a=-1556,-3871,212 g=-3,-22,9
WFI t=72051 a=-1565,-3878,240 g=0,3,-7
WFI t=72101 a=-1561,-3870,229 g=-1,12,-20
WFI t=72151 a=-1573,-3888,215 g=-5,-10,-7
WFI t=72201 a=-1571,-3883,213 g=0,-10,1
WFI t=72252 a=-1582,-3875,225 g=-3,2,-1
WFI t=72383 a=-1565,-3863,229 g=-1,-9,-1
WFI t=72398 a=-1568,-3869,209 g=-1,-3,-13
WFI t=72402 a=-1558,-3880,217 g=-3,3,-16
WFI t=72451 a=-1571,-3877,211 g=0,13,-15
WFI t=72501 a=-1590,-3865,220 g=2,0,-2
WFI t=72551 a=-1572,-3893,243 g=-9,-34,12
WFI t=72601 a=-1541,-3840,203 g=-6,29,5
WFI t=72651 a=-1568,-3874,203 g=9,-7,-27
WFI t=72701 a=-1591,-3880,229 g=5,10,-10
WFI t=72751 a=-1559,-3888,238 g=0,-15,6
WFI t=72801 a=-1538,-3888,235 g=-4,3,-11
WFI t=72851 a=-1583,-3874,221 g=-1,-2,-16
WFI t=72901 a=-1587,-3892,214 g=-4,-13,9
WFI t=72951 a=-1554,-3882,211 g=-4,-4,-5
WFI t=73001 a=-1572,-3879,241 g=0,8,-13
WFI t=73052 a=-1577,-3872,211 g=0,-4,-2
WFI t=73101 a=-1568,-3877,214 g=-8,-9,0
WFI t=73151 a=-1567,-3876,220 g=-8,-6,-19
WFI t=73201 a=-1583,-3882,235 g=2,-4,6
WFI t=73252 a=-1543,-3879,214 g=4,10,-13
WFI t=73301 a=-1597,-3871,228 g=3,7,-19
WFI t=73351 a=-1581,-3868,200 g=-12,-41,15
WFI t=73401 a=-1553,-3854,194 g=-11,38,2
WFI t=73451 a=-1572,-3869,223 g=8,18,-17
WFI t=73501 a=-1599,-3884,234 g=-5,-9,-6
WFI t=73551 a=-1558,-3892,239 g=-5,-25,9
WFI t=73601 a=-1557,-3880,214 g=-2,16,-16
WFI t=73652 a=-1582,-3878,224 g=-4,11,-13
WFI t=73701 a=-1581,-3879,208 g=-6,-20,10
WFI t=73751 a=-1568,-3887,223 g=-6,-11,-2
WFI t=73801 a=-1587,-3874,219 g=-3,-6,-8
WFI t=73852 a=-1538,-3880,232 g=3,24,-4
WFI t=73901 a=-1582,-3881,228 g=-5,6,-27
WFI t=73951 a=-1600,-3877,205 g=2,-18,14
WFI t=74001 a=-1562,-3852,205 g=-14,-12,12
WFI t=74051 a=-1566,-3885,232 g=8,13,-7
WFI t=74101 a=-1554,-3852,226 g=-9,0,-24
WFI t=74151 a=-1574,-3869,210 g=4,-8,-7
WFI t=74201 a=-1573,-3877,215 g=-6,-20,0
WFI t=74251 a=-1549,-3880,228 g=-1,3,-2
WFI t=74320 a=-1579,-3874,229 g=1,21,-21
WFI t=74410 a=-1573,-3881,219 g=-9,-39,12
WFI t=74412 a=-1562,-3868,225 g=-4,-34,9
WFI t=74452 a=-1544,-3881,214 g=5,22,-4
WFI t=74501 a=-1567,-3865,207 g=4,4,-20
WFI t=74552 a=-1572,-3886,232 g=6,15,-1
WFI t=74602 a=-1568,-3884,217 g=-9,-42,-3
WFI t=74651 a=-1554,-3884,222 g=8,12,0
WFI t=74702 a=-1568,-3877,222 g=-7,11,-26
WFI t=74752 a=-1585,-3872,227 g=3,8,3
WFI t=74801 a=-1555,-3875,203 g=-8,-31,-2
WFI t=74852 a=-1564,-3881,230 g=1,-3,1
WFI t=74902 a=-1560,-3879,210 g=-2,0,-6
WFI t=74951 a=-1576,-3888,231 g=0,8,-5
WFI t=75001 a=-1560,-3879,224 g=-7,-11,-5
WFI t=75052 a=-1576,-3887,229 g=-5,-13,-7
WFI t=75101 a=-1572,-3864,206 g=-3,5,-7
WFI t=75152 a=-1572,-3881,217 g=2,12,-14
WFI t=75202 a=-1582,-3885,233 g=-4,-25,6
WFI t=75251 a=-1564,-3859,222 g=6,-17,24
WFI t=75302 a=-1549,-3883,222 g=1,-12,3
WFI t=75352 a=-1556,-3867,207 g=-1,15,-22
WFI t=75401 a=-1606,-3862,236 g=-8,11,-43
WFI t=75452 a=-1593,-3874,214 g=4,-13,11
WFI t=75502 a=-1549,-3883,224 g=-11,-16,-7
WFI t=75551 a=-1578,-3877,200 g=6,9,-16
WFI t=75602 a=-1604,-3882,233 g=1,-8,-3
WFI t=75652 a=-1555,-3877,224 g=-2,0,15
WFI t=75701 a=-1544,-3898,228 g=2,-10,-8
WFI t=75752 a=-1569,-3868,233 g=-7,-8,-14
WFI t=75802 a=-1583,-3867,213 g=4,7,0
WFI t=75851 a=-1551,-3886,215 g=-5,-5,-10
WFI t=75902 a=-1585,-3881,232 g=0,-3,-9
WFI t=75952 a=-1576,-3865,224 g=0,9,6
WFI t=76001 a=-1575,-3880,220 g=0,-7,5
WFI t=76051 a=-1577,-3863,228 g=-1,-7,12
WFT t=76065 batt_mv=4182 rssi_mcu=0 rssi_bms=-78 mcu=0 bms=61 dropped=0
WFI t=76102 a=-1570,-3868,228 g=0,-20,14
WFI t=76151 a=-1557,-3871,229 g=-3,-6,0
WFI t=76202 a=-1554,-3871,209 g=-10,-2,-31
WFI t=76252 a=-1573,-3873,236 g=-10,7,-46
WFI t=76373 a=-1569,-3871,239 g=-5,-12,-2
WFI t=76517 a=-1562,-3888,230 g=1,2,-1
WFI t=76614 a=-1560,-3884,213 g=-2,2,-3
WFI t=76616 a=-1560,-3864,218 g=5,13,4
WFI t=76618 a=-1560,-3864,218 g=5,13,4
WFI t=76620 a=-1564,-3890,230 g=5,12,1
WFI t=76621 a=-1564,-3890,230 g=5,12,1
WFI t=76651 a=-1555,-3872,212 g=3,1,-11
WFI t=76702 a=-1584,-3874,222 g=-3,20,-41
WFI t=76751 a=-1601,-3865,215 g=5,-6,-12
WFI t=76801 a=-1562,-3873,238 g=-5,-30,15
WFI t=76852 a=-1557,-3885,245 g=-2,-10,12
WFI t=76901 a=-1586,-3867,185 g=0,-18,-5
WFI t=76952 a=-1576,-3885,219 g=-2,-8,-5
WFI t=77002 a=-1549,-3882,220 g=7,17,-13
WFI t=77051 a=-1572,-3880,224 g=-3,9,-25
WFI t=77101 a=-1593,-3880,206 g=3,-2,-1
WFI t=77152 a=-1570,-3876,216 g=2,-27,12
WFI t=77201 a=-1566,-3896,240 g=-8,-6,8
WFI t=77251 a=-1551,-3883,221 g=8,3,-9
WFI t=77302 a=-1564,-3868,210 g=-5,-3,-23
WFI t=77351 a=-1605,-3864,202 g=-1,-1,-7
WFI t=77401 a=-1577,-3865,203 g=-1,-10,11
WFI t=77452 a=-1552,-3880,237 g=-1,-7,5
WFI t=77501 a=-1570,-3860,203 g=0,-5,-4
WFE t=77522 bms stale, no frame for 10089 ms, dropping link
WFE t=77536 bms link down (stale) after 28 answers in 37812 ms, writes=38 err=0 silent=10 bytes=3612
WFI t=77551 a=-1564,-3883,228 g=-10,-13,-10
WFE t=77557 bms disconnected reason=534
WFI t=77601 a=-1563,-3876,221 g=3,14,-19
WFI t=77651 a=-1587,-3877,245 g=-1,2,-19
WFI t=77702 a=-1585,-3870,222 g=-1,-9,7
WFI t=77751 a=-1588,-3855,204 g=-1,-16,10
WFI t=77801 a=-1565,-3874,222 g=-2,-2,9
WFI t=77851 a=-1557,-3870,217 g=2,-5,0
WFI t=77901 a=-1569,-3887,220 g=-3,-11,-16
WFI t=77951 a=-1577,-3880,208 g=-4,-5,-15
WFI t=78002 a=-1566,-3887,224 g=-1,19,-17
WFI t=78051 a=-1576,-3879,215 g=3,24,-30
WFI t=78101 a=-1616,-3878,228 g=-1,-16,-1
WFI t=78151 a=-1579,-3886,202 g=-5,-36,28
WFI t=78201 a=-1566,-3870,235 g=1,-12,16
WFI t=78251 a=-1560,-3866,186 g=0,-4,3
WFI t=78339 a=-1568,-3881,237 g=3,11,-30
WFI t=78376 a=-1577,-3865,221 g=-1,24,-42
WFI t=78402 a=-1596,-3876,204 g=1,5,-27
WFI t=78503 a=-1573,-3876,212 g=-3,-21,16
WFI t=78505 a=-1561,-3852,218 g=-9,-7,19
WFI t=78551 a=-1573,-3880,234 g=3,-9,18
WFI t=78601 a=-1544,-3865,212 g=6,10,2
WFI t=78651 a=-1534,-3879,202 g=-5,-6,-37
WFI t=78701 a=-1625,-3901,228 g=3,28,-39
WFI t=78751 a=-1575,-3855,207 g=2,-16,21
WFI t=78801 a=-1577,-3912,213 g=-5,-14,8
WFI t=78851 a=-1565,-3877,215 g=5,-5,4
WFI t=78901 a=-1566,-3865,219 g=-9,-3,-6
WFI t=78951 a=-1559,-3871,219 g=4,13,-20
WFI t=79001 a=-1590,-3876,222 g=0,18,-33
WFI t=79051 a=-1624,-3858,226 g=-2,-19,9
WFI t=79101 a=-1569,-3852,203 g=-6,-7,21
WFI t=79151 a=-1560,-3892,233 g=2,-10,1
WFI t=79202 a=-1561,-3870,201 g=-6,8,-17
WFI t=79251 a=-1583,-3890,222 g=1,20,-34
WFI t=79301 a=-1598,-3887,203 g=2,0,-11
WFI t=79351 a=-1557,-3883,220 g=-6,-19,6
WFI t=79401 a=-1555,-3877,226 g=-1,-5,-5
WFI t=79451 a=-1569,-3873,215 g=-6,-1,-6
WFI t=79501 a=-1572,-3891,220 g=-1,-3,-9
WFI t=79551 a=-1591,-3882,221 g=2,15,-12
WFI t=79601 a=-1598,-3876,234 g=1,-16,4
WFI t=79651 a=-1563,-3869,223 g=1,1,23
WFI t=79701 a=-1572,-3883,208 g=6,-18,3
WFI t=79751 a=-1564,-3869,216 g=-14,-11,-9
WFI t=79801 a=-1550,-3864,212 g=-8,8,-33
WFI t=79851 a=-1593,-3880,217 g=4,37,-28
WFI t=79901 a=-1598,-3865,230 g=-5,-26,-2
WFE t=79913 bms subscribed val=0x0010 cccd=0x0011 ctrl=0x0014 mtu=512 regs=62
WFE t=79914 bms conn itvl=80 latency=0 timeout=600
WFE t=79926 bms reconnected (attempt 2)
WFE t=79932 bms mtu event mtu=512
WFI t=79951 a=-1560,-3876,226 g=3,-37,28
WFI t=80001 a=-1565,-3903,255 g=-9,-7,18
WFI t=80051 a=-1556,-3876,197 g=7,11,-19
WFI t=80101 a=-1594,-3881,252 g=-10,8,-47
WFI t=80152 a=-1583,-3855,215 g=5,-1,12
WFI t=80201 a=-1557,-3869,213 g=-3,-16,-4
WFR t=80213 src=bms type=0x02 len=129 data=d2037c0eeb0eea0eeb0eeb0eeb0eea0eeb0eeb0eea0eea0eeb0eeb0eef0eef0eef0eed0eef0eef0ef00ef00ef00ef00ef10ef00eee0ef00ef00ef00000000000000000003d0000000000000000000000000000042d753002ae0ef10ee9003d003d00000157001c0001001d0000000100010eed000800000000000000000000943d
WFI t=80251 a=-1576,-3885,217 g=5,9,-7
WFI t=80412 a=-1582,-3886,226 g=-4,-28,14
WFI t=80427 a=-1545,-3870,216 g=-11,6,-42
WFI t=80429 a=-1591,-3890,246 g=-1,39,-55
WFI t=80451 a=-1600,-3872,239 g=5,21,-29
WFI t=80501 a=-1577,-3872,218 g=1,-28,12
WFI t=80551 a=-1552,-3834,201 g=2,14,19
WFI t=80601 a=-1589,-3867,214 g=-6,-16,3
WFI t=80651 a=-1561,-3888,238 g=7,7,4
WFI t=80701 a=-1561,-3871,224 g=-1,8,-9
WFI t=80751 a=-1590,-3881,225 g=1,5,-23
WFI t=80801 a=-1585,-3887,243 g=-5,-6,-7
WFE t=80812 bms conn update status=0 itvl=12 latency=0 timeout=400
WFI t=80852 a=-1579,-3864,211 g=-4,-18,2
WFI t=80902 a=-1567,-3872,213 g=2,-8,1
WFI t=80951 a=-1571,-3863,223 g=0,2,7
WFI t=81001 a=-1547,-3885,224 g=0,-3,-10
WFI t=81052 a=-1585,-3872,234 g=2,8,-21
WFI t=81101 a=-1577,-3868,208 g=-4,-14,1
WFI t=81151 a=-1571,-3884,221 g=1,-2,-4
WFI t=81201 a=-1584,-3883,219 g=1,16,-21
WFR t=81202 src=bms type=0x02 len=129 data=d2037c0eeb0eea0eeb0eeb0eeb0eea0eeb0eeb0ee90eea0eeb0eec0eef0eef0eef0eed0eef0eef0ef00ef00ef00ef00ef10ef10eee0ef00ef00ef00000000000000000003d0000000000000000000000000000042e753002ae0ef10ee9003d003d00000157001c0001001d0000000100010eed000800000000000000000000a4dc
WFT t=81218 batt_mv=4186 rssi_mcu=0 rssi_bms=-77 mcu=0 bms=63 dropped=0
WFI t=81251 a=-1593,-3873,220 g=-8,-17,-1
WFI t=81302 a=-1557,-3879,215 g=3,1,9
WFI t=81352 a=-1572,-3857,237 g=0,-20,-7
WFI t=81401 a=-1599,-3873,202 g=-9,-14,11
WFI t=81451 a=-1587,-3893,237 g=6,-9,15
WFI t=81502 a=-1563,-3871,220 g=-4,-3,9
WFI t=81551 a=-1568,-3870,225 g=-2,-1,-12
WFI t=81601 a=-1602,-3873,240 g=-12,-10,-15
WFI t=81652 a=-1610,-3879,242 g=6,-4,-2
WFI t=81701 a=-1611,-3872,217 g=-6,-18,24
WFI t=81752 a=-1526,-3894,263 g=11,31,5
WFI t=81802 a=-1552,-3861,167 g=-21,-29,-61
WFI t=81851 a=-1671,-3945,278 g=-4,45,-52
WFI t=81901 a=-1548,-3845,167 g=5,10,11
WFI t=81952 a=-1547,-3860,261 g=-1,26,-34
WFI t=82001 a=-1659,-3889,243 g=-9,-53,-8
WFI t=82052 a=-1587,-3895,166 g=-5,-16,58
WFI t=82102 a=-1490,-3876,260 g=16,7,-4
WFI t=82151 a=-1554,-3856,157 g=-12,22,-78
WFI t=82201 a=-1658,-3831,241 g=18,-2,5
WFR t=82222 src=bms type=0x02 len=129 data=d2037c0eeb0eea0eeb0eeb0eeb0eea0eeb0eeb0ee90eea0eeb0eec0eef0eef0eef0eed0eef0eef0ef00ef00ef00ef00ef10ef10eef0ef00ef00ef00000000000000000003d0000000000000000000000000000042e753002ae0ef10ee9003d003d00000157001c0001001d0000000100010eed00080000000000000000000059e0
WFI t=82252 a=-1537,-3866,228 g=2,-6,52
WFI t=82301 a=-1562,-3895,201 g=6,-48,10
WFI t=82441 a=-1504,-3891,233 g=23,75,-40
WFI t=82442 a=-1548,-3860,236 g=7,65,-64
WFI t=82451 a=-1541,-3872,242 g=5,56,-72
WFI t=82502 a=-1636,-3880,244 g=0,-8,-31
WFI t=82552 a=-1569,-3861,198 g=-6,-54,35
WFI t=82601 a=-1553,-3883,213 g=-1,-26,20
WFI t=82652 a=-1567,-3876,221 g=-5,1,13
WFI t=82703 a=-1544,-3876,233 g=-5,3,4
WFI t=82751 a=-1522,-3881,202 g=8,14,-36
WFI t=82801 a=-1646,-3892,247 g=-2,32,-54
WFI t=82852 a=-1603,-3872,234 g=-3,-23,30
WFI t=82901 a=-1516,-3894,238 g=-2,-24,10
WFI t=82952 a=-1567,-3880,220 g=0,10,-19
WFI t=83002 a=-1572,-3860,219 g=3,4,0
WFI t=83051 a=-1557,-3876,207 g=-6,4,-16
WFI t=83101 a=-1590,-3875,230 g=0,-3,-1
WFI t=83152 a=-1558,-3875,225 g=-8,-43,18
WFI t=83201 a=-1547,-3888,220 g=-2,3,-6
WFR t=83212 src=bms type=0x02 len=129 data=d2037c0eeb0eea0eeb0eea0eeb0eea0eeb0eeb0ee90eea0eeb0eec0eef0eef0eef0eed0eef0eef0ef00ef00ef00ef00ef10ef10eee0ef00ef00ef00000000000000000003d0000000000000000000000000000042d753002ae0ef10ee9003d003d00000157001c0001001d0000000100010eed000800000000000000000000215d
WFI t=83252 a=-1565,-3871,210 g=0,15,-26
WFI t=83302 a=-1589,-3892,244 g=3,21,-12
WFI t=83351 a=-1571,-3897,233 g=-3,-2,-1
WFI t=83401 a=-1579,-3877,216 g=1,-16,5
WFI t=83452 a=-1570,-3879,213 g=-3,-26,12
WFI t=83501 a=-1541,-3856,209 g=-7,16,-8
WFI t=83552 a=-1575,-3872,227 g=3,12,-20
WFI t=83602 a=-1578,-3881,215 g=-1,-1,-10
WFI t=83651 a=-1593,-3882,235 g=-7,-11,-1
WFI t=83701 a=-1562,-3886,222 g=-2,-3,-5
WFI t=83752 a=-1561,-3864,228 g=-7,-4,-7
WFI t=83801 a=-1576,-3884,220 g=-2,-16,2
WFI t=83851 a=-1543,-3875,220 g=2,8,-3
WFI t=83902 a=-1577,-3886,224 g=-7,14,-25
WFI t=83951 a=-1603,-3871,236 g=-1,-20,11
WFI t=84001 a=-1537,-3876,212 g=-2,-6,7
WFI t=84052 a=-1572,-3868,230 g=-2,15,-36
WFI t=84101 a=-1617,-3891,227 g=4,-8,7
WFI t=84152 a=-1530,-3865,212 g=-2,-5,2
WFI t=84201 a=-1575,-3873,221 g=0,14,-20
WFR t=84233 src=bms type=0x02 len=129 data=d2037c0eeb0eea0eeb0eeb0eeb0eea0eeb0eeb0ee90eea0eeb0eec0eee0eef0eef0eee0eef0eef0ef00ef00ef00ef00ef10ef00eef0ef00ef00ef00000000000000000003d0000000000000000000000000000042e753002ae0ef10ee9003d003d00000157001c0001001d0000000100010eed00080000000000000000000041bc
WFI t=84251 a=-1591,-3877,214 g=1,-19,12
WFI t=84301 a=-1549,-3864,217 g=-6,9,10
WFI t=84428 a=-1567,-3873,209 g=4,5,-20
WFI t=84443 a=-1587,-3873,216 g=3,-5,-8
WFI t=84452 a=-1586,-3876,211 g=-4,-8,-2
WFI t=84502 a=-1569,-3871,222 g=-6,-10,-2
WFI t=84551 a=-1564,-3884,228 g=0,9,-7
WFI t=84601 a=-1567,-3866,230 g=0,10,-14
WFI t=84651 a=-1595,-3867,231 g=-8,-29,4
WFI t=84701 a=-1546,-3874,191 g=0,14,3
WFI t=84751 a=-1573,-3866,221 g=-3,12,-28
WFI t=84801 a=-1611,-3879,236 g=6,-1,1
WFI t=84851 a=-1577,-3882,222 g=-12,-37,9
WFI t=84902 a=-1556,-3890,234 g=3,11,-11
WFI t=84951 a=-1588,-3876,221 g=0,4,-20
WFI t=85001 a=-1572,-3862,217 g=4,-7,1
WFI t=85051 a=-1574,-3887,230 g=-6,-13,1
WFI t=85102 a=-1559,-3875,214 g=-3,0,-4
WFI t=85151 a=-1579,-3867,239 g=-2,-1,-7
WFI t=85201 a=-1570,-3870,217 g=-3,-4,-6
WFI t=85252 a=-1573,-3882,232 g=3,1,-9
WFR t=85253 src=bms type=0x02 len=129 data=d2037c0eea0eea0eeb0eeb0eeb0eea0eeb0eeb0ee90eea0eeb0eec0eef0eee0eef0eee0eef0eef0ef00ef00ef00ef00ef10ef00eef0ef00ef00ef00000000000000000003d0000000000000000000000000000042e753002ae0ef10ee9003d003d00000157001c0001001d0000000100010eed000800000000000000000000c480
WFI t=85301 a=-1574,-3874,218 g=-2,4,-17
WFI t=85351 a=-1582,-3880,226 g=3,-12,5
WFI t=85401 a=-1555,-3883,215 g=-1,-6,1
WFI t=85451 a=-1575,-3875,226 g=-1,18,-19
WFI t=85501 a=-1602,-3882,209 g=-3,-20,1
WFI t=85551 a=-1549,-3884,224 g=-5,-9,3
WFI t=85601 a=-1567,-3884,225 g=-4,3,-22
WFI t=85651 a=-1583,-3881,229 g=0,4,-2
WFI t=85702 a=-1572,-3883,226 g=-3,-15,0
WFI t=85751 a=-1582,-3863,224 g=-3,-4,-9
WFI t=85801 a=-1567,-3887,223 g=-2,-9,2
WFI t=85851 a=-1547,-3878,215 g=3,17,-15
WFI t=85962 a=-1566,-3878,220 g=0,-23,16
WFI t=86020 a=-1561,-3882,224 g=0,-26,12
WFI t=86035 a=-1583,-3865,227 g=-1,14,-18
WFI t=86052 a=-1579,-3875,222 g=5,16,-14
WFI t=86102 a=-1580,-3866,226 g=0,-8,-1
WFI t=86151 a=-1567,-3871,238 g=-2,-13,-2
WFI t=86201 a=-1581,-3880,222 g=-3,-6,-3
WFT t=86252 batt_mv=4186 rssi_mcu=0 rssi_bms=-80 mcu=0 bms=67 dropped=0
WFI t=86252 a=-1572,-3880,221 g=0,10,-15
WFR t=86258 src=bms type=0x02 len=129 data=d2037c0eeb0eea0eeb0eea0eeb0eea0eeb0eeb0ee90eea0eeb0eec0eee0eee0eef0eee0eef0eef0ef00ef00ef00ef00ef10ef10eee0ef00ef00ef00000000000000000003d0000000000000000000000000000042d753002ae0ef10ee9003d003d00000157001c0001001d0000000100010eed000800000000000000000000636d
WFI t=86302 a=-1573,-3873,227 g=-1,13,-12
WFI t=86450 a=-1580,-3887,233 g=-6,-28,0
WFI t=86452 a=-1556,-3878,206 g=-4,10,-15
WFI t=86454 a=-1556,-3878,206 g=-4,10,-15
WFI t=86501 a=-1591,-3871,218 g=2,18,-15
WFI t=86552 a=-1569,-3871,226 g=3,-15,2
WFI t=86601 a=-1567,-3875,222 g=-7,-14,1
WFI t=86651 a=-1570,-3874,205 g=3,3,-12
WFI t=86702 a=-1575,-3879,217 g=3,4,-7
WFI t=86751 a=-1582,-3886,226 g=2,-3,-3
WFI t=86801 a=-1560,-3871,220 g=-6,-11,-4
WFI t=86851 a=-1568,-3872,229 g=0,-6,-7
WFI t=86902 a=-1573,-3876,223 g=-2,10,-10
WFI t=86951 a=-1599,-3875,228 g=-3,-9,-7
WFI t=87001 a=-1559,-3866,219 g=0,-13,5
WFI t=87052 a=-1555,-3868,202 g=0,-7,-7
WFI t=87102 a=-1596,-3873,217 g=-4,-6,-3
WFI t=87152 a=-1555,-3888,239 g=-6,-4,-1
WFI t=87202 a=-1561,-3882,215 g=2,12,-18
WFI t=87251 a=-1603,-3879,213 g=-8,-9,-6
WFR t=87263 src=bms type=0x02 len=129 data=d2037c0eea0eea0eeb0eea0eeb0eea0eeb0eeb0ee90eea0eeb0eeb0eee0eef0eef0eee0eef0eef0ef00ef00ef00ef00ef10ef10eef0ef00ef00ef00000000000000000003d0000000000000000000000000000042d753002ae0ef10ee9003d003d00000157001c0001001d0000000100010eed0008000000000000000000003580
WFI t=87302 a=-1571,-3873,213 g=-3,-21,18
WFI t=87352 a=-1573,-3863,225 g=6,1,15
WFI t=87401 a=-1571,-3873,214 g=0,-19,4
WFI t=87451 a=-1578,-3892,246 g=-7,-14,-2
WFI t=87502 a=-1562,-3873,209 g=7,13,-3
WFI t=87551 a=-1545,-3878,210 g=1,9,-32
WFI t=87601 a=-1591,-3841,287 g=-19,0,-63
WFI t=87652 a=-1619,-3880,182 g=7,-18,10
WFI t=87701 a=-1570,-3872,208 g=-12,-28,17
WFI t=87751 a=-1560,-3878,218 g=7,5,2
WFI t=87802 a=-1575,-3910,265 g=-6,-11,-17
WFI t=87851 a=-1546,-3879,215 g=9,46,-22
WFI t=87902 a=-1589,-3864,213 g=4,18,-44
WFI t=87952 a=-1621,-3874,227 g=-4,-12,-2
WFI t=88001 a=-1559,-3889,229 g=-12,-60,36
WFI t=88051 a=-1530,-3900,249 g=-6,14,7
WFI t=88102 a=-1558,-3873,202 g=-4,-2,-28
WFI t=88151 a=-1583,-3872,235 g=-5,-13,-12
WFI t=88201 a=-1559,-3903,256 g=-9,-27,5
WFI t=88252 a=-1569,-3870,202 g=-4,8,-13
WFR t=88298 src=bms type=0x02 len=129 data=d2037c0eeb0eea0eeb0eeb0eeb0eea0eeb0eeb0eea0eea0eeb0eec0eee0eee0eef0eee0eef0eef0ef00ef00ef00ef00ef10ef00eef0ef00ef00ef00000000000000000003d0000000000000000000000000000042e753002ae0ef10eea003d003d00000157001c0001001d0000000100010eed000700000000000000000000cf27
WFI t=88302 a=-1602,-3877,237 g=-3,5,-7
WFI t=88377 a=-1556,-3862,226 g=-3,-28,4
WFI t=88461 a=-1568,-3873,216 g=-3,8,-14
WFI t=88463 a=-1572,-3868,217 g=-2,12,-14
WFI t=88501 a=-1575,-3875,216 g=-2,7,-11
WFI t=88552 a=-1588,-3875,214 g=-1,-16,-2
WFI t=88601 a=-1557,-3872,238 g=0,-17,10
WFI t=88651 a=-1555,-3903,228 g=-4,4,-20
WFI t=88701 a=-1587,-3870,199 g=-4,14,-15
WFI t=88751 a=-1593,-3864,213 g=-3,-23,3
WFI t=88801 a=-1561,-3854,208 g=-2,6,17
WFI t=88851 a=-1557,-3877,226 g=1,-7,-4
WFI t=88901 a=-1581,-3861,243 g=2,4,-25
WFI t=88952 a=-1596,-3885,210 g=2,-12,-4
WFI t=89001 a=-1566,-3892,222 g=-1,-3,-6
WFI t=89051 a=-1558,-3858,226 g=5,15,-21
WFI t=89102 a=-1609,-3876,225 g=-3,-22,-1
WFI t=89152 a=-1572,-3859,208 g=-7,-3,16
WFI t=89201 a=-1571,-3871,232 g=-1,-15,0
WFI t=89251 a=-1577,-3869,223 g=-1,0,-8
WFR t=89288 src=bms type=0x02 len=129 data=d2037c0eeb0eea0eeb0eeb0eeb0eea0eeb0eeb0ee90eea0eeb0eec0eee0eee0eef0eee0eef0eef0ef00ef00ef00ef00ef10ef10eef0ef00ef00ef00000000000000000003d0000000000000000000000000000042e753002ae0ef10ee9003d003d00000157001c0001001d0000000100010eed0008000000000000000000001bd0
WFI t=89302 a=-1576,-3884,253 g=3,6,-21
WFI t=89351 a=-1588,-3868,215 g=2,3,-13
WFI t=89401 a=-1585,-3871,220 g=-5,-11,0
WFI t=89451 a=-1580,-3870,210 g=-2,1,5
WFI t=89501 a=-1596,-3884,229 g=-1,-7,5
WFI t=89552 a=-1580,-3872,214 g=7,4,5
WFI t=89601 a=-1570,-3885,215 g=1,2,-3
WFI t=89651 a=-1595,-3867,229 g=-2,0,-12
WFI t=89701 a=-1599,-3869,218 g=-3,-7,0
WFI t=89752 a=-1590,-3874,234 g=-1,-9,16
WFI t=89801 a=-1579,-3886,227 g=0,-2,8
WFI t=89852 a=-1575,-3858,216 g=6,-8,-2
WFI t=89901 a=-1566,-3861,216 g=0,6,-15
WFI t=89951 a=-1578,-3871,214 g=-7,1,-29
WFI t=90001 a=-1580,-3876,231 g=-2,-3,-34
WFI t=90051 a=-1600,-3883,254 g=2,8,-18
WFI t=90101 a=-1572,-3884,213 g=-3,0,-2
WFI t=90151 a=-1544,-3872,224 g=0,17,-18
WFI t=90201 a=-1564,-3869,239 g=2,16,-30
WFI t=90251 a=-1627,-3877,222 g=-4,-21,2
WFR t=90293 src=bms type=0x02 len=129 data=d2037c0eeb0eea0eeb0eeb0eeb0eea0eeb0eeb0ee90eea0eeb0eec0eee0eee0eef0eed0eef0eef0ef00ef00ef00ef00ef10ef00eee0ef00ef00ef00000000000000000003d0000000000000000000000000000042d753002ae0ef10ee9003d003d00000157001c0001001d0000000100010eed000800000000000000000000735f
WFI t=90302 a=-1599,-3851,222 g=-2,-21,50
WFI t=90385 a=-1539,-3875,238 g=7,-11,41
WFI t=90469 a=-1577,-3874,239 g=-8,-7,-41
WFI t=90472 a=-1577,-3874,239 g=-8,-7,-41
WFI t=90501 a=-1577,-3864,209 g=3,28,-52
WFI t=90551 a=-1589,-3874,216 g=0,38,-65
WFI t=90602 a=-1646,-3882,254 g=-1,20,-40
WFI t=90651 a=-1594,-3887,241 g=-4,-58,43
WFI t=90701 a=-1572,-3879,258 g=-2,-33,49
WFI t=90752 a=-1570,-3853,171 g=4,-10,30
WFI t=90801 a=-1555,-3878,254 g=-16,-10,-11
WFI t=90851 a=-1554,-3868,233 g=5,17,-43
WFI t=90902 a=-1570,-3889,221 g=-4,12,-62
WFI t=90951 a=-1627,-3864,212 g=7,30,-33
WFI t=91001 a=-1604,-3879,204 g=1,-21,14
WFI t=91052 a=-1577,-3871,255 g=-12,-20,36
WFI t=91101 a=-1578,-3886,226 g=13,-16,37
WFI t=91151 a=-1561,-3876,225 g=1,-3,10
WFI t=91202 a=-1571,-3857,203 g=-7,1,-27
WFI t=91251 a=-1578,-3872,244 g=0,16,-42
WFT t=91277 batt_mv=4186 rssi_mcu=0 rssi_bms=-81 mcu=0 bms=72 dropped=0
WFR t=91298 src=bms type=0x02 len=129 data=d2037c0eeb0eea0eeb0eeb0eeb0eea0eeb0eeb0ee90eea0eeb0eec0eee0eef0eef0eed0eef0eef0ef00ef00ef00ef00ef10ef10eef0ef00ef00ef00000000000000000003d0000000000000000000000000000042d753002ae0ef10ee9003d003d00000157001c0001001d0000000100010eed000800000000000000000000d40f
WFI t=91302 a=-1581,-3871,220 g=0,7,-35
WFI t=91352 a=-1596,-3885,221 g=9,-7,-11
WFI t=91401 a=-1588,-3879,195 g=-13,-17,6
WFI t=91451 a=-1601,-3887,230 g=1,-10,22
WFI t=91502 a=-1548,-3872,247 g=3,-6,26
WFI t=91551 a=-1558,-3885,227 g=-6,-11,-5
WFI t=91601 a=-1579,-3883,215 g=2,3,-32
WFI t=91652 a=-1592,-3876,219 g=-3,20,-37
WFI t=91701 a=-1600,-3876,245 g=6,20,-23
WFI t=91751 a=-1583,-3873,242 g=-2,-27,15
WFI t=91802 a=-1589,-3885,230 g=-5,-19,27
WFI t=91851 a=-1568,-3860,189 g=7,-3,19
WFI t=91901 a=-1562,-3879,219 g=0,-6,-3
WFI t=91952 a=-1571,-3866,226 g=0,-4,-19
WFI t=92001 a=-1575,-3886,243 g=0,10,-23
WFI t=92051 a=-1578,-3871,215 g=1,14,-28
WFI t=92102 a=-1623,-3861,224 g=-1,9,-27
WFI t=92151 a=-1596,-3874,230 g=-3,-27,16
WFI t=92201 a=-1558,-3869,248 g=-5,-15,30
WFI t=92252 a=-1571,-3863,199 g=9,-23,9
WFI t=92301 a=-1562,-3863,230 g=-11,-9,4
WFR t=92303 src=bms type=0x02 len=129 data=d2037c0eeb0eea0eeb0eea0eeb0eea0eeb0eeb0eea0eea0eeb0eec0eee0eee0eef0eee0eef0eef0ef00ef00ef00ef10ef10ef00eee0ef00ef00ef00000000000000000003d0000000000000000000000000000042e753002ae0ef10eea003d003d00000157001c0001001d0000000100010eed000700000000000000000000b4b0
WFI t=92381 a=-1566,-3869,216 g=-3,12,-32
WFI t=92403 a=-1569,-3878,231 g=-5,9,-37
WFI t=92471 a=-1611,-3887,213 g=8,19,-30
WFI t=92560 a=-1578,-3868,229 g=-7,6,15
WFI t=92562 a=-1564,-3869,235 g=-13,8,14
WFI t=92602 a=-1553,-3875,240 g=-3,-23,13
WFI t=92651 a=-1580,-3881,223 g=6,2,11
WFI t=92702 a=-1567,-3867,195 g=7,-11,-13
WFI t=92751 a=-1564,-3874,225 g=-15,10,-34
WFI t=92801 a=-1606,-3876,244 g=3,5,-22
WFI t=92852 a=-1583,-3880,229 g=-3,-21,23
WFI t=92901 a=-1566,-3858,240 g=-6,-28,12
WFI t=92951 a=-1585,-3867,187 g=-1,-9,2
WFI t=93002 a=-1552,-3887,248 g=-2,11,-9
WFI t=93051 a=-1558,-3862,215 g=5,4,-29
WFI t=93106 a=-1603,-3902,235 g=0,16,-21
WFI t=93151 a=-1580,-3851,193 g=-3,-13,4
WFI t=93202 a=-1578,-3875,246 g=-2,-3,4
WFI t=93251 a=-1589,-3868,222 g=-6,-14,-4
WFI t=93302 a=-1593,-3881,238 g=-5,-15,5
WFI t=93351 a=-1592,-3884,217 g=13,0,2
WFR t=93353 src=bms type=0x02 len=129 data=d2037c0eeb0eea0eeb0eea0eeb0eea0eeb0eeb0eea0eea0eeb0eec0eee0eee0eef0eee0eef0eef0ef10ef00ef00ef00ef00ef10eee0ef00ef00ef00000000000000000003d0000000000000000000000000000042d753002ae0ef10ee9003d003d00000157001c0001001d0000000100010eed0008000000000000000000002f2d
WFI t=93401 a=-1573,-3874,203 g=-17,-15,-9
WFI t=93452 a=-1574,-3872,254 g=-3,-3,-15
WFI t=93501 a=-1569,-3868,240 g=-4,7,-12
WFI t=93551 a=-1570,-3887,208 g=4,7,-14
WFI t=93602 a=-1594,-3888,199 g=-1,0,-25
WFI t=93651 a=-1606,-3884,239 g=-1,-12,4
WFI t=93701 a=-1565,-3857,220 g=0,3,17
WFI t=93752 a=-1569,-3886,231 g=-11,-23,5
WFI t=93801 a=-1561,-3859,228 g=7,13,-5
WFI t=93851 a=-1562,-3867,207 g=-4,5,-40
WFI t=93902 a=-1630,-3872,243 g=-1,1,-20
WFI t=93951 a=-1567,-3883,225 g=-5,-48,24
WFI t=94001 a=-1555,-3895,252 g=-6,-5,15
WFI t=94052 a=-1577,-3866,186 g=0,-17,-14
WFI t=94101 a=-1571,-3916,266 g=1,3,-18
WFI t=94152 a=-1549,-3872,195 g=3,22,-10
WFI t=94202 a=-1595,-3871,257 g=-4,6,-21
WFI t=94251 a=-1593,-3882,222 g=-2,-15,9
WFI t=94301 a=-1585,-3881,226 g=-6,-7,21
WFI t=94352 a=-1562,-3884,232 g=11,-2,2
WFR t=94358 src=bms type=0x02 len=129 data=d2037c0eeb0eea0eeb0eeb0eeb0eea0eeb0eeb0eea0eea0eeb0eec0eee0eee0eef0eed0eef0eef0ef00ef00ef00ef00ef10ef10eef0ef00ef00ef00000000000000000003d0000000000000000000000000000042e753002ae0ef10eea003d003d00000157001c0001001d0000000100010eed0007000000000000000000001c56
WFI t=94486 a=-1575,-3858,185 g=2,13,-34
WFI t=94632 a=-1587,-3861,203 g=0,-14,7
WFI t=94634 a=-1549,-3887,262 g=0,-5,2
WFI t=94636 a=-1549,-3887,262 g=0,-5,2
WFI t=94638 a=-1549,-3887,262 g=0,-5,2
WFI t=94652 a=-1572,-3871,213 g=4,6,0
WFI t=94701 a=-1569,-3884,230 g=0,4,-16
WFI t=94751 a=-1583,-3874,216 g=-3,1,-16
WFI t=94802 a=-1595,-3875,211 g=-3,-1,-10
WFI t=94851 a=-1578,-3868,229 g=-1,-13,3
WFI t=94901 a=-1568,-3872,219 g=-7,-14,0
WFI t=94952 a=-1574,-3881,223 g=-6,-3,-1
WFI t=95001 a=-1560,-3860,203 g=-2,12,-18
WFI t=95051 a=-1576,-3872,235 g=-3,9,-11
WFI t=95102 a=-1574,-3876,216 g=-1,-13,-9
WFI t=95151 a=-1588,-3876,227 g=1,-7,11
WFI t=95201 a=-1564,-3873,226 g=-8,-16,-11
WFI t=95252 a=-1572,-3891,206 g=1,28,-13
WFI t=95301 a=-1594,-3867,210 g=-2,-9,-11
WFI t=95351 a=-1589,-3891,232 g=2,-14,12
WFR t=95378 src=bms type=0x02 len=129 data=d2037c0eea0eea0eeb0eea0eeb0eea0eeb0eeb0eea0eea0eeb0eec0eee0eee0eef0eed0eef0eef0ef00ef00ef00ef00ef10ef00eee0ef00ef00ef00000000000000000003d0000000000000000000000000000042d753002ae0ef10eea003d003d00000157001c0001001d0000000100010eed0007000000000000000000007096
WFI t=95402 a=-1568,-3858,213 g=-10,-11,1
WFI t=95451 a=-1576,-3876,227 g=-2,8,-11
WFI t=95501 a=-1572,-3867,216 g=-2,8,-15
WFI t=95552 a=-1582,-3865,225 g=-2,-9,0
WFI t=95601 a=-1562,-3880,218 g=2,-4,0
WFI t=95651 a=-1566,-3882,224 g=1,10,-12
WFI t=95701 a=-1591,-3894,207 g=2,-3,-13
WFI t=95751 a=-1577,-3876,230 g=-5,-5,1
WFI t=95801 a=-1574,-3876,218 g=-7,-17,-9
WFI t=95852 a=-1586,-3877,232 g=-4,-4,3
WFI t=95901 a=-1555,-3872,210 g=-5,-12,-9
WFI t=95951 a=-1576,-3874,230 g=5,12,-8
WFI t=96001 a=-1584,-3885,220 g=0,-4,-10
WFI t=96051 a=-1580,-3877,227 g=3,-1,1
WFI t=96101 a=-1581,-3878,227 g=-6,-8,-13
WFI t=96151 a=-1585,-3889,234 g=-1,-8,3
WFI t=96201 a=-1576,-3870,205 g=-2,-13,6
WFI t=96251 a=-1561,-3881,232 g=2,4,0
WFI t=96302 a=-1581,-3849,198 g=-6,-10,-22
WFI t=96351 a=-1598,-3873,229 g=2,15,-5
WFT t=96362 batt_mv=4184 rssi_mcu=0 rssi_bms=-77 mcu=0 bms=77 dropped=0
WFR t=96368 src=bms type=0x02 len=129 data=d2037c0eeb0eea0eeb0eeb0eeb0eea0eeb0eeb0ee90eea0eeb0eec0eee0eee0eef0eed0eef0eef0ef00ef00ef00ef00ef10ef00eee0ef00ef00ef00000000000000000003d0000000000000000000000000000042d753002ae0ef10ee9003d003d00000157001c0001001d0000000100010eed000800000000000000000000735f
WFI t=96481 a=-1559,-3897,219 g=-6,-12,-3
WFI t=96497 a=-1576,-3879,210 g=-6,-16,-8
WFI t=96501 a=-1589,-3881,209 g=-6,-15,-4
WFI t=96551 a=-1578,-3861,220 g=-2,22,-4
WFI t=96602 a=-1579,-3882,221 g=-3,-7,-11
WFI t=96651 a=-1590,-3874,222 g=-1,-2,-10
WFI t=96701 a=-1588,-3858,209 g=-11,-22,0
WFI t=96752 a=-1561,-3873,221 g=-5,0,0
WFI t=96801 a=-1563,-3874,213 g=-3,-2,-11
WFI t=96851 a=-1580,-3874,237 g=-2,8,-15
WFI t=96901 a=-1575,-3886,223 g=-9,-10,-4
WFI t=96951 a=-1568,-3876,222 g=-3,-5,1
WFI t=97001 a=-1575,-3876,208 g=-9,-3,-10
WFI t=97051 a=-1553,-3869,223 g=3,10,-8
WFI t=97101 a=-1577,-3877,219 g=-3,-2,-9
WFI t=97151 a=-1586,-3869,224 g=-6,-12,3
WFI t=97202 a=-1564,-3880,217 g=-2,-13,2
WFI t=97251 a=-1560,-3873,219 g=2,1,-5
WFI t=97301 a=-1558,-3880,223 g=2,-1,1
WFI t=97352 a=-1575,-3890,236 g=-1,-3,-2
WFR t=97373 src=bms type=0x02 len=129 data=d2037c0eea0eea0eeb0eeb0eeb0eea0eeb0eeb0ee90eea0eeb0eec0eee0eef0eef0eee0eef0eef0ef10ef00ef00ef00ef10ef10eef0ef00ef00ef00000000000000000003d0000000000000000000000000000042e753002ae0ef10ee9003d003d00000157001c0001001d0000000100010eed0008000000000000000000003b43
WFI t=97401 a=-1581,-3884,208 g=1,-3,-10
WFI t=97451 a=-1582,-3873,225 g=-9,-8,-15
WFI t=97501 a=-1570,-3885,234 g=-2,-8,4
WFI t=97551 a=-1564,-3895,218 g=-2,-5,-13
WFI t=97601 a=-1587,-3881,222 g=-3,4,-14
WFI t=97651 a=-1571,-3884,216 g=-3,7,-5
WFI t=97701 a=-1588,-3880,231 g=-3,-17,-1
WFI t=97751 a=-1568,-3871,211 g=-2,4,1
WFI t=97801 a=-1575,-3873,229 g=-3,2,-10
WFI t=97851 a=-1580,-3873,211 g=3,2,-12
WFI t=97901 a=-1583,-3890,221 g=-5,-11,-2
WFI t=97951 a=-1561,-3875,202 g=-5,-1,-2
WFI t=98001 a=-1571,-3877,223 g=-6,4,-9
WFI t=98051 a=-1586,-3870,221 g=2,-1,-12
WFI t=98101 a=-1568,-3885,224 g=5,0,1
WFI t=98152 a=-1564,-3874,223 g=-4,-13,-13
WFI t=98201 a=-1587,-3874,213 g=5,-3,11
WFI t=98251 a=-1546,-3877,237 g=-1,-6,3
WFI t=98301 a=-1563,-3868,195 g=-5,7,-14
WFI t=98351 a=-1586,-3888,253 g=1,8,-8
WFR t=98413 src=bms type=0x02 len=129 data=d2037c0eeb0eea0eeb0eea0eeb0eea0eeb0eeb0eea0eea0eeb0eec0eef0eee0eef0eee0eef0eef0ef00ef00ef00ef00ef10ef10eef0ef00ef00ef00000000000000000003d0000000000000000000000000000042e753002ae0ef10eea003d003d00000157001c0001001d0000000100010eed00070000000000000000000087c8
WFI t=98492 a=-1564,-3893,227 g=-5,-8,-9
WFI t=98508 a=-1590,-3873,208 g=1,-3,1
WFI t=98510 a=-1592,-3881,214 g=-6,-25,3
WFI t=98551 a=-1571,-3871,224 g=-3,-18,15
WFI t=98601 a=-1571,-3870,235 g=-3,-20,14
WFI t=98651 a=-1552,-3872,212 g=2,-2,2
WFI t=98701 a=-1560,-3877,228 g=-2,-10,-18
WFI t=98751 a=-1576,-3881,255 g=-4,17,-22
WFI t=98801 a=-1584,-3864,197 g=-2,-8,-22
WFI t=98851 a=-1583,-3884,246 g=-3,1,-4
WFI t=98901 a=-1575,-3873,226 g=-1,-21,-3
WFI t=98951 a=-1585,-3867,224 g=4,2,-2
WFI t=99001 a=-1586,-3887,222 g=-6,-3,-11
WFI t=99051 a=-1568,-3873,213 g=-1,-5,-3
WFI t=99101 a=-1569,-3881,221 g=-4,-3,-9
WFI t=99151 a=-1572,-3867,218 g=-1,8,-8
WFI t=99201 a=-1580,-3885,217 g=-4,-16,0
WFI t=99251 a=-1576,-3867,203 g=1,-5,3
WFI t=99301 a=-1579,-3885,227 g=-5,-6,-9
WFI t=99351 a=-1574,-3887,223 g=4,12,-5
WFR t=99383 src=bms type=0x02 len=129 data=d2037c0eeb0eea0eeb0eeb0eeb0eea0eeb0eeb0eea0eea0eeb0eec0eee0eef0eef0eed0eef0eef0ef00ef00ef00ef00ef10ef10eef0ef00ef00ef00000000000000000003d0000000000000000000000000000042e753002ae0ef10eea003d003d00000157001c0001001d0000000100010eed00070000000000000000000006bb
WFI t=99401 a=-1585,-3872,224 g=-5,-18,-9
WFI t=99451 a=-1581,-3867,235 g=-2,-6,10
WFI t=99501 a=-1579,-3870,210 g=7,-9,18
WFI t=99551 a=-1578,-3866,225 g=-4,-13,15
WFI t=99601 a=-1591,-3866,233 g=-5,-4,3
WFI t=99651 a=-1572,-3864,220 g=-2,7,-18
WFI t=99701 a=-1574,-3871,215 g=-16,1,-42
WFI t=99751 a=-1626,-3882,246 g=-2,20,-41
WFI t=99801 a=-1588,-3879,214 g=0,-6,12
WFI t=99851 a=-1562,-3871,222 g=-6,-16,0
WFI t=99901 a=-1587,-3873,215 g=0,-23,-7
WFI t=99951 a=-1592,-3865,254 g=-3,-1,16
WFI t=100002 a=-1560,-3868,213 g=13,15,-1
WFI t=100051 a=-1574,-3870,208 g=-20,-18,-21
WFI t=100101 a=-1581,-3883,237 g=7,13,-16
WFI t=100151 a=-1550,-3865,213 g=-5,8,-10
WFI t=100201 a=-1554,-3876,214 g=7,26,-3
WFI t=100251 a=-1586,-3879,209 g=-9,-12,-16
WFI t=100301 a=-1599,-3885,234 g=1,-18,19
WFI t=100351 a=-1553,-3859,214 g=-7,-20,22
WFR t=100422 src=bms type=0x02 len=129 data=d2037c0eeb0eea0eeb0eeb0eeb0eea0eeb0eeb0ee90eea0eeb0eec0eef0eee0eef0eed0eef0ef00ef00ef00ef00ef00ef10ef10eef0ef00ef00ef00000000000000000003d0000000000000000000000000000042e753002ae0ef10ee9003d003d00000157001c0001001d0000000100010eed000800000000000000000000a71e
WFI t=100496 a=-1541,-3871,230 g=-4,-6,-20
WFI t=100511 a=-1584,-3895,225 g=9,15,-15
WFI t=100514 a=-1584,-3895,225 g=9,15,-15
WFI t=100551 a=-1571,-3880,213 g=1,1,-17
WFI t=100601 a=-1587,-3878,218 g=3,-13,3
WFI t=100651 a=-1585,-3872,211 g=-9,-17,18
WFI t=100701 a=-1575,-3879,241 g=6,0,18
WFI t=100751 a=-1567,-3868,199 g=-11,-10,-4
WFI t=100801 a=-1559,-3882,243 g=-7,-2,-32
WFI t=100851 a=-1593,-3882,215 g=5,29,-40
WFI t=100901 a=-1612,-3881,228 g=-5,-6,1
WFI t=100951 a=-1549,-3879,213 g=-1,-15,5
WFI t=101001 a=-1584,-3874,237 g=-6,-19,4
WFI t=101051 a=-1591,-3878,234 g=1,-5,13
WFI t=101101 a=-1577,-3881,210 g=3,1,7
WFI t=101151 a=-1562,-3873,211 g=-6,-4,-16
WFI t=101201 a=-1580,-3878,238 g=2,-1,-23
WFI t=101251 a=-1589,-3877,217 g=3,10,-12
WFI t=101320 a=-1584,-3871,218 g=0,2,-9
WFI t=101351 a=-1568,-3858,220 g=-4,-8,-3
WFT t=101387 batt_mv=4184 rssi_mcu=0 rssi_bms=-77 mcu=0 bms=82 dropped=0
WFR t=101394 src=bms type=0x02 len=129 data=d2037c0eeb0eea0eeb0eeb0eeb0eeb0eeb0eeb0eea0eea0eeb0eec0eee0eef0eef0eed0eef0eef0ef00ef00ef00ef00ef10ef10eee0ef00ef00ef00000000000000000003d0000000000000000000000000000042d753002ae0ef10eea003d003d00000157001c0001001d0000000100010eed0007000000000000000000001b63
WFI t=101401 a=-1564,-3879,229 g=-8,-12,6
WFI t=101451 a=-1569,-3891,229 g=4,3,4
WFI t=101501 a=-1572,-3868,208 g=3,0,-10
WFI t=101552 a=-1577,-3873,231 g=-10,-10,-14
WFI t=101601 a=-1573,-3876,231 g=1,-4,-9
WFI t=101651 a=-1570,-3877,224 g=-7,-3,-7
WFI t=101701 a=-1578,-3869,223 g=-6,11,-11
WFI t=101751 a=-1599,-3875,223 g=-3,-2,-8
WFI t=101801 a=-1549,-3883,230 g=-3,-14,5
WFI t=101851 a=-1563,-3888,227 g=-3,4,-4
WFI t=101901 a=-1584,-3870,220 g=-2,4,-13
WFI t=101951 a=-1578,-3869,209 g=-2,-6,-3
WFI t=102039 a=-1574,-3868,232 g=-4,-7,-4
WFI t=102105 a=-1565,-3875,222 g=-1,3,-4
WFI t=102107 a=-1578,-3886,234 g=-2,7,-5
WFI t=102151 a=-1581,-3878,225 g=-4,4,-15
WFI t=102201 a=-1606,-3876,214 g=-2,-19,-1
WFI t=102251 a=-1584,-3874,241 g=-6,-8,12
WFI t=102301 a=-1571,-3861,212 g=9,6,18
WFI t=102352 a=-1579,-3866,199 g=-4,-19,-1
WFI t=102425 a=-1581,-3876,214 g=-4,7,-20
WFR t=102430 src=bms type=0x02 len=129 data=d2037c0eeb0eea0eeb0eeb0eeb0eea0eeb0eeb0ee90eea0eeb0eec0eee0eee0eef0eee0eef0eef0ef00ef00ef00ef00ef10ef00eef0ef00ef00ef00000000000000000003d0000000000000000000000000000042d753002ae0ef10ee9003d003d00000157001c0001001d0000000100010eed0008000000000000000000001d93
WFI t=102453 a=-1565,-3891,223 g=-4,14,-26
WFI t=102576 a=-1594,-3871,228 g=6,22,-37
WFI t=102591 a=-1596,-3881,213 g=0,-31,15
WFI t=102602 a=-1574,-3872,209 g=-4,-29,18
WFI t=102651 a=-1554,-3874,241 g=-7,-13,8
WFI t=102701 a=-1564,-3866,192 g=2,-2,-4
WFI t=102751 a=-1561,-3888,246 g=-6,8,-22
WFI t=102802 a=-1586,-3867,208 g=-3,13,-23
WFI t=102852 a=-1601,-3879,209 g=-2,-14,-1
WFI t=102901 a=-1557,-3871,220 g=-8,-7,4
WFI t=102951 a=-1569,-3869,220 g=2,-7,-1
WFI t=103001 a=-1560,-3871,226 g=-2,-4,-3
WFI t=103052 a=-1566,-3879,217 g=-1,9,-16
WFI t=103101 a=-1600,-3874,208 g=0,0,-15
WFI t=103151 a=-1587,-3886,227 g=-2,-20,10
WFI t=103201 a=-1559,-3878,227 g=-7,-2,1
WFI t=103252 a=-1576,-3873,213 g=1,-6,-12
WFI t=103301 a=-1575,-3886,228 g=0,14,-11
WFI t=103352 a=-1581,-3862,219 g=2,3,-20
WFI t=103401 a=-1596,-3883,212 g=1,-6,1
WFR t=103434 src=bms type=0x02 len=129 data=d2037c0eeb0eea0eeb0eeb0eeb0eea0eeb0eeb0eea0eeb0eeb0eec0eee0eee0eef0eed0eef0eef0ef00ef00ef00ef00ef00ef00eee0ef00ef00ef00000000000000000003d0000000000000000000000000000042d753002ae0ef10eea003d003d00000157001c0001001d0000000100010eed000700000000000000000000aaf4
WFI t=103452 a=-1573,-3876,221 g=-7,-34,10
WFI t=103502 a=-1557,-3882,225 g=5,19,-4
WFI t=103551 a=-1570,-3885,218 g=-4,6,-24
WFI t=103601 a=-1585,-3871,209 g=-5,8,-9
WFI t=103652 a=-1587,-3883,220 g=-5,-23,2
WFI t=103701 a=-1558,-3874,208 g=-2,-3,3
WFI t=103751 a=-1585,-3881,225 g=-9,-8,-7
WFI t=103802 a=-1560,-3878,228 g=-2,6,-9
WFI t=103852 a=-1586,-3877,220 g=-4,2,-19
WFI t=103901 a=-1587,-3874,215 g=4,-1,-1
WFI t=103951 a=-1580,-3880,219 g=-3,-19,-2
WFI t=104001 a=-1564,-3870,216 g=6,-3,9
WFI t=104051 a=-1575,-3885,228 g=-3,-9,-15
WFI t=104101 a=-1581,-3868,213 g=1,18,-11
WFI t=104151 a=-1588,-3875,212 g=-9,-15,-9
WFI t=104201 a=-1567,-3886,224 g=2,-5,2
WFI t=104252 a=-1581,-3877,217 g=-1,-3,-5
WFI t=104301 a=-1590,-3872,214 g=0,-1,-4
WFI t=104351 a=-1575,-3881,218 g=0,-4,-8
WFI t=104401 a=-1581,-3877,210 g=-2,-1,-5
WFR t=104536 src=bms type=0x02 len=129 data=d2037c0eeb0eea0eeb0eeb0eeb0eea0eeb0eeb0ee90eea0eeb0eec0eee0eee0eef0eee0eef0eef0ef00ef00ef00ef00ef10ef00eef0ef00ef00ef00000000000000000003d0000000000000000000000000000042d753002ae0ef10ee9003d003d00000157001c0001001d0000000100010eed0008000000000000000000001d93
WFI t=104537 a=-1575,-3873,219 g=-1,-8,-11
WFI t=104540 a=-1575,-3873,219 g=-1,-8,-11
WFI t=104551 a=-1571,-3883,212 g=-2,-8,-11
WFI t=104601 a=-1576,-3886,223 g=1,-1,-1
WFI t=104651 a=-1559,-3880,224 g=0,-1,-6
WFI t=104701 a=-1596,-3890,225 g=-5,-4,-7
WFI t=104752 a=-1563,-3867,219 g=1,-5,2
WFI t=104801 a=-1586,-3883,224 g=-8,-7,-16
WFI t=104851 a=-1563,-3870,218 g=5,19,-1
WFI t=104901 a=-1574,-3868,214 g=-7,-6,-19
WFI t=104951 a=-1599,-3887,214 g=-1,-17,11
WFI t=105001 a=-1555,-3866,210 g=-5,-2,18
WFI t=105051 a=-1555,-3894,231 g=-1,0,-24
WFI t=105101 a=-1597,-3867,220 g=3,22,-28
WFI t=105151 a=-1590,-3875,226 g=-11,-24,9
WFI t=105202 a=-1554,-3879,221 g=0,-2,3
WFI t=105251 a=-1576,-3877,223 g=2,14,-22
WFI t=105302 a=-1612,-3886,207 g=-6,-23,2
WFI t=105351 a=-1560,-3858,198 g=-2,16,16
WFI t=105401 a=-1572,-3872,223 g=-8,-15,-21
WFI t=105451 a=-1576,-3884,225 g=4,36,-21
WFR t=105459 src=bms type=0x02 len=129 data=d2037c0eeb0eea0eeb0eeb0eeb0eea0eeb0eeb0ee90eeb0eeb0eec0eee0eef0eef0eed0eef0eef0ef00ef00ef00ef00ef10ef00eef0ef00ef00ef00000000000000000003d0000000000000000000000000000042e753002ae0ef10ee9003d003d00000157001c0001001d0000000100010eed0008000000000000000000006e31
WFI t=105502 a=-1595,-3854,229 g=-7,-32,-7
WFI t=105551 a=-1552,-3866,208 g=4,8,13
WFI t=105602 a=-1576,-3867,226 g=-13,-27,-9
WFI t=105652 a=-1556,-3868,205 g=1,9,-6
WFI t=105701 a=-1574,-3874,213 g=-5,-11,-12
WFI t=105751 a=-1571,-3870,208 g=5,-11,7
WFI t=105802 a=-1565,-3896,237 g=-3,7,4
WFI t=105851 a=-1544,-3874,208 g=9,15,-27
WFI t=105902 a=-1618,-3893,232 g=-2,7,-30
WFI t=105952 a=-1571,-3864,200 g=3,-25,32
WFI t=106001 a=-1560,-3876,231 g=-18,-40,28
WFI t=106052 a=-1539,-3902,235 g=10,0,14
WFI t=106102 a=-1547,-3862,215 g=-11,2,-34
WFI t=106151 a=-1599,-3893,231 g=14,54,-70
WFI t=106202 a=-1629,-3852,181 g=5,16,-24
WFI t=106252 a=-1592,-3877,222 g=1,-43,27
WFI t=106301 a=-1581,-3913,230 g=-17,-14,30
WFI t=106351 a=-1563,-3866,198 g=9,-13,29
WFI t=106402 a=-1542,-3883,202 g=0,21,-15
WFR t=106451 src=bms type=0x02 len=129 data=d2037c0eeb0eea0eeb0eea0eeb0eea0eeb0eec0ee90eea0eeb0eec0eef0eee0eef0eed0eef0eef0ef00ef00ef00ef00ef10ef10eee0ef00ef00ef00000000000000000003d0000000000000000000000000000042d753002ae0ef10eea003d003d00000157001c0001001d0000000100010eed00070000000000000000000072df
WFT t=106462 batt_mv=4176 rssi_mcu=0 rssi_bms=-80 mcu=0 bms=88 dropped=0
WFI t=106524 a=-1554,-3871,216 g=-9,6,-65
WFI t=106539 a=-1633,-3861,218 g=-2,-15,12
WFI t=106552 a=-1564,-3906,235 g=-2,-26,24
WFI t=106602 a=-1558,-3864,195 g=-8,-25,5
WFI t=106652 a=-1585,-3870,196 g=-6,-9,9
WFI t=106702 a=-1543,-3882,250 g=-3,7,-2
WFI t=106751 a=-1557,-3869,206 g=-2,3,-22
WFI t=106801 a=-1600,-3869,214 g=3,-2,-16
WFI t=106852 a=-1572,-3886,213 g=-4,-19,8
WFI t=106901 a=-1547,-3865,238 g=-11,-5,-1
WFI t=106951 a=-1569,-3884,225 g=-3,-3,-9
WFI t=107002 a=-1571,-3882,207 g=6,14,-4
WFI t=107051 a=-1595,-3881,217 g=0,-3,-11
WFI t=107101 a=-1586,-3875,231 g=-5,-13,7
WFI t=107151 a=-1576,-3896,241 g=-4,-10,21
WFI t=107201 a=-1564,-3861,212 g=4,-11,10
WFI t=107252 a=-1546,-3872,207 g=-5,3,-22
WFI t=107302 a=-1600,-3874,242 g=-1,25,-54
WFI t=107351 a=-1601,-3870,225 g=7,9,0
WFI t=107401 a=-1569,-3867,236 g=-4,-26,1
WFI t=107452 a=-1595,-3865,210 g=1,-18,4
WFI t=107501 a=-1589,-3877,211 g=-1,-3,14
WFR t=107514 src=bms type=0x02 len=129 data=d2037c0eeb0eea0eeb0eea0eeb0eea0eeb0eeb0ee90eea0eeb0eec0eef0eef0eef0eee0eef0eef0ef00ef00ef00ef10ef10ef10eef0ef00ef00ef00000000000000000003d0000000000000000000000000000042e753002ae0ef10eea003d003d00000157001c0001001d0000000100010eed0007000000000000000000000baf
WFI t=107551 a=-1566,-3875,223 g=7,2,3
WFI t=107602 a=-1558,-3878,242 g=-5,-6,-16
WFI t=107651 a=-1568,-3874,221 g=-2,-2,-28
WFI t=107701 a=-1597,-3883,214 g=4,18,-16
WFI t=107752 a=-1572,-3881,209 g=-1,5,-7
WFI t=107801 a=-1582,-3883,232 g=-5,-26,6
WFI t=107851 a=-1568,-3858,211 g=-11,-6,19
WFI t=107902 a=-1564,-3874,215 g=8,0,0
WFI t=107951 a=-1570,-3855,190 g=-1,22,-32
WFI t=108001 a=-1622,-3877,248 g=3,16,-33
WFI t=108052 a=-1575,-3889,217 g=0,-13,11
WFI t=108101 a=-1579,-3871,227 g=-3,-17,11
WFI t=108151 a=-1572,-3882,223 g=-1,-6,3
WFI t=108202 a=-1563,-3867,232 g=-3,10,-3
WFI t=108251 a=-1563,-3878,205 g=0,-2,-27
WFI t=108301 a=-1607,-3880,231 g=-1,13,-19
WFI t=108352 a=-1573,-3862,193 g=2,-11,3
WFI t=108401 a=-1572,-3874,224 g=-2,-10,6
WFI t=108464 a=-1574,-3896,233 g=-3,-20,6
WFI t=108545 a=-1558,-3888,217 g=3,10,-25
WFI t=108552 a=-1559,-3886,214 g=2,14,-32
WFI t=108601 a=-1604,-3867,222 g=1,28,-33
WFI t=108652 a=-1605,-3867,232 g=-3,-29,18
WFI t=108701 a=-1556,-3845,220 g=-6,-8,26
WFI t=108751 a=-1570,-3894,226 g=7,-14,2
WFI t=108802 a=-1551,-3886,216 g=-5,13,-17
WFI t=108851 a=-1572,-3874,241 g=5,25,-39
WFI t=108901 a=-1609,-3884,242 g=-2,3,-14
WFI t=108952 a=-1568,-3888,218 g=-4,-23,13
WFI t=109001 a=-1570,-3869,205 g=-6,-22,-3
WFI t=109051 a=-1576,-3883,221 g=2,7,0
WFI t=109101 a=-1572,-3892,218 g=-1,7,-15
WFI t=109151 a=-1563,-3880,226 g=3,18,-17
WFI t=109201 a=-1593,-3879,205 g=-5,-27,-3
WFI t=109251 a=-1563,-3870,210 g=1,-20,16
WFI t=109301 a=-1550,-3902,225 g=1,4,-13
WFI t=109351 a=-1584,-3887,215 g=1,0,-15
WFI t=109402 a=-1599,-3880,213 g=-7,-25,6
WFI t=109451 a=-1553,-3858,223 g=-5,1,10
WFI t=109501 a=-1545,-3878,217 g=9,10,-28
WFI t=109551 a=-1612,-3866,232 g=-9,-4,-15
WFI t=109601 a=-1558,-3864,213 g=3,-24,24
WFI t=109651 a=-1544,-3891,252 g=-4,-12,-5
WFI t=109701 a=-1570,-3862,209 g=0,1,-27
WFI t=109751 a=-1589,-3876,219 g=3,4,3
WFI t=109801 a=-1555,-3868,214 g=4,-9,-4
WFI t=109851 a=-1597,-3896,242 g=-4,-10,-9
WFI t=109911 a=-1561,-3878,226 g=2,-4,5
WFI t=109951 a=-1564,-3885,221 g=-3,5,-17
WFI t=110002 a=-1590,-3883,226 g=-3,-10,0
WFI t=110051 a=-1546,-3880,210 g=-2,-5,1
WFI t=110101 a=-1557,-3869,212 g=-5,25,-29
WFI t=110151 a=-1604,-3869,214 g=-1,-11,-8
WFI t=110201 a=-1548,-3877,227 g=0,-18,20
WFI t=110251 a=-1560,-3899,259 g=-16,-25,0
WFI t=110302 a=-1575,-3878,229 g=-7,-15,-5
WFI t=110351 a=-1548,-3861,201 g=2,8,-15
WFI t=110401 a=-1577,-3866,227 g=-1,19,-21
WFI t=110474 a=-1585,-3881,205 g=-6,-20,-1
WFI t=110603 a=-1574,-3851,197 g=-3,17,21
WFI t=110693 a=-1585,-3870,199 g=8,-13,-22
WFI t=110695 a=-1593,-3843,210 g=-5,-8,-6
WFI t=110697 a=-1593,-3843,210 g=-5,-8,-6
WFI t=110702 a=-1594,-3852,206 g=-5,-5,-10
WFI t=110752 a=-1560,-3870,219 g=8,16,-7
WFI t=110801 a=-1598,-3872,232 g=-12,-8,-13
WFI t=110851 a=-1567,-3880,234 g=3,-13,17
WFI t=110902 a=-1556,-3880,212 g=-4,1,-12
WFI t=110951 a=-1584,-3870,198 g=5,24,-19
WFI t=111001 a=-1586,-3875,231 g=-5,-22,2
WFI t=111052 a=-1542,-3881,220 g=1,-2,9
WFI t=111101 a=-1570,-3873,229 g=-3,0,-20
WFI t=111151 a=-1596,-3884,217 g=4,3,-2
WFI t=111202 a=-1567,-3865,220 g=-7,-14,-6
WFI t=111251 a=-1578,-3883,206 g=-3,7,-11
WFI t=111301 a=-1577,-3867,216 g=-4,-14,4
WFI t=111352 a=-1551,-3873,205 g=2,-4,1
WFI t=111401 a=-1607,-3877,215 g=-8,-2,-13
WFI t=111451 a=-1576,-3879,213 g=-3,-6,2
WFI t=111502 a=-1568,-3873,216 g=-3,19,-23
WFT t=111543 batt_mv=4186 rssi_mcu=0 rssi_bms=-76 mcu=0 bms=89 dropped=0
WFI t=111551 a=-1606,-3884,208 g=-5,-9,-16
WFI t=111601 a=-1579,-3893,225 g=-6,-40,16
WFI t=111652 a=-1536,-3856,205 g=-9,25,2
WFI t=111701 a=-1574,-3856,212 g=0,28,-31
WFI t=111751 a=-1604,-3882,220 g=3,0,5
WFI t=111802 a=-1564,-3887,201 g=-6,-24,-1
WFI t=111851 a=-1584,-3887,231 g=-3,4,1
WFI t=111901 a=-1566,-3871,209 g=-1,-4,12
WFI t=111952 a=-1560,-3883,254 g=-5,-16,1
WFI t=112001 a=-1559,-3871,195 g=2,-4,-24
WFI t=112051 a=-1611,-3910,233 g=-3,13,-30
WFI t=112102 a=-1592,-3875,226 g=-1,-7,19
WFI t=112151 a=-1570,-3872,231 g=-8,-7,4
WFI t=112201 a=-1567,-3873,220 g=5,-17,4
WFI t=112252 a=-1565,-3894,226 g=9,27,-4
WFI t=112301 a=-1569,-3852,171 g=6,9,-29
WFI t=112351 a=-1619,-3901,265 g=-9,16,-42
WFI t=112402 a=-1570,-3877,204 g=-9,-33,23
WFI t=112478 a=-1559,-3888,226 g=6,-12,10
WFI t=112559 a=-1567,-3877,202 g=-21,-10,-21
WFI t=112561 a=-1580,-3877,251 g=-19,-13,-30
WFI t=112601 a=-1554,-3885,219 g=15,34,-27
WFI t=112651 a=-1593,-3883,236 g=-4,2,-32
WFI t=112701 a=-1598,-3875,212 g=0,-17,21
WFI t=112751 a=-1573,-3860,210 g=-9,-26,29
WFI t=112801 a=-1565,-3873,252 g=11,5,10
WFI t=112851 a=-1562,-3870,211 g=-4,10,-8
WFI t=112901 a=-1569,-3868,234 g=-14,-13,-32
WFI t=112951 a=-1612,-3876,219 g=3,30,-23
WFI t=113002 a=-1579,-3880,219 g=-2,-11,-8
WFI t=113051 a=-1577,-3877,221 g=-2,-20,11
WFI t=113101 a=-1558,-3873,218 g=0,-12,7
WFI t=113151 a=-1573,-3892,217 g=2,7,-8
WFI t=113201 a=-1561,-3894,203 g=-4,6,-18
WFI t=113251 a=-1587,-3880,222 g=1,-3,-8
WFI t=113301 a=-1554,-3877,227 g=1,-14,12
WFI t=113351 a=-1571,-3880,237 g=-9,-12,-9
WFI t=113401 a=-1590,-3879,205 g=-4,5,-20
WFI t=113451 a=-1587,-3859,213 g=-1,5,-10
WFI t=113501 a=-1572,-3869,217 g=-3,-17,3
WFI t=113551 a=-1575,-3871,223 g=-3,-8,9
WFI t=113602 a=-1573,-3870,232 g=1,-13,7
WFI t=113651 a=-1580,-3875,221 g=3,-6,12
WFI t=113701 a=-1563,-3870,220 g=-5,-15,1
WFI t=113751 a=-1573,-3876,215 g=0,-1,-13
WFI t=113801 a=-1585,-3865,213 g=-2,3,-21
WFI t=113851 a=-1589,-3871,230 g=-6,3,-17
WFI t=113901 a=-1594,-3881,231 g=-2,-3,-3
WFI t=113951 a=-1585,-3882,234 g=0,-11,16
WFI t=114001 a=-1580,-3877,222 g=3,-5,25
WFI t=114052 a=-1565,-3864,208 g=-2,-14,8
WFI t=114101 a=-1599,-3878,238 g=-9,-6,1
WFI t=114151 a=-1564,-3874,228 g=6,6,-8
WFI t=114201 a=-1569,-3866,221 g=-6,-1,-32
WFI t=114251 a=-1610,-3860,221 g=-1,3,-41
WFI t=114301 a=-1601,-3876,223 g=-8,-1,-11
WFI t=114351 a=-1583,-3893,241 g=9,17,5
WFI t=114401 a=-1581,-3861,224 g=-6,-23,-2
WFI t=114524 a=-1598,-3888,229 g=-2,-6,0
WFI t=114526 a=-1570,-3864,217 g=8,25,3
WFI t=114552 a=-1566,-3882,223 g=-2,7,-2
WFI t=114652 a=-1608,-3877,232 g=-1,-26,-4
WFI t=114654 a=-1600,-3866,225 g=-2,-23,8
WFI t=114701 a=-1579,-3875,221 g=7,11,17
WFI t=114751 a=-1563,-3872,212 g=-9,-8,-3
WFI t=114801 a=-1568,-3880,262 g=-15,-13,-27
WFI t=114851 a=-1583,-3868,225 g=7,17,-27
WFI t=114901 a=-1568,-3872,198 g=2,16,-30
WFI t=114951 a=-1611,-3877,220 g=8,23,-29
WFI t=115001 a=-1592,-3869,244 g=-3,-38,23
WFI t=115051 a=-1569,-3896,269 g=-14,-27,44
WFI t=115101 a=-1566,-3864,199 g=14,-6,21
WFI t=115151 a=-1568,-3861,235 g=-21,-4,-11
WFI t=115201 a=-1575,-3881,238 g=8,15,-29
WFI t=115251 a=-1585,-3876,214 g=-9,9,-24
WFI t=115301 a=-1572,-3895,254 g=4,4,-24
WFI t=115351 a=-1594,-3866,180 g=-3,-8,-19
WFI t=115401 a=-1610,-3902,238 g=-9,-21,14
WFI t=115451 a=-1569,-3849,224 g=4,-9,36
WFI t=115501 a=-1550,-3888,228 g=-5,-26,9
WFI t=115551 a=-1566,-3862,217 g=-6,-3,-28
WFI t=115601 a=-1584,-3873,221 g=-5,18,-38
WFI t=115651 a=-1575,-3901,235 g=0,34,-31
WFI t=115701 a=-1596,-3864,223 g=-7,5,-15
WFI t=115751 a=-1601,-3853,211 g=3,-35,23
WFI t=115801 a=-1597,-3871,220 g=-8,-26,48
WFI t=115851 a=-1556,-3871,230 g=14,2,36
WFI t=115901 a=-1549,-3875,217 g=-19,-29,-5
WFI t=115951 a=-1564,-3893,257 g=0,26,-48
WFI t=116001 a=-1597,-3863,177 g=-1,18,-73
WFI t=116051 a=-1643,-3899,266 g=-2,39,-33
WFI t=116101 a=-1596,-3877,211 g=-2,-43,33
WFI t=116151 a=-1564,-3880,301 g=-8,-30,49
WFI t=116201 a=-1574,-3861,169 g=14,-29,44
WFI t=116251 a=-1537,-3880,240 g=-18,-18,9
WFI t=116302 a=-1546,-3875,214 g=8,27,-54
WFI t=116351 a=-1572,-3885,241 g=-17,16,-94
WFI t=116401 a=-1658,-3867,218 g=19,4,-15
WFI t=116451 a=-1573,-3859,197 g=-23,-18,40
WFI t=116576 a=-1565,-3876,222 g=3,-15,19
WFT t=116577 batt_mv=4168 rssi_mcu=0 rssi_bms=-77 mcu=0 bms=89 dropped=0
WFI t=116578 a=-1577,-3855,212 g=0,-10,16
WFI t=116602 a=-1578,-3884,241 g=-7,-9,17
WFI t=116651 a=-1569,-3868,211 g=8,-9,-10
WFI t=116701 a=-1574,-3879,226 g=-17,12,-34
WFI t=116751 a=-1584,-3861,249 g=-5,12,-56
WFI t=116801 a=-1606,-3874,209 g=6,-6,-8
WFI t=116851 a=-1586,-3851,219 g=-18,-29,23
WFI t=116901 a=-1582,-3877,236 g=7,-17,13
WFI t=116951 a=-1578,-3862,215 g=-5,-12,19
WFI t=117001 a=-1566,-3881,242 g=5,1,9
WFI t=117051 a=-1581,-3871,196 g=-3,-6,-20
WFI t=117101 a=-1581,-3870,235 g=-12,-4,-34
WFI t=117151 a=-1587,-3876,223 g=3,31,-31
WFI t=117201 a=-1595,-3888,234 g=3,28,-28
WFI t=117251 a=-1619,-3866,215 g=-6,-38,12
WFI t=117301 a=-1595,-3870,235 g=-11,-19,26
WFI t=117351 a=-1565,-3879,209 g=18,14,22
WFI t=117401 a=-1557,-3874,234 g=-22,-10,-12
WFI t=117451 a=-1584,-3878,239 g=2,-4,-31
WFI t=117501 a=-1573,-3868,196 g=-8,10,-29
WFI t=117551 a=-1605,-3879,212 g=6,11,-24
WFE t=117581 bms stale, no frame for 10066 ms, dropping link
WFE t=117594 bms link down (stale) after 28 answers in 37669 ms, writes=38 err=0 silent=10 bytes=3612
WFI t=117601 a=-1596,-3892,243 g=-2,-4,0
WFE t=117610 bms disconnected reason=534
WFI t=117652 a=-1588,-3864,218 g=-19,-29,20
WFI t=117702 a=-1576,-3893,227 g=6,-18,26
WFI t=117751 a=-1561,-3872,195 g=-5,-4,7
WFI t=117801 a=-1570,-3876,238 g=-2,-7,-28
WFI t=117851 a=-1573,-3871,225 g=2,20,-26
WFI t=117901 a=-1588,-3864,210 g=1,-8,-21
WFI t=117951 a=-1590,-3880,218 g=0,13,-19
WFI t=118001 a=-1599,-3854,198 g=-3,-17,7
WFI t=118051 a=-1571,-3879,235 g=-6,-2,26
WFI t=118101 a=-1554,-3882,238 g=3,-14,12
WFI t=118151 a=-1574,-3870,226 g=-3,-14,-5
WFI t=118201 a=-1585,-3880,211 g=-8,8,-21
WFI t=118251 a=-1577,-3862,228 g=-3,17,-37
WFI t=118301 a=-1607,-3880,243 g=-5,8,-22
WFI t=118351 a=-1568,-3878,207 g=-5,-24,23
WFI t=118401 a=-1560,-3872,238 g=-5,-22,6
WFI t=118451 a=-1569,-3872,204 g=7,0,-1
WFI t=118567 a=-1567,-3881,232 g=-8,-8,-7
WFI t=118583 a=-1560,-3866,209 g=-1,7,-23
WFI t=118601 a=-1580,-3871,222 g=-6,7,-31
WFI t=118651 a=-1593,-3871,215 g=7,-2,0
WFI t=118701 a=-1582,-3874,221 g=-3,-15,6
WFI t=118751 a=-1570,-3878,234 g=-6,-16,9
WFI t=118801 a=-1571,-3866,218 g=-2,-10,14
WFI t=118851 a=-1555,-3865,223 g=-2,2,-12
WFI t=118901 a=-1557,-3869,230 g=-8,3,-42
WFI t=118951 a=-1618,-3875,226 g=7,-3,-15
WFI t=119001 a=-1556,-3876,225 g=-7,-20,13
WFI t=119051 a=-1580,-3883,233 g=-3,-9,-14
WFI t=119101 a=-1592,-3870,229 g=-5,-25,11
WFI t=119151 a=-1551,-3894,232 g=-2,5,5
WFI t=119201 a=-1569,-3869,216 g=4,1,-21
WFI t=119252 a=-1602,-3886,236 g=-4,15,-22
WFI t=119301 a=-1577,-3882,238 g=2,0,6
WFI t=119351 a=-1566,-3890,245 g=3,-7,-3
WFI t=119401 a=-1584,-3883,224 g=-2,-11,-3
WFI t=119451 a=-1577,-3885,211 g=4,-7,7
WFI t=119501 a=-1585,-3888,237 g=-6,-2,-4
WFI t=119551 a=-1589,-3868,226 g=-3,-4,-17
WFI t=119601 a=-1589,-3865,233 g=-3,-9,-1
WFI t=119651 a=-1558,-3868,214 g=-3,-9,-1
WFI t=119702 a=-1571,-3878,231 g=3,7,-10
WFE t=119715 bms subscribed val=0x0010 cccd=0x0011 ctrl=0x0014 mtu=512 regs=62
WFE t=119716 bms conn itvl=80 latency=0 timeout=600
WFE t=119728 bms reconnected (attempt 3)
WFE t=119733 bms mtu event mtu=512
WFI t=119751 a=-1578,-3878,236 g=2,0,-11
WFI t=119801 a=-1575,-3881,227 g=-4,-3,-1
WFI t=119852 a=-1573,-3870,220 g=-5,-8,-7
WFI t=119901 a=-1582,-3877,227 g=-3,-7,1
WFI t=119951 a=-1574,-3871,215 g=-3,0,-10
WFI t=120001 a=-1587,-3893,236 g=1,0,-10
WFR t=120015 src=bms type=0x02 len=129 data=d2037c0eeb0eea0eeb0eea0eeb0eea0eeb0eeb0ee90eea0eeb0eeb0eee0eef0eef0eed0eef0eef0ef00ef00ef00ef00ef00ef00eee0ef00ef00ef00000000000000000003d0000000000000000000000000000042d753002ae0ef00ee9003d003d00000157001c0001001d0000000100010eed0007000000000000000000009215
WFI t=120067 a=-1573,-3876,215 g=-1,0,-8
WFI t=120101 a=-1579,-3877,235 g=5,1,-10
WFI t=120151 a=-1577,-3881,218 g=-4,-18,5
WFI t=120201 a=-1552,-3874,242 g=-9,-7,-1
WFI t=120251 a=-1574,-3857,232 g=-1,5,-19
WFI t=120301 a=-1572,-3868,218 g=-1,3,-4
WFI t=120351 a=-1564,-3882,227 g=-5,-9,-8
WFI t=120401 a=-1569,-3875,240 g=0,-6,1
WFI t=120451 a=-1550,-3880,235 g=-4,-9,-5
WFI t=120733 a=-1554,-3859,228 g=0,1,0
WFI t=120735 a=-1567,-3871,228 g=0,1,0
WFE t=120735 bms conn update status=0 itvl=12 latency=0 timeout=400
WFI t=120737 a=-1567,-3871,228 g=0,1,0
WFI t=120739 a=-1583,-3867,225 g=3,4,1
WFI t=120751 a=-1574,-3873,225 g=2,3,-1
WFI t=120801 a=-1587,-3872,218 g=-3,-1,-18
WFI t=120851 a=-1583,-3879,230 g=-4,-4,-1
WFI t=120901 a=-1558,-3867,227 g=-2,-7,1
WFR t=120950 src=bms type=0x02 len=129 data=d2037c0eea0eea0eeb0eea0eea0eea0eeb0eeb0ee90eea0eeb0eec0eee0eee0eef0eed0eef0eef0ef00ef00ef00ef00ef00ef00eee0ef00ef00ef00000000000000000003d0000000000000000000000000000042d753002ae0ef00ee9003d003d00000157001c0001001d0000000100010eed000700000000000000000000c3be
WFI t=120952 a=-1587,-3878,234 g=-1,1,-11
WFI t=121001 a=-1584,-3873,222 g=0,-10,6
WFI t=121051 a=-1560,-3875,227 g=5,5,-10
WFI t=121101 a=-1592,-3872,225 g=-1,3,-17
WFI t=121151 a=-1571,-3875,229 g=-3,-19,12
WFI t=121201 a=-1564,-3880,214 g=3,1,-11
WFI t=121251 a=-1587,-3876,228 g=-3,7,-15
WFI t=121301 a=-1569,-3884,228 g=3,-16,4
WFI t=121351 a=-1564,-3867,228 g=-3,9,-10
WFI t=121401 a=-1593,-3863,223 g=-4,-6,-7
WFI t=121451 a=-1579,-3880,216 g=-1,-17,13
WFI t=121501 a=-1556,-3882,222 g=-1,1,-4
WFI t=121551 a=-1580,-3882,235 g=0,4,-9
WFI t=121601 a=-1568,-3878,224 g=0,-4,-1
WFI t=121651 a=-1573,-3877,219 g=-1,-10,-3
WFI t=121701 a=-1576,-3876,231 g=1,5,-6
WFI t=121752 a=-1579,-3878,234 g=0,9,-18
WFT t=121754 batt_mv=4170 rssi_mcu=0 rssi_bms=-81 mcu=0 bms=91 dropped=0
WFI t=121801 a=-1589,-3878,234 g=-4,-11,-5
WFI t=121851 a=-1567,-3898,219 g=3,-11,6
WFI t=121901 a=-1564,-3883,234 g=-2,0,-12
WFR t=121940 src=bms type=0x02 len=129 data=d2037c0eeb0eea0eeb0eeb0eea0eea0eeb0eeb0ee90eea0eeb0eeb0eef0eee0eef0eed0eef0eef0ef00eef0eef0ef00ef10ef10eee0ef00ef00ef00000000000000000003d0000000000000000000000000000042d753002ae0ef10ee9003d003d00000157001c0001001d0000000100010eed000800000000000000000000c1e7
WFI t=121951 a=-1580,-3866,232 g=2,-1,-2
WFI t=122001 a=-1571,-3862,220 g=-3,-7,-3
WFI t=122051 a=-1572,-3866,221 g=-7,9,-16
WFI t=122101 a=-1593,-3884,226 g=-6,-9,0
WFI t=122151 a=-1575,-3870,219 g=-1,-5,4
WFI t=122201 a=-1577,-3888,244 g=0,-10,-8
WFI t=122251 a=-1565,-3880,232 g=-1,-4,-3
WFI t=122301 a=-1557,-3885,217 g=-5,9,-21
WFI t=122351 a=-1582,-3876,204 g=2,11,-19
WFI t=122401 a=-1599,-3884,233 g=1,-18,4
WFI t=122451 a=-1556,-3891,224 g=-9,-26,9
WFI t=122516 a=-1560,-3880,236 g=1,19,-18
WFI t=122601 a=-1591,-3875,223 g=-4,-21,5
WFI t=122603 a=-1591,-3875,223 g=-4,-21,5
WFI t=122651 a=-1560,-3880,219 g=-4,-24,5
WFI t=122701 a=-1558,-3868,233 g=-2,22,-22
WFI t=122751 a=-1576,-3894,235 g=-5,17,-25
WFI t=122801 a=-1574,-3873,228 g=5,-5,-2
WFI t=122851 a=-1559,-3878,227 g=5,-2,3
WFI t=122901 a=-1575,-3885,207 g=1,-7,-1
WFI t=122951 a=-1585,-3881,231 g=-5,-28,11
WFR t=122990 src=bms type=0x02 len=129 data=d2037c0eeb0eea0eeb0eea0eeb0eea0eeb0eeb0eea0eea0eeb0eeb0eee0eee0eef0eed0eef0eef0ef00ef00ef00ef00ef00ef10eee0ef00ef00ef00000000000000000003d0000000000000000000000000000042d753002ae0ef10eea003d003d00000157001c0001001d0000000100010eed000700000000000000000000708b
WFI t=123001 a=-1546,-3869,231 g=1,-17,5
WFI t=123051 a=-1538,-3881,231 g=1,23,-22
WFI t=123101 a=-1594,-3880,216 g=2,25,-23
WFI t=123151 a=-1605,-3875,236 g=-7,-27,6
WFI t=123201 a=-1561,-3875,232 g=1,-22,13
WFI t=123251 a=-1563,-3879,232 g=-4,16,-14
WFI t=123301 a=-1594,-3879,220 g=3,5,-9
WFI t=123351 a=-1571,-3876,219 g=3,-25,15
WFI t=123401 a=-1571,-3879,232 g=-7,-11,1
WFI t=123451 a=-1570,-3884,229 g=8,11,9
WFI t=123501 a=-1568,-3874,217 g=-1,-3,-2
WFI t=123551 a=-1572,-3877,227 g=-9,-9,-11
WFI t=123601 a=-1569,-3877,224 g=-2,14,-28
WFI t=123651 a=-1589,-3861,224 g=3,20,-28
WFI t=123701 a=-1606,-3874,220 g=2,-8,-5
WFI t=123751 a=-1585,-3873,225 g=-7,-41,21
WFI t=123801 a=-1582,-3903,236 g=-4,-18,27
WFI t=123851 a=-1542,-3863,225 g=7,-2,-1
WFI t=123901 a=-1544,-3893,224 g=-7,12,-42
WFI t=123951 a=-1624,-3873,213 g=11,24,-39
WFR t=123980 src=bms type=0x02 len=129 data=d2037c0eea0eea0eeb0eea0eea0eea0eeb0eeb0ee90eea0eeb0eec0eee0eee0eef0eed0eef0eef0ef00ef00eef0ef00ef10ef10eee0ef00ef00ef00000000000000000003d0000000000000000000000000000042d753002ae0ef10ee9003d003d00000157001c0001001d0000000100010eed0008000000000000000000006dd3
WFI t=124001 a=-1595,-3897,217 g=-2,-22,7
WFI t=124051 a=-1559,-3879,228 g=-1,-12,7
WFI t=124101 a=-1581,-3877,224 g=-9,-26,-1
WFI t=124151 a=-1562,-3873,211 g=1,3,11
WFI t=124201 a=-1559,-3868,226 g=-4,9,-25
WFI t=124252 a=-1598,-3896,246 g=1,18,-32
WFI t=124301 a=-1588,-3869,218 g=-6,-25,-4
WFI t=124351 a=-1562,-3872,221 g=0,-9,8
WFI t=124401 a=-1579,-3878,218 g=-5,6,-16
WFI t=124451 a=-1578,-3879,229 g=1,8,-2
WFI t=124524 a=-1561,-3888,224 g=-1,-3,-3
WFI t=124611 a=-1568,-3862,225 g=2,-13,7
WFI t=124612 a=-1568,-3862,225 g=2,-13,7
WFI t=124651 a=-1544,-3887,214 g=1,-8,1
WFI t=124701 a=-1566,-3901,222 g=-5,-3,-16
WFI t=124751 a=-1577,-3884,228 g=7,13,-9
WFI t=124801 a=-1581,-3875,226 g=0,10,-15
WFI t=124851 a=-1600,-3879,223 g=1,-18,8
WFI t=124901 a=-1560,-3876,219 g=-3,-42,27
WFI t=124951 a=-1575,-3864,248 g=-1,-13,18
WFR t=125000 src=bms type=0x02 len=129 data=d2037c0eeb0eea0eeb0eea0eeb0eea0eeb0eeb0eea0eea0eeb0eec0eef0eee0eef0eed0eef0eef0ef00ef00ef00ef00ef10ef00eef0ef00ef00ef00000000000000000003d0000000000000000000000000000042d753002ae0ef10ee9003d003d00000157001c0001001d0000000100010eed000800000000000000000000556f
WFI t=125002 a=-1567,-3858,179 g=-5,-13,6
WFI t=125051 a=-1544,-3878,245 g=-14,-7,-28
WFI t=125101 a=-1582,-3889,232 g=10,51,-51
WFI t=125151 a=-1610,-3875,220 g=2,12,-26
WFI t=125201 a=-1584,-3880,234 g=5,-27,20
WFI t=125251 a=-1549,-3884,211 g=-5,-30,16
WFI t=125301 a=-1561,-3871,237 g=-3,7,6
WFI t=125351 a=-1551,-3866,225 g=-7,2,-19
WFI t=125401 a=-1594,-3887,230 g=1,2,-26
WFI t=125451 a=-1579,-3883,219 g=-4,-3,-8
WFI t=125501 a=-1580,-3882,224 g=-3,-6,-4
WFI t=125551 a=-1588,-3875,235 g=-3,-19,5
WFI t=125601 a=-1554,-3875,228 g=3,-3,2
WFI t=125651 a=-1582,-3881,223 g=-6,5,-26
WFI t=125701 a=-1590,-3895,217 g=0,7,-13
WFI t=125751 a=-1550,-3875,233 g=-2,1,-6
WFI t=125802 a=-1571,-3872,234 g=-5,-3,-6
WFI t=125851 a=-1582,-3872,218 g=-2,-23,5
WFI t=125901 a=-1553,-3885,214 g=-1,-2,-4
WFI t=125951 a=-1566,-3882,214 g=0,27,-23
WFR t=125990 src=bms type=0x02 len=129 data=d2037c0eeb0eea0eeb0eea0eeb0eea0eeb0eeb0ee90eea0eeb0eeb0eee0eee0eef0eed0eef0eef0ef00ef00ef00ef00ef10ef10eef0ef00ef00ef00000000000000000003d0000000000000000000000000000042d753002ae0ef10ee9003d003d00000157001c0001001d0000000100010eed000800000000000000000000e861
WFI t=126001 a=-1603,-3883,230 g=2,-6,-2
WFI t=126051 a=-1564,-3877,207 g=-8,-31,23
WFI t=126101 a=-1535,-3880,215 g=0,-1,-8
WFI t=126151 a=-1590,-3879,230 g=-1,10,-23
WFI t=126201 a=-1557,-3878,227 g=1,12,-3
WFI t=126251 a=-1576,-3877,224 g=-2,-9,-13
WFI t=126301 a=-1583,-3879,237 g=-7,-18,10
WFI t=126351 a=-1561,-3885,223 g=-6,3,0
WFI t=126401 a=-1578,-3863,228 g=-1,16,-23
WFI t=126451 a=-1606,-3881,219 g=-2,-23,14
WFI t=126533 a=-1562,-3889,233 g=-5,-7,0
WFI t=126620 a=-1578,-3906,237 g=-1,9,-22
WFI t=126623 a=-1567,-3913,248 g=-1,8,-18
WFI t=126651 a=-1584,-3865,208 g=6,6,-18
WFI t=126701 a=-1575,-3866,224 g=1,1,-16
WFI t=126751 a=-1571,-3884,231 g=-5,-7,-5
WFI t=126801 a=-1572,-3875,216 g=-2,-18,10
WFT t=126809 batt_mv=4172 rssi_mcu=0 rssi_bms=-76 mcu=0 bms=96 dropped=0
WFI t=126851 a=-1556,-3862,230 g=-1,-11,1
WFI t=126901 a=-1567,-3886,229 g=-2,10,-18
WFI t=126951 a=-1567,-3876,230 g=-3,9,-13
WFI t=127001 a=-1579,-3862,226 g=-7,-4,-9
WFR t=127010 src=bms type=0x02 len=129 data=d2037c0eeb0eea0eeb0eea0eeb0eea0eeb0eeb0ee90eea0eeb0eec0eee0eee0eef0eed0eef0eef0ef00ef00ef00ef00ef10ef10eee0ef00ef00ef00000000000000000003d0000000000000000000000000000042d753002ae0ef10ee9003d003d00000157001c0001001d0000000100010eed000800000000000000000000f09d
WFI t=127051 a=-1581,-3868,222 g=0,-18,2
WFI t=127101 a=-1560,-3884,227 g=-9,-19,1
WFI t=127151 a=-1553,-3867,222 g=4,18,-17
WFI t=127201 a=-1581,-3884,220 g=-1,18,-31
WFI t=127251 a=-1595,-3873,221 g=-4,-6,-3
WFI t=127301 a=-1555,-3898,225 g=3,-21,11
WFI t=127351 a=-1571,-3880,226 g=-3,-7,1
WFI t=127401 a=-1569,-3883,213 g=-1,7,-11
WFI t=127451 a=-1574,-3876,227 g=1,6,-13
WFI t=127501 a=-1563,-3875,213 g=0,-1,-6
WFI t=127551 a=-1577,-3889,228 g=-1,-8,2
WFI t=127601 a=-1568,-3892,218 g=-4,-19,6
WFI t=127651 a=-1560,-3873,214 g=-3,-10,1
WFI t=127701 a=-1566,-3878,221 g=1,12,-23
WFI t=127751 a=-1594,-3878,222 g=-3,15,-18
WFI t=127801 a=-1575,-3874,230 g=-3,-9,1
WFI t=127851 a=-1582,-3886,239 g=-8,-25,9
WFI t=127901 a=-1558,-3878,207 g=-2,-20,11
WFI t=127951 a=-1539,-3872,215 g=1,5,-10
WFR t=128000 src=bms type=0x02 len=129 data=d2037c0eeb0eea0eeb0eea0eeb0eea0eea0eeb0ee90eea0eeb0eeb0eee0eee0eef0eed0eef0eef0ef00ef00ef00ef00ef10ef00eee0ef00ef00ef00000000000000000003d0000000000000000000000000000042d753002ae0ef10ee9003d003d00000157001c0001001d0000000100010eed000800000000000000000000232a
WFI t=128002 a=-1583,-3871,224 g=0,19,-19
WFI t=128059 a=-1585,-3879,222 g=-8,-9,0
WFI t=128103 a=-1573,-3867,226 g=-1,-13,4
WFI t=128154 a=-1570,-3881,223 g=-3,-8,-9
WFI t=128201 a=-1567,-3882,224 g=2,3,-9
WFI t=128251 a=-1553,-3879,220 g=-3,5,-13
WFI t=128301 a=-1580,-3868,221 g=-5,-2,-11
WFI t=128351 a=-1584,-3887,228 g=3,-7,2
WFI t=128401 a=-1565,-3876,215 g=-1,-13,2
WFI t=128451 a=-1560,-3881,216 g=-1,-6,-6
WFI t=128596 a=-1578,-3887,220 g=1,2,-13
WFI t=128746 a=-1547,-3879,220 g=-1,-1,-6
WFI t=128761 a=-1542,-3875,226 g=-2,-11,-3
WFI t=128763 a=-1547,-3873,230 g=0,0,-10
WFI t=128766 a=-1560,-3882,214 g=-2,4,-12
WFI t=128768 a=-1560,-3882,214 g=-2,4,-12
WFI t=128801 a=-1566,-3874,229 g=-1,17,-24
WFI t=128851 a=-1592,-3881,223 g=-4,-7,-2
WFI t=128901 a=-1562,-3881,221 g=0,-13,10
WFI t=128951 a=-1562,-3878,219 g=4,3,-12
WFI t=129001 a=-1574,-3868,225 g=-4,-2,-3
WFR t=129050 src=bms type=0x02 len=129 data=d2037c0eeb0eea0eeb0eea0eeb0eea0eeb0eeb0ee90eea0eeb0eec0eee0eee0eef0eed0eef0eef0ef00ef00ef00ef00ef10ef00eef0ef00ef00ef00000000000000000003d0000000000000000000000000000042d753002ae0ef10ee9003d003d00000157001c0001001d0000000100010eed0008000000000000000000004d20
WFI t=129052 a=-1563,-3885,222 g=2,-7,-2
WFI t=129101 a=-1580,-3880,230 g=-7,-10,-3
WFI t=129151 a=-1560,-3885,221 g=4,-7,3
WFI t=129201 a=-1553,-3879,228 g=-1,13,-16
WFI t=129251 a=-1585,-3891,224 g=2,25,-21
WFI t=129301 a=-1591,-3885,215 g=-4,-17,3
WFI t=129351 a=-1577,-3873,211 g=-6,-37,24
WFI t=129401 a=-1536,-3872,230 g=0,-12,5
WFI t=129451 a=-1561,-3871,217 g=2,28,-25
WFI t=129501 a=-1585,-3886,217 g=3,13,-14
WFI t=129551 a=-1577,-3873,216 g=-1,-17,6
WFI t=129601 a=-1567,-3880,223 g=0,-14,-2
WFI t=129651 a=-1566,-3879,223 g=3,1,-1
WFI t=129701 a=-1560,-3872,223 g=-1,-6,-6
WFI t=129751 a=-1571,-3886,215 g=2,13,-12
WFI t=129801 a=-1576,-3870,212 g=-7,-11,-12
WFI t=129851 a=-1565,-3883,212 g=0,-7,10
WFI t=129901 a=-1557,-3880,222 g=-10,-14,-6
WFI t=129951 a=-1571,-3873,228 g=3,17,-9
WFI t=130001 a=-1572,-3887,226 g=0,2,-18
WFI t=130051 a=-1589,-3882,219 g=-2,-6,-4
WFR t=130085 src=bms type=0x02 len=129 data=d2037c0eea0eea0eeb0eea0eeb0eea0eeb0eeb0eea0eea0eeb0eec0eee0eee0eef0eee0eef0eef0ef00ef00ef00ef00ef00ef10eee0ef00ef00ef00000000000000000003d0000000000000000000000000000042d753002ae0ef10eea003d003d00000157001c0001001d0000000100010eed0007000000000000000000005247
WFI t=130101 a=-1563,-3881,217 g=1,-2,0
WFI t=130151 a=-1583,-3881,239 g=-1,-20,-1
WFI t=130201 a=-1543,-3881,234 g=-5,-13,2
WFI t=130251 a=-1555,-3872,214 g=-5,20,-31
WFI t=130301 a=-1591,-3862,230 g=0,22,-17
WFI t=130351 a=-1559,-3877,222 g=-8,-13,3
WFI t=130401 a=-1568,-3874,232 g=-4,-21,-1
WFI t=130451 a=-1564,-3880,216 g=-4,-9,-1
WFI t=130618 a=-1562,-3873,211 g=-6,10,-17
WFI t=130634 a=-1581,-3884,228 g=-1,-21,8
WFI t=130637 a=-1554,-3890,222 g=2,-15,9
WFI t=130651 a=-1545,-3875,228 g=-1,-7,6
WFI t=130701 a=-1571,-3881,218 g=-3,-1,-10
WFI t=130751 a=-1575,-3885,225 g=-1,5,-5
WFI t=130801 a=-1571,-3885,215 g=-1,-2,-13
WFI t=130851 a=-1575,-3864,238 g=-6,-17,3
WFI t=130901 a=-1549,-3879,225 g=4,-4,2
WFI t=130951 a=-1564,-3876,229 g=1,17,-20
WFI t=131001 a=-1582,-3886,223 g=-3,-5,-3
WFI t=131052 a=-1552,-3887,230 g=1,-13,8
WFR t=131090 src=bms type=0x02 len=129 data=d2037c0eeb0eea0eeb0eeb0eeb0eea0eeb0eeb0ee90eea0eeb0eec0eee0eef0eef0eed0eef0eef0ef00eef0ef00ef00ef10ef10eef0ef00ef00ef00000000000000000003d0000000000000000000000000000042d753002ae0ef10ee9003d003d00000157001c0001001d0000000100010eed000800000000000000000000c169
WFI t=131102 a=-1554,-3870,217 g=-1,1,-17
WFI t=131151 a=-1594,-3881,216 g=0,-9,-2
WFI t=131201 a=-1556,-3875,223 g=5,-12,9
WFI t=131251 a=-1576,-3872,222 g=-3,0,-13
WFI t=131301 a=-1578,-3872,222 g=-1,-3,2
WFI t=131351 a=-1545,-3888,209 g=1,3,-15
WFI t=131401 a=-1612,-3869,218 g=2,16,-21
WFI t=131451 a=-1589,-3878,210 g=-6,-36,24
WFI t=131501 a=-1540,-3897,197 g=-4,-7,-4
WFI t=131551 a=-1572,-3877,205 g=2,32,-23
WFI t=131601 a=-1585,-3869,210 g=3,1,-12
WFI t=131651 a=-1584,-3880,219 g=0,-13,-2
WFI t=131701 a=-1567,-3868,217 g=-4,-3,-7
WFI t=131751 a=-1587,-3880,214 g=2,-1,-5
WFI t=131801 a=-1569,-3866,209 g=0,-2,1
WFI t=131851 a=-1563,-3891,227 g=0,16,-27
WFT t=131878 batt_mv=0 rssi_mcu=0 rssi_bms=-77 mcu=0 bms=101 dropped=0
WFI t=131901 a=-1586,-3862,225 g=6,16,-16
WFI t=131951 a=-1569,-3892,229 g=-9,-35,7
WFI t=132001 a=-1536,-3885,234 g=-1,0,1
WFI t=132051 a=-1576,-3885,217 g=-2,13,-20
WFR t=132095 src=bms type=0x02 len=129 data=d2037c0eeb0eea0eeb0eea0eeb0eea0eeb0eeb0ee90eea0eeb0eec0eee0eee0eef0eee0eef0eef0ef10ef00ef00ef10ef10ef10eef0ef00ef00ef00000000000000000003d0000000000000000000000000000042e753002ae0ef10ee9003d003d00000157001c0001001d0000000100010eed000800000000000000000000f3f9
WFI t=132102 a=-1579,-3885,235 g=-2,-6,1
WFI t=132151 a=-1565,-3890,214 g=-2,-11,-4
WFI t=132201 a=-1573,-3861,224 g=-1,4,-5
WFI t=132251 a=-1587,-3872,209 g=2,-22,12
WFI t=132301 a=-1538,-3880,226 g=3,-4,2
WFI t=132351 a=-1570,-3884,231 g=-2,9,-25
WFI t=132401 a=-1604,-3878,218 g=1,-3,-1
WFI t=132451 a=-1555,-3861,215 g=-3,2,-3
WFI t=132502 a=-1594,-3873,194 g=5,12,-13
WFI t=132644 a=-1555,-3882,271 g=-1,-11,9
WFI t=132646 a=-1578,-3898,265 g=14,2,4
WFI t=132651 a=-1565,-3893,242 g=13,1,-1
WFI t=132701 a=-1560,-3863,204 g=-8,-15,-11
WFI t=132751 a=-1581,-3887,233 g=4,13,-34
WFI t=132801 a=-1591,-3873,241 g=5,24,-25
WFI t=132851 a=-1584,-3879,224 g=-7,-19,-8
WFI t=132901 a=-1578,-3880,199 g=-4,-20,8
WFI t=132951 a=-1574,-3877,230 g=-3,-20,9
WFI t=133001 a=-1560,-3899,258 g=-9,-6,-3
WFI t=133051 a=-1560,-3878,238 g=-4,11,-21
WFR t=133101 src=bms type=0x02 len=129 data=d2037c0eeb0eea0eeb0eeb0eeb0eea0eeb0eeb0ee90eea0eeb0eeb0eee0eee0eef0eee0eef0eef0ef00ef00ef00ef00ef10ef10eee0ef00ef00ef00000000000000000003d0000000000000000000000000000042d753002ae0ef10ee9003d003d00000157001c0001001d0000000100010eed00080000000000000000000045ee
WFI t=133102 a=-1575,-3879,221 g=5,0,-19
WFI t=133151 a=-1584,-3870,213 g=-1,4,-16
WFI t=133201 a=-1572,-3872,220 g=-5,-9,-3
WFI t=133251 a=-1580,-3880,231 g=-1,-21,9
WFI t=133301 a=-1541,-3893,223 g=2,-4,0
WFI t=133351 a=-1562,-3882,220 g=-1,35,-45
WFI t=133401 a=-1620,-3886,216 g=5,21,-23
WFI t=133451 a=-1560,-3886,253 g=-2,-31,22
WFI t=133501 a=-1543,-3880,199 g=-2,-20,0
WFI t=133551 a=-1563,-3879,218 g=1,-14,15
WFI t=133601 a=-1525,-3891,193 g=-5,20,-30
WFI t=133651 a=-1594,-3885,251 g=-2,20,-28
WFI t=133701 a=-1577,-3893,222 g=-7,-37,13
WFI t=133751 a=-1521,-3892,221 g=6,25,5
WFI t=133801 a=-1597,-3887,219 g=0,4,-22
WFI t=133851 a=-1572,-3917,274 g=4,-36,40
WFI t=133901 a=-1508,-3843,235 g=-4,-10,7
WFI t=133951 a=-1572,-3896,191 g=8,16,-41
WFI t=134001 a=-1601,-3877,205 g=6,18,7
WFI t=134051 a=-1557,-3909,256 g=-1,-15,15
WFR t=134091 src=bms type=0x02 len=129 data=d2037c0eeb0eea0eeb0eeb0eeb0eea0eeb0eeb0ee90eea0eeb0eeb0eee0eee0eef0eed0eef0eef0ef00ef00ef00ef00ef10ef10eef0ef00ef00ef00000000000000000003d0000000000000000000000000000042d753002ae0ef10ee9003d003d00000157001c0001001d0000000100010eed0008000000000000000000002b22
WFI t=134101 a=-1541,-3887,238 g=-10,-12,-22
WFI t=134152 a=-1606,-3864,224 g=-1,-7,-11
WFI t=134201 a=-1578,-3874,220 g=1,-13,25
WFI t=134251 a=-1558,-3904,240 g=-4,-6,12
WFI t=134301 a=-1555,-3869,243 g=-9,-7,-4
WFI t=134351 a=-1561,-3884,230 g=1,-3,-30
WFI t=134401 a=-1604,-3877,196 g=2,22,-26
WFI t=134451 a=-1592,-3856,219 g=4,-10,5
WFI t=134501 a=-1567,-3886,235 g=-3,-31,16
WFI t=134657 a=-1563,-3879,235 g=-7,-19,7
WFI t=134659 a=-1567,-3885,203 g=13,50,-45
WFI t=134662 a=-1566,-3879,210 g=11,46,-46
WFI t=134701 a=-1605,-3875,228 g=-1,17,-41
WFI t=134751 a=-1610,-3879,246 g=-3,-41,29
WFI t=134801 a=-1553,-3845,187 g=-14,-14,29
WFI t=134851 a=-1579,-3853,203 g=12,6,1
WFI t=134902 a=-1574,-3898,229 g=-4,15,-36
WFI t=134951 a=-1569,-3885,241 g=2,17,-16
WFI t=135001 a=-1564,-3883,215 g=-3,-15,-13
WFI t=135051 a=-1585,-3867,202 g=-1,-12,0
WFR t=135096 src=bms type=0x02 len=129 data=d2037c0eea0eea0eeb0eea0eeb0eea0eeb0eeb0ee90eea0eeb0eeb0eee0eee0eef0eed0eef0eef0ef00ef00ef00ef00ef10ef10eef0ef00ef00ef00000000000000000003d0000000000000000000000000000042d753002ae0ef10ee9003d003d00000157001c0001001d0000000100010eed000800000000000000000000bc9d
WFI t=135101 a=-1551,-3878,219 g=-1,-16,6
WFI t=135151 a=-1559,-3889,227 g=2,13,-16
WFI t=135201 a=-1572,-3891,235 g=2,12,-23
WFI t=135251 a=-1585,-3888,219 g=-6,-5,-5
WFI t=135302 a=-1581,-3890,212 g=-3,-11,-5
WFI t=135351 a=-1555,-3878,223 g=-1,-2,7
WFI t=135401 a=-1553,-3890,223 g=-2,-5,-6
WFI t=135452 a=-1567,-3878,210 g=1,5,-10
WFI t=135501 a=-1576,-3872,201 g=-1,5,-8
WFI t=135551 a=-1571,-3882,220 g=-2,-7,-2
WFI t=135602 a=-1559,-3871,243 g=0,-23,11
WFI t=135651 a=-1561,-3876,238 g=-1,-1,-2
WFI t=135701 a=-1574,-3894,208 g=-5,20,-28
WFI t=135752 a=-1604,-3883,228 g=-2,-1,-6
WFI t=135801 a=-1559,-3881,224 g=-1,-24,13
WFI t=135851 a=-1570,-3872,226 g=-7,-23,5
WFI t=135902 a=-1565,-3875,220 g=-5,-2,-1
WFI t=135951 a=-1578,-3882,224 g=-2,14,-18
WFI t=136001 a=-1596,-3860,231 g=4,0,-11
WFI t=136051 a=-1571,-3863,227 g=-2,-25,12
WFR t=136101 src=bms type=0x02 len=129 data=d2037c0eeb0eea0eeb0eeb0eeb0eea0eeb0eeb0ee90eea0eeb0eec0eee0eef0eef0eed0eef0eef0ef00ef00ef00ef10ef10ef00eef0ef00ef00ef00000000000000000003d0000000000000000000000000000042e753002ae0ef10ee9003d003d00000157001c0001001d0000000100010eed00080000000000000000000097a4
WFI t=136103 a=-1559,-3884,220 g=-5,-4,5
WFI t=136163 a=-1574,-3873,229 g=1,18,-22
WFI t=136202 a=-1573,-3880,225 g=-1,11,-15
WFI t=136251 a=-1585,-3872,239 g=-6,-12,-1
WFI t=136301 a=-1567,-3887,218 g=-5,-18,1
WFI t=136352 a=-1561,-3885,209 g=0,-18,18
WFI t=136401 a=-1554,-3891,229 g=-1,7,-10
WFI t=136451 a=-1566,-3869,235 g=-10,8,-23
WFI t=136501 a=-1575,-3879,217 g=0,18,-22
WFI t=136697 a=-1596,-3875,205 g=-3,-19,3
WFI t=136712 a=-1562,-3879,210 g=3,5,0
WFI t=136801 a=-1544,-3847,211 g=1,10,-9
WFI t=136803 a=-1586,-3871,196 g=1,24,-26
WFI t=136806 a=-1580,-3875,207 g=3,24,-26
WFI t=136809 a=-1580,-3875,207 g=3,24,-26
WFI t=136851 a=-1597,-3874,233 g=-1,-11,6
WFI t=136902 a=-1561,-3892,223 g=-9,-31,16
WFT t=136902 batt_mv=4170 rssi_mcu=0 rssi_bms=-78 mcu=0 bms=106 dropped=0
WFI t=136952 a=-1553,-3869,228 g=-2,-5,-4
WFI t=137001 a=-1580,-3871,202 g=3,17,-22
WFI t=137051 a=-1582,-3875,206 g=0,14,-16
WFR t=137091 src=bms type=0x02 len=129 data=d2037c0eeb0eea0eeb0eeb0eeb0eea0eeb0eeb0ee90eeb0eeb0eec0eef0eef0eef0eee0eef0eef0ef00ef00eef0ef00ef10ef10eef0ef00ef00ef00000000000000000003d0000000000000000000000000000042e753002ae0ef10ee9003d003d00000157001c0001001d0000000100010eed00080000000000000000000045a5
WFI t=137102 a=-1599,-3890,222 g=-3,-11,1
WFI t=137151 a=-1560,-3873,226 g=-3,-15,8
WFI t=137201 a=-1571,-3893,208 g=-8,-13,-7
WFI t=137252 a=-1582,-3874,235 g=0,-3,0
WFI t=137301 a=-1557,-3872,226 g=0,3,-14
WFI t=137351 a=-1590,-3883,229 g=-3,15,-16
WFI t=137401 a=-1587,-3880,212 g=-4,-11,2
WFI t=137451 a=-1570,-3880,217 g=-3,-17,3
WFI t=137501 a=-1570,-3881,216 g=-3,-6,-3
WFI t=137551 a=-1567,-3887,221 g=0,7,-12
WFI t=137601 a=-1578,-3875,213 g=-2,5,-12
WFI t=137651 a=-1575,-3875,219 g=-2,-7,-3
WFI t=137702 a=-1569,-3873,232 g=-5,-15,0
WFI t=137751 a=-1554,-3877,232 g=2,0,-4
WFI t=137801 a=-1584,-3877,229 g=3,3,-12
WFI t=137851 a=-1576,-3877,212 g=1,6,-8
WFI t=137901 a=-1585,-3877,227 g=-8,-19,2
WFI t=137951 a=-1558,-3868,213 g=0,-7,2
WFI t=138001 a=-1558,-3880,225 g=-4,15,-21
WFI t=138051 a=-1594,-3874,220 g=-3,6,-11
WFI t=138101 a=-1575,-3871,212 g=3,-15,4
WFR t=138111 src=bms type=0x02 len=129 data=d2037c0eeb0eea0eeb0eeb0eeb0eea0eeb0eeb0eea0eea0eeb0eec0eee0eef0eef0eed0eef0eef0ef00ef00ef00ef00ef10ef00eee0ef00ef00ef00000000000000000003d0000000000000000000000000000042d753002ae0ef10eea003d003d00000157001c0001001d0000000100010eed000700000000000000000000fdc4
WFI t=138152 a=-1568,-3872,232 g=0,-15,-1
WFI t=138201 a=-1566,-3855,238 g=1,6,0
WFI t=138251 a=-1550,-3874,222 g=-4,7,-15
WFI t=138302 a=-1584,-3875,231 g=-3,3,-10
WFI t=138351 a=-1587,-3886,231 g=-1,-10,1
WFI t=138401 a=-1568,-3883,223 g=-2,-3,-5
WFI t=138452 a=-1588,-3872,223 g=-1,5,-6
WFI t=138501 a=-1576,-3883,224 g=-6,-8,-3
WFI t=138578 a=-1579,-3876,216 g=-3,0,-10
WFI t=138604 a=-1562,-3891,220 g=0,3,-11
WFI t=138665 a=-1592,-3884,224 g=-2,0,-3
WFI t=138752 a=-1562,-3889,220 g=0,-8,-5
WFI t=138754 a=-1555,-3874,227 g=-6,-4,-5
WFI t=138802 a=-1559,-3887,222 g=1,4,-11
WFI t=138851 a=-1565,-3892,230 g=-1,6,-12
WFI t=138902 a=-1582,-3873,225 g=-4,-6,-2
WFI t=138952 a=-1570,-3876,208 g=-1,-19,6
WFI t=139001 a=-1574,-3877,225 g=-1,-7,-2
WFI t=139052 a=-1571,-3882,218 g=-3,14,-15
WFI t=139101 a=-1582,-3862,219 g=-2,10,-14
WFR t=139131 src=bms type=0x02 len=129 data=d2037c0eeb0eea0eeb0eeb0eeb0eea0eeb0eeb0ee90eea0eeb0eec0eee0eee0eef0eee0eef0eef0ef00ef00ef00ef00ef10ef00eef0ef00ef00ef00000000000000000003d0000000000000000000000000000042d753002ae0ef10eea003d003d00000157001c0001001d0000000100010eed0007000000000000000000005a87
WFI t=139152 a=-1586,-3875,213 g=-7,-11,1
WFI t=139202 a=-1574,-3881,230 g=-5,-19,5
WFI t=139251 a=-1564,-3876,225 g=2,2,-6
WFI t=139301 a=-1571,-3875,225 g=0,3,-12
WFI t=139352 a=-1584,-3883,215 g=-1,0,-6
WFI t=139401 a=-1573,-3891,230 g=3,4,-8
WFI t=139451 a=-1580,-3870,226 g=-6,-2,-7
WFI t=139502 a=-1575,-3876,221 g=2,-11,6
WFI t=139551 a=-1568,-3878,215 g=3,-7,-7
WFI t=139602 a=-1592,-3896,229 g=4,1,-7
WFI t=139652 a=-1567,-3881,225 g=-2,-3,-6
WFI t=139701 a=-1577,-3878,224 g=-6,3,-10
WFI t=139751 a=-1579,-3879,227 g=3,-1,-4
WFI t=139802 a=-1568,-3882,220 g=3,-13,2
WFI t=139851 a=-1565,-3872,222 g=-3,-7,-4
WFI t=139901 a=-1574,-3870,228 g=2,-4,-6
WFI t=139952 a=-1568,-3880,218 g=1,7,-8
WFI t=140002 a=-1570,-3871,216 g=-2,8,-14
WFI t=140051 a=-1588,-3873,222 g=-1,-10,1
WFI t=140102 a=-1562,-3889,223 g=-6,-11,1
WFR t=140151 src=bms type=0x02 len=129 data=d2037c0eeb0eea0eeb0eeb0eeb0eea0eeb0eeb0eea0eea0eeb0eec0eef0eee0eef0eee0eef0eef0ef00ef00ef00ef00ef10ef10eef0ef00ef00ef00000000000000000003d0000000000000000000000000000042e753002ae0ef10ee9003d003d00000157001c0001001d0000000100010eed000800000000000000000000039f
WFI t=140152 a=-1573,-3883,212 g=-1,-2,-9
WFI t=140201 a=-1573,-3884,237 g=-6,2,-4
WFI t=140252 a=-1564,-3875,235 g=0,-4,-11
WFI t=140301 a=-1579,-3881,221 g=-4,1,-8
WFI t=140351 a=-1578,-3880,204 g=-4,-5,-4
WFI t=140402 a=-1562,-3892,228 g=0,2,0
WFI t=140452 a=-1563,-3887,231 g=-4,-1,-8
WFI t=140501 a=-1575,-3880,220 g=-1,-11,2
WFI t=140585 a=-1570,-3867,222 g=-9,-6,-1
WFI t=140681 a=-1576,-3875,231 g=-1,-8,-5
WFI t=140684 a=-1577,-3884,241 g=-4,-11,0
WFI t=140702 a=-1588,-3888,220 g=-3,-16,4
WFI t=140751 a=-1564,-3873,221 g=-3,-6,-3
WFI t=140801 a=-1572,-3882,220 g=1,4,-9
WFI t=140852 a=-1577,-3881,224 g=-1,3,-9
WFI t=140902 a=-1581,-3874,215 g=-4,-7,-1
WFI t=140952 a=-1577,-3888,209 g=-8,-12,1
WFI t=141002 a=-1563,-3896,212 g=0,5,-6
WFI t=141051 a=-1573,-3890,217 g=-5,5,-13
WFI t=141101 a=-1576,-3880,236 g=-4,-2,0
WFR t=141141 src=bms type=0x02 len=129 data=d2037c0eeb0eea0eeb0eeb0eeb0eea0eeb0eeb0ee90eea0eeb0eec0eef0eef0eef0eed0eef0eef0ef00ef00ef00ef00ef10ef10eef0ef00ef00ef00000000000000000003d0000000000000000000000000000042e753002ae0ef10ee9003d003d00000157001c0001001d0000000100010eed00080000000000000000000059e0
WFI t=141152 a=-1564,-3863,222 g=-5,-7,-3
WFI t=141201 a=-1581,-3883,218 g=-2,-2,-8
WFI t=141251 a=-1584,-3880,216 g=2,-3,-1
WFI t=141302 a=-1567,-3881,223 g=-7,-2,-9
WFI t=141351 a=-1588,-3892,222 g=-3,1,-5
WFI t=141401 a=-1567,-3875,226 g=-2,-8,-3
WFI t=141452 a=-1580,-3878,216 g=-2,-2,-6
WFI t=141501 a=-1584,-3884,227 g=-5,-9,-1
WFI t=141551 a=-1563,-3873,231 g=7,1,-3
WFI t=141602 a=-1581,-3871,219 g=-3,9,-11
WFI t=141651 a=-1587,-3880,218 g=-2,-12,-6
WFI t=141701 a=-1560,-3885,222 g=4,-9,4
WFI t=141752 a=-1575,-3871,216 g=-4,-8,-10
WFI t=141801 a=-1559,-3870,227 g=-3,3,2
WFI t=141851 a=-1566,-3870,217 g=-5,-3,-13
WFI t=141902 a=-1580,-3885,217 g=0,10,-11
WFI t=141953 a=-1587,-3891,230 g=-1,-17,1
WFT t=141955 batt_mv=4186 rssi_mcu=0 rssi_bms=-82 mcu=0 bms=111 dropped=0
WFI t=142002 a=-1551,-3885,218 g=-2,0,-3
WFI t=142052 a=-1590,-3876,213 g=-3,-7,-10
WFI t=142101 a=-1569,-3874,225 g=0,-5,1
WFI t=142151 a=-1591,-3881,228 g=-2,7,-11
WFR t=142161 src=bms type=0x02 len=129 data=d2037c0eeb0eea0eeb0eea0eeb0eea0eeb0eeb0eea0eea0eeb0eec0eef0eee0eef0eed0eef0eef0ef00ef00ef00ef00ef00ef10eef0ef00ef00ef00000000000000000003d0000000000000000000000000000042d753002ae0ef10eea003d003d00000157001c0001001d0000000100010eed000700000000000000000000a35a
WFI t=142202 a=-1577,-3870,227 g=-4,-4,-4
WFI t=142251 a=-1580,-3884,226 g=-2,-18,4
WFI t=142301 a=-1566,-3883,216 g=3,6,-8
WFI t=142352 a=-1579,-3873,229 g=-4,2,-14
WFI t=142401 a=-1565,-3888,228 g=-2,-5,6
WFI t=142451 a=-1567,-3879,224 g=0,-3,-8
WFI t=142502 a=-1583,-3872,226 g=3,5,-7
WFI t=142552 a=-1569,-3878,217 g=-5,-11,2
WFI t=142688 a=-1577,-3881,221 g=2,-3,2
WFI t=142690 a=-1571,-3870,225 g=-3,-11,0
WFI t=142701 a=-1567,-3885,215 g=-4,-11,1
WFI t=142751 a=-1569,-3864,218 g=-4,-1,-10
WFI t=142802 a=-1579,-3878,225 g=0,1,-6
WFI t=142851 a=-1564,-3873,225 g=3,-1,-7
WFI t=142901 a=-1588,-3882,226 g=-5,5,-12
WFI t=142952 a=-1584,-3878,223 g=-2,-12,1
WFI t=143001 a=-1570,-3872,227 g=-6,-14,1
WFI t=143051 a=-1560,-3881,219 g=-7,10,-14
WFI t=143102 a=-1590,-3875,220 g=0,-2,-12
WFR t=143151 src=bms type=0x02 len=129 data=d2037c0eeb0eea0eeb0eeb0eeb0eea0eeb0eeb0ee90eea0eeb0eec0eee0eee0eee0eed0eef0eef0ef00ef00ef00ef00ef10ef00eee0ef00ef00ef00000000000000000003d0000000000000000000000000000042d753002ae0ef00ee9003d003d00000157001c0001001d0000000100010eed0007000000000000000000007a77
WFI t=143151 a=-1567,-3898,227 g=-2,-5,5
WFI t=143201 a=-1569,-3889,226 g=-4,0,-14
WFI t=143252 a=-1588,-3879,234 g=0,5,-5
WFI t=143301 a=-1561,-3871,218 g=-1,-12,0
WFI t=143351 a=-1572,-3882,226 g=0,1,-7
WFI t=143402 a=-1578,-3883,225 g=-4,-9,-5
WFI t=143451 a=-1561,-3888,219 g=-4,4,-7
WFI t=143501 a=-1569,-3874,221 g=1,12,-18
WFI t=143552 a=-1583,-3892,224 g=0,-5,-6
WFI t=143601 a=-1563,-3878,210 g=2,-4,-2
WFI t=143651 a=-1566,-3881,231 g=-1,2,-6
WFI t=143702 a=-1591,-3880,223 g=-6,-15,-3
WFI t=143751 a=-1565,-3890,218 g=4,-8,4
WFI t=143801 a=-1555,-3877,216 g=-6,7,-16
WFI t=143852 a=-1584,-3868,215 g=2,19,-17
WFI t=143901 a=-1586,-3880,218 g=-1,-15,1
WFI t=143951 a=-1572,-3871,228 g=-4,-27,14
WFI t=144002 a=-1543,-3892,236 g=-1,-5,-7
WFI t=144051 a=-1577,-3879,214 g=1,22,-21
WFI t=144101 a=-1595,-3869,224 g=-4,4,-16
WFI t=144152 a=-1580,-3881,233 g=-2,-14,6
WFR t=144171 src=bms type=0x02 len=129 data=d2037c0eeb0eea0eeb0eea0eeb0eea0eeb0eeb0ee90eea0eeb0eeb0eef0eee0eef0eee0eef0eef0ef00ef00eef0ef00ef10ef00eef0ef00ef00ef00000000000000000003d0000000000000000000000000000042d753002ae0ef00ee9003d003d00000157001c0001001d0000000100010eed000700000000000000000000ef71
WFI t=144201 a=-1572,-3887,225 g=-6,-28,1
WFI t=144251 a=-1569,-3887,220 g=-1,6,-2
WFI t=144302 a=-1572,-3883,213 g=-3,4,-20
WFI t=144351 a=-1574,-3887,229 g=2,14,-13
WFI t=144401 a=-1583,-3876,224 g=-1,-14,-5
WFI t=144452 a=-1563,-3868,217 g=0,-9,10
WFI t=144501 a=-1572,-3878,220 g=-7,-13,-16
WFI t=144551 a=-1609,-3866,229 g=-1,-13,6
WFI t=144727 a=-1524,-3865,205 g=2,9,-5
WFI t=144804 a=-1580,-3876,216 g=-3,-28,12
WFI t=144892 a=-1557,-3865,216 g=2,-23,12
WFI t=144894 a=-1543,-3893,240 g=-4,28,-26
WFI t=144896 a=-1548,-3896,225 g=2,32,-28
WFI t=144898 a=-1548,-3896,225 g=2,32,-28
WFI t=144902 a=-1559,-3889,230 g=-2,35,-28
WFI t=144951 a=-1595,-3868,240 g=-1,21,-20
WFI t=145001 a=-1586,-3877,215 g=3,-17,20
WFI t=145052 a=-1575,-3870,207 g=-1,-20,14
WFI t=145102 a=-1608,-3879,220 g=-4,-54,19
WFI t=145151 a=-1567,-3817,207 g=-16,-28,61
WFR t=145191 src=bms type=0x02 len=129 data=d2037c0eeb0eea0eeb0eeb0eeb0eea0eeb0eeb0ee90eea0eeb0eec0eee0eee0eef0eed0eef0eef0ef00ef00ef00ef00ef10ef10eee0ef00ef00ef00000000000000000003d0000000000000000000000000000042d753002ae0ef10ee9003d003d00000157001c0001001d0000000100010eed00080000000000000000000033de
WFI t=145202 a=-1508,-3873,237 g=-5,2,-8
WFI t=145251 a=-1548,-3888,235 g=10,97,-99
WFI t=145301 a=-1662,-3858,195 g=4,28,-65
WFI t=145352 a=-1641,-3889,224 g=-5,-71,47
WFI t=145401 a=-1524,-3889,225 g=-5,-69,36
WFI t=145451 a=-1554,-3882,227 g=5,15,-10
WFI t=145502 a=-1562,-3870,226 g=4,32,-14
WFI t=145551 a=-1587,-3869,216 g=-5,-3,-23
WFI t=145601 a=-1616,-3878,210 g=-4,-26,2
WFI t=145652 a=-1566,-3878,204 g=0,-23,15
WFI t=145701 a=-1563,-3873,231 g=0,-5,-1
WFI t=145751 a=-1577,-3868,246 g=-6,-14,-2
WFI t=145802 a=-1554,-3886,221 g=-3,-16,-4
WFI t=145851 a=-1547,-3874,224 g=0,48,-32
WFI t=145901 a=-1625,-3870,223 g=5,49,-46
WFI t=145952 a=-1614,-3875,218 g=-3,-64,44
WFI t=146001 a=-1533,-3875,220 g=-11,-74,47
WFI t=146051 a=-1539,-3891,297 g=-13,-39,-18
WFI t=146102 a=-1560,-3858,251 g=-4,38,-31
WFI t=146151 a=-1609,-3873,211 g=1,9,-34
WFI t=146201 a=-1591,-3870,215 g=-2,-27,6
WFR t=146211 src=bms type=0x02 len=129 data=d2037c0eeb0eea0eeb0eea0eeb0eea0eeb0eeb0ee90eea0eeb0eec0eee0eee0eef0eed0eef0eef0ef00ef00ef00ef00ef10ef00eee0ef00ef00ef00000000000000000003d0000000000000000000000000000042d753002ae0ef00ee9003d003d00000157001c0001001d0000000100010eed0007000000000000000000009c98
WFI t=146252 a=-1553,-3870,219 g=-11,-41,12
WFI t=146301 a=-1549,-3862,208 g=2,10,-7
WFI t=146351 a=-1580,-3887,220 g=-1,18,-27
WFI t=146402 a=-1588,-3883,225 g=-1,9,-10
WFI t=146451 a=-1580,-3882,227 g=-7,-21,4
WFI t=146501 a=-1568,-3880,216 g=-9,-21,6
WFI t=146552 a=-1598,-3861,217 g=-8,-41,18
WFI t=146601 a=-1583,-3837,231 g=-1,17,60
WFI t=146681 a=-1540,-3854,175 g=7,-38,-15
WFI t=146767 a=-1605,-3880,242 g=17,46,-44
WFI t=146770 a=-1599,-3858,195 g=28,37,-32
WFI t=146801 a=-1581,-3856,189 g=9,55,-28
WFI t=146852 a=-1620,-3876,217 g=-2,-8,-6
WFI t=146901 a=-1581,-3881,210 g=-8,-77,35
WFI t=146951 a=-1509,-3918,273 g=-2,5,9
WFT t=147001 batt_mv=4172 rssi_mcu=0 rssi_bms=-77 mcu=0 bms=116 dropped=0
WFI t=147002 a=-1562,-3884,197 g=7,41,-72
WFI t=147051 a=-1668,-3840,202 g=0,0,-10
WFI t=147101 a=-1545,-3868,228 g=-4,-88,57
WFI t=147152 a=-1529,-3956,267 g=-3,-13,-6
WFR t=147201 src=bms type=0x02 len=129 data=d2037c0eea0eea0eeb0eea0eeb0eea0eeb0eeb0ee90eea0eeb0eeb0eef0eee0eef0eed0eef0eef0ef00ef00ef00ef00ef10ef00eee0ef00ef00ef00000000000000000003d0000000000000000000000000000042d753002ae0ef10ee9003d003d00000157001c0001001d0000000100010eed000800000000000000000000ca0d
WFI t=147202 a=-1585,-3874,208 g=-5,24,-44
WFI t=147251 a=-1606,-3872,203 g=-3,-3,-11
WFI t=147302 a=-1577,-3878,210 g=-7,-23,13
WFI t=147351 a=-1566,-3868,236 g=-5,-50,12
WFI t=147401 a=-1542,-3884,232 g=-6,6,-7
WFI t=147452 a=-1584,-3876,203 g=-1,54,-41
WFI t=147501 a=-1644,-3882,210 g=-3,-13,-9
WFI t=147551 a=-1571,-3875,217 g=-7,-56,36
WFI t=147602 a=-1536,-3884,229 g=-4,-19,0
WFI t=147651 a=-1556,-3864,217 g=7,48,-29
WFI t=147701 a=-1609,-3881,205 g=-2,17,-24
WFI t=147752 a=-1592,-3876,216 g=-5,-38,14
WFI t=147801 a=-1548,-3897,221 g=-6,-28,18
WFI t=147851 a=-1552,-3868,219 g=5,18,-18
WFI t=147902 a=-1604,-3874,216 g=0,17,-19
WFI t=147951 a=-1582,-3883,210 g=-3,-17,-2
WFI t=148001 a=-1557,-3889,220 g=1,0,-7
WFI t=148052 a=-1584,-3875,229 g=-6,6,-12
WFI t=148101 a=-1582,-3869,221 g=3,-6,4
WFI t=148151 a=-1567,-3887,218 g=-6,-16,-1
WFI t=148202 a=-1570,-3882,235 g=-2,-9,-6
WFI t=148251 a=-1557,-3858,232 g=3,19,-13
WFI t=148301 a=-1592,-3876,228 g=-7,18,-21
WFI t=148352 a=-1591,-3883,206 g=-5,-25,13
WFI t=148401 a=-1543,-3881,218 g=-3,-27,16
WFI t=148451 a=-1564,-3884,231 g=-5,7,-20
WFI t=148502 a=-1588,-3881,229 g=0,20,-15
WFI t=148551 a=-1572,-3866,225 g=4,8,-9
WFI t=148601 a=-1602,-3875,232 g=-2,-14,-1
WFI t=148764 a=-1540,-3880,221 g=-1,-9,1
WFI t=148780 a=-1608,-3878,207 g=0,21,-23
WFI t=148782 a=-1618,-3872,214 g=-1,3,-13
WFI t=148802 a=-1617,-3879,212 g=-7,-18,3
WFI t=148851 a=-1547,-3887,224 g=4,-19,12
WFI t=148901 a=-1566,-3877,232 g=-4,3,-12
WFI t=148952 a=-1589,-3881,222 g=-5,1,-1
WFI t=149001 a=-1573,-3888,220 g=-1,-1,-10
WFI t=149051 a=-1589,-3872,226 g=0,5,-15
WFI t=149102 a=-1580,-3880,224 g=-3,-11,4
WFI t=149151 a=-1564,-3876,237 g=0,-3,0
WFI t=149201 a=-1584,-3877,222 g=-7,-3,-8
WFI t=149252 a=-1575,-3875,212 g=-5,-15,-1
WFI t=149301 a=-1559,-3880,214 g=0,6,-11
WFI t=149351 a=-1590,-3872,225 g=-2,13,-16
WFI t=149402 a=-1585,-3871,220 g=3,-14,10
WFI t=149452 a=-1567,-3868,225 g=-2,-15,5
WFI t=149501 a=-1578,-3878,234 g=-3,-3,-14
WFI t=149552 a=-1579,-3878,222 g=4,6,-8
WFI t=149601 a=-1579,-3883,215 g=4,11,-10
WFI t=149651 a=-1611,-3873,223 g=1,-11,-5
WFI t=149702 a=-1576,-3886,222 g=3,-24,14
WFI t=149751 a=-1556,-3880,226 g=-1,3,-13
WFI t=149801 a=-1595,-3868,222 g=0,22,-20
WFI t=149852 a=-1590,-3878,202 g=-6,-10,-1
WFI t=149901 a=-1576,-3877,214 g=-3,-14,6
WFI t=149951 a=-1569,-3881,230 g=-5,-7,-4
WFI t=150002 a=-1577,-3877,218 g=-2,7,-7
WFI t=150051 a=-1581,-3883,211 g=-6,8,-17
WFI t=150101 a=-1592,-3877,219 g=-4,-9,-3
WFI t=150152 a=-1573,-3875,224 g=-1,-16,5
WFI t=150201 a=-1574,-3874,225 g=2,0,-5
WFI t=150251 a=-1583,-3879,221 g=1,5,-10
WFI t=150302 a=-1588,-3900,229 g=0,0,-8
WFI t=150351 a=-1583,-3873,225 g=1,-3,-6
WFI t=150401 a=-1580,-3878,240 g=-1,-8,-4
WFI t=150452 a=-1559,-3869,216 g=-4,-3,1
WFI t=150501 a=-1577,-3866,211 g=-4,-4,-12
WFI t=150551 a=-1577,-3873,221 g=-1,-2,-5
WFI t=150602 a=-1572,-3888,217 g=-3,7,-12
WFI t=150651 a=-1586,-3864,237 g=-2,-4,-3
WFI t=150751 a=-1576,-3882,230 g=-2,-8,-5
WFI t=150754 a=-1576,-3882,230 g=-2,-8,-5
WFI t=150887 a=-1598,-3877,219 g=-2,3,-11
WFI t=150889 a=-1599,-3887,217 g=-7,-3,-10
WFI t=150902 a=-1591,-3881,219 g=-3,-11,-6
WFI t=150951 a=-1576,-3873,229 g=-7,-30,18
WFI t=151001 a=-1541,-3885,228 g=-2,3,-7
WFI t=151052 a=-1575,-3875,230 g=1,37,-31
WFI t=151101 a=-1609,-3869,226 g=-6,-19,-12
WFI t=151151 a=-1567,-3884,204 g=0,-25,22
WFI t=151202 a=-1535,-3873,210 g=0,13,-19
WFI t=151251 a=-1604,-3889,221 g=-5,11,-8
WFI t=151301 a=-1575,-3889,227 g=-6,-35,18
WFI t=151352 a=-1524,-3871,213 g=2,12,-20
WFI t=151401 a=-1616,-3873,217 g=-7,18,-25
WFI t=151451 a=-1583,-3880,224 g=2,-9,18
WFI t=151502 a=-1559,-3887,219 g=-6,-8,-17
WFI t=151551 a=-1620,-3894,233 g=2,-11,14
WFI t=151601 a=-1521,-3880,212 g=-3,-7,-11
WFI t=151652 a=-1603,-3873,235 g=3,40,-30
WFI t=151701 a=-1603,-3876,226 g=-7,-35,13
WFI t=151751 a=-1537,-3883,234 g=-4,-25,17
WFI t=151802 a=-1554,-3873,207 g=-2,37,-35
WFI t=151851 a=-1634,-3880,216 g=-2,4,-13
WFI t=151901 a=-1554,-3886,221 g=1,-13,17
WFI t=151952 a=-1566,-3870,225 g=-4,-12,-12
WFI t=152001 a=-1591,-3880,220 g=-1,-12,9
WFI t=152051 a=-1556,-3869,221 g=-2,3,-11
WFT t=152081 batt_mv=4186 rssi_mcu=0 rssi_bms=-81 mcu=0 bms=117 dropped=0
WFI t=152102 a=-1599,-3869,215 g=-4,12,-24
WFI t=152151 a=-1591,-3874,219 g=1,-4,8
WFI t=152201 a=-1568,-3867,196 g=2,-5,-12
WFI t=152252 a=-1616,-3887,222 g=-1,-10,6
WFI t=152301 a=-1549,-3878,226 g=-8,-21,9
WFI t=152351 a=-1553,-3889,228 g=5,36,-31
WFI t=152402 a=-1620,-3871,219 g=-6,5,-17
WFI t=152451 a=-1566,-3881,204 g=-3,-18,16
WFI t=152501 a=-1581,-3884,217 g=-4,-8,-9
WFI t=152552 a=-1586,-3878,224 g=-3,-7,1
WFI t=152601 a=-1541,-3876,226 g=6,-2,-2
WFI t=152651 a=-1576,-3873,211 g=-10,15,-28
WFI t=152788 a=-1598,-3877,232 g=-1,-13,8
WFI t=152803 a=-1578,-3873,216 g=-7,-7,-12
WFI t=152805 a=-1590,-3884,237 g=-4,-5,-10
WFI t=152852 a=-1558,-3880,206 g=-2,-8,3
WFI t=152901 a=-1568,-3874,220 g=-2,6,-15
WFI t=152951 a=-1596,-3873,220 g=1,6,-13
WFI t=153002 a=-1560,-3891,233 g=3,-16,11
WFI t=153051 a=-1563,-3879,217 g=-2,-2,-11
WFI t=153101 a=-1598,-3879,225 g=-3,7,-7
WFI t=153152 a=-1565,-3885,220 g=-4,-23,3
WFI t=153201 a=-1542,-3892,219 g=3,14,-6
WFI t=153251 a=-1591,-3879,231 g=-8,-2,-20
WFI t=153301 a=-1593,-3876,223 g=0,-12,17
WFI t=153351 a=-1543,-3889,220 g=-3,-6,-10
WFI t=153401 a=-1594,-3877,222 g=0,18,-18
WFI t=153452 a=-1592,-3875,221 g=-2,-18,4
WFI t=153501 a=-1549,-3879,215 g=1,-1,-2
WFI t=153551 a=-1596,-3884,225 g=0,5,-9
WFI t=153601 a=-1580,-3877,208 g=0,-7,2
WFI t=153651 a=-1562,-3886,219 g=0,-5,-2
WFI t=153701 a=-1552,-3880,208 g=2,10,-17
WFI t=153751 a=-1592,-3873,226 g=-8,-6,-6
WFI t=153801 a=-1568,-3873,216 g=-2,-9,2
WFI t=153851 a=-1566,-3882,229 g=3,-3,-5
WFI t=153901 a=-1584,-3869,209 g=-2,-7,-10
WFI t=153951 a=-1586,-3884,214 g=-6,-7,-1
WFI t=154001 a=-1568,-3872,186 g=0,24,-21
WFI t=154051 a=-1597,-3867,255 g=-4,-3,2
WFI t=154101 a=-1555,-3866,225 g=-5,-36,20
WFI t=154151 a=-1545,-3879,233 g=-2,10,-17
WFI t=154201 a=-1603,-3880,212 g=-6,2,-27
WFI t=154251 a=-1584,-3886,201 g=5,25,-1
WFI t=154301 a=-1591,-3883,240 g=-10,-14,-5
WFI t=154351 a=-1613,-3873,212 g=-4,-66,65
WFI t=154401 a=-1627,-3812,134 g=-49,87,102
WFI t=154451 a=-1628,-3996,183 g=43,-67,137
WFI t=154515 a=-1520,-3957,212 g=7,93,-98
WFI t=154551 a=-1692,-3889,247 g=-10,18,-58
WFI t=154601 a=-1601,-3911,219 g=-11,-77,40
WFI t=154652 a=-1544,-3852,204 g=4,2,-15
WFI t=154721 a=-1643,-3874,239 g=0,12,-41
WFI t=154864 a=-1633,-3858,189 g=-7,-38,5
WFI t=154951 a=-1498,-3885,206 g=11,62,-25
WFI t=154953 a=-1516,-3885,226 g=0,55,-54
WFI t=154955 a=-1532,-3881,227 g=-5,61,-68
WFI t=154958 a=-1532,-3881,227 g=-5,61,-68
WFI t=155001 a=-1662,-3859,214 g=-10,5,-25
WFI t=155051 a=-1611,-3882,199 g=1,-34,35
WFI t=155102 a=-1551,-3896,200 g=1,-8,-4
WFI t=155152 a=-1644,-3865,244 g=-3,29,-39
WFI t=155201 a=-1622,-3833,180 g=10,-27,55
WFI t=155252 a=-1513,-3868,191 g=1,33,-16
WFI t=155301 a=-1680,-3906,198 g=-9,28,-53
WFI t=155351 a=-1619,-3888,252 g=4,-55,65
WFI t=155402 a=-1496,-3827,209 g=-18,21,10
WFI t=155451 a=-1649,-3854,178 g=-3,19,-34
WFI t=155501 a=-1583,-3841,133 g=4,-28,21
WFI t=155552 a=-1524,-3881,206 g=18,69,-15
WFI t=155601 a=-1666,-3905,239 g=-3,12,-31
WFI t=155651 a=-1585,-3911,262 g=-3,-61,59
WFI t=155701 a=-1527,-3880,212 g=-30,-46,-2
WFI t=155751 a=-1583,-3852,157 g=14,44,-14
WFI t=155801 a=-1604,-3864,202 g=1,49,-29
WFI t=155851 a=-1627,-3905,237 g=6,29,0
WFI t=155901 a=-1604,-3884,218 g=-12,-67,15
WFI t=155951 a=-1580,-3865,192 g=-1,-45,24
WFI t=156002 a=-1576,-3872,194 g=-11,-1,-27
WFI t=156051 a=-1603,-3881,228 g=1,77,-44
WFI t=156101 a=-1644,-3865,219 g=-3,-3,-11
WFI t=156152 a=-1608,-3875,193 g=3,-34,30
WFI t=156201 a=-1584,-3858,196 g=-3,-21,16
WFI t=156251 a=-1596,-3875,212 g=1,-4,5
WFI t=156301 a=-1609,-3866,232 g=-8,-15,23
WFI t=156351 a=-1590,-3853,186 g=2,-24,16
WFI t=156401 a=-1572,-3840,192 g=-17,-14,-21
WFI t=156451 a=-1610,-3867,230 g=-3,45,-60
WFI t=156501 a=-1626,-3860,216 g=4,22,-21
WFI t=156551 a=-1609,-3867,205 g=-3,-4,0
WFI t=156601 a=-1626,-3885,209 g=-3,-31,14
WFI t=156651 a=-1581,-3872,203 g=1,-17,21
WFI t=156806 a=-1618,-3845,204 g=1,8,1
WFI t=156823 a=-1646,-3879,177 g=-8,0,11
WFI t=156826 a=-1646,-3879,177 g=-8,0,11
WFI t=156851 a=-1613,-3871,218 g=-4,3,20
WFI t=156901 a=-1593,-3862,219 g=-6,-28,6
WFI t=156951 a=-1588,-3855,248 g=-2,4,-11
WFI t=157001 a=-1604,-3856,198 g=2,22,-30
WFI t=157051 a=-1644,-3855,189 g=-6,1,-20
WFI t=157101 a=-1637,-3863,191 g=-6,-20,7
WFI t=157151 a=-1563,-3854,221 g=-3,-31,11
WFI t=157201 a=-1560,-3865,204 g=7,59,-40
WFE t=157207 bms stale, no frame for 10004 ms, dropping link
WFE t=157220 bms link down (stale) after 28 answers in 37492 ms, writes=37 err=0 silent=9 bytes=3612
WFT t=157225 batt_mv=4188 rssi_mcu=0 rssi_bms=0 mcu=0 bms=117 dropped=0
WFE t=157237 bms disconnected reason=534
WFI t=157252 a=-1648,-3854,199 g=2,41,-30
WFI t=157301 a=-1610,-3871,204 g=1,-24,15
WFI t=157351 a=-1574,-3900,209 g=-3,-25,25
WFI t=157401 a=-1571,-3879,212 g=-8,-13,-13
WFI t=157451 a=-1644,-3905,196 g=1,25,-6
WFI t=157501 a=-1576,-3889,223 g=3,25,24
WFI t=157551 a=-1625,-3869,229 g=-5,-27,5
WFI t=157601 a=-1540,-3853,209 g=-15,16,7
WFI t=157651 a=-1684,-3865,154 g=16,10,-4
WFI t=157701 a=-1597,-3901,242 g=-9,-26,15
WFI t=157751 a=-1577,-3870,245 g=-12,0,-25
WFI t=157801 a=-1662,-3852,141 g=-1,-19,-19
WFI t=157852 a=-1593,-3779,140 g=2,9,7
WFI t=157901 a=-1654,-3836,145 g=-1,3,-25
WFI t=157951 a=-1636,-3859,211 g=2,-63,62
WFI t=158001 a=-1528,-3861,233 g=-37,2,27
WFI t=158051 a=-1606,-3862,134 g=13,57,-47
WFI t=158101 a=-1697,-3880,176 g=-6,13,-38
WFI t=158151 a=-1623,-3886,199 g=2,-42,23
WFI t=158201 a=-1595,-3866,217 g=-6,-31,16
WFI t=158251 a=-1597,-3850,173 g=4,60,-34
WFI t=158301 a=-1660,-3834,175 g=-11,20,-35
WFI t=158351 a=-1631,-3873,198 g=-2,-39,6
WFI t=158401 a=-1574,-3867,197 g=-1,-19,-3
WFI t=158451 a=-1592,-3861,205 g=1,26,-12
WFI t=158501 a=-1614,-3862,182 g=2,-1,-6
WFI t=158551 a=-1611,-3878,198 g=-1,-19,10
WFI t=158601 a=-1580,-3878,227 g=-2,0,-17
WFI t=158651 a=-1608,-3859,206 g=-1,37,-20
WFI t=158736 a=-1642,-3855,183 g=-3,-9,2
WFI t=158830 a=-1576,-3856,209 g=-2,-1,-3
WFI t=158832 a=-1574,-3862,217 g=6,11,-11
WFI t=158851 a=-1574,-3851,213 g=4,30,-21
WFI t=158901 a=-1645,-3860,202 g=-3,35,-34
WFI t=158951 a=-1640,-3864,160 g=-4,-18,5
WFI t=159001 a=-1585,-3872,200 g=-5,-41,21
WFI t=159051 a=-1583,-3872,217 g=0,4,-6
WFI t=159101 a=-1600,-3871,222 g=1,25,-28
WFI t=159151 a=-1626,-3849,179 g=-8,3,-13
WFI t=159201 a=-1619,-3856,182 g=-4,-20,6
WFI t=159251 a=-1599,-3857,211 g=-1,-20,9
WFI t=159301 a=-1588,-3880,214 g=-1,9,-4
WFE t=159317 bms subscribed val=0x0010 cccd=0x0011 ctrl=0x0014 mtu=512 regs=62
WFE t=159318 bms conn itvl=80 latency=0 timeout=600
WFE t=159330 bms reconnected (attempt 4)
WFE t=159335 bms mtu event mtu=512
WFI t=159352 a=-1621,-3876,202 g=-6,5,-20
WFI t=159401 a=-1624,-3866,184 g=2,1,-7
WFI t=159452 a=-1609,-3865,195 g=0,-6,-8
WFI t=159501 a=-1603,-3862,214 g=-2,-5,5
WFI t=159551 a=-1596,-3882,202 g=1,-17,5
WFI t=159601 a=-1595,-3868,204 g=2,4,-10
WFR t=159617 src=bms type=0x02 len=129 data=d2037c0eeb0eea0eeb0eea0eeb0eea0eeb0eeb0eea0eea0eeb0eec0eee0eee0eef0eed0eef0eef0ef00ef00ef00ef00ef10ef10eee0ef00ef00ef00000000000000000003d0000000000000000000000000000042d753002ae0ef00eea003d003d00000157001c0001001d0000000100010eed0006000000000000000000007c87
WFI t=159651 a=-1614,-3851,198 g=-5,1,-16
WFI t=159701 a=-1598,-3868,211 g=3,3,-5
WFI t=159751 a=-1606,-3861,192 g=-2,3,-7
WFI t=159801 a=-1618,-3869,196 g=-1,-13,2
WFI t=159851 a=-1608,-3880,208 g=-1,-15,6
WFI t=159901 a=-1576,-3868,209 g=2,9,-11
WFI t=159951 a=-1621,-3870,211 g=-3,2,-16
WFI t=160001 a=-1601,-3870,195 g=-2,-10,9
WFI t=160051 a=-1609,-3868,185 g=-1,-6,-7
WFI t=160102 a=-1628,-3865,200 g=1,-2,-5
WFE t=160117 bms conn update status=0 itvl=12 latency=0 timeout=400
WFI t=160152 a=-1583,-3863,207 g=-2,-5,-2
WFI t=160201 a=-1609,-3869,203 g=3,17,-18
WFI t=160251 a=-1632,-3848,188 g=-2,-6,-6
WFI t=160301 a=-1608,-3869,198 g=-6,-19,14
WFI t=160352 a=-1593,-3875,202 g=-3,2,-12
WFI t=160401 a=-1622,-3864,198 g=-6,7,-13
WFI t=160451 a=-1606,-3855,190 g=4,-2,-3
WFI t=160501 a=-1617,-3860,206 g=-4,2,-10
WFI t=160552 a=-1615,-3879,205 g=1,-9,-2
WFI t=160601 a=-1597,-3865,215 g=3,-8,4
WFI t=160651 a=-1593,-3864,209 g=-3,0,-10
WFI t=160701 a=-1617,-3869,201 g=-3,6,-11
WFI t=160845 a=-1615,-3863,202 g=-3,-5,-8
WFR t=160845 src=bms type=0x02 len=129 data=d2037c0eeb0eea0eeb0eeb0eeb0eea0eeb0eeb0ee90eea0eeb0eec0eee0eee0eef0eed0eef0eef0ef00ef00ef00ef00ef10ef00eee0ef00ef00ef00000000000000000003d0000000000000000000000000000042d753002ae0ef10ee9003d003d00000157001c0001001d0000000100010eed000800000000000000000000735f
WFI t=160846 a=-1601,-3857,206 g=-3,-10,-9
WFI t=160852 a=-1617,-3868,213 g=-6,-11,-9
WFI t=160901 a=-1593,-3859,204 g=-4,4,0
WFI t=160951 a=-1609,-3864,191 g=1,2,-13
WFI t=161001 a=-1609,-3861,206 g=-2,4,-4
WFI t=161051 a=-1599,-3855,197 g=-3,-13,-2
WFI t=161102 a=-1603,-3860,203 g=0,-7,-3
WFI t=161151 a=-1608,-3873,187 g=-6,3,-7
WFI t=161201 a=-1605,-3868,196 g=-4,0,-10
WFI t=161251 a=-1602,-3870,193 g=-4,-11,-1
WFI t=161302 a=-1596,-3870,200 g=1,-1,-4
WFI t=161351 a=-1616,-3850,203 g=-3,7,-18
WFI t=161401 a=-1617,-3854,193 g=-5,-6,1
WFI t=161451 a=-1586,-3867,203 g=-4,-17,1
WFI t=161501 a=-1622,-3867,191 g=-3,-3,-8
WFI t=161551 a=-1598,-3858,180 g=-3,9,-8
WFI t=161602 a=-1622,-3857,190 g=-5,5,-12
WFI t=161651 a=-1611,-3863,197 g=-2,-10,0
WFI t=161702 a=-1605,-3864,200 g=0,-12,5
WFI t=161751 a=-1598,-3857,190 g=0,5,-9
WFR t=161752 src=bms type=0x02 len=129 data=d2037c0eeb0eea0eeb0eea0eeb0eea0eeb0eeb0ee90eea0eeb0eec0eee0eee0eef0eed0eef0eef0ef00ef00ef00ef00ef10ef00eee0ef00ef00ef00000000000000000003d0000000000000000000000000000042d753002ae0ef10ee9003d003d00000157001c0001001d0000000100010eed000800000000000000000000b01c
WFI t=161801 a=-1610,-3869,189 g=-7,5,-11
WFI t=161851 a=-1606,-3870,211 g=-4,-6,-1
WFI t=161902 a=-1594,-3868,189 g=-4,-1,-8
WFI t=161951 a=-1612,-3870,196 g=-4,-11,-4
WFI t=162001 a=-1593,-3853,189 g=0,1,-1
WFI t=162052 a=-1608,-3872,193 g=0,7,-13
WFI t=162101 a=-1624,-3862,198 g=-1,-4,-3
WFI t=162152 a=-1589,-3868,190 g=-4,-16,4
WFI t=162202 a=-1585,-3862,188 g=-8,1,-12
WFI t=162251 a=-1624,-3848,194 g=1,11,-13
WFI t=162302 a=-1620,-3872,205 g=-4,-9,-2
WFT t=162349 batt_mv=4170 rssi_mcu=0 rssi_bms=-79 mcu=0 bms=120 dropped=0
WFI t=162352 a=-1599,-3864,190 g=-1,-12,-1
WFI t=162401 a=-1604,-3860,181 g=-4,4,-11
WFI t=162451 a=-1611,-3874,193 g=-4,6,-8
WFI t=162502 a=-1603,-3861,203 g=0,-3,-3
WFI t=162552 a=-1611,-3874,205 g=-2,-22,2
WFI t=162602 a=-1590,-3865,187 g=4,1,-2
WFI t=162652 a=-1606,-3856,198 g=-5,10,-17
WFI t=162701 a=-1622,-3853,185 g=-1,-1,-4
WFR t=162760 src=bms type=0x02 len=129 data=d2037c0eeb0eea0eeb0eea0eeb0eea0eeb0eeb0ee90eea0eeb0eeb0eee0eee0eef0eed0eef0eef0ef00ef00eef0ef00ef00ef00eee0ef00eef0ef00000000000000000003d0000000000000000000000000000042d753002ae0ef00ee9003d003d00000157001c0001001d0000000100010eed000700000000000000000000812c
WFI t=162770 a=-1593,-3877,195 g=-1,-14,2
WFI t=162857 a=-1619,-3866,204 g=5,6,-10
WFI t=162859 a=-1620,-3860,191 g=4,7,-6
WFI t=162902 a=-1608,-3861,183 g=-2,-6,-7
WFI t=162952 a=-1601,-3868,210 g=0,-5,0
WFI t=163001 a=-1603,-3871,184 g=1,3,-11
WFI t=163052 a=-1623,-3868,204 g=0,2,-5
WFI t=163102 a=-1595,-3850,188 g=-4,-17,4
WFI t=163151 a=-1574,-3874,199 g=-1,-4,-8
WFI t=163202 a=-1615,-3859,192 g=-3,9,-13
WFI t=163252 a=-1606,-3855,187 g=3,2,-4
WFI t=163302 a=-1609,-3856,190 g=-4,-2,-10
WFI t=163385 a=-1597,-3861,191 g=1,-20,13
WFI t=163402 a=-1565,-3882,182 g=0,-4,-2
WFI t=163451 a=-1623,-3867,198 g=-4,18,-25
WFI t=163502 a=-1624,-3859,177 g=-3,-1,-4
WFI t=163552 a=-1609,-3865,185 g=-4,-19,1
WFI t=163601 a=-1605,-3869,187 g=0,0,-1
WFI t=163652 a=-1607,-3851,192 g=-1,-3,-11
WFI t=163702 a=-1615,-3872,189 g=4,6,-6
WFI t=163751 a=-1624,-3851,182 g=1,0,-9
WFR t=163792 src=bms type=0x02 len=129 data=d2037c0eeb0eea0eeb0eea0eeb0eea0eeb0eeb0ee90eea0eeb0eeb0eee0eee0eef0eed0eef0eef0ef00ef00eef0ef00ef10ef00eee0ef00ef00ef00000000000000000003d0000000000000000000000000000042d753002ae0ef10ee9003d003d00000157001c0001001d0000000100010eed0008000000000000000000006614
WFI t=163802 a=-1622,-3863,182 g=-1,-7,1
WFI t=163852 a=-1596,-3866,182 g=-1,-9,1
WFI t=163901 a=-1594,-3866,193 g=-5,4,-9
WFI t=163951 a=-1618,-3864,191 g=-4,-3,-3
WFI t=164002 a=-1605,-3857,186 g=-1,-4,-10
WFI t=164051 a=-1618,-3858,198 g=2,2,-9
WFI t=164101 a=-1628,-3856,188 g=0,-4,0
WFI t=164152 a=-1599,-3868,190 g=1,-1,-4
WFI t=164201 a=-1602,-3878,193 g=-6,-7,-4
WFI t=164251 a=-1596,-3859,189 g=-2,-9,-1
WFI t=164302 a=-1592,-3863,192 g=4,18,-17
WFI t=164351 a=-1628,-3856,192 g=-5,-3,-13
WFI t=164402 a=-1601,-3863,186 g=0,-24,14
WFI t=164452 a=-1596,-3855,200 g=-4,-7,-8
WFI t=164501 a=-1606,-3868,194 g=-4,10,-15
WFI t=164551 a=-1606,-3862,186 g=4,8,-6
WFI t=164602 a=-1616,-3863,193 g=-5,-10,-9
WFI t=164651 a=-1616,-3879,194 g=-2,-12,4
WFI t=164701 a=-1599,-3877,192 g=4,-5,-5
WFI t=164898 a=-1619,-3850,196 g=-5,6,-12
WFR t=164898 src=bms type=0x02 len=129 data=d2037c0eeb0eea0eeb0eeb0eeb0eea0eeb0eeb0ee90eea0eeb0eeb0eee0eee0eef0eed0eef0eef0ef00ef00eef0ef00ef00ef00eee0ef00ef00ef00000000000000000003d0000000000000000000000000000042d753002ae0ef00ee9003d003d00000157001c0001001d0000000100010eed0007000000000000000000007873
WFI t=164913 a=-1598,-3864,192 g=-4,7,-12
WFI t=165000 a=-1601,-3868,195 g=-2,-10,5
WFI t=165002 a=-1599,-3874,187 g=1,-10,0
WFI t=165004 a=-1597,-3856,195 g=-5,-10,0
WFI t=165006 a=-1597,-3856,195 g=-5,-10,0
WFI t=165052 a=-1608,-3866,197 g=1,-4,-11
WFI t=165101 a=-1621,-3865,192 g=-3,-1,-4
WFI t=165151 a=-1603,-3868,205 g=4,10,-11
WFI t=165202 a=-1639,-3864,187 g=-3,-11,-9
WFI t=165251 a=-1607,-3864,181 g=-3,-21,17
WFI t=165301 a=-1576,-3857,184 g=0,9,-16
WFI t=165352 a=-1636,-3864,201 g=2,24,-21
WFI t=165401 a=-1624,-3872,200 g=-6,-16,4
WFI t=165452 a=-1605,-3868,199 g=0,-14,5
WFI t=165502 a=-1616,-3879,177 g=-2,0,-14
WFI t=165551 a=-1617,-3868,194 g=3,6,-6
WFI t=165601 a=-1603,-3856,180 g=-2,3,-12
WFI t=165652 a=-1621,-3853,188 g=1,-3,-7
WFI t=165701 a=-1616,-3858,192 g=-2,-13,8
WFI t=165751 a=-1582,-3863,211 g=-5,-11,0
WFI t=165802 a=-1599,-3866,178 g=-4,3,-13
WFR t=165832 src=bms type=0x02 len=129 data=d2037c0eeb0eea0eeb0eeb0eeb0eea0eeb0eeb0ee90eea0eeb0eeb0eee0eee0eef0eed0eef0eef0ef00eef0eef0ef00ef00ef10eee0ef00ef00ef00000000000000000003d0000000000000000000000000000042d753002ae0ef10ee9003d003d00000157001c0001001d0000000100010eed0008000000000000000000000110
WFI t=165852 a=-1609,-3855,195 g=-7,5,-12
WFI t=165901 a=-1615,-3877,193 g=-3,-1,-10
WFI t=165952 a=-1600,-3860,203 g=2,-10,4
WFI t=166001 a=-1600,-3864,185 g=-9,-23,4
WFI t=166052 a=-1600,-3850,175 g=-3,1,-4
WFI t=166102 a=-1606,-3867,179 g=2,17,-25
WFI t=166151 a=-1621,-3861,203 g=-2,15,-13
WFI t=166201 a=-1610,-3868,220 g=-5,-26,10
WFI t=166252 a=-1584,-3858,191 g=-2,-19,5
WFI t=166301 a=-1606,-3863,187 g=-5,3,-16
WFI t=166351 a=-1615,-3854,183 g=2,15,-10
WFI t=166402 a=-1616,-3883,192 g=-1,4,-16
WFI t=166452 a=-1614,-3882,192 g=1,-15,2
WFI t=166501 a=-1606,-3883,193 g=-3,-18,4
WFI t=166552 a=-1590,-3869,170 g=-3,10,-15
WFI t=166601 a=-1606,-3867,200 g=3,14,-16
WFI t=166652 a=-1598,-3864,204 g=-9,-14,-1
WFI t=166702 a=-1600,-3853,161 g=1,-7,-3
WFI t=166785 a=-1604,-3849,164 g=-2,-18,2
WFI t=166869 a=-1606,-3911,253 g=-4,-20,7
WFR t=166870 src=bms type=0x02 len=129 data=d2037c0eeb0eea0eeb0eeb0eeb0eea0eeb0eeb0ee90eea0eeb0eec0eee0eee0eef0eee0eef0eef0ef00ef00eef0ef00ef10ef10eef0ef00ef00ef00000000000000000003d0000000000000000000000000000042d753002ae0ef10ee9003d003d00000157001c0001001d0000000100010eed0008000000000000000000006eda
WFI t=166871 a=-1609,-3878,195 g=4,8,5
WFI t=166902 a=-1576,-3876,193 g=-11,-13,-6
WFI t=166951 a=-1591,-3840,168 g=-2,24,-29
WFI t=167002 a=-1637,-3846,177 g=-1,16,-7
WFI t=167051 a=-1631,-3901,249 g=7,4,23
WFI t=167102 a=-1590,-3913,256 g=-11,-39,3
WFI t=167152 a=-1600,-3874,212 g=-6,-22,-5
WFI t=167201 a=-1583,-3829,136 g=-5,-12,-13
WFI t=167251 a=-1600,-3861,177 g=8,52,-18
WFI t=167302 a=-1616,-3873,228 g=-5,-4,0
WFI t=167351 a=-1608,-3901,202 g=1,-19,9
WFI t=167402 a=-1593,-3880,214 g=1,-8,-15
WFI t=167451 a=-1593,-3890,197 g=-14,-12,-28
WFT t=167456 batt_mv=4186 rssi_mcu=0 rssi_bms=-75 mcu=0 bms=125 dropped=0
WFI t=167501 a=-1622,-3828,141 g=-1,-10,-7
WFI t=167551 a=-1596,-3833,123 g=4,8,6
WFI t=167602 a=-1605,-3860,198 g=5,19,-9
WFI t=167651 a=-1616,-3883,214 g=1,1,9
WFI t=167702 a=-1590,-3847,175 g=-10,-31,-2
WFI t=167752 a=-1612,-3845,144 g=7,-1,-11
WFI t=167801 a=-1591,-3841,149 g=-2,18,-6
WFI t=167851 a=-1605,-3885,188 g=-2,14,-17
WFR t=167887 src=bms type=0x02 len=129 data=d2037c0eea0eea0eeb0eeb0eeb0eea0eeb0eec0ee90eea0eeb0eeb0eee0eee0eef0eed0eef0eef0ef00ef00ef00ef00ef10ef00eee0ef00ef00ef00000000000000000003d0000000000000000000000000000042d753002ae0ef10ee9003d003d00000157001c0001001d0000000100010eed000800000000000000000000cc18
WFI t=167902 a=-1602,-3878,227 g=-5,-4,-7
WFI t=167951 a=-1616,-3897,197 g=-3,-9,5
WFI t=168001 a=-1617,-3847,188 g=-4,-25,6
WFI t=168052 a=-1596,-3852,179 g=1,3,0
WFI t=168101 a=-1592,-3848,192 g=-6,3,-24
WFI t=168152 a=-1619,-3866,213 g=6,23,-13
WFI t=168202 a=-1625,-3868,187 g=-3,-7,-7
WFI t=168251 a=-1607,-3867,194 g=-5,-17,15
WFI t=168301 a=-1580,-3870,190 g=-6,-35,8
WFI t=168352 a=-1586,-3878,198 g=1,30,-31
WFI t=168401 a=-1639,-3862,161 g=2,39,-33
WFI t=168451 a=-1635,-3883,183 g=4,-9,8
WFI t=168502 a=-1591,-3879,204 g=0,-46,25
WFI t=168551 a=-1588,-3877,208 g=-6,-18,-7
WFI t=168601 a=-1601,-3860,171 g=1,20,-24
WFI t=168652 a=-1628,-3857,166 g=2,34,-16
WFI t=168701 a=-1623,-3882,207 g=-3,-13,-2
WFI t=168867 a=-1593,-3857,175 g=-4,-29,13
WFR t=168882 src=bms type=0x02 len=129 data=d2037c0eeb0eea0eeb0eeb0eeb0eea0eeb0eeb0ee90eea0eeb0eec0eee0eee0eef0eee0eef0eef0ef00ef00ef00ef00ef10ef00eef0ef00ef00ef00000000000000000003d0000000000000000000000000000042d753002ae0ef10ee9003d003d00000157001c0001001d0000000100010eed0008000000000000000000001d93
WFI t=168883 a=-1620,-3871,192 g=-7,39,-43
WFI t=168885 a=-1620,-3871,192 g=-7,39,-43
WFI t=168901 a=-1655,-3849,171 g=-4,38,-43
WFI t=168952 a=-1604,-3864,211 g=2,-11,16
WFI t=169001 a=-1581,-3871,191 g=-6,-34,13
WFI t=169051 a=-1626,-3876,185 g=-2,-24,12
WFI t=169102 a=-1586,-3877,170 g=6,-7,5
WFI t=169151 a=-1583,-3852,205 g=2,49,-36
WFI t=169201 a=-1646,-3852,202 g=-2,7,-16
WFI t=169251 a=-1620,-3868,190 g=-5,-45,30
WFI t=169301 a=-1575,-3866,166 g=5,12,-14
WFI t=169351 a=-1645,-3871,219 g=-3,5,-22
WFI t=169401 a=-1610,-3876,226 g=-5,-54,35
WFI t=169451 a=-1599,-3867,161 g=-7,-24,23
WFI t=169501 a=-1637,-3868,170 g=1,14,-11
WFI t=169552 a=-1648,-3877,214 g=1,-9,8
WFI t=169601 a=-1641,-3865,225 g=1,-9,24
WFI t=169651 a=-1678,-3848,199 g=13,-60,72
WFI t=169702 a=-1743,-3852,199 g=30,-57,136
WFI t=169751 a=-1711,-3826,205 g=22,-73,195
WFI t=169801 a=-1709,-3776,147 g=-42,64,179
WFI t=169851 a=-1681,-3866,267 g=-63,-34,158
WFR t=169898 src=bms type=0x02 len=129 data=d2037c0eeb0eea0eeb0eeb0eeb0eea0eeb0eeb0ee90eea0eeb0eec0eee0eef0eef0eed0eef0eef0ef00ef00ef00ef00ef10ef00eee0ef00ef00ef00000000000000000003d0000000000000000000000000000042d753002ae0ef10ee9003d003d00000157001c0001001d0000000100010eed00080000000000000000000069b2
WFI t=169901 a=-1694,-3790,246 g=-17,-48,59
WFI t=169951 a=-1668,-3730,137 g=4,2,-36
WFI t=170002 a=-1688,-3804,202 g=-46,55,-184
WFI t=170051 a=-1795,-3819,192 g=-34,17,-213
WFI t=170101 a=-1862,-3817,247 g=-8,20,-60
WFI t=170151 a=-1829,-3780,145 g=17,-70,103
WFI t=170201 a=-1753,-3814,217 g=-5,-94,168
WFI t=170251 a=-1749,-3790,207 g=20,-112,171
WFI t=170301 a=-1677,-3724,240 g=-24,-46,117
WFI t=170351 a=-1638,-3765,203 g=5,-11,-34
WFI t=170401 a=-1716,-3784,132 g=-19,65,-196
WFI t=170451 a=-1765,-3807,206 g=-52,93,-236
WFI t=170501 a=-1759,-3839,228 g=-20,113,-167
WFI t=170551 a=-1752,-3834,121 g=-19,6,-95
WFI t=170602 a=-1727,-3843,160 g=-11,-18,-27
WFI t=170651 a=-1682,-3849,132 g=-6,1,7
WFI t=170702 a=-1689,-3817,182 g=-4,30,40
WFI t=170751 a=-1684,-3842,210 g=20,0,50
WFR t=170898 src=bms type=0x02 len=129 data=d2037c0eeb0eea0eeb0eeb0eeb0eea0eeb0eeb0ee90eea0eeb0eeb0eee0eee0eef0eed0eef0eef0ef00ef00ef00ef00ef10ef00eee0ef00ef00ef00000000000000000003d0000000000000000000000000000042d753002ae0ef10eea003d003d00000157001c0001001d0000000100010eed000700000000000000000000d18b
WFI t=170899 a=-1676,-3819,141 g=16,37,-38
WFI t=170902 a=-1691,-3827,163 g=11,48,-43
WFI t=170904 a=-1691,-3827,163 g=11,48,-43
WFI t=170951 a=-1742,-3825,202 g=-14,-9,-11
WFI t=171002 a=-1745,-3814,171 g=0,-46,71
WFI t=171051 a=-1664,-3817,149 g=0,-39,83
WFI t=171101 a=-1605,-3822,159 g=-6,9,-9
WFI t=171152 a=-1657,-3823,181 g=-35,32,-96
WFI t=171201 a=-1678,-3821,176 g=8,62,-120
WFI t=171251 a=-1739,-3805,130 g=-17,14,-102
WFI t=171301 a=-1774,-3810,118 g=-4,-52,36
WFI t=171352 a=-1644,-3806,184 g=-33,-69,81
WFI t=171401 a=-1607,-3863,183 g=14,22,20
WFI t=171451 a=-1609,-3817,97 g=-23,-6,-54
WFI t=171501 a=-1708,-3795,138 g=10,199,-84
WFI t=171551 a=-1702,-3806,142 g=17,66,-45
WFI t=171601 a=-1734,-3792,177 g=15,-18,15
WFI t=171651 a=-1662,-3807,136 g=38,-97,71
WFI t=171707 a=-1683,-3906,143 g=10,23,57
WFI t=171751 a=-1670,-3849,150 g=60,9,26
WFI t=171801 a=-1640,-3827,112 g=29,31,-3
WFI t=171851 a=-1641,-3834,205 g=-19,-41,-77
WFR t=171893 src=bms type=0x02 len=129 data=d2037c0eeb0eea0eeb0eeb0eeb0eea0eeb0eeb0eea0eea0eeb0eeb0eee0eee0eef0eee0eef0eef0ef00ef00ef00ef00ef10ef00eef0ef00ef00ef00000000000000000003d0000000000000000000000000000042d753002ae0ef00eea003d003d00000157001c0001001d0000000100010eed0006000000000000000000007449
WFI t=171901 a=-1675,-3833,156 g=-1,11,-85
WFI t=171952 a=-1730,-3847,183 g=8,3,-27
WFI t=172001 a=-1615,-3863,193 g=1,33,25
WFI t=172051 a=-1657,-3868,163 g=8,-3,-4
WFI t=172102 a=-1680,-3878,194 g=20,-60,-15
WFI t=172151 a=-1689,-3869,155 g=36,41,40
WFI t=172201 a=-1647,-3816,163 g=-11,-37,30
WFI t=172252 a=-1645,-3865,210 g=-7,-58,11
WFI t=172301 a=-1676,-3826,150 g=-9,-66,-6
WFI t=172352 a=-1599,-3844,196 g=-12,12,-32
WFI t=172402 a=-1588,-3841,156 g=-8,67,-109
WFI t=172451 a=-1733,-3890,242 g=13,93,-131
WFI t=172501 a=-1698,-3814,159 g=9,-4,30
WFT t=172509 batt_mv=4188 rssi_mcu=0 rssi_bms=-81 mcu=0 bms=130 dropped=0
WFI t=172552 a=-1646,-3843,113 g=-2,-6,49
WFI t=172601 a=-1657,-3869,196 g=-2,2,20
WFI t=172651 a=-1675,-3835,180 g=-11,-20,38
WFI t=172702 a=-1643,-3852,205 g=11,-29,19
WFI t=172751 a=-1610,-3843,153 g=-17,-16,-13
WFI t=173022 a=-1712,-3835,197 g=7,41,-32
WFR t=173037 src=bms type=0x02 len=129 data=d2037c0eeb0eea0eeb0eeb0eeb0eea0eeb0eeb0eea0eea0eeb0eeb0eee0eee0eef0eed0eef0eef0ef00ef00eef0ef00ef10ef00eee0ef00ef00ef00000000000000000003d0000000000000000000000000000042d753002ae0ef10eea003d003d00000157001c0001001d0000000100010eed0007000000000000000000003121
WFI t=173038 a=-1636,-3841,169 g=2,-6,6
WFI t=173040 a=-1649,-3853,170 g=-5,0,4
WFI t=173043 a=-1649,-3853,170 g=-5,0,4
WFI t=173046 a=-1638,-3845,168 g=-2,2,3
WFI t=173051 a=-1633,-3845,171 g=1,6,3
WFI t=173101 a=-1634,-3834,156 g=-4,20,-26
WFI t=173152 a=-1653,-3861,173 g=2,24,-24
WFI t=173201 a=-1674,-3851,156 g=-7,-15,-17
WFI t=173251 a=-1679,-3840,183 g=-4,-50,36
WFI t=173302 a=-1629,-3850,128 g=-3,1,25
WFI t=173351 a=-1626,-3852,177 g=-3,3,-6
WFI t=173401 a=-1604,-3874,207 g=0,61,-47
WFI t=173451 a=-1649,-3870,164 g=7,55,-110
WFI t=173501 a=-1754,-3843,136 g=12,-57,-48
WFI t=173551 a=-1646,-3851,190 g=-3,-116,110
WFI t=173601 a=-1622,-3914,190 g=-56,-112,34
WFI t=173651 a=-1605,-3851,124 g=17,-33,26
WFI t=173701 a=-1537,-3884,183 g=18,130,-62
WFI t=173752 a=-1697,-3865,170 g=-4,172,-130
WFI t=173801 a=-1774,-3854,179 g=-1,34,-30
WFI t=173851 a=-1661,-3848,167 g=-5,-139,100
WFI t=173902 a=-1566,-3839,71 g=-12,128,9
WFR t=173933 src=bms type=0x02 len=129 data=d2037c0eeb0eea0eeb0eeb0eeb0eea0eeb0eeb0ee90eea0eeb0eec0eee0eee0eef0eed0eef0eef0ef00ef00ef00ef00ef10ef00eee0ef00ef00ef00000000000000000003d0000000000000000000000000000042d753002ae0ef10ee9003d003d00000157001c0001001d0000000100010eed000800000000000000000000735f
WFI t=173951 a=-1675,-3806,142 g=18,107,-61
WFI t=174001 a=-1733,-3861,192 g=9,46,26
WFI t=174051 a=-1592,-3852,134 g=2,-35,25
WFI t=174101 a=-1645,-3854,175 g=-10,-23,-3
WFI t=174151 a=-1625,-3859,163 g=-2,17,-13
WFI t=174201 a=-1644,-3848,194 g=-2,27,-38
WFI t=174251 a=-1662,-3853,164 g=-1,30,-24
WFI t=174302 a=-1679,-3854,170 g=-7,-52,15
WFI t=174352 a=-1594,-3850,165 g=8,-19,35
WFI t=174401 a=-1650,-3840,164 g=-7,13,-37
WFI t=174451 a=-1696,-3849,196 g=3,-7,4
WFI t=174502 a=-1592,-3849,152 g=-6,-17,-3
WFI t=174551 a=-1664,-3841,176 g=-2,15,-31
WFI t=174601 a=-1663,-3852,169 g=-1,-8,15
WFI t=174651 a=-1609,-3855,174 g=-2,-9,3
WFI t=174701 a=-1651,-3851,172 g=-6,8,-26
WFI t=174752 a=-1684,-3865,167 g=-5,-24,4
WFI t=174813 a=-1607,-3851,177 g=8,28,-5
WFI t=174852 a=-1668,-3849,164 g=-10,1,-20
WFI t=174992 a=-1646,-3842,169 g=3,-7,29
WFR t=174993 src=bms type=0x02 len=129 data=d2037c0eeb0eea0eeb0eea0eeb0eea0eeb0eeb0ee90eea0eeb0eeb0eee0eee0eef0eee0eef0eef0ef00ef00eef0ef00ef10ef00eee0ef00ef00ef00000000000000000003d0000000000000000000000000000042d753002ae0ef10ee9003d003d00000157001c0001001d0000000100010eed000800000000000000000000f5e4
WFI t=174994 a=-1658,-3855,161 g=1,24,-25
WFI t=175002 a=-1644,-3842,170 g=-3,29,-25
WFI t=175052 a=-1659,-3845,157 g=-5,-3,-20
WFI t=175101 a=-1635,-3850,180 g=-2,-22,6
WFI t=175151 a=-1635,-3858,177 g=-8,-58,4
WFI t=175202 a=-1646,-3842,177 g=9,-34,7
WFI t=175252 a=-1633,-3847,189 g=-6,-34,23
WFI t=175301 a=-1562,-3849,167 g=13,110,-48
WFI t=175352 a=-1733,-3853,188 g=-8,72,-71
WFI t=175401 a=-1707,-3833,155 g=5,-32,49
WFI t=175451 a=-1598,-3851,183 g=-6,-91,50
WFI t=175502 a=-1608,-3924,204 g=-4,-1,-5
WFI t=175551 a=-1649,-3862,163 g=-7,17,-30
WFI t=175601 a=-1646,-3834,143 g=-2,44,-41
WFI t=175652 a=-1685,-3849,147 g=3,-16,-16
WFI t=175701 a=-1656,-3855,196 g=2,-46,49
WFI t=175751 a=-1596,-3807,157 g=-14,47,30
WFI t=175802 a=-1662,-3828,144 g=8,54,-16
WFI t=175851 a=-1694,-3852,160 g=-2,12,-29
WFI t=175901 a=-1654,-3840,166 g=-9,-46,8
WFI t=175952 a=-1610,-3839,158 g=0,-22,-10
WFR t=175973 src=bms type=0x02 len=129 data=d2037c0eeb0eea0eeb0eeb0eeb0eea0eeb0eeb0ee90eea0eeb0eeb0eef0eee0eef0eed0eef0eef0ef00ef00eef0ef00ef10ef00eee0ef00ef00ef00000000000000000003d0000000000000000000000000000042d753002ae0ef10ee9003d003d00000157001c0001001d0000000100010eed0008000000000000000000006e7a
WFI t=176001 a=-1672,-3846,162 g=-6,-18,-17
WFI t=176051 a=-1674,-3854,156 g=-4,-34,10
WFI t=176102 a=-1609,-3831,164 g=10,19,-10
WFI t=176151 a=-1663,-3858,166 g=6,53,-31
WFI t=176201 a=-1690,-3850,180 g=8,7,16
WFI t=176252 a=-1625,-3851,156 g=-6,-42,24
WFI t=176301 a=-1634,-3853,170 g=-5,-12,-14
WFI t=176351 a=-1649,-3853,161 g=-9,-15,-19
WFI t=176402 a=-1631,-3845,160 g=-1,19,-16
WFI t=176451 a=-1654,-3853,185 g=-1,19,-24
WFI t=176501 a=-1682,-3847,166 g=3,6,7
WFI t=176552 a=-1646,-3848,172 g=-2,-31,24
WFI t=176601 a=-1623,-3852,161 g=2,-8,-3
WFI t=176651 a=-1659,-3841,181 g=-8,5,-25
WFI t=176702 a=-1650,-3845,146 g=2,15,-20
WFI t=176751 a=-1662,-3861,163 g=-1,-3,-8
WFI t=176926 a=-1648,-3870,172 g=-8,-32,16
WFI t=176929 a=-1649,-3863,161 g=-7,22,-38
WFI t=176933 a=-1649,-3863,161 g=-7,22,-38
WFI t=176951 a=-1688,-3845,174 g=-1,10,-31
WFR t=176993 src=bms type=0x02 len=129 data=d2037c0eeb0eea0eeb0eea0eeb0eea0eeb0eeb0ee90eea0eeb0eeb0eee0eee0eef0eee0eef0eef0ef00ef00ef00ef00ef00ef00eee0ef00ef00ef00000000000000000003d0000000000000000000000000000042d753002ae0ef10ee9003d003d00000157001c0001001d0000000100010eed000800000000000000000000378c
WFI t=177002 a=-1662,-3849,168 g=-2,-16,11
WFI t=177051 a=-1643,-3854,178 g=-3,-26,1
WFI t=177101 a=-1655,-3843,161 g=4,4,-6
WFI t=177152 a=-1635,-3854,173 g=-4,5,-6
WFI t=177201 a=-1641,-3849,156 g=-3,16,-14
WFI t=177251 a=-1668,-3859,174 g=-2,-5,-10
WFI t=177302 a=-1654,-3867,162 g=-1,-27,12
WFI t=177352 a=-1629,-3862,160 g=0,1,-1
WFI t=177401 a=-1659,-3846,157 g=0,17,-25
WFI t=177452 a=-1682,-3863,168 g=0,-11,3
WFI t=177501 a=-1616,-3861,158 g=5,-3,1
WFI t=177551 a=-1663,-3849,153 g=-5,5,-24
WFT t=177587 batt_mv=4186 rssi_mcu=0 rssi_bms=-76 mcu=0 bms=135 dropped=0
WFI t=177602 a=-1666,-3840,159 g=-2,-16,11
WFI t=177651 a=-1618,-3847,165 g=-6,-22,5
WFI t=177701 a=-1635,-3851,175 g=-3,19,-22
WFI t=177752 a=-1652,-3846,158 g=-6,2,-13
WFI t=177801 a=-1650,-3860,168 g=6,-3,1
WFI t=177851 a=-1625,-3846,156 g=0,0,-14
WFI t=177902 a=-1673,-3854,171 g=0,-26,7
WFI t=177951 a=-1612,-3854,170 g=2,-2,8
WFR t=177983 src=bms type=0x02 len=129 data=d2037c0eeb0eea0eeb0eea0eeb0eea0eeb0eeb0ee90eea0eeb0eeb0eee0eee0eef0eed0eef0eef0ef00ef00eef0ef00ef10ef00eee0ef00ef00ef00000000000000000003d0000000000000000000000000000042d753002ae0ef00ee9003d003d00000157001c0001001d0000000100010eed0007000000000000000000004a90
WFI t=178002 a=-1650,-3851,158 g=-1,21,-35
WFI t=178052 a=-1691,-3848,168 g=3,-6,8
WFI t=178101 a=-1604,-3838,158 g=-6,-24,9
WFI t=178151 a=-1639,-3845,179 g=0,5,-23
WFI t=178202 a=-1662,-3842,160 g=0,-2,0
WFI t=178251 a=-1625,-3842,165 g=0,1,-5
WFI t=178301 a=-1659,-3842,177 g=-3,9,-15
WFI t=178352 a=-1659,-3831,174 g=0,-13,7
WFI t=178402 a=-1639,-3840,159 g=-1,-13,5
WFI t=178451 a=-1652,-3848,148 g=-8,-2,-18
WFI t=178502 a=-1648,-3846,164 g=2,19,-11
WFI t=178551 a=-1640,-3856,175 g=4,4,-11
WFI t=178601 a=-1658,-3848,174 g=1,-1,8
WFI t=178652 a=-1629,-3858,167 g=-6,-18,2
WFI t=178701 a=-1645,-3844,173 g=-5,-6,-3
WFI t=178751 a=-1624,-3850,169 g=4,16,-8
WFI t=178801 a=-1662,-3851,162 g=-1,20,-23
WFI t=178932 a=-1683,-3854,165 g=-4,-25,3
WFI t=178934 a=-1604,-3858,180 g=3,0,-7
WFI t=178952 a=-1618,-3840,170 g=5,18,-19
WFI t=179001 a=-1671,-3857,166 g=1,14,-13
WFR t=179003 src=bms type=0x02 len=129 data=d2037c0eeb0eea0eeb0eeb0eeb0eea0eeb0eeb0ee90eea0eeb0eec0eef0eef0eef0eee0eef0eef0ef00ef00ef00ef00ef10ef10eee0ef00ef00ef00000000000000000003d0000000000000000000000000000042e753002ae0ef10ee9003d003d00000157001c0001001d0000000100010eed000800000000000000000000372c
WFI t=179051 a=-1639,-3854,168 g=-2,-4,0
WFI t=179102 a=-1637,-3849,173 g=-1,-10,-9
WFI t=179151 a=-1664,-3850,163 g=1,-13,6
WFI t=179202 a=-1609,-3850,155 g=0,4,-2
WFI t=179252 a=-1634,-3851,166 g=7,25,-24
WFI t=179301 a=-1667,-3854,177 g=-5,-14,-4
WFI t=179351 a=-1631,-3847,182 g=-3,-26,15
WFI t=179402 a=-1622,-3851,151 g=3,11,-12
WFI t=179451 a=-1666,-3850,162 g=2,29,-16
WFI t=179501 a=-1650,-3853,170 g=0,-6,-6
WFI t=179552 a=-1657,-3851,166 g=-7,-25,3
WFI t=179601 a=-1633,-3851,171 g=-5,-5,-2
WFI t=179651 a=-1640,-3864,158 g=-3,15,-18
WFI t=179702 a=-1668,-3845,169 g=-8,-20,1
WFI t=179751 a=-1620,-3838,153 g=1,-17,5
WFI t=179801 a=-1636,-3836,162 g=2,11,-23
WFI t=179852 a=-1671,-3841,167 g=-3,2,-6
WFI t=179901 a=-1624,-3867,178 g=1,-13,8
WFI t=179951 a=-1660,-3858,162 g=-3,5,-19
WFR t=179993 src=bms type=0x02 len=129 data=d2037c0eeb0eea0eeb0eea0eeb0eea0eeb0eeb0ee90eea0eeb0eec0eef0eee0eef0eed0eef0eef0ef00eef0ef00ef00ef10ef00eee0ef00ef00ef00000000000000000003d0000000000000000000000000000042d753002ae0ef10ee9003d003d00000157001c0001001d0000000100010eed0008000000000000000000006e57
WFI t=180002 a=-1672,-3848,169 g=-1,-26,12
WFI t=180051 a=-1610,-3846,161 g=-2,-11,7
WFI t=180101 a=-1642,-3854,154 g=0,32,-32
WFI t=180152 a=-1692,-3856,175 g=0,-6,-5
WFI t=180201 a=-1630,-3862,168 g=-1,-23,18
WFI t=180251 a=-1615,-3835,166 g=-3,7,-17
WFI t=180302 a=-1675,-3857,171 g=1,6,-9
WFI t=180351 a=-1645,-3845,167 g=0,-9,5
WFI t=180401 a=-1649,-3846,171 g=-5,-5,-5
WFI t=180452 a=-1649,-3846,167 g=1,-4,-4
WFI t=180501 a=-1636,-3851,174 g=-5,1,-2
WFI t=180551 a=-1641,-3837,157 g=-6,2,-14
WFI t=180602 a=-1667,-3838,156 g=-2,-4,-4
WFI t=180651 a=-1645,-3849,175 g=-4,-10,2
WFI t=180701 a=-1645,-3843,171 g=1,12,-10
WFI t=180751 a=-1648,-3847,168 g=-3,-2,-7
WFI t=180801 a=-1659,-3851,181 g=-6,-12,1
WFI t=181011 a=-1641,-3843,172 g=-3,-5,-6
WFI t=181096 a=-1652,-3849,154 g=-3,-16,3
WFR t=181097 src=bms type=0x02 len=129 data=d2037c0eeb0eea0eeb0eea0eeb0eea0eeb0eeb0eea0eea0eeb0eec0eee0eee0eef0eed0eef0eef0ef00ef00ef00ef00ef10ef10eee0ef00ef00ef00000000000000000003d0000000000000000000000000000042d753002ae0ef10ee9003d003d00000157001c0001001d0000000100010eed00080000000000000000000023ff
WFI t=181098 a=-1631,-3850,162 g=2,12,-11
WFI t=181101 a=-1635,-3846,177 g=3,12,-12
WFI t=181103 a=-1635,-3846,177 g=3,12,-12
WFI t=181105 a=-1646,-3853,163 g=1,14,-13
WFI t=181151 a=-1657,-3854,191 g=0,7,-8
WFI t=181201 a=-1641,-3866,167 g=-1,-7,0
WFI t=181251 a=-1664,-3866,169 g=-1,-15,-3
WFI t=181301 a=-1644,-3832,162 g=2,-6,2
WFI t=181352 a=-1633,-3855,168 g=1,10,-14
WFI t=181401 a=-1661,-3843,163 g=-2,6,-10
WFI t=181451 a=-1664,-3851,164 g=-3,-16,5
WFI t=181502 a=-1635,-3852,169 g=-1,-8,-3
WFI t=181551 a=-1646,-3836,151 g=-2,5,-13
WFI t=181601 a=-1664,-3849,173 g=0,3,-4
WFI t=181652 a=-1638,-3850,154 g=-5,-5,-4
WFI t=181701 a=-1644,-3842,156 g=-5,-8,-4
WFI t=181751 a=-1645,-3852,153 g=2,2,-1
WFI t=181802 a=-1641,-3841,153 g=2,7,-11
WFI t=181851 a=-1661,-3846,147 g=-5,-7,-5
WFI t=181901 a=-1650,-3850,160 g=-1,-13,1
WFI t=181951 a=-1641,-3847,164 g=0,9,-8
WFI t=182001 a=-1655,-3845,167 g=-5,3,-11
WFR t=182003 src=bms type=0x02 len=129 data=d2037c0eeb0eea0eeb0eeb0eeb0eea0eeb0eeb0ee90eea0eeb0eec0eee0eee0eef0eed0eef0ef00ef00ef00ef00ef00ef10ef00eee0ef00ef00ef00000000000000000003d0000000000000000000000000000042d753002ae0ef10ee9003d003d00000157001c0001001d0000000100010eed000800000000000000000000974c
WFI t=182051 a=-1660,-3840,173 g=-5,-20,6
WFI t=182101 a=-1628,-3845,142 g=-2,-9,-1
WFI t=182151 a=-1653,-3844,171 g=-6,17,-22
WFI t=182201 a=-1657,-3843,150 g=0,8,-11
WFI t=182252 a=-1658,-3859,164 g=-8,-22,5
WFI t=182301 a=-1632,-3843,158 g=1,-11,3
WFI t=182351 a=-1639,-3853,165 g=-4,4,-8
WFI t=182401 a=-1646,-3846,156 g=-1,7,-13
WFI t=182451 a=-1653,-3860,156 g=0,6,-9
WFI t=182501 a=-1628,-3846,146 g=-6,-13,-3
WFI t=182552 a=-1635,-3863,175 g=-1,-1,4
WFI t=182601 a=-1650,-3841,155 g=-5,0,-15
WFT t=182616 batt_mv=4172 rssi_mcu=0 rssi_bms=-77 mcu=0 bms=140 dropped=0
WFI t=182651 a=-1655,-3844,159 g=-5,-4,0
WFI t=182701 a=-1635,-3846,153 g=0,-8,-4
WFI t=182751 a=-1649,-3862,156 g=-3,8,-13
WFI t=182801 a=-1643,-3843,156 g=0,5,-7
WFI t=182948 a=-1642,-3851,153 g=2,-10,3
WFI t=182963 a=-1647,-3851,157 g=-1,-6,-3
WFI t=182965 a=-1640,-3851,157 g=-3,-2,-4
WFI t=183001 a=-1640,-3856,161 g=2,9,-11
WFR t=183023 src=bms type=0x02 len=129 data=d2037c0eea0eea0eeb0eea0eeb0eea0eeb0eeb0ee90eea0eeb0eeb0eee0eee0eef0eed0eef0eef0ef00ef00ef00ef00ef00ef10eef0ef00ef00ef00000000000000000003d0000000000000000000000000000042d753002ae0ef00ee9003d003d00000157001c0001001d0000000100010eed00070000000000000000000061b9
WFI t=183051 a=-1654,-3862,166 g=3,21,-15
WFI t=183101 a=-1659,-3847,161 g=-1,-17,1
WFI t=183151 a=-1641,-3852,162 g=-1,-28,11
WFI t=183201 a=-1627,-3849,148 g=-1,-3,-10
WFI t=183251 a=-1655,-3857,169 g=-1,20,-17
WFI t=183301 a=-1656,-3853,155 g=-3,10,-12
WFI t=183351 a=-1663,-3841,166 g=-5,-17,2
WFI t=183401 a=-1644,-3859,164 g=-3,-21,8
WFI t=183451 a=-1633,-3868,161 g=6,11,-14
WFI t=183501 a=-1650,-3843,163 g=-5,10,-18
WFI t=183551 a=-1660,-3857,158 g=3,-4,1
WFI t=183601 a=-1642,-3849,146 g=-2,-12,3
WFI t=183651 a=-1637,-3851,156 g=-3,-1,-4
WFI t=183701 a=-1641,-3862,164 g=2,4,-5
WFI t=183751 a=-1650,-3851,158 g=-7,-3,-12
WFI t=183801 a=-1655,-3850,167 g=-1,4,-5
WFI t=183851 a=-1647,-3847,159 g=-5,-4,-6
WFI t=183901 a=-1653,-3863,158 g=-3,-1,-2
WFI t=183951 a=-1639,-3854,167 g=-3,-15,0
WFI t=184001 a=-1632,-3844,158 g=-3,-1,-8
WFR t=184014 src=bms type=0x02 len=129 data=d2037c0eeb0eea0eeb0eea0eeb0eea0eeb0eeb0ee90eea0eeb0eeb0eee0eee0eef0eee0eef0eef0ef00ef00eef0ef00ef00ef00eee0ef00ef00ef00000000000000000003d0000000000000000000000000000042d753002ae0ef00ee9003d003d00000157001c0001001d0000000100010eed00070000000000000000000028c0
WFI t=184051 a=-1652,-3847,161 g=-5,10,-18
WFI t=184101 a=-1671,-3849,173 g=3,4,-4
WFI t=184151 a=-1644,-3860,164 g=-9,-21,7
WFI t=184201 a=-1638,-3848,151 g=2,-7,-1
WFI t=184251 a=-1651,-3867,173 g=2,-7,-11
WFI t=184301 a=-1646,-3845,153 g=0,9,-9
WFI t=184351 a=-1646,-3849,150 g=0,19,-19
WFI t=184401 a=-1678,-3846,168 g=-2,-10,-2
WFI t=184451 a=-1635,-3837,169 g=-4,-38,22
WFI t=184501 a=-1612,-3840,163 g=1,0,-5
WFI t=184551 a=-1657,-3842,157 g=2,30,-27
WFI t=184601 a=-1669,-3836,157 g=1,7,-9
WFI t=184651 a=-1653,-3854,149 g=-3,-18,5
WFI t=184701 a=-1654,-3848,165 g=-2,-27,5
WFI t=184751 a=-1631,-3855,176 g=3,-5,1
WFI t=184801 a=-1636,-3854,150 g=0,25,-24
WFI t=184888 a=-1669,-3845,182 g=1,-7,-2
WFI t=184971 a=-1630,-3852,159 g=1,-13,6
WFI t=184973 a=-1627,-3859,170 g=-1,-4,-1
WFI t=185001 a=-1645,-3857,159 g=4,8,-12
WFR t=185034 src=bms type=0x02 len=129 data=d2037c0eeb0eea0eeb0eeb0eeb0eea0eeb0eeb0ee90eea0eeb0eeb0eee0eee0eef0eee0eef0eef0ef00ef00ef00ef00ef10ef00eee0ef00ef00ef00000000000000000003d0000000000000000000000000000042d753002ae0ef00ee9003d003d00000157001c0001001d0000000100010eed00070000000000000000000029eb
WFI t=185052 a=-1655,-3845,158 g=1,4,-10
WFI t=185101 a=-1650,-3857,159 g=-5,-2,-10
WFI t=185151 a=-1645,-3849,169 g=-5,-1,-9
WFI t=185201 a=-1645,-3856,149 g=3,-9,0
WFI t=185252 a=-1627,-3851,167 g=-3,-3,-5
WFI t=185301 a=-1650,-3854,166 g=-3,6,-18
WFI t=185351 a=-1655,-3844,166 g=3,-3,-9
WFI t=185401 a=-1644,-3847,160 g=-1,-7,1
WFI t=185452 a=-1650,-3853,170 g=4,-2,0
WFI t=185501 a=-1657,-3865,164 g=0,-15,11
WFI t=185551 a=-1630,-3851,171 g=2,6,-1
WFI t=185601 a=-1635,-3846,167 g=-2,0,-24
WFI t=185652 a=-1657,-3856,160 g=2,-1,-11
WFI t=185701 a=-1640,-3859,165 g=-3,-6,-8
WFI t=185751 a=-1663,-3845,167 g=-3,6,-8
WFI t=185801 a=-1657,-3860,180 g=1,-11,2
WFI t=185852 a=-1640,-3849,173 g=-3,-21,4
WFI t=185901 a=-1608,-3842,138 g=1,14,-15
WFI t=185951 a=-1666,-3849,162 g=-10,6,-24
WFI t=186001 a=-1655,-3851,167 g=-2,-27,16
WFR t=186039 src=bms type=0x02 len=129 data=d2037c0eeb0eea0eeb0eeb0eeb0eea0eeb0eeb0ee90eea0eeb0eec0eee0eee0eef0eed0eef0eef0ef00ef00ef00ef00ef10ef10eee0ef00ef00ef00000000000000000003d0000000000000000000000000000042d753002ae0ef00ee9003d003d00000157001c0001001d0000000100010eed0007000000000000000000001f5a
WFI t=186052 a=-1608,-3862,163 g=-2,-13,-1
WFI t=186102 a=-1654,-3837,148 g=-2,14,-19
WFI t=186151 a=-1635,-3865,176 g=-3,8,-3
WFI t=186201 a=-1645,-3849,160 g=-7,11,-29
WFI t=186251 a=-1675,-3865,174 g=0,-13,-6
WFI t=186302 a=-1625,-3846,158 g=-9,-25,8
WFI t=186351 a=-1634,-3846,168 g=4,19,-12
WFI t=186401 a=-1657,-3845,163 g=-4,1,-5
WFI t=186451 a=-1638,-3842,143 g=0,4,5
WFI t=186501 a=-1649,-3862,174 g=-6,-15,-7
WFI t=186551 a=-1622,-3849,157 g=-4,-13,-6
WFI t=186601 a=-1609,-3856,164 g=7,33,-22
WFI t=186651 a=-1667,-3847,175 g=-12,1,-32
WFI t=186701 a=-1669,-3835,154 g=0,-22,20
WFI t=186751 a=-1601,-3844,159 g=-9,-41,2
WFI t=186801 a=-1620,-3850,166 g=6,39,-16
WFI t=186888 a=-1658,-3850,152 g=-3,2,-27
WFI t=186941 a=-1608,-3845,147 g=-11,-26,-3
WFI t=186954 a=-1616,-3852,141 g=-10,-30,-8
WFI t=187068 a=-1623,-3856,154 g=-7,8,-16
WFR t=187069 src=bms type=0x02 len=129 data=d2037c0eeb0eea0eeb0eeb0eeb0eea0eeb0eeb0ee90eea0eeb0eec0eee0eee0eef0eed0eef0eef0ef00ef00ef00ef00ef00ef00eef0ef00ef00ef00000000000000000003d0000000000000000000000000000042d753002ae0ef00ee9003d003d00000157001c0001001d0000000100010eed0007000000000000000000005347
WFI t=187070 a=-1647,-3857,164 g=-5,8,-21
WFI t=187101 a=-1638,-3852,168 g=-1,12,-11
WFI t=187151 a=-1640,-3851,157 g=-6,-17,-1
WFI t=187201 a=-1634,-3871,163 g=-3,-18,-9
WFI t=187251 a=-1620,-3851,156 g=4,14,-13
WFI t=187301 a=-1614,-3840,188 g=-4,1,-20
WFI t=187351 a=-1612,-3882,163 g=5,19,9
WFI t=187401 a=-1636,-3847,169 g=-11,-51,-19
WFI t=187451 a=-1651,-3887,183 g=-4,-36,34
WFI t=187501 a=-1553,-3857,137 g=2,42,-30
WFI t=187551 a=-1715,-3857,160 g=-8,15,-43
WFI t=187601 a=-1654,-3854,154 g=0,-78,61
WFI t=187651 a=-1523,-3885,178 g=0,5,1
WFT t=187653 batt_mv=4178 rssi_mcu=0 rssi_bms=-78 mcu=0 bms=145 dropped=0
WFI t=187701 a=-1681,-3859,163 g=-3,54,-66
WFI t=187751 a=-1690,-3857,187 g=5,-19,43
WFI t=187801 a=-1548,-3841,130 g=-2,-4,9
WFI t=187851 a=-1694,-3852,164 g=-13,-5,-41
WFI t=187901 a=-1654,-3848,159 g=-1,-56,34
WFI t=187951 a=-1555,-3853,184 g=4,22,-7
WFI t=188002 a=-1660,-3843,137 g=4,94,-68
WFI t=188051 a=-1702,-3879,199 g=0,-8,22
WFI t=188101 a=-1616,-3848,128 g=-15,-130,26
WFI t=188159 a=-1615,-3878,185 g=24,-22,34
WFI t=188201 a=-1528,-3854,126 g=2,58,-55
WFI t=188251 a=-1689,-3866,195 g=7,77,-87
WFI t=188301 a=-1706,-3816,112 g=-2,-46,21
WFI t=188351 a=-1622,-3857,196 g=4,-98,83
WFI t=188402 a=-1518,-3854,159 g=9,92,-29
WFI t=188451 a=-1713,-3846,198 g=-13,63,-74
WFI t=188501 a=-1659,-3845,132 g=9,-24,48
WFI t=188552 a=-1600,-3853,160 g=-22,-111,12
WFI t=188601 a=-1621,-3859,169 g=10,-20,7
WFI t=188651 a=-1594,-3865,187 g=3,36,-19
WFI t=188702 a=-1649,-3841,155 g=-2,91,-55
WFI t=188751 a=-1713,-3845,176 g=-11,-41,13
WFI t=188801 a=-1586,-3847,148 g=0,-60,54
WFI t=188852 a=-1604,-3860,180 g=-4,0,-31
WFI t=189028 a=-1628,-3870,175 g=0,-4,6
WFI t=189112 a=-1649,-3857,169 g=-9,-47,4
WFI t=189127 a=-1608,-3855,150 g=0,23,-30
WFI t=189129 a=-1619,-3870,179 g=-6,23,-40
WFI t=189131 a=-1630,-3862,174 g=-9,26,-41
WFI t=189152 a=-1656,-3866,182 g=0,36,-30
WFI t=189201 a=-1651,-3847,146 g=-5,-41,2
WFI t=189251 a=-1636,-3862,189 g=-10,-47,24
WFI t=189301 a=-1585,-3863,155 g=-2,13,-16
WFI t=189351 a=-1652,-3863,182 g=6,60,-31
WFI t=189401 a=-1662,-3853,163 g=-7,-16,-3
WFI t=189451 a=-1626,-3843,161 g=-6,-44,23
WFI t=189501 a=-1608,-3857,170 g=-9,-20,-16
WFI t=189551 a=-1640,-3872,174 g=1,29,-18
WFI t=189601 a=-1641,-3866,175 g=-9,14,-18
WFI t=189651 a=-1643,-3833,170 g=-3,-25,6
WFI t=189701 a=-1613,-3844,158 g=-1,-22,10
WFI t=189752 a=-1621,-3864,169 g=-4,10,-26
WFI t=189802 a=-1649,-3856,160 g=-3,9,-11
WFI t=189851 a=-1629,-3866,171 g=-1,-10,2
WFI t=189901 a=-1602,-3860,151 g=-4,18,-14
WFI t=189951 a=-1661,-3863,170 g=-5,-11,-3
WFI t=190002 a=-1609,-3855,150 g=1,-22,12
WFI t=190051 a=-1604,-3864,173 g=-3,11,-22
WFI t=190101 a=-1638,-3848,156 g=-4,16,-26
WFI t=190151 a=-1658,-3874,178 g=-2,-26,12
WFI t=190201 a=-1578,-3862,155 g=0,-4,4
WFI t=190251 a=-1647,-3865,172 g=-4,2,-22
WFI t=190301 a=-1622,-3863,155 g=-2,-2,4
WFI t=190352 a=-1600,-3856,165 g=-2,3,-18
WFI t=190401 a=-1634,-3858,168 g=2,19,-27
WFI t=190451 a=-1655,-3863,180 g=-6,-30,3
WFI t=190501 a=-1583,-3869,162 g=-3,-14,12
WFI t=190551 a=-1611,-3860,170 g=-2,21,-27
WFI t=190601 a=-1648,-3862,155 g=-2,15,-6
WFI t=190652 a=-1609,-3847,168 g=1,-10,12
WFI t=190701 a=-1611,-3865,164 g=-6,-9,-7
WFI t=190751 a=-1639,-3865,168 g=2,-9,2
WFI t=190801 a=-1606,-3862,164 g=-6,-20,8
WFI t=190851 a=-1600,-3851,166 g=3,22,-14
WFI t=190987 a=-1654,-3880,168 g=1,17,-23
WFI t=191004 a=-1605,-3855,165 g=-2,-33,16
WFI t=191007 a=-1601,-3863,171 g=-2,-29,8
WFI t=191051 a=-1618,-3851,151 g=3,8,-9
WFI t=191101 a=-1636,-3856,173 g=-5,-10,-5
WFI t=191152 a=-1597,-3854,155 g=2,7,2
WFI t=191201 a=-1638,-3848,165 g=-3,-8,-25
WFI t=191252 a=-1642,-3848,147 g=0,-10,8
WFI t=191301 a=-1600,-3860,169 g=-2,-15,-5
WFI t=191351 a=-1630,-3841,165 g=5,25,-14
WFI t=191401 a=-1651,-3862,158 g=-6,-7,-1
WFI t=191452 a=-1608,-3858,152 g=6,3,11
WFI t=191501 a=-1617,-3859,167 g=-4,-15,-10
WFI t=191551 a=-1625,-3852,153 g=3,-1,1
WFI t=191602 a=-1625,-3854,164 g=0,-6,-5
WFI t=191651 a=-1630,-3846,169 g=5,9,-6
WFI t=191701 a=-1624,-3869,169 g=5,3,0
WFI t=191752 a=-1627,-3841,153 g=-1,-1,1
WFI t=191801 a=-1637,-3846,168 g=-6,-6,2
WFI t=191852 a=-1636,-3858,151 g=-3,-13,-10
WFI t=191901 a=-1642,-3862,173 g=1,6,-7
WFI t=191951 a=-1657,-3863,185 g=-4,-14,2
WFI t=192001 a=-1589,-3860,144 g=13,59,-13
WFI t=192052 a=-1690,-3852,163 g=-15,-30,-20
WFI t=192101 a=-1620,-3849,153 g=-2,-48,51
WFI t=192151 a=-1565,-3865,179 g=-6,-14,-20
WFI t=192202 a=-1640,-3858,160 g=9,77,-46
WFI t=192251 a=-1673,-3864,168 g=-3,-17,1
WFI t=192301 a=-1608,-3869,154 g=0,-21,24
WFI t=192352 a=-1638,-3867,178 g=-11,-26,-11
WFI t=192401 a=-1606,-3853,176 g=3,12,-3
WFI t=192452 a=-1607,-3854,165 g=-3,30,-30
WFI t=192502 a=-1654,-3850,170 g=0,14,-20
WFI t=192551 a=-1657,-3868,160 g=-9,-57,21
WFI t=192601 a=-1588,-3856,166 g=-2,-14,13
WFI t=192652 a=-1629,-3850,164 g=-3,28,-38
WFI t=192701 a=-1662,-3871,162 g=6,18,-10
WFI t=192751 a=-1627,-3867,169 g=-6,-43,12
WFI t=192802 a=-1612,-3861,171 g=1,-1,6
WFT t=192813 batt_mv=4184 rssi_mcu=0 rssi_bms=-79 mcu=0 bms=145 dropped=0
WFI t=192851 a=-1641,-3851,152 g=-5,-1,-16
WFI t=192999 a=-1628,-3855,149 g=0,14,-8
WFI t=193014 a=-1643,-3874,184 g=3,-9,-1
WFI t=193016 a=-1625,-3858,159 g=-4,-9,1
WFI t=193051 a=-1614,-3856,171 g=-3,-1,-4
WFI t=193102 a=-1629,-3841,154 g=-1,11,-13
WFI t=193151 a=-1654,-3851,164 g=-3,-33,6
WFI t=193201 a=-1601,-3849,163 g=-1,-14,10
WFI t=193252 a=-1607,-3855,171 g=-1,24,-32
WFI t=193301 a=-1658,-3860,161 g=-3,32,-25
WFI t=193351 a=-1647,-3857,166 g=-6,-34,8
WFI t=193402 a=-1594,-3853,142 g=-4,-26,10
WFI t=193451 a=-1622,-3874,178 g=-7,3,-22
WFI t=193501 a=-1631,-3855,161 g=3,24,-12
WFI t=193552 a=-1632,-3858,173 g=2,1,-8
WFI t=193601 a=-1635,-3855,151 g=-6,-3,-4
WFI t=193651 a=-1646,-3857,182 g=-7,-30,13
WFI t=193702 a=-1588,-3854,158 g=-3,3,-2
WFI t=193751 a=-1630,-3876,163 g=-4,24,-34
WFI t=193801 a=-1651,-3855,160 g=-6,-1,-5
WFI t=193852 a=-1621,-3851,163 g=-4,-30,15
WFI t=193901 a=-1607,-3856,163 g=-1,-7,0
WFI t=193951 a=-1642,-3857,157 g=1,13,-10
WFI t=194002 a=-1632,-3835,161 g=-4,-2,-16
WFI t=194051 a=-1637,-3873,153 g=5,2,-8
WFI t=194101 a=-1638,-3861,169 g=-2,-5,3
WFI t=194152 a=-1611,-3863,179 g=1,6,0
WFI t=194201 a=-1637,-3879,144 g=2,3,-15
WFI t=194251 a=-1639,-3863,159 g=3,-4,8
WFI t=194301 a=-1623,-3858,154 g=-1,-12,-8
WFI t=194351 a=-1637,-3859,171 g=4,14,-10
WFI t=194401 a=-1624,-3863,175 g=4,0,-1
WFI t=194452 a=-1615,-3858,164 g=4,6,-2
WFI t=194501 a=-1629,-3883,156 g=0,-7,-4
WFI t=194551 a=-1625,-3857,156 g=-3,-2,-8
WFI t=194601 a=-1635,-3856,164 g=-4,-11,-8
WFI t=194651 a=-1627,-3865,154 g=-2,-13,-1
WFI t=194701 a=-1627,-3863,177 g=3,13,3
WFI t=194752 a=-1649,-3856,149 g=-8,-6,-13
WFI t=194801 a=-1657,-3869,165 g=6,-10,10
WFI t=194851 a=-1608,-3873,164 g=-2,1,-3
WFI t=195009 a=-1647,-3858,145 g=-3,-13,0
WFI t=195026 a=-1589,-3850,157 g=4,25,-14
WFI t=195028 a=-1583,-3849,163 g=3,39,-24
WFI t=195052 a=-1639,-3847,171 g=-3,34,-42
WFI t=195101 a=-1670,-3852,170 g=0,-9,0
WFI t=195151 a=-1609,-3867,168 g=-4,-56,18
WFI t=195201 a=-1623,-3852,171 g=-1,-3,3
WFI t=195251 a=-1634,-3856,153 g=-3,17,-22
WFI t=195301 a=-1644,-3867,150 g=13,63,-26
WFI t=195351 a=-1682,-3838,170 g=-15,-41,-8
WFI t=195401 a=-1635,-3862,180 g=-6,-86,50
WFI t=195451 a=-1542,-3859,154 g=4,43,-17
WFI t=195502 a=-1660,-3845,154 g=7,126,-88
WFI t=195551 a=-1744,-3854,166 g=-6,-51,19
WFI t=195601 a=-1558,-3867,143 g=-8,-113,76
WFI t=195652 a=-1582,-3861,170 g=-4,-5,-37
WFI t=195701 a=-1659,-3856,167 g=8,82,-46
WFI t=195751 a=-1649,-3861,165 g=-3,15,-12
WFI t=195802 a=-1628,-3854,153 g=2,-19,8
WFI t=195851 a=-1658,-3865,162 g=-16,-71,25
WFI t=195901 a=-1566,-3859,164 g=-2,-1,8
WFI t=195952 a=-1623,-3848,170 g=5,61,-60
WFI t=196001 a=-1687,-3867,172 g=-1,27,-24
WFI t=196051 a=-1642,-3865,153 g=-15,-71,33
WFI t=196102 a=-1586,-3856,175 g=-2,-20,21
WFI t=196151 a=-1612,-3856,171 g=-2,38,-35
WFI t=196201 a=-1650,-3861,170 g=4,25,-21
WFI t=196251 a=-1632,-3861,170 g=-10,-34,3
WFI t=196301 a=-1611,-3861,168 g=3,-5,4
WFI t=196351 a=-1617,-3852,158 g=-7,1,-15
WFI t=196402 a=-1635,-3870,159 g=1,2,-1
WFI t=196451 a=-1613,-3860,150 g=6,-1,-6
WFI t=196501 a=-1650,-3864,166 g=-6,-6,-13
WFI t=196552 a=-1607,-3853,169 g=0,-2,-6
WFI t=196601 a=-1634,-3859,174 g=1,8,-13
WFI t=196651 a=-1632,-3859,168 g=-1,0,4
WFI t=196702 a=-1622,-3854,182 g=-5,-26,8
WFI t=196751 a=-1598,-3862,158 g=-3,6,-15
WFI t=196801 a=-1632,-3843,160 g=2,18,-28
WFI t=196852 a=-1640,-3852,168 g=1,3,3
WFI t=196901 a=-1616,-3863,163 g=-2,-19,3
WFI t=197035 a=-1609,-3857,168 g=5,6,-6
WFI t=197037 a=-1608,-3857,171 g=4,18,-14
WFI t=197051 a=-1598,-3845,168 g=6,24,-21
WFI t=197101 a=-1656,-3860,164 g=-1,-3,-16
WFI t=197152 a=-1633,-3859,160 g=-3,-24,21
WFI t=197201 a=-1600,-3854,162 g=-4,-10,-6
WFE t=197239 bms stale, no frame for 10169 ms, dropping link
WFI t=197251 a=-1647,-3848,156 g=-3,1,-12
WFE t=197252 bms link down (stale) after 28 answers in 37922 ms, writes=38 err=0 silent=10 bytes=3612
WFE t=197259 bms disconnected reason=534
WFI t=197301 a=-1621,-3870,181 g=5,-11,6
WFI t=197351 a=-1606,-3851,170 g=0,20,-21
WFI t=197401 a=-1664,-3866,163 g=-1,0,-12
WFI t=197451 a=-1623,-3859,153 g=0,-26,27
WFI t=197501 a=-1588,-3865,165 g=-2,-7,-1
WFI t=197551 a=-1645,-3860,164 g=2,25,-24
WFI t=197601 a=-1666,-3873,156 g=-3,-5,-10
WFI t=197651 a=-1610,-3849,157 g=-2,-14,3
WFI t=197701 a=-1636,-3850,174 g=-6,-13,-4
WFI t=197751 a=-1627,-3849,165 g=-2,3,-1
WFI t=197801 a=-1631,-3856,147 g=-3,1,1
WFI t=197851 a=-1593,-3869,164 g=6,37,3
WFI t=197901 a=-1625,-3874,153 g=-4,17,-33
WFI t=197951 a=-1668,-3866,169 g=1,-34,19
WFI t=198001 a=-1571,-3854,151 g=-4,-38,18
WFI t=198051 a=-1647,-3858,173 g=-9,1,-27
WFI t=198101 a=-1618,-3854,154 g=5,21,-6
WFI t=198152 a=-1607,-3870,161 g=-5,21,-20
WFI t=198201 a=-1666,-3835,136 g=-3,-12,-14
WFI t=198251 a=-1660,-3857,163 g=-3,-57,39
WFI t=198301 a=-1576,-3857,146 g=0,1,-6
WFI t=198351 a=-1674,-3851,177 g=-1,43,-39
WFI t=198401 a=-1666,-3837,152 g=-6,-32,14
WFI t=198451 a=-1582,-3838,163 g=-1,-18,7
WFI t=198501 a=-1654,-3849,150 g=-3,4,-36
WFI t=198551 a=-1652,-3868,182 g=4,-4,14
WFI t=198601 a=-1578,-3861,162 g=2,17,-3
WFI t=198651 a=-1675,-3846,166 g=-8,2,-34
WFI t=198701 a=-1648,-3851,165 g=-1,-50,37
WFI t=198751 a=-1554,-3867,158 g=3,12,-9
WFI t=198801 a=-1667,-3853,173 g=5,64,-54
WFI t=198851 a=-1661,-3861,171 g=1,-22,16
WFI t=198901 a=-1589,-3858,180 g=-11,-61,29
WFI t=198997 a=-1601,-3868,150 g=4,19,-27
WFI t=199047 a=-1600,-3859,169 g=7,11,5
WFI t=199052 a=-1619,-3869,165 g=5,11,9
WFI t=199220 a=-1649,-3869,168 g=-4,-29,15
WFI t=199234 a=-1593,-3847,161 g=-7,-1,-9
WFI t=199317 a=-1593,-3845,169 g=-1,23,-20
WFI t=199319 a=-1649,-3853,178 g=-4,-11,-3
WFI t=199321 a=-1649,-3863,173 g=0,-13,0
WFI t=199351 a=-1630,-3865,162 g=-1,-22,8
WFI t=199401 a=-1622,-3850,146 g=-4,-9,-2
WFI t=199451 a=-1646,-3845,176 g=0,-5,2
WFI t=199501 a=-1604,-3845,162 g=-1,4,-13
WFI t=199551 a=-1655,-3863,188 g=-6,-2,-14
WFI t=199601 a=-1628,-3845,163 g=-7,-15,-1
WFI t=199652 a=-1623,-3848,151 g=4,13,-16
WFI t=199701 a=-1658,-3857,157 g=-2,-16,-8
WFE t=199720 bms subscribed val=0x0010 cccd=0x0011 ctrl=0x0014 mtu=512 regs=62
WFE t=199721 bms conn itvl=80 latency=0 timeout=600
WFE t=199734 bms reconnected (attempt 5)
WFT t=199740 batt_mv=4168 rssi_mcu=0 rssi_bms=-80 mcu=0 bms=145 dropped=0
WFE t=199741 bms mtu event mtu=512
WFI t=199751 a=-1608,-3869,187 g=4,-1,18
WFI t=199801 a=-1610,-3870,183 g=-4,-2,-21
WFI t=199851 a=-1639,-3852,152 g=3,26,-20
WFI t=199901 a=-1649,-3860,144 g=-1,-9,-7
WFI t=199951 a=-1627,-3848,154 g=3,-6,7
WFI t=200001 a=-1610,-3864,178 g=-6,-13,3
WFR t=200019 src=bms type=0x02 len=129 data=d2037c0eeb0eea0eeb0eea0eeb0eea0eeb0eeb0ee90eea0eeb0eec0eee0eee0eef0eed0eef0eef0ef00eef0eef0ef00ef00ef00eee0ef00ef00ef00000000000000000003d0000000000000000000000000000042d753002ae0ef00ee9003d003d00000157001c0001001d0000000100010eed0007000000000000000000004b96
WFI t=200051 a=-1592,-3860,172 g=-1,14,-25
WFI t=200101 a=-1655,-3858,184 g=-3,6,-21
WFI t=200151 a=-1626,-3847,151 g=-7,-24,-9
WFI t=200201 a=-1644,-3857,158 g=-2,-7,0
WFI t=200251 a=-1614,-3845,168 g=-1,0,2
WFI t=200301 a=-1627,-3854,178 g=7,12,-8
WFE t=200319 bms conn update status=0 itvl=12 latency=0 timeout=400
WFI t=200352 a=-1657,-3848,170 g=-5,-35,2
WFI t=200401 a=-1584,-3854,151 g=6,12,6
WFI t=200451 a=-1620,-3857,161 g=-2,51,-55
WFI t=200501 a=-1697,-3856,172 g=-1,-12,8
WFI t=200551 a=-1589,-3866,163 g=1,-61,55
WFI t=200602 a=-1567,-3853,157 g=-4,19,-35
WFI t=200651 a=-1688,-3854,172 g=-3,16,-32
WFI t=200701 a=-1618,-3848,149 g=6,-13,23
WFI t=200751 a=-1605,-3832,148 g=-3,3,-26
WFI t=200801 a=-1674,-3866,172 g=-3,-5,2
WFI t=200851 a=-1589,-3875,153 g=-1,-18,16
WFI t=200901 a=-1604,-3869,163 g=5,38,-30
WFI t=200963 a=-1663,-3856,157 g=-5,13,-14
WFI t=201046 a=-1611,-3865,179 g=-7,-41,6
WFI t=201052 a=-1616,-3875,163 g=-7,-30,5
WFI t=201101 a=-1601,-3857,166 g=5,31,-16
WFI t=201151 a=-1650,-3858,161 g=-4,14,-23
WFI t=201202 a=-1644,-3854,156 g=3,-9,16
WFR t=201249 src=bms type=0x02 len=129 data=d2037c0eeb0eea0eeb0eeb0eeb0eea0eeb0eeb0eea0eea0eeb0eeb0eee0eee0eee0eed0eef0eef0ef00ef00eef0ef00ef10ef10eef0ef00ef00ef00000000000000000003d0000000000000000000000000000042e753002ae0ef10eea003d003d00000157001c0001001d0000000100010eed000700000000000000000000eff2
WFI t=201251 a=-1600,-3853,159 g=-3,-33,6
WFI t=201301 a=-1626,-3860,169 g=-1,12,-9
WFI t=201351 a=-1619,-3859,167 g=-2,2,-14
WFI t=201401 a=-1648,-3849,187 g=-4,-10,-4
WFI t=201451 a=-1611,-3861,166 g=-3,-5,-8
WFI t=201502 a=-1644,-3860,165 g=-6,-5,-13
WFI t=201551 a=-1642,-3859,174 g=0,-16,7
WFI t=201601 a=-1603,-3861,177 g=4,4,-8
WFI t=201651 a=-1627,-3838,168 g=0,21,-19
WFI t=201701 a=-1650,-3849,158 g=0,-9,14
WFI t=201751 a=-1610,-3853,169 g=1,10,13
WFI t=201801 a=-1630,-3858,163 g=-4,21,-12
WFI t=201851 a=-1648,-3865,162 g=2,2,-5
WFI t=201901 a=-1618,-3853,169 g=1,-2,-4
WFI t=201951 a=-1651,-3858,162 g=-10,-31,-24
WFI t=202001 a=-1647,-3858,174 g=1,-37,13
WFI t=202051 a=-1587,-3861,164 g=-3,-2,-5
WFI t=202101 a=-1643,-3869,180 g=3,35,-23
WFI t=202151 a=-1646,-3848,157 g=-1,4,-8
WFR t=202179 src=bms type=0x02 len=129 data=d2037c0eeb0eea0eeb0eea0eeb0eea0eeb0eeb0eea0eea0eeb0eeb0eee0eee0eef0eed0eef0eef0ef00ef00ef00ef00ef00ef00eee0ef00ef00ef00000000000000000003d0000000000000000000000000000042d753002ae0ef00eea003d003d00000157001c0001001d0000000100010eed0006000000000000000000002866
WFI t=202201 a=-1634,-3860,164 g=1,-13,13
WFI t=202252 a=-1606,-3854,133 g=-5,-21,-8
WFI t=202301 a=-1633,-3858,203 g=5,1,-7
WFI t=202351 a=-1605,-3870,171 g=1,13,-20
WFI t=202401 a=-1658,-3857,183 g=-7,-1,-17
WFI t=202451 a=-1644,-3838,164 g=-14,-67,23
WFI t=202501 a=-1563,-3852,183 g=12,38,7
WFI t=202551 a=-1666,-3850,126 g=-12,33,-59
WFI t=202601 a=-1672,-3867,191 g=13,-1,37
WFI t=202651 a=-1552,-3861,162 g=-15,-65,-4
WFI t=202702 a=-1632,-3867,183 g=4,25,-24
WFI t=202751 a=-1630,-3866,159 g=-2,-15,-10
WFI t=202801 a=-1606,-3865,170 g=11,48,-9
WFI t=202851 a=-1654,-3848,160 g=-11,-22,-16
WFI t=202901 a=-1618,-3861,181 g=6,-27,33
WFI t=203037 a=-1596,-3876,177 g=-5,0,-30
WFI t=203052 a=-1649,-3861,166 g=-5,-1,-7
WFI t=203054 a=-1642,-3862,175 g=-3,-16,1
WFI t=203101 a=-1621,-3857,171 g=2,-22,13
WFI t=203151 a=-1611,-3861,173 g=-4,-6,-1
WFI t=203201 a=-1608,-3838,160 g=-9,4,-15
WFI t=203251 a=-1637,-3854,149 g=2,21,-20
WFR t=203289 src=bms type=0x02 len=129 data=d2037c0eeb0eea0eeb0eeb0eeb0eea0eeb0eeb0ee90eea0eeb0eec0eee0eee0eef0eed0eef0eef0ef00ef00ef00ef00ef10ef00eee0ef00ef00ef00000000000000000003d0000000000000000000000000000042d753002ae0ef10ee9003d003d00000157001c0001001d0000000100010eed000800000000000000000000735f
WFI t=203301 a=-1658,-3868,196 g=-8,-45,13
WFI t=203351 a=-1569,-3868,145 g=6,0,13
WFI t=203401 a=-1632,-3883,180 g=-3,42,-28
WFI t=203451 a=-1651,-3860,139 g=4,7,-3
WFI t=203501 a=-1612,-3865,170 g=8,-18,15
WFI t=203551 a=-1610,-3851,166 g=-10,-26,-19
WFI t=203601 a=-1641,-3857,180 g=7,4,5
WFI t=203651 a=-1601,-3865,166 g=0,-7,-5
WFI t=203701 a=-1625,-3868,181 g=3,47,-21
WFI t=203752 a=-1673,-3858,175 g=-8,-23,-8
WFI t=203801 a=-1608,-3857,160 g=1,-31,27
WFI t=203851 a=-1605,-3851,172 g=-6,-16,-21
WFI t=203901 a=-1630,-3853,167 g=9,44,-21
WFI t=203951 a=-1653,-3846,172 g=-12,-48,3
WFI t=204001 a=-1567,-3856,164 g=15,35,15
WFI t=204051 a=-1647,-3847,167 g=-13,-16,-47
WFI t=204101 a=-1663,-3838,174 g=7,-19,39
WFI t=204151 a=-1578,-3862,171 g=-12,-48,9
WFI t=204201 a=-1618,-3852,139 g=12,97,-43
WFI t=204251 a=-1710,-3851,173 g=-15,-22,-20
WFR t=204265 src=bms type=0x02 len=129 data=d2037c0eeb0eea0eeb0eea0eeb0eea0eeb0eeb0ee90eea0eeb0eec0eee0eee0eef0eed0eef0eef0ef00ef00ef00ef00ef10ef00eef0ef00ef00ef00000000000000000003d0000000000000000000000000000042d753002ae0ef10ee9003d003d00000157001c0001001d0000000100010eed0008000000000000000000004d20
WFI t=204301 a=-1589,-3852,169 g=-1,-39,52
WFI t=204351 a=-1586,-3842,174 g=-23,-21,-35
WFI t=204401 a=-1668,-3847,162 g=10,47,-20
WFI t=204451 a=-1627,-3839,166 g=-7,-6,-4
WFI t=204501 a=-1648,-3853,159 g=-2,-12,5
WFI t=204552 a=-1618,-3877,189 g=5,-3,7
WFI t=204601 a=-1635,-3844,146 g=-15,-41,-25
WFI t=204651 a=-1621,-3881,195 g=14,16,23
WFI t=204701 a=-1587,-3850,137 g=-10,14,-38
WFI t=204751 a=-1676,-3864,169 g=18,78,-19
WFI t=204801 a=-1662,-3864,178 g=-15,-95,25
WFI t=204851 a=-1533,-3867,172 g=11,-1,31
WFT t=204858 batt_mv=4184 rssi_mcu=0 rssi_bms=-75 mcu=0 bms=150 dropped=0
WFI t=204901 a=-1634,-3867,175 g=-21,0,-70
WFI t=204977 a=-1660,-3869,154 g=2,-19,21
WFI t=205064 a=-1651,-3856,164 g=-3,20,-32
WFI t=205067 a=-1651,-3856,164 g=-3,20,-32
WFI t=205102 a=-1674,-3865,183 g=-1,-6,14
WFI t=205151 a=-1581,-3867,147 g=-6,-20,10
WFI t=205201 a=-1646,-3856,175 g=-12,7,-31
WFI t=205251 a=-1641,-3843,164 g=-4,-28,2
WFR t=205300 src=bms type=0x02 len=129 data=d2037c0eeb0eea0eeb0eeb0eeb0eea0eeb0eeb0eea0eea0eeb0eec0eee0eee0eef0eed0eef0eef0ef00ef00ef00ef00ef00ef00eef0ef00ef00ef00000000000000000003d0000000000000000000000000000042d753002ae0ef00ee9003d003d00000157001c0001001d0000000100010eed0007000000000000000000008025
WFI t=205302 a=-1589,-3864,173 g=1,6,6
WFI t=205351 a=-1638,-3855,155 g=-3,16,-30
WFI t=205401 a=-1646,-3872,184 g=3,-4,13
WFI t=205451 a=-1595,-3843,156 g=-3,-34,-3
WFI t=205501 a=-1632,-3873,183 g=4,9,-6
WFI t=205551 a=-1598,-3853,152 g=0,28,-25
WFI t=205601 a=-1661,-3870,184 g=-6,-2,-11
WFI t=205651 a=-1630,-3860,172 g=-9,-68,26
WFI t=205701 a=-1555,-3877,193 g=6,24,2
WFI t=205751 a=-1644,-3843,145 g=2,68,-72
WFI t=205801 a=-1718,-3858,189 g=-2,-21,16
WFI t=205851 a=-1573,-3858,142 g=-5,-71,40
WFI t=205901 a=-1603,-3860,196 g=0,19,-24
WFI t=205951 a=-1654,-3852,156 g=-2,33,-22
WFI t=206001 a=-1629,-3869,170 g=9,25,-1
WFI t=206051 a=-1634,-3847,158 g=-2,-7,-20
WFI t=206101 a=-1664,-3863,178 g=-4,-60,27
WFI t=206151 a=-1573,-3860,159 g=-1,-25,18
WFI t=206201 a=-1598,-3871,175 g=3,71,-54
WFI t=206251 a=-1675,-3860,171 g=-1,30,-24
WFR t=206290 src=bms type=0x02 len=129 data=d2037c0eeb0eea0eeb0eea0eeb0eea0eeb0eeb0eea0eea0eeb0eeb0eee0eee0eef0eed0eef0eef0ef00ef00eef0ef00ef10ef00eee0ef00ef00ef00000000000000000003d0000000000000000000000000000042d753002ae0ef10eea003d003d00000157001c0001001d0000000100010eed000700000000000000000000f262
WFI t=206302 a=-1624,-3860,169 g=-4,-54,34
WFI t=206351 a=-1606,-3862,166 g=-9,-40,11
WFI t=206401 a=-1616,-3869,173 g=9,31,-18
WFI t=206451 a=-1638,-3863,165 g=2,25,-21
WFI t=206501 a=-1636,-3868,172 g=1,-9,6
WFI t=206551 a=-1621,-3852,173 g=-3,-20,8
WFI t=206601 a=-1618,-3860,171 g=10,27,4
WFI t=206651 a=-1629,-3861,157 g=-1,22,-10
WFI t=206701 a=-1645,-3854,170 g=5,3,2
WFI t=206751 a=-1632,-3854,190 g=-11,-44,4
WFI t=206801 a=-1599,-3851,173 g=-5,17,-15
WFI t=206851 a=-1666,-3859,166 g=-11,0,-27
WFI t=206901 a=-1644,-3866,173 g=4,-16,22
WFI t=207136 a=-1611,-3861,167 g=0,15,-13
WFI t=207218 a=-1626,-3872,173 g=-8,1,-22
WFI t=207234 a=-1638,-3861,163 g=1,-30,33
WFI t=207236 a=-1601,-3856,161 g=0,-30,24
WFI t=207238 a=-1601,-3856,161 g=0,-30,24
WFI t=207240 a=-1601,-3851,164 g=-2,-25,19
WFI t=207251 a=-1599,-3869,153 g=-3,-17,9
WFI t=207301 a=-1628,-3835,147 g=-5,36,-37
WFR t=207340 src=bms type=0x02 len=129 data=d2037c0eeb0eea0eeb0eeb0eeb0eea0eeb0eeb0eea0eea0eeb0eeb0eee0eee0eef0eee0eef0eef0ef00ef00eef0ef00ef00ef00eee0ef00ef00ef00000000000000000003d0000000000000000000000000000042d753002ae0ef10eea003d003d00000157001c0001001d0000000100010eed0007000000000000000000005371
WFI t=207351 a=-1673,-3853,173 g=-4,-19,-8
WFI t=207401 a=-1595,-3864,167 g=1,-16,10
WFI t=207451 a=-1636,-3858,158 g=-3,7,-33
WFI t=207501 a=-1673,-3844,166 g=2,-24,9
WFI t=207551 a=-1606,-3863,184 g=-6,-44,20
WFI t=207601 a=-1592,-3862,150 g=1,43,-47
WFI t=207652 a=-1687,-3853,174 g=-7,5,-33
WFI t=207701 a=-1642,-3853,155 g=2,-42,37
WFI t=207751 a=-1587,-3869,177 g=-1,-30,4
WFI t=207801 a=-1619,-3861,171 g=6,54,-12
WFI t=207851 a=-1632,-3859,158 g=-8,22,-27
WFI t=207901 a=-1649,-3861,156 g=0,-8,5
WFI t=207951 a=-1617,-3869,164 g=-5,-48,11
WFI t=208001 a=-1612,-3854,152 g=4,20,-19
WFI t=208051 a=-1648,-3854,194 g=-7,8,-18
WFI t=208101 a=-1621,-3864,144 g=0,-4,-4
WFI t=208151 a=-1656,-3856,178 g=-9,-38,-1
WFI t=208201 a=-1615,-3851,156 g=2,-17,6
WFI t=208251 a=-1619,-3864,188 g=1,32,-13
WFI t=208301 a=-1616,-3842,159 g=2,67,-37
WFI t=208351 a=-1688,-3873,193 g=-5,-28,9
WFR t=208360 src=bms type=0x02 len=129 data=d2037c0eeb0eea0eeb0eea0eeb0eea0eeb0eeb0eea0eea0eeb0eec0eee0eef0eef0eed0eef0eef0ef00ef00ef00ef00ef10ef10eef0ef00ef00ef00000000000000000003d0000000000000000000000000000042d753002ae0ef10ee9003d003d00000157001c0001001d0000000100010eed000800000000000000000000c42e
WFI t=208401 a=-1603,-3852,161 g=-9,-84,31
WFI t=208451 a=-1589,-3855,165 g=-4,-18,-12
WFI t=208501 a=-1615,-3860,159 g=3,75,-42
WFI t=208551 a=-1677,-3846,151 g=-3,36,-38
WFI t=208601 a=-1669,-3860,191 g=1,-34,39
WFI t=208651 a=-1553,-3840,138 g=-2,-37,14
WFI t=208701 a=-1670,-3861,189 g=-11,-25,-15
WFI t=208751 a=-1589,-3854,147 g=6,5,-1
WFI t=208801 a=-1645,-3868,183 g=-7,26,-37
WFI t=208851 a=-1651,-3843,149 g=9,34,-14
WFI t=208901 a=-1651,-3872,181 g=-1,-39,30
WFI t=208951 a=-1575,-3861,146 g=-2,-9,11
WFI t=209083 a=-1591,-3863,160 g=-2,9,-13
WFI t=209085 a=-1612,-3855,161 g=0,21,-25
WFI t=209101 a=-1613,-3861,166 g=-3,29,-31
WFI t=209151 a=-1679,-3871,177 g=3,16,3
WFI t=209201 a=-1627,-3842,155 g=-3,-40,28
WFI t=209251 a=-1601,-3855,174 g=-1,-19,13
WFI t=209302 a=-1589,-3850,138 g=-12,8,-40
WFI t=209351 a=-1668,-3844,160 g=8,60,-34
WFR t=209380 src=bms type=0x02 len=129 data=d2037c0eea0eea0eeb0eeb0eeb0eea0eeb0eeb0ee90eea0eeb0eec0eee0eef0eef0eed0eef0eef0ef00ef00eef0ef00ef10ef00eef0ef00ef00ef00000000000000000003d0000000000000000000000000000042d753002ae0ef10ee9003d003d00000157001c0001001d0000000100010eed000800000000000000000000f3ba
WFI t=209401 a=-1668,-3867,182 g=-7,-50,13
WFI t=209451 a=-1601,-3852,146 g=3,-40,31
WFI t=209501 a=-1654,-3848,189 g=-12,-57,9
WFI t=209551 a=-1554,-3838,149 g=18,88,-5
WFI t=209601 a=-1646,-3860,161 g=-10,74,-79
WFI t=209651 a=-1704,-3850,137 g=10,-4,11
WFI t=209701 a=-1642,-3849,178 g=-20,-166,69
WFI t=209751 a=-1525,-3861,158 g=15,6,23
WFI t=209801 a=-1631,-3864,175 g=-5,80,-95
WFI t=209851 a=-1706,-3843,160 g=5,59,-26
WFI t=209901 a=-1634,-3860,162 g=-8,-65,32
WFI t=209951 a=-1598,-3849,156 g=-6,-34,8
WFT t=209995 batt_mv=4190 rssi_mcu=0 rssi_bms=-79 mcu=0 bms=155 dropped=0
WFI t=210001 a=-1644,-3871,195 g=0,-8,11
WFI t=210051 a=-1573,-3856,147 g=11,50,-20
WFI t=210101 a=-1689,-3856,181 g=-11,23,-43
WFI t=210151 a=-1655,-3851,165 g=1,-40,25
WFI t=210201 a=-1590,-3866,179 g=-4,-29,12
WFI t=210251 a=-1619,-3851,158 g=1,45,-32
WFI t=210301 a=-1683,-3847,163 g=0,-8,-5
WFI t=210351 a=-1611,-3864,164 g=-5,-27,22
WFR t=210400 src=bms type=0x02 len=129 data=d2037c0eeb0eea0eeb0eeb0eeb0eea0eeb0eeb0ee90eea0eeb0eeb0eee0eef0eef0eed0eef0eef0ef00ef00ef00ef00ef10ef00eef0ef00ef00ef00000000000000000003d0000000000000000000000000000042d753002ae0ef10ee9003d003d00000157001c0001001d0000000100010eed000800000000000000000000714e
WFI t=210402 a=-1616,-3856,172 g=-6,-12,-26
WFI t=210451 a=-1641,-3866,183 g=10,42,-6
WFI t=210501 a=-1633,-3860,162 g=-11,-5,-17
WFI t=210551 a=-1662,-3849,170 g=4,-19,14
WFI t=210601 a=-1605,-3853,166 g=-6,-31,7
WFI t=210651 a=-1620,-3865,162 g=7,36,-30
WFI t=210701 a=-1663,-3858,165 g=0,21,-24
WFI t=210751 a=-1648,-3857,175 g=2,-35,18
WFI t=210801 a=-1615,-3848,149 g=-4,-29,6
WFI t=210851 a=-1627,-3852,185 g=0,11,-14
WFI t=210901 a=-1629,-3841,160 g=-1,13,-14
WFI t=210951 a=-1637,-3848,166 g=-4,12,-12
WFI t=211002 a=-1662,-3855,170 g=-9,-30,7
WFI t=211158 a=-1601,-3850,161 g=-3,10,-8
WFI t=211173 a=-1644,-3858,166 g=-3,18,-21
WFI t=211175 a=-1653,-3858,163 g=-4,-4,-19
WFI t=211202 a=-1664,-3846,171 g=-12,-42,-8
WFI t=211251 a=-1616,-3858,163 g=-2,-51,18
WFI t=211301 a=-1583,-3863,178 g=0,19,-14
WFI t=211351 a=-1649,-3849,165 g=0,60,-39
WFR t=211390 src=bms type=0x02 len=129 data=d2037c0eeb0eea0eeb0eea0eeb0eea0eeb0eeb0ee90eea0eeb0eeb0eee0eee0eef0eed0eef0eef0ef00ef00ef00ef00ef00ef10eee0ef00ef00ef00000000000000000003d0000000000000000000000000000042d753002ae0ef10ee9003d003d00000157001c0001001d0000000100010eed000800000000000000000000e4fd
WFI t=211402 a=-1672,-3855,165 g=-3,-9,15
WFI t=211451 a=-1603,-3872,148 g=-8,-50,22
WFI t=211501 a=-1599,-3854,180 g=0,6,-7
WFI t=211551 a=-1624,-3857,170 g=2,37,-22
WFI t=211601 a=-1630,-3853,162 g=-1,34,-16
WFI t=211651 a=-1663,-3850,160 g=-4,-31,0
WFI t=211701 a=-1640,-3856,162 g=-6,-77,29
WFI t=211751 a=-1568,-3862,163 g=-3,-14,2
WFI t=211801 a=-1616,-3854,168 g=4,79,-58
WFI t=211851 a=-1696,-3856,157 g=0,34,-19
WFI t=211901 a=-1645,-3863,152 g=0,-59,41
WFI t=211951 a=-1588,-3865,175 g=-10,-55,18
WFI t=212001 a=-1629,-3857,169 g=-3,-6,-15
WFI t=212051 a=-1597,-3860,153 g=13,80,-32
WFI t=212101 a=-1672,-3861,146 g=-5,27,-44
WFI t=212151 a=-1682,-3857,151 g=-1,-50,51
WFI t=212202 a=-1568,-3887,187 g=-6,-69,43
WFI t=212251 a=-1577,-3866,167 g=8,84,-50
WFI t=212301 a=-1700,-3853,192 g=-6,32,-58
WFI t=212351 a=-1649,-3832,140 g=5,-17,26
WFI t=212401 a=-1633,-3855,177 g=-12,-78,11
WFR t=212410 src=bms type=0x02 len=129 data=d2037c0eea0eea0eeb0eeb0eeb0eea0eeb0eeb0ee90eea0eeb0eec0eee0eee0eef0eed0eef0eef0ef00ef00eef0ef00ef10ef10eef0ef00ef00ef00000000000000000003d0000000000000000000000000000042d753002ae0ef10ee9003d003d00000157001c0001001d0000000100010eed000800000000000000000000a9d6
WFI t=212452 a=-1625,-3854,159 g=5,-5,13
WFI t=212501 a=-1602,-3872,200 g=-3,35,-10
WFI t=212551 a=-1623,-3847,136 g=6,63,-48
WFI t=212601 a=-1712,-3861,186 g=0,-29,10
WFI t=212651 a=-1609,-3847,142 g=-6,-78,42
WFI t=212701 a=-1584,-3856,188 g=4,31,-14
WFI t=212751 a=-1654,-3839,169 g=0,47,-50
WFI t=212801 a=-1682,-3857,170 g=-6,-21,10
WFI t=212851 a=-1601,-3855,169 g=-8,-55,28
WFI t=212901 a=-1607,-3867,183 g=3,22,-10
WFI t=212951 a=-1620,-3843,165 g=12,86,-37
WFI t=213088 a=-1701,-3819,155 g=-8,-27,-10
WFI t=213103 a=-1574,-3855,166 g=5,-57,14
WFI t=213105 a=-1581,-3856,184 g=-15,-44,-8
WFI t=213151 a=-1649,-3859,173 g=9,65,-45
WFI t=213201 a=-1657,-3835,143 g=0,46,-28
WFI t=213251 a=-1662,-3846,154 g=1,-23,8
WFI t=213301 a=-1635,-3860,155 g=-3,-63,28
WFI t=213351 a=-1594,-3874,175 g=0,-30,10
WFR t=213400 src=bms type=0x02 len=129 data=d2037c0eea0eea0eeb0eeb0eeb0eea0eeb0eeb0ee90eea0eeb0eec0eee0eee0eef0eed0eef0eef0ef00ef00ef00ef00ef10ef10eee0ef00ef00ef00000000000000000003d0000000000000000000000000000042d753002ae0ef10ee9003d003d00000157001c0001001d0000000100010eed0008000000000000000000006722
WFI t=213402 a=-1569,-3850,164 g=6,93,-44
WFI t=213451 a=-1705,-3850,166 g=-12,32,-66
WFI t=213501 a=-1689,-3845,162 g=-8,-81,53
WFI t=213551 a=-1545,-3850,191 g=10,-96,50
WFI t=213601 a=-1570,-3864,166 g=4,83,-43
WFI t=213651 a=-1684,-3841,177 g=-1,81,-58
WFI t=213701 a=-1676,-3849,145 g=2,-7,5
WFI t=213751 a=-1629,-3862,181 g=-10,-87,40
WFI t=213801 a=-1595,-3846,179 g=10,-32,12
WFI t=213851 a=-1619,-3871,199 g=4,53,-30
WFI t=213901 a=-1626,-3843,171 g=6,69,-47
WFI t=213951 a=-1691,-3842,159 g=-5,-20,-10
WFI t=214001 a=-1637,-3849,181 g=-5,-123,55
WFI t=214051 a=-1545,-3871,173 g=15,-10,21
WFI t=214101 a=-1606,-3871,159 g=-2,113,-73
WFI t=214151 a=-1691,-3833,183 g=4,84,-26
WFI t=214201 a=-1666,-3860,154 g=-12,-52,30
WFI t=214251 a=-1615,-3849,168 g=-6,-110,30
WFI t=214301 a=-1596,-3860,158 g=4,-41,0
WFI t=214351 a=-1607,-3855,159 g=-5,56,-47
WFI t=214401 a=-1673,-3852,166 g=-1,61,-40
WFR t=214420 src=bms type=0x02 len=129 data=d2037c0eeb0eea0eeb0eeb0eeb0eea0eeb0eeb0ee90eea0eeb0eec0eee0eee0eef0eed0eef0ef00ef00ef00ef00ef00ef10ef00eee0ef00ef00ef00000000000000000003d0000000000000000000000000000042d753002ae0ef10ee9003d003d00000157001c0001001d0000000100010eed000800000000000000000000974c
WFI t=214451 a=-1666,-3859,154 g=-10,-27,25
WFI t=214501 a=-1608,-3859,174 g=-5,-55,30
WFI t=214552 a=-1590,-3847,165 g=1,-1,-10
WFI t=214601 a=-1640,-3840,173 g=-3,30,-30
WFI t=214651 a=-1658,-3864,169 g=2,15,-17
WFI t=214701 a=-1630,-3861,158 g=-2,-17,7
WFI t=214751 a=-1633,-3849,171 g=-5,-28,16
WFI t=214801 a=-1601,-3863,162 g=2,2,-1
WFI t=214851 a=-1639,-3862,172 g=0,25,-25
WFI t=214901 a=-1654,-3854,172 g=-5,-9,-12
WFI t=214951 a=-1616,-3872,180 g=7,-4,11
WFT t=215097 batt_mv=4170 rssi_mcu=0 rssi_bms=-75 mcu=0 bms=160 dropped=0
WFI t=215098 a=-1655,-3851,187 g=-2,-10,-10
WFI t=215113 a=-1607,-3852,170 g=-4,-15,1
WFI t=215115 a=-1602,-3841,166 g=-6,-9,-10
WFI t=215151 a=-1633,-3854,176 g=-2,32,-26
WFI t=215201 a=-1667,-3876,167 g=4,6,-10
WFI t=215251 a=-1629,-3859,183 g=0,-23,19
WFI t=215302 a=-1599,-3868,166 g=-6,-16,2
WFI t=215351 a=-1628,-3850,175 g=-7,8,-13
WFI t=215401 a=-1631,-3857,162 g=3,10,-16
WFI t=215451 a=-1632,-3862,172 g=5,16,-16
WFI t=215501 a=-1664,-3858,173 g=-6,-26,-3
WFR t=215530 src=bms type=0x02 len=129 data=d2037c0eea0eea0eeb0eea0eeb0eea0eeb0eeb0ee90eea0eeb0eeb0eee0eee0eef0eed0eef0eef0ef00eef0ef00ef00ef10ef10eee0ef00ef00ef00000000000000000003d0000000000000000000000000000042d753002ae0ef10ee9003d003d00000157001c0001001d0000000100010eed00080000000000000000000054c7
WFI t=215551 a=-1624,-3867,185 g=8,-26,28
WFI t=215601 a=-1586,-3852,164 g=-6,6,-20
WFI t=215651 a=-1653,-3858,172 g=3,39,-24
WFI t=215701 a=-1638,-3852,159 g=-1,-16,0
WFI t=215751 a=-1622,-3849,176 g=-1,-17,7
WFI t=215801 a=-1638,-3850,161 g=-4,-17,-1
WFI t=215851 a=-1613,-3864,163 g=5,9,-2
WFI t=215901 a=-1632,-3842,165 g=0,10,-18
WFI t=215951 a=-1648,-3866,165 g=2,-2,-6
WFI t=216001 a=-1636,-3853,172 g=-9,-25,7
WFI t=216051 a=-1617,-3839,174 g=0,1,-2
WFI t=216101 a=-1646,-3849,176 g=-2,7,-16
WFI t=216151 a=-1648,-3854,174 g=-5,-6,1
WFI t=216202 a=-1622,-3862,162 g=-4,-9,-4
WFI t=216251 a=-1638,-3871,176 g=2,12,-10
WFI t=216301 a=-1645,-3853,181 g=-1,-5,-3
WFI t=216351 a=-1626,-3856,175 g=3,-6,4
WFI t=216401 a=-1641,-3863,179 g=0,-17,-7
WFI t=216451 a=-1631,-3868,184 g=1,7,-1
WFI t=216501 a=-1632,-3849,161 g=-3,16,-19
WFR t=216520 src=bms type=0x02 len=129 data=d2037c0eea0eea0eeb0eea0eeb0eea0eeb0eeb0ee90eea0eeb0eeb0eee0eee0eef0eed0eef0eef0ef00ef00ef00ef00ef10ef00eee0ef00ef00ef00000000000000000003d0000000000000000000000000000042d753002ae0ef10ee9003d003d00000157001c0001001d0000000100010eed0008000000000000000000000120
WFI t=216551 a=-1654,-3871,163 g=-10,-4,-9
WFI t=216601 a=-1633,-3866,181 g=-2,-31,14
WFI t=216651 a=-1604,-3864,170 g=-1,11,-11
WFI t=216701 a=-1649,-3853,183 g=2,21,-24
WFI t=216751 a=-1643,-3839,172 g=-4,-10,8
WFI t=216801 a=-1613,-3851,158 g=-3,-11,-1
WFI t=216851 a=-1648,-3858,180 g=-7,-15,-9
WFI t=216901 a=-1615,-3864,175 g=-3,4,2
WFI t=216951 a=-1632,-3852,178 g=-2,23,-26
WFI t=217105 a=-1648,-3854,169 g=-5,-35,17
WFI t=217270 a=-1637,-3844,164 g=-5,-2,-13
WFI t=217273 a=-1629,-3855,166 g=-4,-6,-12
WFI t=217275 a=-1629,-3855,166 g=-4,-6,-12
WFI t=217277 a=-1629,-3855,166 g=-4,-6,-12
WFI t=217301 a=-1646,-3849,168 g=-5,-11,-2
WFI t=217351 a=-1614,-3860,188 g=-2,-16,13
WFI t=217401 a=-1606,-3855,175 g=-2,17,-18
WFI t=217451 a=-1655,-3850,171 g=-1,6,-19
WFI t=217501 a=-1643,-3855,174 g=-3,-9,5
WFR t=217510 src=bms type=0x02 len=129 data=d2037c0eea0eea0eeb0eea0eeb0eea0eeb0eeb0ee90eea0eeb0eeb0eee0eee0eef0eed0eef0eef0ef00ef00eef0ef00ef00ef00eee0ef00ef00ef00000000000000000003d0000000000000000000000000000042d753002ae0ef00ee9003d003d00000157001c0001001d0000000100010eed000700000000000000000000efcc
WFI t=217551 a=-1629,-3861,158 g=0,2,-12
WFI t=217601 a=-1640,-3855,171 g=0,-3,-7
WFI t=217651 a=-1615,-3855,163 g=-8,-16,4
WFI t=217701 a=-1614,-3855,172 g=-2,9,-19
WFI t=217751 a=-1652,-3855,169 g=-1,9,-13
WFI t=217801 a=-1641,-3847,172 g=-1,-3,3
WFI t=217851 a=-1633,-3879,175 g=-3,-11,1
WFI t=217901 a=-1640,-3862,176 g=-1,-15,5
WFI t=217951 a=-1618,-3870,175 g=1,-5,-2
WFI t=218001 a=-1628,-3863,167 g=2,15,-20
WFI t=218051 a=-1649,-3853,178 g=6,10,-5
WFI t=218101 a=-1618,-3848,173 g=-5,-6,5
WFI t=218151 a=-1647,-3853,172 g=-4,-22,8
WFI t=218201 a=-1616,-3845,170 g=0,-17,7
WFI t=218251 a=-1622,-3850,171 g=2,14,-21
WFI t=218302 a=-1651,-3855,174 g=1,23,-23
WFI t=218352 a=-1650,-3849,166 g=2,-6,3
WFI t=218401 a=-1642,-3847,178 g=1,-27,16
WFI t=218451 a=-1627,-3842,178 g=4,-19,9
WFI t=218501 a=-1625,-3847,185 g=-2,4,-11
WFR t=218515 src=bms type=0x02 len=129 data=d2037c0eea0eea0eeb0eea0eea0eea0eeb0eeb0ee90eea0eeb0eeb0eee0eee0eef0eed0eef0eef0ef00ef00eef0ef00ef10ef00eee0ef00ef00ef00000000000000000003d0000000000000000000000000000042d753002ae0ef10ee9003d003d00000157001c0001001d0000000100010eed000800000000000000000000c892
WFI t=218551 a=-1637,-3858,177 g=0,18,-22
WFI t=218601 a=-1644,-3851,175 g=-2,14,-17
WFI t=218651 a=-1648,-3859,168 g=-6,-19,-5
WFI t=218701 a=-1645,-3846,172 g=0,-37,15
WFI t=218751 a=-1605,-3839,176 g=-3,-8,-5
WFI t=218801 a=-1628,-3848,178 g=2,34,-30
WFI t=218851 a=-1667,-3848,167 g=-1,15,-15
WFI t=218901 a=-1638,-3860,172 g=-4,-13,3
WFI t=218951 a=-1637,-3865,184 g=-7,-25,0
WFI t=219001 a=-1621,-3852,178 g=-6,-12,4
WFI t=219140 a=-1657,-3849,176 g=-2,8,-9
WFI t=219143 a=-1629,-3847,161 g=-4,-6,-5
WFI t=219151 a=-1639,-3858,168 g=-4,-13,-1
WFI t=219201 a=-1624,-3850,166 g=-2,-11,1
WFI t=219251 a=-1629,-3851,173 g=-8,-4,-14
WFI t=219301 a=-1645,-3859,162 g=-1,2,-4
WFI t=219352 a=-1628,-3858,170 g=-3,-3,-5
WFI t=219401 a=-1640,-3862,182 g=0,15,-10
WFI t=219451 a=-1638,-3856,170 g=-2,-13,-4
WFI t=219501 a=-1626,-3863,171 g=-3,-18,8
WFR t=219521 src=bms type=0x02 len=129 data=d2037c0eeb0eea0eeb0eea0eeb0eea0eeb0eeb0ee90eea0eeb0eeb0eee0eee0eef0eed0eef0eef0ef00ef00eef0ef00ef10ef00eee0ef00ef00ef00000000000000000003d0000000000000000000000000000042d753002ae0ef10ee9003d003d00000157001c0001001d0000000100010eed0008000000000000000000006614
WFI t=219551 a=-1619,-3857,166 g=-4,4,-17
WFI t=219601 a=-1643,-3866,162 g=-3,14,-16
WFI t=219651 a=-1650,-3854,175 g=-4,-7,1
WFI t=219701 a=-1635,-3848,171 g=0,-4,-1
WFI t=219751 a=-1633,-3860,183 g=-9,-16,-3
WFI t=219801 a=-1614,-3860,164 g=0,-4,-1
WFI t=219851 a=-1616,-3864,174 g=-2,23,-25
WFI t=219901 a=-1664,-3838,169 g=0,-1,-5
WFI t=219951 a=-1629,-3854,171 g=3,-35,29
WFI t=220001 a=-1612,-3858,163 g=-1,-6,3
WFI t=220051 a=-1645,-3863,185 g=1,12,-18
WFI t=220101 a=-1621,-3843,170 g=-1,9,-8
WFT t=220130 batt_mv=4186 rssi_mcu=0 rssi_bms=-77 mcu=0 bms=165 dropped=0
WFI t=220151 a=-1634,-3847,170 g=-3,11,-20
WFI t=220201 a=-1662,-3849,175 g=-7,-13,-6
WFI t=220251 a=-1628,-3863,176 g=0,-35,24
WFI t=220301 a=-1597,-3861,165 g=2,7,-6
WFI t=220351 a=-1650,-3857,170 g=0,25,-20
WFI t=220402 a=-1645,-3841,161 g=-3,-10,1
WFI t=220451 a=-1634,-3859,161 g=-4,-18,2
WFI t=220501 a=-1631,-3854,169 g=-2,1,-11
WFR t=220541 src=bms type=0x02 len=129 data=d2037c0eeb0eea0eeb0eea0eeb0eea0eeb0eeb0ee90eea0eeb0eec0eee0eee0eee0eed0eef0eef0ef00ef00eef0ef00ef10ef00eee0ef00ef00ef00000000000000000003d0000000000000000000000000000042d753002ae0ef10ee9003d003d00000157001c0001001d0000000100010eed000800000000000000000000a678
WFI t=220551 a=-1662,-3847,175 g=-2,-1,-3
WFI t=220601 a=-1633,-3844,165 g=0,1,5
WFI t=220651 a=-1635,-3860,179 g=-1,6,-9
WFI t=220701 a=-1628,-3860,180 g=-5,2,-5
WFI t=220751 a=-1640,-3845,162 g=5,1,-7
WFI t=220801 a=-1645,-3853,173 g=-3,-11,-7
WFI t=220851 a=-1637,-3863,170 g=-1,-21,1
WFI t=220901 a=-1612,-3856,177 g=0,-9,0
WFI t=220951 a=-1635,-3854,166 g=5,21,-13
WFI t=221002 a=-1648,-3854,178 g=-4,-3,-12
WFI t=221142 a=-1626,-3849,158 g=-1,-19,6
WFI t=221158 a=-1639,-3847,180 g=4,15,-18
WFI t=221159 a=-1641,-3854,165 g=3,16,-11
WFI t=221201 a=-1650,-3838,179 g=-4,-3,-1
WFI t=221251 a=-1638,-3852,161 g=-3,-5,5
WFI t=221301 a=-1633,-3839,167 g=-8,-6,-3
WFI t=221351 a=-1634,-3845,162 g=-7,-15,-1
WFI t=221401 a=-1616,-3857,179 g=3,10,-11
WFI t=221452 a=-1637,-3854,176 g=-7,21,-29
WFI t=221501 a=-1679,-3856,180 g=-4,-14,2
WFR t=221531 src=bms type=0x02 len=129 data=d2037c0eeb0eea0eeb0eea0eeb0eea0eeb0eeb0ee90eea0eeb0eec0eef0eee0eef0eed0eef0eef0ef00ef00ef00ef00ef10ef10eee0ef00ef00ef00000000000000000003d0000000000000000000000000000042d753002ae0ef00ee9003d003d00000157001c0001001d0000000100010eed0007000000000000000000001734
WFI t=221551 a=-1620,-3853,173 g=2,-25,16
WFI t=221601 a=-1618,-3866,167 g=0,1,-14
WFI t=221651 a=-1655,-3857,186 g=-1,5,-12
WFI t=221701 a=-1634,-3857,175 g=3,7,-9
WFI t=221751 a=-1648,-3840,165 g=-3,17,-18
WFI t=221801 a=-1658,-3855,177 g=-9,-20,9
WFI t=221851 a=-1609,-3853,182 g=1,-23,18
WFI t=221901 a=-1629,-3857,174 g=0,4,-15
WFI t=221951 a=-1656,-3856,160 g=-5,7,-10
WFI t=222001 a=-1619,-3865,177 g=-1,2,2
WFI t=222052 a=-1630,-3848,181 g=-1,8,-11
WFI t=222101 a=-1660,-3853,181 g=-2,-27,7
WFI t=222151 a=-1599,-3853,163 g=4,-13,9
WFI t=222201 a=-1622,-3855,158 g=3,28,-33
WFI t=222251 a=-1687,-3855,182 g=1,7,-11
WFI t=222301 a=-1636,-3855,179 g=-1,-21,18
WFI t=222351 a=-1644,-3861,166 g=-1,-8,-3
WFI t=222401 a=-1636,-3856,187 g=-7,-13,2
WFI t=222451 a=-1622,-3843,156 g=-3,24,-6
WFI t=222501 a=-1646,-3841,154 g=2,21,-19
WFR t=222551 src=bms type=0x02 len=129 data=d2037c0eeb0eea0eeb0eea0eeb0eea0eeb0eeb0ee90eea0eeb0eeb0eee0eee0eef0eed0eef0eef0ef00ef00ef00ef00ef00ef00eee0ef00eef0ef00000000000000000003d0000000000000000000000000000042d753002ae0ef00ee9003d003d00000157001c0001001d0000000100010eed000700000000000000000000b2e4
WFI t=222552 a=-1664,-3853,182 g=-2,-1,0
WFI t=222601 a=-1643,-3859,172 g=-3,-25,14
WFI t=222652 a=-1640,-3837,166 g=-4,15,-3
WFI t=222701 a=-1649,-3845,159 g=11,21,-12
WFI t=222751 a=-1641,-3853,176 g=-2,8,-14
WFI t=222802 a=-1652,-3864,173 g=-4,-20,4
WFI t=222851 a=-1637,-3850,180 g=-5,-19,8
WFI t=222901 a=-1629,-3863,170 g=-3,13,-9
WFI t=222952 a=-1650,-3843,172 g=3,18,-17
WFI t=223001 a=-1666,-3847,170 g=-3,1,-5
WFI t=223082 a=-1639,-3856,159 g=0,-23,7
WFI t=223168 a=-1645,-3860,168 g=1,8,-1
WFI t=223171 a=-1636,-3838,167 g=1,1,-5
WFI t=223201 a=-1641,-3863,167 g=-1,2,-13
WFI t=223251 a=-1652,-3845,149 g=6,-3,-20
WFI t=223301 a=-1659,-3851,167 g=3,-13,0
WFI t=223351 a=-1636,-3846,171 g=-6,-17,8
WFI t=223402 a=-1634,-3866,177 g=0,6,-5
WFI t=223452 a=-1648,-3849,174 g=-1,4,-16
WFI t=223533 a=-1650,-3847,170 g=-2,-9,1
WFR t=223541 src=bms type=0x02 len=129 data=d2037c0eea0eea0eeb0eea0eeb0eea0eeb0eeb0ee90eea0eeb0eeb0eee0eee0eef0eed0eef0eef0ef00eef0ef00ef00ef00ef00eee0ef00ef00ef00000000000000000003d0000000000000000000000000000042d753002ae0ef00ee9003d003d00000157001c0001001d0000000100010eed000700000000000000000000c962
WFI t=223552 a=-1656,-3844,162 g=-3,-18,-3
WFI t=223601 a=-1647,-3845,174 g=-3,-3,-2
WFI t=223651 a=-1634,-3863,169 g=3,8,-9
WFI t=223702 a=-1644,-3859,168 g=1,16,-15
WFI t=223751 a=-1658,-3854,175 g=-1,-17,-4
WFI t=223801 a=-1655,-3856,170 g=2,-23,11
WFI t=223852 a=-1633,-3844,184 g=-2,-2,-11
WFI t=223901 a=-1655,-3852,171 g=6,16,-12
WFI t=223951 a=-1646,-3865,161 g=-2,0,-7
WFI t=224002 a=-1642,-3842,179 g=0,-8,-4
WFI t=224051 a=-1646,-3852,157 g=-3,-22,3
WFI t=224101 a=-1626,-3847,179 g=-1,3,-2
WFI t=224152 a=-1642,-3850,167 g=-2,21,-24
WFI t=224202 a=-1666,-3857,177 g=-4,-9,-3
WFI t=224251 a=-1618,-3855,168 g=-4,-25,10
WFI t=224302 a=-1618,-3850,172 g=-1,11,-17
WFI t=224351 a=-1677,-3855,165 g=-2,1,-12
WFI t=224401 a=-1627,-3844,165 g=2,-9,12
WFI t=224452 a=-1626,-3849,160 g=1,3,-14
WFI t=224501 a=-1666,-3834,177 g=-5,-3,-8
WFI t=224551 a=-1627,-3853,176 g=-1,-19,8
WFR t=224561 src=bms type=0x02 len=129 data=d2037c0eea0eea0eeb0eeb0eeb0eea0eeb0eeb0ee90eea0eeb0eec0eef0eee0eef0eed0eef0eef0ef00ef00ef00ef00ef10ef00eef0ef00ef00ef00000000000000000003d0000000000000000000000000000042d753002ae0ef10eea003d003d00000157001c0001001d0000000100010eed00070000000000000000000056a6
WFI t=224602 a=-1616,-3853,164 g=-1,14,-18
WFI t=224651 a=-1659,-3848,170 g=-3,6,-15
WFI t=224701 a=-1639,-3844,178 g=-5,-23,17
WFI t=224752 a=-1622,-3848,162 g=-1,0,-6
WFI t=224801 a=-1655,-3853,179 g=-7,5,-17
WFI t=224961 a=-1620,-3865,173 g=-1,-2,-7
WFI t=224975 a=-1676,-3862,180 g=-5,-8,-7
WFI t=224977 a=-1668,-3848,180 g=0,-17,3
WFI t=225001 a=-1643,-3852,171 g=-2,-20,14
WFI t=225150 a=-1628,-3851,176 g=-7,10,-27
WFI t=225165 a=-1655,-3851,160 g=-5,-17,8
WFT t=225166 batt_mv=4180 rssi_mcu=0 rssi_bms=-76 mcu=0 bms=170 dropped=0
WFI t=225167 a=-1633,-3862,170 g=3,-18,12
WFI t=225202 a=-1633,-3854,155 g=-2,-1,0
WFI t=225251 a=-1655,-3865,168 g=-2,6,-16
WFI t=225301 a=-1649,-3846,171 g=-3,-13,10
WFI t=225352 a=-1625,-3856,168 g=1,-4,-6
WFI t=225401 a=-1642,-3860,152 g=1,11,-23
WFI t=225451 a=-1667,-3853,172 g=0,-16,10
WFI t=225502 a=-1607,-3857,168 g=-1,-1,3
WFI t=225551 a=-1653,-3845,170 g=-2,11,-24
WFR t=225581 src=bms type=0x02 len=129 data=d2037c0eeb0eea0eeb0eea0eeb0eea0eeb0eeb0ee90eea0eeb0eec0eee0eee0eee0eed0eef0eef0ef00eef0eef0ef00ef10ef00eee0ef00ef00ef00000000000000000003d0000000000000000000000000000042d753002ae0ef10ee9003d003d00000157001c0001001d0000000100010eed000800000000000000000000b31e
WFI t=225601 a=-1672,-3844,171 g=-5,-19,6
WFI t=225652 a=-1610,-3842,171 g=1,-7,1
WFI t=225701 a=-1646,-3849,170 g=-2,30,-31
WFI t=225751 a=-1680,-3845,166 g=-1,-11,-2
WFI t=225802 a=-1620,-3840,164 g=-3,-29,21
WFI t=225851 a=-1611,-3851,169 g=-4,6,-19
WFI t=225901 a=-1677,-3856,172 g=-2,10,-18
WFI t=225952 a=-1635,-3853,157 g=-4,-7,7
WFI t=226001 a=-1626,-3849,154 g=0,-1,-11
WFI t=226051 a=-1660,-3846,169 g=-4,-10,-3
WFI t=226102 a=-1624,-3849,174 g=1,-20,12
WFI t=226151 a=-1616,-3856,165 g=0,23,-18
WFI t=226201 a=-1660,-3851,173 g=-3,15,-23
WFI t=226252 a=-1650,-3839,167 g=-8,-28,14
WFI t=226301 a=-1589,-3858,165 g=-7,-14,-6
WFI t=226351 a=-1655,-3847,175 g=-7,5,-37
WFI t=226402 a=-1675,-3849,174 g=-8,-53,0
WFI t=226451 a=-1607,-3842,174 g=-10,-54,11
WFI t=226501 a=-1630,-3856,156 g=6,41,-28
WFI t=226552 a=-1680,-3873,183 g=2,26,-17
WFR t=226571 src=bms type=0x02 len=129 data=d2037c0eea0eea0eeb0eeb0eeb0eea0eeb0eeb0ee90eea0eeb0eeb0eee0eee0eef0eed0eef0eef0ef00eef0eef0ef00ef10ef00eee0ef00ef00ef00000000000000000003d0000000000000000000000000000042d753002ae0ef10ee9003d003d00000157001c0001001d0000000100010eed000800000000000000000000e4cd
WFI t=226601 a=-1620,-3861,169 g=3,43,4
WFI t=226651 a=-1657,-3829,171 g=-5,-31,-7
WFI t=226702 a=-1664,-3838,164 g=-3,-65,32
WFI t=226751 a=-1585,-3851,183 g=-7,-37,2
WFI t=226801 a=-1620,-3859,165 g=9,80,-51
WFI t=226852 a=-1683,-3861,166 g=5,29,-30
WFI t=226901 a=-1670,-3863,174 g=1,-42,27
WFI t=226951 a=-1615,-3847,173 g=-11,-70,22
WFI t=227002 a=-1606,-3852,173 g=3,15,-16
WFI t=227088 a=-1649,-3851,174 g=2,37,-29
WFI t=227169 a=-1648,-3859,184 g=-3,-40,16
WFI t=227171 a=-1647,-3862,171 g=-3,-44,21
WFI t=227201 a=-1623,-3850,183 g=-7,-39,20
WFI t=227251 a=-1606,-3852,179 g=2,8,-9
WFI t=227302 a=-1626,-3838,173 g=-1,42,-32
WFI t=227351 a=-1661,-3852,180 g=-4,2,-14
WFI t=227401 a=-1648,-3854,181 g=-3,-39,16
WFI t=227452 a=-1606,-3853,177 g=-1,-19,5
WFI t=227501 a=-1616,-3857,169 g=0,22,-18
WFI t=227551 a=-1655,-3853,163 g=-7,9,-18
WFI t=227602 a=-1642,-3850,170 g=-3,-20,4
WFI t=227652 a=-1624,-3863,170 g=-1,-9,-5
WFI t=227701 a=-1647,-3858,170 g=-9,-2,-18
WFI t=227752 a=-1628,-3865,171 g=-4,-15,-7
WFI t=227801 a=-1634,-3860,175 g=-3,-33,-1
WFI t=227851 a=-1619,-3851,181 g=0,-6,-10
WFI t=227902 a=-1640,-3859,181 g=-3,13,-7
WFI t=227951 a=-1640,-3854,150 g=3,31,-8
WFI t=228001 a=-1656,-3854,176 g=-2,-8,-2
WFI t=228052 a=-1631,-3852,169 g=-6,-44,18
WFI t=228101 a=-1601,-3874,186 g=-4,-12,-7
WFI t=228151 a=-1632,-3871,169 g=3,42,-45
WFI t=228202 a=-1682,-3866,185 g=-4,0,-11
WFI t=228251 a=-1620,-3857,183 g=-2,-51,15
WFI t=228301 a=-1627,-3866,202 g=-12,-49,13
WFI t=228352 a=-1601,-3851,168 g=3,41,-14
WFI t=228401 a=-1648,-3857,193 g=-7,44,-32
WFI t=228451 a=-1657,-3843,161 g=2,4,-3
WFI t=228502 a=-1652,-3854,206 g=-12,-81,29
WFI t=228551 a=-1546,-3846,173 g=9,3,1
WFI t=228601 a=-1610,-3858,186 g=4,61,-78
WFI t=228652 a=-1658,-3831,168 g=18,95,-47
WFI t=228701 a=-1655,-3886,189 g=13,23,-23
WFI t=228751 a=-1600,-3906,214 g=4,17,1
WFI t=228802 a=-1576,-3862,136 g=0,44,-41
WFI t=228851 a=-1712,-3874,178 g=-9,-63,12
WFI t=228901 a=-1575,-3878,158 g=-1,-116,83
WFI t=228952 a=-1514,-3883,203 g=2,29,-29
WFI t=229001 a=-1644,-3863,181 g=2,103,-86
WFI t=229166 a=-1633,-3856,184 g=0,-66,49
WFI t=229182 a=-1578,-3862,173 g=4,21,10
WFI t=229185 a=-1572,-3874,171 g=4,46,-14
WFI t=229201 a=-1578,-3868,191 g=-4,57,-29
WFI t=229252 a=-1647,-3866,176 g=-7,71,-39
WFI t=229301 a=-1642,-3848,156 g=2,4,4
WFI t=229351 a=-1619,-3861,176 g=-1,-32,23
WFI t=229402 a=-1616,-3863,182 g=-7,-46,23
WFI t=229451 a=-1575,-3861,159 g=-7,6,-2
WFI t=229501 a=-1612,-3843,155 g=0,40,-40
WFI t=229552 a=-1677,-3849,168 g=2,21,-10
WFI t=229602 a=-1632,-3864,186 g=-4,-36,34
WFI t=229651 a=-1629,-3805,196 g=-10,0,41
WFI t=229702 a=-1647,-3845,182 g=4,-7,28
WFI t=229751 a=-1625,-3864,162 g=2,3,18
WFI t=229801 a=-1594,-3851,167 g=-16,-35,-23
WFI t=229852 a=-1642,-3847,205 g=-4,-43,-68
WFI t=229901 a=-1680,-3852,165 g=14,2,-18
WFI t=229951 a=-1596,-3860,170 g=1,23,0
WFI t=230002 a=-1647,-3859,176 g=-8,11,-25
WFI t=230051 a=-1666,-3857,181 g=-9,-45,22
WFI t=230101 a=-1605,-3832,163 g=-3,-19,28
WFI t=230152 a=-1592,-3838,197 g=1,-17,-19
WFT t=230187 batt_mv=4192 rssi_mcu=0 rssi_bms=-76 mcu=0 bms=172 dropped=0
WFI t=230201 a=-1640,-3886,194 g=6,43,-33
WFI t=230251 a=-1664,-3857,172 g=5,16,-9
WFI t=230302 a=-1647,-3849,184 g=5,-15,6
WFI t=230351 a=-1625,-3850,179 g=-6,-27,6
WFI t=230401 a=-1605,-3856,171 g=2,6,-14
WFI t=230452 a=-1633,-3850,168 g=3,25,-22
WFI t=230501 a=-1645,-3853,177 g=-2,-15,-6
WFI t=230551 a=-1619,-3859,184 g=-6,-26,6
WFI t=230602 a=-1613,-3854,184 g=-3,-18,-6
WFI t=230651 a=-1626,-3850,185 g=-1,11,-14
WFI t=230701 a=-1627,-3874,178 g=-3,16,-14
WFI t=230752 a=-1638,-3868,171 g=-1,-2,-2
WFI t=230801 a=-1633,-3852,172 g=-5,-22,7
WFI t=230851 a=-1610,-3852,177 g=0,-18,2
WFI t=230902 a=-1627,-3872,185 g=-1,18,-18
WFI t=230951 a=-1642,-3843,184 g=5,24,-20
WFI t=231001 a=-1657,-3858,179 g=4,-10,2
WFI t=231052 a=-1619,-3868,182 g=-2,-30,14
WFI t=231193 a=-1589,-3858,191 g=-1,-3,-4
WFI t=231195 a=-1645,-3847,179 g=-3,16,-16
WFI t=231202 a=-1645,-3862,182 g=5,12,-12
WFI t=231251 a=-1637,-3865,183 g=-7,-18,3
WFI t=231301 a=-1626,-3861,196 g=-4,-11,9
WFI t=231352 a=-1611,-3861,181 g=4,4,-12
WFI t=231402 a=-1636,-3857,179 g=2,10,-13
WFI t=231451 a=-1635,-3857,179 g=-3,-12,-2
WFI t=231502 a=-1619,-3861,178 g=-3,-7,-4
WFI t=231551 a=-1634,-3869,188 g=-5,-6,-2
WFI t=231601 a=-1623,-3862,167 g=3,0,-3
WFI t=231652 a=-1624,-3859,165 g=-1,6,-13
WFI t=231701 a=-1650,-3858,176 g=-6,-4,-8
WFI t=231751 a=-1619,-3855,183 g=-2,-5,1
WFI t=231802 a=-1636,-3848,176 g=-4,1,-11
WFI t=231851 a=-1641,-3865,171 g=1,-10,1
WFI t=231901 a=-1612,-3841,177 g=-5,-10,2
WFI t=231952 a=-1610,-3862,174 g=-4,2,-17
WFI t=232001 a=-1624,-3858,179 g=2,0,-5
WFI t=232051 a=-1619,-3871,174 g=-2,-2,3
WFI t=232102 a=-1627,-3863,169 g=-5,-4,-10
WFI t=232151 a=-1641,-3856,180 g=-5,-20,2
WFI t=232201 a=-1608,-3857,186 g=0,-4,-3
WFI t=232252 a=-1615,-3861,175 g=0,24,-27
WFI t=232301 a=-1661,-3864,168 g=3,-7,1
WFI t=232351 a=-1601,-3853,175 g=-1,-23,16
WFI t=232402 a=-1606,-3849,173 g=-6,-4,-13
WFI t=232451 a=-1634,-3860,191 g=0,9,-10
WFI t=232501 a=-1605,-3860,180 g=-3,3,-8
WFI t=232552 a=-1637,-3865,172 g=-3,10,-13
WFI t=232602 a=-1645,-3862,190 g=-4,-37,11
WFI t=232651 a=-1586,-3861,175 g=-4,-12,13
WFI t=232702 a=-1603,-3852,167 g=-2,32,-36
WFI t=232751 a=-1661,-3860,172 g=3,13,-17
WFI t=232802 a=-1624,-3868,184 g=-7,-34,16
WFI t=232852 a=-1608,-3844,172 g=-4,-16,-1
WFI t=232901 a=-1640,-3873,185 g=-4,4,-3
WFI t=232951 a=-1613,-3859,178 g=4,17,-1
WFI t=233002 a=-1628,-3846,179 g=2,24,-19
WFI t=233051 a=-1662,-3855,176 g=-2,-16,-1
WFI t=233155 a=-1617,-3860,179 g=-4,-34,18
WFI t=233230 a=-1620,-3839,165 g=-4,44,-12
WFI t=233315 a=-1616,-3858,185 g=-6,-11,-5
WFI t=233407 a=-1650,-3859,168 g=-3,-13,5
WFI t=233409 a=-1639,-3859,181 g=0,-15,9
WFI t=233411 a=-1625,-3863,179 g=-1,-16,10
WFI t=233413 a=-1625,-3863,179 g=-1,-16,10
WFI t=233452 a=-1590,-3852,175 g=3,10,-9
WFI t=233501 a=-1660,-3857,189 g=-7,7,-19
WFI t=233551 a=-1636,-3854,187 g=-2,-13,13
WFI t=233602 a=-1589,-3857,163 g=-2,5,-7
WFI t=233651 a=-1652,-3845,179 g=-1,14,-17
WFI t=233701 a=-1642,-3853,181 g=-4,-28,15
WFI t=233752 a=-1620,-3859,152 g=-5,0,-1
WFI t=233801 a=-1629,-3841,177 g=-1,14,-19
WFI t=233851 a=-1635,-3867,177 g=3,13,-6
WFI t=233902 a=-1631,-3857,173 g=-2,-1,-4
WFI t=233951 a=-1637,-3863,171 g=-7,-16,-3
WFI t=234001 a=-1631,-3852,169 g=4,-11,10
WFI t=234052 a=-1623,-3855,185 g=-4,5,-11
WFI t=234101 a=-1642,-3858,158 g=1,10,-19
WFI t=234151 a=-1650,-3854,172 g=4,-11,-2
WFI t=234202 a=-1632,-3860,180 g=-2,-18,11
WFI t=234251 a=-1617,-3864,184 g=0,18,1
WFI t=234301 a=-1654,-3829,163 g=-3,-18,-8
WFI t=234352 a=-1636,-3864,186 g=1,-8,6
WFI t=234401 a=-1603,-3855,171 g=-7,-8,-1
WFI t=234451 a=-1628,-3864,190 g=1,10,-28
WFI t=234502 a=-1643,-3850,157 g=3,0,-9
WFI t=234551 a=-1643,-3880,194 g=-4,-15,5
WFI t=234601 a=-1626,-3842,149 g=-13,-4,5
WFI t=234652 a=-1630,-3848,172 g=1,1,-1
WFI t=234701 a=-1633,-3853,173 g=6,26,-26
WFI t=234751 a=-1652,-3858,203 g=-3,17,-13
WFI t=234802 a=-1640,-3849,166 g=2,-28,3
WFI t=234852 a=-1620,-3859,186 g=2,-20,14
WFI t=234901 a=-1615,-3895,196 g=-1,-2,-20
WFI t=234952 a=-1641,-3861,171 g=0,29,-17
WFI t=235001 a=-1643,-3853,165 g=-6,-19,-9
WFI t=235051 a=-1633,-3873,192 g=1,-15,10
WFI t=235123 a=-1614,-3856,179 g=-4,5,-14
WFI t=235152 a=-1628,-3857,179 g=1,19,-15
WFI t=235291 a=-1649,-3864,171 g=0,-7,-11
WFT t=235291 batt_mv=4170 rssi_mcu=0 rssi_bms=-78 mcu=0 bms=172 dropped=0
WFI t=235308 a=-1618,-3857,172 g=-3,-11,-1
WFI t=235310 a=-1620,-3863,167 g=1,2,-8
WFI t=235351 a=-1627,-3860,177 g=3,21,-14
WFI t=235402 a=-1639,-3856,187 g=-3,-1,-5
WFI t=235451 a=-1628,-3860,181 g=0,-10,2
WFI t=235501 a=-1636,-3852,163 g=-1,-27,3
WFI t=235552 a=-1601,-3852,184 g=3,27,-6
WFI t=235601 a=-1669,-3846,175 g=-4,-1,-23
WFI t=235651 a=-1639,-3869,190 g=1,-17,44
WFI t=235702 a=-1602,-3864,178 g=-14,-44,20
WFI t=235751 a=-1629,-3872,206 g=-17,-7,-22
WFI t=235801 a=-1634,-3851,173 g=5,5,-21
WFI t=235852 a=-1634,-3885,209 g=8,48,-20
WFI t=235901 a=-1658,-3840,164 g=-13,-27,-19
WFI t=235951 a=-1663,-3859,183 g=-6,-56,33
WFI t=236002 a=-1607,-3895,204 g=-7,15,25
WFI t=236051 a=-1592,-3826,139 g=6,1,-23
WFI t=236101 a=-1687,-3895,194 g=1,16,-44
WFI t=236152 a=-1655,-3855,187 g=-12,-76,17
WFI t=236201 a=-1543,-3840,156 g=8,57,7
WFI t=236251 a=-1632,-3864,218 g=10,44,-63
WFI t=236302 a=-1699,-3853,182 g=4,11,4
WFI t=236351 a=-1607,-3860,187 g=-8,-79,49
WFI t=236401 a=-1590,-3900,221 g=-9,-19,19
WFI t=236452 a=-1607,-3874,185 g=0,29,-35
WFI t=236501 a=-1600,-3862,170 g=21,21,-44
WFI t=236551 a=-1703,-3875,207 g=-15,-44,5
WFI t=236602 a=-1626,-3804,113 g=-20,-6,56
WFI t=236651 a=-1597,-3878,235 g=4,-11,14
WFE t=236700 bms stale, no frame for 10128 ms, dropping link
WFI t=236702 a=-1594,-3828,132 g=-2,25,-44
WFE t=236713 bms link down (stale) after 27 answers in 36980 ms, writes=37 err=0 silent=10 bytes=3483
WFE t=236726 bms disconnected reason=534
WFI t=236752 a=-1697,-3864,225 g=0,45,-43
WFI t=236801 a=-1647,-3856,166 g=1,-5,5
WFI t=236851 a=-1627,-3861,189 g=-4,-32,9
WFI t=236901 a=-1628,-3852,175 g=-3,-2,10
WFI t=236951 a=-1617,-3867,182 g=-2,21,-2
WFI t=237001 a=-1647,-3848,192 g=-6,5,-22
WFI t=237051 a=-1657,-3850,184 g=-1,-9,-3
WFI t=237131 a=-1619,-3867,211 g=-4,-1,-2
WFI t=237225 a=-1675,-3843,177 g=-6,-24,-6
WFI t=237227 a=-1651,-3851,190 g=-1,-24,14
WFI t=237251 a=-1621,-3855,180 g=3,-9,24
WFI t=237301 a=-1603,-3835,187 g=-15,-32,-4
WFI t=237351 a=-1627,-3861,198 g=-1,8,-27
WFI t=237401 a=-1663,-3839,157 g=-2,2,-20
WFI t=237451 a=-1641,-3842,163 g=3,2,8
WFI t=237501 a=-1634,-3870,185 g=-8,-20,-7
WFI t=237551 a=-1636,-3856,183 g=-1,-16,4
WFI t=237601 a=-1630,-3865,172 g=-13,-17,-3
WFI t=237651 a=-1623,-3846,170 g=9,28,-12
WFI t=237701 a=-1651,-3849,164 g=-8,3,-29
WFI t=237751 a=-1660,-3858,177 g=1,-3,15
WFI t=237801 a=-1612,-3869,177 g=-7,-15,2
WFI t=237851 a=-1630,-3850,190 g=4,5,0
WFI t=237901 a=-1634,-3851,175 g=-4,7,-12
WFI t=237951 a=-1646,-3855,189 g=-1,2,-8
WFI t=238001 a=-1630,-3865,191 g=-4,15,-5
WFI t=238051 a=-1659,-3847,179 g=-8,-10,-15
WFI t=238101 a=-1652,-3857,188 g=2,-8,11
WFI t=238151 a=-1637,-3849,177 g=-8,-20,16
WFI t=238201 a=-1615,-3853,190 g=7,0,6
WFI t=238251 a=-1623,-3844,169 g=-10,-6,-7
WFI t=238301 a=-1643,-3857,183 g=-6,-7,-14
WFI t=238351 a=-1643,-3851,170 g=-3,11,-9
WFI t=238401 a=-1622,-3855,180 g=-1,0,-11
WFI t=238451 a=-1644,-3838,178 g=-7,19,-16
WFI t=238501 a=-1651,-3869,153 g=3,-25,-14
WFI t=238551 a=-1642,-3861,211 g=1,-22,17
WFI t=238601 a=-1623,-3854,194 g=-7,2,12
WFI t=238651 a=-1610,-3867,171 g=9,3,-27
WFI t=238701 a=-1676,-3869,197 g=-5,9,-29
WFI t=238751 a=-1620,-3850,173 g=7,0,14
WFI t=238801 a=-1608,-3850,196 g=-13,-32,-12
WFI t=238851 a=-1644,-3853,197 g=3,-13,-9
WFI t=238901 a=-1631,-3865,196 g=-8,-10,-2
WFI t=238951 a=-1607,-3849,172 g=-1,26,-2
WFI t=239001 a=-1663,-3848,189 g=-12,-23,-22
WFE t=239022 bms subscribed val=0x0010 cccd=0x0011 ctrl=0x0014 mtu=512 regs=62
WFE t=239023 bms conn itvl=80 latency=0 timeout=600
WFE t=239035 bms reconnected (attempt 6)
WFE t=239040 bms mtu event mtu=512
WFI t=239051 a=-1634,-3863,191 g=6,-6,17
WFI t=239101 a=-1615,-3848,194 g=-8,-13,1
WFI t=239247 a=-1632,-3855,190 g=4,-6,10
WFI t=239249 a=-1619,-3846,180 g=0,-3,11
WFI t=239251 a=-1619,-3846,180 g=0,-3,11
WFI t=239301 a=-1626,-3862,203 g=-2,-20,-12
WFI t=239352 a=-1650,-3852,187 g=-1,9,-8
WFI t=239401 a=-1637,-3863,180 g=2,8,-10
WFI t=239451 a=-1648,-3858,197 g=0,-7,-7
WFI t=239501 a=-1631,-3855,183 g=-4,-29,9
WFR t=239522 src=bms type=0x02 len=129 data=d2037c0eeb0eea0eeb0eea0eeb0eea0eeb0eeb0ee90eea0eeb0eeb0eee0eee0eee0eed0eef0eef0ef00ef00eef0ef00ef10ef00eee0ef00ef00ef00000000000000000003d0000000000000000000000000000042d753002ae0ef10ee9003d003d00000157001c0001001d0000000100010eed00080000000000000000000043b8
WFI t=239551 a=-1626,-3872,183 g=-5,5,-1
WFI t=239601 a=-1611,-3850,176 g=5,22,-14
WFI t=239651 a=-1650,-3866,199 g=-4,15,-30
WFI t=239701 a=-1656,-3842,175 g=-1,-19,10
WFI t=239751 a=-1610,-3861,195 g=-1,-24,4
WFI t=239801 a=-1641,-3852,192 g=1,22,-18
WFI t=239851 a=-1664,-3843,192 g=-2,6,-9
WFI t=239901 a=-1634,-3851,182 g=-1,-14,9
WFI t=239951 a=-1619,-3852,176 g=-7,-16,-7
WFI t=240001 a=-1633,-3856,191 g=3,0,-5
WFE t=240021 bms conn update status=0 itvl=12 latency=0 timeout=400
WFI t=240051 a=-1623,-3864,195 g=-1,10,-6
WFI t=240101 a=-1632,-3867,176 g=-7,10,-18
WFI t=240152 a=-1640,-3859,199 g=-5,-14,6
WFI t=240201 a=-1613,-3853,182 g=-5,-28,3
WFI t=240251 a=-1617,-3862,188 g=4,23,-13
WFI t=240303 a=-1661,-3855,187 g=-2,12,-17
WFI t=240351 a=-1645,-3849,187 g=-2,-8,13
WFI t=240401 a=-1646,-3849,198 g=-4,-44,5
WFR t=240412 src=bms type=0x02 len=129 data=d2037c0eeb0eea0eeb0eea0eeb0eea0eeb0eeb0ee90eea0eeb0eeb0eee0eee0eee0eed0eef0eef0ef00ef00eef0ef00ef10ef00eee0ef00ef00ef00000000000000000003d0000000000000000000000000000042d753002ae0ef10ee9003d003d00000157001c0001001d0000000100010eed00080000000000000000000043b8
WFT t=240428 batt_mv=4190 rssi_mcu=0 rssi_bms=-76 mcu=0 bms=174 dropped=0
WFI t=240452 a=-1642,-3877,202 g=-1,12,25
WFI t=240501 a=-1610,-3845,156 g=17,11,6
WFI t=240551 a=-1617,-3850,194 g=-20,4,-32
WFI t=240602 a=-1688,-3858,176 g=3,-10,-36
WFI t=240651 a=-1639,-3871,198 g=1,-3,8
WFI t=240701 a=-1610,-3843,183 g=-18,-34,-12
WFI t=240752 a=-1666,-3842,188 g=-2,-36,-4
WFI t=240801 a=-1624,-3829,171 g=-7,15,23
WFI t=240851 a=-1612,-3854,184 g=5,12,-6
WFI t=240901 a=-1658,-3836,176 g=-9,-17,-28
WFI t=240951 a=-1667,-3843,191 g=6,7,13
WFI t=241001 a=-1627,-3860,176 g=11,27,14
WFI t=241052 a=-1637,-3849,177 g=-9,-7,-8
WFI t=241101 a=-1654,-3832,194 g=-7,-14,6
WFI t=241240 a=-1612,-3858,187 g=0,-1,-25
WFI t=241242 a=-1634,-3848,187 g=-6,-6,-31
WFI t=241251 a=-1624,-3844,189 g=0,9,-39
WFI t=241301 a=-1659,-3858,196 g=-2,22,-33
WFI t=241351 a=-1655,-3840,184 g=3,1,-1
WFI t=241401 a=-1635,-3849,183 g=-4,-24,4
WFI t=241451 a=-1637,-3850,185 g=-6,-34,1
WFR t=241462 src=bms type=0x02 len=129 data=d2037c0eea0eea0eeb0eea0eeb0eea0eeb0eeb0ee90eea0eeb0eeb0eee0eee0eef0eed0eef0eef0ef00eef0eef0ef00ef10ef00eee0ef00ef00ef00000000000000000003d0000000000000000000000000000042d753002ae0ef10ee9003d003d00000157001c0001001d0000000100010eed000800000000000000000000278e
WFI t=241502 a=-1626,-3863,193 g=-2,11,10
WFI t=241551 a=-1638,-3857,170 g=6,18,-7
WFI t=241601 a=-1649,-3860,183 g=-20,-11,-14
WFI t=241651 a=-1649,-3860,196 g=9,-16,-7
WFI t=241701 a=-1647,-3858,168 g=-6,2,6
WFI t=241751 a=-1623,-3858,196 g=4,5,-10
WFI t=241801 a=-1644,-3847,180 g=-10,2,-16
WFI t=241851 a=-1654,-3858,209 g=2,9,5
WFI t=241901 a=-1620,-3849,167 g=9,4,10
WFI t=241951 a=-1633,-3858,207 g=-16,-23,-9
WFI t=242001 a=-1648,-3859,181 g=10,12,-13
WFI t=242051 a=-1658,-3849,183 g=1,10,-1
WFI t=242101 a=-1642,-3848,193 g=8,-3,-1
WFI t=242151 a=-1643,-3853,177 g=-2,-16,4
WFI t=242201 a=-1636,-3853,203 g=-3,-11,4
WFI t=242264 a=-1628,-3855,186 g=0,9,-8
WFI t=242301 a=-1645,-3847,179 g=-5,-4,-20
WFI t=242351 a=-1654,-3852,202 g=-4,-1,-17
WFI t=242401 a=-1644,-3840,193 g=6,8,-2
WFI t=242451 a=-1637,-3853,183 g=0,-3,-1
WFR t=242452 src=bms type=0x02 len=129 data=d2037c0eea0eea0eeb0eea0eeb0eea0eeb0eeb0ee90eea0eeb0eeb0eee0eee0eee0eed0eef0eef0ef00ef00ef00ef00ef10ef00eee0ef00ef00ef00000000000000000003d0000000000000000000000000000042d753002ae0ef10ee9003d003d00000157001c0001001d0000000100010eed000800000000000000000000248c
WFI t=242501 a=-1657,-3853,185 g=-1,-8,-3
WFI t=242552 a=-1655,-3850,175 g=0,-4,0
WFI t=242601 a=-1645,-3848,182 g=1,-5,3
WFI t=242651 a=-1641,-3856,190 g=6,4,-4
WFI t=242702 a=-1630,-3856,163 g=-3,1,-16
WFI t=242751 a=-1649,-3854,191 g=-10,-17,-16
WFI t=242801 a=-1645,-3855,192 g=5,9,-3
WFI t=242852 a=-1628,-3854,180 g=1,0,-10
WFI t=242901 a=-1644,-3844,191 g=-6,-5,-14
WFI t=242951 a=-1637,-3863,183 g=1,5,-3
WFI t=243002 a=-1636,-3852,177 g=-1,-4,3
WFI t=243051 a=-1626,-3843,176 g=-8,-18,-14
WFI t=243101 a=-1667,-3857,187 g=-6,-13,-21
WFI t=243309 a=-1611,-3845,188 g=4,41,3
WFI t=243403 a=-1641,-3838,169 g=-9,-58,33
WFI t=243420 a=-1616,-3849,147 g=-7,8,-22
WFI t=243423 a=-1616,-3849,147 g=-7,8,-22
WFI t=243425 a=-1623,-3840,151 g=-8,8,-26
WFI t=243427 a=-1623,-3840,151 g=-8,8,-26
WFI t=243452 a=-1630,-3865,210 g=-6,34,-35
WFI t=243501 a=-1667,-3838,156 g=14,27,-21
WFI t=243551 a=-1659,-3863,191 g=-8,-19,1
WFI t=243601 a=-1633,-3865,179 g=-6,-28,10
WFR t=243622 src=bms type=0x02 len=129 data=d2037c0eea0eea0eeb0eeb0eeb0eea0eeb0eeb0ee90eea0eeb0eeb0eee0eee0eef0eed0eef0eef0ef00ef00eef0ef00ef00ef00eee0ef00ef00ef00000000000000000003d0000000000000000000000000000042d753002ae0ef00ee9003d003d00000157001c0001001d0000000100010eed0007000000000000000000002c8f
WFI t=243651 a=-1633,-3855,198 g=-3,-21,7
WFI t=243701 a=-1636,-3843,176 g=4,-4,-1
WFI t=243751 a=-1627,-3853,190 g=-4,2,-6
WFI t=243801 a=-1630,-3857,181 g=5,17,-15
WFI t=243851 a=-1629,-3853,178 g=-11,-13,-21
WFI t=243901 a=-1651,-3852,170 g=12,-1,-1
WFI t=243951 a=-1641,-3871,186 g=-8,-16,-9
WFI t=244001 a=-1640,-3859,181 g=-7,-10,1
WFI t=244051 a=-1637,-3831,156 g=-7,7,6
WFI t=244101 a=-1616,-3861,189 g=7,13,-4
WFI t=244151 a=-1629,-3836,164 g=-15,-9,-24
WFI t=244201 a=-1643,-3834,169 g=1,2,0
WFI t=244251 a=-1615,-3851,185 g=0,-9,-4
WFI t=244301 a=-1656,-3848,177 g=2,-5,-16
WFI t=244351 a=-1666,-3846,199 g=-7,-38,17
WFI t=244401 a=-1620,-3883,186 g=3,29,11
WFI t=244452 a=-1621,-3836,154 g=-7,6,-19
WFI t=244501 a=-1676,-3894,198 g=3,17,-23
WFI t=244551 a=-1649,-3853,178 g=-3,-23,13
WFI t=244601 a=-1599,-3853,201 g=3,12,1
WFR t=244612 src=bms type=0x02 len=129 data=d2037c0eeb0eea0eeb0eea0eeb0eea0eeb0eeb0ee90eea0eea0eec0eee0eee0eef0eed0eef0eef0ef00eef0eef0ef00ef10ef00eee0ef00ef00ef00000000000000000003d0000000000000000000000000000042d753002ae0ef00ee9003d003d00000157001c0001001d0000000100010eed000700000000000000000000141b
WFI t=244651 a=-1640,-3854,153 g=-7,-19,-27
WFI t=244701 a=-1659,-3838,195 g=-1,9,8
WFI t=244751 a=-1617,-3871,176 g=-8,-11,4
WFI t=244801 a=-1618,-3869,196 g=-3,3,-13
WFI t=244851 a=-1643,-3846,160 g=-2,-3,-18
WFI t=244901 a=-1635,-3860,200 g=-2,22,0
WFI t=244951 a=-1634,-3858,164 g=-11,-8,-13
WFI t=245001 a=-1656,-3857,185 g=2,-17,13
WFI t=245051 a=-1631,-3867,174 g=-4,-18,16
WFI t=245101 a=-1621,-3865,203 g=-5,2,1
WFI t=245186 a=-1645,-3836,152 g=-16,-14,-24
WFI t=245281 a=-1621,-3840,169 g=-10,-8,-2
WFI t=245283 a=-1626,-3885,204 g=-2,2,-6
WFI t=245302 a=-1637,-3859,188 g=-8,-5,-8
WFI t=245351 a=-1646,-3830,182 g=-8,-7,-9
WFI t=245401 a=-1653,-3844,177 g=-1,-22,14
WFI t=245451 a=-1628,-3848,197 g=-2,-7,14
WFT t=245471 batt_mv=4172 rssi_mcu=0 rssi_bms=-77 mcu=0 bms=178 dropped=0
WFI t=245501 a=-1633,-3852,157 g=-3,-12,-1
WFI t=245551 a=-1632,-3856,196 g=1,5,-14
WFI t=245601 a=-1645,-3840,159 g=-1,15,-11
WFI t=245651 a=-1655,-3847,194 g=4,9,-1
WFR t=245662 src=bms type=0x02 len=129 data=d2037c0eeb0eea0eea0eea0eeb0eea0eeb0eeb0ee90eea0eeb0eeb0eee0eee0eee0eed0eef0eef0ef00eef0ef00ef00ef00ef00eee0ef00ef00ef00000000000000000003d0000000000000000000000000000042d753002ae0ef00ee9003d003d00000157001c0001001d0000000100010eed000700000000000000000000a933
WFI t=245702 a=-1660,-3842,166 g=-5,0,12
WFI t=245751 a=-1645,-3864,185 g=-4,-21,14
WFI t=245801 a=-1653,-3828,184 g=1,-9,15
WFI t=245851 a=-1644,-3848,178 g=1,7,2
WFI t=245901 a=-1639,-3860,187 g=-5,2,-21
WFI t=245951 a=-1662,-3844,181 g=-8,-19,-27
WFI t=246001 a=-1656,-3856,203 g=7,10,-7
WFI t=246051 a=-1644,-3845,164 g=1,5,-10
WFI t=246101 a=-1664,-3868,201 g=-8,-5,-13
WFI t=246151 a=-1680,-3851,190 g=2,-14,11
WFI t=246201 a=-1639,-3850,197 g=0,-2,33
WFI t=246251 a=-1639,-3838,176 g=0,-24,15
WFI t=246301 a=-1652,-3857,204 g=-1,-10,0
WFI t=246352 a=-1647,-3850,182 g=7,18,-7
WFI t=246401 a=-1653,-3842,181 g=-6,-2,-24
WFI t=246451 a=-1666,-3839,178 g=-3,-6,-29
WFI t=246502 a=-1667,-3842,192 g=-4,13,-17
WFI t=246551 a=-1645,-3854,170 g=1,11,-9
WFI t=246601 a=-1666,-3839,194 g=-5,-15,-3
WFI t=246651 a=-1676,-3858,195 g=-5,-29,17
WFR t=246697 src=bms type=0x02 len=129 data=d2037c0eeb0eea0eeb0eea0eea0eea0eeb0eeb0ee90eea0eea0eec0eee0eee0eef0eed0eef0eef0ef00eef0ef00ef00ef10ef00eee0ef00ef00ef00000000000000000003d0000000000000000000000000000042d753002ae0ef10ee9003d003d00000157001c0001001d0000000100010eed000800000000000000000000f12d
WFI t=246701 a=-1639,-3853,194 g=7,0,25
WFI t=246752 a=-1638,-3841,168 g=0,0,-6
WFI t=246801 a=-1654,-3853,193 g=-9,-4,-30
WFI t=246851 a=-1667,-3845,196 g=5,12,-25
WFI t=246901 a=-1651,-3838,176 g=-7,1,-10
WFI t=246952 a=-1642,-3848,189 g=4,-6,-15
WFI t=247001 a=-1658,-3853,185 g=-11,-9,-7
WFI t=247051 a=-1657,-3852,189 g=-2,-9,8
WFI t=247102 a=-1643,-3840,174 g=-5,-14,13
WFI t=247218 a=-1630,-3843,187 g=6,8,-16
WFI t=247221 a=-1660,-3841,171 g=-9,2,-21
WFI t=247252 a=-1656,-3859,224 g=-5,11,-11
WFI t=247358 a=-1642,-3855,200 g=-2,-14,14
WFI t=247360 a=-1654,-3850,192 g=-2,-23,15
WFI t=247402 a=-1654,-3846,177 g=-6,-5,16
WFI t=247451 a=-1666,-3842,178 g=0,-10,7
WFI t=247501 a=-1647,-3856,196 g=-8,-9,-8
WFI t=247552 a=-1667,-3837,185 g=1,-15,-13
WFI t=247601 a=-1664,-3850,204 g=-6,10,-7
WFI t=247652 a=-1652,-3842,180 g=5,11,-21
WFI t=247702 a=-1657,-3840,194 g=-16,-20,-32
WFR t=247732 src=bms type=0x02 len=129 data=d2037c0eea0eea0eeb0eeb0eea0eea0eeb0eeb0eea0eea0eeb0eeb0eee0eee0eef0eed0eef0eef0ef00ef00eef0ef00ef10ef00eee0ef00ef00ef00000000000000000003d0000000000000000000000000000042d753002ae0ef10ee9003d003d00000157001c0001001d0000000100010eed000800000000000000000000d8b3
WFI t=247751 a=-1692,-3841,198 g=-9,-38,-12
WFI t=247802 a=-1649,-3852,206 g=13,20,16
WFI t=247852 a=-1625,-3840,153 g=2,21,-8
WFI t=247901 a=-1661,-3841,205 g=-19,-19,-28
WFI t=247952 a=-1691,-3844,201 g=3,-5,6
WFI t=248002 a=-1650,-3841,164 g=4,-15,24
WFI t=248051 a=-1628,-3842,188 g=-1,-16,-5
WFI t=248102 a=-1657,-3836,188 g=-2,7,-18
WFI t=248152 a=-1654,-3832,180 g=0,11,-11
WFI t=248201 a=-1644,-3842,173 g=-16,-40,-10
WFI t=248252 a=-1642,-3851,192 g=-8,-48,-13
WFI t=248302 a=-1608,-3815,184 g=-3,-19,-36
WFI t=248351 a=-1634,-3878,229 g=-8,50,-95
WFI t=248402 a=-1698,-3873,160 g=17,-14,-52
WFI t=248452 a=-1656,-3866,197 g=-9,-101,34
WFI t=248501 a=-1568,-3860,195 g=-5,-68,20
WFI t=248552 a=-1616,-3866,208 g=-14,37,-51
WFI t=248602 a=-1664,-3858,191 g=1,49,-24
WFI t=248651 a=-1643,-3866,192 g=-3,3,9
WFI t=248702 a=-1619,-3861,193 g=3,-4,10
WFI t=248752 a=-1625,-3864,197 g=-3,-40,1
WFR t=248752 src=bms type=0x02 len=129 data=d2037c0eea0eea0eeb0eea0eea0eea0eeb0eeb0ee90eea0eeb0eeb0eee0eee0eee0eed0eef0eef0ef00ef00ef00ef00ef00ef00eef0ef00ef00ef00000000000000000003d0000000000000000000000000000042d753002ae0ef00ee9003d003d00000157001c0001001d0000000100010eed000700000000000000000000feee
WFI t=248801 a=-1598,-3868,199 g=-5,-13,-8
WFI t=248852 a=-1617,-3868,190 g=-6,9,-37
WFI t=248902 a=-1653,-3859,196 g=-7,-28,-19
WFI t=248952 a=-1580,-3874,173 g=-10,17,5
WFI t=249002 a=-1639,-3853,171 g=-5,9,-19
WFI t=249052 a=-1626,-3906,208 g=-33,14,20
WFI t=249101 a=-1511,-3866,163 g=17,101,-37
WFI t=249152 a=-1748,-3880,210 g=-10,-13,-40
WFI t=249282 a=-1543,-4003,271 g=4,104,-50
WFI t=249284 a=-1612,-3789,187 g=-1,114,-62
WFI t=249302 a=-1648,-3841,136 g=32,44,-90
WFI t=249352 a=-1692,-3931,232 g=26,65,43
WFI t=249401 a=-1593,-3838,132 g=-13,11,39
WFI t=249452 a=-1624,-3834,187 g=13,-20,-16
WFI t=249502 a=-1701,-3835,166 g=-18,-88,23
WFI t=249552 a=-1639,-3896,241 g=22,23,68
WFI t=249602 a=-1513,-3835,86 g=26,47,-3
WFI t=249652 a=-1558,-3882,200 g=-40,1,-155
WFI t=249701 a=-1755,-3865,204 g=32,110,-76
WFR t=249742 src=bms type=0x02 len=129 data=d2037c0eea0eea0eeb0eea0eea0eea0eeb0eeb0ee90eea0eeb0eeb0eee0eee0eee0eed0eef0eef0ef00eef0eef0ef00ef00ef00eee0ef00ef00ef00000000000000000003d0000000000000000000000000000042d753002ae0ef00ee9003d003d00000157001c0001001d0000000100010eed000700000000000000000000257c
WFI t=249752 a=-1572,-3917,145 g=1,17,-20
WFI t=249802 a=-1668,-3913,213 g=-16,-91,6
WFI t=249851 a=-1666,-3893,172 g=-8,-230,120
WFI t=249901 a=-1523,-3958,224 g=-38,99,84
WFI t=249952 a=-1417,-3896,112 g=89,210,-118
WFI t=250001 a=-1815,-3945,220 g=-1,233,-263
WFI t=250051 a=-1827,-3856,65 g=75,-33,37
WFI t=250102 a=-1603,-3753,147 g=-62,27,166
WFI t=250151 a=-1558,-3852,246 g=35,-37,73
WFI t=250201 a=-1588,-3794,109 g=-37,-1,18
WFI t=250252 a=-1566,-3877,219 g=-3,-4,-45
WFI t=250301 a=-1558,-3857,94 g=-6,13,-127
WFI t=250351 a=-1761,-3896,166 g=26,-57,-104
WFI t=250402 a=-1655,-3893,190 g=-6,-99,59
WFI t=250451 a=-1495,-3868,153 g=1,21,29
WFI t=250501 a=-1646,-3876,153 g=-12,54,-28
WFI t=250554 a=-1621,-3872,197 g=12,9,45
WFT t=250560 batt_mv=4174 rssi_mcu=0 rssi_bms=-78 mcu=0 bms=183 dropped=0
WFI t=250601 a=-1550,-3889,193 g=-21,-29,-35
WFI t=250651 a=-1590,-3847,144 g=7,62,-59
WFI t=250702 a=-1672,-3870,170 g=-3,-5,-8
WFI t=250751 a=-1594,-3902,202 g=4,-16,36
WFR t=250763 src=bms type=0x02 len=129 data=d2037c0eea0eea0eeb0eea0eea0eea0eea0eeb0ee90eea0eeb0eeb0eee0eee0eee0eed0eef0eef0ef00ef00eef0ef00ef00ef00eee0ef00ef00ef00000000000000000003d0000000000000000000000000000042d753002ae0ef00ee9003d003d00000157001c0001001d0000000100010eed00070000000000000000000046ec
WFI t=250802 a=-1612,-3890,207 g=-14,-65,-6
WFI t=250852 a=-1609,-3862,175 g=-2,-35,14
WFI t=250901 a=-1529,-3874,174 g=6,57,-28
WFI t=250951 a=-1639,-3862,168 g=-3,95,-70
WFI t=251002 a=-1704,-3860,170 g=-7,-58,40
WFI t=251051 a=-1522,-3861,164 g=-6,-61,60
WFI t=251101 a=-1587,-3870,222 g=-19,-34,-42
WFI t=251152 a=-1654,-3869,221 g=-13,-10,-25
WFI t=251285 a=-1590,-3879,185 g=-4,31,-32
WFI t=251359 a=-1669,-3878,180 g=-9,-65,20
WFI t=251374 a=-1514,-3857,177 g=1,-6,0
WFI t=251466 a=-1685,-3868,179 g=-2,36,-33
WFI t=251468 a=-1679,-3856,179 g=4,18,-5
WFI t=251470 a=-1673,-3866,161 g=4,7,7
WFI t=251501 a=-1599,-3874,184 g=0,-42,39
WFI t=251551 a=-1580,-3862,177 g=-11,-38,6
WFI t=251602 a=-1606,-3863,179 g=3,-3,4
WFI t=251651 a=-1577,-3862,173 g=3,55,-15
WFI t=251701 a=-1621,-3857,177 g=-1,57,-51
WFI t=251752 a=-1678,-3872,179 g=-7,-60,15
WFR t=251782 src=bms type=0x02 len=129 data=d2037c0eeb0eea0eeb0eea0eeb0eea0eeb0eeb0ee90eea0eeb0eeb0eee0eee0eef0eed0eef0eef0ef00ef00eef0ef00ef10ef00eee0ef00ef00ef00000000000000000003d0000000000000000000000000000042d753002ae0ef10ee9003d003d00000157001c0001001d0000000100010eed0008000000000000000000006614
WFI t=251801 a=-1551,-3871,182 g=-1,-55,51
WFI t=251851 a=-1565,-3863,182 g=-3,34,-43
WFI t=251902 a=-1681,-3875,177 g=5,37,-29
WFI t=251951 a=-1607,-3880,179 g=-8,-41,25
WFI t=252001 a=-1566,-3869,166 g=-3,-11,-10
WFI t=252052 a=-1628,-3875,179 g=-1,11,-16
WFI t=252101 a=-1599,-3879,167 g=-1,6,8
WFI t=252151 a=-1594,-3853,175 g=-1,11,-18
WFI t=252202 a=-1646,-3860,181 g=-6,-32,-1
WFI t=252251 a=-1574,-3873,169 g=-1,-11,14
WFI t=252301 a=-1588,-3881,182 g=0,39,-37
WFI t=252352 a=-1657,-3861,178 g=-1,8,-12
WFI t=252401 a=-1606,-3877,182 g=-1,-51,34
WFI t=252451 a=-1559,-3869,181 g=-1,6,-11
WFI t=252502 a=-1639,-3852,186 g=2,32,-37
WFI t=252551 a=-1629,-3870,178 g=5,-5,9
WFI t=252601 a=-1597,-3865,177 g=-6,-40,11
WFI t=252652 a=-1587,-3873,181 g=1,8,-5
WFI t=252701 a=-1615,-3875,174 g=-5,9,-16
WFI t=252751 a=-1601,-3857,182 g=2,24,-9
WFR t=252772 src=bms type=0x02 len=129 data=d2037c0eeb0eea0eeb0eea0eeb0eea0eeb0eeb0ee90eea0eeb0eeb0eee0eee0eef0eed0eef0eef0ef00eef0eef0ef00ef00ef10eee0ef00ef00ef00000000000000000003d0000000000000000000000000000042d753002ae0ef00ee9003d003d00000157001c0001001d0000000100010eed000700000000000000000000eed7
WFI t=252802 a=-1623,-3864,175 g=-4,-20,-10
WFI t=252851 a=-1625,-3861,177 g=-1,-31,21
WFI t=252902 a=-1571,-3862,172 g=-1,2,-4
WFI t=252952 a=-1605,-3872,182 g=-2,35,-31
WFI t=253001 a=-1638,-3867,172 g=-7,-17,0
WFI t=253051 a=-1586,-3869,186 g=4,-29,17
WFI t=253102 a=-1574,-3859,184 g=-6,11,-15
WFI t=253151 a=-1623,-3869,180 g=-4,20,-17
WFI t=253236 a=-1602,-3868,179 g=0,-19,-3
WFI t=253319 a=-1612,-3856,183 g=-3,-7,-5
WFI t=253321 a=-1618,-3863,176 g=-3,-7,-3
WFI t=253352 a=-1605,-3858,179 g=-3,6,-2
WFI t=253402 a=-1605,-3864,173 g=-3,3,-12
WFI t=253451 a=-1611,-3862,173 g=-4,-12,1
WFI t=253501 a=-1574,-3869,176 g=-1,-19,-1
WFI t=253552 a=-1603,-3852,177 g=-2,16,-16
WFI t=253601 a=-1623,-3867,167 g=-3,3,-13
WFI t=253651 a=-1606,-3874,180 g=0,-10,12
WFI t=253702 a=-1602,-3860,173 g=-8,-15,-7
WFI t=253751 a=-1602,-3869,178 g=5,8,-11
WFR t=253792 src=bms type=0x02 len=129 data=d2037c0eea0eea0eeb0eea0eeb0eea0eeb0eeb0ee90eea0eeb0eeb0eee0eee0eef0eed0eef0eef0ef00eef0eef0ef00ef10ef00eee0ef00ef00ef00000000000000000003d0000000000000000000000000000042d753002ae0ef00ee9003d003d00000157001c0001001d0000000100010eed0007000000000000000000000b0a
WFI t=253802 a=-1603,-3867,186 g=-4,-3,-2
WFI t=253852 a=-1599,-3867,181 g=0,13,-7
WFI t=253901 a=-1622,-3875,176 g=1,6,-10
WFI t=253952 a=-1625,-3879,188 g=-2,-27,13
WFI t=254002 a=-1576,-3868,167 g=-6,-14,8
WFI t=254051 a=-1588,-3871,172 g=6,40,-31
WFI t=254101 a=-1644,-3863,173 g=2,10,-15
WFI t=254152 a=-1621,-3872,175 g=-9,-53,22
WFI t=254201 a=-1564,-3871,203 g=-10,-36,0
WFI t=254251 a=-1606,-3849,170 g=3,20,-25
WFI t=254302 a=-1618,-3852,183 g=7,43,-9
WFI t=254351 a=-1604,-3856,156 g=-3,31,-22
WFI t=254401 a=-1621,-3863,173 g=1,5,0
WFI t=254452 a=-1614,-3874,180 g=-5,-52,20
WFI t=254501 a=-1575,-3878,173 g=3,8,-4
WFI t=254551 a=-1608,-3850,169 g=-8,10,-32
WFI t=254602 a=-1608,-3878,173 g=-5,-3,-3
WFI t=254651 a=-1598,-3867,178 g=-10,-22,-5
WFI t=254701 a=-1574,-3870,191 g=4,38,-19
WFI t=254752 a=-1637,-3876,173 g=-3,21,-31
WFR t=254783 src=bms type=0x02 len=129 data=d2037c0eeb0eea0eeb0eea0eeb0eea0eeb0eeb0ee90eea0eeb0eeb0eee0eee0eee0eed0eef0eef0ef00ef00ef00ef00ef10ef00eee0ef00ef00ef00000000000000000003d0000000000000000000000000000042d753002ae0ef00ee9003d003d00000157001c0001001d0000000100010eed0007000000000000000000005cf4
WFI t=254802 a=-1660,-3887,177 g=-4,-59,36
WFI t=254851 a=-1551,-3872,166 g=-3,-53,49
WFI t=254902 a=-1548,-3867,169 g=1,44,-30
WFI t=254951 a=-1622,-3874,169 g=-1,55,-46
WFI t=255002 a=-1628,-3882,177 g=-3,-5,-14
WFI t=255051 a=-1598,-3866,172 g=-8,-24,-17
WFI t=255101 a=-1626,-3876,172 g=-3,-20,3
WFI t=255151 a=-1585,-3865,188 g=7,-7,17
WFI t=255315 a=-1622,-3859,182 g=1,2,-4
WFI t=255331 a=-1573,-3877,182 g=-5,-13,0
WFI t=255333 a=-1561,-3871,166 g=-2,3,-9
WFI t=255352 a=-1571,-3865,176 g=0,24,-21
WFI t=255401 a=-1627,-3868,188 g=-5,11,-25
WFI t=255451 a=-1605,-3872,167 g=4,-5,16
WFI t=255501 a=-1586,-3870,182 g=-6,-23,-6
WFI t=255551 a=-1610,-3878,176 g=2,2,-3
WFT t=255596 batt_mv=4188 rssi_mcu=0 rssi_bms=-82 mcu=0 bms=188 dropped=0
WFI t=255601 a=-1592,-3869,189 g=-7,-11,2
WFI t=255652 a=-1571,-3870,152 g=3,41,-21
WFI t=255701 a=-1646,-3873,172 g=-7,-17,-14
WFI t=255751 a=-1585,-3865,172 g=-3,-43,33
WFI t=255802 a=-1552,-3884,193 g=-4,12,-15
WFR t=255803 src=bms type=0x02 len=129 data=d2037c0eea0eea0eeb0eea0eeb0eea0eeb0eeb0ee90eea0eeb0eeb0eee0eee0eef0eed0eef0eef0ef00eef0ef00ef00ef10ef00eee0ef00ef00ef00000000000000000003d0000000000000000000000000000042d753002ae0ef10ee9003d003d00000157001c0001001d0000000100010eed0008000000000000000000001446
WFI t=255852 a=-1619,-3865,167 g=1,49,-44
WFI t=255901 a=-1653,-3871,183 g=-2,-23,10
WFI t=255951 a=-1561,-3869,166 g=-6,-38,15
WFI t=256002 a=-1597,-3870,193 g=-5,-9,-12
WFI t=256052 a=-1594,-3861,173 g=8,21,-4
WFI t=256101 a=-1591,-3856,177 g=-4,17,-21
WFI t=256151 a=-1631,-3864,163 g=-3,-14,-3
WFI t=256202 a=-1601,-3874,183 g=-3,-28,19
WFI t=256252 a=-1573,-3872,173 g=-3,10,-18
WFI t=256301 a=-1621,-3869,186 g=2,17,-17
WFI t=256351 a=-1598,-3882,174 g=-4,-4,1
WFI t=256401 a=-1596,-3866,169 g=-2,4,-15
WFI t=256452 a=-1629,-3865,176 g=2,-11,0
WFI t=256501 a=-1589,-3867,182 g=2,-4,10
WFI t=256551 a=-1603,-3871,175 g=1,17,-22
WFI t=256602 a=-1639,-3876,175 g=-1,-10,0
WFI t=256652 a=-1572,-3874,182 g=-1,-19,8
WFI t=256701 a=-1585,-3858,165 g=-3,20,-29
WFI t=256751 a=-1637,-3859,171 g=-3,-1,-3
WFR t=256793 src=bms type=0x02 len=129 data=d2037c0eeb0eea0eeb0eea0eeb0eea0eeb0eeb0ee90eea0eeb0eeb0eee0eee0eef0eed0eef0eef0ef00ef00ef00ef00ef00ef00eee0ef00ef00ef00000000000000000003d0000000000000000000000000000042d753002ae0ef00ee9003d003d00000157001c0001001d0000000100010eed00070000000000000000000088f8
WFI t=256802 a=-1588,-3869,176 g=-3,-2,8
WFI t=256852 a=-1623,-3877,181 g=-7,-11,-17
WFI t=256901 a=-1608,-3877,171 g=-1,-22,14
WFI t=256951 a=-1572,-3880,183 g=-4,-1,-6
WFI t=257002 a=-1602,-3876,165 g=-4,32,-30
WFI t=257051 a=-1622,-3869,164 g=0,-3,2
WFI t=257102 a=-1588,-3873,174 g=-3,-29,9
WFI t=257151 a=-1589,-3871,173 g=4,-5,-5
WFI t=257202 a=-1610,-3884,195 g=-2,4,-9
WFI t=257260 a=-1593,-3863,154 g=-1,15,-14
WFI t=257354 a=-1601,-3875,164 g=-2,-23,11
WFI t=257357 a=-1601,-3875,164 g=-2,-23,11
WFI t=257402 a=-1582,-3863,166 g=-3,-1,-8
WFI t=257452 a=-1616,-3871,179 g=-2,16,-19
WFI t=257501 a=-1619,-3857,161 g=1,-5,1
WFI t=257551 a=-1590,-3886,169 g=0,0,-2
WFI t=257602 a=-1617,-3877,172 g=-5,1,-12
WFI t=257651 a=-1622,-3863,160 g=-4,-26,4
WFI t=257701 a=-1577,-3869,172 g=2,-8,2
WFI t=257752 a=-1595,-3863,171 g=-2,19,-24
WFI t=257801 a=-1630,-3873,170 g=-2,10,-8
WFR t=257813 src=bms type=0x02 len=129 data=d2037c0eea0eea0eeb0eea0eeb0eea0eeb0eeb0ee90eea0eeb0eec0eee0eee0eef0eed0eef0eef0ef00ef00ef00ef00ef10ef00eee0ef00ef00ef00000000000000000003d0000000000000000000000000000042d753002ae0ef10ee9003d003d00000157001c0001001d0000000100010eed000800000000000000000000e4e0
WFI t=257852 a=-1599,-3878,173 g=0,-23,10
WFI t=257902 a=-1587,-3873,172 g=-5,-7,-2
WFI t=257951 a=-1601,-3888,179 g=-7,3,-10
WFI t=258002 a=-1591,-3878,172 g=2,5,-5
WFI t=258052 a=-1599,-3860,169 g=-1,11,-12
WFI t=258101 a=-1626,-3851,169 g=-2,-11,-7
WFI t=258151 a=-1606,-3885,186 g=-12,-32,14
WFI t=258202 a=-1558,-3874,180 g=1,15,-11
WFI t=258251 a=-1622,-3868,181 g=-5,27,-32
WFI t=258301 a=-1625,-3871,167 g=-6,-12,10
WFI t=258352 a=-1574,-3875,181 g=0,-17,6
WFI t=258401 a=-1613,-3881,181 g=-6,-8,-13
WFI t=258451 a=-1592,-3867,177 g=4,2,5
WFI t=258502 a=-1585,-3873,176 g=-4,14,-17
WFI t=258551 a=-1624,-3876,170 g=-2,8,-16
WFI t=258602 a=-1611,-3866,187 g=0,-28,11
WFI t=258652 a=-1566,-3864,181 g=1,-3,0
WFI t=258701 a=-1600,-3868,176 g=-2,10,-20
WFI t=258751 a=-1617,-3882,182 g=2,-7,4
WFI t=258802 a=-1579,-3873,169 g=-3,-6,-2
WFR t=258803 src=bms type=0x02 len=129 data=d2037c0eea0eea0eeb0eea0eeb0eea0eeb0eeb0ee90eea0eeb0eec0eee0eee0eef0eed0eef0eef0ef00ef00eef0ef00ef00ef00eee0ef00ef00ef00000000000000000003d0000000000000000000000000000042d753002ae0ef00ee9003d003d00000157001c0001001d0000000100010eed0007000000000000000000000a0c
WFI t=258863 a=-1600,-3876,176 g=0,9,-15
WFI t=258901 a=-1610,-3890,182 g=-5,-5,2
WFI t=258951 a=-1588,-3860,156 g=-8,-4,-9
WFI t=259002 a=-1614,-3865,182 g=-3,-13,-6
WFI t=259052 a=-1583,-3869,164 g=2,-5,4
WFI t=259101 a=-1580,-3862,172 g=2,24,-19
WFI t=259151 a=-1621,-3865,173 g=-8,3,-9
WFI t=259201 a=-1608,-3868,175 g=-7,-31,8
WFI t=259305 a=-1583,-3871,170 g=1,-9,-6
WFI t=259307 a=-1597,-3880,171 g=-2,22,-13
WFI t=259410 a=-1608,-3867,175 g=-2,21,-15
WFI t=259499 a=-1622,-3866,178 g=-7,-30,6
WFI t=259583 a=-1588,-3884,173 g=1,1,-10
WFI t=259585 a=-1617,-3882,165 g=-4,16,-12
WFI t=259587 a=-1616,-3860,185 g=-5,12,-11
WFI t=259601 a=-1613,-3877,170 g=0,4,-5
WFI t=259652 a=-1600,-3881,168 g=-4,-22,2
WFI t=259701 a=-1599,-3870,178 g=-1,-16,6
WFI t=259751 a=-1581,-3874,169 g=-4,6,-10
WFI t=259802 a=-1620,-3860,179 g=-1,9,-14
WFR t=259823 src=bms type=0x02 len=129 data=d2037c0eeb0eea0eeb0eea0eeb0eea0eeb0eeb0ee90eea0eeb0eeb0eee0eee0eef0eed0eef0eef0ef00ef00eef0ef00ef00ef00eee0ef00ef00ef00000000000000000003d0000000000000000000000000000042d753002ae0ef00ee9003d003d00000157001c0001001d0000000100010eed000700000000000000000000bb30
WFI t=259852 a=-1615,-3871,162 g=-5,-13,0
WFI t=259901 a=-1591,-3877,167 g=0,2,-2
WFI t=259951 a=-1600,-3863,178 g=-2,5,-13
WFI t=260001 a=-1617,-3871,168 g=-1,-4,0
WFI t=260051 a=-1584,-3860,172 g=-7,-7,0
WFI t=260101 a=-1616,-3859,164 g=2,-5,-5
WFI t=260151 a=-1594,-3871,176 g=-2,-8,2
WFI t=260201 a=-1583,-3872,161 g=-3,0,-11
WFI t=260252 a=-1608,-3876,172 g=-3,9,-10
WFI t=260301 a=-1601,-3870,161 g=-4,1,-10
WFI t=260351 a=-1628,-3864,187 g=-3,-29,-1
WFI t=260401 a=-1594,-3884,184 g=-5,-29,17
WFI t=260452 a=-1555,-3866,176 g=4,50,-28
WFI t=260501 a=-1648,-3873,167 g=-4,39,-36
WFI t=260551 a=-1646,-3870,172 g=-6,-49,28
WFI t=260601 a=-1547,-3873,161 g=-4,-34,13
WFT t=260622 batt_mv=4174 rssi_mcu=0 rssi_bms=-78 mcu=0 bms=193 dropped=0
WFI t=260651 a=-1599,-3876,176 g=-6,20,-35
WFI t=260702 a=-1620,-3864,166 g=8,29,-8
WFI t=260751 a=-1585,-3863,179 g=-8,-10,-9
WFI t=260801 a=-1596,-3871,177 g=0,-16,4
WFR t=260813 src=bms type=0x02 len=129 data=d2037c0eeb0eea0eeb0eea0eeb0eea0eeb0eeb0ee90eea0eeb0eeb0eee0eee0eef0eed0eef0eef0ef00eef0eef0ef00ef10ef00eef0ef00ef00ef00000000000000000003d0000000000000000000000000000042d753002ae0ef10ee9003d003d00000157001c0001001d0000000100010eed0008000000000000000000008e4e
WFI t=260852 a=-1577,-3878,170 g=-3,-13,5
WFI t=260901 a=-1589,-3871,160 g=-3,16,-21
WFI t=260951 a=-1623,-3876,180 g=-4,1,-12
WFI t=261001 a=-1584,-3877,172 g=0,-17,2
WFI t=261051 a=-1580,-3886,174 g=-4,-8,-5
WFI t=261101 a=-1591,-3869,174 g=1,7,-6
WFI t=261152 a=-1582,-3874,166 g=-4,15,-11
WFI t=261201 a=-1617,-3857,174 g=-7,-11,-13
WFI t=261338 a=-1605,-3878,178 g=-4,-39,14
WFI t=261354 a=-1592,-3869,170 g=3,46,-39
WFI t=261356 a=-1610,-3869,162 g=-1,42,-38
WFI t=261401 a=-1632,-3874,174 g=-3,-23,6
WFI t=261452 a=-1561,-3883,186 g=2,-31,25
WFI t=261501 a=-1571,-3875,170 g=-6,12,-38
WFI t=261551 a=-1629,-3869,182 g=4,21,-10
WFI t=261602 a=-1554,-3867,167 g=1,-5,4
WFI t=261651 a=-1607,-3873,169 g=-3,-1,-11
WFI t=261701 a=-1623,-3879,185 g=-9,-43,14
WFI t=261752 a=-1546,-3882,181 g=1,11,1
WFI t=261801 a=-1606,-3858,176 g=-7,45,-54
WFR t=261833 src=bms type=0x02 len=129 data=d2037c0eeb0eea0eeb0eea0eeb0eea0eeb0eeb0ee90eea0eeb0eeb0eee0eee0eef0eed0eef0eef0ef00eef0eef0ef00ef00ef00eee0ef00ef00ef00000000000000000003d0000000000000000000000000000042d753002ae0ef00ee9003d003d00000157001c0001001d0000000100010eed000700000000000000000000ae56
WFI t=261851 a=-1656,-3869,171 g=-1,-24,7
WFI t=261902 a=-1561,-3885,172 g=-8,-58,34
WFI t=261951 a=-1555,-3864,157 g=2,31,-28
WFI t=262001 a=-1639,-3875,184 g=-3,27,-27
WFI t=262052 a=-1582,-3862,157 g=-6,-13,9
WFI t=262101 a=-1592,-3875,184 g=-11,-20,-12
WFI t=262151 a=-1609,-3874,170 g=-2,-12,-1
WFI t=262202 a=-1577,-3879,174 g=-2,3,-1
WFI t=262251 a=-1577,-3885,166 g=6,43,-29
WFI t=262301 a=-1630,-3865,170 g=-7,-20,-11
WFI t=262352 a=-1572,-3880,175 g=1,-40,27
WFI t=262401 a=-1564,-3875,176 g=-6,4,-20
WFI t=262451 a=-1620,-3872,164 g=-2,31,-25
WFI t=262502 a=-1597,-3882,170 g=-1,-10,6
WFI t=262551 a=-1566,-3871,149 g=-3,-10,-5
WFI t=262601 a=-1597,-3864,187 g=-8,-17,-6
WFI t=262652 a=-1563,-3890,173 g=-1,0,5
WFI t=262701 a=-1566,-3884,185 g=1,28,-29
WFI t=262751 a=-1623,-3877,174 g=-2,0,-7
WFI t=262802 a=-1574,-3870,187 g=-3,-26,20
WFR t=262824 src=bms type=0x02 len=129 data=d2037c0eeb0eea0eeb0eeb0eeb0eea0eeb0eeb0ee90eea0eeb0eeb0eee0eee0eef0eed0eef0eef0ef00eef0eef0ef00ef00ef00eee0ef00ef00ef00000000000000000003d0000000000000000000000000000042d753002ae0ef10ee9003d003d00000157001c0001001d0000000100010eed0008000000000000000000004191
WFI t=262852 a=-1546,-3876,174 g=-2,15,-23
WFI t=262901 a=-1629,-3878,180 g=-2,-4,-20
WFI t=262952 a=-1577,-3886,169 g=-3,-30,11
WFI t=263001 a=-1566,-3870,159 g=-9,-9,-17
WFI t=263051 a=-1597,-3876,171 g=6,25,-9
WFI t=263102 a=-1595,-3889,160 g=-6,-17,4
WFI t=263151 a=-1540,-3880,169 g=12,49,-3
WFI t=263201 a=-1614,-3867,155 g=-17,-14,-45
WFI t=263275 a=-1579,-3870,165 g=8,-16,33
WFI t=263358 a=-1588,-3881,209 g=6,48,-27
WFI t=263360 a=-1585,-3879,169 g=7,75,-22
WFI t=263402 a=-1613,-3879,156 g=-6,-5,-15
WFI t=263452 a=-1607,-3880,185 g=5,-38,29
WFI t=263501 a=-1547,-3871,152 g=-5,-32,2
WFI t=263552 a=-1584,-3873,201 g=7,49,-21
WFI t=263601 a=-1608,-3886,151 g=4,32,-21
WFI t=263652 a=-1614,-3883,193 g=0,-31,25
WFI t=263702 a=-1559,-3868,148 g=-10,-51,23
WFI t=263751 a=-1568,-3882,179 g=2,29,-19
WFI t=263801 a=-1594,-3879,161 g=1,18,-17
WFR t=263843 src=bms type=0x02 len=129 data=d2037c0eea0eea0eeb0eeb0eeb0eea0eeb0eeb0ee90eea0eeb0eec0eee0eee0eee0eed0eef0eef0ef00ef00eef0ef00ef00ef00eee0ef00ef00ef00000000000000000003d0000000000000000000000000000042d753002ae0ef00ee9003d003d00000157001c0001001d0000000100010eed000700000000000000000000ece3
WFI t=263852 a=-1588,-3877,165 g=6,21,-3
WFI t=263901 a=-1602,-3876,175 g=-6,-21,-6
WFI t=263951 a=-1597,-3876,183 g=4,-21,24
WFI t=264002 a=-1551,-3872,181 g=-7,-6,-10
WFI t=264052 a=-1606,-3876,180 g=3,32,-24
WFI t=264101 a=-1619,-3879,169 g=-2,-13,-6
WFI t=264152 a=-1577,-3870,164 g=2,4,5
WFI t=264201 a=-1605,-3871,175 g=-8,-11,-6
WFI t=264251 a=-1583,-3882,171 g=1,-7,18
WFI t=264302 a=-1576,-3869,166 g=-7,-2,-12
WFI t=264351 a=-1603,-3869,172 g=2,25,-18
WFI t=264401 a=-1606,-3873,190 g=-5,-14,-3
WFI t=264452 a=-1563,-3921,170 g=15,31,3
WFI t=264501 a=-1628,-3876,177 g=-23,-61,-23
WFI t=264551 a=-1571,-3879,162 g=12,6,33
WFI t=264602 a=-1554,-3876,164 g=-13,19,-46
WFI t=264653 a=-1658,-3880,167 g=9,46,-17
WFI t=264701 a=-1610,-3887,181 g=-6,-81,40
WFI t=264752 a=-1521,-3870,163 g=0,-8,9
WFI t=264801 a=-1607,-3887,178 g=-3,26,-49
WFR t=264833 src=bms type=0x02 len=129 data=d2037c0eeb0eea0eeb0eea0eeb0eea0eeb0eeb0ee90eea0eeb0eeb0eee0eee0eee0eed0eef0eef0ef00ef00eef0ef00ef00ef00eee0ef00eef0ef00000000000000000003d0000000000000000000000000000042d753002ae0ef00ee9003d003d00000157001c0001001d0000000100010eed000700000000000000000000a480
WFI t=264851 a=-1626,-3869,176 g=-1,17,-6
WFI t=264902 a=-1579,-3854,172 g=-7,-20,-1
WFI t=264951 a=-1610,-3868,168 g=-1,-8,-1
WFI t=265001 a=-1603,-3887,184 g=-8,-30,14
WFI t=265052 a=-1547,-3870,155 g=0,4,-3
WFI t=265101 a=-1595,-3882,184 g=-4,26,-34
WFI t=265151 a=-1614,-3887,160 g=-2,-3,-9
WFI t=265202 a=-1582,-3882,177 g=-1,-21,12
WFI t=265280 a=-1602,-3873,161 g=-5,-3,-13
WFI t=265367 a=-1563,-3866,165 g=2,2,-8
WFI t=265369 a=-1577,-3883,162 g=-3,0,-16
WFI t=265401 a=-1590,-3877,155 g=-3,0,-19
WFI t=265451 a=-1607,-3871,163 g=-1,-17,2
WFI t=265502 a=-1576,-3877,174 g=0,-1,4
WFI t=265551 a=-1581,-3876,150 g=0,27,-17
WFI t=265601 a=-1617,-3870,187 g=-1,-7,-10
WFI t=265652 a=-1567,-3876,165 g=-3,-25,6
WFT t=265676 batt_mv=4190 rssi_mcu=0 rssi_bms=-82 mcu=0 bms=198 dropped=0
WFI t=265701 a=-1567,-3884,165 g=-2,5,-25
WFI t=265751 a=-1612,-3873,159 g=-7,5,-18
WFI t=265802 a=-1571,-3874,159 g=5,5,2
WFI t=265851 a=-1587,-3888,152 g=-5,10,-11
WFR t=265898 src=bms type=0x02 len=129 data=d2037c0eeb0eea0eeb0eea0eea0eea0eeb0eeb0ee90eea0eeb0eeb0eee0eee0eef0eed0eef0eef0ef00eef0eef0ef00ef00ef00eee0ef00eef0ef00000000000000000003d0000000000000000000000000000042d753002ae0ef00ee9003d003d00000157001c0001001d0000000100010eed0007000000000000000000006e30
WFI t=265901 a=-1601,-3875,160 g=0,-19,-2
WFI t=265952 a=-1587,-3878,175 g=-4,-26,5
WFI t=266001 a=-1568,-3891,167 g=6,27,-13
WFI t=266051 a=-1614,-3885,173 g=-3,19,-21
WFI t=266102 a=-1596,-3869,165 g=3,0,7
WFI t=266151 a=-1588,-3870,166 g=-8,-43,12
WFI t=266202 a=-1572,-3865,149 g=5,-11,8
WFI t=266252 a=-1560,-3873,177 g=4,31,-14
WFI t=266301 a=-1601,-3860,151 g=-2,28,-19
WFI t=266351 a=-1603,-3866,168 g=3,9,15
WFI t=266401 a=-1579,-3886,168 g=-13,-48,7
WFI t=266451 a=-1594,-3870,171 g=4,5,-4
WFI t=266501 a=-1607,-3876,163 g=-14,-26,-24
WFI t=266552 a=-1597,-3861,145 g=8,-1,-6
WFI t=266601 a=-1623,-3867,173 g=-10,-36,-3
WFI t=266651 a=-1587,-3877,168 g=4,6,13
WFI t=266702 a=-1583,-3874,168 g=-4,15,-14
WFI t=266751 a=-1603,-3866,156 g=-2,15,-12
WFI t=266801 a=-1619,-3869,179 g=-12,-42,5
WFI t=266852 a=-1559,-3871,161 g=-1,-24,2
WFI t=266901 a=-1594,-3887,189 g=-4,8,-23
WFR t=266903 src=bms type=0x02 len=129 data=d2037c0eeb0eea0eeb0eea0eeb0eea0eeb0eeb0ee90eea0eeb0eec0eee0eee0eef0eed0eef0eef0ef00ef00ef00ef00ef10ef00eee0ef00ef00ef00000000000000000003d0000000000000000000000000000042d753002ae0ef00ee9003d003d00000157001c0001001d0000000100010eed0007000000000000000000009c98
WFI t=266953 a=-1601,-3867,164 g=-1,11,-11
WFI t=267001 a=-1596,-3863,170 g=-4,-3,7
WFI t=267051 a=-1594,-3877,173 g=-3,-16,1
WFI t=267101 a=-1592,-3866,164 g=-3,-9,-7
WFI t=267151 a=-1589,-3881,173 g=1,2,-7
WFI t=267201 a=-1601,-3866,171 g=-5,-4,-11
WFI t=267361 a=-1590,-3866,171 g=-2,2,-5
WFI t=267433 a=-1593,-3871,174 g=1,-13,6
WFI t=267448 a=-1576,-3875,168 g=-2,18,-19
WFI t=267537 a=-1598,-3875,168 g=3,21,-22
WFI t=267539 a=-1569,-3879,180 g=0,-18,16
WFI t=267541 a=-1569,-3879,180 g=0,-18,16
WFI t=267551 a=-1563,-3868,158 g=2,-13,11
WFI t=267601 a=-1596,-3878,173 g=-7,0,-22
WFI t=267651 a=-1593,-3885,177 g=1,10,-1
WFI t=267701 a=-1562,-3885,177 g=-1,2,-15
WFI t=267752 a=-1621,-3870,173 g=5,1,-13
WFI t=267801 a=-1607,-3874,178 g=-2,-28,10
WFI t=267851 a=-1557,-3871,163 g=-1,-1,-7
WFI t=267901 a=-1599,-3887,172 g=-7,10,-22
WFI t=267953 a=-1596,-3891,185 g=0,-2,7
WFI t=268001 a=-1552,-3879,155 g=0,25,-19
WFI t=268052 a=-1624,-3876,177 g=-7,-7,-20
WFI t=268101 a=-1572,-3864,165 g=-4,-41,24
WFI t=268151 a=-1537,-3882,183 g=-8,-2,-17
WFI t=268201 a=-1586,-3892,162 g=1,40,-38
WFI t=268251 a=-1609,-3882,177 g=2,0,4
WFI t=268301 a=-1566,-3888,162 g=-4,-15,4
WFI t=268351 a=-1581,-3881,183 g=-5,-19,-5
WFI t=268401 a=-1557,-3882,174 g=0,-11,8
WFI t=268451 a=-1572,-3878,165 g=-5,19,-26
WFI t=268501 a=-1609,-3880,168 g=-1,28,-26
WFI t=268551 a=-1606,-3889,170 g=-7,-33,13
WFI t=268601 a=-1536,-3873,161 g=5,-4,4
WFI t=268651 a=-1587,-3892,166 g=-2,17,-16
WFI t=268701 a=-1554,-3878,151 g=8,58,-2
WFI t=268751 a=-1584,-3848,153 g=-1,33,-27
WFI t=268801 a=-1615,-3868,163 g=-8,-44,13
WFI t=268851 a=-1559,-3876,174 g=-4,-72,41
WFI t=268901 a=-1530,-3860,154 g=2,38,-24
WFI t=268951 a=-1638,-3876,163 g=4,56,-40
WFI t=269001 a=-1601,-3856,155 g=9,12,24
WFI t=269051 a=-1593,-3895,138 g=-1,-53,14
WFI t=269101 a=-1562,-3887,165 g=2,-29,25
WFI t=269151 a=-1562,-3860,164 g=-8,11,-35
WFI t=269201 a=-1600,-3871,162 g=6,52,-40
WFI t=269251 a=-1643,-3861,188 g=-17,-103,-4
WFI t=269385 a=-1546,-3879,208 g=6,72,-31
WFI t=269386 a=-1559,-3898,194 g=12,132,-37
WFI t=269401 a=-1566,-3874,173 g=12,161,-43
WFI t=269451 a=-1650,-3869,178 g=-9,22,-29
WFI t=269501 a=-1612,-3892,178 g=-2,-83,64
WFI t=269551 a=-1573,-3854,111 g=-15,-136,15
WFI t=269601 a=-1543,-3864,190 g=19,75,-12
WFI t=269651 a=-1601,-3857,160 g=-4,65,-69
WFI t=269701 a=-1648,-3871,181 g=5,13,16
WFI t=269751 a=-1573,-3872,172 g=-19,-106,33
WFI t=269801 a=-1554,-3880,174 g=4,-2,-1
WFI t=269851 a=-1570,-3879,167 g=2,49,-44
WFI t=269901 a=-1614,-3880,157 g=10,69,-24
WFI t=269951 a=-1639,-3849,169 g=-21,-81,15
WFI t=270001 a=-1568,-3865,158 g=6,-42,41
WFI t=270051 a=-1570,-3874,171 g=-19,-18,-35
WFI t=270101 a=-1628,-3845,164 g=4,40,-23
WFI t=270151 a=-1598,-3860,177 g=-7,5,-6
WFI t=270201 a=-1591,-3874,150 g=-2,20,-12
WFI t=270251 a=-1635,-3872,185 g=-9,-58,12
WFI t=270301 a=-1535,-3877,176 g=1,-32,38
WFI t=270351 a=-1548,-3863,166 g=-4,42,-56
WFI t=270401 a=-1673,-3882,181 g=7,38,-28
WFI t=270451 a=-1597,-3878,172 g=3,-36,43
WFI t=270501 a=-1505,-3900,173 g=-4,55,7
WFI t=270551 a=-1611,-3856,134 g=3,91,-65
WFI t=270601 a=-1671,-3862,176 g=-1,-43,28
WFI t=270651 a=-1534,-3885,158 g=2,-104,31
WFI t=270701 a=-1560,-3882,195 g=-5,5,-37
WFI t=270751 a=-1598,-3867,169 g=2,56,-38
WFT t=270779 batt_mv=4192 rssi_mcu=0 rssi_bms=-81 mcu=0 bms=200 dropped=0
WFI t=270801 a=-1611,-3880,169 g=-5,13,-6
WFI t=270851 a=-1579,-3873,154 g=0,-19,14
WFI t=270901 a=-1600,-3844,217 g=-15,-67,23
WFI t=270951 a=-1517,-3847,154 g=8,54,-12
WFI t=271001 a=-1632,-3866,175 g=-18,21,-64
WFI t=271051 a=-1626,-3858,151 g=3,-14,12
WFI t=271101 a=-1595,-3883,179 g=-18,-110,20
WFI t=271151 a=-1545,-3882,164 g=9,-23,8
WFI t=271201 a=-1579,-3885,184 g=-2,41,-42
WFI t=271251 a=-1604,-3876,154 g=9,77,-25
WFI t=271302 a=-1637,-3875,168 g=-9,-38,12
WFI t=271482 a=-1533,-3880,177 g=-9,-65,23
WFI t=271484 a=-1639,-3873,177 g=-2,60,-50
WFI t=271487 a=-1622,-3877,176 g=-1,53,-45
WFI t=271501 a=-1656,-3894,182 g=-1,39,-34
WFI t=271551 a=-1595,-3879,161 g=-2,-58,39
WFI t=271601 a=-1538,-3880,176 g=-6,-65,30
WFI t=271651 a=-1553,-3884,173 g=9,27,-20
WFI t=271701 a=-1601,-3881,171 g=0,58,-40
WFI t=271751 a=-1622,-3882,173 g=-4,5,-17
WFI t=271801 a=-1603,-3887,170 g=-5,-51,27
WFI t=271851 a=-1561,-3879,169 g=-8,-46,22
WFI t=271901 a=-1556,-3874,181 g=4,26,-12
WFI t=271951 a=-1605,-3877,170 g=-2,36,-29
WFI t=272001 a=-1606,-3877,166 g=0,-5,0
WFI t=272051 a=-1581,-3885,170 g=-4,-35,7
WFI t=272102 a=-1578,-3894,193 g=-3,0,2
WFI t=272151 a=-1574,-3871,160 g=1,13,-17
WFI t=272201 a=-1599,-3871,182 g=-2,0,-8
WFI t=272251 a=-1592,-3864,177 g=-3,-16,2
WFI t=272301 a=-1585,-3873,171 g=0,3,-12
WFI t=272351 a=-1587,-3879,166 g=-1,-1,-3
WFI t=272401 a=-1584,-3873,172 g=-2,0,-1
WFI t=272451 a=-1599,-3882,179 g=-4,-6,-18
WFI t=272501 a=-1611,-3886,174 g=-1,-4,0
WFI t=272551 a=-1579,-3870,181 g=0,1,-5
WFI t=272601 a=-1596,-3887,174 g=1,17,-18
WFI t=272651 a=-1613,-3885,176 g=-6,-30,5
WFI t=272701 a=-1562,-3876,160 g=2,-17,11
WFI t=272752 a=-1563,-3888,171 g=-1,33,-34
WFI t=272801 a=-1632,-3868,174 g=-2,8,-20
WFI t=272851 a=-1584,-3879,172 g=-1,-29,24
WFI t=272902 a=-1546,-3880,177 g=-4,-17,-9
WFI t=272951 a=-1587,-3880,177 g=-2,14,-21
WFI t=273001 a=-1590,-3876,164 g=-3,-2,-6
WFI t=273051 a=-1564,-3877,170 g=-1,15,-10
WFI t=273101 a=-1602,-3873,171 g=-8,-1,-20
WFI t=273151 a=-1595,-3887,174 g=0,-28,16
WFI t=273201 a=-1539,-3871,176 g=2,-26,8
WFI t=273251 a=-1556,-3879,163 g=2,41,-29
WFI t=273325 a=-1617,-3875,187 g=-1,2,-7
WFI t=273419 a=-1558,-3880,171 g=-3,-24,9
WFI t=273421 a=-1551,-3873,172 g=-5,-13,-1
WFI t=273452 a=-1581,-3869,183 g=5,6,-14
WFI t=273501 a=-1578,-3874,171 g=4,20,-10
WFI t=273551 a=-1593,-3879,172 g=3,15,-19
WFI t=273601 a=-1606,-3877,173 g=-5,-17,-3
WFI t=273652 a=-1584,-3887,167 g=-5,-43,30
WFI t=273701 a=-1534,-3882,175 g=1,13,-1
WFI t=273751 a=-1590,-3864,172 g=-3,41,-41
WFI t=273801 a=-1625,-3873,169 g=-4,-28,9
WFI t=273851 a=-1551,-3883,171 g=-4,-43,24
WFI t=273901 a=-1566,-3886,172 g=2,39,-33
WFI t=273951 a=-1641,-3875,179 g=-4,18,-15
WFI t=274001 a=-1587,-3892,181 g=-5,-29,22
WFI t=274052 a=-1567,-3886,173 g=-2,-19,-10
WFI t=274101 a=-1601,-3872,184 g=-3,-1,-7
WFI t=274151 a=-1563,-3887,174 g=6,17,3
WFI t=274201 a=-1576,-3884,170 g=1,32,-25
WFI t=274252 a=-1643,-3874,170 g=-8,-38,2
WFI t=274301 a=-1546,-3889,174 g=-2,-59,37
WFI t=274351 a=-1528,-3883,180 g=-1,49,-32
WFI t=274401 a=-1643,-3880,170 g=0,69,-54
WFI t=274451 a=-1640,-3865,186 g=-6,-48,32
WFI t=274501 a=-1550,-3876,182 g=-5,-76,38
WFI t=274551 a=-1538,-3868,181 g=-2,22,-23
WFI t=274601 a=-1610,-3885,167 g=0,59,-44
WFI t=274651 a=-1628,-3881,177 g=5,-1,3
WFI t=274702 a=-1577,-3886,163 g=-9,-46,16
WFI t=274751 a=-1572,-3867,179 g=-3,-26,8
WFI t=274801 a=-1559,-3882,172 g=-3,27,-13
WFI t=274851 a=-1620,-3872,162 g=-4,30,-34
WFI t=274902 a=-1615,-3868,180 g=1,-15,8
WFI t=274951 a=-1561,-3862,165 g=-8,-35,7
WFI t=275001 a=-1576,-3875,180 g=2,13,-3
WFI t=275051 a=-1587,-3860,179 g=-3,13,-12
WFI t=275101 a=-1593,-3879,173 g=0,12,-4
WFI t=275151 a=-1581,-3868,161 g=-1,6,-8
WFI t=275201 a=-1610,-3878,173 g=-3,-22,-6
WFI t=275251 a=-1606,-3877,186 g=-7,-77,37
WFI t=275419 a=-1534,-3871,163 g=4,111,-74
WFI t=275434 a=-1652,-3866,174 g=-8,-107,56
WFI t=275436 a=-1616,-3882,185 g=-5,-138,78
WFI t=275451 a=-1552,-3889,187 g=-8,-143,82
WFI t=275501 a=-1477,-3889,201 g=3,43,-21
WFI t=275552 a=-1641,-3874,164 g=5,116,-95
WFI t=275601 a=-1708,-3874,175 g=2,-40,32
WFI t=275651 a=-1540,-3870,166 g=-7,-104,57
WFI t=275701 a=-1566,-3894,189 g=-1,-6,-20
WFI t=275751 a=-1588,-3884,184 g=4,76,-26
WFI t=275801 a=-1601,-3908,164 g=-2,61,-44
WFI t=275851 a=-1664,-3875,172 g=-12,-52,-19
WFT t=275888 batt_mv=4180 rssi_mcu=0 rssi_bms=-80 mcu=0 bms=200 dropped=0
WFI t=275902 a=-1599,-3878,177 g=0,-108,62
WFI t=275951 a=-1483,-3890,171 g=0,16,1
WFI t=276002 a=-1614,-3883,175 g=4,99,-74
WFI t=276051 a=-1666,-3878,166 g=0,-5,6
WFI t=276101 a=-1560,-3876,170 g=-6,-72,41
WFI t=276151 a=-1557,-3873,168 g=-2,-13,-13
WFI t=276202 a=-1606,-3860,175 g=1,25,-16
WFI t=276251 a=-1585,-3877,163 g=-2,15,-7
WFI t=276302 a=-1580,-3879,170 g=-1,-1,-16
WFI t=276352 a=-1603,-3861,178 g=-6,-33,-5
WFI t=276401 a=-1595,-3859,180 g=-7,-59,10
WFI t=276452 a=-1568,-3872,191 g=-2,-4,9
WFI t=276502 a=-1572,-3858,166 g=13,87,-32
WFI t=276551 a=-1661,-3879,178 g=-1,35,-11
WFI t=276601 a=-1612,-3869,169 g=-3,-72,53
WFI t=276652 a=-1585,-3846,140 g=-16,-1,35
WFI t=276701 a=-1565,-3882,194 g=15,38,-1
WFI t=276751 a=-1574,-3871,164 g=2,84,-90
WFI t=276802 a=-1682,-3862,163 g=6,37,-40
WFI t=276851 a=-1604,-3860,188 g=-1,-56,40
WFI t=276901 a=-1581,-3850,192 g=-4,-7,43
WFI t=276952 a=-1654,-3873,160 g=27,3,43
WFI t=277001 a=-1647,-3846,145 g=-11,-17,83
WFI t=277051 a=-1588,-3862,184 g=0,-57,62
WFE t=277094 bms stale, no frame for 10189 ms, dropping link
WFI t=277102 a=-1539,-3872,183 g=-23,-53,-16
WFE t=277107 bms link down (stale) after 28 answers in 38072 ms, writes=38 err=0 silent=10 bytes=3612
WFE t=277119 bms disconnected reason=534
WFI t=277152 a=-1527,-3873,198 g=-7,22,-127
WFI t=277201 a=-1618,-3852,196 g=-14,99,-218
WFI t=277251 a=-1770,-3831,189 g=14,53,-39
WFI t=277301 a=-1583,-3870,159 g=-19,-130,74
WFI t=277398 a=-1560,-3897,136 g=2,-85,22
WFI t=277627 a=-1611,-3889,208 g=10,26,8
WFI t=277644 a=-1608,-3850,167 g=5,-29,145
WFI t=277646 a=-1578,-3855,186 g=-1,-35,119
WFI t=277648 a=-1579,-3860,187 g=-1,-41,109
WFI t=277650 a=-1579,-3860,187 g=-1,-41,109
WFI t=277652 a=-1572,-3856,205 g=-2,-47,97
WFI t=277701 a=-1550,-3850,166 g=-20,-30,-45
WFI t=277751 a=-1590,-3873,209 g=-7,61,-157
WFI t=277801 a=-1674,-3856,178 g=4,122,-165
WFI t=277852 a=-1708,-3846,182 g=5,58,-77
WFI t=277901 a=-1747,-3853,185 g=2,-36,67
WFI t=277951 a=-1688,-3862,177 g=8,-130,188
WFI t=278001 a=-1559,-3847,186 g=-9,-103,185
WFI t=278051 a=-1483,-3862,172 g=-9,-39,11
WFI t=278101 a=-1502,-3854,183 g=-25,64,-199
WFI t=278151 a=-1608,-3871,182 g=-11,120,-299
WFI t=278201 a=-1799,-3962,270 g=57,180,-190
WFI t=278251 a=-1670,-3843,81 g=10,-72,59
WFI t=278301 a=-1596,-3910,195 g=-22,-136,107
WFI t=278351 a=-1612,-3862,199 g=-26,-114,126
WFI t=278401 a=-1524,-3889,207 g=3,-8,110
WFI t=278451 a=-1466,-3853,168 g=19,30,-72
WFI t=278501 a=-1564,-3892,183 g=-23,50,-199
WFI t=278551 a=-1803,-3926,173 g=29,147,-138
WFI t=278601 a=-1674,-3846,87 g=5,13,108
WFI t=278651 a=-1632,-3884,255 g=-6,-81,147
WFI t=278701 a=-1625,-3849,139 g=12,-89,161
WFI t=278751 a=-1532,-3864,233 g=-4,-30,100
WFI t=278801 a=-1490,-3844,156 g=14,52,-76
WFI t=278851 a=-1577,-3859,193 g=-38,22,-213
WFI t=278901 a=-1703,-3878,270 g=6,73,-183
WFI t=278951 a=-1723,-3858,115 g=18,61,-16
WFI t=279001 a=-1659,-3874,194 g=-27,-68,114
WFI t=279051 a=-1666,-3840,176 g=11,-110,179
WFI t=279101 a=-1616,-3855,197 g=-4,-85,192
WFI t=279151 a=-1511,-3863,202 g=8,-15,84
WFI t=279201 a=-1510,-3863,189 g=-14,28,-128
WFI t=279251 a=-1633,-3866,210 g=-24,64,-251
WFI t=279301 a=-1725,-3872,196 g=13,119,-185
WFE t=279445 bms subscribed val=0x0010 cccd=0x0011 ctrl=0x0014 mtu=512 regs=62
WFI t=279446 a=-1694,-3850,165 g=17,41,14
WFE t=279461 bms conn itvl=80 latency=0 timeout=600
WFI t=279461 a=-1686,-3846,194 g=-22,-188,170
WFE t=279462 bms reconnected (attempt 7)
WFI t=279463 a=-1679,-3853,204 g=-23,-194,192
WFE t=279477 bms mtu event mtu=512
WFI t=279501 a=-1641,-3870,235 g=15,-104,220
WFI t=279552 a=-1490,-3845,184 g=22,27,106
WFI t=279601 a=-1478,-3856,166 g=-12,76,-157
WFI t=279651 a=-1632,-3879,199 g=-42,79,-316
WFI t=279701 a=-1845,-3829,293 g=1,203,-265
WFR t=279724 src=bms type=0x02 len=129 data=d2037c0eea0eea0eeb0eea0eea0eea0eea0eeb0ee90eea0eeb0eeb0eee0eee0eee0eed0eef0eef0ef00eef0ef00ef00ef00ef00eef0ef00ef00ef00000000000000000003d0000000000000000000000000000042d753002ae0ef00ee9003d003d00000157001c0001001d0000000100010eed0007000000000000000000009d7e
WFI t=279751 a=-1736,-3844,87 g=20,31,17
WFI t=279801 a=-1643,-3889,201 g=-45,-137,119
WFI t=279851 a=-1659,-3856,203 g=17,-88,183
WFI t=279901 a=-1603,-3844,159 g=-10,-101,209
WFI t=279951 a=-1486,-3890,244 g=25,22,71
WFI t=280001 a=-1496,-3824,102 g=-11,30,-167
WFI t=280051 a=-1614,-3902,277 g=-39,90,-288
WFI t=280102 a=-1850,-3882,208 g=53,211,-209
WFI t=280151 a=-1745,-3814,150 g=-7,-50,85
WFI t=280201 a=-1637,-3912,252 g=-14,-108,169
WFE t=280224 bms conn update status=0 itvl=12 latency=0 timeout=400
WFI t=280252 a=-1618,-3830,128 g=10,-141,178
WFI t=280301 a=-1539,-3900,256 g=-26,-53,141
WFE t=280303 stop: user
CAPDUMP_END records=0
wf>  