onnection; conn_handle=0 hci_reason=19

I (1581329) cap: state=done
I (1581330) cap: capture done seq=4 frames=113 dropped=0 bytes=76318
I (1581337) cap: bms disconnected reason=534

wf>  
=== $ capdump 4
capdump 4
CAPHDR seq=4 version=1 unix_start=1788622333 boot_ms=1417803 mcu= bms=40:18:03:01:20:e9 note=wildfire idf v6.1
WFI t=2 a=-1514,-3924,-78 g=0,-18,11
WFE t=31 capture start seq=4 file=cap0004.wfl unix=1788622333 batt=4192 mv
WFE t=33 tune poll_ms=1000 poll_regs=0 stale_ms=10000 miss_probe=3 probe=0 mcu_off=1
WFE t=45 bms connected addr=40:18:03:01:20:e9
WFT t=51 batt_mv=4196 rssi_mcu=0 rssi_bms=-76 mcu=0 bms=0 dropped=0
WFI t=52 a=-1479,-3897,-85 g=-12,-21,-6
WFE t=53 bms mtu event mtu=512
WFI t=101 a=-1530,-3897,-92 g=0,23,-8
WFI t=151 a=-1553,-3888,-77 g=-6,-25,19
WFI t=201 a=-1485,-3904,-69 g=3,4,17
WFI t=251 a=-1497,-3890,-90 g=-11,-25,-38
WFI t=301 a=-1527,-3901,-112 g=0,26,-24
WFR t=307 src=bms type=0x02 len=129 data=d2037c0eed0eec0eed0eec0eed0eec0eed0eed0eeb0eec0eed0eee0ef10ef10ef10ef00ef10ef10ef20ef20ef10ef20ef30ef30ef10ef20ef20ef20000000000000000003d0000000000000000000000000000042e752f02ae0ef30eeb003d003d00000157001c0001001d0000000100010eef0008000a00000000000000003793
WFI t=351 a=-1517,-3904,-106 g=2,-6,-1
WFI t=401 a=-1511,-3900,-73 g=-6,-19,7
WFI t=451 a=-1516,-3899,-63 g=-7,-45,11
WFI t=501 a=-1521,-3917,-70 g=11,15,21
WFI t=551 a=-1490,-3906,-91 g=-4,-1,-19
WFI t=601 a=-1526,-3912,-51 g=-3,56,-50
WFI t=651 a=-1538,-3904,-77 g=1,19,-14
WFI t=701 a=-1503,-3887,-105 g=-5,-18,6
WFE t=707 bms conn update status=0 itvl=12 latency=0 timeout=400
WFI t=751 a=-1523,-3906,-87 g=-8,-31,8
WFI t=801 a=-1508,-3913,-77 g=4,-31,23
WFI t=851 a=-1502,-3909,-80 g=-1,0,2
WFI t=901 a=-1496,-3914,-88 g=-13,-5,-46
WFI t=951 a=-1560,-3890,-93 g=-4,31,-30
WFI t=1001 a=-1521,-3903,-95 g=3,-31,20
WFI t=1051 a=-1505,-3907,-75 g=3,-29,20
WFI t=1101 a=-1491,-3904,-66 g=-7,-9,4
WFI t=1151 a=-1494,-3908,-82 g=-1,0,-19
WFI t=1201 a=-1534,-3909,-78 g=-2,29,-20
WFI t=1251 a=-1505,-3905,-78 g=6,21,-19
WFI t=1301 a=-1538,-3918,-71 g=-4,-28,0
WFR t=1307 src=bms type=0x02 len=129 data=d2037c0eed0eec0eed0eed0eec0eec0eed0eed0eec0eec0eed0eee0ef10ef10ef10eef0ef10ef10ef20ef20ef10ef20ef30ef20ef10ef20ef20ef20000000000000000003d0000000000000000000000000000042e752f02ae0ef30eec003d003d00000157001c0001001d0000000100010eef0007000a00000000000000006dee
WFI t=1351 a=-1481,-3890,-77 g=-3,-29,21
WFI t=1401 a=-1506,-3902,-91 g=1,-16,-10
WFI t=1451 a=-1520,-3902,-73 g=-4,10,-2
WFI t=1501 a=-1491,-3904,-87 g=3,19,-24
WFI t=1551 a=-1542,-3906,-75 g=-5,-9,-8
WFI t=1601 a=-1497,-3913,-83 g=0,-17,17
WFI t=1651 a=-1525,-3901,-81 g=-2,-5,-11
WFI t=1701 a=-1495,-3895,-81 g=0,16,-3
WFI t=1751 a=-1516,-3908,-63 g=-2,11,-19
WFI t=1801 a=-1524,-3904,-89 g=3,-3,-4
WFI t=1851 a=-1498,-3897,-84 g=-3,-19,8
WFI t=1910 a=-1511,-3905,-77 g=-2,-14,-1
WFI t=2002 a=-1498,-3914,-83 g=2,18,-24
WFI t=2005 a=-1509,-3899,-91 g=-1,15,-24
WFI t=2051 a=-1543,-3895,-85 g=-2,-1,-7
WFI t=2101 a=-1491,-3902,-91 g=2,-7,5
WFI t=2151 a=-1531,-3909,-67 g=-12,-19,0
WFI t=2201 a=-1497,-3897,-94 g=3,-1,7
WFI t=2251 a=-1510,-3899,-79 g=-5,4,-17
WFI t=2301 a=-1502,-3893,-94 g=5,19,-13
WFI t=2351 a=-1517,-3907,-66 g=-9,-12,-6
WFR t=2387 src=bms type=0x02 len=129 data=d2037c0eec0eec0eed0eec0eed0eec0eed0eed0eec0eec0eed0eed0ef10ef10ef10ef00ef10ef10ef20ef10ef10ef20ef30ef20ef10ef20ef20ef20000000000000000003d0000000000000000000000000000042e752f02ae0ef30eec003d003d00000157001c0001001d0000000100010eef0007000a0000000000000000c121
WFI t=2401 a=-1507,-3903,-93 g=-3,-13,8
WFI t=2451 a=-1507,-3917,-64 g=0,-5,-4
WFI t=2501 a=-1527,-3914,-83 g=2,0,-7
WFI t=2551 a=-1509,-3898,-81 g=0,-5,-3
WFI t=2601 a=-1505,-3899,-86 g=-3,-4,-7
WFI t=2651 a=-1518,-3909,-86 g=1,9,-7
WFI t=2701 a=-1521,-3898,-93 g=-6,-9,-6
WFI t=2751 a=-1490,-3915,-90 g=3,8,3
WFI t=2801 a=-1519,-3908,-82 g=-3,5,-19
WFI t=2852 a=-1527,-3905,-74 g=-1,-7,7
WFI t=2901 a=-1493,-3907,-91 g=0,-13,-3
WFI t=2951 a=-1528,-3909,-66 g=2,5,-5
WFI t=3001 a=-1505,-3906,-96 g=1,-2,-2
WFI t=3051 a=-1502,-3910,-83 g=1,11,-17
WFI t=3101 a=-1521,-3906,-88 g=-2,-2,-5
WFI t=3151 a=-1499,-3913,-85 g=1,-7,5
WFI t=3201 a=-1512,-3906,-87 g=-6,-1,-8
WFI t=3251 a=-1521,-3912,-80 g=-8,-12,5
WFI t=3301 a=-1511,-3900,-91 g=2,-5,-5
WFI t=3351 a=-1520,-3906,-89 g=-5,12,-17
WFR t=3377 src=bms type=0x02 len=129 data=d2037c0eed0eec0eed0eec0eed0eec0eed0eed0eeb0eec0eed0eee0ef00ef10ef10eef0ef10ef10ef20ef20ef20ef20ef30ef20ef10ef20ef20ef20000000000000000003d0000000000000000000000000000042e752f02ae0ef30eeb003d003d00000157001c0001001d0000000100010eef0008000a00000000000000002e28
WFI t=3401 a=-1507,-3896,-81 g=-3,21,-16
WFI t=3452 a=-1554,-3899,-88 g=-4,-28,0
WFI t=3501 a=-1495,-3908,-91 g=-3,-24,25
WFI t=3551 a=-1505,-3911,-93 g=-7,-15,-19
WFI t=3601 a=-1523,-3898,-75 g=0,22,-5
WFI t=3652 a=-1496,-3903,-88 g=-5,6,-20
WFI t=3701 a=-1532,-3902,-95 g=-6,6,-12
WFI t=3751 a=-1529,-3909,-94 g=-5,-30,10
WFI t=3801 a=-1487,-3891,-97 g=1,-18,11
WFI t=3851 a=-1496,-3895,-74 g=-1,2,-8
WFI t=3925 a=-1517,-3914,-91 g=2,23,-26
WFI t=4015 a=-1486,-3903,-98 g=-2,-4,9
WFI t=4017 a=-1495,-3896,-100 g=-2,-10,-2
WFI t=4051 a=-1522,-3899,-85 g=-6,-16,-9
WFI t=4101 a=-1523,-3899,-75 g=-2,-18,14
WFI t=4151 a=-1494,-3907,-81 g=-2,-6,-3
WFI t=4202 a=-1517,-3897,-80 g=-1,22,-20
WFI t=4251 a=-1516,-3909,-95 g=0,23,-19
WFI t=4301 a=-1534,-3909,-81 g=-3,-11,0
WFI t=4351 a=-1487,-3901,-96 g=-1,-24,15
WFR t=4397 src=bms type=0x02 len=129 data=d2037c0eed0eec0eed0eec0eed0eec0eed0eed0eec0eec0eed0eed0ef00ef00ef10eef0ef10ef10ef20ef10ef10ef20ef20ef20ef00ef20ef20ef20000000000000000003d0000000000000000000000000000042e752f02ae0ef30eec003d003d00000157001c0001001d0000000100010eef0007000a00000000000000008fb4
WFI t=4401 a=-1505,-3897,-85 g=-7,-14,-5
WFI t=4451 a=-1501,-3900,-91 g=7,16,-8
WFI t=4501 a=-1514,-3916,-86 g=-1,17,-25
WFI t=4551 a=-1530,-3905,-84 g=-1,-6,-1
WFI t=4601 a=-1499,-3903,-88 g=-3,-19,5
WFI t=4651 a=-1521,-3901,-101 g=-3,-13,0
WFI t=4701 a=-1508,-3910,-88 g=0,2,4
WFI t=4751 a=-1496,-3908,-74 g=0,13,-18
WFI t=4801 a=-1527,-3901,-75 g=1,18,-15
WFI t=4851 a=-1525,-3904,-99 g=-3,-23,3
WFI t=4901 a=-1492,-3908,-78 g=-3,-17,16
WFI t=4951 a=-1499,-3891,-99 g=-1,19,-22
WFI t=5001 a=-1536,-3900,-94 g=-3,0,-7
WFI t=5051 a=-1496,-3904,-87 g=1,-15,6
WFI t=5101 a=-1514,-3914,-82 g=-3,-5,-10
WFI t=5151 a=-1513,-3902,-94 g=-4,16,-4
WFI t=5201 a=-1530,-3918,-73 g=-5,-10,-9
WFT t=5211 batt_mv=4194 rssi_mcu=0 rssi_bms=-83 mcu=0 bms=5 dropped=0
WFI t=5251 a=-1505,-3898,-82 g=-2,-22,14
WFI t=5301 a=-1503,-3887,-84 g=-2,-4,-8
WFI t=5351 a=-1528,-3907,-82 g=-4,-2,-12
WFI t=5401 a=-1487,-3920,-79 g=8,25,-6
WFR t=5418 src=bms type=0x02 len=129 data=d2037c0eec0eec0eed0eed0eed0eec0eed0eed0eeb0eec0eed0eed0ef10ef00ef10eef0ef10ef10ef20ef20ef20ef20ef20ef20ef10ef20ef20ef20000000000000000003d0000000000000000000000000000042e752f02ae0ef30eeb003d003d00000157001c0001001d0000000100010eef0008000a00000000000000002081
WFI t=5451 a=-1536,-3903,-80 g=-3,-1,-26
WFI t=5501 a=-1528,-3899,-94 g=3,-15,20
WFI t=5551 a=-1487,-3895,-87 g=1,-11,-5
WFI t=5601 a=-1536,-3900,-81 g=-2,-4,-6
WFI t=5651 a=-1476,-3905,-85 g=0,-2,3
WFI t=5701 a=-1512,-3907,-88 g=-3,10,-27
WFI t=5751 a=-1534,-3922,-96 g=0,13,-5
WFI t=5801 a=-1520,-3894,-93 g=-4,-27,0
WFI t=5851 a=-1519,-3903,-92 g=-4,-33,21
WFI t=6032 a=-1493,-3907,-91 g=-13,-34,-39
WFI t=6034 a=-1501,-3896,-111 g=0,-1,-2
WFI t=6036 a=-1504,-3886,-104 g=-6,-9,-7
WFI t=6051 a=-1517,-3892,-91 g=-5,-23,-13
WFI t=6101 a=-1511,-3898,-92 g=2,-17,19
WFI t=6151 a=-1494,-3898,-98 g=-4,-2,-2
WFI t=6201 a=-1519,-3919,-80 g=2,14,-13
WFI t=6251 a=-1504,-3907,-96 g=-6,-5,-8
WFI t=6301 a=-1507,-3894,-95 g=2,5,-15
WFI t=6351 a=-1531,-3900,-106 g=-3,0,-4
WFI t=6401 a=-1505,-3906,-102 g=-1,0,1
WFR t=6408 src=bms type=0x02 len=129 data=d2037c0eed0eec0eed0eec0eed0eec0eed0eed0eeb0eec0eed0eee0ef00ef10ef10eef0ef10ef10ef20ef20ef10ef20ef20ef20ef10ef20ef20ef20000000000000000003d0000000000000000000000000000042e752e02ae0ef20eeb003d003d00000157001c0001001d0000000100010eef0007001500000000000000002da3
WFI t=6451 a=-1526,-3915,-80 g=-4,-22,7
WFI t=6501 a=-1485,-3903,-84 g=1,-1,-1
WFI t=6551 a=-1516,-3908,-81 g=1,14,-26
WFI t=6601 a=-1521,-3902,-99 g=-8,2,-9
WFI t=6651 a=-1507,-3906,-73 g=-6,-11,8
WFI t=6701 a=-1498,-3891,-80 g=-3,-16,-6
WFI t=6751 a=-1517,-3910,-85 g=-4,-8,7
WFI t=6801 a=-1498,-3904,-108 g=-5,3,-10
WFI t=6851 a=-1529,-3903,-92 g=-7,14,-14
WFI t=6901 a=-1505,-3902,-98 g=0,10,-6
WFI t=6951 a=-1523,-3912,-80 g=0,-3,-5
WFI t=7001 a=-1505,-3903,-93 g=0,-14,5
WFI t=7051 a=-1497,-3910,-79 g=-4,3,-10
WFI t=7101 a=-1526,-3905,-76 g=-7,-4,-7
WFI t=7151 a=-1501,-3903,-104 g=-2,1,-4
WFI t=7201 a=-1535,-3905,-81 g=-7,-15,-9
WFI t=7251 a=-1493,-3897,-96 g=1,2,7
WFI t=7301 a=-1527,-3907,-77 g=-5,-11,-13
WFI t=7351 a=-1498,-3903,-96 g=1,8,3
WFI t=7401 a=-1502,-3895,-78 g=-2,10,-19
WFR t=7428 src=bms type=0x02 len=129 data=d2037c0eed0eec0eed0eec0eed0eec0eed0eed0eec0eec0eed0eee0ef10ef10ef10eef0ef10ef10ef20ef10ef10ef20ef20ef20ef10ef20ef10ef20000000000000000003d0000000000000000000000000000042e752f02ae0ef30eeb003d003d00000157001c0001001d0000000100010eef0008000a0000000000000000a4af
WFI t=7480 a=-1539,-3907,-89 g=-2,-10,-2
WFI t=7617 a=-1493,-3912,-96 g=1,-13,4
WFI t=7631 a=-1506,-3899,-84 g=3,15,-9
WFI t=7633 a=-1509,-3893,-87 g=1,13,-10
WFI t=7651 a=-1512,-3915,-90 g=0,10,-12
WFI t=7701 a=-1511,-3902,-74 g=-4,2,-6
WFI t=7752 a=-1517,-3912,-105 g=0,-6,-4
WFI t=7801 a=-1503,-3906,-71 g=-1,-6,4
WFI t=7851 a=-1501,-3905,-91 g=-4,-5,-5
WFI t=7945 a=-1501,-3902,-106 g=0,18,-14
WFI t=7984 a=-1536,-3891,-89 g=-7,-7,-11
WFI t=8002 a=-1532,-3905,-85 g=-5,-12,0
WFI t=8122 a=-1516,-3889,-86 g=-2,4,-7
WFI t=8124 a=-1516,-3896,-87 g=-4,10,-6
WFI t=8151 a=-1507,-3915,-103 g=-4,8,-7
WFI t=8201 a=-1517,-3910,-86 g=-2,5,-12
WFI t=8251 a=-1522,-3913,-85 g=-4,-8,-2
WFI t=8301 a=-1507,-3905,-97 g=-2,-5,0
WFI t=8352 a=-1509,-3901,-96 g=-2,-4,-7
WFI t=8401 a=-1502,-3892,-105 g=2,2,-1
WFR t=8448 src=bms type=0x02 len=129 data=d2037c0eed0eec0eed0eec0eed0eec0eed0eed0eec0eec0eed0eee0ef00ef00ef10ef00ef10ef10ef20ef10ef10ef20ef20ef20ef10ef20ef20ef20000000000000000003d0000000000000000000000000000042e752f02ae0ef20eec003d003d00000157001c0001001d0000000100010eef0006000a000000000000000014a7
WFI t=8451 a=-1519,-3912,-102 g=-4,-1,-15
WFI t=8501 a=-1518,-3907,-93 g=-2,-4,2
WFI t=8551 a=-1494,-3910,-97 g=-1,2,-8
WFI t=8601 a=-1530,-3904,-100 g=1,-4,-7
WFI t=8651 a=-1504,-3900,-100 g=-4,-10,6
WFI t=8701 a=-1505,-3904,-94 g=0,-4,-12
WFI t=8751 a=-1506,-3891,-80 g=-3,0,-1
WFI t=8801 a=-1513,-3899,-95 g=1,6,-11
WFI t=8851 a=-1525,-3902,-85 g=-2,-1,-6
WFI t=8901 a=-1496,-3918,-92 g=-5,-1,2
WFI t=8951 a=-1512,-3909,-85 g=-9,-12,-8
WFI t=9001 a=-1498,-3910,-93 g=2,2,2
WFI t=9051 a=-1517,-3896,-104 g=-3,-1,-13
WFI t=9101 a=-1514,-3917,-87 g=0,1,1
WFI t=9151 a=-1502,-3902,-98 g=1,-3,-8
WFI t=9201 a=-1524,-3908,-83 g=-7,-4,-5
WFI t=9251 a=-1516,-3902,-87 g=-3,-7,0
WFI t=9301 a=-1513,-3901,-103 g=-1,1,-10
WFI t=9351 a=-1530,-3908,-96 g=-3,0,-2
WFI t=9401 a=-1511,-3902,-98 g=1,1,0
WFR t=9438 src=bms type=0x02 len=129 data=d2037c0eed0eec0eed0eec0eed0eec0eed0eed0eec0eec0eed0eee0ef10ef10ef10ef00ef10ef10ef20ef20ef10ef20ef30ef20ef10ef20ef20ef20000000000000000003d0000000000000000000000000000042e752f02ae0ef30eec003d003d00000157001c0001001d0000000100010eef0007000a000000000000000093e2
WFI t=9451 a=-1511,-3889,-96 g=2,1,-3
WFI t=9501 a=-1549,-3905,-68 g=-5,-45,27
WFI t=9552 a=-1526,-3905,-81 g=14,31,68
WFI t=9601 a=-1522,-3882,-107 g=-1,-29,36
WFI t=9651 a=-1474,-3908,-98 g=8,60,-18
WFI t=9701 a=-1526,-3900,-71 g=-34,-75,-101
WFI t=9751 a=-1607,-3849,-88 g=0,27,-6
WFI t=9801 a=-1468,-3910,-125 g=6,-8,19
WFI t=9851 a=-1533,-3905,-74 g=-3,0,-26
WFI t=9901 a=-1557,-3897,-98 g=3,-13,16
WFI t=10015 a=-1482,-3888,-93 g=3,26,-6
WFI t=10029 a=-1579,-3901,-78 g=9,14,-43
WFI t=10051 a=-1572,-3872,-104 g=1,-31,16
WFI t=10101 a=-1468,-3894,-91 g=5,-32,43
WFI t=10151 a=-1489,-3907,-82 g=5,83,-51
WFI t=10201 a=-1536,-3864,-113 g=32,123,-39
WFT t=10243 batt_mv=4178 rssi_mcu=0 rssi_bms=-77 mcu=0 bms=10 dropped=0
WFI t=10251 a=-1548,-3893,-121 g=15,60,-27
WFI t=10302 a=-1498,-3918,-87 g=7,12,-9
WFI t=10351 a=-1493,-3911,-103 g=-5,-14,-7
WFI t=10401 a=-1531,-3906,-92 g=-9,-50,10
WFR t=10428 src=bms type=0x02 len=129 data=d2037c0eec0eec0eed0eec0eed0eec0eed0eed0eeb0eec0eed0eed0ef00ef00ef10ef00ef10ef10ef20ef20ef10ef20ef30ef20ef10ef20ef20ef20000000000000000003d0000000000000000000000000000042e752f02ae0ef30eeb003d003d00000157001c0001001d0000000100010eef0008000a00000000000000004b58
WFI t=10452 a=-1519,-3905,-111 g=2,-59,33
WFI t=10501 a=-1481,-3910,-100 g=1,-21,7
WFI t=10551 a=-1584,-3915,-113 g=2,-29,-6
WFI t=10601 a=-1496,-3898,-94 g=7,-16,33
WFI t=10652 a=-1478,-3899,-94 g=-3,23,-44
WFI t=10701 a=-1536,-3924,-85 g=9,59,-28
WFI t=10751 a=-1499,-3928,-95 g=-3,24,-39
WFI t=10801 a=-1510,-3922,-92 g=5,56,-56
WFI t=10851 a=-1535,-3908,-122 g=-5,-34,-3
WFI t=10901 a=-1529,-3906,-92 g=-3,-59,17
WFI t=10951 a=-1473,-3908,-95 g=2,-43,14
WFI t=11001 a=-1510,-3917,-83 g=-4,-20,-12
WFI t=11051 a=-1523,-3905,-99 g=-1,-32,4
WFI t=11101 a=-1481,-3905,-90 g=-2,-20,-1
WFI t=11151 a=-1487,-3914,-83 g=0,53,-39
WFI t=11201 a=-1520,-3916,-91 g=-3,39,-30
WFI t=11251 a=-1485,-3918,-95 g=0,23,-6
WFI t=11301 a=-1486,-3914,-91 g=-1,24,-20
WFI t=11351 a=-1486,-3917,-76 g=-4,34,-20
WFI t=11401 a=-1494,-3907,-103 g=0,16,-20
WFR t=11448 src=bms type=0x02 len=129 data=d2037c0eec0eec0eed0eec0eed0eec0eed0eed0eeb0eec0eed0eee0ef00ef10ef10ef00ef10ef10ef20ef20ef10ef20ef30ef20ef00ef20ef20ef20000000000000000003d0000000000000000000000000000042e752f02ae0ef30eeb003d003d00000157001c0001001d0000000100010eef0008000a000000000000000015ff
WFI t=11451 a=-1506,-3918,-101 g=2,-7,-3
WFI t=11501 a=-1483,-3916,-97 g=2,-17,5
WFI t=11551 a=-1493,-3911,-95 g=-3,-32,3
WFI t=11601 a=-1486,-3933,-81 g=-4,-19,14
WFI t=11651 a=-1466,-3927,-81 g=1,23,-22
WFI t=11701 a=-1485,-3907,-109 g=2,55,-33
WFI t=11751 a=-1512,-3901,-106 g=3,5,-5
WFI t=11801 a=-1500,-3910,-88 g=-4,-42,18
WFI t=11851 a=-1459,-3908,-92 g=-1,-24,14
WFI t=11901 a=-1477,-3912,-95 g=-1,14,-20
WFI t=12056 a=-1500,-3915,-96 g=1,15,-11
WFI t=12058 a=-1490,-3924,-87 g=-1,-18,5
WFI t=12059 a=-1497,-3914,-85 g=-2,-16,7
WFI t=12101 a=-1468,-3912,-105 g=4,-3,-1
WFI t=12151 a=-1496,-3916,-102 g=-4,3,-15
WFI t=12201 a=-1484,-3911,-96 g=2,-7,5
WFI t=12251 a=-1474,-3917,-96 g=-3,2,-10
WFI t=12301 a=-1504,-3906,-96 g=-2,12,-18
WFI t=12351 a=-1497,-3914,-103 g=-4,-7,4
WFI t=12401 a=-1476,-3923,-96 g=0,-9,-1
WFI t=12451 a=-1505,-3914,-92 g=-8,-19,4
WFR t=12468 src=bms type=0x02 len=129 data=d2037c0eed0eec0eed0eed0eed0eec0eed0eed0eeb0eec0eed0eee0ef00ef00ef10eef0ef10ef10ef20ef10ef10ef20ef20ef20ef10ef20ef20ef20000000000000000003d0000000000000000000000000000042e752f02ae0ef20eeb003d003d00000157001c0001001d0000000100010eef0007000a0000000000000000c0c9
WFI t=12501 a=-1455,-3896,-113 g=4,8,0
WFI t=12551 a=-1492,-3906,-103 g=-5,12,-27
WFI t=12601 a=-1496,-3918,-90 g=5,21,0
WFI t=12651 a=-1483,-3911,-85 g=-15,-28,-7
WFI t=12701 a=-1485,-3910,-77 g=-1,-18,13
WFI t=12751 a=-1479,-3919,-109 g=-6,-4,-8
WFI t=12801 a=-1503,-3899,-114 g=2,14,-14
WFI t=12851 a=-1481,-3921,-91 g=-1,12,-6
WFI t=12901 a=-1504,-3906,-90 g=-2,1,-12
WFI t=12951 a=-1505,-3921,-94 g=-6,-24,12
WFI t=13001 a=-1448,-3904,-108 g=1,4,-2
WFI t=13051 a=-1506,-3917,-96 g=-6,14,-27
WFI t=13101 a=-1487,-3906,-84 g=-4,-4,8
WFI t=13151 a=-1479,-3913,-103 g=-7,-23,-9
WFI t=13201 a=-1497,-3921,-89 g=-1,-5,7
WFI t=13251 a=-1476,-3903,-95 g=1,4,-10
WFI t=13301 a=-1497,-3907,-75 g=-2,6,-10
WFI t=13351 a=-1475,-3919,-93 g=-2,4,-3
WFI t=13401 a=-1501,-3920,-79 g=-3,-11,-10
WFI t=13451 a=-1476,-3915,-100 g=3,0,7
WFR t=13458 src=bms type=0x02 len=129 data=d2037c0eec0eec0eed0eec0eed0eec0eed0eed0eec0eec0eed0eed0ef10ef10ef10ef00ef10ef10ef20ef20ef10ef20ef20ef20ef10ef20ef20ef20000000000000000003d0000000000000000000000000000042e752f02ae0ef20eec003d003d00000157001c0001001d0000000100010eef0006000a000000000000000097a4
WFI t=13501 a=-1487,-3917,-99 g=-9,4,-17
WFI t=13551 a=-1507,-3915,-99 g=-1,-8,2
WFI t=13601 a=-1468,-3918,-94 g=-8,-13,-1
WFI t=13651 a=-1493,-3918,-90 g=0,4,-16
WFI t=13701 a=-1483,-3912,-103 g=0,5,-5
WFI t=13751 a=-1490,-3909,-99 g=-2,-1,-3
WFI t=13801 a=-1497,-3920,-96 g=-3,-21,7
WFI t=13851 a=-1471,-3919,-91 g=-3,-7,1
WFI t=13901 a=-1483,-3919,-96 g=4,13,-18
WFI t=14043 a=-1488,-3918,-95 g=1,27,-16
WFI t=14058 a=-1495,-3910,-105 g=-5,-33,15
WFI t=14060 a=-1492,-3901,-100 g=-5,-34,18
WFI t=14101 a=-1460,-3914,-109 g=-1,-15,1
WFI t=14151 a=-1492,-3912,-88 g=0,16,-16
WFI t=14201 a=-1496,-3917,-91 g=2,6,-3
WFI t=14251 a=-1485,-3916,-97 g=1,-3,-6
WFI t=14301 a=-1494,-3926,-97 g=2,9,-7
WFI t=14351 a=-1487,-3921,-105 g=-1,0,-7
WFI t=14401 a=-1496,-3917,-103 g=-1,-9,2
WFI t=14451 a=-1481,-3912,-93 g=-5,-22,1
WFR t=14478 src=bms type=0x02 len=129 data=d2037c0eec0eec0eed0eec0eed0eec0eed0eed0eec0eec0eed0eee0ef00ef00ef10eef0ef10ef10ef20ef10ef10ef20ef20ef20ef00ef20ef20ef20000000000000000003d0000000000000000000000000000042e752f02ae0ef20eec003d003d00000157001c0001001d0000000100010eef0006000a00000000000000007a52
WFI t=14501 a=-1475,-3901,-89 g=7,2,-4
WFI t=14551 a=-1498,-3912,-99 g=-7,3,-16
WFI t=14601 a=-1488,-3914,-104 g=3,17,-5
WFI t=14651 a=-1485,-3906,-93 g=-3,-8,-7
WFI t=14701 a=-1490,-3919,-103 g=-3,-3,4
WFI t=14751 a=-1499,-3922,-98 g=-5,-11,-5
WFI t=14801 a=-1498,-3898,-96 g=0,3,-2
WFI t=14851 a=-1490,-3918,-94 g=-1,6,-11
WFI t=14901 a=-1499,-3920,-102 g=0,6,-8
WFI t=14951 a=-1501,-3927,-97 g=-3,-13,0
WFI t=15001 a=-1485,-3907,-85 g=-4,-21,5
WFI t=15051 a=-1477,-3915,-94 g=3,4,-2
WFI t=15101 a=-1497,-3909,-103 g=-1,8,-19
WFI t=15151 a=-1487,-3906,-106 g=4,6,3
WFI t=15201 a=-1489,-3914,-113 g=-7,-3,-16
WFI t=15251 a=-1490,-3914,-81 g=-2,-4,5
WFT t=15275 batt_mv=4196 rssi_mcu=0 rssi_bms=-83 mcu=0 bms=15 dropped=0
WFI t=15301 a=-1458,-3919,-84 g=-3,-15,2
WFI t=15351 a=-1495,-3922,-89 g=1,13,-11
WFI t=15401 a=-1492,-3905,-94 g=-1,8,-11
WFI t=15451 a=-1495,-3908,-101 g=-4,-5,-5
WFR t=15468 src=bms type=0x02 len=129 data=d2037c0eec0eec0eed0eec0eec0eec0eed0eed0eeb0eec0eed0eee0ef10ef00ef10ef00ef10ef10ef20ef20ef10ef20ef20ef20ef10ef20ef20ef20000000000000000003d0000000000000000000000000000042e752f02ae0ef20eeb003d003d00000157001c0001001d0000000100010eef0007000a00000000000000001e5d
WFI t=15528 a=-1479,-3917,-88 g=-13,-18,2
WFI t=15551 a=-1477,-3910,-100 g=1,1,-2
WFI t=15601 a=-1489,-3915,-104 g=-6,3,-12
WFI t=15651 a=-1475,-3909,-97 g=-4,11,-7
WFI t=15701 a=-1491,-3912,-102 g=-4,-13,-7
WFI t=15751 a=-1471,-3917,-99 g=-4,-11,9
WFI t=15801 a=-1479,-3917,-94 g=-3,3,-12
WFI t=15851 a=-1495,-3920,-94 g=-2,3,-3
WFI t=15901 a=-1466,-3907,-104 g=-2,-8,0
WFI t=16032 a=-1492,-3909,-104 g=2,14,-17
WFI t=16104 a=-1503,-3909,-92 g=-2,-11,6
WFI t=16198 a=-1491,-3920,-89 g=-4,1,-11
WFI t=16201 a=-1478,-3914,-105 g=-8,-10,-8
WFI t=16203 a=-1478,-3914,-105 g=-8,-10,-8
WFI t=16205 a=-1480,-3916,-110 g=-2,-10,-8
WFI t=16251 a=-1485,-3916,-101 g=-10,7,-9
WFI t=16301 a=-1492,-3911,-99 g=-5,3,-12
WFI t=16351 a=-1499,-3914,-90 g=-4,-22,11
WFI t=16401 a=-1463,-3904,-99 g=3,-7,2
WFI t=16451 a=-1496,-3912,-98 g=-1,25,-25
WFI t=16501 a=-1510,-3903,-99 g=-6,-1,-6
WFR t=16518 src=bms type=0x02 len=129 data=d2037c0eed0eec0eed0eed0eed0eec0eed0eed0eeb0eec0eed0eed0ef10ef00ef10ef00ef10ef10ef20ef10ef10ef20ef30ef30ef10ef20ef20ef20000000000000000003d0000000000000000000000000000042e752f02ae0ef20eec003d003d00000157001c0001001d0000000100010eef0006000a000000000000000002ba
WFI t=16551 a=-1464,-3925,-94 g=-1,-4,0
WFI t=16601 a=-1503,-3915,-90 g=-5,-12,-5
WFI t=16651 a=-1475,-3911,-96 g=1,-6,4
WFI t=16701 a=-1483,-3928,-88 g=-8,-6,-13
WFI t=16751 a=-1485,-3915,-114 g=2,11,-10
WFI t=16801 a=-1501,-3907,-100 g=-5,-10,-6
WFI t=16851 a=-1473,-3912,-104 g=3,2,0
WFI t=16901 a=-1498,-3915,-86 g=-1,0,-12
WFI t=16951 a=-1492,-3908,-97 g=-1,-12,7
WFI t=17001 a=-1453,-3912,-90 g=-6,-5,-3
WFI t=17051 a=-1481,-3921,-90 g=1,23,-18
WFI t=17101 a=-1490,-3920,-99 g=0,4,-6
WFI t=17151 a=-1473,-3911,-105 g=-5,-18,5
WFI t=17201 a=-1496,-3908,-103 g=-2,-6,-4
WFI t=17251 a=-1495,-3906,-97 g=-1,-10,-3
WFI t=17301 a=-1481,-3912,-91 g=-2,-2,3
WFI t=17351 a=-1486,-3924,-107 g=2,20,-22
WFI t=17401 a=-1515,-3913,-90 g=-6,0,-8
WFI t=17451 a=-1494,-3915,-96 g=-11,-32,15
WFI t=17501 a=-1445,-3910,-102 g=-1,11,-9
WFR t=17508 src=bms type=0x02 len=129 data=d2037c0eec0eec0eed0eed0eed0eec0eed0eed0eec0eec0eed0eee0ef00ef10ef10ef00ef10ef10ef20ef20ef10ef20ef30ef20ef10ef20ef20ef20000000000000000003d0000000000000000000000000000042e753002ae0ef30eec003d003d00000157001c0001001d0000000100010eef000700000000000000000000fe5b
WFI t=17551 a=-1510,-3922,-96 g=-3,18,-23
WFI t=17601 a=-1483,-3912,-106 g=2,-9,7
WFI t=17651 a=-1492,-3920,-78 g=-5,-22,-2
WFI t=17701 a=-1470,-3904,-114 g=1,7,-4
WFI t=17751 a=-1510,-3916,-94 g=-11,-10,-5
WFI t=17801 a=-1483,-3922,-102 g=2,4,2
WFI t=17851 a=-1480,-3916,-102 g=-7,10,-21
WFI t=17901 a=-1500,-3915,-96 g=-4,10,-5
WFI t=18046 a=-1478,-3918,-94 g=3,20,-20
WFI t=18062 a=-1482,-3917,-91 g=-5,-39,32
WFI t=18064 a=-1461,-3917,-106 g=-1,-32,32
WFI t=18101 a=-1428,-3920,-101 g=-3,-3,-8
WFI t=18151 a=-1499,-3909,-86 g=-2,36,-38
WFI t=18201 a=-1510,-3906,-109 g=3,13,-9
WFI t=18251 a=-1488,-3916,-95 g=-11,-36,5
WFI t=18301 a=-1449,-3912,-99 g=-2,4,1
WFI t=18351 a=-1501,-3927,-96 g=-6,4,-23
WFI t=18401 a=-1489,-3923,-88 g=4,0,7
WFI t=18451 a=-1466,-3914,-102 g=-2,11,-13
WFI t=18501 a=-1517,-3916,-95 g=-1,-9,0
WFR t=18513 src=bms type=0x02 len=129 data=d2037c0eec0eec0eed0eed0eed0eec0eed0eed0eeb0eec0eed0eee0ef10ef00ef10ef00ef10ef10ef20ef10ef10ef20ef20ef20ef10ef20ef20ef20000000000000000003d0000000000000000000000000000042e752f02ae0ef20eeb003d003d00000157001c0001001d0000000100010eef0007000a0000000000000000982d
WFI t=18551 a=-1453,-3901,-107 g=3,-15,23
WFI t=18601 a=-1474,-3925,-95 g=-2,15,-13
WFI t=18651 a=-1475,-3915,-118 g=-1,49,-26
WFI t=18701 a=-1505,-3908,-115 g=-6,18,-16
WFI t=18751 a=-1479,-3911,-98 g=-8,-24,4
WFI t=18801 a=-1460,-3911,-91 g=-4,-14,11
WFI t=18851 a=-1471,-3915,-94 g=-6,0,-27
WFI t=18901 a=-1496,-3922,-114 g=0,16,-19
WFI t=18951 a=-1489,-3903,-107 g=-2,-19,-5
WFI t=19001 a=-1494,-3910,-86 g=-2,-39,12
WFI t=19051 a=-1464,-3919,-91 g=-6,-47,33
WFI t=19101 a=-1423,-3899,-108 g=3,36,-16
WFI t=19151 a=-1501,-3922,-100 g=-1,67,-51
WFI t=19201 a=-1488,-3927,-99 g=4,38,-4
WFI t=19251 a=-1479,-3919,-93 g=-1,10,-17
WFI t=19301 a=-1506,-3919,-98 g=-1,-8,8
WFI t=19351 a=-1474,-3917,-117 g=-7,-43,21
WFI t=19401 a=-1456,-3911,-94 g=-3,-21,-2
WFI t=19451 a=-1448,-3918,-99 g=-3,30,-24
WFI t=19501 a=-1489,-3918,-100 g=-2,18,-26
WFR t=19518 src=bms type=0x02 len=129 data=d2037c0eec0eec0eec0eec0eed0eec0eed0eed0eec0eec0eed0eed0ef10ef10ef10ef00ef10ef10ef20ef20ef20ef20ef20ef20ef10ef20ef20ef20000000000000000003d0000000000000000000000000000042e752f02ae0ef20eec003d003d00000157001c0001001d0000000100010eef0006000a0000000000000000d387
WFI t=19551 a=-1463,-3913,-119 g=-3,-3,2
WFI t=19601 a=-1498,-3919,-106 g=-3,-18,1
WFI t=19651 a=-1471,-3913,-107 g=3,-21,11
WFI t=19701 a=-1451,-3918,-95 g=2,6,-8
WFI t=19751 a=-1463,-3918,-108 g=1,55,-39
WFI t=19801 a=-1516,-3907,-111 g=0,1,-2
WFI t=19851 a=-1476,-3910,-105 g=-4,-54,36
WFI t=19901 a=-1439,-3921,-96 g=-2,-28,9
WFI t=19983 a=-1483,-3912,-102 g=0,44,-31
WFI t=20065 a=-1507,-3920,-112 g=-2,3,-9
WFI t=20067 a=-1490,-3912,-101 g=-4,-14,1
WFI t=20101 a=-1480,-3919,-92 g=-1,-38,16
WFI t=20151 a=-1470,-3921,-88 g=-5,-45,15
WFI t=20201 a=-1461,-3908,-97 g=-3,-22,10
WFI t=20251 a=-1442,-3910,-107 g=0,32,-20
WFI t=20301 a=-1492,-3916,-95 g=1,44,-43
WFT t=20328 batt_mv=4186 rssi_mcu=0 rssi_bms=-79 mcu=0 bms=20 dropped=0
WFI t=20351 a=-1496,-3922,-105 g=0,-2,8
WFI t=20401 a=-1465,-3928,-113 g=-4,-31,8
WFI t=20451 a=-1500,-3918,-98 g=-4,-35,13
WFI t=20501 a=-1442,-3914,-102 g=-3,-11,18
WFR t=20524 src=bms type=0x02 len=129 data=d2037c0eed0eec0eed0eec0eed0eec0eed0eed0eec0eec0eed0eee0ef00ef10ef10eef0ef10ef10ef20ef20ef10ef20ef20ef20ef10ef20ef20ef20000000000000000003d0000000000000000000000000000042e752f02ae0ef20eec003d003d00000157001c0001001d0000000100010eef0006000a00000000000000007636
WFI t=20551 a=-1454,-3918,-87 g=-6,30,-38
WFI t=20601 a=-1499,-3918,-108 g=-1,66,-43
WFI t=20651 a=-1508,-3922,-123 g=-7,-2,-11
WFI t=20701 a=-1498,-3923,-102 g=-7,-57,28
WFI t=20751 a=-1449,-3924,-99 g=0,-48,34
WFI t=20801 a=-1451,-3923,-97 g=-4,6,-8
WFI t=20851 a=-1462,-3925,-109 g=8,60,-38
WFI t=20901 a=-1498,-3920,-99 g=-2,40,-38
WFI t=20951 a=-1503,-3931,-102 g=-2,-13,3
WFI t=21001 a=-1469,-3926,-98 g=-7,-55,28
WFI t=21051 a=-1448,-3915,-103 g=-2,-19,11
WFI t=21101 a=-1473,-3917,-106 g=-4,12,-19
WFI t=21151 a=-1464,-3926,-107 g=3,27,-21
WFI t=21201 a=-1497,-3924,-123 g=-2,17,-22
WFI t=21251 a=-1489,-3935,-102 g=0,-18,6
WFI t=21301 a=-1463,-3915,-111 g=-6,-41,23
WFI t=21351 a=-1463,-3919,-104 g=-1,-16,3
WFI t=21401 a=-1458,-3919,-93 g=3,22,-17
WFI t=21451 a=-1481,-3907,-104 g=0,29,-25
WFI t=21501 a=-1488,-3907,-103 g=-2,10,-12
WFR t=21529 src=bms type=0x02 len=129 data=d2037c0eed0eec0eed0eed0eed0eec0eed0eed0eeb0eec0eed0eee0ef00ef00ef10eef0ef10ef10ef20ef10ef10ef20ef20ef20ef10ef20ef20ef20000000000000000003d0000000000000000000000000000042e752f02ae0ef20eeb003d003d00000157001c0001001d0000000100010eef0007000a0000000000000000c0c9
WFI t=21551 a=-1488,-3914,-97 g=-5,-29,9
WFI t=21601 a=-1470,-3918,-93 g=-6,-41,20
WFI t=21651 a=-1442,-3912,-106 g=0,5,-8
WFI t=21701 a=-1477,-3925,-102 g=-3,31,-33
WFI t=21751 a=-1500,-3930,-106 g=2,-1,-6
WFI t=21801 a=-1463,-3921,-104 g=-4,-24,9
WFI t=21851 a=-1469,-3924,-111 g=-1,-2,-6
WFI t=21901 a=-1484,-3907,-106 g=0,-11,6
WFI t=21981 a=-1470,-3913,-100 g=-1,5,-15
WFI t=22001 a=-1469,-3923,-97 g=2,19,-19
WFI t=22069 a=-1478,-3916,-105 g=0,8,-12
WFI t=22143 a=-1478,-3914,-107 g=0,-11,10
WFI t=22151 a=-1463,-3920,-118 g=-7,-9,6
WFI t=22201 a=-1470,-3918,-95 g=1,0,-11
WFI t=22251 a=-1483,-3923,-92 g=-6,-17,-2
WFI t=22301 a=-1464,-3928,-114 g=-1,-10,0
WFI t=22351 a=-1475,-3927,-107 g=-3,9,-14
WFI t=22401 a=-1482,-3925,-134 g=3,8,-4
WFI t=22451 a=-1468,-3908,-102 g=-5,-13,3
WFI t=22501 a=-1451,-3927,-103 g=2,2,-6
WFR t=22534 src=bms type=0x02 len=129 data=d2037c0eec0eec0eed0eed0eed0eec0eed0eed0eeb0eec0eed0eed0ef00ef10ef10eef0ef10ef10ef20ef20ef10ef20ef20ef20ef10ef20ef20ef20000000000000000003d0000000000000000000000000000042e752f02ae0ef20eeb003d003d00000157001c0001001d0000000100010eef0007000a000000000000000088e7
WFI t=22551 a=-1487,-3910,-95 g=-2,2,-8
WFI t=22601 a=-1458,-3914,-119 g=4,15,-3
WFI t=22651 a=-1493,-3919,-97 g=-7,-11,-6
WFI t=22701 a=-1454,-3929,-100 g=-3,-13,13
WFI t=22751 a=-1458,-3906,-94 g=-6,1,-18
WFI t=22801 a=-1485,-3909,-111 g=-2,21,-14
WFI t=22851 a=-1481,-3915,-123 g=-8,-11,-4
WFI t=22901 a=-1480,-3914,-96 g=-2,-17,9
WFI t=22951 a=-1463,-3921,-93 g=-1,-1,-4
WFI t=23001 a=-1491,-3926,-92 g=-2,-4,-8
WFI t=23051 a=-1475,-3905,-122 g=5,8,-7
WFI t=23101 a=-1474,-3922,-92 g=-3,11,-24
WFI t=23151 a=-1492,-3918,-105 g=-2,2,1
WFI t=23201 a=-1478,-3924,-102 g=-2,-28,7
WFI t=23251 a=-1464,-3912,-94 g=-2,-19,6
WFI t=23301 a=-1452,-3923,-90 g=0,4,-7
WFI t=23351 a=-1479,-3922,-111 g=-3,19,-17
WFI t=23401 a=-1473,-3919,-105 g=1,25,-16
WFI t=23451 a=-1507,-3930,-116 g=-7,-6,-7
WFI t=23501 a=-1471,-3925,-97 g=-4,-34,21
WFR t=23539 src=bms type=0x02 len=129 data=d2037c0eec0eec0eed0eec0eed0eec0eed0eed0eeb0eec0eed0eed0ef10ef00ef10eef0ef10ef10ef20ef20ef10ef20ef20ef20ef00ef20ef20ef20000000000000000003d0000000000000000000000000000042e752f02ae0ef20eeb003d003d00000157001c0001001d0000000100010eef0007000a00000000000000006758
WFI t=23551 a=-1448,-3926,-99 g=0,-10,-3
WFI t=23601 a=-1486,-3920,-101 g=3,9,-12
WFI t=23651 a=-1461,-3917,-115 g=3,20,-9
WFI t=23701 a=-1501,-3927,-99 g=0,3,-17
WFI t=23751 a=-1480,-3917,-102 g=0,-13,11
WFI t=23801 a=-1480,-3920,-94 g=-5,-19,2
WFI t=23851 a=-1464,-3918,-104 g=-4,14,-10
WFI t=23901 a=-1480,-3929,-104 g=-1,14,-19
WFI t=24125 a=-1469,-3925,-110 g=0,-4,-3
WFI t=24218 a=-1481,-3920,-108 g=2,-3,0
WFI t=24220 a=-1463,-3915,-96 g=0,-1,2
WFI t=24223 a=-1478,-3916,-98 g=0,-1,0
WFI t=24225 a=-1478,-3916,-98 g=0,-1,0
WFI t=24227 a=-1468,-3928,-95 g=-1,0,0
WFI t=24251 a=-1460,-3920,-126 g=-4,-1,-8
WFI t=24301 a=-1485,-3923,-108 g=-3,-6,-1
WFI t=24351 a=-1465,-3925,-110 g=-9,-19,10
WFI t=24401 a=-1468,-3916,-91 g=-2,-1,-11
WFI t=24451 a=-1465,-3925,-114 g=2,23,-21
WFI t=24501 a=-1486,-3923,-106 g=-2,-4,-10
WFI t=24551 a=-1474,-3929,-106 g=-7,-16,7
WFI t=24601 a=-1447,-3911,-100 g=-3,-9,-1
WFR t=24604 src=bms type=0x02 len=129 data=d2037c0eec0eec0eed0eec0eec0eec0eed0eed0eeb0eec0eec0eed0ef10ef00ef00ef00ef10ef10ef20ef20ef10ef20ef20ef20ef00ef20ef10ef20000000000000000003d0000000000000000000000000000042e752f02ae0ef30eeb003d003d00000157001c0001001d0000000100010eef0008000a0000000000000000b157
WFI t=24651 a=-1491,-3918,-101 g=-10,-16,2
WFI t=24701 a=-1440,-3923,-112 g=-2,-6,3
WFI t=24751 a=-1456,-3923,-113 g=-2,37,-33
WFI t=24801 a=-1501,-3919,-106 g=0,12,-11
WFI t=24851 a=-1466,-3918,-106 g=0,-29,9
WFI t=24901 a=-1475,-3928,-96 g=-3,-23,8
WFI t=24951 a=-1465,-3919,-118 g=-7,0,-5
WFI t=25001 a=-1487,-3922,-88 g=-3,1,-7
WFI t=25052 a=-1436,-3916,-104 g=-1,33,-20
WFI t=25101 a=-1513,-3921,-95 g=-7,-4,-19
WFI t=25151 a=-1477,-3917,-105 g=-1,-39,33
WFI t=25201 a=-1422,-3914,-106 g=-5,-15,-3
WFI t=25251 a=-1474,-3922,-107 g=-1,35,-20
WFI t=25301 a=-1487,-3917,-110 g=-2,10,-15
WFI t=25351 a=-1472,-3913,-111 g=1,-6,-3
WFI t=25401 a=-1468,-3913,-117 g=-5,-9,-5
WFT t=25411 batt_mv=4180 rssi_mcu=0 rssi_bms=-83 mcu=0 bms=25 dropped=0
WFI t=25451 a=-1487,-3926,-96 g=1,-20,6
WFI t=25501 a=-1454,-3916,-103 g=-3,-20,7
WFI t=25551 a=-1458,-3923,-100 g=0,17,-16
WFI t=25601 a=-1486,-3917,-118 g=0,12,-18
WFR t=25609 src=bms type=0x02 len=129 data=d2037c0eed0eec0eed0eec0eed0eec0eed0eed0eec0eec0eed0eed0ef10ef00ef10ef00ef10ef10ef20ef10ef10ef20ef30ef20ef10ef20ef20ef20000000000000000003d0000000000000000000000000000042e752e02ae0ef30eec003d003d00000157001c0001001d0000000100010eef00070015000000000000000004bd
WFI t=25651 a=-1476,-3919,-98 g=-1,3,1
WFI t=25701 a=-1464,-3924,-96 g=-2,-5,-7
WFI t=25751 a=-1483,-3905,-109 g=1,-8,4
WFI t=25801 a=-1473,-3922,-116 g=-3,-26,5
WFI t=25851 a=-1457,-3915,-93 g=-1,9,-6
WFI t=25901 a=-1477,-3925,-93 g=-2,23,-28
WFI t=25951 a=-1497,-3917,-100 g=-7,0,-2
WFI t=26080 a=-1471,-3927,-104 g=-6,-3,-2
WFI t=26082 a=-1463,-3922,-101 g=5,2,-6
WFI t=26101 a=-1463,-3922,-109 g=2,10,-11
WFI t=26151 a=-1477,-3901,-106 g=-4,16,-17
WFI t=26201 a=-1483,-3914,-106 g=-4,6,-10
WFI t=26251 a=-1488,-3928,-122 g=-7,-17,-1
WFI t=26301 a=-1481,-3915,-94 g=1,-20,11
WFI t=26351 a=-1451,-3917,-105 g=-4,-3,-6
WFI t=26401 a=-1478,-3916,-107 g=-5,9,-14
WFI t=26451 a=-1476,-3917,-112 g=-7,8,-7
WFI t=26501 a=-1476,-3917,-97 g=-3,-1,-13
WFI t=26551 a=-1487,-3922,-115 g=-5,-14,9
WFI t=26601 a=-1470,-3911,-117 g=-5,-16,2
WFI t=26651 a=-1468,-3931,-106 g=-1,6,-7
WFR t=26659 src=bms type=0x02 len=129 data=d2037c0eec0eec0eed0eec0eec0eec0eed0eed0eec0eec0eed0eee0ef10ef10ef10eef0ef10ef10ef20ef20ef10ef20ef20ef20ef10ef20ef20ef20000000000000000003d0000000000000000000000000000042e752f02ae0ef20eec003d003d00000157001c0001001d0000000100010eef0006000a0000000000000000139d
WFI t=26701 a=-1473,-3913,-106 g=0,16,-11
WFI t=26751 a=-1494,-3921,-94 g=-2,0,-12
WFI t=26801 a=-1478,-3917,-110 g=-1,-14,7
WFI t=26851 a=-1472,-3922,-109 g=0,-11,-2
WFI t=26901 a=-1481,-3913,-110 g=2,-2,1
WFI t=26951 a=-1447,-3911,-109 g=5,18,-10
WFI t=27001 a=-1497,-3924,-104 g=-6,9,-28
WFI t=27051 a=-1488,-3922,-97 g=2,-12,14
WFI t=27101 a=-1446,-3923,-109 g=-4,-8,-8
WFI t=27151 a=-1501,-3923,-102 g=-6,-5,-4
WFI t=27201 a=-1455,-3922,-114 g=-5,-27,14
WFI t=27251 a=-1454,-3918,-96 g=0,-12,-6
WFI t=27301 a=-1454,-3914,-119 g=1,50,-26
WFI t=27351 a=-1515,-3916,-124 g=0,35,-35
WFI t=27401 a=-1516,-3910,-109 g=-3,-33,17
WFI t=27451 a=-1462,-3919,-101 g=-6,-72,35
WFI t=27501 a=-1442,-3922,-101 g=1,1,7
WFI t=27551 a=-1458,-3907,-96 g=-6,37,-31
WFI t=27601 a=-1482,-3916,-110 g=4,60,-42
WFI t=27651 a=-1517,-3915,-113 g=-7,-23,-5
WFI t=27701 a=-1474,-3921,-105 g=-1,-40,30
WFI t=27752 a=-1483,-3921,-96 g=-5,-36,1
WFI t=27801 a=-1473,-3926,-100 g=-3,4,6
WFI t=27851 a=-1444,-3922,-102 g=-4,17,-21
WFI t=27901 a=-1478,-3920,-104 g=-1,36,-26
WFI t=27951 a=-1484,-3926,-99 g=0,0,-9
WFI t=28085 a=-1453,-3924,-100 g=-2,-5,11
WFI t=28087 a=-1458,-3918,-104 g=2,0,1
WFI t=28101 a=-1460,-3923,-106 g=-6,0,-7
WFI t=28151 a=-1486,-3919,-99 g=-2,8,-14
WFI t=28201 a=-1453,-3916,-120 g=4,22,-11
WFI t=28251 a=-1485,-3916,-95 g=-4,8,-18
WFI t=28301 a=-1488,-3906,-107 g=-10,-19,15
WFI t=28351 a=-1463,-3935,-99 g=-5,-29,8
WFI t=28401 a=-1478,-3926,-104 g=1,-3,-6
WFI t=28451 a=-1472,-3915,-97 g=5,15,-12
WFI t=28501 a=-1479,-3913,-98 g=-2,20,-22
WFI t=28551 a=-1486,-3916,-90 g=-8,-10,2
WFI t=28601 a=-1470,-3923,-110 g=-8,-25,10
WFI t=28651 a=-1484,-3916,-108 g=-2,-14,-2
WFI t=28701 a=-1457,-3918,-99 g=-1,8,-5
WFI t=28751 a=-1470,-3921,-103 g=1,12,-16
WFI t=28801 a=-1476,-3915,-106 g=-2,11,-8
WFI t=28851 a=-1497,-3925,-116 g=-4,-6,-7
WFI t=28901 a=-1490,-3913,-93 g=-5,-19,6
WFI t=28951 a=-1456,-3925,-115 g=2,-3,0
WFI t=29001 a=-1484,-3919,-97 g=-3,3,-15
WFI t=29051 a=-1485,-3909,-101 g=-5,-14,6
WFI t=29101 a=-1450,-3924,-102 g=-1,7,-12
WFI t=29151 a=-1509,-3914,-108 g=2,8,-15
WFI t=29201 a=-1474,-3923,-99 g=4,-10,11
WFI t=29251 a=-1475,-3922,-98 g=-6,-13,-10
WFI t=29301 a=-1474,-3915,-104 g=3,4,1
WFI t=29351 a=-1474,-3925,-118 g=-5,0,-10
WFI t=29401 a=-1479,-3925,-104 g=-1,0,-5
WFI t=29451 a=-1455,-3925,-105 g=-1,10,-8
WFI t=29501 a=-1491,-3913,-104 g=-4,-9,-9
WFI t=29551 a=-1461,-3910,-110 g=1,-14,14
WFI t=29601 a=-1475,-3922,-100 g=-2,-4,-17
WFI t=29651 a=-1480,-3920,-105 g=-3,5,-4
WFI t=29701 a=-1474,-3922,-111 g=-1,-4,-8
WFI t=29751 a=-1492,-3915,-100 g=-4,4,-6
WFI t=29801 a=-1464,-3908,-113 g=-7,-9,-3
WFI t=29851 a=-1479,-3914,-92 g=-4,-13,3
WFI t=29901 a=-1458,-3908,-110 g=1,2,-4
WFI t=29951 a=-1480,-3915,-101 g=1,16,-14
WFI t=30010 a=-1478,-3911,-103 g=-6,5,-6
WFI t=30103 a=-1488,-3919,-102 g=0,-18,1
WFI t=30106 a=-1460,-3923,-91 g=-2,-16,0
WFI t=30151 a=-1465,-3929,-114 g=1,1,-7
WFI t=30201 a=-1492,-3919,-106 g=-6,2,-10
WFI t=30251 a=-1469,-3904,-114 g=-1,-6,0
WFI t=30301 a=-1491,-3919,-96 g=-3,-17,1
WFI t=30351 a=-1459,-3915,-114 g=2,7,-3
WFI t=30401 a=-1482,-3921,-109 g=-5,16,-19
WFI t=30451 a=-1487,-3922,-117 g=-1,7,-7
WFI t=30501 a=-1474,-3921,-103 g=-4,-11,-1
WFT t=30508 batt_mv=4176 rssi_mcu=0 rssi_bms=-76 mcu=0 bms=27 dropped=0
WFI t=30551 a=-1469,-3913,-95 g=-2,-18,2
WFI t=30601 a=-1471,-3919,-106 g=-3,-4,-3
WFI t=30651 a=-1489,-3926,-123 g=2,3,-11
WFI t=30701 a=-1479,-3911,-116 g=-3,5,-7
WFI t=30751 a=-1471,-3914,-103 g=-6,-13,1
WFI t=30801 a=-1456,-3915,-112 g=1,6,-2
WFI t=30851 a=-1483,-3915,-105 g=-1,6,-12
WFI t=30901 a=-1482,-3914,-117 g=6,4,-1
WFI t=30951 a=-1463,-3920,-109 g=-5,-16,-3
WFI t=31001 a=-1474,-3913,-109 g=-5,-6,2
WFI t=31051 a=-1475,-3926,-109 g=-1,-6,-7
WFI t=31101 a=-1460,-3906,-111 g=-1,12,-6
WFI t=31151 a=-1477,-3920,-101 g=0,11,-11
WFI t=31201 a=-1493,-3907,-103 g=-2,-18,1
WFI t=31251 a=-1488,-3915,-105 g=-5,-26,14
WFI t=31301 a=-1455,-3924,-106 g=-3,13,-9
WFI t=31351 a=-1490,-3915,-93 g=2,24,-20
WFI t=31401 a=-1483,-3923,-102 g=1,-9,4
WFI t=31451 a=-1455,-3926,-110 g=-6,-10,-5
WFI t=31501 a=-1483,-3904,-99 g=-2,-5,-5
WFI t=31551 a=-1468,-3913,-114 g=-3,10,-6
WFI t=31601 a=-1497,-3927,-98 g=-8,-11,-12
WFI t=31651 a=-1470,-3914,-109 g=-2,1,5
WFI t=31701 a=-1474,-3938,-108 g=-4,-10,-19
WFI t=31751 a=-1481,-3919,-97 g=-3,13,0
WFI t=31801 a=-1489,-3917,-117 g=-3,-5,-11
WFI t=31851 a=-1489,-3919,-110 g=-1,-6,5
WFI t=31901 a=-1454,-3921,-99 g=1,-11,2
WFI t=31952 a=-1478,-3914,-107 g=2,8,-16
WFI t=32105 a=-1464,-3928,-98 g=4,11,2
WFI t=32121 a=-1497,-3930,-91 g=0,-9,7
WFI t=32123 a=-1485,-3916,-105 g=-3,-8,10
WFI t=32151 a=-1476,-3912,-102 g=-3,-19,11
WFI t=32201 a=-1466,-3919,-100 g=-2,-10,-10
WFI t=32251 a=-1485,-3923,-108 g=-1,13,-8
WFI t=32301 a=-1472,-3912,-113 g=1,3,-10
WFI t=32351 a=-1491,-3916,-106 g=-4,-10,-3
WFI t=32401 a=-1467,-3916,-114 g=1,-9,3
WFI t=32451 a=-1466,-3912,-108 g=-6,-8,-3
WFI t=32501 a=-1477,-3923,-104 g=1,9,-3
WFI t=32551 a=-1471,-3927,-94 g=-2,8,-14
WFI t=32601 a=-1486,-3910,-103 g=2,-2,-5
WFI t=32651 a=-1482,-3913,-110 g=-1,-10,1
WFI t=32701 a=-1481,-3923,-93 g=-1,-7,1
WFI t=32751 a=-1474,-3913,-111 g=-5,-3,-3
WFI t=32801 a=-1477,-3910,-100 g=-2,10,-12
WFI t=32851 a=-1477,-3922,-99 g=-1,11,-11
WFI t=32901 a=-1501,-3908,-121 g=-10,-17,-3
WFI t=32951 a=-1460,-3918,-100 g=-1,-12,16
WFI t=33001 a=-1475,-3937,-99 g=-4,-4,-17
WFI t=33051 a=-1502,-3922,-99 g=2,10,0
WFI t=33101 a=-1441,-3925,-112 g=-5,11,-15
WFI t=33151 a=-1489,-3932,-109 g=-1,19,-25
WFI t=33201 a=-1501,-3915,-107 g=-8,-34,15
WFI t=33251 a=-1461,-3928,-89 g=-3,-36,21
WFI t=33301 a=-1493,-3919,-97 g=-4,6,-15
WFI t=33351 a=-1481,-3909,-106 g=0,28,-17
WFI t=33401 a=-1476,-3921,-105 g=-6,13,-20
WFI t=33451 a=-1497,-3926,-99 g=-2,-6,-2
WFI t=33501 a=-1472,-3918,-103 g=-5,-28,11
WFI t=33551 a=-1478,-3927,-92 g=-4,-34,11
WFI t=33601 a=-1437,-3906,-104 g=6,18,-3
WFI t=33651 a=-1481,-3917,-106 g=-5,25,-38
WFI t=33701 a=-1502,-3916,-97 g=-5,2,2
WFI t=33751 a=-1451,-3918,-108 g=-3,-10,-3
WFI t=33801 a=-1512,-3919,-100 g=-6,-15,-2
WFI t=33851 a=-1449,-3916,-109 g=0,-20,22
WFI t=33901 a=-1459,-3916,-102 g=-2,3,-24
WFI t=33951 a=-1475,-3923,-89 g=5,39,-18
WFI t=34038 a=-1498,-3917,-124 g=-6,-5,-15
WFI t=34092 a=-1433,-3917,-121 g=0,-6,6
WFI t=34102 a=-1444,-3926,-112 g=-4,-4,-3
WFI t=34241 a=-1476,-3926,-88 g=-3,15,-7
WFI t=34309 a=-1492,-3920,-108 g=-9,-7,-14
WFI t=34402 a=-1461,-3914,-127 g=-2,-10,1
WFI t=34418 a=-1463,-3928,-99 g=3,17,-22
WFI t=34420 a=-1476,-3913,-92 g=-4,16,-23
WFI t=34422 a=-1470,-3927,-94 g=-6,14,-23
WFI t=34451 a=-1479,-3913,-96 g=-2,0,-17
WFI t=34501 a=-1501,-3928,-121 g=-4,-18,8
WFI t=34551 a=-1481,-3901,-110 g=-6,-39,14
WFI t=34601 a=-1467,-3915,-92 g=-4,-31,22
WFI t=34651 a=-1413,-3912,-111 g=-5,24,-20
WFI t=34701 a=-1485,-3917,-112 g=3,72,-58
WFI t=34751 a=-1498,-3906,-125 g=-4,8,-6
WFI t=34801 a=-1479,-3910,-111 g=-5,-39,17
WFI t=34851 a=-1475,-3919,-102 g=-4,-61,33
WFI t=34901 a=-1432,-3911,-99 g=-1,-7,13
WFI t=34951 a=-1459,-3914,-94 g=-4,19,-31
WFI t=35001 a=-1456,-3919,-122 g=5,68,-34
WFI t=35051 a=-1512,-3908,-114 g=-10,-4,-20
WFI t=35101 a=-1493,-3920,-97 g=-5,-53,40
WFI t=35151 a=-1458,-3923,-115 g=-7,-48,22
WFI t=35201 a=-1453,-3918,-89 g=1,15,-15
WFI t=35251 a=-1465,-3925,-108 g=6,61,-40
WFI t=35301 a=-1505,-3920,-115 g=-1,17,-32
WFI t=35351 a=-1498,-3917,-112 g=1,-43,29
WFI t=35401 a=-1451,-3918,-115 g=-9,-59,26
WFI t=35451 a=-1466,-3930,-104 g=0,2,5
WFI t=35501 a=-1437,-3914,-114 g=4,30,-28
WFI t=35551 a=-1491,-3935,-92 g=1,27,-21
WFI t=35601 a=-1474,-3923,-124 g=0,16,-12
WFT t=35610 batt_mv=4178 rssi_mcu=0 rssi_bms=-86 mcu=0 bms=27 dropped=0
WFI t=35652 a=-1501,-3911,-102 g=-7,-15,6
WFI t=35701 a=-1460,-3923,-101 g=-5,-37,24
WFI t=35751 a=-1458,-3940,-99 g=-9,-27,2
WFI t=35801 a=-1459,-3917,-112 g=5,22,-15
WFI t=35851 a=-1482,-3918,-119 g=0,23,-32
WFI t=35901 a=-1491,-3924,-96 g=1,5,3
WFI t=35951 a=-1451,-3912,-102 g=-5,-16,2
WFI t=36001 a=-1493,-3927,-108 g=-7,-22,6
WFI t=36137 a=-1438,-3922,-101 g=-3,-9,8
WFI t=36153 a=-1477,-3918,-93 g=2,31,-18
WFI t=36154 a=-1478,-3914,-100 g=4,21,-11
WFI t=36201 a=-1484,-3922,-102 g=-6,-31,1
WFI t=36251 a=-1473,-3917,-108 g=-5,-32,22
WFI t=36301 a=-1439,-3927,-96 g=-2,0,-10
WFI t=36351 a=-1484,-3913,-93 g=0,28,-24
WFI t=36401 a=-1484,-3928,-114 g=6,14,-4
WFI t=36451 a=-1473,-3921,-119 g=-3,1,-11
WFI t=36501 a=-1499,-3932,-109 g=-4,-15,3
WFI t=36551 a=-1468,-3932,-108 g=-6,-31,19
WFI t=36601 a=-1462,-3911,-104 g=-2,0,-10
WFI t=36651 a=-1474,-3912,-116 g=4,29,-23
WFI t=36701 a=-1492,-3921,-110 g=2,1,-5
WFI t=36751 a=-1452,-3926,-90 g=1,5,-6
WFI t=36801 a=-1505,-3927,-87 g=-7,-22,-14
WFE t=36815 bms stale, no frame for 10154 ms, dropping link
WFE t=36828 bms link down (stale) after 27 answers in 37407 ms, writes=37 err=0 silent=10 bytes=3483
WFE t=36844 bms disconnected reason=534
WFI t=36851 a=-1485,-3912,-135 g=3,-30,30
WFI t=36901 a=-1454,-3907,-121 g=-5,-13,2
WFI t=36951 a=-1455,-3914,-126 g=9,52,-27
WFI t=37001 a=-1507,-3928,-84 g=-2,27,-27
WFI t=37051 a=-1479,-3924,-123 g=0,-14,12
WFI t=37101 a=-1471,-3910,-105 g=-6,-32,6
WFI t=37151 a=-1484,-3920,-94 g=-6,-37,24
WFI t=37201 a=-1429,-3904,-100 g=0,10,11
WFI t=37251 a=-1440,-3928,-78 g=-11,13,-53
WFI t=37301 a=-1531,-3911,-112 g=0,50,-28
WFI t=37351 a=-1481,-3913,-120 g=0,-38,28
WFI t=37401 a=-1453,-3907,-97 g=-2,-35,18
WFI t=37451 a=-1454,-3908,-97 g=-2,-3,-6
WFI t=37501 a=-1461,-3918,-105 g=1,21,-15
WFI t=37551 a=-1486,-3920,-88 g=-3,13,-19
WFI t=37601 a=-1475,-3913,-107 g=2,19,-5
WFI t=37651 a=-1488,-3921,-93 g=-12,-32,-2
WFI t=37702 a=-1469,-3913,-107 g=1,-27,19
WFI t=37751 a=-1437,-3923,-96 g=-1,-5,-4
WFI t=37801 a=-1487,-3931,-92 g=-1,29,-29
WFI t=37851 a=-1489,-3927,-93 g=-2,24,-9
WFI t=37901 a=-1472,-3932,-100 g=-3,-4,-5
WFI t=37951 a=-1487,-3931,-106 g=-6,-40,11
WFI t=38001 a=-1453,-3911,-123 g=-2,-20,10
WFI t=38075 a=-1467,-3926,-99 g=0,21,-11
WFI t=38166 a=-1520,-3917,-116 g=-2,-1,-11
WFI t=38168 a=-1506,-3922,-99 g=-4,-24,3
WFI t=38201 a=-1486,-3922,-112 g=-3,-48,29
WFI t=38251 a=-1431,-3924,-112 g=5,11,8
WFI t=38301 a=-1481,-3947,-103 g=4,57,-47
WFI t=38351 a=-1494,-3927,-98 g=-8,0,0
WFI t=38401 a=-1469,-3930,-122 g=-5,-17,6
WFI t=38451 a=-1464,-3909,-106 g=-7,-16,-5
WFI t=38501 a=-1485,-3923,-112 g=-7,-12,10
WFI t=38551 a=-1455,-3927,-105 g=-3,11,-5
WFI t=38601 a=-1470,-3904,-117 g=2,34,-37
WFI t=38651 a=-1515,-3918,-101 g=-3,-19,0
WFI t=38701 a=-1453,-3921,-119 g=-4,-38,26
WFI t=38751 a=-1456,-3913,-105 g=-1,15,-7
WFI t=38801 a=-1508,-3906,-118 g=0,11,-9
WFI t=38851 a=-1476,-3928,-101 g=-2,-11,10
WFI t=38901 a=-1461,-3931,-98 g=2,13,-25
WFI t=38951 a=-1498,-3916,-99 g=-2,8,-12
WFI t=39001 a=-1468,-3928,-116 g=-5,-2,-5
WFI t=39051 a=-1489,-3909,-117 g=-5,4,-5
WFI t=39101 a=-1483,-3914,-112 g=-2,-20,6
WFI t=39151 a=-1468,-3927,-75 g=1,-26,16
WFI t=39201 a=-1440,-3931,-69 g=-7,2,-16
WFI t=39251 a=-1488,-3918,-118 g=-5,32,-25
WFI t=39301 a=-1484,-3896,-136 g=0,5,1
WFI t=39351 a=-1465,-3920,-116 g=-3,-10,-1
WFI t=39401 a=-1486,-3934,-76 g=-2,-23,9
WFI t=39451 a=-1453,-3932,-96 g=0,0,0
WFI t=39501 a=-1479,-3928,-108 g=-4,26,-30
WFE t=39510 bms subscribed val=0x0010 cccd=0x0011 ctrl=0x0014 mtu=512 regs=62
WFE t=39511 bms conn itvl=80 latency=0 timeout=600
WFE t=39523 bms reconnected (attempt 1)
WFE t=39539 bms mtu event mtu=512
WFI t=39551 a=-1477,-3920,-99 g=-1,16,-16
WFI t=39601 a=-1461,-3914,-101 g=-3,-19,-4
WFI t=39651 a=-1484,-3924,-121 g=-6,-23,2
WFI t=39701 a=-1477,-3908,-111 g=-9,-7,-7
WFI t=39751 a=-1487,-3926,-97 g=-7,9,-6
WFI t=39801 a=-1469,-3923,-94 g=-4,-2,3
WFR t=39810 src=bms type=0x02 len=129 data=d2037c0eed0eec0eed0eed0eed0eec0eed0eed0eeb0eec0eed0eee0ef00ef10ef10eef0ef10ef10ef20ef10ef10ef20ef30ef20ef00ef20ef10ef20000000000000000003d0000000000000000000000000000042e752f02ae0ef30eec003d003d00000157001c0001001d0000000100010eef0007000a000000000000000044ad
WFI t=39851 a=-1460,-3913,-95 g=-10,-22,-9
WFI t=39901 a=-1464,-3902,-98 g=-4,-6,-4
WFI t=39951 a=-1463,-3916,-107 g=6,30,-14
WFI t=40001 a=-1504,-3912,-101 g=0,17,-6
WFI t=40090 a=-1459,-3921,-102 g=-2,-25,14
WFI t=40181 a=-1477,-3928,-89 g=1,27,-14
WFI t=40183 a=-1477,-3928,-89 g=1,27,-14
WFI t=40201 a=-1485,-3896,-125 g=-4,21,-8
WFI t=40251 a=-1477,-3899,-109 g=-5,1,-4
WFI t=40301 a=-1490,-3923,-100 g=1,-21,15
WFI t=40351 a=-1464,-3930,-97 g=3,-34,14
WFI t=40401 a=-1465,-3909,-106 g=1,23,-16
WFE t=40410 bms conn update status=0 itvl=12 latency=0 timeout=400
WFI t=40451 a=-1479,-3906,-96 g=-2,57,-38
WFI t=40501 a=-1500,-3919,-114 g=-5,-22,-5
WFI t=40551 a=-1463,-3902,-113 g=-3,-41,29
WFI t=40601 a=-1441,-3923,-115 g=-9,-16,-2
WFT t=40615 batt_mv=4178 rssi_mcu=0 rssi_bms=-80 mcu=0 bms=28 dropped=0
WFI t=40651 a=-1467,-3930,-98 g=0,36,-23
WFI t=40701 a=-1484,-3924,-90 g=1,16,-14
WFI t=40751 a=-1468,-3918,-106 g=3,4,-1
WFI t=40801 a=-1485,-3918,-88 g=-3,-6,-2
WFR t=40815 src=bms type=0x02 len=129 data=d2037c0eed0eec0eed0eed0eec0eec0eed0eed0eec0eec0eed0eee0ef00ef10ef10ef00ef10ef10ef20ef20ef10ef20ef20ef20ef10ef20ef20ef20000000000000000003d0000000000000000000000000000042e752f02ae0ef30eec003d003d00000157001c0001001d0000000100010eef0007000a00000000000000009056
WFI t=40851 a=-1471,-3922,-91 g=3,-2,2
WFI t=40901 a=-1464,-3918,-110 g=-4,-17,1
WFI t=40951 a=-1488,-3922,-118 g=-4,1,-6
WFI t=41001 a=-1456,-3906,-86 g=0,2,1
WFI t=41051 a=-1470,-3919,-87 g=0,13,-15
WFI t=41101 a=-1489,-3925,-75 g=1,4,-11
WFI t=41151 a=-1469,-3919,-99 g=-6,-23,2
WFI t=41201 a=-1470,-3924,-92 g=-2,-14,4
WFI t=41251 a=-1462,-3920,-86 g=-3,0,-13
WFI t=41301 a=-1486,-3915,-92 g=-6,3,-9
WFI t=41351 a=-1468,-3914,-101 g=-1,4,-1
WFI t=41401 a=-1485,-3927,-99 g=-8,-10,-9
WFI t=41451 a=-1490,-3918,-93 g=-8,-32,16
WFI t=41501 a=-1441,-3920,-115 g=5,0,5
WFI t=41551 a=-1476,-3922,-93 g=5,45,-35
WFI t=41601 a=-1509,-3912,-105 g=-2,13,-18
WFI t=41651 a=-1493,-3914,-98 g=-3,-51,22
WFI t=41701 a=-1448,-3918,-101 g=-7,-17,8
WFI t=41751 a=-1479,-3919,-98 g=-4,25,-26
WFI t=41801 a=-1492,-3920,-106 g=-3,4,2
WFR t=41805 src=bms type=0x02 len=129 data=d2037c0eec0eec0eed0eec0eed0eec0eed0eed0eeb0eec0eed0eee0ef10ef00ef10ef00ef10ef10ef20ef10ef20ef20ef30ef20ef10ef20ef20ef20000000000000000003d0000000000000000000000000000042e752f02ae0ef30eeb003d003d00000157001c0001001d0000000100010eef0008000a0000000000000000d368
WFI t=41851 a=-1467,-3924,-103 g=-3,-16,-5
WFI t=41901 a=-1472,-3920,-87 g=-1,-3,-6
WFI t=41951 a=-1467,-3914,-98 g=-3,-12,5
WFI t=42001 a=-1468,-3932,-83 g=-8,7,-8
WFI t=42051 a=-1478,-3928,-102 g=5,12,-17
WFI t=42188 a=-1449,-3925,-101 g=-4,1,-6
WFI t=42190 a=-1459,-3923,-95 g=0,7,-14
WFI t=42201 a=-1472,-3936,-89 g=-3,14,-19
WFI t=42251 a=-1487,-3910,-104 g=-4,-5,0
WFI t=42301 a=-1459,-3925,-95 g=-3,-22,5
WFI t=42351 a=-1461,-3918,-85 g=-1,9,-16
WFI t=42401 a=-1500,-3906,-103 g=-2,8,-15
WFI t=42451 a=-1483,-3908,-114 g=0,-14,4
WFI t=42501 a=-1460,-3923,-106 g=-5,-12,3
WFI t=42551 a=-1478,-3914,-104 g=0,8,-3
WFI t=42601 a=-1472,-3922,-94 g=-6,7,-12
WFI t=42651 a=-1466,-3926,-91 g=2,27,-15
WFI t=42701 a=-1493,-3912,-107 g=-1,20,-25
WFI t=42751 a=-1502,-3913,-107 g=1,-9,6
WFI t=42801 a=-1476,-3926,-86 g=-14,-62,30
WFR t=42825 src=bms type=0x02 len=129 data=d2037c0eec0eec0eed0eec0eec0eec0eed0eed0eec0eec0eed0eed0ef10ef00ef10eef0ef10ef10ef20ef20ef20ef20ef20ef20ef10ef20ef20ef20000000000000000003d0000000000000000000000000000042e752f02ae0ef20eeb003d003d00000157001c0001001d0000000100010eef0007000a00000000000000002318
WFI t=42874 a=-1452,-3920,-100 g=-3,1,-9
WFI t=42901 a=-1470,-3916,-97 g=-6,32,-35
WFI t=42951 a=-1470,-3905,-101 g=4,59,-37
WFI t=43001 a=-1518,-3915,-99 g=-4,-15,-8
WFI t=43051 a=-1478,-3908,-95 g=-2,-56,40
WFI t=43101 a=-1459,-3921,-97 g=-8,-45,15
WFI t=43151 a=-1447,-3926,-96 g=-2,33,-17
WFI t=43201 a=-1460,-3918,-82 g=-3,64,-46
WFI t=43251 a=-1516,-3913,-108 g=-3,13,-20
WFI t=43301 a=-1485,-3912,-101 g=-3,-43,28
WFI t=43351 a=-1453,-3922,-100 g=-6,-45,18
WFI t=43401 a=-1457,-3919,-90 g=-3,-4,2
WFI t=43451 a=-1459,-3931,-103 g=-2,35,-26
WFI t=43501 a=-1511,-3919,-105 g=-3,6,-22
WFI t=43551 a=-1482,-3914,-97 g=-5,-20,14
WFI t=43601 a=-1474,-3921,-101 g=-1,-15,-3
WFI t=43651 a=-1486,-3917,-95 g=-7,-7,8
WFI t=43701 a=-1449,-3920,-104 g=0,3,-12
WFI t=43751 a=-1490,-3915,-102 g=2,16,-21
WFI t=43801 a=-1468,-3926,-111 g=-3,8,-7
WFR t=43815 src=bms type=0x02 len=129 data=d2037c0eec0eec0eed0eec0eed0eec0eed0eed0eeb0eec0eed0eed0ef10ef10ef10eef0ef10ef10ef20ef20ef10ef20ef30ef30ef10ef20ef20ef20000000000000000003d0000000000000000000000000000042e752f02ae0ef30eeb003d003d00000157001c0001001d0000000100010eef0008000a00000000000000001d2c
WFI t=43851 a=-1477,-3916,-97 g=-6,-3,-6
WFI t=43901 a=-1476,-3916,-103 g=-2,-5,6
WFI t=43951 a=-1472,-3911,-105 g=-6,-14,-4
WFI t=44001 a=-1471,-3927,-81 g=-3,-15,3
WFI t=44051 a=-1451,-3916,-112 g=-1,5,-14
WFI t=44194 a=-1486,-3924,-102 g=-2,22,-18
WFI t=44303 a=-1480,-3913,-84 g=-6,-31,7
WFI t=44305 a=-1439,-3909,-114 g=3,13,-7
WFI t=44308 a=-1439,-3909,-114 g=3,13,-7
WFI t=44310 a=-1457,-3919,-111 g=-1,18,-8
WFI t=44417 a=-1482,-3924,-98 g=-1,42,-33
WFI t=44432 a=-1488,-3908,-110 g=-8,-5,-5
WFI t=44451 a=-1487,-3929,-93 g=-7,-41,18
WFI t=44501 a=-1448,-3931,-115 g=-6,-31,13
WFI t=44551 a=-1465,-3919,-104 g=0,20,-17
WFI t=44601 a=-1485,-3921,-109 g=2,14,-17
WFI t=44651 a=-1469,-3918,-106 g=-3,2,-4
WFI t=44701 a=-1492,-3916,-98 g=-10,-19,-7
WFI t=44751 a=-1477,-3912,-100 g=-2,-17,12
WFI t=44801 a=-1453,-3913,-102 g=0,0,-5
WFI t=44851 a=-1471,-3921,-113 g=2,29,-20
WFR t=44865 src=bms type=0x02 len=129 data=d2037c0eec0eec0eed0eed0eed0eec0eed0eed0eeb0eec0eed0eed0ef00ef00ef10eef0ef10ef10ef20ef20ef10ef20ef20ef20ef10ef20ef20ef20000000000000000003d0000000000000000000000000000042e752f02ae0ef20eeb003d003d00000157001c0001001d0000000100010eef0007000a0000000000000000920a
WFI t=44901 a=-1504,-3906,-113 g=-2,-11,-1
WFI t=44951 a=-1468,-3920,-119 g=-6,-26,12
WFI t=45001 a=-1464,-3928,-98 g=-3,16,-11
WFI t=45051 a=-1491,-3913,-108 g=-3,7,-14
WFI t=45101 a=-1480,-3928,-109 g=-3,-20,15
WFI t=45151 a=-1448,-3919,-104 g=-4,0,-14
WFI t=45201 a=-1491,-3915,-101 g=-5,17,-16
WFI t=45251 a=-1484,-3919,-104 g=2,-11,1
WFI t=45301 a=-1485,-3921,-100 g=-6,-22,9
WFI t=45351 a=-1463,-3923,-113 g=-4,-2,-3
WFI t=45401 a=-1469,-3915,-109 g=-3,1,-15
WFI t=45451 a=-1467,-3916,-104 g=-1,17,-11
WFI t=45501 a=-1473,-3923,-104 g=-3,9,-14
WFI t=45551 a=-1492,-3908,-106 g=-6,-29,13
WFI t=45601 a=-1454,-3915,-99 g=-5,-32,16
WFI t=45651 a=-1460,-3920,-116 g=1,12,-17
WFT t=45662 batt_mv=4196 rssi_mcu=0 rssi_bms=-77 mcu=0 bms=33 dropped=0
WFI t=45701 a=-1486,-3922,-109 g=-2,22,-14
WFI t=45751 a=-1471,-3918,-116 g=-3,6,-12
WFI t=45801 a=-1476,-3918,-91 g=-5,-10,3
WFI t=45851 a=-1474,-3925,-110 g=-4,-21,5
WFR t=45855 src=bms type=0x02 len=129 data=d2037c0eed0eec0eed0eec0eec0eec0eed0eed0eec0eec0eed0eee0ef10ef10ef10eef0ef10ef10ef20ef10ef10ef20ef20ef20ef10ef20ef10ef10000000000000000003d0000000000000000000000000000042e752e02ae0ef20eec003d003d00000157001c0001001d0000000100010eef0006001500000000000000002ed3
WFI t=45901 a=-1472,-3927,-92 g=-3,1,1
WFI t=45951 a=-1468,-3913,-105 g=-1,22,-18
WFI t=46001 a=-1498,-3917,-103 g=-2,12,-16
WFI t=46051 a=-1483,-3917,-126 g=-2,-25,5
WFI t=46140 a=-1455,-3919,-105 g=0,3,-4
WFI t=46224 a=-1458,-3916,-103 g=0,12,-4
WFI t=46226 a=-1457,-3916,-113 g=5,16,-10
WFI t=46251 a=-1472,-3914,-109 g=1,9,-25
WFI t=46301 a=-1507,-3922,-101 g=1,3,0
WFI t=46351 a=-1469,-3917,-111 g=2,-15,2
WFI t=46401 a=-1483,-3915,-93 g=-3,-15,0
WFI t=46451 a=-1444,-3924,-119 g=-1,0,0
WFI t=46501 a=-1470,-3913,-113 g=-6,7,-22
WFI t=46551 a=-1484,-3910,-111 g=4,10,-5
WFI t=46601 a=-1482,-3917,-96 g=0,-1,-6
WFI t=46651 a=-1475,-3916,-106 g=-3,-17,0
WFI t=46701 a=-1468,-3928,-105 g=-7,-12,8
WFI t=46751 a=-1473,-3916,-112 g=-9,-2,-17
WFI t=46801 a=-1487,-3911,-107 g=3,8,-4
WFI t=46851 a=-1472,-3908,-97 g=2,-1,-9
WFR t=46875 src=bms type=0x02 len=129 data=d2037c0eed0eec0eec0eed0eed0eec0eed0eed0eec0eec0eed0eee0ef10ef10ef10ef00ef10ef10ef20ef10ef10ef20ef20ef20ef00ef20ef20ef20000000000000000003d0000000000000000000000000000042e752f02ae0ef20eec003d003d00000157001c0001001d0000000100010eef0006000a0000000000000000ea19
WFI t=46901 a=-1477,-3913,-106 g=-4,5,-8
WFI t=46951 a=-1489,-3915,-111 g=-8,-13,6
WFI t=47001 a=-1469,-3921,-106 g=-9,-15,0
WFI t=47051 a=-1479,-3909,-100 g=-4,4,-7
WFI t=47101 a=-1467,-3926,-99 g=2,11,-14
WFI t=47151 a=-1485,-3925,-103 g=1,6,-7
WFI t=47201 a=-1471,-3922,-112 g=0,-10,0
WFI t=47251 a=-1476,-3932,-112 g=-4,-8,-1
WFI t=47301 a=-1481,-3912,-106 g=-7,-17,1
WFI t=47351 a=-1452,-3924,-108 g=-1,15,-8
WFI t=47401 a=-1482,-3929,-95 g=-11,8,-18
WFI t=47451 a=-1482,-3905,-100 g=1,2,1
WFI t=47501 a=-1473,-3918,-96 g=-8,-21,-3
WFI t=47551 a=-1470,-3916,-111 g=-1,0,2
WFI t=47601 a=-1486,-3915,-104 g=1,-2,-13
WFI t=47651 a=-1487,-3918,-93 g=-2,4,-6
WFI t=47701 a=-1483,-3924,-93 g=-1,-17,1
WFI t=47751 a=-1450,-3917,-109 g=-6,4,-4
WFI t=47801 a=-1492,-3933,-91 g=-4,10,-15
WFI t=47851 a=-1483,-3935,-105 g=0,-3,3
WFR t=47865 src=bms type=0x02 len=129 data=d2037c0eed0eec0eed0eec0eed0eec0eed0eed0eeb0eec0eed0eee0ef10ef00ef10ef00ef10ef10ef20ef20ef10ef20ef30ef20ef00ef20ef20ef20000000000000000003d0000000000000000000000000000042e752f02ae0ef30eeb003d003d00000157001c0001001d0000000100010eef0008000a000000000000000090c3
WFI t=47901 a=-1465,-3923,-90 g=-3,-19,-1
WFI t=47951 a=-1466,-3923,-123 g=0,-2,-2
WFI t=48001 a=-1475,-3933,-109 g=2,26,-18
WFI t=48051 a=-1511,-3918,-114 g=-3,-1,-9
WFI t=48101 a=-1467,-3912,-108 g=-6,-25,16
WFI t=48237 a=-1469,-3912,-108 g=-1,17,-6
WFI t=48239 a=-1463,-3916,-106 g=-7,10,-13
WFI t=48251 a=-1476,-3920,-112 g=-2,12,-17
WFI t=48301 a=-1482,-3921,-97 g=-5,13,-11
WFI t=48351 a=-1471,-3913,-98 g=0,-11,1
WFI t=48401 a=-1480,-3921,-111 g=-2,-19,5
WFI t=48451 a=-1445,-3925,-104 g=-7,-6,1
WFI t=48501 a=-1468,-3919,-98 g=1,20,-15
WFI t=48551 a=-1491,-3932,-106 g=1,3,-13
WFI t=48601 a=-1477,-3909,-111 g=2,-8,2
WFI t=48651 a=-1469,-3912,-118 g=-7,-12,-7
WFI t=48701 a=-1482,-3918,-112 g=-1,-4,4
WFI t=48751 a=-1454,-3919,-105 g=-5,-3,-1
WFI t=48801 a=-1472,-3922,-96 g=-2,8,-13
WFI t=48851 a=-1484,-3921,-107 g=2,4,-11
WFR t=48870 src=bms type=0x02 len=129 data=d2037c0eed0eec0eed0eec0eed0eec0eed0eed0eeb0eec0eed0eed0ef10ef00ef10eef0ef10ef10ef20ef10ef10ef20ef30ef20ef10ef20ef20ef20000000000000000003d0000000000000000000000000000042e752f02ae0ef30eeb003d003d00000157001c0001001d0000000100010eef0008000a0000000000000000acf5
WFI t=48901 a=-1472,-3919,-93 g=0,-6,1
WFI t=48951 a=-1487,-3911,-110 g=-5,2,-5
WFI t=49001 a=-1492,-3918,-102 g=1,-5,0
WFI t=49051 a=-1470,-3928,-106 g=-2,-22,3
WFI t=49101 a=-1463,-3925,-101 g=-3,6,-3
WFI t=49151 a=-1465,-3918,-112 g=-3,22,-26
WFI t=49201 a=-1503,-3910,-113 g=-1,6,-6
WFI t=49251 a=-1458,-3921,-103 g=1,-28,17
WFI t=49301 a=-1480,-3915,-93 g=-3,-15,0
WFI t=49351 a=-1461,-3921,-102 g=0,10,-4
WFI t=49401 a=-1463,-3921,-106 g=-1,27,-25
WFI t=49451 a=-1504,-3903,-98 g=-3,-1,-6
WFI t=49501 a=-1473,-3919,-112 g=-1,-27,13
WFI t=49551 a=-1480,-3921,-101 g=1,-19,3
WFI t=49601 a=-1464,-3918,-112 g=-1,13,-7
WFI t=49651 a=-1494,-3923,-106 g=0,13,-17
WFI t=49701 a=-1483,-3910,-105 g=-2,4,-7
WFI t=49751 a=-1491,-3915,-109 g=-6,-5,-7
WFI t=49801 a=-1486,-3922,-102 g=-3,-18,8
WFI t=49851 a=-1465,-3921,-114 g=0,-15,6
WFR t=49875 src=bms type=0x02 len=129 data=d2037c0eec0eec0eed0eed0eec0eec0eed0eed0eeb0eec0eed0eee0ef00ef10ef10ef00ef10ef10ef20ef20ef10ef20ef20ef20ef00ef20ef20ef20000000000000000003d0000000000000000000000000000042e752f02ae0ef30eec003d003d00000157001c0001001d0000000100010eef0007000a00000000000000002fb2
WFI t=49901 a=-1466,-3919,-102 g=0,28,-19
WFI t=49951 a=-1507,-3915,-98 g=-1,14,-23
WFI t=50001 a=-1485,-3919,-105 g=-3,-25,15
WFI t=50051 a=-1447,-3923,-110 g=2,-18,3
WFI t=50101 a=-1479,-3925,-115 g=-1,15,-11
WFI t=50240 a=-1464,-3912,-106 g=-2,8,-7
WFI t=50256 a=-1468,-3923,-99 g=2,4,1
WFI t=50258 a=-1447,-3922,-101 g=-1,18,-6
WFI t=50301 a=-1482,-3926,-118 g=-10,2,-23
WFI t=50351 a=-1488,-3916,-101 g=4,-6,13
WFI t=50401 a=-1478,-3917,-122 g=-7,-33,1
WFI t=50451 a=-1466,-3921,-107 g=1,5,-2
WFI t=50501 a=-1475,-3912,-100 g=-3,21,-23
WFI t=50551 a=-1492,-3932,-104 g=2,20,-13
WFI t=50601 a=-1498,-3909,-97 g=-1,-29,12
WFI t=50651 a=-1464,-3922,-112 g=-9,-37,16
WFT t=50688 batt_mv=4198 rssi_mcu=0 rssi_bms=-83 mcu=0 bms=38 dropped=0
WFI t=50701 a=-1460,-3920,-108 g=0,21,-16
WFI t=50751 a=-1479,-3921,-110 g=-2,51,-43
WFI t=50801 a=-1519,-3924,-97 g=-2,-12,-1
WFI t=50851 a=-1472,-3932,-107 g=-7,-68,36
WFR t=50895 src=bms type=0x02 len=129 data=d2037c0eed0eec0eed0eec0eed0eec0eed0eed0eeb0eec0eed0eed0ef10ef00ef10eef0ef10ef10ef20ef10ef10ef20ef20ef20ef10ef20ef20ef20000000000000000003d0000000000000000000000000000042e752f02ae0ef20eeb003d003d00000157001c0001001d0000000100010eef0007000a000000000000000071d1
WFI t=50901 a=-1445,-3927,-98 g=-2,-24,13
WFI t=50965 a=-1470,-3928,-104 g=4,46,-36
WFI t=51001 a=-1494,-3910,-113 g=0,41,-32
WFI t=51051 a=-1495,-3922,-113 g=-6,-3,-6
WFI t=51101 a=-1492,-3917,-104 g=-7,-22,7
WFI t=51151 a=-1463,-3928,-106 g=-3,-32,14
WFI t=51201 a=-1441,-3916,-100 g=3,-2,3
WFI t=51251 a=-1463,-3928,-116 g=-3,21,-30
WFI t=51301 a=-1499,-3931,-103 g=5,21,-11
WFI t=51351 a=-1483,-3921,-117 g=-9,-11,-7
WFI t=51401 a=-1479,-3928,-94 g=-1,-9,10
WFI t=51451 a=-1468,-3937,-106 g=-1,-24,2
WFI t=51501 a=-1468,-3920,-102 g=3,-6,6
WFI t=51551 a=-1463,-3927,-114 g=-1,12,-19
WFI t=51601 a=-1500,-3926,-87 g=4,27,-20
WFI t=51651 a=-1497,-3922,-109 g=-7,-26,5
WFI t=51701 a=-1466,-3914,-118 g=0,-23,12
WFI t=51751 a=-1472,-3921,-99 g=-1,-11,-7
WFI t=51801 a=-1474,-3915,-106 g=4,12,-2
WFI t=51851 a=-1470,-3921,-107 g=-6,14,-22
WFR t=51885 src=bms type=0x02 len=129 data=d2037c0eec0eec0eed0eec0eed0eec0eed0eed0eeb0eec0eed0eed0ef10ef00ef10eef0ef10ef10ef20ef20ef20ef20ef30ef20ef10ef20ef20ef20000000000000000003d0000000000000000000000000000042e752f02ae0ef30eeb003d003d00000157001c0001001d0000000100010eef0008000a00000000000000001262
WFI t=51901 a=-1483,-3907,-104 g=3,23,-12
WFI t=51951 a=-1484,-3913,-115 g=-2,-23,3
WFI t=52001 a=-1484,-3920,-102 g=-1,-26,15
WFI t=52051 a=-1464,-3918,-106 g=-5,-1,-7
WFI t=52101 a=-1487,-3925,-109 g=4,19,-15
WFI t=52229 a=-1471,-3913,-109 g=0,8,-11
WFI t=52301 a=-1469,-3921,-119 g=-4,-12,5
WFI t=52382 a=-1462,-3920,-97 g=-2,-4,4
WFI t=52399 a=-1487,-3917,-96 g=-2,20,-18
WFI t=52402 a=-1481,-3916,-103 g=-1,17,-17
WFI t=52403 a=-1481,-3916,-103 g=-1,17,-17
WFI t=52451 a=-1461,-3919,-99 g=-1,2,-6
WFI t=52501 a=-1492,-3925,-94 g=-2,-11,-3
WFI t=52551 a=-1473,-3922,-115 g=-6,-22,8
WFI t=52601 a=-1465,-3922,-98 g=-5,-7,-1
WFI t=52651 a=-1458,-3921,-102 g=2,10,-13
WFI t=52701 a=-1474,-3922,-115 g=1,17,-14
WFI t=52751 a=-1479,-3927,-103 g=-6,-4,-4
WFI t=52801 a=-1469,-3926,-105 g=-4,-6,-1
WFI t=52851 a=-1467,-3909,-107 g=-1,-4,-7
WFI t=52901 a=-1478,-3910,-111 g=-3,-4,-3
WFR t=52905 src=bms type=0x02 len=129 data=d2037c0eed0eec0eed0eec0eed0eec0eed0eed0eeb0eec0eed0eed0ef00ef10ef10eef0ef10ef10ef20ef20ef20ef20ef20ef20ef10ef20ef20ef20000000000000000003d0000000000000000000000000000042e752f02ae0ef20eec003d003d00000157001c0001001d0000000100010eef0006000a00000000000000008c46
WFI t=52951 a=-1465,-3911,-108 g=2,9,-9
WFI t=53001 a=-1489,-3916,-104 g=1,2,-6
WFI t=53051 a=-1476,-3921,-104 g=-2,-3,3
WFI t=53101 a=-1481,-3937,-96 g=-5,-8,-1
WFI t=53151 a=-1474,-3920,-116 g=-1,-2,-9
WFI t=53201 a=-1493,-3911,-113 g=-1,0,-9
WFI t=53251 a=-1480,-3896,-119 g=-3,-14,3
WFI t=53301 a=-1488,-3902,-107 g=-7,-11,-1
WFI t=53351 a=-1471,-3922,-97 g=-2,-6,1
WFI t=53401 a=-1467,-3939,-115 g=1,17,-18
WFI t=53451 a=-1496,-3915,-100 g=0,6,-22
WFI t=53501 a=-1481,-3926,-117 g=2,-5,8
WFI t=53551 a=-1467,-3915,-88 g=-3,-24,-7
WFI t=53601 a=-1483,-3930,-113 g=2,7,7
WFI t=53651 a=-1488,-3915,-107 g=-9,0,-9
WFI t=53701 a=-1473,-3917,-94 g=-1,-7,-1
WFI t=53751 a=-1454,-3917,-96 g=-4,1,-16
WFI t=53801 a=-1484,-3919,-116 g=0,6,-15
WFI t=53851 a=-1487,-3917,-113 g=-4,-21,14
WFR t=53895 src=bms type=0x02 len=129 data=d2037c0eed0eec0eed0eec0eed0eec0eed0eed0eeb0eec0eed0eee0ef10ef10ef10ef00ef10ef10ef20ef20ef10ef20ef20ef20ef10ef20ef20ef20000000000000000003d0000000000000000000000000000042e752f02ae0ef20eeb003d003d00000157001c0001001d0000000100010eef0007000a0000000000000000aa36
WFI t=53901 a=-1452,-3916,-105 g=4,-10,11
WFI t=53951 a=-1474,-3924,-82 g=-1,8,-12
WFI t=54001 a=-1465,-3931,-100 g=0,22,-17
WFI t=54051 a=-1499,-3930,-106 g=4,18,-18
WFI t=54101 a=-1473,-3915,-123 g=-3,1,7
WFI t=54185 a=-1488,-3917,-78 g=-7,-34,7
WFI t=54266 a=-1460,-3918,-115 g=-5,17,-23
WFI t=54268 a=-1474,-3910,-105 g=-6,22,-28
WFI t=54301 a=-1504,-3912,-106 g=4,27,-23
WFI t=54351 a=-1504,-3924,-98 g=1,-23,4
WFI t=54401 a=-1468,-3913,-99 g=-5,-25,11
WFI t=54451 a=-1466,-3912,-102 g=-6,1,-10
WFI t=54501 a=-1478,-3914,-114 g=-1,10,-12
WFI t=54551 a=-1471,-3899,-103 g=-3,5,-5
WFI t=54601 a=-1483,-3913,-104 g=-2,-5,-9
WFI t=54651 a=-1484,-3915,-99 g=-2,-8,4
WFI t=54701 a=-1468,-3920,-123 g=-6,-18,-3
WFI t=54751 a=-1463,-3918,-101 g=9,28,-9
WFI t=54801 a=-1495,-3921,-101 g=-6,-4,-17
WFI t=54851 a=-1485,-3926,-106 g=0,-11,19
WFI t=54901 a=-1457,-3906,-124 g=-6,-3,-12
WFR t=54916 src=bms type=0x02 len=129 data=d2037c0eec0eec0eed0eec0eec0eec0eed0eed0eeb0eec0eed0eed0ef10ef00ef10eef0ef10ef10ef20ef10ef10ef20ef20ef20ef10ef20ef20ef20000000000000000003d0000000000000000000000000000042e752f02ae0ef20eeb003d003d00000157001c0001001d0000000100010eef0007000a0000000000000000df57
WFI t=54951 a=-1498,-3915,-106 g=8,33,-16
WFI t=55001 a=-1485,-3922,-105 g=-2,-15,-1
WFI t=55051 a=-1462,-3928,-103 g=1,-7,-3
WFI t=55101 a=-1486,-3917,-106 g=-9,-27,-4
WFI t=55151 a=-1465,-3924,-109 g=2,-17,12
WFI t=55201 a=-1444,-3916,-86 g=-10,-1,-14
WFI t=55251 a=-1483,-3929,-99 g=-2,29,-16
WFI t=55301 a=-1480,-3909,-99 g=-6,5,-13
WFI t=55351 a=-1476,-3915,-111 g=1,-20,17
WFI t=55401 a=-1449,-3921,-109 g=-1,-7,2
WFI t=55451 a=-1477,-3930,-97 g=1,9,-11
WFI t=55501 a=-1465,-3921,-128 g=-2,13,-9
WFI t=55551 a=-1486,-3912,-107 g=-6,6,-21
WFI t=55601 a=-1495,-3917,-107 g=-3,-11,0
WFI t=55651 a=-1475,-3907,-99 g=-8,-30,10
WFI t=55701 a=-1478,-3919,-100 g=-5,-17,7
WFT t=55718 batt_mv=4178 rssi_mcu=0 rssi_bms=-86 mcu=0 bms=43 dropped=0
WFI t=55751 a=-1471,-3927,-103 g=-2,9,-8
WFI t=55801 a=-1475,-3920,-114 g=6,30,-21
WFI t=55851 a=-1503,-3922,-102 g=-6,3,-7
WFI t=55901 a=-1466,-3922,-117 g=4,-6,9
WFR t=55906 src=bms type=0x02 len=129 data=d2037c0eed0eec0eed0eec0eed0eec0eed0eed0eeb0eec0eed0eed0ef00ef00ef10eef0ef10ef10ef20ef10ef10ef20ef20ef20ef00ef20ef20ef20000000000000000003d0000000000000000000000000000042e752f02ae0ef20eeb003d003d00000157001c0001001d0000000100010eef0007000a000000000000000047c0
WFI t=55951 a=-1482,-3922,-107 g=-2,-19,1
WFI t=56001 a=-1469,-3919,-117 g=-1,-3,11
WFI t=56051 a=-1461,-3914,-117 g=-3,8,-22
WFI t=56101 a=-1482,-3911,-111 g=2,22,-19
WFI t=56196 a=-1483,-3918,-97 g=-6,-18,-3
WFI t=56274 a=-1464,-3922,-98 g=-5,-26,-1
WFI t=56276 a=-1493,-3932,-107 g=-3,-27,0
WFI t=56301 a=-1485,-3917,-92 g=-2,-26,5
WFI t=56351 a=-1455,-3917,-107 g=-5,-11,-2
WFI t=56401 a=-1461,-3920,-113 g=-1,24,-23
WFI t=56451 a=-1477,-3918,-110 g=-1,31,-17
WFI t=56501 a=-1469,-3912,-115 g=2,25,-6
WFI t=56551 a=-1492,-3912,-115 g=1,1,-9
WFI t=56601 a=-1514,-3919,-108 g=-3,-57,29
WFI t=56651 a=-1457,-3913,-109 g=2,-54,44
WFI t=56701 a=-1446,-3912,-124 g=1,11,-7
WFI t=56751 a=-1481,-3942,-103 g=2,74,-44
WFI t=56801 a=-1496,-3927,-96 g=-1,46,-37
WFI t=56851 a=-1492,-3933,-118 g=2,-12,-6
WFI t=56901 a=-1479,-3910,-128 g=-3,-50,14
WFR t=56926 src=bms type=0x02 len=129 data=d2037c0eed0eec0eed0eed0eed0eec0eed0eed0eeb0eec0eed0eee0ef00ef00ef10eef0ef10ef10ef20ef10ef10ef20ef20ef20ef00ef20ef20ef20000000000000000003d0000000000000000000000000000042e752f02ae0ef20eeb003d003d00000157001c0001001d0000000100010eef0007000a00000000000000003df5
WFI t=56951 a=-1482,-3910,-94 g=-1,-60,22
WFI t=57001 a=-1426,-3919,-95 g=-1,-15,20
WFI t=57051 a=-1417,-3903,-91 g=-3,48,-57
WFI t=57101 a=-1552,-3900,-130 g=-3,41,-39
WFI t=57151 a=-1478,-3904,-127 g=-1,-27,34
WFI t=57201 a=-1461,-3918,-106 g=-6,-40,6
WFI t=57251 a=-1486,-3927,-99 g=6,8,7
WFI t=57301 a=-1463,-3908,-111 g=-4,8,-12
WFI t=57351 a=-1470,-3931,-108 g=8,21,-16
WFI t=57401 a=-1465,-3913,-97 g=4,19,-17
WFI t=57451 a=-1503,-3918,-109 g=-6,-26,0
WFI t=57501 a=-1443,-3925,-108 g=-7,-18,22
WFI t=57551 a=-1464,-3926,-115 g=-2,16,-33
WFI t=57601 a=-1507,-3921,-93 g=-3,-6,-3
WFI t=57651 a=-1432,-3906,-102 g=0,-7,-1
WFI t=57701 a=-1497,-3929,-97 g=-4,7,-21
WFI t=57751 a=-1474,-3913,-109 g=2,13,1
WFI t=57801 a=-1486,-3916,-103 g=-8,-7,-13
WFI t=57851 a=-1480,-3916,-97 g=-6,-19,10
WFI t=57901 a=-1455,-3922,-117 g=-1,-23,10
WFR t=57916 src=bms type=0x02 len=129 data=d2037c0eec0eec0eed0eec0eed0eec0eed0eed0eec0eec0eed0eee0ef00ef00ef10eef0ef10ef10ef20ef10ef10ef20ef20ef20ef00ef20ef20ef20000000000000000003d0000000000000000000000000000042e752f02ae0ef20eec003d003d00000157001c0001001d0000000100010eef0006000a00000000000000007a52
WFI t=57951 a=-1461,-3925,-116 g=-4,9,-3
WFI t=58001 a=-1464,-3914,-111 g=-1,39,-17
WFI t=58051 a=-1509,-3923,-103 g=-6,-1,-10
WFI t=58101 a=-1467,-3905,-97 g=3,-18,18
WFI t=58151 a=-1452,-3920,-111 g=-3,10,-25
WFI t=58202 a=-1491,-3915,-115 g=1,34,-17
WFI t=58283 a=-1495,-3915,-114 g=-10,-35,-2
WFI t=58370 a=-1466,-3909,-111 g=-4,-43,26
WFI t=58372 a=-1464,-3916,-107 g=-4,-30,18
WFI t=58401 a=-1452,-3933,-107 g=3,5,-4
WFI t=58451 a=-1439,-3935,-97 g=5,90,-47
WFI t=58501 a=-1516,-3910,-105 g=-2,58,-56
WFI t=58551 a=-1547,-3912,-112 g=-11,-86,41
WFI t=58601 a=-1410,-3913,-147 g=-4,-82,58
WFI t=58651 a=-1435,-3915,-108 g=-9,-5,-32
WFI t=58701 a=-1472,-3924,-99 g=9,98,-46
WFI t=58751 a=-1487,-3925,-106 g=-7,52,-61
WFI t=58801 a=-1544,-3921,-113 g=-9,-54,9
WFI t=58851 a=-1456,-3905,-133 g=-10,-104,60
WFI t=58901 a=-1451,-3916,-105 g=-6,-53,16
WFI t=58951 a=-1429,-3919,-71 g=-4,33,-5
WFR t=58981 src=bms type=0x02 len=129 data=d2037c0eec0eec0eed0eec0eed0eec0eed0eed0eeb0eec0eed0eed0ef00ef00ef10eef0ef10ef10ef20ef20ef10ef20ef20ef20ef00ef20ef20ef20000000000000000003d0000000000000000000000000000042e752f02ae0ef30eeb003d003d00000157001c0001001d0000000100010eef0008000a000000000000000080f1
WFI t=59001 a=-1463,-3915,-123 g=4,71,-75
WFI t=59052 a=-1556,-3908,-109 g=-3,1,-7
WFI t=59101 a=-1440,-3901,-137 g=0,-29,32
WFI t=59151 a=-1499,-3922,-99 g=-11,-36,7
WFI t=59201 a=-1446,-3917,-119 g=-5,-5,24
WFI t=59251 a=-1443,-3940,-107 g=0,23,-36
WFI t=59301 a=-1493,-3923,-101 g=0,41,-38
WFI t=59351 a=-1490,-3907,-108 g=1,-2,-1
WFI t=59422 a=-1501,-3904,-117 g=-3,-63,18
WFI t=59451 a=-1476,-3918,-120 g=-12,-52,39
WFI t=59501 a=-1436,-3908,-130 g=2,-2,-7
WFI t=59551 a=-1479,-3942,-78 g=5,41,-30
WFI t=59601 a=-1451,-3945,-93 g=5,48,-30
WFI t=59651 a=-1524,-3922,-103 g=-5,2,-17
WFI t=59701 a=-1480,-3915,-124 g=-7,-52,31
WFI t=59751 a=-1454,-3917,-115 g=-3,-51,22
WFI t=59801 a=-1442,-3929,-99 g=-1,3,-7
WFI t=59851 a=-1450,-3923,-109 g=3,50,-31
WFI t=59901 a=-1490,-3917,-124 g=-1,45,-43
WFI t=59951 a=-1501,-3905,-110 g=-3,-11,11
WFR t=59986 src=bms type=0x02 len=129 data=d2037c0eed0eec0eed0eec0eed0eec0eed0eed0eec0eec0eed0eee0ef00ef00ef10ef00ef10ef10ef20ef10ef10ef20ef20ef20ef00ef20ef20ef20000000000000000003d0000000000000000000000000000042e752f02ae0ef20eec003d003d00000157001c0001001d0000000100010eef0006000a0000000000000000e99b
WFI t=60001 a=-1458,-3934,-99 g=-5,-61,23
WFI t=60051 a=-1463,-3940,-98 g=-3,-27,15
WFI t=60101 a=-1444,-3921,-106 g=-1,23,-22
WFI t=60151 a=-1479,-3912,-119 g=1,42,-32
WFI t=60355 a=-1488,-3910,-102 g=-4,-36,15
WFI t=60441 a=-1491,-3922,-91 g=-2,26,-24
WFI t=60443 a=-1493,-3921,-95 g=1,14,-16
WFI t=60445 a=-1493,-3921,-95 g=1,14,-16
WFI t=60447 a=-1493,-3921,-95 g=1,14,-16
WFI t=60451 a=-1492,-3918,-101 g=1,11,-12
WFI t=60501 a=-1474,-3919,-110 g=-1,-21,3
WFI t=60551 a=-1483,-3906,-117 g=-5,-30,9
WFI t=60601 a=-1458,-3927,-116 g=-3,-15,10
WFI t=60651 a=-1450,-3918,-106 g=-4,19,-15
WFI t=60701 a=-1491,-3923,-115 g=3,27,-24
WFI t=60751 a=-1490,-3906,-121 g=-4,1,-8
WFI t=60801 a=-1488,-3913,-114 g=-3,-17,6
WFT t=60846 batt_mv=4180 rssi_mcu=0 rssi_bms=-75 mcu=0 bms=48 dropped=0
WFI t=60851 a=-1461,-3920,-103 g=-4,-12,5
WFI t=60901 a=-1470,-3925,-93 g=-5,-14,1
WFI t=60951 a=-1461,-3903,-114 g=1,5,-5
WFI t=61001 a=-1480,-3924,-124 g=-2,13,-21
WFR t=61036 src=bms type=0x02 len=129 data=d2037c0eed0eec0eed0eec0eed0eec0eed0eed0eec0eec0eed0eee0ef00ef00ef10eef0ef10ef10ef20ef10ef10ef20ef20ef20ef00ef20ef20ef10000000000000000003d0000000000000000000000000000042e752e02ae0ef20eec003d003d00000157001c0001001d0000000100010eef000600150000000000000000b410
WFI t=61051 a=-1478,-3910,-121 g=7,11,-4
WFI t=61101 a=-1483,-3918,-111 g=-6,-19,2
WFI t=61151 a=-1454,-3920,-109 g=0,-15,11
WFI t=61201 a=-1465,-3924,-109 g=-5,-1,-14
WFI t=61251 a=-1495,-3914,-105 g=4,14,-12
WFI t=61301 a=-1472,-3931,-112 g=-5,-6,-6
WFI t=61351 a=-1468,-3916,-120 g=0,1,-3
WFI t=61401 a=-1477,-3911,-102 g=-7,-7,-2
WFI t=61451 a=-1462,-3920,-121 g=0,5,-6
WFI t=61501 a=-1472,-3924,-87 g=-3,-11,-2
WFI t=61551 a=-1447,-3924,-126 g=1,-7,-1
WFI t=61601 a=-1491,-3915,-110 g=-5,-1,-5
WFI t=61651 a=-1472,-3912,-121 g=-1,7,-4
WFI t=61701 a=-1482,-3921,-114 g=-5,2,-9
WFI t=61751 a=-1474,-3910,-103 g=0,-10,4
WFI t=61801 a=-1464,-3914,-102 g=-6,0,-8
WFI t=61851 a=-1495,-3917,-105 g=-1,2,-10
WFI t=61901 a=-1469,-3918,-112 g=2,6,-6
WFI t=61951 a=-1485,-3931,-105 g=-8,-2,-10
WFI t=62001 a=-1480,-3911,-119 g=-6,-8,2
WFI t=62051 a=-1471,-3912,-106 g=-1,-22,5
WFR t=62056 src=bms type=0x02 len=129 data=d2037c0eec0eec0eed0eed0eed0eec0eed0eed0eec0eec0eed0eee0ef10ef00ef10eef0ef10ef10ef20ef10ef10ef20ef20ef20ef00ef20ef10ef20000000000000000003d0000000000000000000000000000042e752f02ae0ef20eec003d003d00000157001c0001001d0000000100010eef0006000a00000000000000003e79
WFI t=62101 a=-1461,-3922,-118 g=1,1,-1
WFI t=62151 a=-1473,-3936,-105 g=-2,21,-21
WFI t=62289 a=-1485,-3906,-109 g=-2,2,-3
WFI t=62305 a=-1478,-3919,-111 g=-2,-16,8
WFI t=62308 a=-1478,-3919,-111 g=-2,-16,8
WFI t=62351 a=-1463,-3923,-105 g=-1,7,-7
WFI t=62401 a=-1493,-3924,-110 g=-3,13,-14
WFI t=62451 a=-1473,-3918,-119 g=1,0,-3
WFI t=62501 a=-1475,-3921,-104 g=0,-6,-4
WFI t=62551 a=-1470,-3932,-119 g=-4,-2,-1
WFI t=62601 a=-1486,-3919,-91 g=-4,-11,0
WFI t=62651 a=-1469,-3925,-127 g=0,-9,-3
WFI t=62701 a=-1468,-3921,-103 g=-2,9,-11
WFI t=62751 a=-1478,-3909,-118 g=1,11,-16
WFI t=62801 a=-1483,-3909,-108 g=2,-5,0
WFI t=62851 a=-1463,-3921,-113 g=-2,-20,6
WFI t=62901 a=-1485,-3927,-114 g=-2,-13,1
WFI t=62951 a=-1475,-3917,-110 g=-7,0,-4
WFI t=63001 a=-1465,-3920,-110 g=0,24,-18
WFI t=63051 a=-1493,-3927,-97 g=2,17,-16
WFI t=63101 a=-1490,-3915,-104 g=2,-22,6
WFR t=63106 src=bms type=0x02 len=129 data=d2037c0eed0eec0eed0eec0eed0eec0eed0eed0eec0eec0eed0eee0ef00ef00ef10ef00ef10ef10ef20ef20ef20ef20ef20ef20ef10ef20ef20ef20000000000000000003d0000000000000000000000000000042e752f02ae0ef20eec003d003d00000157001c0001001d0000000100010eef0006000a0000000000000000fecc
WFI t=63151 a=-1457,-3933,-111 g=-5,-17,8
WFI t=63201 a=-1468,-3920,-107 g=-5,2,-11
WFI t=63251 a=-1479,-3923,-103 g=3,10,-8
WFI t=63301 a=-1482,-3921,-113 g=-3,-2,-8
WFI t=63351 a=-1478,-3920,-113 g=-4,-2,-2
WFI t=63401 a=-1470,-3921,-117 g=-6,-8,-4
WFI t=63451 a=-1474,-3918,-116 g=-2,5,-1
WFI t=63501 a=-1472,-3917,-103 g=-2,-3,-6
WFI t=63551 a=-1474,-3935,-111 g=2,5,-6
WFI t=63601 a=-1473,-3931,-112 g=-2,1,-7
WFI t=63651 a=-1480,-3922,-109 g=-5,2,-6
WFI t=63701 a=-1474,-3928,-108 g=-1,-15,3
WFI t=63751 a=-1466,-3915,-113 g=-6,-17,0
WFI t=63801 a=-1460,-3906,-115 g=3,11,-8
WFI t=63851 a=-1488,-3930,-110 g=0,19,-20
WFI t=63901 a=-1495,-3920,-105 g=-1,-8,1
WFI t=63951 a=-1460,-3923,-111 g=-2,-20,8
WFI t=64001 a=-1474,-3913,-116 g=-1,-3,-6
WFI t=64051 a=-1482,-3915,-110 g=2,7,-2
WFR t=64096 src=bms type=0x02 len=129 data=d2037c0eec0eec0eed0eed0eed0eec0eed0eed0eec0eec0eed0eee0ef00ef10ef10eef0ef10ef10ef20ef10ef10ef20ef20ef20ef10ef20ef20ef20000000000000000003d0000000000000000000000000000042e752f02ae0ef20eec003d003d00000157001c0001001d0000000100010eef0006000a00000000000000005ec0
WFI t=64101 a=-1461,-3914,-114 g=4,14,-19
WFI t=64151 a=-1503,-3929,-101 g=-6,-15,-3
WFI t=64300 a=-1437,-3919,-119 g=1,6,-8
WFI t=64314 a=-1491,-3906,-108 g=3,-2,15
WFI t=64316 a=-1469,-3926,-111 g=1,-9,16
WFI t=64351 a=-1440,-3913,-103 g=-8,-17,-7
WFI t=64401 a=-1489,-3916,-102 g=0,5,-1
WFI t=64451 a=-1446,-3903,-121 g=-1,15,-11
WFI t=64501 a=-1515,-3917,-100 g=-4,-10,-10
WFI t=64551 a=-1467,-3933,-115 g=2,-5,11
WFI t=64601 a=-1471,-3913,-110 g=-5,3,-23
WFI t=64651 a=-1498,-3918,-108 g=-2,-1,4
WFI t=64701 a=-1464,-3919,-101 g=-5,-14,2
WFI t=64751 a=-1475,-3907,-103 g=-2,0,-4
WFI t=64801 a=-1475,-3931,-107 g=-2,8,-9
WFI t=64851 a=-1466,-3918,-115 g=2,11,-14
WFI t=64902 a=-1492,-3915,-107 g=-5,-12,-1
WFI t=64951 a=-1464,-3921,-105 g=-3,-9,5
WFI t=65001 a=-1464,-3927,-111 g=-6,-5,-10
WFI t=65051 a=-1464,-3914,-102 g=-2,-3,1
WFI t=65101 a=-1464,-3925,-114 g=-1,-5,-9
WFR t=65116 src=bms type=0x02 len=129 data=d2037c0eec0eec0eed0eec0eed0eec0eed0eed0eec0eec0eed0eee0ef00ef00ef10ef00ef10ef10ef20ef20ef10ef20ef30ef20ef10ef20ef20ef20000000000000000003d0000000000000000000000000000042e752f02ae0ef20eeb003d003d00000157001c0001001d0000000100010eef0007000a0000000000000000c88e
WFI t=65151 a=-1473,-3912,-122 g=4,13,-9
WFI t=65201 a=-1469,-3910,-105 g=2,6,-13
WFI t=65251 a=-1503,-3918,-105 g=0,-24,5
WFI t=65301 a=-1452,-3918,-108 g=-4,-17,12
WFI t=65351 a=-1474,-3931,-115 g=-1,12,-24
WFI t=65401 a=-1476,-3909,-91 g=4,10,-3
WFI t=65451 a=-1457,-3914,-114 g=2,-12,-3
WFI t=65501 a=-1489,-3923,-108 g=3,-4,0
WFI t=65551 a=-1468,-3918,-118 g=1,3,-4
WFI t=65601 a=-1494,-3928,-86 g=-5,-2,-9
WFI t=65651 a=-1469,-3919,-109 g=-4,-9,0
WFI t=65701 a=-1483,-3916,-109 g=0,-2,-10
WFI t=65751 a=-1483,-3919,-116 g=-2,-4,-5
WFI t=65801 a=-1464,-3928,-116 g=-4,-1,-2
WFI t=65851 a=-1462,-3925,-96 g=-3,3,-7
WFI t=65901 a=-1470,-3926,-113 g=-5,-2,-6
WFT t=65906 batt_mv=4176 rssi_mcu=0 rssi_bms=-76 mcu=0 bms=53 dropped=0
WFI t=65951 a=-1480,-3924,-106 g=-1,-5,0
WFI t=66001 a=-1456,-3927,-110 g=2,4,-9
WFI t=66051 a=-1478,-3902,-87 g=-1,8,-9
WFI t=66101 a=-1453,-3915,-101 g=-4,-9,-3
WFR t=66106 src=bms type=0x02 len=129 data=d2037c0eed0eec0eed0eed0eed0eec0eed0eed0eec0eec0eed0eed0ef00ef10ef10ef00ef10ef10ef20ef10ef10ef20ef30ef20ef00ef20ef10ef20000000000000000003d0000000000000000000000000000042e752f02ae0ef30eec003d003d00000157001c0001001d0000000100010eef0007000a00000000000000002cca
WFI t=66151 a=-1464,-3916,-104 g=-2,-5,-1
WFI t=66240 a=-1477,-3912,-103 g=-2,2,-12
WFI t=66328 a=-1466,-3926,-99 g=-7,-14,3
WFI t=66330 a=-1470,-3917,-106 g=-2,-12,1
WFI t=66351 a=-1457,-3928,-106 g=-2,-6,0
WFI t=66401 a=-1474,-3911,-118 g=-1,3,-7
WFI t=66451 a=-1469,-3925,-108 g=3,14,-10
WFI t=66501 a=-1491,-3915,-99 g=-5,-4,-9
WFI t=66551 a=-1456,-3913,-116 g=-6,-4,3
WFI t=66601 a=-1489,-3924,-113 g=-3,-9,-7
WFI t=66651 a=-1472,-3915,-108 g=3,-1,2
WFI t=66701 a=-1477,-3918,-94 g=-4,-7,-5
WFI t=66751 a=-1476,-3927,-107 g=1,14,-10
WFI t=66801 a=-1505,-3918,-118 g=-3,-7,-7
WFI t=66851 a=-1467,-3910,-120 g=1,-7,10
WFI t=66901 a=-1471,-3921,-105 g=-3,-7,-9
WFI t=66951 a=-1463,-3918,-113 g=3,19,-4
WFI t=67001 a=-1495,-3915,-116 g=-3,-6,-13
WFI t=67051 a=-1469,-3914,-120 g=-2,-1,3
WFI t=67101 a=-1472,-3926,-106 g=3,-9,-7
WFR t=67126 src=bms type=0x02 len=129 data=d2037c0eec0eec0eed0eec0eed0eec0eed0eed0eec0eec0eed0eee0ef00ef00ef10ef00ef10ef10ef20ef20ef10ef20ef30ef30ef00ef20ef20ef20000000000000000003d0000000000000000000000000000042e752e02ae0ef30eec003d003d00000157001c0001001d0000000100010eef00070015000000000000000020ee
WFI t=67151 a=-1480,-3917,-109 g=-6,-17,8
WFI t=67201 a=-1449,-3922,-109 g=1,11,-3
WFI t=67251 a=-1486,-3914,-123 g=-7,17,-29
WFI t=67301 a=-1493,-3913,-114 g=-2,-6,6
WFI t=67351 a=-1463,-3927,-112 g=-1,-19,-1
WFI t=67401 a=-1471,-3920,-101 g=2,4,-1
WFI t=67451 a=-1463,-3937,-102 g=2,4,-7
WFI t=67501 a=-1478,-3924,-108 g=-2,5,-12
WFI t=67553 a=-1482,-3931,-110 g=-5,-5,-1
WFI t=67601 a=-1459,-3919,-116 g=-5,-4,-8
WFI t=67651 a=-1489,-3921,-102 g=1,1,-5
WFI t=67701 a=-1462,-3914,-110 g=2,-6,0
WFI t=67751 a=-1469,-3929,-93 g=-2,-1,-2
WFI t=67801 a=-1463,-3928,-109 g=-4,2,-10
WFI t=67851 a=-1467,-3926,-110 g=-1,8,-8
WFI t=67901 a=-1463,-3913,-112 g=-1,4,-9
WFI t=67951 a=-1479,-3921,-121 g=0,3,-5
WFI t=68001 a=-1485,-3914,-109 g=-6,-17,3
WFI t=68051 a=-1469,-3907,-109 g=0,-3,-2
WFI t=68101 a=-1474,-3922,-109 g=-8,1,-9
WFI t=68151 a=-1476,-3921,-107 g=4,7,-7
WFI t=68201 a=-1478,-3919,-103 g=-3,-17,-1
WFI t=68370 a=-1488,-3918,-120 g=0,10,-7
WFI t=68373 a=-1471,-3922,-120 g=-1,4,-1
WFI t=68375 a=-1460,-3924,-105 g=-3,3,-2
WFI t=68403 a=-1463,-3919,-109 g=-3,-2,-8
WFI t=68563 a=-1482,-3915,-119 g=-5,-15,4
WFI t=68578 a=-1464,-3911,-113 g=-2,18,-19
WFI t=68580 a=-1483,-3916,-109 g=-1,18,-20
WFI t=68601 a=-1473,-3932,-116 g=-2,15,-16
WFI t=68651 a=-1487,-3912,-105 g=-6,-21,7
WFI t=68701 a=-1451,-3938,-109 g=-2,-19,8
WFI t=68751 a=-1465,-3918,-122 g=-6,10,-15
WFI t=68801 a=-1484,-3922,-118 g=-1,16,-11
WFI t=68851 a=-1478,-3914,-109 g=-1,-10,-6
WFI t=68901 a=-1469,-3922,-108 g=-3,-2,0
WFI t=68951 a=-1476,-3925,-113 g=-7,-9,-9
WFI t=69001 a=-1485,-3914,-111 g=-1,-6,4
WFI t=69051 a=-1463,-3904,-125 g=-6,-3,-6
WFI t=69101 a=-1496,-3911,-101 g=-3,-2,-6
WFI t=69151 a=-1454,-3922,-127 g=-3,-3,3
WFI t=69201 a=-1479,-3921,-106 g=3,11,-16
WFI t=69251 a=-1488,-3920,-105 g=4,3,-4
WFI t=69301 a=-1471,-3923,-117 g=-6,-14,-1
WFI t=69351 a=-1475,-3928,-112 g=-6,-9,-2
WFI t=69401 a=-1458,-3919,-125 g=-2,8,-9
WFI t=69451 a=-1492,-3923,-109 g=-5,-2,-8
WFI t=69501 a=-1450,-3915,-115 g=-2,-1,4
WFI t=69552 a=-1472,-3917,-110 g=-7,-9,-10
WFI t=69601 a=-1485,-3917,-109 g=0,-5,5
WFI t=69651 a=-1469,-3918,-113 g=-4,2,-10
WFI t=69702 a=-1482,-3923,-120 g=-4,12,-11
WFI t=69751 a=-1476,-3911,-119 g=0,-11,2
WFI t=69801 a=-1465,-3916,-116 g=-6,-6,1
WFI t=69851 a=-1473,-3919,-96 g=-8,5,-12
WFI t=69901 a=-1480,-3932,-113 g=1,-3,-5
WFI t=69951 a=-1474,-3925,-121 g=-3,3,-5
WFI t=70001 a=-1490,-3921,-112 g=-6,-11,-5
WFI t=70051 a=-1473,-3923,-109 g=4,-8,9
WFI t=70101 a=-1472,-3920,-107 g=-5,-4,-13
WFI t=70151 a=-1477,-3922,-117 g=-2,18,-12
WFI t=70201 a=-1477,-3917,-116 g=-7,-3,-10
WFI t=70329 a=-1488,-3914,-100 g=-5,-17,5
WFI t=70345 a=-1464,-3919,-119 g=-2,3,-7
WFI t=70351 a=-1471,-3915,-125 g=-3,11,-15
WFI t=70401 a=-1493,-3917,-112 g=-4,5,-9
WFI t=70451 a=-1448,-3910,-116 g=0,-5,-4
WFI t=70501 a=-1479,-3918,-103 g=-3,-5,-6
WFI t=70551 a=-1470,-3916,-108 g=-4,1,-1
WFI t=70602 a=-1471,-3925,-110 g=-3,-4,-4
WFI t=70651 a=-1477,-3910,-106 g=-5,-7,-3
WFI t=70701 a=-1470,-3920,-103 g=-4,0,-4
WFI t=70751 a=-1472,-3921,-122 g=-1,8,-14
WFI t=70801 a=-1481,-3922,-119 g=5,12,-6
WFI t=70851 a=-1482,-3913,-110 g=-6,-22,-1
WFI t=70901 a=-1472,-3931,-105 g=-7,-24,14
WFI t=70951 a=-1435,-3917,-105 g=0,24,-16
WFT t=70990 batt_mv=4176 rssi_mcu=0 rssi_bms=-75 mcu=0 bms=55 dropped=0
WFI t=71001 a=-1504,-3923,-105 g=-5,23,-28
WFI t=71051 a=-1490,-3921,-108 g=0,-24,18
WFI t=71101 a=-1455,-3914,-115 g=-7,-14,-6
WFI t=71151 a=-1494,-3923,-95 g=-3,-2,-4
WFI t=71202 a=-1462,-3922,-124 g=-3,-9,6
WFI t=71251 a=-1469,-3925,-97 g=-2,18,-20
WFI t=71301 a=-1498,-3913,-118 g=-5,16,-15
WFI t=71351 a=-1484,-3910,-107 g=-6,-36,12
WFI t=71401 a=-1450,-3918,-117 g=-6,-33,16
WFI t=71451 a=-1451,-3911,-111 g=3,28,-16
WFI t=71501 a=-1487,-3916,-103 g=-7,12,-22
WFI t=71551 a=-1463,-3927,-98 g=3,-2,7
WFI t=71601 a=-1485,-3914,-112 g=-7,-11,-16
WFI t=71651 a=-1492,-3928,-103 g=2,2,3
WFI t=71701 a=-1488,-3907,-103 g=-2,-18,0
WFI t=71751 a=-1476,-3917,-115 g=-5,-3,0
WFI t=71802 a=-1467,-3917,-105 g=-4,4,-10
WFI t=71851 a=-1473,-3914,-112 g=-2,13,-18
WFI t=71901 a=-1486,-3919,-114 g=3,0,-6
WFI t=71951 a=-1467,-3917,-113 g=1,-17,6
WFI t=72001 a=-1457,-3923,-96 g=-3,-13,1
WFI t=72051 a=-1459,-3914,-114 g=0,11,-12
WFI t=72101 a=-1480,-3900,-114 g=-2,17,-18
WFI t=72151 a=-1483,-3922,-118 g=-4,-4,-5
WFI t=72202 a=-1475,-3911,-113 g=-1,-11,4
WFI t=72351 a=-1477,-3909,-111 g=-1,-11,1
WFI t=72353 a=-1465,-3917,-118 g=3,14,-7
WFI t=72355 a=-1466,-3924,-115 g=1,13,-9
WFI t=72401 a=-1483,-3911,-102 g=-7,5,-16
WFI t=72451 a=-1488,-3923,-103 g=-2,-4,2
WFI t=72501 a=-1474,-3912,-108 g=0,-16,0
WFI t=72551 a=-1472,-3923,-118 g=1,5,-5
WFI t=72601 a=-1478,-3911,-111 g=-3,-1,-10
WFI t=72651 a=-1475,-3914,-107 g=-4,0,-6
WFI t=72701 a=-1475,-3923,-105 g=-3,-9,0
WFI t=72751 a=-1464,-3932,-101 g=-2,12,-7
WFI t=72801 a=-1488,-3923,-95 g=-6,-2,-9
WFI t=72851 a=-1456,-3920,-100 g=0,1,-1
WFI t=72901 a=-1476,-3924,-97 g=-9,-13,-13
WFI t=72951 a=-1475,-3922,-120 g=0,2,5
WFI t=73001 a=-1492,-3924,-111 g=-5,-12,-8
WFI t=73051 a=-1461,-3922,-98 g=1,17,1
WFI t=73101 a=-1496,-3921,-101 g=-5,-15,-15
WFI t=73151 a=-1474,-3911,-116 g=1,-11,14
WFI t=73201 a=-1456,-3919,-116 g=-8,1,-16
WFI t=73251 a=-1485,-3913,-113 g=0,23,-9
WFI t=73301 a=-1485,-3923,-113 g=-7,-5,-8
WFI t=73351 a=-1486,-3919,-118 g=-2,-16,4
WFI t=73401 a=-1470,-3911,-116 g=0,-17,4
WFI t=73451 a=-1464,-3919,-107 g=-3,11,-11
WFI t=73501 a=-1489,-3913,-109 g=1,16,-13
WFI t=73551 a=-1474,-3907,-109 g=-4,4,-11
WFI t=73601 a=-1484,-3921,-111 g=-7,-20,4
WFI t=73651 a=-1454,-3918,-111 g=-2,-1,1
WFI t=73701 a=-1487,-3930,-98 g=-4,7,-19
WFI t=73751 a=-1487,-3918,-99 g=1,1,5
WFI t=73801 a=-1466,-3921,-113 g=-6,-8,-11
WFI t=73851 a=-1489,-3921,-115 g=-3,-5,-2
WFI t=73901 a=-1454,-3907,-108 g=-1,1,-2
WFI t=73951 a=-1485,-3914,-111 g=-4,-1,-11
WFI t=74001 a=-1474,-3918,-113 g=1,-9,10
WFI t=74051 a=-1444,-3921,-104 g=0,2,-11
WFI t=74101 a=-1480,-3918,-107 g=-2,6,-10
WFI t=74151 a=-1458,-3923,-119 g=-1,-1,-1
WFI t=74201 a=-1477,-3918,-96 g=-6,-14,-7
WFI t=74352 a=-1451,-3921,-120 g=-2,-6,-8
WFI t=74368 a=-1454,-3912,-97 g=0,0,4
WFI t=74370 a=-1450,-3920,-114 g=-1,4,-4
WFI t=74401 a=-1465,-3921,-106 g=-3,10,-20
WFI t=74451 a=-1485,-3924,-113 g=3,0,0
WFI t=74501 a=-1455,-3925,-112 g=-4,-8,0
WFI t=74551 a=-1473,-3931,-99 g=-3,6,-9
WFI t=74601 a=-1466,-3921,-113 g=-3,1,-7
WFI t=74651 a=-1487,-3915,-106 g=-3,-2,-4
WFI t=74701 a=-1469,-3912,-124 g=-7,-12,-5
WFI t=74751 a=-1487,-3913,-111 g=-3,-11,1
WFI t=74801 a=-1454,-3925,-106 g=-4,-4,-2
WFI t=74851 a=-1467,-3932,-109 g=-1,21,-14
WFI t=74901 a=-1491,-3926,-116 g=-4,3,-15
WFI t=74951 a=-1468,-3917,-97 g=-2,-11,12
WFI t=75001 a=-1465,-3923,-130 g=-2,0,-12
WFI t=75051 a=-1504,-3920,-90 g=-2,-5,1
WFI t=75101 a=-1442,-3918,-112 g=3,-1,1
WFI t=75151 a=-1502,-3920,-100 g=-5,2,-19
WFI t=75201 a=-1474,-3920,-125 g=-3,7,3
WFI t=75251 a=-1475,-3923,-105 g=-7,-10,-15
WFI t=75301 a=-1475,-3924,-116 g=1,-1,5
WFI t=75351 a=-1477,-3918,-108 g=-2,-16,-4
WFI t=75401 a=-1475,-3920,-109 g=1,-10,2
WFI t=75451 a=-1466,-3910,-115 g=1,18,-15
WFI t=75501 a=-1491,-3910,-109 g=-5,14,-18
WFI t=75551 a=-1479,-3923,-122 g=-2,-17,10
WFI t=75601 a=-1473,-3916,-105 g=-1,-21,6
WFI t=75651 a=-1475,-3916,-102 g=-3,1,-5
WFI t=75701 a=-1479,-3920,-110 g=-2,10,-11
WFI t=75751 a=-1479,-3910,-127 g=0,8,-12
WFI t=75801 a=-1477,-3926,-115 g=2,-5,0
WFI t=75851 a=-1467,-3914,-114 g=-2,-12,-1
WFI t=75901 a=-1491,-3924,-94 g=4,-13,6
WFI t=75951 a=-1452,-3914,-123 g=1,0,-3
WFI t=76001 a=-1476,-3920,-100 g=3,22,-20
WFT t=76012 batt_mv=4178 rssi_mcu=0 rssi_bms=-76 mcu=0 bms=55 dropped=0
WFI t=76051 a=-1476,-3924,-110 g=-2,-2,-6
WFI t=76101 a=-1472,-3926,-110 g=0,-20,5
WFI t=76151 a=-1446,-3921,-106 g=1,-9,-1
WFI t=76201 a=-1479,-3917,-122 g=-2,13,-8
WFI t=76292 a=-1471,-3920,-97 g=-5,-6,3
WFI t=76382 a=-1491,-3916,-99 g=-1,12,-15
WFI t=76384 a=-1488,-3929,-109 g=0,10,-5
WFI t=76401 a=-1495,-3912,-123 g=1,3,1
WFI t=76451 a=-1472,-3932,-97 g=-4,-16,0
WFI t=76501 a=-1457,-3908,-99 g=-4,-8,0
WFI t=76551 a=-1467,-3914,-103 g=-6,-4,-8
WFI t=76601 a=-1460,-3915,-107 g=1,20,-11
WFI t=76651 a=-1485,-3917,-122 g=-2,16,-18
WFI t=76701 a=-1494,-3931,-110 g=-5,-24,10
WFI t=76751 a=-1437,-3931,-102 g=-2,-22,9
WFI t=76801 a=-1472,-3925,-98 g=-6,1,-12
WFI t=76851 a=-1474,-3919,-116 g=5,23,-11
WFI t=76901 a=-1477,-3914,-103 g=0,5,-16
WFI t=76951 a=-1477,-3910,-108 g=-1,11,-1
WFI t=77001 a=-1486,-3920,-104 g=-9,-29,-1
WFI t=77051 a=-1454,-3922,-106 g=2,-11,16
WFI t=77101 a=-1467,-3912,-98 g=-8,4,-20
WFI t=77151 a=-1470,-3909,-100 g=3,25,-10
WFI t=77201 a=-1483,-3916,-97 g=-10,-15,-9
WFE t=77218 bms stale, no frame for 10090 ms, dropping link
WFE t=77231 bms link down (stale) after 28 answers in 37708 ms, writes=38 err=0 silent=10 bytes=3612
WFI t=77252 a=-1478,-3913,-115 g=3,0,3
WFE t=77252 bms disconnected reason=534
WFI t=77301 a=-1475,-3914,-109 g=-7,-4,-10
WFI t=77351 a=-1477,-3919,-94 g=-2,-4,2
WFI t=77401 a=-1474,-3922,-100 g=-3,-19,2
WFI t=77451 a=-1460,-3915,-115 g=-8,1,-4
WFI t=77501 a=-1470,-3910,-113 g=0,22,-18
WFI t=77551 a=-1484,-3917,-109 g=0,11,-15
WFI t=77601 a=-1475,-3921,-95 g=-7,-17,9
WFI t=77651 a=-1458,-3912,-113 g=-4,-24,4
WFI t=77701 a=-1462,-3916,-106 g=1,1,-4
WFI t=77751 a=-1461,-3920,-107 g=-4,14,-15
WFI t=77801 a=-1481,-3918,-107 g=2,16,-15
WFI t=77851 a=-1474,-3929,-117 g=-4,-17,2
WFI t=77901 a=-1465,-3921,-119 g=-1,-16,6
WFI t=77951 a=-1478,-3919,-107 g=-3,-7,-2
WFI t=78001 a=-1462,-3924,-107 g=0,8,-8
WFI t=78051 a=-1464,-3919,-96 g=-8,4,-11
WFI t=78101 a=-1472,-3915,-103 g=-1,4,-9
WFI t=78151 a=-1489,-3919,-108 g=-4,-19,1
WFI t=78201 a=-1454,-3905,-126 g=-1,1,-3
WFI t=78358 a=-1476,-3925,-101 g=0,3,-3
WFI t=78443 a=-1465,-3931,-98 g=-7,-11,8
WFI t=78528 a=-1462,-3920,-117 g=-1,-15,2
WFI t=78530 a=-1466,-3929,-101 g=-8,-19,-5
WFI t=78532 a=-1466,-3929,-101 g=-8,-19,-5
WFI t=78534 a=-1473,-3929,-100 g=-7,-21,-6
WFI t=78551 a=-1478,-3920,-108 g=-1,-14,-7
WFI t=78601 a=-1463,-3913,-111 g=3,5,0
WFI t=78651 a=-1484,-3925,-99 g=-7,-5,-14
WFI t=78701 a=-1473,-3910,-118 g=2,-4,0
WFI t=78751 a=-1467,-3919,-118 g=-2,-9,-5
WFI t=78801 a=-1486,-3906,-105 g=0,7,-8
WFI t=78851 a=-1483,-3924,-108 g=-3,-4,-3
WFI t=78901 a=-1471,-3934,-108 g=2,4,-4
WFI t=78951 a=-1479,-3927,-114 g=-4,-6,-6
WFI t=79001 a=-1453,-3926,-105 g=1,-3,2
WFI t=79051 a=-1465,-3912,-99 g=-5,2,-14
WFI t=79101 a=-1481,-3921,-95 g=0,10,-7
WFI t=79151 a=-1474,-3929,-107 g=-5,-12,-3
WFI t=79201 a=-1475,-3920,-107 g=-4,-17,6
WFI t=79251 a=-1455,-3933,-118 g=-1,-3,-2
WFI t=79301 a=-1474,-3921,-105 g=4,15,-16
WFI t=79352 a=-1475,-3925,-99 g=-1,8,-9
WFI t=79401 a=-1467,-3918,-109 g=-7,-10,-3
WFE t=79413 bms subscribed val=0x0010 cccd=0x0011 ctrl=0x0014 mtu=512 regs=62
WFE t=79443 bms conn itvl=80 latency=0 timeout=600
WFE t=79444 bms reconnected (attempt 2)
WFI t=79451 a=-1475,-3921,-99 g=-4,-20,5
WFE t=79460 bms mtu event mtu=512
WFI t=79501 a=-1471,-3919,-114 g=-7,-11,-2
WFI t=79551 a=-1476,-3913,-94 g=2,10,-9
WFI t=79601 a=-1476,-3908,-106 g=1,8,-12
WFI t=79651 a=-1474,-3920,-97 g=-5,-1,0
WFI t=79701 a=-1463,-3916,-105 g=-6,-6,-6
WFR t=79712 src=bms type=0x02 len=129 data=d2037c0eed0eec0eed0eec0eed0eec0eed0eed0eeb0eec0eed0eed0ef00ef00ef10ef00ef10ef10ef20ef10ef10ef20ef20ef20ef10ef20ef20ef20000000000000000003d0000000000000000000000000000042e752f02ae0ef20eeb003d003d00000157001c0001001d0000000100010eef0007000a00000000000000007dc9
WFI t=79751 a=-1478,-3926,-99 g=-3,1,0
WFI t=79801 a=-1470,-3918,-103 g=-2,0,-7
WFI t=79851 a=-1487,-3917,-105 g=-3,-5,-4
WFI t=79901 a=-1462,-3920,-117 g=-6,-7,0
WFI t=79951 a=-1479,-3910,-95 g=-3,-2,-6
WFI t=80001 a=-1464,-3912,-104 g=-1,12,-7
WFI t=80051 a=-1483,-3927,-104 g=-5,-9,-4
WFI t=80101 a=-1451,-3909,-108 g=-1,-4,4
WFE t=80112 bms conn update status=0 itvl=12 latency=0 timeout=400
WFI t=80151 a=-1473,-3932,-73 g=-7,-10,-10
WFI t=80201 a=-1461,-3917,-113 g=1,20,-1
WFI t=80325 a=-1513,-3910,-97 g=3,0,-1
WFI t=80327 a=-1461,-3920,-111 g=-4,-25,11
WFI t=80352 a=-1467,-3916,-88 g=-2,-27,3
WFI t=80462 a=-1455,-3922,-108 g=5,20,-11
WFI t=80464 a=-1466,-3917,-110 g=1,18,-16
WFI t=80501 a=-1492,-3919,-108 g=-5,3,-16
WFI t=80551 a=-1465,-3908,-104 g=2,-14,11
WFI t=80601 a=-1476,-3916,-114 g=-1,-17,-6
WFI t=80651 a=-1480,-3920,-100 g=-1,3,2
WFI t=80701 a=-1452,-3905,-119 g=-7,15,-16
WFR t=80727 src=bms type=0x02 len=129 data=d2037c0eed0eec0eed0eec0eed0eec0eed0eed0eeb0eec0eed0eee0ef10ef00ef10eef0ef10ef10ef20ef20ef10ef20ef20ef20ef10ef20ef10ef20000000000000000003d0000000000000000000000000000042e752f02ae0ef20eeb003d003d00000157001c0001001d0000000100010eef0007000a00000000000000003bab
WFI t=80751 a=-1504,-3916,-98 g=1,7,-13
WFI t=80801 a=-1473,-3920,-104 g=-1,-9,6
WFI t=80851 a=-1456,-3925,-94 g=1,1,-6
WFI t=80901 a=-1483,-3916,-104 g=-1,-1,-6
WFI t=80951 a=-1454,-3926,-103 g=-3,-6,4
WFI t=81001 a=-1480,-3914,-105 g=-8,-10,-13
WFI t=81051 a=-1496,-3913,-100 g=-2,-7,-1
WFI t=81101 a=-1459,-3909,-112 g=-2,2,-7
WFT t=81127 batt_mv=4178 rssi_mcu=0 rssi_bms=-76 mcu=0 bms=57 dropped=0
WFI t=81151 a=-1490,-3915,-103 g=-3,13,-15
WFI t=81201 a=-1487,-3928,-110 g=-2,-5,-1
WFI t=81251 a=-1466,-3936,-106 g=-4,-15,-1
WFI t=81301 a=-1467,-3916,-104 g=-3,2,-2
WFI t=81351 a=-1450,-3935,-108 g=-7,13,-14
WFI t=81401 a=-1488,-3924,-94 g=0,-9,0
WFI t=81451 a=-1458,-3910,-117 g=-5,-10,3
WFI t=81501 a=-1485,-3919,-115 g=-5,-6,-16
WFI t=81551 a=-1485,-3900,-108 g=-1,-6,5
WFI t=81601 a=-1447,-3909,-120 g=4,14,-14
WFI t=81651 a=-1505,-3914,-89 g=-3,1,-8
WFI t=81702 a=-1452,-3924,-106 g=-3,-13,13
WFR t=81732 src=bms type=0x02 len=129 data=d2037c0eec0eec0eed0eec0eed0eec0eed0eed0eeb0eec0eed0eed0ef10ef10ef10eef0ef10ef10ef20ef20ef20ef20ef20ef20ef00ef20ef20ef20000000000000000003d0000000000000000000000000000042e752f02ae0ef20eeb003d003d00000157001c0001001d0000000100010eef0007000a00000000000000002897
WFI t=81751 a=-1460,-3930,-92 g=-5,-5,-14
WFI t=81801 a=-1468,-3915,-99 g=3,16,-7
WFI t=81851 a=-1479,-3919,-106 g=-5,-2,-14
WFI t=81901 a=-1480,-3919,-103 g=2,-18,12
WFI t=81951 a=-1450,-3909,-106 g=-7,-8,2
WFI t=82001 a=-1478,-3944,-99 g=2,12,-16
WFI t=82051 a=-1490,-3914,-114 g=-1,-3,0
WFI t=82101 a=-1456,-3931,-120 g=1,1,-7
WFI t=82151 a=-1470,-3908,-108 g=0,8,-14
WFI t=82201 a=-1461,-3930,-106 g=-1,-1,1
WFI t=82251 a=-1464,-3920,-104 g=-5,-11,-4
WFI t=82390 a=-1476,-3916,-99 g=-5,3,-8
WFI t=82393 a=-1470,-3921,-107 g=-3,5,-10
WFI t=82401 a=-1481,-3936,-107 g=1,7,-8
WFI t=82451 a=-1463,-3914,-104 g=1,16,-11
WFI t=82501 a=-1488,-3910,-116 g=-4,-6,-11
WFI t=82551 a=-1477,-3909,-100 g=-5,-32,21
WFI t=82601 a=-1438,-3909,-115 g=0,-4,-6
WFI t=82651 a=-1499,-3925,-97 g=-5,13,-18
WFI t=82701 a=-1458,-3916,-113 g=0,8,-1
WFI t=82751 a=-1483,-3925,-102 g=-4,-4,-16
WFR t=82797 src=bms type=0x02 len=129 data=d2037c0eec0eec0eed0eed0eed0eec0eed0eed0eeb0eec0eed0eee0ef10ef10ef10ef00ef10ef10ef20ef10ef10ef20ef20ef20ef10ef20ef20ef20000000000000000003d0000000000000000000000000000042e752f02ae0ef20eeb003d003d00000157001c0001001d0000000100010eef0007000a000000000000000082c0
WFI t=82801 a=-1462,-3912,-124 g=2,-4,8
WFI t=82851 a=-1468,-3923,-107 g=-4,-7,-5
WFI t=82901 a=-1482,-3930,-98 g=-2,4,-2
WFI t=82951 a=-1476,-3913,-110 g=-4,3,-13
WFI t=83001 a=-1505,-3908,-110 g=-4,-17,0
WFI t=83051 a=-1452,-3918,-130 g=-2,-4,5
WFI t=83101 a=-1488,-3906,-102 g=-3,9,-16
WFI t=83151 a=-1465,-3925,-103 g=-3,3,2
WFI t=83201 a=-1459,-3920,-104 g=-3,-2,-5
WFI t=83251 a=-1474,-3925,-101 g=-6,5,-10
WFI t=83301 a=-1481,-3929,-100 g=-5,-17,0
WFI t=83351 a=-1458,-3919,-100 g=0,-3,1
WFI t=83401 a=-1487,-3912,-108 g=-2,8,-15
WFI t=83451 a=-1476,-3919,-112 g=-2,3,-4
WFI t=83501 a=-1480,-3920,-92 g=-3,-18,-1
WFI t=83551 a=-1468,-3918,-99 g=-3,-12,2
WFI t=83601 a=-1473,-3921,-107 g=0,2,-2
WFI t=83651 a=-1467,-3928,-110 g=-4,9,-13
WFI t=83701 a=-1483,-3918,-104 g=0,12,-6
WFI t=83751 a=-1482,-3922,-106 g=-4,-19,-6
WFR t=83787 src=bms type=0x02 len=129 data=d2037c0eed0eec0eed0eec0eec0eec0eed0eed0eeb0eec0eed0eed0ef10ef00ef10eef0ef10ef10ef20ef10ef10ef20ef30ef20ef00ef20ef10ef10000000000000000003d0000000000000000000000000000042e753002ae0ef30eeb003d003d00000157001c0001001d0000000100010eef000800000000000000000000c7ee
WFI t=83801 a=-1464,-3925,-103 g=2,-5,7
WFI t=83851 a=-1471,-3922,-107 g=-6,-5,-12
WFI t=83901 a=-1495,-3913,-102 g=2,0,1
WFI t=83951 a=-1460,-3925,-104 g=-3,-12,-5
WFI t=84001 a=-1465,-3919,-110 g=-1,15,-14
WFI t=84051 a=-1490,-3902,-103 g=-7,-6,-4
WFI t=84101 a=-1467,-3920,-121 g=0,-4,7
WFI t=84151 a=-1462,-3924,-103 g=-2,5,-13
WFI t=84201 a=-1483,-3922,-106 g=-5,-1,-2
WFI t=84251 a=-1468,-3911,-94 g=-2,-6,-1
WFI t=84396 a=-1479,-3921,-107 g=-3,-3,-7
WFI t=84398 a=-1452,-3916,-105 g=-4,-9,-6
WFI t=84401 a=-1452,-3916,-105 g=-4,-9,-6
WFI t=84451 a=-1466,-3919,-94 g=4,9,0
WFI t=84501 a=-1470,-3917,-105 g=-4,4,-20
WFI t=84551 a=-1489,-3917,-98 g=-1,-7,6
WFI t=84601 a=-1448,-3922,-106 g=-2,-3,-4
WFI t=84651 a=-1486,-3922,-98 g=2,1,-11
WFI t=84701 a=-1470,-3923,-112 g=-3,-12,8
WFI t=84751 a=-1458,-3925,-98 g=-2,8,-15
WFR t=84792 src=bms type=0x02 len=129 data=d2037c0eed0eec0eed0eec0eec0eec0eed0eed0eec0eec0eed0eee0ef10ef00ef10eef0ef10ef10ef20ef20ef10ef20ef20ef20ef00ef20ef10ef20000000000000000003d0000000000000000000000000000042e752e02ae0ef20eeb003d003d00000157001c0001001d0000000100010eef000700150000000000000000a144
WFI t=84801 a=-1491,-3919,-101 g=-1,5,-7
WFI t=84851 a=-1465,-3914,-107 g=1,-14,4
WFI t=84901 a=-1466,-3922,-103 g=-2,-10,-2
WFI t=84951 a=-1464,-3910,-124 g=9,23,-15
WFI t=85001 a=-1499,-3914,-91 g=-1,-9,-7
WFI t=85051 a=-1462,-3917,-109 g=5,-12,10
WFI t=85101 a=-1475,-3935,-103 g=-5,6,-17
WFI t=85151 a=-1487,-3909,-110 g=-3,6,-7
WFI t=85201 a=-1473,-3918,-101 g=-2,-27,6
WFI t=85251 a=-1449,-3919,-91 g=-5,0,-5
WFI t=85301 a=-1485,-3925,-114 g=-2,14,-21
WFI t=85351 a=-1474,-3920,-113 g=1,2,-1
WFI t=85401 a=-1462,-3918,-122 g=-6,-2,-6
WFI t=85451 a=-1495,-3918,-93 g=2,-3,-3
WFI t=85501 a=-1466,-3909,-98 g=-2,-19,11
WFI t=85551 a=-1462,-3927,-96 g=0,11,-17
WFI t=85602 a=-1477,-3918,-116 g=2,13,-12
WFI t=85651 a=-1475,-3915,-99 g=-7,-11,0
WFI t=85701 a=-1454,-3930,-108 g=1,-3,-6
WFI t=85751 a=-1471,-3906,-114 g=-6,-1,-4
WFR t=85797 src=bms type=0x02 len=129 data=d2037c0eed0eec0eed0eec0eed0eec0eed0eed0eec0eec0eed0eed0ef10ef10ef00eef0ef10ef10ef20ef10ef10ef20ef20ef20ef00ef20ef10ef20000000000000000003d0000000000000000000000000000042e752e02ae0ef20eec003d003d00000157001c0001001d0000000100010eef000600150000000000000000a47c
WFI t=85801 a=-1456,-3920,-114 g=3,4,-6
WFI t=85851 a=-1475,-3925,-101 g=-6,3,-11
WFI t=85901 a=-1474,-3914,-98 g=-3,-3,-5
WFI t=85951 a=-1479,-3936,-98 g=-8,-26,3
WFI t=86001 a=-1449,-3911,-125 g=2,-2,2
WFI t=86051 a=-1459,-3919,-114 g=-1,22,-16
WFI t=86101 a=-1486,-3920,-118 g=2,18,-18
WFI t=86151 a=-1459,-3938,-96 g=2,-6,2
WFT t=86192 batt_mv=4194 rssi_mcu=0 rssi_bms=-77 mcu=0 bms=62 dropped=0
WFI t=86243 a=-1501,-3925,-106 g=-6,-30,8
WFI t=86251 a=-1486,-3911,-100 g=-6,-24,16
WFI t=86388 a=-1450,-3922,-102 g=-5,15,-22
WFI t=86462 a=-1485,-3914,-115 g=0,7,-3
WFI t=86546 a=-1461,-3920,-97 g=-8,-15,-3
WFI t=86561 a=-1461,-3929,-102 g=-1,-7,0
WFI t=86563 a=-1466,-3918,-110 g=-1,-4,-3
WFI t=86565 a=-1465,-3910,-106 g=-3,-4,-5
WFI t=86601 a=-1472,-3917,-109 g=-6,2,-9
WFI t=86651 a=-1459,-3909,-99 g=2,12,-9
WFI t=86701 a=-1491,-3917,-111 g=-2,-15,-7
WFI t=86751 a=-1461,-3925,-102 g=2,-13,12
WFI t=86801 a=-1458,-3923,-117 g=-2,11,-14
WFR t=86817 src=bms type=0x02 len=129 data=d2037c0eed0eec0eed0eec0eec0eec0eed0eed0eeb0eec0eed0eed0ef00ef00ef10eef0ef10ef10ef20ef10ef10ef20ef20ef20ef10ef20ef10ef20000000000000000003d0000000000000000000000000000042e752f02ae0ef20eeb003d003d00000157001c0001001d0000000100010eef0007000a00000000000000000cc3
WFI t=86851 a=-1486,-3917,-117 g=4,26,-17
WFI t=86901 a=-1495,-3917,-113 g=-3,-36,9
WFI t=86951 a=-1426,-3929,-98 g=1,-17,15
WFI t=87001 a=-1465,-3927,-108 g=-10,16,-31
WFI t=87051 a=-1498,-3911,-99 g=5,15,2
WFI t=87101 a=-1462,-3923,-110 g=-4,-22,-5
WFI t=87151 a=-1476,-3921,-96 g=-3,-2,0
WFI t=87201 a=-1465,-3910,-112 g=-3,-10,0
WFI t=87251 a=-1476,-3917,-115 g=4,4,-4
WFI t=87301 a=-1478,-3925,-95 g=0,11,-7
WFI t=87351 a=-1480,-3916,-118 g=-2,5,-12
WFI t=87401 a=-1474,-3918,-95 g=-3,-11,2
WFI t=87451 a=-1438,-3916,-124 g=-2,6,-6
WFI t=87501 a=-1503,-3924,-106 g=-4,-7,-9
WFI t=87551 a=-1455,-3920,-114 g=-3,-12,10
WFI t=87601 a=-1461,-3922,-97 g=-6,2,-8
WFI t=87651 a=-1481,-3919,-111 g=-3,5,-12
WFI t=87701 a=-1485,-3936,-99 g=-3,-8,2
WFI t=87751 a=-1463,-3917,-106 g=-2,11,-14
WFI t=87801 a=-1503,-3911,-108 g=-4,8,-18
WFR t=87807 src=bms type=0x02 len=129 data=d2037c0eed0eec0eed0eec0eec0eec0eed0eed0eec0eec0eed0eee0ef10ef10ef10eef0ef10ef10ef20ef10ef10ef20ef20ef20ef10ef20ef10ef20000000000000000003d0000000000000000000000000000042e752f02ae0ef20eec003d003d00000157001c0001001d0000000100010eef0006000a0000000000000000b46d
WFI t=87851 a=-1477,-3924,-121 g=-10,-24,11
WFI t=87901 a=-1464,-3925,-113 g=-4,-27,4
WFI t=87951 a=-1462,-3917,-108 g=0,12,-6
WFI t=88002 a=-1471,-3923,-98 g=-3,22,-22
WFI t=88051 a=-1489,-3918,-108 g=-1,-2,-5
WFI t=88101 a=-1455,-3923,-110 g=0,-13,2
WFI t=88151 a=-1471,-3926,-101 g=-4,-11,-1
WFI t=88201 a=-1457,-3922,-109 g=-1,7,0
WFI t=88251 a=-1463,-3918,-98 g=-6,4,-16
WFI t=88336 a=-1473,-3919,-116 g=1,7,-5
WFI t=88428 a=-1467,-3915,-114 g=1,-10,9
WFI t=88430 a=-1467,-3915,-114 g=1,-10,9
WFI t=88452 a=-1442,-3913,-117 g=-5,-2,-2
WFI t=88501 a=-1490,-3915,-106 g=-1,2,-12
WFI t=88551 a=-1471,-3912,-109 g=-2,0,1
WFI t=88601 a=-1481,-3925,-109 g=-6,-3,-13
WFI t=88651 a=-1458,-3925,-108 g=2,20,-7
WFI t=88701 a=-1473,-3925,-108 g=-2,-12,-6
WFI t=88751 a=-1471,-3917,-116 g=2,-11,10
WFI t=88801 a=-1471,-3924,-109 g=-10,-8,-9
WFR t=88827 src=bms type=0x02 len=129 data=d2037c0eec0eec0eed0eec0eed0eec0eed0eed0eec0eec0eed0eee0ef00ef00ef10eef0ef10ef10ef20ef10ef10ef20ef20ef20ef00ef20ef20ef20000000000000000003d0000000000000000000000000000042e752f02ae0ef20eeb003d003d00000157001c0001001d0000000100010eef0007000a0000000000000000bc6e
WFI t=88851 a=-1461,-3904,-115 g=-2,8,-6
WFI t=88901 a=-1471,-3932,-109 g=0,4,-10
WFI t=88951 a=-1477,-3925,-107 g=2,0,-2
WFI t=89001 a=-1469,-3913,-117 g=-5,-7,-4
WFI t=89051 a=-1487,-3925,-106 g=2,-13,2
WFI t=89101 a=-1460,-3905,-108 g=1,4,-3
WFI t=89151 a=-1487,-3944,-101 g=0,5,-17
WFI t=89201 a=-1483,-3910,-104 g=-2,1,4
WFI t=89251 a=-1459,-3925,-105 g=-6,-7,-8
WFI t=89301 a=-1467,-3916,-113 g=-3,-5,-3
WFI t=89351 a=-1471,-3919,-107 g=-6,-9,4
WFI t=89401 a=-1468,-3924,-114 g=-3,11,-18
WFI t=89451 a=-1481,-3919,-104 g=1,5,0
WFI t=89501 a=-1458,-3927,-118 g=-4,-15,1
WFI t=89551 a=-1479,-3922,-90 g=-2,4,-4
WFI t=89601 a=-1476,-3924,-118 g=-5,8,-15
WFI t=89651 a=-1484,-3917,-101 g=-1,-15,2
WFI t=89701 a=-1452,-3919,-107 g=-8,-9,3
WFI t=89751 a=-1471,-3941,-105 g=-2,15,-18
WFI t=89801 a=-1490,-3918,-102 g=-5,-16,2
WFR t=89818 src=bms type=0x02 len=129 data=d2037c0eec0eec0eed0eec0eed0eec0eec0eed0eeb0eec0eed0eee0ef00ef00ef10ef00ef10ef10ef20ef10ef10ef20ef20ef20ef00ef20ef10ef20000000000000000003d0000000000000000000000000000042e752e02ae0ef20eeb003d003d00000157001c0001001d0000000100010eef000700150000000000000000dc41
WFI t=89851 a=-1448,-3930,-105 g=1,-9,5
WFI t=89901 a=-1478,-3913,-104 g=-3,10,-20
WFI t=89951 a=-1489,-3921,-104 g=-1,5,-1
WFI t=90001 a=-1468,-3914,-101 g=-5,-12,-1
WFI t=90051 a=-1466,-3919,-101 g=-2,11,-11
WFI t=90101 a=-1497,-3918,-94 g=-3,-12,-3
WFI t=90151 a=-1458,-3925,-104 g=-4,-13,11
WFI t=90201 a=-1456,-3923,-104 g=-1,1,-13
WFI t=90251 a=-1484,-3926,-109 g=3,9,-3
WFI t=90301 a=-1461,-3917,-113 g=-1,-9,-6
WFI t=90444 a=-1494,-3922,-106 g=-5,-10,-13
WFI t=90446 a=-1496,-3923,-104 g=-4,-24,-1
WFI t=90451 a=-1509,-3916,-98 g=-8,-29,3
WFI t=90501 a=-1436,-3926,-113 g=1,-20,22
WFI t=90551 a=-1458,-3914,-118 g=-3,18,-31
WFI t=90601 a=-1498,-3910,-96 g=-4,17,-7
WFI t=90651 a=-1467,-3916,-111 g=-8,-17,-2
WFI t=90701 a=-1480,-3909,-111 g=-2,-8,2
WFI t=90751 a=-1461,-3908,-118 g=-1,0,1
WFI t=90801 a=-1470,-3935,-116 g=-8,-6,-5
WFR t=90838 src=bms type=0x02 len=129 data=d2037c0eed0eec0eed0eec0eec0eec0eed0eed0eeb0eec0eed0eed0ef00ef00ef10eef0ef10ef10ef20ef10ef10ef20ef20ef20ef10ef20ef20ef20000000000000000003d0000000000000000000000000000042e752f02ae0ef20eeb003d003d00000157001c0001001d0000000100010eef0007000a00000000000000004086
WFI t=90851 a=-1449,-3934,-111 g=-1,1,3
WFI t=90901 a=-1463,-3928,-111 g=-1,29,-26
WFI t=90951 a=-1507,-3910,-94 g=-9,-11,-6
WFI t=91001 a=-1458,-3925,-123 g=-2,-17,12
WFI t=91051 a=-1477,-3912,-104 g=-12,-15,-10
WFI t=91101 a=-1465,-3919,-99 g=0,11,-2
WFI t=91151 a=-1463,-3910,-102 g=-8,0,-21
WFI t=91201 a=-1481,-3929,-109 g=5,2,2
WFT t=91235 batt_mv=4194 rssi_mcu=0 rssi_bms=-75 mcu=0 bms=67 dropped=0
WFI t=91251 a=-1456,-3927,-115 g=-7,-21,-1
WFI t=91301 a=-1496,-3932,-99 g=-2,-20,7
WFI t=91351 a=-1431,-3921,-93 g=-6,-6,6
WFI t=91401 a=-1481,-3922,-113 g=-3,21,-34
WFI t=91451 a=-1489,-3917,-102 g=6,20,-11
WFI t=91501 a=-1452,-3911,-123 g=-1,4,-10
WFI t=91551 a=-1507,-3917,-100 g=-10,-31,10
WFI t=91601 a=-1443,-3920,-114 g=-3,-26,26
WFI t=91651 a=-1469,-3924,-97 g=-5,23,-31
WFI t=91701 a=-1484,-3913,-113 g=6,36,-26
WFI t=91751 a=-1459,-3911,-126 g=0,6,-7
WFI t=91801 a=-1488,-3915,-103 g=-2,-35,10
WFR t=91843 src=bms type=0x02 len=129 data=d2037c0eed0eec0eed0eed0eed0eec0eed0eed0eeb0eec0eed0eed0ef10ef00ef10eef0ef10ef10ef20ef20ef10ef20ef20ef20ef10ef20ef10ef20000000000000000003d0000000000000000000000000000042e752f02ae0ef20eeb003d003d00000157001c0001001d0000000100010eef0007000a0000000000000000419e
WFI t=91851 a=-1458,-3926,-103 g=-6,-21,17
WFI t=91901 a=-1466,-3913,-108 g=-6,-8,-12
WFI t=91951 a=-1471,-3914,-119 g=-2,22,-18
WFI t=92001 a=-1482,-3920,-104 g=-3,10,-14
WFI t=92051 a=-1474,-3920,-120 g=0,1,-2
WFI t=92101 a=-1473,-3913,-108 g=-6,-17,5
WFI t=92151 a=-1468,-3927,-112 g=-5,-22,12
WFI t=92201 a=-1445,-3924,-90 g=0,9,-9
WFI t=92251 a=-1473,-3918,-110 g=0,25,-28
WFI t=92301 a=-1489,-3918,-111 g=1,11,-6
WFI t=92437 a=-1461,-3919,-116 g=-7,-27,4
WFI t=92453 a=-1455,-3914,-113 g=0,-7,2
WFI t=92456 a=-1466,-3925,-108 g=-3,-5,-9
WFI t=92501 a=-1475,-3918,-106 g=2,20,-20
WFI t=92551 a=-1476,-3921,-109 g=-2,12,-11
WFI t=92601 a=-1471,-3927,-109 g=0,-5,-2
WFI t=92651 a=-1468,-3933,-106 g=-1,-17,7
WFI t=92701 a=-1472,-3932,-98 g=-6,-14,4
WFI t=92751 a=-1460,-3924,-103 g=-1,0,-4
WFI t=92801 a=-1447,-3910,-111 g=-2,17,-19
WFI t=92851 a=-1478,-3924,-108 g=-1,24,-19
WFR t=92863 src=bms type=0x02 len=129 data=d2037c0eec0eec0eed0eec0eed0eec0eed0eed0eeb0eec0eed0eed0ef00ef00ef00eef0ef10ef10ef20ef10ef10ef20ef20ef20ef00ef20ef20ef20000000000000000003d0000000000000000000000000000042e752f02ae0ef20eeb003d003d00000157001c0001001d0000000100010eef0007000a00000000000000003690
WFI t=92901 a=-1490,-3915,-105 g=-3,-21,4
WFI t=92951 a=-1459,-3926,-107 g=-7,-25,15
WFI t=93001 a=-1454,-3933,-101 g=-5,-4,-6
WFI t=93052 a=-1473,-3922,-105 g=-1,15,-15
WFI t=93101 a=-1471,-3926,-91 g=1,2,-3
WFI t=93151 a=-1455,-3917,-113 g=-2,10,-17
WFI t=93202 a=-1496,-3914,-105 g=-1,0,-2
WFI t=93251 a=-1469,-3912,-124 g=-6,-33,10
WFI t=93301 a=-1454,-3919,-95 g=0,-2,7
WFI t=93352 a=-1465,-3927,-109 g=-2,18,-29
WFI t=93401 a=-1491,-3926,-107 g=2,17,-6
WFI t=93451 a=-1462,-3912,-118 g=-6,-25,0
WFI t=93501 a=-1474,-3922,-96 g=0,-5,5
WFI t=93551 a=-1481,-3924,-108 g=-9,-18,-4
WFI t=93601 a=-1440,-3923,-108 g=0,14,0
WFI t=93651 a=-1476,-3916,-118 g=-6,10,-27
WFI t=93701 a=-1486,-3915,-104 g=2,9,0
WFI t=93751 a=-1473,-3922,-111 g=-9,-26,-2
WFI t=93801 a=-1472,-3928,-102 g=0,-7,12
WFI t=93851 a=-1457,-3915,-115 g=-5,0,-13
WFR t=93868 src=bms type=0x02 len=129 data=d2037c0eed0eec0eed0eec0eed0eec0eed0eed0eeb0eec0eed0eed0ef00ef00ef10eef0ef10ef10ef20ef10ef10ef20ef30ef20ef10ef20ef10ef20000000000000000003d0000000000000000000000000000042e752f02ae0ef20eeb003d003d00000157001c0001001d0000000100010eef0007000a00000000000000000719
WFI t=93902 a=-1493,-3916,-101 g=-8,3,-5
WFI t=93952 a=-1451,-3919,-92 g=-3,0,-3
WFI t=94001 a=-1473,-3924,-100 g=1,10,-19
WFI t=94051 a=-1498,-3918,-108 g=1,-9,6
WFI t=94101 a=-1465,-3912,-106 g=-5,-23,8
WFI t=94151 a=-1474,-3920,-93 g=-5,-10,-1
WFI t=94201 a=-1456,-3905,-109 g=0,18,-11
WFI t=94251 a=-1493,-3916,-100 g=3,10,-19
WFI t=94301 a=-1456,-3908,-103 g=4,7,5
WFI t=94366 a=-1490,-3925,-98 g=-8,-24,-3
WFI t=94403 a=-1475,-3920,-84 g=-2,-13,17
WFI t=94526 a=-1453,-3922,-96 g=-9,-4,-20
WFI t=94542 a=-1461,-3907,-110 g=1,13,-7
WFI t=94551 a=-1441,-3921,-112 g=-1,14,-11
WFI t=94601 a=-1501,-3927,-97 g=-3,5,-18
WFI t=94651 a=-1469,-3916,-95 g=-2,-27,17
WFI t=94701 a=-1456,-3925,-89 g=-5,-26,2
WFI t=94769 a=-1474,-3911,-114 g=-2,21,-16
WFI t=94801 a=-1480,-3922,-101 g=0,23,-20
WFI t=94852 a=-1474,-3907,-98 g=-2,-11,-5
WFI t=94901 a=-1474,-3928,-96 g=-5,-17,10
WFI t=94951 a=-1464,-3913,-109 g=-9,-12,-7
WFR t=94978 src=bms type=0x02 len=129 data=d2037c0eec0eec0eed0eec0eed0eec0eed0eed0eeb0eec0eed0eed0ef10ef00ef10eef0ef10ef10ef20ef20ef10ef20ef20ef20ef00ef20ef10ef20000000000000000003d0000000000000000000000000000042e752f02ae0ef20eec003d003d00000157001c0001001d0000000100010eef0006000a0000000000000000ed21
WFI t=95002 a=-1475,-3919,-102 g=-2,0,-1
WFI t=95051 a=-1455,-3921,-120 g=0,18,-10
WFI t=95101 a=-1498,-3911,-97 g=-4,5,-20
WFI t=95151 a=-1483,-3927,-86 g=0,-27,21
WFI t=95201 a=-1434,-3933,-94 g=-3,-19,1
WFI t=95251 a=-1473,-3928,-120 g=-2,23,-18
WFI t=95301 a=-1472,-3910,-111 g=6,30,-16
WFI t=95351 a=-1492,-3926,-105 g=-3,0,-15
WFI t=95401 a=-1486,-3928,-112 g=0,-37,18
WFI t=95451 a=-1441,-3924,-99 g=0,-23,14
WFI t=95501 a=-1461,-3920,-109 g=-1,25,-21
WFI t=95551 a=-1488,-3919,-107 g=-3,33,-21
WFI t=95601 a=-1478,-3916,-98 g=-2,-18,-3
WFI t=95651 a=-1448,-3913,-99 g=-2,-17,8
WFI t=95701 a=-1467,-3928,-122 g=0,4,-10
WFI t=95751 a=-1489,-3922,-93 g=-5,-3,4
WFI t=95801 a=-1453,-3916,-124 g=-2,1,-7
WFI t=95851 a=-1500,-3916,-107 g=-5,5,-17
WFI t=95901 a=-1462,-3925,-123 g=0,9,-6
WFI t=95951 a=-1473,-3923,-110 g=-1,-9,-4
WFR t=95983 src=bms type=0x02 len=129 data=d2037c0eec0eec0eed0eec0eed0eec0eed0eed0eeb0eec0eed0eed0ef10ef00ef10eef0ef10ef10ef20ef10ef10ef20ef20ef20ef10ef20ef20ef20000000000000000003d0000000000000000000000000000042e752f02ae0ef20eeb003d003d00000157001c0001001d0000000100010eef0007000a0000000000000000252d
WFI t=96001 a=-1446,-3908,-114 g=0,-8,13
WFI t=96052 a=-1474,-3916,-89 g=-9,-17,-11
WFI t=96101 a=-1473,-3927,-108 g=3,7,-1
WFI t=96151 a=-1477,-3916,-116 g=1,22,-25
WFI t=96201 a=-1504,-3924,-112 g=-4,-1,-5
WFI t=96251 a=-1460,-3928,-99 g=-3,-25,20
WFI t=96301 a=-1451,-3927,-85 g=-2,-12,-11
WFT t=96384 batt_mv=4176 rssi_mcu=0 rssi_bms=-79 mcu=0 bms=72 dropped=0
WFI t=96460 a=-1472,-3927,-106 g=-4,9,-15
WFI t=96550 a=-1463,-3927,-103 g=-3,-27,9
WFI t=96637 a=-1452,-3913,-108 g=8,39,-18
WFI t=96640 a=-1456,-3914,-117 g=4,38,-20
WFI t=96642 a=-1456,-3914,-117 g=4,38,-20
WFI t=96644 a=-1460,-3924,-107 g=4,37,-24
WFI t=96651 a=-1459,-3919,-97 g=1,33,-27
WFI t=96701 a=-1497,-3938,-96 g=-4,-2,-8
WFI t=96751 a=-1430,-3918,-125 g=1,3,8
WFI t=96801 a=-1503,-3924,-105 g=-10,-16,-14
WFI t=96851 a=-1459,-3901,-107 g=-3,-24,25
WFI t=96901 a=-1436,-3931,-110 g=-1,9,-19
WFI t=96951 a=-1491,-3913,-103 g=-2,30,-31
WFI t=97001 a=-1484,-3917,-110 g=2,-1,4
WFR t=97033 src=bms type=0x02 len=129 data=d2037c0eed0eec0eed0eec0eed0eec0eed0eed0eeb0eec0eed0eed0ef00ef00ef10eef0ef10ef10ef20ef20ef10ef20ef20ef20ef00ef20ef20ef20000000000000000003d0000000000000000000000000000042e752f02ae0ef20eeb003d003d00000157001c0001001d0000000100010eef0007000a0000000000000000f889
WFI t=97051 a=-1479,-3916,-99 g=-4,-37,7
WFI t=97101 a=-1465,-3918,-95 g=0,-16,19
WFI t=97151 a=-1448,-3923,-127 g=-6,10,-18
WFI t=97201 a=-1484,-3921,-102 g=4,29,-17
WFI t=97251 a=-1471,-3922,-96 g=-5,12,-18
WFI t=97301 a=-1492,-3921,-101 g=-4,-10,2
WFI t=97351 a=-1462,-3922,-122 g=-7,-30,12
WFI t=97401 a=-1467,-3924,-113 g=1,-17,4
WFI t=97451 a=-1442,-3908,-109 g=-1,8,-6
WFI t=97501 a=-1477,-3916,-111 g=-7,25,-24
WFI t=97551 a=-1483,-3915,-103 g=2,8,-2
WFI t=97601 a=-1482,-3916,-106 g=-1,-14,2
WFI t=97651 a=-1473,-3928,-108 g=2,-9,8
WFI t=97701 a=-1468,-3929,-113 g=-2,-2,-8
WFI t=97751 a=-1475,-3925,-104 g=-5,9,-10
WFI t=97801 a=-1480,-3923,-116 g=1,3,-14
WFI t=97851 a=-1483,-3919,-108 g=-4,-5,-5
WFI t=97901 a=-1468,-3913,-112 g=-5,3,-2
WFI t=97951 a=-1481,-3928,-99 g=-4,-15,6
WFI t=98001 a=-1428,-3924,-106 g=-2,8,0
WFR t=98038 src=bms type=0x02 len=129 data=d2037c0eed0eec0eed0eec0eed0eec0eed0eed0eeb0eec0eed0eed0ef00ef00ef10eef0ef10ef10ef20ef10ef10ef20ef20ef20ef00ef10ef10ef20000000000000000003d0000000000000000000000000000042e752f02ae0ef20eeb003d003d00000157001c0001001d0000000100010eef0007000a0000000000000000feb6
WFI t=98051 a=-1478,-3923,-111 g=-4,25,-25
WFI t=98101 a=-1484,-3912,-108 g=-5,3,-9
WFI t=98151 a=-1475,-3912,-116 g=-9,-24,-7
WFI t=98201 a=-1491,-3928,-94 g=-7,-49,26
WFI t=98251 a=-1440,-3929,-103 g=-6,-34,9
WFI t=98301 a=-1459,-3935,-86 g=-3,6,-20
WFI t=98351 a=-1467,-3900,-123 g=3,53,-37
WFI t=98480 a=-1454,-3908,-118 g=-10,-18,3
WFI t=98482 a=-1477,-3914,-106 g=-10,-20,-3
WFI t=98501 a=-1481,-3931,-86 g=-5,-8,6
WFI t=98551 a=-1468,-3907,-96 g=-6,-30,14
WFI t=98601 a=-1436,-3905,-126 g=-3,-2,-11
WFI t=98651 a=-1478,-3895,-128 g=1,29,-28
WFI t=98701 a=-1512,-3916,-114 g=-4,-9,1
WFI t=98751 a=-1472,-3937,-94 g=-4,-33,20
WFI t=98801 a=-1468,-3935,-86 g=-6,-12,-6
WFI t=98851 a=-1474,-3932,-114 g=-3,18,-18
WFI t=98901 a=-1479,-3907,-119 g=-2,0,-15
WFI t=98951 a=-1473,-3904,-109 g=5,18,-6
WFI t=99001 a=-1492,-3929,-100 g=-3,-4,-10
WFI t=99051 a=-1475,-3921,-114 g=4,6,15
WFR t=99058 src=bms type=0x02 len=129 data=d2037c0eed0eec0eed0eec0eec0eec0eed0eed0eeb0eec0eed0eed0ef00ef00ef10eef0ef10ef10ef20ef10ef10ef20ef20ef20ef00ef20ef10ef20000000000000000003d0000000000000000000000000000042e752f02ae0ef20eeb003d003d00000157001c0001001d0000000100010eef0007000a0000000000000000f1ff
WFI t=99101 a=-1454,-3913,-113 g=-6,-17,-13
WFI t=99151 a=-1487,-3923,-112 g=-1,5,6
WFI t=99201 a=-1440,-3910,-106 g=0,5,-12
WFI t=99251 a=-1504,-3927,-100 g=1,15,-21
WFI t=99301 a=-1481,-3927,-115 g=-3,-5,13
WFI t=99351 a=-1473,-3915,-119 g=-3,-10,-12
WFI t=99401 a=-1503,-3930,-92 g=-3,-18,13
WFI t=99451 a=-1425,-3912,-118 g=-4,-10,-7
WFI t=99501 a=-1489,-3930,-101 g=2,14,-13
WFI t=99551 a=-1464,-3925,-110 g=-3,20,-10
WFI t=99601 a=-1495,-3918,-102 g=-1,3,-10
WFI t=99651 a=-1463,-3922,-108 g=-6,-22,7
WFI t=99701 a=-1472,-3907,-108 g=-5,-3,-9
WFI t=99751 a=-1480,-3922,-104 g=-2,-9,-4
WFI t=99801 a=-1433,-3919,-115 g=0,25,-13
WFI t=99851 a=-1489,-3925,-87 g=-5,5,-21
WFI t=99901 a=-1475,-3916,-115 g=-3,-28,17
WFI t=99951 a=-1447,-3929,-106 g=-4,-37,6
WFI t=100001 a=-1459,-3926,-102 g=-1,17,-7
WFI t=100051 a=-1476,-3925,-104 g=0,38,-28
WFR t=100063 src=bms type=0x02 len=129 data=d2037c0eec0eec0eed0eec0eed0eec0eed0eed0eeb0eec0eed0eee0ef00ef00ef10eef0ef10ef10ef20ef10ef10ef20ef20ef20ef00ef20ef10ef20000000000000000003d0000000000000000000000000000042e752f02ae0ef20eeb003d003d00000157001c0001001d0000000100010eef0007000a0000000000000000e60f
WFI t=100101 a=-1479,-3921,-100 g=5,29,-18
WFI t=100151 a=-1487,-3922,-116 g=-6,-25,-4
WFI t=100201 a=-1480,-3916,-109 g=-4,-47,25
WFI t=100251 a=-1432,-3921,-117 g=-2,-9,0
WFI t=100301 a=-1476,-3928,-98 g=-4,25,-21
WFI t=100351 a=-1481,-3918,-108 g=-2,5,-4
WFI t=100497 a=-1471,-3928,-108 g=-9,-20,2
WFI t=100498 a=-1478,-3920,-104 g=-1,-22,3
WFI t=100501 a=-1483,-3916,-107 g=-1,-19,7
WFI t=100551 a=-1451,-3919,-108 g=-1,1,0
WFI t=100601 a=-1474,-3915,-102 g=-1,13,-22
WFI t=100651 a=-1475,-3911,-97 g=0,5,-10
WFI t=100701 a=-1478,-3911,-110 g=-3,2,-4
WFI t=100751 a=-1486,-3912,-115 g=-6,-10,-3
WFI t=100801 a=-1466,-3922,-91 g=-7,-24,15
WFI t=100851 a=-1443,-3929,-100 g=-6,-12,-5
WFI t=100901 a=-1450,-3922,-94 g=-2,29,-21
WFI t=100951 a=-1487,-3919,-114 g=-4,11,-23
WFI t=101001 a=-1485,-3917,-105 g=-3,-9,10
WFI t=101051 a=-1465,-3924,-113 g=-9,-26,-4
WFR t=101083 src=bms type=0x02 len=129 data=d2037c0eed0eec0eed0eed0eed0eec0eed0eed0eeb0eec0eed0eee0ef00ef00ef10eef0ef10ef10ef20ef10ef10ef20ef20ef20ef10ef20ef20ef20000000000000000003d0000000000000000000000000000042e752f02ae0ef20eeb003d003d00000157001c0001001d0000000100010eef0007000a0000000000000000c0c9
WFI t=101101 a=-1475,-3926,-102 g=-5,-16,19
WFI t=101151 a=-1437,-3917,-123 g=4,19,-20
WFI t=101201 a=-1523,-3929,-101 g=-5,14,-19
WFI t=101251 a=-1442,-3918,-122 g=1,5,8
WFI t=101301 a=-1494,-3920,-114 g=-8,-18,-13
WFI t=101351 a=-1466,-3918,-112 g=1,-15,29
WFI t=101401 a=-1445,-3912,-114 g=-7,4,-26
WFI t=101451 a=-1484,-3933,-97 g=2,37,-21
WFT t=101485 batt_mv=4180 rssi_mcu=0 rssi_bms=-77 mcu=0 bms=77 dropped=0
WFI t=101501 a=-1467,-3910,-121 g=-4,5,-19
WFI t=101551 a=-1505,-3914,-89 g=-6,-45,14
WFI t=101601 a=-1437,-3929,-100 g=-8,-33,26
WFI t=101651 a=-1447,-3933,-102 g=-4,19,-20
WFI t=101701 a=-1471,-3909,-116 g=2,38,-21
WFI t=101751 a=-1463,-3920,-109 g=-5,4,-8
WFI t=101801 a=-1462,-3912,-114 g=-4,-8,-6
WFI t=101851 a=-1489,-3917,-100 g=-4,-20,4
WFI t=101901 a=-1445,-3921,-120 g=-1,-20,12
WFI t=101951 a=-1448,-3912,-98 g=-6,-13,-3
WFI t=102001 a=-1457,-3918,-109 g=2,20,-11
WFI t=102051 a=-1477,-3916,-100 g=-2,7,-13
WFR t=102073 src=bms type=0x02 len=129 data=d2037c0eed0eec0eed0eec0eed0eec0eed0eed0eec0eec0eed0eee0ef00ef00ef10eef0ef10ef10ef20ef10ef10ef20ef20ef20ef10ef20ef20ef20000000000000000003d0000000000000000000000000000042e752f02ae0ef30eec003d003d00000157001c0001001d0000000100010eef0007000a0000000000000000cbfe
WFI t=102101 a=-1468,-3922,-123 g=5,0,4
WFI t=102151 a=-1472,-3921,-104 g=-6,-3,-4
WFI t=102201 a=-1483,-3930,-106 g=-6,-8,2
WFI t=102251 a=-1468,-3913,-100 g=-8,-22,6
WFI t=102301 a=-1450,-3929,-104 g=-2,9,-5
WFI t=102351 a=-1478,-3915,-103 g=-1,25,-30
WFI t=102419 a=-1481,-3922,-116 g=-4,-11,12
WFI t=102500 a=-1492,-3923,-98 g=-5,-2,-8
WFI t=102503 a=-1485,-3929,-109 g=-1,-2,-5
WFI t=102551 a=-1464,-3933,-112 g=-1,-17,5
WFI t=102601 a=-1456,-3922,-99 g=-2,-7,-2
WFI t=102651 a=-1467,-3919,-100 g=0,7,-4
WFI t=102701 a=-1471,-3919,-101 g=0,16,-12
WFI t=102751 a=-1477,-3913,-105 g=-7,7,-16
WFI t=102806 a=-1472,-3916,-110 g=1,-7,6
WFI t=102851 a=-1485,-3923,-115 g=-2,-28,1
WFI t=102902 a=-1452,-3920,-115 g=1,-1,8
WFI t=102951 a=-1472,-3930,-100 g=-1,-3,-13
WFI t=103001 a=-1482,-3923,-109 g=0,15,-9
WFI t=103051 a=-1476,-3921,-110 g=-6,7,-13
WFR t=103093 src=bms type=0x02 len=129 data=d2037c0eed0eec0eed0eec0eed0eec0eed0eed0eeb0eec0eed0eed0ef10ef00ef10eef0ef10ef10ef20ef20ef10ef20ef20ef20ef10ef20ef10ef20000000000000000003d0000000000000000000000000000042e752f02ae0ef20eec003d003d00000157001c0001001d0000000100010eef0006000a000000000000000044e1
WFI t=103101 a=-1486,-3923,-116 g=0,1,-4
WFI t=103151 a=-1470,-3922,-104 g=-5,-24,8
WFI t=103201 a=-1448,-3919,-105 g=1,-3,-2
WFI t=103251 a=-1472,-3923,-95 g=-1,18,-19
WFI t=103301 a=-1474,-3912,-97 g=1,5,-12
WFI t=103351 a=-1483,-3918,-119 g=-5,-19,7
WFI t=103401 a=-1468,-3920,-108 g=-2,-17,7
WFI t=103451 a=-1462,-3914,-114 g=2,15,-11
WFI t=103501 a=-1484,-3916,-101 g=-3,0,-10
WFI t=103551 a=-1447,-3930,-120 g=4,22,-6
WFI t=103601 a=-1504,-3927,-115 g=-5,0,-24
WFI t=103651 a=-1486,-3918,-100 g=-3,-23,21
WFI t=103701 a=-1449,-3942,-107 g=-4,-27,-5
WFI t=103815 a=-1471,-3916,-107 g=-6,12,-22
WFI t=103877 a=-1488,-3916,-109 g=-2,6,-21
WFI t=103879 a=-1474,-3922,-101 g=7,4,5
WFI t=103901 a=-1468,-3912,-126 g=-4,-7,-3
WFI t=103951 a=-1492,-3922,-107 g=-7,-27,6
WFI t=104001 a=-1445,-3915,-118 g=2,-18,23
WFI t=104051 a=-1421,-3936,-95 g=-4,47,-35
WFI t=104101 a=-1516,-3917,-100 g=-1,49,-40
WFR t=104113 src=bms type=0x02 len=129 data=d2037c0eec0eec0eed0eec0eed0eec0eed0eed0eeb0eec0eed0eee0ef00ef00ef10ef00ef10ef10ef20ef10ef10ef20ef20ef20ef10ef20ef10ef20000000000000000003d0000000000000000000000000000042e752f02ae0ef20eec003d003d00000157001c0001001d0000000100010eef0006000a00000000000000001a3a
WFI t=104151 a=-1517,-3925,-101 g=-9,-56,22
WFI t=104201 a=-1436,-3923,-131 g=-7,-46,24
WFI t=104251 a=-1465,-3921,-104 g=-9,21,-25
WFI t=104301 a=-1476,-3925,-109 g=-2,9,-7
WFI t=104351 a=-1450,-3926,-106 g=-7,-18,-6
WFI t=104425 a=-1465,-3921,-128 g=0,28,-20
WFI t=104451 a=-1495,-3923,-121 g=3,18,-14
WFI t=104587 a=-1470,-3930,-102 g=2,-13,14
WFI t=104603 a=-1485,-3902,-108 g=-3,-6,-4
WFI t=104604 a=-1488,-3913,-111 g=-3,-11,0
WFI t=104651 a=-1447,-3916,-131 g=0,-7,-3
WFI t=104701 a=-1463,-3925,-100 g=-1,25,-18
WFI t=104751 a=-1482,-3927,-122 g=1,20,-18
WFI t=104801 a=-1496,-3928,-101 g=-4,-34,15
WFI t=104851 a=-1446,-3923,-118 g=-8,-33,19
WFI t=104901 a=-1461,-3921,-126 g=-4,17,-24
WFI t=104951 a=-1472,-3918,-108 g=3,31,-15
WFI t=105001 a=-1474,-3905,-111 g=1,-1,-10
WFI t=105051 a=-1475,-3925,-98 g=-1,-19,6
WFI t=105101 a=-1461,-3929,-105 g=-7,-19,-3
WFR t=105103 src=bms type=0x02 len=129 data=d2037c0eec0eec0eed0eec0eed0eec0eed0eed0eeb0eec0eed0eed0ef10ef00ef10eef0ef10ef10ef20ef10ef10ef20ef20ef20ef10ef20ef20ef20000000000000000003d0000000000000000000000000000042e752f02ae0ef20eeb003d003d00000157001c0001001d0000000100010eef0007000a0000000000000000252d
WFI t=105151 a=-1467,-3928,-115 g=-1,-10,4
WFI t=105201 a=-1454,-3923,-110 g=3,9,-13
WFI t=105251 a=-1490,-3909,-112 g=1,17,-18
WFI t=105301 a=-1479,-3910,-114 g=0,-19,5
WFI t=105351 a=-1460,-3920,-119 g=-4,-12,4
WFI t=105401 a=-1486,-3927,-103 g=-7,-26,6
WFI t=105451 a=-1446,-3924,-110 g=-1,19,-7
WFI t=105501 a=-1491,-3922,-109 g=-5,13,-27
WFI t=105551 a=-1461,-3918,-128 g=-1,9,6
WFI t=105601 a=-1463,-3908,-109 g=-13,-15,-12
WFI t=105651 a=-1472,-3919,-96 g=-4,-1,8
WFI t=105701 a=-1458,-3922,-110 g=-7,-17,-7
WFI t=105751 a=-1466,-3921,-120 g=2,30,-6
WFI t=105801 a=-1463,-3915,-120 g=1,27,-18
WFI t=105851 a=-1497,-3923,-97 g=-2,4,-6
WFI t=105901 a=-1459,-3945,-91 g=-1,-21,9
WFI t=105951 a=-1457,-3928,-105 g=-8,-21,-7
WFI t=106001 a=-1462,-3921,-118 g=-2,14,-6
WFI t=106051 a=-1486,-3931,-119 g=-5,4,-17
WFI t=106101 a=-1470,-3908,-128 g=5,1,7
WFR t=106123 src=bms type=0x02 len=129 data=d2037c0eec0eec0eed0eec0eed0eec0eed0eed0eeb0eec0eed0eed0ef10ef10ef10eef0ef10ef10ef20ef20ef10ef20ef20ef20ef10ef20ef20ef20000000000000000003d0000000000000000000000000000042e753002ae0ef20eeb003d003d00000157001c0001001d0000000100010eef000700000000000000000000b1a2
WFI t=106151 a=-1493,-3900,-109 g=-10,-31,9
WFI t=106201 a=-1451,-3938,-105 g=2,-22,23
WFI t=106251 a=-1469,-3928,-78 g=-6,-7,-27
WFI t=106301 a=-1473,-3904,-112 g=3,22,-8
WFI t=106351 a=-1473,-3913,-134 g=-7,14,-24
WFI t=106496 a=-1498,-3905,-108 g=0,-14,16
WFI t=106511 a=-1471,-3922,-92 g=-8,-18,4
WFI t=106513 a=-1478,-3921,-94 g=-5,-6,6
WFT t=106517 batt_mv=4194 rssi_mcu=0 rssi_bms=-77 mcu=0 bms=82 dropped=0
WFI t=106551 a=-1448,-3912,-121 g=-1,5,-3
WFI t=106601 a=-1465,-3930,-108 g=-2,18,-18
WFI t=106651 a=-1466,-3923,-107 g=-1,31,-24
WFI t=106701 a=-1483,-3907,-105 g=3,14,-17
WFI t=106751 a=-1495,-3917,-118 g=-6,-46,13
WFI t=106801 a=-1431,-3917,-112 g=-5,-44,28
WFI t=106851 a=-1453,-3929,-112 g=-9,-10,-17
WFI t=106901 a=-1443,-3920,-108 g=7,48,-17
WFI t=106951 a=-1481,-3925,-112 g=-5,31,-43
WFI t=107001 a=-1504,-3927,-115 g=9,-5,11
WFI t=107051 a=-1462,-3922,-115 g=-8,-59,19
WFI t=107101 a=-1456,-3920,-110 g=3,-20,17
WFR t=107114 src=bms type=0x02 len=129 data=d2037c0eed0eec0eed0eec0eed0eec0eed0eed0eeb0eec0eed0eed0ef00ef00ef10eef0ef10ef10ef20ef20ef10ef20ef20ef20ef10ef20ef20ef20000000000000000003d0000000000000000000000000000042e752e02ae0ef20eec003d003d00000157001c0001001d0000000100010eef0006001500000000000000004804
WFI t=107151 a=-1437,-3922,-112 g=0,33,-26
WFI t=107201 a=-1504,-3919,-115 g=-4,31,-30
WFI t=107251 a=-1466,-3923,-104 g=1,-6,0
WFI t=107301 a=-1469,-3919,-108 g=-5,-22,5
WFI t=107351 a=-1476,-3921,-106 g=-5,-28,11
WFI t=107401 a=-1448,-3929,-114 g=-2,-1,0
WFI t=107451 a=-1476,-3922,-113 g=-10,3,-17
WFI t=107501 a=-1440,-3922,-113 g=2,26,-17
WFI t=107551 a=-1497,-3918,-101 g=-8,-3,-18
WFI t=107601 a=-1466,-3917,-121 g=1,-10,18
WFI t=107651 a=-1470,-3924,-121 g=-10,-24,-8
WFI t=107701 a=-1480,-3929,-102 g=0,-6,9
WFI t=107752 a=-1445,-3920,-98 g=-2,7,-10
WFI t=107801 a=-1480,-3917,-116 g=-1,19,-23
WFI t=107851 a=-1466,-3913,-125 g=4,7,6
WFI t=107901 a=-1479,-3922,-121 g=-8,-30,-6
WFI t=107951 a=-1466,-3917,-101 g=6,-13,18
WFI t=108001 a=-1422,-3900,-130 g=-5,16,-28
WFI t=108051 a=-1515,-3916,-107 g=2,12,-17
WFI t=108101 a=-1442,-3921,-113 g=-1,-13,13
WFI t=108151 a=-1467,-3933,-111 g=-6,-4,-18
WFI t=108201 a=-1487,-3926,-96 g=-3,-12,16
WFI t=108251 a=-1432,-3909,-115 g=-9,-17,1
WFI t=108301 a=-1467,-3919,-92 g=2,13,-10
WFI t=108351 a=-1449,-3920,-119 g=1,32,-18
WFI t=108504 a=-1497,-3932,-107 g=-3,-13,11
WFI t=108520 a=-1455,-3924,-105 g=-10,-24,2
WFI t=108522 a=-1463,-3940,-98 g=-4,-8,-1
WFI t=108551 a=-1455,-3923,-116 g=1,17,-10
WFI t=108601 a=-1478,-3920,-110 g=-4,22,-21
WFI t=108651 a=-1463,-3926,-116 g=4,3,-2
WFI t=108701 a=-1479,-3922,-108 g=-1,-18,-2
WFI t=108751 a=-1478,-3939,-109 g=-7,-31,17
WFI t=108801 a=-1429,-3922,-120 g=-2,14,-9
WFI t=108851 a=-1493,-3922,-94 g=-5,19,-28
WFI t=108901 a=-1461,-3910,-117 g=0,2,9
WFI t=108951 a=-1461,-3916,-130 g=-6,-19,-13
WFI t=109001 a=-1478,-3914,-106 g=1,-2,11
WFI t=109051 a=-1430,-3928,-115 g=0,6,-8
WFI t=109101 a=-1503,-3920,-103 g=-9,-9,-10
WFI t=109151 a=-1447,-3912,-111 g=3,2,9
WFI t=109201 a=-1493,-3924,-114 g=-7,-1,-27
WFI t=109251 a=-1490,-3919,-109 g=3,5,12
WFI t=109301 a=-1439,-3924,-118 g=-6,-13,-9
WFI t=109351 a=-1486,-3931,-99 g=3,-12,1
WFI t=109401 a=-1435,-3916,-106 g=0,6,0
WFI t=109451 a=-1476,-3931,-110 g=1,25,-32
WFI t=109501 a=-1495,-3912,-102 g=2,-4,5
WFI t=109551 a=-1459,-3918,-108 g=-7,-42,10
WFI t=109602 a=-1459,-3929,-103 g=1,-8,7
WFI t=109651 a=-1455,-3924,-126 g=5,30,-26
WFI t=109701 a=-1490,-3931,-116 g=-6,22,-19
WFI t=109751 a=-1478,-3914,-121 g=-6,-29,4
WFI t=109801 a=-1453,-3919,-106 g=-4,-18,14
WFI t=109851 a=-1480,-3927,-117 g=0,0,-14
WFI t=109901 a=-1487,-3919,-114 g=0,8,3
WFI t=109951 a=-1442,-3909,-120 g=-6,9,-19
WFI t=110001 a=-1497,-3921,-99 g=-6,2,-12
WFI t=110051 a=-1454,-3916,-107 g=-1,-14,10
WFI t=110101 a=-1467,-3919,-115 g=-5,-10,-13
WFI t=110151 a=-1489,-3920,-111 g=0,-1,12
WFI t=110201 a=-1465,-3917,-112 g=-6,-9,-12
WFI t=110251 a=-1485,-3941,-90 g=2,4,-3
WFI t=110301 a=-1442,-3914,-123 g=3,33,-20
WFI t=110351 a=-1525,-3923,-103 g=-9,-7,-17
WFI t=110444 a=-1429,-3926,-121 g=-7,-25,-9
WFI t=110528 a=-1437,-3917,-135 g=0,6,4
WFI t=110532 a=-1437,-3917,-135 g=0,6,4
WFI t=110551 a=-1440,-3928,-121 g=-3,9,-18
WFI t=110601 a=-1499,-3923,-95 g=-2,34,-24
WFI t=110651 a=-1487,-3926,-112 g=-2,-14,3
WFI t=110701 a=-1477,-3931,-104 g=-1,-38,15
WFI t=110751 a=-1454,-3922,-114 g=0,-2,-1
WFI t=110801 a=-1470,-3927,-119 g=-1,37,-25
WFI t=110851 a=-1475,-3919,-101 g=0,0,-6
WFI t=110901 a=-1465,-3915,-108 g=-11,-15,3
WFI t=110951 a=-1460,-3925,-122 g=-3,-10,-6
WFI t=111001 a=-1471,-3904,-114 g=2,-4,4
WFI t=111051 a=-1461,-3916,-106 g=-2,-16,-2
WFI t=111101 a=-1446,-3926,-112 g=1,22,-11
WFI t=111151 a=-1503,-3919,-106 g=-6,2,-16
WFI t=111201 a=-1474,-3932,-102 g=-2,-19,18
WFI t=111251 a=-1445,-3935,-120 g=-6,-11,-6
WFI t=111301 a=-1493,-3911,-103 g=3,12,-1
WFI t=111351 a=-1459,-3915,-124 g=2,17,-19
WFI t=111401 a=-1490,-3910,-99 g=-7,-16,-6
WFI t=111451 a=-1427,-3926,-109 g=2,-6,11
WFI t=111501 a=-1484,-3911,-103 g=-9,-1,-21
WFT t=111536 batt_mv=4180 rssi_mcu=0 rssi_bms=-82 mcu=0 bms=83 dropped=0
WFI t=111551 a=-1452,-3926,-116 g=5,13,5
WFI t=111601 a=-1478,-3928,-124 g=-7,-13,-22
WFI t=111651 a=-1483,-3926,-99 g=0,-19,23
WFI t=111701 a=-1428,-3919,-121 g=-3,5,-12
WFI t=111751 a=-1506,-3921,-109 g=-1,14,-11
WFI t=111801 a=-1443,-3916,-135 g=5,9,5
WFI t=111851 a=-1495,-3919,-102 g=-8,-12,-21
WFI t=111901 a=-1452,-3921,-101 g=7,-8,17
WFI t=111951 a=-1471,-3924,-112 g=-9,-7,-17
WFI t=112001 a=-1496,-3920,-101 g=-4,0,4
WFI t=112051 a=-1431,-3919,-104 g=-6,9,-8
WFI t=112101 a=-1490,-3912,-113 g=-1,-2,-17
WFI t=112158 a=-1453,-3914,-115 g=-3,-10,16
WFI t=112201 a=-1469,-3927,-112 g=-5,-13,-12
WFI t=112251 a=-1481,-3913,-97 g=4,20,0
WFI t=112301 a=-1470,-3917,-112 g=-8,-17,-13
WFI t=112351 a=-1475,-3924,-94 g=-9,-27,14
WFI t=112401 a=-1432,-3926,-117 g=1,21,-17
WFI t=112462 a=-1512,-3933,-98 g=5,28,-24
WFI t=112601 a=-1462,-3924,-116 g=-6,-35,9
WFI t=112687 a=-1475,-3929,-119 g=7,30,-16
WFI t=112689 a=-1467,-3923,-122 g=1,28,-18
WFI t=112691 a=-1467,-3923,-122 g=1,28,-18
WFI t=112701 a=-1471,-3922,-121 g=-1,23,-21
WFI t=112751 a=-1503,-3933,-119 g=-9,-17,1
WFI t=112801 a=-1449,-3914,-112 g=-6,-39,22
WFI t=112851 a=-1464,-3932,-114 g=1,-5,-7
WFI t=112901 a=-1476,-3922,-113 g=-1,35,-21
WFI t=112951 a=-1485,-3918,-107 g=0,12,-17
WFI t=113001 a=-1459,-3913,-120 g=-6,-10,2
WFI t=113051 a=-1475,-3918,-111 g=-5,-28,1
WFI t=113101 a=-1457,-3916,-109 g=-1,-10,11
WFI t=113151 a=-1448,-3915,-130 g=0,28,-28
WFI t=113201 a=-1508,-3924,-95 g=-2,14,-14
WFI t=113251 a=-1471,-3915,-119 g=-7,-37,15
WFI t=113301 a=-1455,-3918,-100 g=-9,-9,-3
WFI t=113352 a=-1472,-3917,-120 g=-3,15,-12
WFI t=113401 a=-1474,-3918,-125 g=-1,-8,5
WFI t=113451 a=-1453,-3931,-123 g=2,-5,0
WFI t=113501 a=-1464,-3923,-109 g=3,30,-22
WFI t=113551 a=-1505,-3924,-121 g=-3,-7,-10
WFI t=113601 a=-1449,-3919,-111 g=1,-23,20
WFI t=113651 a=-1449,-3919,-118 g=-5,-10,-17
WFI t=113701 a=-1486,-3930,-105 g=1,2,3
WFI t=113751 a=-1449,-3913,-110 g=3,9,-11
WFI t=113801 a=-1483,-3931,-107 g=-5,6,-15
WFI t=113851 a=-1453,-3913,-101 g=-5,-9,7
WFI t=113901 a=-1472,-3914,-116 g=-5,-26,-3
WFI t=113951 a=-1477,-3924,-130 g=-6,-10,12
WFI t=114001 a=-1447,-3916,-117 g=-2,23,-26
WFI t=114051 a=-1509,-3913,-114 g=-3,26,-23
WFI t=114101 a=-1466,-3924,-123 g=-1,-21,14
WFI t=114151 a=-1462,-3910,-107 g=-2,-37,10
WFI t=114201 a=-1445,-3917,-112 g=4,9,2
WFI t=114251 a=-1462,-3918,-111 g=0,23,-27
WFI t=114301 a=-1486,-3907,-90 g=-1,1,-2
WFI t=114351 a=-1450,-3930,-108 g=-6,-4,-3
WFI t=114401 a=-1485,-3929,-106 g=-6,-6,-8
WFI t=114469 a=-1454,-3928,-102 g=-4,-15,16
WFI t=114551 a=-1482,-3929,-102 g=-4,11,-25
WFI t=114553 a=-1495,-3917,-96 g=-2,11,-17
WFI t=114601 a=-1450,-3908,-118 g=2,9,-3
WFI t=114651 a=-1492,-3912,-119 g=-13,-16,-10
WFI t=114701 a=-1465,-3917,-118 g=2,-7,15
WFI t=114751 a=-1456,-3915,-109 g=-8,-6,-14
WFI t=114801 a=-1491,-3923,-119 g=-5,0,-1
WFI t=114851 a=-1453,-3924,-103 g=-4,5,-7
WFI t=114901 a=-1488,-3925,-106 g=-5,-3,-15
WFI t=114951 a=-1454,-3928,-113 g=2,4,10
WFI t=115001 a=-1482,-3924,-119 g=-5,-13,-13
WFI t=115051 a=-1472,-3933,-116 g=2,3,7
WFI t=115101 a=-1460,-3920,-107 g=-4,-7,-15
WFI t=115151 a=-1476,-3919,-102 g=4,7,-3
WFI t=115201 a=-1451,-3915,-124 g=-4,-1,-7
WFI t=115251 a=-1490,-3919,-115 g=-2,-4,-5
WFI t=115301 a=-1458,-3919,-120 g=0,-20,8
WFI t=115351 a=-1462,-3923,-104 g=-3,-5,2
WFI t=115401 a=-1446,-3927,-107 g=4,33,-21
WFI t=115451 a=-1501,-3914,-111 g=-2,4,-14
WFI t=115501 a=-1473,-3934,-118 g=1,-29,20
WFI t=115551 a=-1443,-3933,-113 g=-3,-14,-2
WFI t=115601 a=-1477,-3922,-99 g=-4,12,-9
WFI t=115651 a=-1460,-3927,-109 g=-2,6,-9
WFI t=115701 a=-1481,-3927,-118 g=-5,-4,-5
WFI t=115751 a=-1459,-3916,-124 g=-4,-3,1
WFI t=115801 a=-1482,-3919,-98 g=-3,-8,-4
WFI t=115851 a=-1468,-3918,-106 g=-2,4,1
WFI t=115901 a=-1476,-3929,-108 g=-1,7,-14
WFI t=115951 a=-1500,-3925,-111 g=-1,5,-12
WFI t=116001 a=-1474,-3915,-117 g=3,-7,4
WFI t=116051 a=-1450,-3930,-115 g=-1,-7,-7
WFI t=116101 a=-1478,-3917,-104 g=1,-3,1
WFI t=116151 a=-1484,-3918,-122 g=-3,6,-11
WFI t=116201 a=-1481,-3948,-98 g=-8,-7,-9
WFI t=116251 a=-1453,-3916,-100 g=-4,-1,-7
WFI t=116301 a=-1484,-3922,-116 g=-3,-1,-15
WFI t=116351 a=-1473,-3918,-131 g=-4,0,5
WFI t=116401 a=-1471,-3921,-108 g=-6,-30,8
WFI t=116475 a=-1469,-3913,-108 g=-2,-19,11
WFI t=116514 a=-1449,-3922,-125 g=0,26,-19
WFI t=116552 a=-1476,-3925,-122 g=4,41,-30
WFT t=116643 batt_mv=4188 rssi_mcu=0 rssi_bms=-76 mcu=0 bms=83 dropped=0
WFI t=116644 a=-1476,-3924,-119 g=-2,-14,3
WFI t=116651 a=-1468,-3931,-101 g=-11,-36,6
WFI t=116701 a=-1461,-3920,-107 g=-2,-36,17
WFI t=116751 a=-1439,-3913,-112 g=-2,19,-13
WFI t=116801 a=-1506,-3927,-115 g=-7,34,-36
WFI t=116851 a=-1487,-3929,-112 g=-3,-15,12
WFI t=116901 a=-1443,-3918,-111 g=-4,-30,5
WFI t=116951 a=-1474,-3925,-111 g=2,-2,2
WFI t=117001 a=-1464,-3915,-108 g=-5,12,-8
WFI t=117051 a=-1464,-3928,-113 g=-1,26,-22
WFI t=117101 a=-1487,-3916,-105 g=6,0,-9
WFI t=117151 a=-1478,-3929,-119 g=-3,-17,8
WFI t=117201 a=-1491,-3933,-124 g=2,-19,-1
WFE t=117249 bms stale, no frame for 10134 ms, dropping link
WFI t=117251 a=-1474,-3929,-136 g=1,-1,5
WFE t=117262 bms link down (stale) after 28 answers in 37836 ms, writes=38 err=0 silent=10 bytes=3612
WFE t=117269 bms disconnected reason=534
WFI t=117302 a=-1466,-3913,-105 g=-4,7,-18
WFI t=117351 a=-1482,-3913,-115 g=-3,10,-11
WFI t=117401 a=-1464,-3926,-111 g=-6,1,-3
WFI t=117451 a=-1484,-3916,-119 g=-5,-2,-4
WFI t=117501 a=-1470,-3933,-108 g=1,-8,5
WFI t=117551 a=-1463,-3907,-110 g=-3,-12,-6
WFI t=117601 a=-1473,-3923,-113 g=-4,-2,-6
WFI t=117651 a=-1465,-3920,-126 g=-3,15,-16
WFI t=117701 a=-1481,-3923,-100 g=-2,-3,-6
WFI t=117751 a=-1462,-3917,-106 g=-1,-17,10
WFI t=117801 a=-1468,-3912,-105 g=-1,-18,0
WFI t=117851 a=-1456,-3927,-114 g=-8,17,-10
WFI t=117901 a=-1474,-3909,-102 g=-3,17,-23
WFI t=117951 a=-1481,-3921,-113 g=-3,3,1
WFI t=118001 a=-1485,-3922,-120 g=-5,-27,1
WFI t=118051 a=-1471,-3928,-124 g=3,-10,6
WFI t=118101 a=-1458,-3912,-115 g=-2,2,-11
WFI t=118151 a=-1470,-3929,-105 g=3,10,-7
WFI t=118201 a=-1471,-3922,-126 g=-4,5,-12
WFI t=118251 a=-1486,-3912,-116 g=1,-8,1
WFI t=118301 a=-1462,-3913,-117 g=-1,-18,8
WFI t=118351 a=-1458,-3923,-105 g=-1,7,-7
WFI t=118401 a=-1471,-3910,-119 g=-2,13,-16
WFI t=118485 a=-1474,-3917,-121 g=-5,-19,5
WFI t=118570 a=-1461,-3921,-107 g=-5,8,-13
WFI t=118573 a=-1485,-3906,-114 g=-3,5,-12
WFI t=118601 a=-1487,-3918,-101 g=-6,-6,-1
WFI t=118651 a=-1453,-3923,-111 g=-4,-2,-4
WFI t=118701 a=-1482,-3921,-107 g=-4,7,-14
WFI t=118751 a=-1481,-3922,-125 g=-3,-1,-4
WFI t=118801 a=-1477,-3926,-103 g=-6,-8,-2
WFI t=118851 a=-1462,-3918,-115 g=0,-2,-2
WFI t=118901 a=-1475,-3919,-111 g=2,-7,-3
WFI t=118951 a=-1466,-3917,-97 g=-2,-3,0
WFI t=119001 a=-1477,-3911,-104 g=0,8,-9
WFI t=119051 a=-1482,-3914,-104 g=0,10,-10
WFI t=119101 a=-1476,-3915,-115 g=-4,-7,-3
WFI t=119151 a=-1470,-3927,-115 g=1,-11,8
WFI t=119201 a=-1484,-3913,-101 g=-7,-12,-5
WFI t=119251 a=-1468,-3921,-120 g=1,7,-4
WFI t=119301 a=-1487,-3916,-118 g=0,0,-6
WFI t=119351 a=-1475,-3917,-115 g=-4,-1,-3
WFI t=119401 a=-1471,-3918,-109 g=-3,-1,-8
WFE t=119414 bms subscribed val=0x0010 cccd=0x0011 ctrl=0x0014 mtu=512 regs=62
WFE t=119416 bms conn itvl=80 latency=0 timeout=600
WFE t=119428 bms reconnected (attempt 3)
WFE t=119444 bms mtu event mtu=512
WFI t=119451 a=-1474,-3932,-105 g=1,-2,0
WFI t=119501 a=-1469,-3915,-107 g=-4,-17,1
WFI t=119551 a=-1451,-3917,-106 g=-2,10,-7
WFI t=119601 a=-1471,-3920,-123 g=-1,16,-18
WFI t=119651 a=-1499,-3924,-101 g=-2,-2,0
WFI t=119701 a=-1452,-3936,-111 g=-3,-17,4
WFR t=119714 src=bms type=0x02 len=129 data=d2037c0eec0eec0eed0eed0eed0eec0eed0eed0eeb0eec0eed0eed0ef00ef00ef00eef0ef10ef10ef20ef10ef10ef20ef30ef20ef00ef20ef10ef20000000000000000003d0000000000000000000000000000042e752f02ae0ef20eeb003d003d00000157001c0001001d0000000100010eef0007000a00000000000000004836
WFI t=119751 a=-1482,-3916,-111 g=-1,-13,-5
WFI t=119801 a=-1456,-3915,-113 g=1,0,1
WFI t=119851 a=-1475,-3924,-101 g=-1,8,-13
WFI t=119901 a=-1467,-3922,-111 g=4,15,-4
WFI t=119951 a=-1483,-3925,-94 g=-6,-13,-7
WFI t=120001 a=-1474,-3924,-101 g=0,-12,10
WFI t=120051 a=-1462,-3925,-111 g=-3,-4,-9
WFI t=120101 a=-1472,-3918,-112 g=-3,6,-9
WFI t=120151 a=-1457,-3927,-122 g=2,10,-10
WFI t=120201 a=-1474,-3912,-91 g=-4,5,-15
WFI t=120251 a=-1482,-3917,-108 g=1,-5,2
WFI t=120301 a=-1480,-3934,-110 g=-7,-28,5
WFE t=120314 bms conn update status=0 itvl=12 latency=0 timeout=400
WFI t=120351 a=-1455,-3931,-117 g=6,4,1
WFI t=120401 a=-1472,-3932,-111 g=-2,12,-20
WFI t=120483 a=-1482,-3910,-114 g=1,2,1
WFI t=120574 a=-1469,-3917,-111 g=-1,-15,10
WFI t=120576 a=-1469,-3917,-111 g=-1,-15,10
WFI t=120601 a=-1463,-3929,-108 g=-3,-15,12
WFI t=120651 a=-1460,-3935,-95 g=1,-2,-9
WFI t=120701 a=-1479,-3929,-103 g=1,6,-5
WFI t=120751 a=-1471,-3920,-115 g=-2,-5,-10
WFR t=120794 src=bms type=0x02 len=129 data=d2037c0eed0eec0eed0eec0eec0eec0eed0eed0eeb0eec0eed0eed0ef00ef00ef10eef0ef10ef10ef20ef10ef10ef20ef20ef20ef00ef20ef10ef20000000000000000003d0000000000000000000000000000042e752f02ae0ef20eeb003d003d00000157001c0001001d0000000100010eef0007000a0000000000000000f1ff
WFI t=120801 a=-1487,-3922,-96 g=-1,-5,3
WFI t=120851 a=-1453,-3911,-113 g=-4,2,-9
WFI t=120901 a=-1485,-3921,-108 g=-2,1,-6
WFI t=120951 a=-1468,-3925,-112 g=1,10,-4
WFI t=121001 a=-1490,-3932,-106 g=-4,4,-14
WFI t=121051 a=-1484,-3924,-111 g=-3,-16,6
WFI t=121101 a=-1459,-3911,-109 g=-5,-9,-3
WFI t=121151 a=-1475,-3916,-107 g=-4,4,-9
WFI t=121201 a=-1473,-3920,-111 g=-1,2,-1
WFI t=121251 a=-1467,-3918,-100 g=6,6,-14
WFI t=121301 a=-1487,-3913,-117 g=-5,-2,-5
WFI t=121351 a=-1468,-3902,-108 g=-4,-19,5
WFI t=121401 a=-1447,-3919,-115 g=-2,-9,2
WFI t=121451 a=-1451,-3925,-120 g=3,21,-17
WFI t=121501 a=-1504,-3923,-104 g=-5,-4,-10
WFI t=121551 a=-1454,-3912,-105 g=2,-16,11
WFI t=121601 a=-1458,-3918,-120 g=1,2,-16
WFI t=121651 a=-1500,-3919,-95 g=0,2,3
WFI t=121701 a=-1434,-3916,-116 g=-1,6,-8
WFI t=121751 a=-1482,-3925,-98 g=-1,7,-12
WFI t=121801 a=-1475,-3876,-94 g=-6,-9,-9
WFT t=121803 batt_mv=4196 rssi_mcu=0 rssi_bms=-82 mcu=0 bms=85 dropped=0
WFR t=121814 src=bms type=0x02 len=129 data=d2037c0eec0eec0eec0eec0eec0eec0eed0eed0eec0eec0eed0eed0ef10ef10ef10eef0ef10ef10ef20ef10ef10ef20ef20ef20ef00ef10ef20ef20000000000000000003d0000000000000000000000000000042e752f02ae0ef20eec003d003d00000157001c0001001d0000000100010eef0006000a00000000000000000cac
WFI t=121851 a=-1467,-3943,-116 g=-4,-15,2
WFI t=121901 a=-1470,-3900,-89 g=-2,3,-6
WFI t=121951 a=-1466,-3913,-120 g=-12,-8,-15
WFI t=122001 a=-1464,-3924,-77 g=4,-11,3
WFI t=122051 a=-1462,-3924,-111 g=-1,9,-8
WFI t=122101 a=-1489,-3906,-101 g=-5,1,-16
WFI t=122151 a=-1480,-3933,-103 g=2,-5,3
WFI t=122201 a=-1471,-3928,-109 g=-5,-22,-4
WFI t=122251 a=-1467,-3911,-91 g=-9,-18,1
WFI t=122301 a=-1477,-3925,-108 g=-4,-5,-7
WFI t=122351 a=-1457,-3898,-93 g=-9,2,-13
WFI t=122401 a=-1479,-3907,-111 g=4,1,0
WFI t=122451 a=-1475,-3922,-119 g=-3,-11,2
WFI t=122725 a=-1481,-3916,-97 g=-2,-3,-4
WFI t=122741 a=-1488,-3918,-122 g=-7,-30,3
WFI t=122743 a=-1483,-3929,-95 g=-4,-27,10
WFI t=122745 a=-1483,-3929,-95 g=-4,-27,10
WFI t=122747 a=-1481,-3934,-103 g=-4,-25,10
WFI t=122751 a=-1483,-3936,-97 g=-3,-21,13
WFI t=122801 a=-1458,-3922,-105 g=-1,1,-9
WFI t=122851 a=-1479,-3918,-104 g=1,20,-13
WFI t=122901 a=-1472,-3915,-119 g=-1,4,-11
WFR t=122924 src=bms type=0x02 len=129 data=d2037c0eec0eec0eec0eec0eec0eec0eed0eed0eeb0eec0eed0eee0ef00ef00ef10eef0ef10ef10ef20ef10ef10ef20ef20ef20ef10ef20ef10ef20000000000000000003d0000000000000000000000000000042e752f02ae0ef20eeb003d003d00000157001c0001001d0000000100010eef0007000a0000000000000000f048
WFI t=122951 a=-1490,-3920,-111 g=0,0,-1
WFI t=123001 a=-1467,-3923,-114 g=-1,-19,7
WFI t=123051 a=-1457,-3927,-111 g=2,10,-4
WFI t=123101 a=-1486,-3920,-115 g=-6,-5,-16
WFI t=123151 a=-1451,-3924,-112 g=0,-5,7
WFI t=123201 a=-1463,-3931,-111 g=-2,5,-22
WFI t=123251 a=-1483,-3931,-102 g=4,23,-14
WFI t=123301 a=-1479,-3920,-103 g=-8,-17,-5
WFI t=123351 a=-1465,-3930,-124 g=-2,-10,-3
WFI t=123401 a=-1479,-3918,-113 g=-6,-30,-5
WFI t=123451 a=-1456,-3904,-119 g=6,-12,2
WFI t=123501 a=-1474,-3926,-111 g=1,-6,-11
WFI t=123551 a=-1489,-3924,-114 g=-2,-10,4
WFI t=123601 a=-1440,-3916,-99 g=-1,-6,15
WFI t=123651 a=-1454,-3920,-130 g=1,40,-38
WFI t=123701 a=-1520,-3923,-102 g=-4,16,-13
WFI t=123751 a=-1435,-3924,-120 g=0,-11,14
WFI t=123801 a=-1468,-3927,-103 g=-5,22,-30
WFI t=123851 a=-1502,-3918,-128 g=-3,14,-5
WFI t=123901 a=-1489,-3914,-113 g=-12,-66,19
WFR t=123914 src=bms type=0x02 len=129 data=d2037c0eec0eec0eed0eec0eec0eec0eed0eed0eeb0eec0eed0eed0ef00ef00ef10eef0ef10ef10ef20ef10ef10ef20ef20ef20ef00ef20ef20ef20000000000000000003d0000000000000000000000000000042e752f02ae0ef20eeb003d003d00000157001c0001001d0000000100010eef0007000a0000000000000000e946
WFI t=123951 a=-1451,-3931,-123 g=-10,-69,33
WFI t=124001 a=-1403,-3908,-132 g=-2,27,-7
WFI t=124051 a=-1481,-3956,-85 g=-1,77,-60
WFI t=124101 a=-1501,-3936,-115 g=9,48,-36
WFI t=124151 a=-1525,-3931,-100 g=-6,-45,2
WFI t=124201 a=-1467,-3924,-117 g=-4,-80,48
WFI t=124251 a=-1418,-3924,-96 g=-2,-7,16
WFI t=124301 a=-1455,-3931,-93 g=2,57,-37
WFI t=124351 a=-1500,-3928,-106 g=5,46,-29
WFI t=124401 a=-1477,-3921,-121 g=-7,-28,-1
WFI t=124451 a=-1451,-3922,-104 g=0,-20,19
WFI t=124592 a=-1486,-3919,-111 g=2,17,-9
WFI t=124594 a=-1488,-3921,-105 g=-1,-5,-5
WFI t=124601 a=-1477,-3913,-113 g=-6,-11,-7
WFI t=124651 a=-1483,-3921,-119 g=-5,-33,5
WFI t=124701 a=-1478,-3934,-111 g=-5,-24,13
WFI t=124751 a=-1418,-3925,-121 g=2,27,-11
WFI t=124801 a=-1507,-3921,-105 g=-5,14,-22
WFI t=124851 a=-1447,-3909,-117 g=2,-2,11
WFI t=124901 a=-1470,-3913,-112 g=-9,-12,-17
WFI t=124951 a=-1480,-3915,-115 g=2,18,-1
WFR t=124980 src=bms type=0x02 len=129 data=d2037c0eed0eec0eed0eec0eec0eec0eed0eed0eeb0eec0eed0eed0ef00ef00ef10ef00ef10ef10ef20ef10ef10ef20ef20ef20ef10ef20ef10ef20000000000000000003d0000000000000000000000000000042e752f02ae0ef20eeb003d003d00000157001c0001001d0000000100010eef0007000a0000000000000000cbf6
WFI t=125001 a=-1473,-3928,-115 g=-2,-6,-8
WFI t=125051 a=-1494,-3918,-104 g=-2,-20,16
WFI t=125101 a=-1446,-3912,-118 g=-3,-28,8
WFI t=125151 a=-1467,-3916,-117 g=-4,-3,-9
WFI t=125201 a=-1452,-3924,-130 g=3,28,-17
WFI t=125251 a=-1495,-3920,-102 g=1,30,-23
WFI t=125301 a=-1476,-3917,-116 g=-4,-7,5
WFI t=125351 a=-1492,-3927,-104 g=-3,-50,21
WFI t=125401 a=-1448,-3912,-100 g=-5,-27,18
WFI t=125451 a=-1429,-3920,-124 g=3,36,-26
WFI t=125501 a=-1487,-3901,-118 g=9,71,-42
WFI t=125551 a=-1497,-3921,-130 g=-3,-3,-10
WFI t=125601 a=-1480,-3909,-112 g=-1,-59,36
WFI t=125651 a=-1433,-3920,-110 g=-8,-40,16
WFI t=125701 a=-1445,-3931,-107 g=-2,27,-20
WFI t=125751 a=-1480,-3914,-113 g=2,48,-37
WFI t=125801 a=-1481,-3932,-112 g=1,33,-28
WFI t=125851 a=-1486,-3920,-101 g=-2,-22,0
WFI t=125901 a=-1478,-3916,-112 g=-7,-62,24
WFI t=125951 a=-1472,-3912,-110 g=-11,-89,47
WFR t=125985 src=bms type=0x02 len=129 data=d2037c0eec0eec0eed0eec0eed0eec0eed0eed0eeb0eec0eed0eed0ef10ef00ef10eef0ef10ef10ef20ef20ef10ef20ef20ef20ef00ef20ef10ef20000000000000000003d0000000000000000000000000000042e752f02ae0ef20eeb003d003d00000157001c0001001d0000000100010eef0007000a00000000000000002b1d
WFI t=126001 a=-1422,-3918,-130 g=12,64,29
WFI t=126051 a=-1413,-3897,-30 g=-25,18,-85
WFI t=126101 a=-1526,-3901,-126 g=10,113,-62
WFI t=126151 a=-1523,-3890,-143 g=-7,-31,22
WFI t=126201 a=-1458,-3913,-125 g=-8,-60,40
WFI t=126251 a=-1453,-3931,-106 g=-7,-25,7
WFI t=126301 a=-1498,-3917,-80 g=-1,-32,-2
WFI t=126351 a=-1445,-3912,-114 g=-1,-21,7
WFI t=126401 a=-1456,-3915,-126 g=1,32,-42
WFI t=126451 a=-1515,-3912,-109 g=3,66,-35
WFI t=126593 a=-1482,-3913,-111 g=-8,-5,0
WFI t=126609 a=-1487,-3912,-116 g=-7,-69,26
WFI t=126611 a=-1463,-3934,-108 g=-3,-59,27
WFI t=126651 a=-1440,-3926,-124 g=7,1,6
WFI t=126701 a=-1466,-3928,-124 g=1,71,-57
WFI t=126751 a=-1517,-3911,-123 g=0,55,-30
WFI t=126801 a=-1491,-3914,-116 g=-8,-36,8
WFI t=126851 a=-1451,-3923,-98 g=-7,-45,18
WFI t=126901 a=-1451,-3928,-116 g=0,-17,-5
WFI t=126951 a=-1471,-3910,-107 g=0,-11,-1
WFT t=126999 batt_mv=4194 rssi_mcu=0 rssi_bms=-84 mcu=0 bms=90 dropped=0
WFI t=127001 a=-1429,-3922,-130 g=3,29,-19
WFR t=127005 src=bms type=0x02 len=129 data=d2037c0eed0eec0eed0eec0eed0eec0eed0eed0eeb0eec0eed0eee0ef00ef00ef10eef0ef10ef10ef20ef10ef10ef20ef20ef20ef00ef20ef10ef10000000000000000003d0000000000000000000000000000042e752f02ae0ef20eeb003d003d00000157001c0001001d0000000100010eef0007000a0000000000000000a3c0
WFI t=127051 a=-1492,-3911,-130 g=-5,31,-35
WFI t=127101 a=-1479,-3920,-113 g=-7,-16,13
WFI t=127151 a=-1444,-3921,-107 g=-5,-31,8
WFI t=127201 a=-1465,-3923,-111 g=-5,-8,5
WFI t=127251 a=-1457,-3909,-135 g=-1,5,-12
WFI t=127301 a=-1482,-3923,-115 g=-4,9,-11
WFI t=127351 a=-1443,-3921,-101 g=-4,23,-19
WFI t=127401 a=-1495,-3925,-100 g=-12,-17,-7
WFI t=127451 a=-1452,-3921,-130 g=-1,-26,19
WFI t=127501 a=-1467,-3918,-116 g=-6,-16,-6
WFI t=127551 a=-1472,-3917,-104 g=4,5,3
WFI t=127601 a=-1445,-3921,-114 g=4,21,-24
WFI t=127651 a=-1487,-3927,-114 g=-3,15,-13
WFI t=127701 a=-1461,-3922,-140 g=-3,-3,2
WFI t=127751 a=-1484,-3923,-114 g=-8,-30,6
WFI t=127801 a=-1442,-3915,-115 g=4,1,7
WFI t=127851 a=-1485,-3916,-130 g=-5,14,-31
WFI t=127901 a=-1485,-3923,-120 g=0,9,4
WFI t=127951 a=-1455,-3918,-124 g=-4,-8,-10
WFR t=127995 src=bms type=0x02 len=129 data=d2037c0eed0eec0eed0eec0eed0eec0eed0eed0eeb0eec0eed0eed0ef00ef00ef10eef0ef10ef10ef20ef10ef10ef20ef20ef20ef10ef20ef20ef20000000000000000003d0000000000000000000000000000042e752f02ae0ef20eeb003d003d00000157001c0001001d0000000100010eef0007000a0000000000000000bafc
WFI t=128001 a=-1486,-3935,-92 g=-4,-20,8
WFI t=128051 a=-1433,-3925,-103 g=-6,6,-4
WFI t=128101 a=-1487,-3913,-121 g=-3,8,-25
WFI t=128151 a=-1452,-3915,-134 g=6,9,12
WFI t=128201 a=-1477,-3925,-104 g=-4,0,-22
WFI t=128251 a=-1479,-3928,-100 g=1,-14,19
WFI t=128301 a=-1416,-3919,-114 g=-4,-19,-2
WFI t=128351 a=-1497,-3917,-119 g=-6,15,-22
WFI t=128401 a=-1472,-3919,-119 g=0,11,0
WFI t=128451 a=-1474,-3910,-116 g=-4,1,-20
WFI t=128535 a=-1449,-3927,-118 g=-3,-22,23
WFI t=128618 a=-1485,-3918,-103 g=-1,-1,5
WFI t=128621 a=-1471,-3931,-114 g=-2,4,7
WFI t=128651 a=-1433,-3922,-115 g=4,21,-8
WFI t=128701 a=-1476,-3917,-107 g=0,28,-43
WFI t=128751 a=-1509,-3910,-123 g=-5,-6,4
WFI t=128801 a=-1451,-3929,-121 g=-2,-33,17
WFI t=128851 a=-1475,-3919,-107 g=-5,-21,4
WFI t=128901 a=-1446,-3918,-108 g=0,-2,8
WFI t=128951 a=-1460,-3919,-117 g=2,18,-24
WFI t=129001 a=-1491,-3930,-120 g=0,29,-17
WFR t=129015 src=bms type=0x02 len=129 data=d2037c0eec0eec0eed0eec0eec0eec0eed0eed0eec0eec0eed0eee0ef00ef10ef10eef0ef10ef10ef20ef10ef10ef20ef20ef20ef10ef20ef20ef20000000000000000003d0000000000000000000000000000042e752f02ae0ef20eec003d003d00000157001c0001001d0000000100010eef0006000a000000000000000067f9
WFI t=129051 a=-1467,-3928,-142 g=-7,10,-16
WFI t=129101 a=-1493,-3929,-103 g=-4,-22,8
WFI t=129151 a=-1446,-3930,-119 g=-1,-24,14
WFI t=129201 a=-1467,-3926,-108 g=-7,-3,-16
WFI t=129251 a=-1465,-3932,-140 g=1,4,-5
WFI t=129301 a=-1458,-3922,-112 g=2,17,-20
WFI t=129351 a=-1491,-3921,-115 g=-4,-13,-4
WFI t=129401 a=-1455,-3926,-123 g=-1,-23,21
WFI t=129451 a=-1456,-3924,-112 g=-6,-4,-14
WFI t=129501 a=-1459,-3941,-111 g=5,33,-10
WFI t=129551 a=-1469,-3927,-121 g=-4,10,-25
WFI t=129601 a=-1483,-3916,-108 g=-6,-6,6
WFI t=129651 a=-1457,-3921,-117 g=-10,-29,8
WFI t=129701 a=-1469,-3915,-117 g=-6,-16,2
WFI t=129751 a=-1437,-3918,-117 g=2,12,-7
WFI t=129802 a=-1471,-3917,-115 g=-3,19,-27
WFI t=129894 a=-1465,-3923,-98 g=-6,-27,9
WFI t=129901 a=-1455,-3920,-99 g=-2,-28,13
WFI t=129951 a=-1441,-3915,-118 g=0,6,-1
WFI t=130001 a=-1472,-3922,-110 g=0,20,-24
WFR t=130035 src=bms type=0x02 len=129 data=d2037c0eed0eec0eed0eec0eed0eec0eed0eed0eeb0eec0eed0eee0ef00ef00ef10eef0ef10ef10ef20ef10ef10ef20ef20ef20ef10ef10ef20ef20000000000000000003d0000000000000000000000000000042e752f02ae0ef20eeb003d003d00000157001c0001001d0000000100010eef0007000a0000000000000000f6b9
WFI t=130051 a=-1475,-3911,-118 g=-4,-4,4
WFI t=130101 a=-1450,-3927,-127 g=-4,-12,-8
WFI t=130151 a=-1500,-3916,-100 g=0,-12,1
WFI t=130201 a=-1435,-3916,-107 g=-7,-17,12
WFI t=130251 a=-1468,-3923,-108 g=-2,-1,-14
WFI t=130301 a=-1462,-3923,-115 g=0,13,-5
WFI t=130351 a=-1464,-3912,-132 g=-5,12,-25
WFI t=130401 a=-1486,-3923,-114 g=-5,0,0
WFI t=130451 a=-1443,-3917,-126 g=-6,-10,2
WFI t=130605 a=-1447,-3928,-119 g=0,-15,24
WFI t=130692 a=-1485,-3917,-88 g=-7,24,-36
WFI t=130776 a=-1484,-3919,-116 g=0,-15,15
WFI t=130778 a=-1445,-3924,-120 g=1,-13,14
WFI t=130780 a=-1445,-3924,-120 g=1,-13,14
WFI t=130782 a=-1445,-3924,-120 g=1,-13,14
WFI t=130801 a=-1425,-3911,-125 g=-7,-10,2
WFI t=130851 a=-1485,-3927,-95 g=-8,-3,-12
WFI t=130901 a=-1450,-3934,-111 g=-1,23,-11
WFI t=130951 a=-1504,-3916,-126 g=-12,4,-29
WFI t=131001 a=-1474,-3929,-111 g=3,-14,23
WFI t=131051 a=-1446,-3933,-125 g=-4,-10,-15
WFR t=131085 src=bms type=0x02 len=129 data=d2037c0eec0eec0eed0eec0eed0eec0eed0eed0eeb0eec0eed0eee0ef00ef00ef00eef0ef10ef10ef20ef10ef10ef20ef30ef20ef00ef10ef10ef20000000000000000003d0000000000000000000000000000042e752f02ae0ef20eeb003d003d00000157001c0001001d0000000100010eef0007000a0000000000000000c730
WFI t=131101 a=-1487,-3928,-105 g=-1,-3,4
WFI t=131151 a=-1436,-3925,-118 g=-2,-2,-6
WFI t=131201 a=-1487,-3922,-114 g=-6,2,-20
WFI t=131251 a=-1446,-3935,-125 g=6,3,8
WFI t=131301 a=-1459,-3918,-114 g=1,1,-16
WFI t=131351 a=-1470,-3924,-127 g=1,3,4
WFI t=131401 a=-1454,-3938,-123 g=-1,-9,-2
WFI t=131451 a=-1458,-3929,-114 g=-6,-7,-7
WFI t=131501 a=-1454,-3921,-109 g=3,20,-5
WFI t=131551 a=-1482,-3918,-123 g=-8,-4,-22
WFI t=131602 a=-1480,-3928,-121 g=2,-12,17
WFI t=131651 a=-1455,-3931,-126 g=-10,-16,-10
WFI t=131701 a=-1483,-3922,-108 g=-5,6,-7
WFI t=131751 a=-1450,-3904,-128 g=-6,15,-6
WFI t=131801 a=-1481,-3919,-137 g=0,19,-16
WFI t=131851 a=-1495,-3902,-113 g=0,-2,5
WFI t=131901 a=-1440,-3937,-114 g=0,-14,-4
WFI t=131951 a=-1471,-3939,-109 g=0,-2,-9
WFI t=132001 a=-1452,-3943,-139 g=-1,17,-8
WFI t=132051 a=-1481,-3930,-102 g=-9,-11,-11
WFR t=132075 src=bms type=0x02 len=129 data=d2037c0eed0eec0eed0eec0eed0eec0eed0eed0eeb0eec0eed0eee0ef00ef00ef10eef0ef10ef10ef20ef10ef10ef20ef20ef20ef00ef20ef10ef20000000000000000003d0000000000000000000000000000042e752f02ae0ef20eeb003d003d00000157001c0001001d0000000100010eef0007000a0000000000000000b2f3
WFT t=132086 batt_mv=4178 rssi_mcu=0 rssi_bms=-78 mcu=0 bms=96 dropped=0
WFI t=132101 a=-1451,-3925,-122 g=-3,-5,5
WFI t=132151 a=-1477,-3928,-116 g=-9,-25,-8
WFI t=132201 a=-1447,-3921,-121 g=-7,-3,3
WFI t=132251 a=-1461,-3914,-127 g=-4,16,-25
WFI t=132301 a=-1483,-3913,-126 g=-4,-5,-8
WFI t=132351 a=-1467,-3918,-123 g=-2,-35,12
WFI t=132401 a=-1447,-3930,-114 g=-1,-8,3
WFI t=132451 a=-1450,-3909,-119 g=-2,39,-23
WFI t=132607 a=-1483,-3922,-119 g=-5,-12,10
WFI t=132621 a=-1465,-3928,-110 g=-8,-10,-11
WFI t=132623 a=-1474,-3930,-108 g=-2,-1,-7
WFI t=132651 a=-1474,-3920,-119 g=-4,0,0
WFI t=132701 a=-1446,-3915,-110 g=-4,5,-3
WFI t=132751 a=-1475,-3926,-127 g=2,2,-13
WFI t=132801 a=-1466,-3917,-112 g=-2,6,0
WFI t=132851 a=-1463,-3919,-123 g=-7,-16,-5
WFI t=132901 a=-1468,-3928,-112 g=0,6,6
WFI t=132951 a=-1461,-3921,-116 g=1,7,-11
WFI t=133001 a=-1491,-3919,-117 g=-2,-8,-4
WFI t=133051 a=-1461,-3925,-115 g=-2,-15,5
WFR t=133095 src=bms type=0x02 len=129 data=d2037c0eec0eec0eed0eec0eec0eec0eed0eed0eeb0eec0eed0eee0ef00ef00ef10eef0ef10ef10ef20ef10ef10ef20ef20ef20ef00ef10ef10ef20000000000000000003d0000000000000000000000000000042e753002ae0ef20eeb003d003d00000157001c0001001d0000000100010eef000700000000000000000000d86d
WFI t=133101 a=-1477,-3937,-121 g=-6,1,-16
WFI t=133151 a=-1475,-3926,-113 g=2,5,7
WFI t=133201 a=-1464,-3911,-132 g=-6,-4,-14
WFI t=133251 a=-1497,-3937,-93 g=-4,-21,10
WFI t=133301 a=-1407,-3914,-125 g=-1,10,0
WFI t=133351 a=-1499,-3926,-109 g=-3,23,-32
WFI t=133401 a=-1458,-3927,-135 g=0,15,3
WFI t=133451 a=-1491,-3927,-110 g=-16,-46,-2
WFI t=133501 a=-1442,-3924,-123 g=4,-8,16
WFI t=133551 a=-1443,-3918,-120 g=-1,11,-28
WFI t=133601 a=-1496,-3920,-122 g=4,15,-8
WFI t=133651 a=-1458,-3922,-113 g=-2,-20,6
WFI t=133701 a=-1466,-3905,-114 g=-4,-2,-2
WFI t=133751 a=-1467,-3919,-121 g=-2,3,-10
WFI t=133801 a=-1461,-3926,-133 g=-5,-1,-3
WFI t=133851 a=-1451,-3929,-126 g=3,10,-8
WFI t=133901 a=-1485,-3927,-121 g=-4,-2,-8
WFI t=133951 a=-1449,-3931,-120 g=-2,-8,5
WFI t=134001 a=-1464,-3938,-115 g=-5,-12,-7
WFI t=134051 a=-1445,-3918,-114 g=1,8,2
WFR t=134085 src=bms type=0x02 len=129 data=d2037c0eed0eec0eed0eec0eed0eec0eed0eed0eeb0eec0eed0eed0ef00ef00ef10ef00ef10ef10ef20ef10ef20ef20ef20ef20ef00ef20ef20ef20000000000000000003d0000000000000000000000000000042e752f02ae0ef30eeb003d003d00000157001c0001001d0000000100010eef0008000a0000000000000000f953
WFI t=134101 a=-1472,-3917,-118 g=-3,2,-23
WFI t=134151 a=-1475,-3923,-112 g=7,-3,8
WFI t=134201 a=-1460,-3921,-133 g=-6,-9,-9
WFI t=134251 a=-1480,-3926,-111 g=-5,0,-1
WFI t=134301 a=-1445,-3923,-127 g=-9,-3,0
WFI t=134351 a=-1472,-3920,-124 g=-2,4,-13
WFI t=134401 a=-1478,-3926,-127 g=0,-3,1
WFI t=134451 a=-1445,-3925,-124 g=2,-2,-8
WFI t=134501 a=-1468,-3942,-113 g=-2,-3,-4
WFI t=134633 a=-1491,-3939,-111 g=-3,-1,-7
WFI t=134635 a=-1482,-3917,-113 g=0,-2,2
WFI t=134651 a=-1473,-3928,-115 g=0,-8,6
WFI t=134701 a=-1450,-3924,-124 g=-2,-6,-6
WFI t=134751 a=-1476,-3929,-120 g=-2,13,-12
WFI t=134801 a=-1467,-3914,-120 g=-5,-6,1
WFI t=134851 a=-1454,-3910,-118 g=-9,-15,1
WFI t=134901 a=-1453,-3926,-106 g=-6,1,-6
WFI t=134951 a=-1471,-3914,-115 g=2,14,-12
WFI t=135001 a=-1480,-3915,-118 g=-4,-10,-6
WFI t=135051 a=-1450,-3926,-115 g=1,-9,9
WFI t=135101 a=-1454,-3923,-126 g=-2,3,-17
WFR t=135105 src=bms type=0x02 len=129 data=d2037c0eec0eec0eed0eec0eed0eec0eed0eed0eeb0eec0eed0eed0ef00ef00ef10eef0ef10ef10ef20ef10ef10ef20ef20ef20ef00ef20ef10ef20000000000000000003d0000000000000000000000000000042e753002ae0ef20eeb003d003d00000157001c0001001d0000000100010eef0007000000000000000000006e52
WFI t=135151 a=-1484,-3917,-117 g=-1,-4,3
WFI t=135201 a=-1446,-3922,-126 g=1,1,-2
WFI t=135251 a=-1478,-3919,-116 g=-4,8,-20
WFI t=135301 a=-1467,-3930,-124 g=-1,-10,8
WFI t=135351 a=-1461,-3922,-125 g=0,-13,-2
WFI t=135401 a=-1470,-3911,-111 g=0,10,-9
WFI t=135451 a=-1476,-3925,-116 g=-1,7,-10
WFI t=135501 a=-1471,-3919,-116 g=-6,-14,-1
WFI t=135551 a=-1449,-3916,-128 g=-2,0,2
WFI t=135601 a=-1463,-3927,-127 g=-2,-6,-9
WFI t=135651 a=-1471,-3929,-121 g=-3,-10,9
WFI t=135701 a=-1455,-3934,-125 g=1,5,-7
WFI t=135751 a=-1490,-3924,-107 g=-7,7,-11
WFI t=135801 a=-1476,-3917,-122 g=-2,-26,15
WFI t=135851 a=-1441,-3926,-118 g=-3,1,-2
WFI t=135902 a=-1490,-3935,-124 g=3,8,-20
WFI t=135951 a=-1477,-3936,-115 g=0,-7,13
WFI t=136001 a=-1447,-3919,-123 g=-11,-9,-14
WFI t=136051 a=-1469,-3920,-130 g=0,33,-22
WFR t=136095 src=bms type=0x02 len=129 data=d2037c0eec0eec0eed0eed0eec0eec0eed0eed0eeb0eec0eed0eed0ef00ef00ef00eef0ef10ef10ef20ef10ef10ef20ef20ef20ef00ef20ef20ef20000000000000000003d0000000000000000000000000000042e752f02ae0ef20eec003d003d00000157001c0001001d0000000100010eef0006000a0000000000000000c995
WFI t=136101 a=-1476,-3913,-143 g=-7,6,-25
WFI t=136151 a=-1486,-3932,-120 g=-4,-31,8
WFI t=136201 a=-1416,-3938,-127 g=-4,-26,9
WFI t=136251 a=-1476,-3917,-91 g=-7,-9,-13
WFI t=136301 a=-1463,-3921,-113 g=1,1,6
WFI t=136351 a=-1463,-3923,-120 g=-5,11,-25
WFI t=136401 a=-1493,-3920,-121 g=2,13,-6
WFI t=136451 a=-1434,-3913,-126 g=-4,8,3
WFI t=136501 a=-1475,-3927,-114 g=-1,10,-11
WFI t=136561 a=-1476,-3925,-116 g=-5,-19,9
WFI t=136646 a=-1433,-3932,-109 g=0,-9,-3
WFI t=136651 a=-1442,-3922,-114 g=-1,-4,-6
WFI t=136701 a=-1442,-3928,-133 g=7,56,-36
WFI t=136751 a=-1511,-3919,-133 g=-4,21,-32
WFI t=136801 a=-1475,-3925,-118 g=0,-39,19
WFI t=136851 a=-1459,-3913,-107 g=-5,-63,23
WFI t=136901 a=-1448,-3915,-130 g=0,-20,13
WFI t=136951 a=-1442,-3928,-110 g=-3,24,-21
WFI t=137001 a=-1480,-3931,-115 g=4,52,-35
WFI t=137051 a=-1491,-3921,-113 g=-2,14,-20
WFI t=137101 a=-1461,-3928,-108 g=2,-17,9
WFT t=137109 batt_mv=4194 rssi_mcu=0 rssi_bms=-82 mcu=0 bms=100 dropped=0
WFR t=137115 src=bms type=0x02 len=129 data=d2037c0eed0eec0eed0eec0eed0eec0eed0eed0eeb0eec0eed0eed0ef00ef00ef10eef0ef10ef10ef20ef10ef10ef20ef20ef20ef10ef20ef20ef20000000000000000003d0000000000000000000000000000042e752f02ae0ef20eec003d003d00000157001c0001001d0000000100010eef0006000a00000000000000007cc0
WFI t=137151 a=-1470,-3925,-120 g=-8,-22,-3
WFI t=137201 a=-1477,-3937,-112 g=1,-15,9
WFI t=137251 a=-1436,-3928,-109 g=-3,-14,-5
WFI t=137301 a=-1468,-3937,-107 g=1,-11,-9
WFI t=137351 a=-1443,-3921,-113 g=2,14,-5
WFI t=137401 a=-1469,-3938,-107 g=-2,24,-22
WFI t=137451 a=-1486,-3930,-119 g=-6,8,5
WFI t=137501 a=-1450,-3920,-118 g=-10,-21,8
WFI t=137551 a=-1454,-3923,-132 g=0,-2,-3
WFI t=137601 a=-1444,-3932,-119 g=0,22,-10
WFI t=137651 a=-1462,-3915,-105 g=-4,14,-23
WFI t=137701 a=-1478,-3931,-120 g=-1,-20,7
WFI t=137751 a=-1445,-3925,-119 g=-3,-35,10
WFI t=137801 a=-1449,-3926,-114 g=-5,-8,-9
WFI t=137851 a=-1460,-3931,-137 g=-1,16,-10
WFI t=137901 a=-1455,-3938,-109 g=2,22,-19
WFI t=137951 a=-1487,-3924,-107 g=-7,-12,-3
WFI t=138001 a=-1451,-3931,-103 g=-5,-24,21
WFI t=138051 a=-1435,-3918,-130 g=-2,2,-17
WFI t=138101 a=-1487,-3934,-102 g=0,15,-5
WFR t=138105 src=bms type=0x02 len=129 data=d2037c0eec0eec0eed0eec0eed0eec0eed0eed0eeb0eec0eed0eed0ef00ef00ef10eef0ef10ef10ef20ef10ef10ef20ef20ef20ef10ef20ef10ef20000000000000000003d0000000000000000000000000000042e753002ae0ef20eeb003d003d00000157001c0001001d0000000100010eef000700000000000000000000936e
WFI t=138174 a=-1442,-3926,-120 g=-7,-3,-19
WFI t=138201 a=-1489,-3927,-93 g=-5,-10,-11
WFI t=138251 a=-1451,-3922,-122 g=4,-1,8
WFI t=138301 a=-1471,-3926,-109 g=-7,-19,-16
WFI t=138351 a=-1451,-3932,-121 g=-2,-5,14
WFI t=138401 a=-1443,-3930,-125 g=-2,23,-29
WFI t=138451 a=-1500,-3933,-113 g=-6,-2,-13
WFI t=138501 a=-1434,-3928,-127 g=4,-10,15
WFI t=138639 a=-1480,-3924,-108 g=-5,-4,-4
WFI t=138712 a=-1451,-3923,-114 g=-5,-5,-12
WFI t=138793 a=-1446,-3923,-130 g=4,5,2
WFI t=138808 a=-1486,-3925,-111 g=-2,-7,-6
WFI t=138810 a=-1466,-3913,-115 g=-2,-8,2
WFI t=138812 a=-1466,-3913,-115 g=-2,-8,2
WFI t=138851 a=-1454,-3922,-128 g=-2,-7,2
WFI t=138901 a=-1455,-3918,-128 g=0,8,-14
WFI t=138951 a=-1476,-3927,-110 g=-6,-8,-2
WFI t=139001 a=-1439,-3924,-110 g=1,-9,4
WFI t=139051 a=-1459,-3926,-119 g=-2,7,-16
WFI t=139101 a=-1466,-3921,-120 g=1,2,0
WFR t=139125 src=bms type=0x02 len=129 data=d2037c0eec0eec0eec0eec0eed0eec0eed0eed0eec0eec0eed0eed0ef00ef00ef10eef0ef10ef10ef20ef10ef10ef20ef20ef20ef00ef20ef20ef20000000000000000003d0000000000000000000000000000042e752f02ae0ef20eeb003d003d00000157001c0001001d0000000100010eef0007000a00000000000000001419
WFI t=139151 a=-1441,-3913,-135 g=-1,0,-8
WFI t=139201 a=-1477,-3924,-116 g=-4,-10,-3
WFI t=139251 a=-1435,-3920,-126 g=0,-13,10
WFI t=139301 a=-1476,-3925,-126 g=-10,1,-16
WFI t=139351 a=-1481,-3927,-132 g=-3,14,-6
WFI t=139401 a=-1474,-3928,-112 g=0,-10,-7
WFI t=139451 a=-1453,-3915,-102 g=-4,-4,0
WFI t=139501 a=-1454,-3922,-122 g=-3,3,-10
WFI t=139551 a=-1476,-3915,-114 g=-3,-6,3
WFI t=139601 a=-1446,-3921,-119 g=0,-7,1
WFI t=139651 a=-1461,-3938,-116 g=-5,5,-14
WFI t=139701 a=-1471,-3930,-107 g=0,1,-1
WFI t=139751 a=-1458,-3928,-123 g=-4,3,-10
WFI t=139801 a=-1489,-3921,-110 g=2,-2,-5
WFI t=139851 a=-1463,-3913,-126 g=-3,-17,6
WFI t=139901 a=-1460,-3930,-121 g=-5,-1,-9
WFI t=139951 a=-1475,-3919,-131 g=-2,15,-8
WFI t=140001 a=-1475,-3936,-109 g=0,-3,-6
WFI t=140051 a=-1458,-3927,-114 g=-2,-6,3
WFI t=140101 a=-1457,-3929,-122 g=-1,1,-12
WFI t=140151 a=-1470,-3927,-114 g=-3,-12,-1
WFR t=140160 src=bms type=0x02 len=129 data=d2037c0eec0eec0eed0eec0eec0eec0eed0eed0eeb0eec0eed0eee0ef00ef00ef10eef0ef10ef10ef20ef10ef10ef20ef20ef20ef00ef20ef20ef20000000000000000003d0000000000000000000000000000042e753002ae0ef20eeb003d003d00000157001c0001001d0000000100010eef000700000000000000000000611b
WFI t=140201 a=-1448,-3931,-111 g=-3,2,-3
WFI t=140251 a=-1467,-3916,-123 g=1,13,-23
WFI t=140301 a=-1472,-3919,-116 g=0,-12,6
WFI t=140351 a=-1433,-3923,-121 g=-3,-16,2
WFI t=140401 a=-1465,-3934,-110 g=-2,2,-9
WFI t=140451 a=-1467,-3926,-115 g=-4,3,-2
WFI t=140501 a=-1459,-3927,-104 g=-2,-5,-13
WFI t=140585 a=-1451,-3924,-124 g=3,7,-9
WFI t=140602 a=-1460,-3930,-123 g=-1,-3,-16
WFI t=140742 a=-1450,-3921,-118 g=1,-1,7
WFI t=140758 a=-1472,-3920,-110 g=-2,-7,-3
WFI t=140761 a=-1478,-3928,-109 g=3,-7,-2
WFI t=140801 a=-1452,-3925,-118 g=-3,-9,6
WFI t=140851 a=-1457,-3918,-130 g=-5,5,-17
WFI t=140901 a=-1485,-3912,-118 g=3,8,-5
WFI t=140951 a=-1452,-3925,-121 g=-3,-10,0
WFI t=141001 a=-1455,-3921,-103 g=0,-11,-1
WFI t=141051 a=-1448,-3913,-108 g=-3,8,-7
WFI t=141101 a=-1474,-3926,-112 g=-3,16,-15
WFR t=141136 src=bms type=0x02 len=129 data=d2037c0eec0eec0eed0eec0eec0eec0eed0eed0eeb0eec0eed0eed0ef00ef00ef10eef0ef10ef10ef20ef10ef10ef20ef20ef20ef00ef20ef10ef20000000000000000003d0000000000000000000000000000042e752f02ae0ef20eeb003d003d00000157001c0001001d0000000100010eef0007000a0000000000000000a503
WFI t=141151 a=-1477,-3931,-108 g=-3,-15,-2
WFI t=141201 a=-1451,-3921,-114 g=-1,-1,5
WFI t=141251 a=-1456,-3933,-122 g=-5,-10,-13
WFI t=141301 a=-1458,-3925,-130 g=-2,1,6
WFI t=141351 a=-1455,-3915,-140 g=-3,22,-30
WFI t=141401 a=-1504,-3918,-106 g=-4,7,-9
WFI t=141451 a=-1443,-3938,-99 g=-2,-31,23
WFI t=141501 a=-1453,-3942,-116 g=-11,-24,-9
WFI t=141551 a=-1471,-3929,-133 g=4,17,-9
WFI t=141601 a=-1460,-3916,-130 g=-5,12,-24
WFI t=141651 a=-1484,-3938,-118 g=1,1,2
WFI t=141701 a=-1457,-3929,-117 g=-7,-14,1
WFI t=141751 a=-1482,-3929,-121 g=-1,-16,-5
WFI t=141801 a=-1454,-3913,-135 g=2,10,-3
WFI t=141851 a=-1476,-3914,-113 g=0,10,-18
WFI t=141901 a=-1479,-3920,-109 g=0,-18,11
WFI t=141951 a=-1443,-3916,-131 g=-1,-4,-7
WFI t=142001 a=-1488,-3917,-104 g=-1,13,-13
WFI t=142051 a=-1464,-3919,-120 g=-1,6,0
WFI t=142101 a=-1484,-3920,-109 g=-6,-10,-10
WFT t=142151 batt_mv=4178 rssi_mcu=0 rssi_bms=-83 mcu=0 bms=105 dropped=0
WFI t=142152 a=-1467,-3922,-130 g=-2,-15,5
WFR t=142171 src=bms type=0x02 len=129 data=d2037c0eed0eec0eed0eec0eec0eec0eed0eed0eeb0eec0eed0eed0ef00ef00ef10eef0ef10ef10ef20ef20ef10ef20ef20ef20ef00ef20ef20ef20000000000000000003d0000000000000000000000000000042e752f02ae0ef20eeb003d003d00000157001c0001001d0000000100010eef0007000a000000000000000002f3
WFI t=142201 a=-1444,-3931,-119 g=-1,-3,-4
WFI t=142251 a=-1458,-3929,-121 g=-2,5,-12
WFI t=142301 a=-1468,-3930,-104 g=1,-6,1
WFI t=142351 a=-1437,-3931,-117 g=-1,3,-9
WFI t=142401 a=-1485,-3919,-103 g=-5,5,-4
WFI t=142451 a=-1449,-3925,-125 g=4,4,-1
WFI t=142501 a=-1486,-3923,-120 g=-7,-13,-10
WFI t=142551 a=-1448,-3921,-105 g=4,-12,13
WFI t=142686 a=-1440,-3913,-122 g=0,14,-4
WFI t=142688 a=-1437,-3926,-122 g=-1,16,-11
WFI t=142701 a=-1460,-3926,-116 g=-2,15,-17
WFI t=142751 a=-1487,-3942,-105 g=-7,-17,1
WFI t=142801 a=-1440,-3923,-123 g=-6,-27,23
WFI t=142851 a=-1466,-3924,-126 g=-5,0,-26
WFI t=142901 a=-1479,-3912,-122 g=8,38,-2
WFI t=142951 a=-1455,-3922,-134 g=-1,10,-17
WFI t=143001 a=-1488,-3929,-95 g=-1,-13,6
WFI t=143051 a=-1432,-3928,-116 g=-6,-22,9
WFI t=143101 a=-1479,-3930,-108 g=-8,-6,-14
WFI t=143151 a=-1449,-3923,-130 g=2,10,2
WFR t=143176 src=bms type=0x02 len=129 data=d2037c0eec0eec0eed0eec0eec0eec0eed0eed0eeb0eec0eed0eed0ef00ef00ef10ef00ef10ef10ef20ef20ef10ef20ef20ef20ef00ef20ef10ef20000000000000000003d0000000000000000000000000000042e752f02ae0ef20eeb003d003d00000157001c0001001d0000000100010eef0007000a0000000000000000dd7f
WFI t=143201 a=-1450,-3923,-107 g=-2,18,-25
WFI t=143251 a=-1491,-3928,-105 g=-3,-14,0
WFI t=143301 a=-1429,-3921,-122 g=-3,-18,16
WFI t=143351 a=-1464,-3929,-122 g=-2,2,-17
WFI t=143401 a=-1473,-3931,-119 g=7,26,-4
WFI t=143451 a=-1467,-3931,-114 g=-5,-5,-20
WFI t=143501 a=-1479,-3948,-117 g=-3,-19,10
WFI t=143551 a=-1422,-3910,-135 g=-5,5,-8
WFI t=143601 a=-1497,-3923,-95 g=-7,1,-16
WFI t=143651 a=-1450,-3914,-128 g=0,-12,14
WFI t=143701 a=-1473,-3921,-109 g=-10,-11,-14
WFI t=143751 a=-1456,-3933,-111 g=8,9,3
WFI t=143801 a=-1467,-3926,-106 g=-3,9,-15
WFI t=143851 a=-1463,-3944,-114 g=5,13,-9
WFI t=143901 a=-1475,-3923,-130 g=-9,-9,-9
WFI t=143951 a=-1485,-3925,-118 g=-6,-30,12
WFI t=144001 a=-1424,-3932,-127 g=-2,-10,1
WFI t=144051 a=-1472,-3917,-109 g=-1,22,-16
WFI t=144101 a=-1461,-3930,-118 g=-5,18,-18
WFI t=144151 a=-1490,-3929,-112 g=-2,-6,-1
WFR t=144181 src=bms type=0x02 len=129 data=d2037c0eec0eec0eed0eec0eed0eec0eed0eed0eeb0eec0eed0eee0ef00ef00ef10eef0ef10ef10ef20ef10ef10ef20ef20ef20ef00ef20ef20ef20000000000000000003d0000000000000000000000000000042e752f02ae0ef30eeb003d003d00000157001c0001001d0000000100010eef0008000a000000000000000086ce
WFI t=144201 a=-1466,-3930,-138 g=-8,-32,12
WFI t=144251 a=-1446,-3934,-114 g=-1,-10,1
WFI t=144301 a=-1449,-3924,-120 g=-2,10,-7
WFI t=144351 a=-1451,-3910,-140 g=2,12,-17
WFI t=144401 a=-1467,-3919,-128 g=-3,-7,2
WFI t=144451 a=-1475,-3941,-92 g=-5,-34,16
WFI t=144501 a=-1437,-3940,-107 g=-5,0,-14
WFI t=144551 a=-1485,-3923,-126 g=4,33,-24
WFI t=144678 a=-1485,-3913,-134 g=-7,-18,0
WFI t=144694 a=-1450,-3938,-123 g=0,-7,-11
WFI t=144701 a=-1471,-3913,-101 g=-3,-1,-6
WFI t=144751 a=-1467,-3923,-112 g=-4,-21,11
WFI t=144801 a=-1426,-3920,-132 g=-4,21,-17
WFI t=144851 a=-1502,-3917,-119 g=-5,20,-34
WFI t=144901 a=-1476,-3916,-121 g=-3,-20,15
WFI t=144951 a=-1433,-3915,-113 g=-5,-31,5
WFI t=145002 a=-1453,-3911,-122 g=4,29,-6
WFI t=145051 a=-1494,-3926,-115 g=-6,0,-24
WFI t=145101 a=-1462,-3923,-110 g=-2,-10,13
WFI t=145151 a=-1447,-3918,-96 g=-8,-17,-11
WFR t=145186 src=bms type=0x02 len=129 data=d2037c0eed0eec0eed0eec0eed0eec0eed0eed0eeb0eec0eed0eed0ef00ef00ef10ef00ef10ef10ef20ef10ef10ef20ef20ef20ef10ef20ef10ef20000000000000000003d0000000000000000000000000000042e752f02ae0ef20eeb003d003d00000157001c0001001d0000000100010eef0007000a0000000000000000318c
WFI t=145201 a=-1476,-3918,-135 g=5,28,-10
WFI t=145251 a=-1473,-3914,-127 g=-1,-11,-6
WFI t=145301 a=-1457,-3927,-130 g=-1,-8,3
WFI t=145351 a=-1448,-3934,-106 g=-3,3,-8
WFI t=145401 a=-1474,-3933,-114 g=0,15,-16
WFI t=145451 a=-1472,-3929,-115 g=0,-18,14
WFI t=145501 a=-1438,-3927,-146 g=-4,-6,-8
WFI t=145551 a=-1475,-3923,-103 g=2,4,-6
WFI t=145601 a=-1460,-3919,-132 g=-6,-7,-2
WFI t=145651 a=-1482,-3921,-128 g=-5,-4,-7
WFI t=145701 a=-1458,-3920,-130 g=1,12,-8
WFI t=145751 a=-1487,-3929,-107 g=-7,-19,1
WFI t=145801 a=-1438,-3924,-104 g=1,-13,8
WFI t=145851 a=-1469,-3919,-119 g=-7,13,-25
WFI t=145901 a=-1481,-3919,-132 g=4,9,0
WFI t=145951 a=-1432,-3905,-118 g=-1,-6,-2
WFI t=146001 a=-1484,-3925,-106 g=-1,-3,-3
WFI t=146051 a=-1454,-3918,-132 g=-10,-26,5
WFI t=146101 a=-1447,-3926,-126 g=-1,-2,-2
WFI t=146151 a=-1437,-3922,-126 g=2,42,-28
WFR t=146176 src=bms type=0x02 len=129 data=d2037c0eec0eec0eed0eec0eed0eec0eed0eed0eeb0eec0eed0eed0ef00ef10ef10eef0ef10ef10ef20ef10ef10ef20ef20ef20ef00ef20ef10ef20000000000000000003d0000000000000000000000000000042e752f02ae0ef20eeb003d003d00000157001c0001001d0000000100010eef0007000a00000000000000004594
WFI t=146243 a=-1484,-3920,-120 g=-5,-33,20
WFI t=146251 a=-1455,-3919,-118 g=-5,-40,24
WFI t=146301 a=-1445,-3921,-126 g=-3,-2,-10
WFI t=146351 a=-1479,-3927,-119 g=0,27,-16
WFI t=146401 a=-1466,-3923,-118 g=-4,-2,-2
WFI t=146451 a=-1449,-3919,-126 g=0,-4,-6
WFI t=146501 a=-1473,-3932,-113 g=-9,-8,-7
WFI t=146551 a=-1469,-3924,-126 g=-2,-23,12
WFI t=146694 a=-1444,-3935,-115 g=1,27,-22
WFI t=146780 a=-1443,-3928,-115 g=-6,-18,8
WFI t=146847 a=-1442,-3922,-123 g=0,-2,0
WFI t=146864 a=-1486,-3918,-108 g=-6,-17,2
WFI t=146866 a=-1484,-3913,-93 g=-4,-18,4
WFI t=146868 a=-1484,-3913,-93 g=-4,-18,4
WFI t=146901 a=-1438,-3922,-108 g=-2,-15,11
WFI t=146951 a=-1453,-3930,-117 g=0,15,-21
WFI t=147001 a=-1472,-3933,-113 g=1,29,-18
WFI t=147051 a=-1488,-3938,-120 g=-4,-11,-3
WFI t=147101 a=-1460,-3930,-110 g=-5,-22,9
WFI t=147151 a=-1450,-3918,-124 g=-7,-24,5
WFR t=147181 src=bms type=0x02 len=129 data=d2037c0eed0eec0eed0eec0eec0eec0eed0eed0eeb0eec0eec0eed0ef00ef00ef10ef00ef10ef10ef20ef10ef10ef20ef20ef20ef00ef20ef10ef20000000000000000003d0000000000000000000000000000042e752e02ae0ef20eeb003d003d00000157001c0001001d0000000100010eef000700150000000000000000136a
WFT t=147185 batt_mv=4196 rssi_mcu=0 rssi_bms=-77 mcu=0 bms=111 dropped=0
WFI t=147201 a=-1454,-3922,-125 g=-5,-1,-4
WFI t=147251 a=-1462,-3906,-119 g=-5,21,-14
WFI t=147301 a=-1474,-3918,-125 g=-5,12,-18
WFI t=147351 a=-1480,-3922,-127 g=1,-9,3
WFI t=147401 a=-1461,-3920,-128 g=-3,-14,3
WFI t=147451 a=-1470,-3929,-117 g=-4,-10,1
WFI t=147501 a=-1443,-3925,-119 g=-4,7,-7
WFI t=147551 a=-1480,-3931,-121 g=-4,13,-20
WFI t=147601 a=-1464,-3923,-130 g=-2,4,-7
WFI t=147651 a=-1485,-3928,-122 g=-4,-30,8
WFI t=147702 a=-1431,-3933,-117 g=-2,-7,8
WFI t=147751 a=-1469,-3927,-120 g=-4,10,-20
WFI t=147801 a=-1477,-3924,-121 g=3,15,-7
WFI t=147851 a=-1457,-3909,-118 g=-7,-7,-12
WFI t=147901 a=-1469,-3933,-130 g=-4,-2,4
WFI t=147951 a=-1449,-3913,-123 g=-4,-3,-3
WFI t=148001 a=-1473,-3935,-120 g=-7,-10,-3
WFI t=148051 a=-1449,-3916,-124 g=-3,-3,2
WFI t=148101 a=-1459,-3922,-113 g=-3,2,-20
WFI t=148151 a=-1474,-3922,-114 g=0,2,-5
WFI t=148201 a=-1455,-3917,-120 g=-6,-11,-1
WFI t=148251 a=-1469,-3914,-113 g=-6,-10,0
WFI t=148301 a=-1440,-3935,-121 g=-1,11,-1
WFI t=148351 a=-1456,-3924,-113 g=-3,16,-19
WFI t=148401 a=-1499,-3921,-121 g=-2,-10,0
WFI t=148451 a=-1443,-3933,-131 g=2,-12,10
WFI t=148501 a=-1486,-3927,-134 g=-6,6,-22
WFI t=148551 a=-1467,-3934,-113 g=-3,7,-1
WFI t=148702 a=-1486,-3927,-102 g=-11,-28,-3
WFI t=148718 a=-1431,-3930,-149 g=-4,17,-17
WFI t=148720 a=-1461,-3912,-138 g=-7,14,-31
WFI t=148751 a=-1489,-3936,-112 g=-3,13,-22
WFI t=148801 a=-1455,-3920,-117 g=3,4,8
WFI t=148851 a=-1476,-3933,-119 g=0,-18,-18
WFI t=148901 a=-1487,-3911,-125 g=-4,-17,11
WFI t=148951 a=-1432,-3923,-140 g=1,5,-6
WFI t=149001 a=-1476,-3939,-104 g=-5,19,-18
WFI t=149051 a=-1459,-3926,-109 g=-7,-14,5
WFI t=149101 a=-1465,-3915,-113 g=-5,-22,-5
WFI t=149151 a=-1456,-3923,-134 g=-1,13,-8
WFI t=149201 a=-1454,-3915,-137 g=-5,16,-20
WFI t=149251 a=-1483,-3924,-108 g=1,-15,4
WFI t=149301 a=-1438,-3912,-118 g=-6,-29,12
WFI t=149351 a=-1464,-3910,-125 g=-3,6,-16
WFI t=149401 a=-1470,-3924,-123 g=3,22,-5
WFI t=149451 a=-1452,-3936,-116 g=2,2,-11
WFI t=149501 a=-1468,-3920,-113 g=-4,-4,-3
WFI t=149551 a=-1462,-3934,-131 g=-4,-11,6
WFI t=149601 a=-1471,-3912,-115 g=-9,-14,-8
WFI t=149651 a=-1481,-3912,-109 g=0,-1,-3
WFI t=149701 a=-1441,-3913,-132 g=-5,1,-6
WFI t=149751 a=-1471,-3927,-106 g=-4,1,-4
WFI t=149801 a=-1445,-3919,-131 g=-8,1,-8
WFI t=149851 a=-1478,-3916,-121 g=-3,4,-9
WFI t=149901 a=-1456,-3911,-122 g=-1,0,-3
WFI t=149951 a=-1471,-3929,-109 g=-8,-16,1
WFI t=150001 a=-1446,-3937,-117 g=-3,-5,3
WFI t=150051 a=-1473,-3933,-108 g=1,6,-16
WFI t=150101 a=-1470,-3925,-126 g=-1,8,-8
WFI t=150151 a=-1476,-3918,-130 g=-8,-19,-5
WFI t=150201 a=-1453,-3917,-138 g=-1,-9,8
WFI t=150251 a=-1451,-3922,-141 g=3,19,-17
WFI t=150301 a=-1494,-3924,-117 g=-1,-3,-5
WFI t=150351 a=-1443,-3921,-118 g=-2,-12,6
WFI t=150401 a=-1478,-3910,-125 g=-5,-13,-10
WFI t=150451 a=-1459,-3930,-130 g=1,14,7
WFI t=150501 a=-1448,-3924,-125 g=-3,25,-33
WFI t=150551 a=-1511,-3920,-106 g=-4,-3,-2
WFI t=150649 a=-1434,-3913,-126 g=-2,-19,0
WFI t=150728 a=-1473,-3925,-109 g=3,30,-16
WFI t=150730 a=-1468,-3919,-127 g=-5,12,-13
WFI t=150751 a=-1469,-3923,-116 g=1,-10,-7
WFI t=150801 a=-1463,-3915,-114 g=-7,-11,3
WFI t=150851 a=-1456,-3914,-122 g=-4,11,-15
WFI t=150901 a=-1488,-3919,-130 g=-4,-7,-3
WFI t=150951 a=-1445,-3929,-99 g=-6,-20,21
WFI t=151001 a=-1433,-3919,-112 g=-2,17,-21
WFI t=151051 a=-1489,-3919,-121 g=-3,14,-18
WFI t=151101 a=-1451,-3917,-140 g=-1,-9,9
WFI t=151151 a=-1465,-3920,-121 g=-5,2,-12
WFI t=151201 a=-1473,-3940,-103 g=-2,8,-4
WFI t=151251 a=-1465,-3932,-117 g=-3,-11,-1
WFI t=151301 a=-1465,-3920,-115 g=-7,-15,-2
WFI t=151351 a=-1437,-3927,-121 g=0,15,-8
WFI t=151401 a=-1468,-3928,-101 g=-4,2,-19
WFI t=151451 a=-1460,-3929,-128 g=2,0,8
WFI t=151501 a=-1455,-3927,-121 g=-5,-8,-10
WFI t=151551 a=-1480,-3924,-99 g=-2,-3,5
WFI t=151601 a=-1456,-3935,-115 g=-5,1,-9
WFI t=151651 a=-1489,-3927,-118 g=-5,-8,-9
WFI t=151701 a=-1449,-3916,-134 g=-3,-10,8
WFI t=151751 a=-1456,-3919,-125 g=-2,5,-18
WFI t=151801 a=-1476,-3931,-122 g=2,3,-2
WFI t=151851 a=-1454,-3932,-125 g=-4,-24,5
WFI t=151901 a=-1453,-3936,-124 g=1,-9,1
WFI t=151951 a=-1456,-3918,-124 g=-3,12,-12
WFI t=152001 a=-1470,-3924,-115 g=1,14,-10
WFI t=152051 a=-1465,-3928,-112 g=-4,-4,-1
WFI t=152101 a=-1455,-3918,-127 g=-2,3,-9
WFI t=152151 a=-1480,-3918,-113 g=-8,-5,-10
WFI t=152201 a=-1470,-3922,-130 g=-5,-24,15
WFT t=152248 batt_mv=4178 rssi_mcu=0 rssi_bms=-78 mcu=0 bms=111 dropped=0
WFI t=152251 a=-1437,-3919,-125 g=-2,-5,-4
WFI t=152301 a=-1469,-3929,-130 g=1,25,-18
WFI t=152351 a=-1470,-3924,-112 g=-3,-2,-6
WFI t=152401 a=-1442,-3936,-116 g=-1,-3,0
WFI t=152451 a=-1467,-3930,-126 g=-7,2,-11
WFI t=152501 a=-1473,-3919,-115 g=-4,0,-3
WFI t=152551 a=-1471,-3929,-124 g=-10,-15,-3
WFI t=152601 a=-1463,-3908,-130 g=0,-2,-1
WFI t=152694 a=-1458,-3920,-123 g=-3,-3,-12
WFI t=152703 a=-1468,-3923,-115 g=0,0,0
WFI t=152825 a=-1485,-3928,-110 g=3,-8,-2
WFI t=152826 a=-1468,-3927,-120 g=-4,-12,7
WFI t=152851 a=-1445,-3915,-120 g=-3,-10,4
WFI t=152901 a=-1472,-3925,-112 g=-3,-1,-9
WFI t=152951 a=-1463,-3918,-125 g=-2,3,-5
WFI t=153001 a=-1446,-3933,-127 g=-2,10,-6
WFI t=153052 a=-1490,-3925,-123 g=0,1,-12
WFI t=153101 a=-1468,-3915,-117 g=-2,-7,9
WFI t=153151 a=-1468,-3936,-111 g=-9,-16,-6
WFI t=153201 a=-1463,-3928,-106 g=0,8,-4
WFI t=153251 a=-1470,-3917,-130 g=-2,4,-15
WFI t=153301 a=-1488,-3924,-125 g=-1,-8,1
WFI t=153351 a=-1455,-3921,-131 g=-7,-3,-2
WFI t=153401 a=-1479,-3916,-126 g=-9,-1,-8
WFI t=153451 a=-1462,-3922,-120 g=4,-3,10
WFI t=153501 a=-1457,-3938,-109 g=-1,5,-14
WFI t=153551 a=-1458,-3931,-117 g=-2,13,-13
WFI t=153601 a=-1460,-3928,-116 g=-6,-18,-1
WFI t=153651 a=-1460,-3923,-115 g=-5,-12,2
WFI t=153701 a=-1454,-3925,-125 g=-2,-8,-2
WFI t=153751 a=-1460,-3926,-110 g=0,11,-8
WFI t=153801 a=-1470,-3920,-118 g=-3,2,-14
WFI t=153851 a=-1468,-3922,-126 g=-2,4,-2
WFI t=153901 a=-1470,-3923,-128 g=-7,-16,-6
WFI t=153951 a=-1461,-3934,-110 g=-6,-16,10
WFI t=154001 a=-1442,-3912,-128 g=-1,-7,-4
WFI t=154051 a=-1473,-3915,-117 g=-1,13,-10
WFI t=154101 a=-1452,-3922,-134 g=6,30,-20
WFI t=154151 a=-1496,-3925,-112 g=-10,-14,-12
WFI t=154201 a=-1453,-3929,-122 g=0,-32,23
WFI t=154251 a=-1437,-3920,-115 g=-2,-16,-6
WFI t=154301 a=-1481,-3924,-117 g=2,16,-8
WFI t=154351 a=-1464,-3920,-131 g=-2,3,-10
WFI t=154401 a=-1459,-3928,-107 g=1,21,-14
WFI t=154451 a=-1486,-3931,-119 g=-5,-2,-12
WFI t=154501 a=-1473,-3926,-130 g=0,-25,17
WFI t=154551 a=-1450,-3928,-120 g=-7,-25,3
WFI t=154601 a=-1447,-3927,-115 g=-2,24,-8
WFI t=154743 a=-1491,-3918,-127 g=-4,14,-25
WFI t=154759 a=-1454,-3932,-119 g=-2,-13,2
WFI t=154761 a=-1461,-3926,-119 g=-6,-18,-1
WFI t=154801 a=-1466,-3925,-120 g=-5,-23,5
WFI t=154851 a=-1451,-3925,-110 g=-5,-7,7
WFI t=154902 a=-1463,-3925,-122 g=1,13,-23
WFI t=154951 a=-1474,-3916,-127 g=-1,6,-6
WFI t=155001 a=-1442,-3932,-125 g=1,5,-5
WFI t=155052 a=-1492,-3925,-114 g=-3,-3,-10
WFI t=155101 a=-1466,-3918,-122 g=-2,-23,12
WFI t=155151 a=-1451,-3922,-133 g=-9,-12,-3
WFI t=155201 a=-1466,-3906,-125 g=-1,17,-16
WFI t=155251 a=-1461,-3925,-126 g=0,6,-9
WFI t=155301 a=-1465,-3924,-113 g=-3,-17,2
WFI t=155351 a=-1446,-3922,-115 g=-2,-1,1
WFI t=155401 a=-1478,-3922,-112 g=-2,-5,-8
WFI t=155451 a=-1457,-3928,-118 g=1,-6,5
WFI t=155502 a=-1432,-3919,-124 g=4,19,-21
WFI t=155551 a=-1498,-3916,-120 g=-2,3,-10
WFI t=155601 a=-1445,-3932,-124 g=-7,-12,17
WFI t=155651 a=-1452,-3924,-124 g=-8,-3,-17
WFI t=155701 a=-1470,-3924,-119 g=-3,0,2
WFI t=155751 a=-1439,-3917,-125 g=-2,-10,-5
WFI t=155802 a=-1472,-3924,-115 g=2,12,-13
WFI t=155851 a=-1465,-3917,-124 g=2,13,-10
WFI t=155901 a=-1476,-3932,-117 g=-6,-19,2
WFI t=155951 a=-1446,-3927,-119 g=-3,-14,9
WFI t=156001 a=-1453,-3920,-119 g=-5,11,-20
WFI t=156051 a=-1480,-3929,-122 g=-5,-5,-4
WFI t=156102 a=-1445,-3933,-117 g=-1,2,2
WFI t=156151 a=-1474,-3929,-117 g=-6,7,-21
WFI t=156201 a=-1470,-3924,-123 g=-3,-13,9
WFI t=156251 a=-1442,-3922,-115 g=-6,-20,-2
WFI t=156301 a=-1479,-3929,-116 g=-3,9,-12
WFI t=156351 a=-1460,-3930,-124 g=3,13,-7
WFI t=156401 a=-1484,-3924,-108 g=-8,-6,-11
WFI t=156451 a=-1470,-3940,-126 g=-2,-7,4
WFI t=156501 a=-1460,-3923,-121 g=-10,-13,-6
WFI t=156551 a=-1458,-3923,-116 g=-1,6,-2
WFI t=156601 a=-1459,-3915,-126 g=0,14,-14
WFI t=156756 a=-1480,-3924,-124 g=-4,-20,0
WFI t=156772 a=-1445,-3934,-130 g=-4,6,-13
WFI t=156774 a=-1457,-3914,-127 g=1,9,-17
WFI t=156801 a=-1488,-3923,-115 g=-7,10,-13
WFI t=156851 a=-1466,-3905,-121 g=0,-6,3
WFI t=156901 a=-1461,-3919,-117 g=-6,-5,-6
WFI t=156951 a=-1466,-3924,-131 g=0,2,-6
WFI t=157001 a=-1452,-3918,-116 g=0,-1,-4
WFI t=157062 a=-1450,-3926,-118 g=-4,-3,-7
WFI t=157101 a=-1466,-3936,-123 g=-8,-4,-3
WFI t=157151 a=-1456,-3925,-130 g=-7,-12,1
WFI t=157201 a=-1452,-3933,-116 g=0,6,-8
WFI t=157251 a=-1460,-3916,-124 g=-4,11,-15
WFE t=157339 bms stale, no frame for 10156 ms, dropping link
WFE t=157354 bms link down (stale) after 28 answers in 37924 ms, writes=38 err=0 silent=10 bytes=3612
WFI t=157354 a=-1454,-3915,-114 g=-1,-15,9
WFI t=157414 a=-1451,-3917,-112 g=-2,-14,3
WFT t=157430 batt_mv=4196 rssi_mcu=0 rssi_bms=0 mcu=0 bms=111 dropped=0
WFI t=157431 a=-1479,-3920,-102 g=1,11,-17
WFI t=157451 a=-1477,-3941,-117 g=1,11,-12
WFE t=157456 bms disconnected reason=534
WFI t=157501 a=-1452,-3922,-118 g=-2,-2,-2
WFI t=157551 a=-1452,-3926,-130 g=-6,-6,-8
WFI t=157601 a=-1463,-3918,-123 g=-1,-7,1
WFI t=157651 a=-1455,-3924,-113 g=-4,3,-8
WFI t=157701 a=-1469,-3929,-125 g=0,8,-9
WFI t=157751 a=-1466,-3928,-130 g=-1,-5,-3
WFI t=157801 a=-1467,-3928,-124 g=-2,-8,-3
WFI t=157851 a=-1463,-3929,-126 g=2,0,-3
WFI t=157901 a=-1464,-3927,-123 g=-2,0,-5
WFI t=157951 a=-1459,-3919,-132 g=-5,-2,-9
WFI t=158001 a=-1458,-3928,-116 g=0,-4,-5
WFI t=158051 a=-1457,-3938,-131 g=-2,-8,-3
WFI t=158101 a=-1461,-3922,-122 g=-2,-11,3
WFI t=158151 a=-1439,-3917,-131 g=-3,11,-12
WFI t=158201 a=-1480,-3926,-125 g=-6,-3,-10
WFI t=158251 a=-1445,-3916,-132 g=-3,3,0
WFI t=158301 a=-1456,-3928,-121 g=-8,0,-20
WFI t=158351 a=-1468,-3924,-124 g=-2,-4,8
WFI t=158401 a=-1439,-3933,-116 g=-5,-27,5
WFI t=158451 a=-1462,-3917,-118 g=1,5,-4
WFI t=158501 a=-1456,-3925,-126 g=0,21,-19
WFI t=158551 a=-1485,-3919,-126 g=-3,9,-15
WFI t=158601 a=-1459,-3919,-118 g=-3,-12,5
WFI t=158776 a=-1470,-3939,-112 g=-6,-22,1
WFI t=158778 a=-1465,-3937,-118 g=-3,10,-17
WFI t=158780 a=-1465,-3937,-118 g=-3,10,-17
WFI t=158801 a=-1477,-3933,-123 g=0,14,-21
WFI t=158851 a=-1476,-3933,-119 g=-5,-5,2
WFI t=158901 a=-1443,-3931,-126 g=-6,-10,3
WFI t=158951 a=-1466,-3925,-118 g=-1,7,-12
WFI t=159001 a=-1465,-3928,-126 g=-6,4,-3
WFI t=159051 a=-1449,-3930,-119 g=-5,12,-23
WFI t=159101 a=-1481,-3920,-124 g=-3,-7,-6
WFI t=159151 a=-1439,-3909,-130 g=-9,-24,9
WFI t=159201 a=-1477,-3921,-114 g=-1,-19,-9
WFI t=159251 a=-1443,-3931,-126 g=0,10,6
WFI t=159301 a=-1460,-3923,-120 g=-7,13,-25
WFI t=159351 a=-1484,-3930,-94 g=0,-20,13
WFI t=159401 a=-1413,-3939,-109 g=0,-7,14
WFI t=159451 a=-1468,-3934,-109 g=-1,10,-19
WFI t=159501 a=-1462,-3927,-132 g=2,23,11
WFI t=159551 a=-1460,-3912,-138 g=-2,7,-14
WFI t=159601 a=-1474,-3917,-119 g=0,-10,14
WFE t=159617 bms subscribed val=0x0010 cccd=0x0011 ctrl=0x0014 mtu=512 regs=62
WFE t=159618 bms conn itvl=80 latency=0 timeout=600
WFE t=159630 bms reconnected (attempt 4)
WFE t=159646 bms mtu event mtu=512
WFI t=159651 a=-1418,-3923,-118 g=0,-10,6
WFI t=159701 a=-1485,-3914,-117 g=-8,5,-20
WFI t=159751 a=-1457,-3924,-102 g=-2,10,4
WFI t=159801 a=-1440,-3920,-116 g=-3,31,-39
WFI t=159851 a=-1526,-3922,-100 g=-6,-9,-12
WFI t=159901 a=-1445,-3914,-109 g=4,-51,44
WFR t=159917 src=bms type=0x02 len=129 data=d2037c0eec0eec0eed0eec0eed0eec0eed0eed0eeb0eec0eed0eed0ef10ef00ef10ef00ef10ef10ef20ef10ef10ef20ef20ef20ef10ef20ef20ef20000000000000000003d0000000000000000000000000000042e752f02ae0ef20eeb003d003d00000157001c0001001d0000000100010eef0007000a0000000000000000e218
WFI t=159951 a=-1453,-3916,-122 g=0,-42,13
WFI t=160001 a=-1447,-3941,-112 g=1,10,18
WFI t=160051 a=-1427,-3932,-115 g=-2,43,-41
WFI t=160101 a=-1482,-3920,-132 g=-1,65,-46
WFI t=160151 a=-1474,-3919,-148 g=-2,45,-10
WFI t=160201 a=-1487,-3918,-108 g=-6,-14,-6
WFI t=160251 a=-1451,-3928,-93 g=-4,-29,8
WFI t=160301 a=-1473,-3925,-103 g=-3,-60,-14
WFI t=160351 a=-1488,-3930,-132 g=-1,-69,25
WFI t=160401 a=-1400,-3925,-144 g=-1,11,-4
WFI t=160451 a=-1484,-3922,-134 g=-1,45,-48
WFI t=160501 a=-1522,-3924,-95 g=-7,-70,43
WFE t=160517 bms conn update status=0 itvl=12 latency=0 timeout=400
WFI t=160551 a=-1369,-3919,-109 g=11,13,24
WFI t=160601 a=-1462,-3941,-92 g=2,76,-56
WFI t=160651 a=-1485,-3928,-143 g=6,102,-34
WFI t=160782 a=-1433,-3918,-125 g=-11,-39,24
WFI t=160784 a=-1430,-3907,-125 g=-5,-35,14
WFI t=160801 a=-1433,-3935,-128 g=-1,-14,1
WFI t=160851 a=-1472,-3918,-144 g=0,16,-32
WFI t=160901 a=-1446,-3927,-144 g=4,43,-22
WFI t=160951 a=-1476,-3921,-105 g=-5,-43,-2
WFR t=160997 src=bms type=0x02 len=129 data=d2037c0eed0eec0eed0eec0eed0eec0eed0eed0eec0eec0eed0eed0ef00ef00ef10ef00ef10ef10ef20ef20ef10ef20ef20ef20ef00ef20ef10ef20000000000000000003d0000000000000000000000000000042e752f02ae0ef20eeb003d003d00000157001c0001001d0000000100010eef0007000a000000000000000065dd
WFI t=161001 a=-1465,-3920,-91 g=0,-56,46
WFI t=161051 a=-1408,-3928,-145 g=-5,8,-11
WFI t=161101 a=-1493,-3951,-95 g=-2,69,-52
WFI t=161151 a=-1463,-3931,-102 g=5,27,-10
WFI t=161201 a=-1456,-3916,-132 g=-5,-9,-9
WFI t=161251 a=-1458,-3904,-146 g=0,-9,15
WFI t=161301 a=-1446,-3923,-131 g=-4,-24,7
WFI t=161351 a=-1439,-3942,-102 g=2,10,0
WFI t=161401 a=-1441,-3920,-111 g=-4,34,-37
WFI t=161451 a=-1490,-3930,-126 g=6,-6,-5
WFI t=161501 a=-1432,-3929,-137 g=0,-12,9
WFI t=161551 a=-1475,-3941,-116 g=-3,-13,-9
WFI t=161601 a=-1449,-3928,-100 g=3,-18,18
WFI t=161651 a=-1412,-3917,-124 g=1,-5,-7
WFI t=161701 a=-1474,-3943,-117 g=1,24,-14
WFI t=161751 a=-1453,-3917,-135 g=0,20,-14
WFI t=161801 a=-1479,-3918,-99 g=-3,-11,-2
WFI t=161851 a=-1425,-3923,-124 g=-2,-8,12
WFI t=161901 a=-1464,-3921,-138 g=-8,-2,-19
WFE t=161920 stop: user
CAPDUMP_END records=0
wf>  