
wf>  
=== $ capdump 7
capdump 7
CAPHDR seq=7 version=1 unix_start=1788626094 boot_ms=17457 mcu= bms=40:18:03:01:20:e9 note=wildfire idf v6.1
WFI t=2 a=-3647,-756,1941 g=-5,-3,-2
WFE t=3 capture start seq=7 file=cap0007.wfl unix=1788626094 batt=4190 mv
WFE t=16 tune poll_ms=1000 poll_regs=0 stale_ms=10000 miss_probe=3 probe=0 mcu_off=1 itvl=80
WFE t=17 bms connected addr=40:18:03:01:20:e9
WFT t=34 batt_mv=4170 rssi_mcu=0 rssi_bms=-78 mcu=0 bms=0 dropped=0
WFE t=35 bms mtu event mtu=512
WFE t=40 bms conn update req itvl=12-12 latency=0 timeout=400 via=l2cap
WFI t=51 a=-3652,-765,1950 g=-2,-2,-6
WFI t=101 a=-3638,-753,1940 g=1,-1,-6
WFE t=140 bms conn update status=0 itvl=80 latency=0 timeout=600
WFI t=151 a=-3669,-750,1950 g=-4,-4,-3
WFI t=201 a=-3663,-768,1957 g=-6,-2,-4
WFI t=251 a=-3623,-768,1914 g=-2,-2,-6
WFI t=301 a=-3629,-762,1959 g=0,-3,-5
WFI t=351 a=-3657,-761,1958 g=-6,-3,-5
WFI t=401 a=-3631,-761,1940 g=-7,-3,-3
WFR t=441 src=bms type=0x02 len=205 data=d203fa0ee90ee80ee90ee90ee90ee80ee90ee90ee80ee90ee90eea0eec0eed0eed0eec0eed0eed0eee0eee0eee0eee0eee0eee0eed0eee0eee0eee0000000000000000003d0000000000000000000000000000042d752f02ad0eee0ee8003d003d00000156001c0001001d0000000100010eeb0006000a00000000000000000000000075300000ffff000000000000000000000000000000000000000000000000000000000000000000000000000000003230374a4331343031303031303300000000000000000000ffffffff
WFR t=441 src=bms type=0x02 len=50 data=fffffffffffffffffffffffffffffffffffffffffffffffffffffffffffffffffffffffffffffffffffffffffffffffff6a5
WFI t=451 a=-3660,-755,1931 g=-3,-3,-4
WFI t=501 a=-3651,-747,1950 g=1,-1,-7
WFI t=551 a=-3623,-752,1937 g=-4,-2,-6
WFI t=601 a=-3653,-760,1953 g=-8,-3,-2
WFI t=651 a=-3695,-774,1948 g=-5,-3,-4
WFI t=701 a=-3648,-763,1928 g=-4,-1,-7
WFI t=751 a=-3632,-758,1951 g=-5,-1,-5
WFI t=801 a=-3653,-752,1969 g=-5,-4,-4
WFI t=851 a=-3642,-757,1939 g=-7,-2,-3
WFI t=901 a=-3651,-755,1930 g=-4,-3,-5
WFI t=951 a=-3660,-764,1956 g=1,0,-5
WFI t=1001 a=-3641,-753,1966 g=1,0,-5
WFI t=1051 a=-3634,-750,1943 g=-5,-2,-1
WFI t=1101 a=-3646,-760,1931 g=-5,-2,-3
WFI t=1151 a=-3661,-744,1942 g=-3,-1,-5
WFI t=1201 a=-3653,-751,1938 g=2,-1,-5
WFI t=1251 a=-3654,-749,1952 g=-3,-2,-2
WFI t=1301 a=-3643,-757,1959 g=-3,-2,-4
WFI t=1351 a=-3641,-743,1938 g=-5,-3,-6
WFI t=1401 a=-3647,-759,1947 g=1,-2,-5
WFI t=1451 a=-3645,-753,1951 g=-2,-2,-3
WFI t=1501 a=-3651,-761,1935 g=-6,-2,-3
WFR t=1542 src=bms type=0x02 len=205 data=d203fa0ee90ee80ee90ee90ee90ee80ee90ee90ee80ee80ee90eea0eec0eec0eed0eec0eed0eed0eee0eee0eee0eee0eef0eee0eec0eee0eee0eee0000000000000000003d0000000000000000000000000000042d752f02ad0eef0ee8003d003d00000156001c0001001d0000000100010eeb0007000a00000000000000000000000075300000ffff000000000000000000000000000000000000000000000000000000000000000000000000000000003230374a4331343031303031303300000000000000000000ffffffff
WFI t=1551 a=-3659,-759,1946 g=0,-3,-4
WFI t=1601 a=-3667,-759,1943 g=0,-2,-6
WFR t=1639 src=bms type=0x02 len=50 data=ffffffffffffffffffffffffffffffffffffffffffffffffffffffffffffffffffffffffffffffffffffffffffffffff5e6d
WFI t=1651 a=-3650,-749,1957 g=-3,-3,-6
WFI t=1701 a=-3654,-763,1943 g=-4,-4,-3
WFI t=1751 a=-3663,-758,1936 g=-5,-3,-4
WFI t=1801 a=-3655,-766,1949 g=-2,0,-5
WFI t=1851 a=-3638,-758,1950 g=3,-1,-5
WFI t=1998 a=-3655,-753,1963 g=-4,-2,-2
WFI t=2012 a=-3637,-756,1940 g=-1,-4,-5
WFI t=2014 a=-3640,-771,1939 g=-1,-1,-6
WFI t=2051 a=-3648,-753,1950 g=2,-2,-5
WFI t=2101 a=-3642,-749,1946 g=-3,-1,-3
WFI t=2151 a=-3647,-755,1946 g=2,-1,-4
WFI t=2201 a=-3657,-750,1948 g=-2,-2,-5
WFI t=2251 a=-3650,-761,1960 g=0,-2,-4
WFI t=2301 a=-3658,-758,1955 g=0,-1,-6
WFI t=2351 a=-3651,-751,1951 g=-4,-2,-3
WFI t=2401 a=-3661,-747,1956 g=0,-1,-4
WFI t=2451 a=-3644,-747,1941 g=2,-1,-4
WFI t=2501 a=-3662,-751,1947 g=-4,-1,-4
WFR t=2540 src=bms type=0x02 len=205 data=d203fa0ee90ee80ee90ee90ee90ee90ee90ee90ee80ee90ee90eea0eec0eed0eed0eec0eed0eed0eef0eee0eee0eee0eef0eee0eed0eee0eee0eee0000000000000000003d0000000000000000000000000000042d753002ad0eef0ee8003d003d00000156001c0001001d0000000100010eeb0007000000000000000000000000000075300000ffff000000000000000000000000000000000000000000000000000000000000000000000000000000003230374a4331343031303031303300000000000000000000ffffffff
WFI t=2551 a=-3645,-762,1935 g=0,-2,-4
WFI t=2601 a=-3649,-774,1932 g=-6,-1,-3
WFR t=2639 src=bms type=0x02 len=50 data=ffffffffffffffffffffffffffffffffffffffffffffffffffffffffffffffffffffffffffffffffffffffffffffffff5b29
WFI t=2651 a=-3644,-757,1939 g=-7,-1,-3
WFI t=2701 a=-3650,-756,1956 g=-1,-2,-6
WFI t=2751 a=-3637,-750,1939 g=1,-2,-4
WFI t=2801 a=-3655,-769,1947 g=-1,-1,-2
WFI t=2851 a=-3649,-772,1938 g=-3,-3,-4
WFI t=2901 a=-3646,-757,1950 g=0,-2,-4
WFI t=2951 a=-3646,-756,1949 g=-6,-4,-5
WFI t=3001 a=-3646,-758,1945 g=-2,-3,-3
WFI t=3051 a=-3662,-766,1947 g=-1,-2,-5
WFI t=3101 a=-3647,-753,1938 g=-3,-1,-5
WFE t=3140 bms conn update req itvl=15-15 latency=0 timeout=400 via=l2cap
WFI t=3151 a=-3646,-752,1951 g=-8,-4,-6
WFI t=3201 a=-3653,-757,1941 g=-3,-2,-3
WFI t=3251 a=-3658,-760,1949 g=-6,-1,-5
WFI t=3301 a=-3667,-757,1940 g=0,-3,-4
WFI t=3351 a=-3658,-762,1961 g=0,-2,-4
WFI t=3401 a=-3645,-760,1949 g=-3,-2,-3
WFI t=3451 a=-3654,-764,1951 g=-5,-1,-4
WFI t=3501 a=-3647,-773,1933 g=-5,-3,-5
WFI t=3551 a=-3652,-763,1945 g=-3,-1,-6
WFI t=3601 a=-3652,-752,1939 g=-1,-1,-4
WFI t=3651 a=-3648,-770,1941 g=-6,-3,-4
WFI t=3701 a=-3650,-761,1939 g=-2,-3,-5
WFR t=3740 src=bms type=0x02 len=205 data=d203fa0ee90ee80ee90ee90ee90ee90ee90ee90ee80ee90ee90eea0eec0eec0eed0eec0eed0eed0eee0eee0eed0eee0eef0eee0eed0eee0eee0eee0000000000000000003d0000000000000000000000000000042d752e02ad0eef0ee8003d003d00000156001c0001001d0000000100010eeb0007001500000000000000000000000075300000ffff000000000000000000000000000000000000000000000000000000000000000000000000000000003230374a4331343031303031303300000000000000000000ffffffff
WFI t=3751 a=-3641,-771,1947 g=2,-2,-7
WFI t=3801 a=-3653,-750,1945 g=1,-4,-4
WFR t=3839 src=bms type=0x02 len=50 data=ffffffffffffffffffffffffffffffffffffffffffffffffffffffffffffffffffffffffffffffffffffffffffffffff9c64
WFI t=3851 a=-3653,-757,1947 g=-6,-3,-3
WFI t=3920 a=-3647,-747,1944 g=-2,-2,-5
WFI t=4014 a=-3643,-745,1956 g=-3,-2,-5
WFI t=4016 a=-3653,-747,1961 g=0,-3,-5
WFI t=4051 a=-3661,-761,1941 g=-6,-3,-3
WFI t=4101 a=-3635,-764,1951 g=-2,-2,-5
WFI t=4151 a=-3652,-772,1943 g=1,-2,-6
WFI t=4201 a=-3643,-759,1943 g=-1,0,-5
WFI t=4251 a=-3638,-754,1958 g=-8,-2,-6
WFI t=4301 a=-3664,-771,1940 g=-7,-3,-4
WFI t=4351 a=-3650,-773,1943 g=-1,-1,-4
WFI t=4401 a=-3654,-750,1950 g=0,-2,-4
WFI t=4451 a=-3647,-755,1954 g=-4,-3,-4
WFI t=4501 a=-3641,-754,1935 g=-5,-3,-4
WFI t=4551 a=-3647,-753,1943 g=1,-1,-5
WFI t=4601 a=-3656,-755,1933 g=-3,-3,-5
WFI t=4651 a=-3660,-761,1946 g=-4,-3,-4
WFI t=4701 a=-3653,-753,1951 g=-1,-2,-4
WFI t=4751 a=-3651,-756,1948 g=1,-2,-4
WFI t=4801 a=-3659,-762,1935 g=-4,-2,-5
WFR t=4841 src=bms type=0x02 len=205 data=d203fa0ee90ee80ee90ee90ee90ee90ee90ee90ee80ee80ee90eea0eec0eec0eed0eec0eed0eed0eee0eee0eee0eee0eef0eee0eec0eee0eee0eee0000000000000000003d0000000000000000000000000000042d752f02ad0eef0ee8003d003d00000156001c0001001d0000000100010eeb0007000a00000000000000000000000075300000ffff000000000000000000000000000000000000000000000000000000000000000000000000000000003230374a4331343031303031303300000000000000000000ffffffff
WFR t=4841 src=bms type=0x02 len=50 data=ffffffffffffffffffffffffffffffffffffffffffffffffffffffffffffffffffffffffffffffffffffffffffffffff9eac
WFI t=4851 a=-3641,-767,1951 g=-5,-3,-6
WFI t=4901 a=-3651,-761,1950 g=-3,-2,-4
WFI t=4951 a=-3650,-762,1942 g=-2,-3,-4
WFI t=5001 a=-3659,-758,1942 g=-3,-2,-4
WFI t=5051 a=-3644,-747,1942 g=-4,-2,-4
WFI t=5101 a=-3646,-751,1944 g=-1,-3,-4
WFI t=5151 a=-3637,-759,1948 g=-3,-2,-4
WFI t=5201 a=-3655,-758,1940 g=-2,-2,-5
WFT t=5205 batt_mv=4180 rssi_mcu=0 rssi_bms=-83 mcu=0 bms=10 dropped=0
WFI t=5251 a=-3657,-759,1949 g=-2,-3,-5
WFI t=5301 a=-3652,-758,1942 g=-6,-2,-5
WFI t=5351 a=-3636,-768,1937 g=-6,-3,-5
WFI t=5401 a=-3658,-758,1933 g=-1,-2,-4
WFE t=5407 bms answered none of 5 wide reads, asking for 62 registers
WFI t=5451 a=-3659,-758,1946 g=-3,0,-5
WFI t=5501 a=-3640,-755,1944 g=-2,-3,-6
WFI t=5551 a=-3647,-756,1934 g=-1,-2,-4
WFI t=5601 a=-3655,-772,1943 g=-3,-3,-4
WFR t=5640 src=bms type=0x02 len=129 data=d2037c0ee90ee80ee90ee90ee90ee90ee90eea0ee80ee90ee90eea0eec0eec0eed0eec0eed0eed0eee0eee0eee0eee0eee0eee0eec0eee0eee0eee0000000000000000003d0000000000000000000000000000042d752f02ad0eef0ee8003d003d00000156001c0001001d0000000100010eeb0007000a00000000000000004426
WFI t=5651 a=-3652,-762,1951 g=-2,-1,-5
WFI t=5703 a=-3660,-752,1950 g=4,-1,-6
WFI t=5751 a=-3647,-753,1939 g=-3,-3,-3
WFI t=5801 a=-3657,-761,1957 g=-3,-3,-4
WFI t=5851 a=-3652,-754,1948 g=2,-2,-4
WFI t=5927 a=-3646,-749,1947 g=-3,-2,-5
WFI t=6112 a=-3646,-766,1939 g=2,-2,-4
WFI t=6114 a=-3646,-752,1944 g=-3,-2,-6
WFI t=6116 a=-3646,-752,1944 g=-3,-2,-6
WFI t=6118 a=-3643,-763,1939 g=-5,-3,-5
WFI t=6152 a=-3647,-759,1947 g=-1,-2,-5
WFI t=6249 a=-3649,-761,1940 g=-1,-3,-5
WFI t=6251 a=-3654,-757,1943 g=-8,-2,-4
WFI t=6301 a=-3657,-765,1941 g=-1,0,-6
WFI t=6351 a=-3651,-761,1940 g=-4,-1,-5
WFI t=6401 a=-3651,-764,1955 g=-5,-2,-5
WFI t=6451 a=-3644,-752,1946 g=-4,-2,-4
WFI t=6501 a=-3648,-756,1946 g=-2,-2,-3
WFI t=6551 a=-3651,-758,1930 g=1,-2,-5
WFI t=6601 a=-3653,-762,1946 g=1,0,-3
WFI t=6651 a=-3645,-763,1949 g=-4,-2,-4
WFI t=6701 a=-3645,-762,1941 g=-3,-2,-6
WFR t=6740 src=bms type=0x02 len=129 data=d2037c0ee90ee80ee90ee90ee90ee80ee90ee90ee80ee90ee90eea0eec0eec0eed0eec0eed0eed0eee0eee0eed0eee0eef0eee0eec0eee0eee0eee0000000000000000003d0000000000000000000000000000042d752e02ad0eef0ee8003d003d00000156001c0001001d0000000100010eeb00070015000000000000000011d6
WFI t=6751 a=-3659,-760,1938 g=-2,-1,-4
WFI t=6801 a=-3650,-756,1944 g=-3,-3,-5
WFI t=6851 a=-3655,-762,1941 g=-4,-1,-4
WFI t=6901 a=-3657,-759,1937 g=-2,-3,-3
WFI t=6951 a=-3645,-775,1939 g=-7,-3,-6
WFI t=7001 a=-3651,-759,1944 g=2,-2,-5
WFI t=7051 a=-3660,-761,1946 g=-3,-2,-4
WFI t=7101 a=-3656,-761,1937 g=-2,-2,-4
WFI t=7151 a=-3636,-760,1936 g=3,-2,-4
WFI t=7201 a=-3649,-764,1947 g=-5,-2,-6
WFI t=7251 a=-3663,-757,1946 g=-1,-2,-5
WFI t=7301 a=-3657,-762,1945 g=-2,-2,-5
WFI t=7351 a=-3656,-763,1945 g=0,-2,-5
WFI t=7401 a=-3649,-757,1932 g=0,-2,-3
WFI t=7451 a=-3661,-765,1946 g=-6,-2,-5
WFI t=7501 a=-3640,-756,1932 g=-5,-3,-6
WFI t=7551 a=-3647,-748,1946 g=-1,-2,-4
WFI t=7601 a=-3650,-765,1938 g=-5,-3,-5
WFI t=7651 a=-3653,-767,1934 g=-6,-3,-5
WFI t=7701 a=-3643,-748,1951 g=-1,-2,-5
WFR t=7740 src=bms type=0x02 len=129 data=d2037c0ee90ee80ee90ee90ee90ee90ee90ee90ee80ee90ee90eea0eec0eec0eed0eec0eed0eed0eee0eee0eee0eee0eef0eee0eed0eee0eee0eee0000000000000000003d0000000000000000000000000000042d753002ad0eef0ee8003d003d00000156001c0001001d0000000100010eeb000700000000000000000000a548
WFI t=7751 a=-3657,-759,1940 g=-3,-2,-4
WFI t=7801 a=-3649,-763,1939 g=0,-2,-5
WFI t=7851 a=-3647,-756,1941 g=2,-2,-4
WFI t=8013 a=-3644,-765,1961 g=-9,-2,-4
WFI t=8029 a=-3678,-762,1957 g=-4,-2,-5
WFI t=8031 a=-3658,-760,1951 g=-4,-3,-5
WFI t=8051 a=-3654,-759,1943 g=-4,-3,-6
WFI t=8101 a=-3649,-762,1943 g=-1,-3,-5
WFI t=8151 a=-3645,-763,1933 g=-3,-2,-4
WFI t=8201 a=-3647,-763,1949 g=-3,-2,-5
WFI t=8251 a=-3662,-767,1933 g=-4,-1,-5
WFI t=8301 a=-3650,-773,1937 g=-3,-3,-4
WFI t=8351 a=-3652,-760,1943 g=-4,-3,-4
WFI t=8401 a=-3666,-771,1944 g=-1,-1,-3
WFI t=8451 a=-3645,-765,1941 g=-5,-3,-4
WFI t=8501 a=-3656,-760,1935 g=-1,-3,-5
WFI t=8551 a=-3652,-768,1946 g=-4,-4,-5
WFI t=8601 a=-3638,-752,1950 g=-3,-1,-5
WFI t=8651 a=-3649,-750,1941 g=-6,-2,-4
WFI t=8701 a=-3647,-771,1949 g=-3,-1,-5
WFR t=8740 src=bms type=0x02 len=129 data=d2037c0ee90ee80ee90ee90ee90ee80ee90ee90ee80ee90ee90eea0eec0eec0eed0eec0eed0eed0eee0eed0eee0eee0eee0eee0eec0eee0eee0eee0000000000000000003d0000000000000000000000000000042d752f02ad0eee0ee8003d003d00000156001c0001001d0000000100010eeb0006000a000000000000000099fc
WFI t=8751 a=-3652,-757,1938 g=-2,-3,-6
WFI t=8801 a=-3640,-754,1946 g=-3,-2,-4
WFI t=8851 a=-3647,-766,1940 g=-6,-3,-5
WFI t=8901 a=-3648,-766,1952 g=-5,-2,-3
WFI t=8951 a=-3657,-755,1946 g=-1,-1,-4
WFI t=9001 a=-3634,-747,1938 g=-4,-2,-5
WFI t=9051 a=-3636,-753,1941 g=0,-2,-4
WFI t=9101 a=-3654,-757,1939 g=-3,-3,-4
WFI t=9151 a=-3656,-756,1936 g=-6,-2,-5
WFI t=9201 a=-3650,-756,1951 g=-2,-2,-5
WFI t=9251 a=-3653,-756,1944 g=-3,-2,-5
WFI t=9301 a=-3648,-760,1939 g=-4,-2,-5
WFI t=9351 a=-3654,-771,1942 g=-1,-2,-4
WFI t=9401 a=-3649,-758,1928 g=-2,-3,-5
WFI t=9451 a=-3657,-761,1948 g=-4,-5,-5
WFI t=9501 a=-3655,-750,1944 g=-2,-1,-5
WFI t=9551 a=-3641,-762,1943 g=-3,-3,-4
WFI t=9601 a=-3647,-764,1947 g=1,-1,-3
WFI t=9651 a=-3649,-760,1948 g=-1,0,-4
WFI t=9701 a=-3642,-764,1946 g=-1,-2,-5
WFR t=9740 src=bms type=0x02 len=129 data=d2037c0ee90ee80ee90ee90ee90ee80ee90ee90ee80ee80ee90eea0eec0eec0eed0eec0eed0eed0eee0eed0eee0eee0eee0eee0eec0eee0eee0eee0000000000000000003d0000000000000000000000000000042d752f02ad0eee0ee8003d003d00000156001c0001001d0000000100010eeb0006000a00000000000000002581
WFI t=9751 a=-3644,-761,1940 g=-6,-4,-6
WFI t=9801 a=-3658,-751,1943 g=-5,0,-4
WFI t=9851 a=-3646,-758,1949 g=1,-1,-5
WFI t=9901 a=-3653,-769,1949 g=-4,-3,-6
WFI t=10048 a=-3656,-757,1942 g=0,-2,-4
WFI t=10050 a=-3645,-760,1954 g=-4,-2,-6
WFI t=10052 a=-3642,-754,1954 g=-3,-3,-4
WFI t=10101 a=-3657,-762,1942 g=-4,-2,-4
WFI t=10151 a=-3657,-766,1941 g=-1,-1,-4
WFI t=10201 a=-3640,-765,1947 g=-4,-3,-6
WFI t=10251 a=-3642,-764,1955 g=-1,-2,-4
WFT t=10277 batt_mv=4178 rssi_mcu=0 rssi_bms=-86 mcu=0 bms=15 dropped=0
WFI t=10301 a=-3642,-751,1940 g=-2,-2,-4
WFI t=10351 a=-3643,-752,1934 g=-4,-3,-4
WFI t=10401 a=-3651,-766,1945 g=-2,-3,-5
WFI t=10451 a=-3658,-750,1956 g=-3,-3,-6
WFI t=10501 a=-3647,-768,1947 g=-6,1,-5
WFI t=10551 a=-3646,-758,1947 g=-3,-2,-4
WFI t=10601 a=-3645,-748,1946 g=2,-2,-4
WFI t=10651 a=-3650,-768,1952 g=-3,-3,-5
WFI t=10701 a=-3644,-765,1951 g=-1,-3,-5
WFR t=10740 src=bms type=0x02 len=129 data=d2037c0ee90ee80ee90ee90ee90ee90ee90ee90ee70ee90ee90ee90eec0eec0eed0eec0eed0eed0eee0eee0eed0eee0eef0eee0eed0eee0eee0eee0000000000000000003d0000000000000000000000000000042d752f02ad0eef0ee7003d003d00000156001c0001001d0000000100010eeb0008000a00000000000000007f8b
WFI t=10751 a=-3641,-774,1944 g=-3,-4,-5
WFI t=10801 a=-3648,-756,1944 g=-4,-2,-4
WFI t=10851 a=-3652,-753,1940 g=0,-1,-5
WFI t=10901 a=-3659,-766,1938 g=-3,-1,-4
WFI t=10951 a=-3642,-755,1948 g=-3,-3,-4
WFI t=11001 a=-3658,-754,1946 g=-8,-2,-5
WFI t=11051 a=-3654,-768,1937 g=1,-3,-6
WFI t=11101 a=-3645,-746,1949 g=-2,-3,-5
WFI t=11151 a=-3644,-760,1950 g=0,-3,-5
WFI t=11201 a=-3653,-756,1950 g=0,0,-5
WFI t=11251 a=-3639,-762,1952 g=-4,-3,-4
WFI t=11301 a=-3655,-773,1941 g=-3,-5,-5
WFI t=11351 a=-3643,-766,1951 g=-2,-2,-5
WFI t=11401 a=-3639,-757,1945 g=-5,-3,-5
WFI t=11451 a=-3655,-756,1941 g=-1,-3,-4
WFI t=11501 a=-3657,-754,1943 g=-1,-2,-5
WFI t=11551 a=-3652,-763,1941 g=-4,-1,-4
WFI t=11601 a=-3652,-760,1942 g=-2,-2,-4
WFI t=11651 a=-3658,-760,1953 g=-6,-1,-5
WFI t=11701 a=-3665,-756,1948 g=0,-3,-6
WFR t=11740 src=bms type=0x02 len=129 data=d2037c0ee90ee80ee90ee90ee90ee90ee90ee90ee80ee80ee90eea0eec0eec0eed0eec0eed0eed0eee0eee0eed0eee0eee0eee0eec0eee0eee0eee0000000000000000003d0000000000000000000000000000042d752e02ad0eee0ee8003d003d00000156001c0001001d0000000100010eeb000600150000000000000000e241
WFI t=11751 a=-3642,-764,1939 g=2,-1,-3
WFI t=11801 a=-3646,-759,1959 g=1,-2,-4
WFI t=11851 a=-3650,-756,1938 g=-1,-3,-6
WFI t=11901 a=-3649,-758,1946 g=-7,-3,-4
WFI t=12035 a=-3654,-762,1961 g=-3,-2,-4
WFI t=12037 a=-3641,-756,1936 g=-1,-2,-4
WFI t=12051 a=-3643,-757,1942 g=1,-3,-5
WFI t=12101 a=-3661,-752,1957 g=-4,-2,-3
WFI t=12151 a=-3651,-759,1943 g=-2,-1,-5
WFI t=12201 a=-3642,-767,1944 g=-5,-3,-5
WFI t=12251 a=-3654,-759,1948 g=-2,-1,-5
WFI t=12301 a=-3656,-755,1942 g=-6,-3,-4
WFI t=12351 a=-3643,-753,1936 g=-4,-3,-5
WFI t=12401 a=-3649,-764,1952 g=2,-2,-5
WFI t=12452 a=-3650,-751,1941 g=-1,-2,-5
WFI t=12501 a=-3642,-747,1940 g=-1,-2,-3
WFI t=12551 a=-3656,-759,1937 g=-7,-4,-5
WFI t=12601 a=-3653,-767,1939 g=-4,-1,-5
WFI t=12651 a=-3648,-764,1944 g=0,-2,-5
WFI t=12701 a=-3637,-761,1942 g=0,-2,-5
WFR t=12740 src=bms type=0x02 len=129 data=d2037c0ee90ee80ee90ee90ee90ee80ee90ee90ee80ee80ee90eea0eec0eec0eed0eec0eed0eed0eee0eee0eee0eee0eef0eee0eed0eee0eee0eee0000000000000000003d0000000000000000000000000000042d752e02ad0eef0ee8003d003d00000156001c0001001d0000000100010eeb00070015000000000000000005b5
WFI t=12751 a=-3648,-763,1954 g=-1,-2,-4
WFI t=12801 a=-3656,-758,1946 g=-7,-2,-4
WFI t=12851 a=-3654,-755,1949 g=-2,-4,-4
WFI t=12901 a=-3654,-754,1944 g=-1,-2,-4
WFI t=12951 a=-3649,-755,1952 g=-1,-2,-5
WFI t=13001 a=-3659,-761,1950 g=-4,-3,-5
WFI t=13051 a=-3653,-761,1951 g=-1,-3,-4
WFI t=13101 a=-3650,-759,1941 g=-6,-3,-5
WFI t=13151 a=-3660,-773,1947 g=-1,-1,-4
WFI t=13201 a=-3654,-764,1936 g=-6,-3,-5
WFI t=13251 a=-3652,-758,1951 g=0,-2,-5
WFI t=13301 a=-3646,-769,1952 g=-2,-1,-5
WFI t=13351 a=-3650,-750,1943 g=-5,-1,-3
WFI t=13401 a=-3652,-757,1945 g=-2,-1,-5
WFI t=13451 a=-3647,-755,1944 g=1,-3,-4
WFI t=13501 a=-3656,-764,1943 g=-4,-2,-4
WFI t=13551 a=-3645,-766,1950 g=-1,-1,-4
WFI t=13601 a=-3644,-755,1942 g=-2,-1,-3
WFI t=13651 a=-3657,-765,1955 g=-3,-1,-3
WFI t=13701 a=-3651,-765,1957 g=-2,0,-5
WFR t=13740 src=bms type=0x02 len=129 data=d2037c0ee90ee80ee90ee90ee90ee80ee90ee90ee70ee80ee90eea0eec0eed0eed0eec0eed0eed0eee0eee0eee0eee0eef0eee0eed0eee0eee0eee0000000000000000003d0000000000000000000000000000042d752e02ad0eef0ee7003d003d00000156001c0001001d0000000100010eeb00080015000000000000000018e4
WFI t=13751 a=-3649,-752,1955 g=-3,-2,-5
WFI t=13801 a=-3643,-763,1946 g=-7,-2,-5
WFI t=13851 a=-3661,-754,1943 g=-2,-1,-4
WFI t=13901 a=-3647,-761,1953 g=-4,-3,-6
WFI t=14008 a=-3654,-767,1943 g=-1,-3,-5
WFI t=14140 a=-3653,-758,1943 g=-3,-3,-5
WFI t=14242 a=-3655,-762,1943 g=-2,-1,-4
WFI t=14258 a=-3655,-759,1958 g=-5,-4,-4
WFI t=14260 a=-3658,-755,1946 g=-4,-2,-3
WFI t=14262 a=-3658,-755,1946 g=-4,-2,-3
WFI t=14264 a=-3654,-758,1950 g=-4,-3,-5
WFI t=14301 a=-3649,-766,1949 g=-9,-3,-5
WFI t=14351 a=-3649,-757,1947 g=0,-2,-4
WFI t=14401 a=-3648,-756,1957 g=-3,-2,-3
WFI t=14451 a=-3649,-757,1941 g=2,-2,-4
WFI t=14501 a=-3653,-764,1950 g=-2,-1,-4
WFI t=14551 a=-3638,-771,1939 g=-4,-1,-6
WFI t=14601 a=-3660,-759,1944 g=0,-2,-4
WFI t=14651 a=-3640,-763,1949 g=-1,-2,-4
WFI t=14701 a=-3654,-753,1938 g=-3,-2,-5
WFI t=14751 a=-3641,-758,1943 g=-1,-3,-5
WFI t=14801 a=-3653,-764,1939 g=-2,-2,-5
WFR t=14840 src=bms type=0x02 len=129 data=d2037c0ee90ee80ee90ee90ee90ee80ee90ee90ee80ee80ee90eea0eec0eed0eed0eec0eed0eed0eee0eee0eee0eee0eef0eee0eed0eee0eee0eee0000000000000000003d0000000000000000000000000000042d752f02ad0eef0ee8003d003d00000156001c0001001d0000000100010eeb0007000a000000000000000094d5
WFI t=14851 a=-3642,-752,1943 g=1,-3,-4
WFI t=14901 a=-3656,-761,1945 g=2,-3,-4
WFI t=14951 a=-3658,-769,1946 g=1,-2,-4
WFI t=15001 a=-3646,-768,1938 g=-5,-2,-6
WFI t=15051 a=-3649,-750,1943 g=0,-2,-4
WFI t=15101 a=-3643,-758,1935 g=3,-1,-5
WFI t=15151 a=-3649,-763,1945 g=-1,-4,-5
WFI t=15201 a=-3652,-763,1942 g=-2,-1,-3
WFI t=15251 a=-3647,-754,1947 g=1,-1,-5
WFI t=15301 a=-3659,-754,1956 g=-2,-2,-5
WFT t=15346 batt_mv=4178 rssi_mcu=0 rssi_bms=-83 mcu=0 bms=20 dropped=0
WFI t=15351 a=-3650,-759,1946 g=1,-2,-4
WFI t=15401 a=-3652,-751,1946 g=-6,-4,-5
WFI t=15451 a=-3651,-768,1941 g=-1,-2,-5
WFI t=15501 a=-3645,-765,1946 g=-3,-4,-5
WFI t=15551 a=-3648,-760,1953 g=1,-2,-4
WFI t=15601 a=-3645,-741,1951 g=0,-1,-4
WFI t=15651 a=-3657,-757,1941 g=-5,-4,-5
WFI t=15701 a=-3661,-757,1945 g=-2,-3,-5
WFI t=15751 a=-3662,-758,1953 g=-7,-2,-5
WFI t=15801 a=-3644,-755,1949 g=-2,-3,-5
WFR t=15840 src=bms type=0x02 len=129 data=d2037c0ee90ee80ee90ee90ee90ee80ee90ee90ee70ee80ee90eea0eec0eec0eed0eec0eed0eed0eee0eee0eee0eee0eef0eee0eed0eee0eee0eee0000000000000000003d0000000000000000000000000000042d752f02ad0eef0ee7003d003d00000156001c0001001d0000000100010eeb0008000a00000000000000008984
WFI t=15851 a=-3656,-751,1957 g=-4,-4,-4
WFI t=15901 a=-3652,-768,1953 g=1,-3,-4
WFI t=15965 a=-3643,-759,1949 g=-4,-4,-5
WFI t=16062 a=-3642,-757,1954 g=-3,-3,-5
WFI t=16064 a=-3639,-757,1947 g=-1,-1,-5
WFI t=16101 a=-3654,-771,1948 g=0,-3,-4
WFI t=16151 a=-3654,-759,1942 g=0,-1,-5
WFI t=16201 a=-3644,-764,1947 g=2,-1,-3
WFI t=16251 a=-3648,-759,1939 g=-2,-3,-4
WFI t=16301 a=-3663,-750,1943 g=1,-1,-4
WFI t=16351 a=-3660,-757,1946 g=-2,-3,-4
WFI t=16401 a=-3662,-764,1941 g=-6,-2,-5
WFI t=16451 a=-3650,-764,1947 g=-1,-2,-4
WFI t=16501 a=-3654,-772,1931 g=-2,-2,-5
WFI t=16551 a=-3651,-749,1947 g=-6,-3,-4
WFI t=16601 a=-3655,-763,1938 g=-3,-1,-4
WFI t=16651 a=-3653,-763,1944 g=-5,-3,-5
WFI t=16701 a=-3651,-759,1957 g=-6,-3,-6
WFI t=16751 a=-3649,-767,1945 g=0,-2,-4
WFI t=16801 a=-3639,-754,1961 g=-2,-1,-4
WFR t=16840 src=bms type=0x02 len=129 data=d2037c0ee90ee80ee90ee90ee90ee80ee90ee90ee80ee80ee90eea0eec0eec0eed0eec0eed0eed0eee0eee0eed0eee0eef0eee0eec0eee0eee0eee0000000000000000003d0000000000000000000000000000042d752f02ad0eef0ee8003d003d00000156001c0001001d0000000100010eeb0007000a00000000000000002626
WFI t=16851 a=-3653,-769,1942 g=-4,-2,-4
WFI t=16901 a=-3647,-761,1940 g=-1,-2,-4
WFI t=16951 a=-3653,-769,1942 g=-2,-3,-4
WFI t=17001 a=-3645,-752,1945 g=0,-3,-5
WFI t=17051 a=-3663,-765,1953 g=-2,-2,-4
WFI t=17101 a=-3653,-749,1960 g=-4,-2,-5
WFI t=17151 a=-3647,-746,1950 g=-2,-2,-4
WFI t=17201 a=-3650,-763,1934 g=-3,-2,-4
WFI t=17251 a=-3664,-774,1950 g=-3,-2,-5
WFI t=17301 a=-3644,-762,1945 g=-3,-4,-6
WFI t=17351 a=-3646,-760,1940 g=-5,-3,-5
WFI t=17401 a=-3657,-758,1963 g=-5,-3,-4
WFI t=17451 a=-3652,-760,1940 g=-2,-1,-4
WFI t=17501 a=-3654,-763,1945 g=-1,-1,-6
WFI t=17551 a=-3646,-761,1952 g=0,-2,-5
WFI t=17601 a=-3659,-755,1943 g=-2,-2,-4
WFI t=17651 a=-3650,-768,1948 g=-1,-1,-4
WFI t=17701 a=-3660,-763,1935 g=-2,-2,-5
WFI t=17751 a=-3656,-755,1940 g=-6,-3,-5
WFI t=17801 a=-3644,-768,1948 g=-5,-3,-4
WFR t=17840 src=bms type=0x02 len=129 data=d2037c0ee90ee80ee90ee90ee90ee80ee90ee90ee80ee90ee90eea0eec0eec0eed0eec0eed0eed0eee0eed0eee0eee0eef0eee0eed0eee0eee0eee0000000000000000003d0000000000000000000000000000042d752f02ad0eef0ee8003d003d00000156001c0001001d0000000100010eeb0007000a00000000000000008d0c
WFI t=17851 a=-3644,-756,1952 g=-1,-4,-3
WFI t=17901 a=-3659,-748,1938 g=-3,-1,-3
WFI t=18036 a=-3646,-763,1938 g=-2,-4,-4
WFI t=18051 a=-3639,-763,1955 g=-1,-2,-3
WFI t=18054 a=-3655,-768,1947 g=0,-2,-3
WFI t=18101 a=-3658,-752,1936 g=0,-2,-3
WFI t=18151 a=-3655,-762,1950 g=-1,-4,-5
WFI t=18201 a=-3650,-758,1953 g=2,-3,-4
WFI t=18251 a=-3649,-757,1954 g=-4,-1,-5
WFI t=18301 a=-3643,-757,1946 g=2,-3,-4
WFI t=18351 a=-3658,-758,1938 g=-1,-1,-5
WFI t=18401 a=-3659,-760,1944 g=-1,-2,-4
WFI t=18451 a=-3657,-773,1939 g=-3,-2,-5
WFI t=18501 a=-3647,-769,1946 g=1,-2,-3
WFI t=18551 a=-3656,-758,1943 g=-5,-2,-4
WFI t=18601 a=-3640,-765,1952 g=-5,-2,-6
WFI t=18651 a=-3650,-767,1962 g=0,-3,-4
WFI t=18701 a=-3657,-755,1950 g=-1,-2,-4
WFI t=18751 a=-3656,-759,1942 g=-3,-3,-6
WFI t=18801 a=-3653,-770,1948 g=-3,-3,-6
WFR t=18840 src=bms type=0x02 len=129 data=d2037c0ee90ee80ee90ee90ee90ee80ee90ee90ee80ee90ee90eea0eec0eec0eed0eeb0eed0eed0eee0eee0eee0eee0eee0eee0eed0eee0eee0eee0000000000000000003d0000000000000000000000000000042d752f02ad0eef0ee8003d003d00000156001c0001001d0000000100010eeb0007000a000000000000000096d4
WFI t=18851 a=-3653,-758,1950 g=1,-1,-5
WFI t=18901 a=-3650,-767,1948 g=-1,-2,-4
WFI t=18951 a=-3654,-761,1952 g=1,-2,-4
WFI t=19001 a=-3646,-759,1927 g=1,0,-4
WFI t=19051 a=-3641,-755,1952 g=-1,0,-4
WFI t=19101 a=-3653,-754,1945 g=0,-3,-6
WFI t=19151 a=-3660,-758,1946 g=-3,-3,-4
WFI t=19201 a=-3649,-757,1946 g=-3,0,-5
WFI t=19251 a=-3644,-759,1950 g=-1,-1,-4
WFI t=19301 a=-3653,-757,1932 g=-4,-2,-4
WFI t=19351 a=-3653,-765,1938 g=-2,-1,-4
WFI t=19401 a=-3652,-759,1952 g=-7,-3,-4
WFI t=19451 a=-3663,-747,1951 g=-1,-1,-5
WFI t=19501 a=-3648,-766,1942 g=1,-1,-4
WFI t=19551 a=-3655,-759,1952 g=-2,-2,-5
WFI t=19601 a=-3658,-764,1940 g=-2,-2,-5
WFI t=19651 a=-3659,-756,1951 g=-5,-2,-6
WFI t=19701 a=-3654,-748,1950 g=-2,-2,-5
WFI t=19751 a=-3654,-756,1944 g=-4,-4,-4
WFI t=19801 a=-3642,-763,1942 g=-6,-3,-5
WFR t=19840 src=bms type=0x02 len=129 data=d2037c0ee90ee80ee90ee90ee90ee80ee90ee90ee70ee90ee90eea0eec0eed0eed0eec0eed0eed0eee0eee0eee0eee0eef0eee0eed0eee0eee0eee0000000000000000003d0000000000000000000000000000042d752f02ad0eef0ee7003d003d00000156001c0001001d0000000100010eeb0008000a00000000000000002f14
WFI t=19851 a=-3638,-765,1952 g=-6,-2,-6
WFI t=19901 a=-3662,-753,1942 g=-7,-2,-5
WFI t=19964 a=-3643,-741,1941 g=2,-1,-3
WFI t=20002 a=-3638,-757,1963 g=-3,-3,-4
WFI t=20146 a=-3658,-762,1941 g=-5,-1,-5
WFI t=20148 a=-3643,-760,1947 g=-4,-3,-5
WFI t=20152 a=-3665,-760,1943 g=-4,-2,-4
WFI t=20201 a=-3643,-759,1947 g=-5,-2,-5
WFI t=20251 a=-3640,-760,1942 g=-2,-2,-5
WFI t=20301 a=-3653,-767,1945 g=-3,-1,-4
WFI t=20351 a=-3657,-762,1956 g=-3,-2,-6
WFT t=20378 batt_mv=4180 rssi_mcu=0 rssi_bms=-83 mcu=0 bms=25 dropped=0
WFI t=20401 a=-3653,-762,1952 g=0,-1,-4
WFI t=20451 a=-3653,-758,1940 g=-6,-3,-5
WFI t=20501 a=-3657,-769,1946 g=-4,-1,-4
WFI t=20551 a=-3657,-760,1958 g=-2,-2,-4
WFI t=20601 a=-3651,-760,1955 g=-3,0,-6
WFI t=20651 a=-3647,-758,1950 g=0,-1,-5
WFI t=20701 a=-3643,-767,1937 g=-5,-4,-5
WFI t=20751 a=-3658,-765,1937 g=2,-2,-4
WFI t=20801 a=-3650,-748,1950 g=-5,-1,-4
WFR t=20840 src=bms type=0x02 len=129 data=d2037c0ee90ee80ee90ee90ee90ee80ee90ee90ee80ee90ee90eea0eed0eec0eed0eec0eed0eed0eee0eee0eed0eee0eef0eef0eed0eee0eee0eee0000000000000000003d0000000000000000000000000000042d752f02ad0eef0ee8003d003d00000156001c0001001d0000000100010eeb0007000a0000000000000000eccb
WFI t=20851 a=-3653,-758,1937 g=-8,-1,-5
WFI t=20901 a=-3654,-747,1944 g=0,-1,-4
WFI t=20951 a=-3649,-758,1936 g=-3,-1,-4
WFI t=21001 a=-3651,-750,1947 g=-7,-3,-5
WFI t=21051 a=-3644,-755,1944 g=-3,-3,-5
WFI t=21101 a=-3649,-770,1941 g=-2,-1,-4
WFI t=21151 a=-3651,-745,1954 g=0,-2,-6
WFI t=21201 a=-3653,-751,1940 g=-1,-2,-5
WFI t=21251 a=-3652,-757,1946 g=-4,-3,-5
WFI t=21301 a=-3646,-766,1941 g=1,-2,-5
WFI t=21351 a=-3655,-749,1952 g=2,-4,-5
WFI t=21401 a=-3656,-765,1945 g=-6,-1,-6
WFI t=21451 a=-3656,-759,1939 g=-4,-3,-4
WFI t=21501 a=-3654,-758,1935 g=-2,-2,-4
WFI t=21551 a=-3656,-767,1946 g=-6,-3,-5
WFI t=21601 a=-3656,-758,1957 g=-6,-2,-5
WFI t=21651 a=-3650,-760,1946 g=-1,-1,-5
WFI t=21701 a=-3653,-765,1937 g=-2,-2,-4
WFI t=21751 a=-3646,-761,1952 g=-1,-1,-5
WFI t=21801 a=-3660,-767,1949 g=-4,-2,-5
WFR t=21840 src=bms type=0x02 len=129 data=d2037c0ee90ee80ee90ee90ee90ee90ee90ee90ee80ee80ee90eea0eec0eed0eed0eec0eed0eed0eee0eee0eee0eee0eef0eee0eec0eee0eee0eee0000000000000000003d0000000000000000000000000000042d752f02ad0eee0ee8003d003d00000156001c0001001d0000000100010eeb0006000a0000000000000000d7a3
WFI t=21851 a=-3656,-770,1936 g=-5,-1,-4
WFI t=21901 a=-3657,-762,1937 g=-5,-2,-3
WFI t=21993 a=-3647,-764,1948 g=-5,-2,-5
WFI t=22080 a=-3655,-751,1954 g=1,-1,-5
WFI t=22083 a=-3655,-751,1954 g=1,-1,-5
WFI t=22101 a=-3655,-765,1943 g=-2,-2,-5
WFI t=22151 a=-3657,-753,1944 g=-1,-2,-3
WFI t=22201 a=-3657,-757,1949 g=-1,-1,-4
WFI t=22251 a=-3651,-751,1941 g=-5,-1,-5
WFI t=22301 a=-3649,-767,1943 g=2,-3,-3
WFI t=22366 a=-3654,-759,1935 g=-1,-3,-5
WFI t=22401 a=-3657,-759,1945 g=-1,-3,-5
WFI t=22451 a=-3658,-748,1949 g=-2,-3,-3
WFI t=22501 a=-3642,-764,1957 g=-4,-3,-6
WFI t=22551 a=-3645,-752,1950 g=-4,-3,-4
WFI t=22601 a=-3658,-755,1944 g=-4,-3,-5
WFI t=22651 a=-3646,-758,1945 g=-4,-3,-5
WFI t=22702 a=-3661,-771,1946 g=-2,-2,-4
WFI t=22751 a=-3640,-764,1934 g=-6,-3,-4
WFI t=22801 a=-3653,-760,1948 g=-5,-3,-5
WFR t=22840 src=bms type=0x02 len=129 data=d2037c0ee90ee80ee90ee90ee90ee90ee90ee90ee80ee90ee90eea0eed0eed0eed0eec0eed0eed0eee0eee0eee0eee0eef0eee0eec0eee0eee0eee0000000000000000003d0000000000000000000000000000042d752f02ad0eef0ee8003d003d00000156001c0001001d0000000100010eeb0007000a0000000000000000b89f
WFI t=22851 a=-3647,-760,1943 g=-5,-1,-4
WFI t=22901 a=-3650,-760,1955 g=-2,-4,-5
WFI t=22951 a=-3641,-752,1936 g=-4,-3,-5
WFI t=23001 a=-3645,-751,1947 g=-2,-1,-5
WFI t=23051 a=-3653,-759,1943 g=-2,-2,-4
WFI t=23101 a=-3640,-758,1941 g=-3,-2,-4
WFI t=23151 a=-3655,-762,1950 g=-1,0,-4
WFI t=23201 a=-3657,-767,1951 g=-5,-1,-5
WFI t=23251 a=-3649,-766,1941 g=-1,-2,-5
WFI t=23301 a=-3651,-767,1951 g=-1,-2,-5
WFI t=23351 a=-3651,-744,1954 g=-3,-2,-4
WFI t=23401 a=-3656,-770,1948 g=-1,-3,-4
WFI t=23451 a=-3652,-753,1956 g=1,-2,-4
WFI t=23501 a=-3644,-751,1945 g=-1,-1,-4
WFI t=23551 a=-3651,-763,1951 g=-3,-1,-4
WFI t=23601 a=-3659,-756,1945 g=-3,-2,-4
WFI t=23651 a=-3643,-755,1953 g=-3,-3,-6
WFI t=23701 a=-3647,-765,1960 g=-2,-2,-5
WFI t=23751 a=-3652,-769,1947 g=0,-3,-6
WFI t=23801 a=-3643,-749,1940 g=-4,-2,-4
WFR t=23840 src=bms type=0x02 len=129 data=d2037c0ee90ee80ee90ee90ee90ee80ee90ee90ee70ee90ee90eea0eec0eec0eed0eeb0eed0eed0eee0eee0eee0eee0eef0eee0eec0eee0eee0eee0000000000000000003d0000000000000000000000000000042d752f02ad0eef0ee7003d003d00000156001c0001001d0000000100010eeb0008000a00000000000000009df4
WFI t=23851 a=-3646,-759,1949 g=-3,-3,-4
WFI t=23901 a=-3647,-752,1943 g=-3,-2,-5
WFI t=23991 a=-3646,-750,1949 g=1,-1,-4
WFI t=24067 a=-3658,-761,1941 g=-2,-2,-4
WFI t=24226 a=-3659,-764,1957 g=0,-1,-5
WFI t=24240 a=-3675,-766,1950 g=-4,-3,-5
WFI t=24242 a=-3660,-750,1942 g=-3,-3,-5
WFI t=24245 a=-3660,-750,1942 g=-3,-3,-5
WFI t=24251 a=-3660,-760,1947 g=-4,-3,-3
WFI t=24301 a=-3665,-769,1942 g=2,-2,-4
WFI t=24351 a=-3652,-761,1950 g=0,-3,-5
WFI t=24401 a=-3652,-757,1943 g=-3,-2,-4
WFI t=24451 a=-3648,-751,1953 g=-5,-1,-5
WFI t=24501 a=-3655,-753,1960 g=-1,-3,-5
WFI t=24551 a=-3652,-770,1951 g=-4,-2,-5
WFI t=24601 a=-3656,-757,1959 g=-4,-3,-5
WFI t=24651 a=-3653,-773,1941 g=-5,-1,-4
WFI t=24701 a=-3650,-764,1960 g=-3,-2,-3
WFI t=24751 a=-3645,-756,1953 g=-5,-3,-5
WFI t=24801 a=-3648,-759,1945 g=-5,-2,-6
WFI t=24851 a=-3652,-761,1957 g=0,-2,-3
WFI t=24901 a=-3658,-764,1949 g=-7,-3,-4
WFR t=24940 src=bms type=0x02 len=129 data=d2037c0ee90ee80ee90ee90ee90ee80ee90ee90ee80ee90ee90eea0eed0eec0eed0eec0eed0eed0eee0eee0eee0eee0eef0eee0eec0eee0eee0eee0000000000000000003d0000000000000000000000000000042d752f02ad0eef0ee8003d003d00000156001c0001001d0000000100010eeb0007000a00000000000000000454
WFI t=24951 a=-3662,-754,1938 g=-4,-2,-3
WFI t=25001 a=-3654,-762,1958 g=-5,-3,-6
WFI t=25051 a=-3646,-752,1948 g=-2,-2,-3
WFI t=25101 a=-3652,-774,1939 g=-4,-4,-4
WFI t=25151 a=-3664,-764,1945 g=-5,-2,-4
WFI t=25201 a=-3645,-771,1942 g=-1,-2,-6
WFI t=25251 a=-3648,-760,1943 g=-3,-2,-4
WFI t=25301 a=-3650,-756,1949 g=-6,-4,-5
WFI t=25351 a=-3654,-765,1946 g=-6,-4,-5
WFI t=25401 a=-3643,-756,1946 g=-3,-2,-4
WFI t=25451 a=-3658,-760,1953 g=-4,-2,-5
WFT t=25460 batt_mv=4178 rssi_mcu=0 rssi_bms=-80 mcu=0 bms=30 dropped=0
WFI t=25501 a=-3648,-761,1951 g=-2,-2,-4
WFI t=25551 a=-3657,-765,1951 g=-5,-3,-4
WFI t=25601 a=-3662,-758,1954 g=-1,0,-5
WFI t=25651 a=-3654,-755,1960 g=-1,-2,-4
WFI t=25701 a=-3654,-748,1954 g=-4,-2,-4
WFI t=25751 a=-3659,-745,1955 g=1,-3,-4
WFI t=25801 a=-3657,-754,1955 g=-4,-4,-5
WFI t=25851 a=-3646,-758,1946 g=-3,-5,-6
WFI t=25901 a=-3658,-771,1951 g=-6,-3,-4
WFR t=25940 src=bms type=0x02 len=129 data=d2037c0ee90ee80ee90ee90ee90ee90ee90ee90ee80ee80ee90eea0eed0eec0eed0eec0eed0eed0eee0eee0eee0eee0eef0eef0eed0eee0eee0eee0000000000000000003d0000000000000000000000000000042d752f02ad0eef0ee8003d003d00000156001c0001001d0000000100010eeb0007000a0000000000000000a3b2
WFI t=25951 a=-3654,-766,1950 g=-2,-2,-4
WFI t=26075 a=-3654,-771,1950 g=-3,-3,-3
WFI t=26091 a=-3658,-769,1951 g=-3,-2,-5
WFI t=26101 a=-3651,-756,1951 g=-1,-1,-5
WFI t=26151 a=-3655,-756,1950 g=-3,-3,-3
WFI t=26201 a=-3649,-759,1952 g=-5,-3,-3
WFI t=26251 a=-3657,-766,1946 g=-2,-2,-5
WFI t=26301 a=-3651,-765,1954 g=-6,-3,-5
WFI t=26351 a=-3646,-764,1955 g=-2,-2,-4
WFI t=26401 a=-3641,-763,1944 g=-5,-3,-4
WFI t=26451 a=-3640,-758,1945 g=-4,-2,-5
WFI t=26501 a=-3648,-757,1949 g=-1,-2,-6
WFI t=26551 a=-3648,-747,1957 g=-3,-3,-4
WFI t=26601 a=-3646,-768,1946 g=-8,-3,-4
WFI t=26651 a=-3642,-750,1949 g=-4,-2,-5
WFI t=26701 a=-3640,-767,1959 g=3,-1,-5
WFI t=26751 a=-3655,-745,1948 g=-3,-3,-5
WFI t=26801 a=-3651,-767,1953 g=-4,-2,-4
WFI t=26851 a=-3649,-761,1943 g=-3,-1,-4
WFI t=26901 a=-3657,-751,1956 g=0,0,-5
WFR t=26940 src=bms type=0x02 len=129 data=d2037c0ee90ee80ee90ee90ee90ee90ee90ee90ee80ee80ee90eea0eec0eed0eed0eec0eed0eed0eee0eee0eed0eee0eef0eee0eed0eee0eee0eee0000000000000000003d0000000000000000000000000000042d752f02ad0eef0ee8003d003d00000156001c0001001d0000000100010eeb0007000a000000000000000067d1
WFI t=26951 a=-3642,-756,1947 g=-4,-2,-5
WFI t=27001 a=-3653,-761,1957 g=-3,-2,-5
WFI t=27051 a=-3655,-753,1946 g=-8,-3,-5
WFI t=27101 a=-3659,-761,1945 g=-4,-1,-5
WFI t=27151 a=-3643,-765,1954 g=-2,-2,-5
WFI t=27201 a=-3647,-760,1957 g=-4,-3,-5
WFI t=27251 a=-3649,-758,1943 g=-5,-4,-4
WFI t=27301 a=-3646,-763,1943 g=-2,-2,-3
WFI t=27351 a=-3650,-760,1948 g=-6,-2,-5
WFI t=27401 a=-3650,-767,1951 g=-4,-3,-5
WFI t=27451 a=-3658,-753,1947 g=-4,-1,-5
WFI t=27501 a=-3662,-773,1948 g=-4,-3,-4
WFI t=27551 a=-3653,-761,1951 g=0,-1,-4
WFI t=27601 a=-3659,-754,1949 g=-2,0,-5
WFI t=27651 a=-3647,-761,1949 g=-3,-2,-4
WFI t=27701 a=-3647,-756,1946 g=-5,-2,-5
WFI t=27751 a=-3644,-760,1960 g=-3,-2,-5
WFI t=27801 a=-3667,-764,1954 g=-2,-2,-4
WFI t=27851 a=-3648,-763,1953 g=-3,-2,-4
WFI t=27901 a=-3650,-761,1938 g=0,-1,-4
WFI t=27951 a=-3662,-765,1948 g=-1,-3,-2
WFI t=28015 a=-3653,-757,1950 g=-1,-2,-5
WFI t=28100 a=-3660,-763,1968 g=-3,-3,-4
WFI t=28102 a=-3657,-763,1940 g=-2,-1,-5
WFI t=28151 a=-3649,-759,1943 g=-1,-1,-5
WFI t=28201 a=-3657,-762,1953 g=2,-1,-6
WFI t=28251 a=-3649,-771,1956 g=1,-1,-4
WFI t=28301 a=-3654,-757,1938 g=-1,-1,-4
WFI t=28351 a=-3648,-760,1949 g=-1,-3,-3
WFI t=28401 a=-3668,-758,1957 g=-3,-2,-4
WFI t=28451 a=-3647,-767,1955 g=-1,-2,-5
WFI t=28501 a=-3666,-765,1955 g=-4,-2,-4
WFI t=28551 a=-3651,-749,1953 g=-2,-2,-4
WFI t=28601 a=-3650,-756,1956 g=-4,-4,-4
WFI t=28651 a=-3662,-766,1951 g=0,-2,-6
WFI t=28701 a=-3650,-756,1936 g=-2,-3,-5
WFI t=28751 a=-3652,-756,1957 g=-5,0,-4
WFI t=28801 a=-3655,-768,1942 g=-5,-1,-4
WFI t=28851 a=-3663,-762,1961 g=-2,-2,-5
WFI t=28901 a=-3646,-753,1953 g=-1,-2,-5
WFI t=28951 a=-3647,-757,1941 g=-5,-2,-5
WFI t=29001 a=-3659,-752,1944 g=-4,-3,-3
WFI t=29051 a=-3655,-754,1931 g=-2,0,-5
WFI t=29101 a=-3667,-756,1944 g=-2,-1,-4
WFI t=29151 a=-3644,-761,1950 g=-1,-4,-4
WFI t=29201 a=-3646,-771,1947 g=-6,-2,-4
WFI t=29251 a=-3650,-772,1935 g=-3,-3,-4
WFI t=29301 a=-3653,-768,1950 g=-5,-1,-4
WFI t=29351 a=-3658,-763,1956 g=-1,-2,-4
WFI t=29401 a=-3645,-771,1957 g=-3,-2,-3
WFI t=29451 a=-3661,-763,1940 g=-2,-2,-4
WFI t=29501 a=-3648,-761,1960 g=-1,-1,-5
WFI t=29551 a=-3650,-766,1949 g=0,-1,-4
WFI t=29601 a=-3652,-768,1960 g=-2,-2,-4
WFI t=29651 a=-3649,-754,1943 g=-3,-2,-4
WFI t=29701 a=-3651,-761,1950 g=-3,-3,-3
WFI t=29751 a=-3651,-765,1953 g=-5,-2,-5
WFI t=29801 a=-3656,-758,1959 g=-3,-2,-4
WFI t=29851 a=-3658,-768,1942 g=0,1,-4
WFI t=29901 a=-3651,-766,1952 g=-4,-3,-4
WFI t=29951 a=-3647,-747,1957 g=1,-2,-5
WFI t=30024 a=-3654,-771,1947 g=-1,-3,-4
WFI t=30108 a=-3657,-761,1946 g=-2,-2,-4
WFI t=30111 a=-3663,-750,1960 g=-1,-2,-4
WFI t=30151 a=-3658,-755,1957 g=-5,-1,-5
WFI t=30201 a=-3655,-755,1955 g=-5,-3,-3
WFI t=30251 a=-3661,-758,1953 g=3,-2,-5
WFI t=30301 a=-3645,-762,1944 g=-1,-1,-4
WFI t=30351 a=-3643,-764,1958 g=-1,-1,-4
WFI t=30401 a=-3641,-767,1955 g=-3,-2,-6
WFI t=30451 a=-3640,-758,1953 g=-2,-2,-4
WFI t=30501 a=-3653,-760,1948 g=-4,-3,-4
WFT t=30509 batt_mv=4180 rssi_mcu=0 rssi_bms=-83 mcu=0 bms=32 dropped=0
WFI t=30551 a=-3650,-757,1948 g=0,-2,-4
WFI t=30601 a=-3639,-775,1956 g=-3,-3,-5
WFI t=30651 a=-3655,-762,1942 g=-5,-1,-4
WFI t=30701 a=-3655,-748,1949 g=-4,-2,-4
WFI t=30751 a=-3651,-761,1943 g=0,-1,-3
WFI t=30801 a=-3655,-765,1948 g=0,0,-4
WFI t=30851 a=-3641,-754,1953 g=-2,-2,-5
WFI t=30901 a=-3659,-765,1947 g=1,-1,-3
WFI t=30951 a=-3659,-770,1955 g=-3,-1,-4
WFI t=31001 a=-3651,-753,1943 g=1,-1,-4
WFI t=31051 a=-3654,-761,1944 g=-4,-1,-6
WFI t=31101 a=-3658,-757,1953 g=-1,-1,-5
WFI t=31151 a=-3652,-753,1949 g=-2,-3,-5
WFI t=31201 a=-3654,-756,1949 g=-2,-3,-5
WFI t=31251 a=-3654,-757,1947 g=-3,0,-5
WFI t=31301 a=-3655,-761,1951 g=-3,-2,-5
WFI t=31351 a=-3658,-764,1951 g=-1,-2,-4
WFI t=31401 a=-3647,-756,1947 g=-1,-2,-4
WFI t=31451 a=-3649,-769,1945 g=-3,-3,-5
WFI t=31501 a=-3662,-763,1940 g=0,0,-5
WFI t=31551 a=-3639,-770,1955 g=-3,-2,-4
WFI t=31601 a=-3644,-764,1949 g=-2,-3,-4
WFI t=31651 a=-3659,-765,1961 g=0,-1,-5
WFI t=31701 a=-3673,-769,1936 g=-1,-2,-4
WFI t=31758 a=-3653,-767,1964 g=3,-3,-3
WFI t=31801 a=-3651,-760,1947 g=-2,-2,-4
WFI t=31922 a=-3665,-766,1948 g=-6,-2,-5
WFI t=31991 a=-3657,-751,1953 g=-3,-2,-5
WFI t=31993 a=-3647,-766,1952 g=-6,-3,-4
WFI t=32051 a=-3646,-761,1945 g=2,-1,-5
WFI t=32145 a=-3647,-748,1949 g=-4,-1,-4
WFI t=32147 a=-3656,-757,1948 g=-1,-1,-5
WFI t=32151 a=-3656,-760,1951 g=-3,-3,-7
WFI t=32201 a=-3649,-762,1937 g=-6,-2,-4
WFI t=32251 a=-3653,-751,1948 g=-3,-3,-4
WFI t=32301 a=-3659,-761,1948 g=-6,-3,-6
WFI t=32351 a=-3663,-759,1938 g=0,-1,-5
WFI t=32402 a=-3652,-762,1960 g=-3,-1,-4
WFI t=32451 a=-3658,-758,1946 g=-2,-1,-5
WFI t=32501 a=-3665,-767,1949 g=-6,-2,-5
WFI t=32551 a=-3655,-767,1947 g=-2,-2,-5
WFI t=32601 a=-3658,-759,1949 g=-3,-2,-5
WFI t=32651 a=-3652,-772,1946 g=-5,-3,-4
WFI t=32701 a=-3651,-764,1948 g=0,-3,-3
WFI t=32751 a=-3653,-769,1950 g=-5,-3,-4
WFI t=32801 a=-3650,-771,1953 g=0,-1,-6
WFI t=32851 a=-3647,-765,1946 g=0,-2,-4
WFI t=32901 a=-3662,-771,1956 g=0,-2,-4
WFI t=32951 a=-3657,-761,1939 g=-4,-2,-5
WFI t=33001 a=-3653,-761,1946 g=-5,0,-5
WFI t=33051 a=-3664,-755,1953 g=-6,-3,-4
WFI t=33101 a=-3655,-775,1947 g=-4,-2,-4
WFI t=33151 a=-3648,-757,1952 g=3,-2,-5
WFI t=33201 a=-3662,-753,1951 g=-3,-2,-4
WFI t=33251 a=-3662,-747,1946 g=-3,-1,-5
WFI t=33301 a=-3661,-766,1936 g=-2,-2,-4
WFI t=33351 a=-3652,-761,1932 g=-1,-2,-6
WFI t=33401 a=-3651,-752,1945 g=-2,-2,-5
WFI t=33451 a=-3650,-761,1962 g=0,-2,-4
WFI t=33501 a=-3641,-758,1932 g=-1,-1,-4
WFI t=33551 a=-3649,-764,1939 g=-1,-2,-5
WFI t=33601 a=-3655,-771,1931 g=1,-1,-5
WFI t=33651 a=-3643,-769,1948 g=1,-3,-5
WFI t=33701 a=-3657,-766,1950 g=-9,-3,-5
WFI t=33751 a=-3655,-759,1948 g=-6,-2,-3
WFI t=33801 a=-3648,-768,1948 g=-5,-1,-5
WFI t=33851 a=-3650,-759,1943 g=-1,-2,-6
WFI t=33901 a=-3651,-760,1956 g=-1,-1,-5
WFI t=33951 a=-3665,-759,1954 g=-6,-4,-4
WFI t=34001 a=-3648,-763,1941 g=3,-1,-5
WFI t=34061 a=-3651,-764,1946 g=-2,-2,-5
WFI t=34147 a=-3647,-757,1947 g=-3,-2,-4
WFI t=34151 a=-3646,-750,1946 g=-2,-2,-5
WFI t=34201 a=-3657,-777,1944 g=-4,-2,-4
WFI t=34251 a=-3663,-756,1942 g=-3,-4,-5
WFI t=34301 a=-3647,-761,1945 g=-2,-2,-4
WFI t=34351 a=-3657,-765,1951 g=0,-3,-4
WFI t=34401 a=-3646,-761,1953 g=-1,-3,-5
WFI t=34451 a=-3656,-758,1933 g=-5,-3,-6
WFI t=34501 a=-3657,-761,1941 g=-2,-3,-4
WFI t=34551 a=-3650,-752,1953 g=-4,-3,-5
WFI t=34601 a=-3647,-750,1946 g=-5,-2,-4
WFI t=34651 a=-3652,-758,1944 g=-2,-1,-4
WFI t=34701 a=-3645,-758,1948 g=0,-1,-5
WFI t=34751 a=-3646,-761,1930 g=-5,-2,-5
WFI t=34801 a=-3659,-769,1934 g=-3,-1,-4
WFI t=34851 a=-3658,-756,1947 g=1,-2,-5
WFI t=34901 a=-3652,-763,1930 g=-6,-2,-4
WFI t=34951 a=-3642,-757,1931 g=-3,-2,-6
WFI t=35001 a=-3646,-770,1944 g=-2,-2,-4
WFI t=35051 a=-3656,-753,1934 g=-2,-2,-3
WFI t=35101 a=-3643,-766,1934 g=-8,-3,-4
WFI t=35151 a=-3651,-758,1946 g=-4,0,-6
WFI t=35201 a=-3661,-749,1950 g=-6,-2,-5
WFI t=35251 a=-3655,-762,1951 g=0,-1,-3
WFI t=35301 a=-3658,-752,1953 g=-3,-3,-5
WFI t=35351 a=-3660,-752,1941 g=-2,-2,-5
WFI t=35401 a=-3655,-752,1939 g=-7,-2,-4
WFI t=35451 a=-3644,-770,1951 g=-5,-1,-5
WFI t=35501 a=-3654,-751,1964 g=-2,-2,-4
WFI t=35551 a=-3653,-748,1940 g=-6,-4,-4
WFT t=35590 batt_mv=4178 rssi_mcu=0 rssi_bms=-85 mcu=0 bms=32 dropped=0
WFI t=35601 a=-3642,-754,1938 g=0,-2,-4
WFI t=35651 a=-3645,-758,1942 g=-1,-1,-5
WFI t=35701 a=-3660,-762,1946 g=-3,-1,-5
WFI t=35751 a=-3660,-757,1943 g=-5,-1,-2
WFI t=35801 a=-3654,-757,1942 g=0,-1,-4
WFI t=35851 a=-3644,-759,1952 g=-2,-2,-5
WFI t=35901 a=-3656,-758,1943 g=-1,-1,-4
WFI t=35951 a=-3646,-769,1941 g=-3,-3,-5
WFI t=36001 a=-3649,-759,1941 g=-3,-3,-4
WFI t=36146 a=-3651,-765,1951 g=-2,-3,-4
WFI t=36160 a=-3657,-747,1947 g=-1,-2,-4
WFI t=36162 a=-3649,-763,1943 g=-2,-2,-4
WFI t=36201 a=-3646,-761,1950 g=-7,-2,-3
WFI t=36251 a=-3656,-766,1936 g=-4,-2,-3
WFI t=36301 a=-3647,-767,1958 g=1,-1,-4
WFI t=36351 a=-3646,-760,1950 g=1,0,-5
WFI t=36401 a=-3651,-763,1955 g=-5,-2,-6
WFI t=36451 a=-3648,-777,1955 g=-3,-4,-3
WFI t=36501 a=-3656,-757,1950 g=-3,-3,-5
WFI t=36551 a=-3649,-755,1945 g=-5,-2,-4
WFI t=36601 a=-3655,-757,1952 g=-2,-1,-6
WFI t=36651 a=-3652,-756,1946 g=-6,-3,-4
WFI t=36701 a=-3656,-758,1942 g=-2,-3,-5
WFI t=36751 a=-3656,-760,1948 g=-3,-1,-3
WFI t=36802 a=-3657,-749,1943 g=-2,-3,-5
WFI t=36851 a=-3642,-758,1941 g=-2,0,-2
WFI t=36901 a=-3654,-767,1941 g=-1,-3,-4
WFI t=36951 a=-3659,-762,1938 g=-2,-1,-3
WFE t=37001 bms stale, no frame for 10059 ms, dropping link
WFI t=37001 a=-3650,-769,1949 g=-2,-2,-4
WFE t=37014 bms link down (stale) after 22 answers in 37561 ms, writes=37 err=0 silent=10 bytes=4113
WFE t=37040 bms disconnected reason=534
WFI t=37051 a=-3645,-764,1948 g=0,-1,-4
WFI t=37101 a=-3659,-742,1944 g=-2,-1,-3
WFI t=37151 a=-3666,-751,1949 g=-1,-1,-4
WFI t=37201 a=-3651,-761,1949 g=-3,-3,-4
WFI t=37251 a=-3654,-750,1958 g=-3,-2,-5
WFI t=37301 a=-3644,-772,1945 g=-1,-1,-6
WFI t=37351 a=-3651,-764,1934 g=-4,-2,-4
WFI t=37401 a=-3657,-763,1943 g=-6,-2,-3
WFI t=37451 a=-3655,-765,1936 g=-2,-3,-4
WFI t=37501 a=-3658,-750,1935 g=-5,-2,-5
WFI t=37551 a=-3660,-761,1954 g=0,-3,-5
WFI t=37601 a=-3659,-758,1942 g=-7,-4,-4
WFI t=37651 a=-3652,-758,1947 g=-2,-3,-4
WFI t=37701 a=-3654,-763,1943 g=-4,-2,-4
WFI t=37751 a=-3662,-759,1955 g=-7,0,-6
WFI t=37801 a=-3664,-754,1932 g=-1,-2,-3
WFI t=37851 a=-3652,-765,1942 g=-2,-1,-5
WFI t=37901 a=-3658,-750,1932 g=0,-1,-4
WFI t=37951 a=-3652,-757,1945 g=-1,0,-5
WFI t=38001 a=-3647,-760,1950 g=-1,-3,-4
WFI t=38077 a=-3661,-777,1939 g=-5,-3,-4
WFI t=38165 a=-3653,-751,1950 g=-1,0,-5
WFI t=38168 a=-3655,-765,1940 g=-2,-4,-5
WFI t=38201 a=-3651,-772,1935 g=-3,-3,-4
WFI t=38251 a=-3644,-750,1947 g=-6,-3,-5
WFI t=38301 a=-3634,-763,1949 g=-3,-2,-4
WFI t=38351 a=-3653,-761,1946 g=-6,0,-3
WFI t=38401 a=-3649,-768,1945 g=-1,-1,-5
WFI t=38451 a=-3642,-763,1941 g=-8,-1,-4
WFI t=38501 a=-3637,-761,1949 g=1,-1,-5
WFI t=38551 a=-3646,-765,1943 g=1,-1,-3
WFI t=38601 a=-3653,-762,1954 g=-5,-3,-4
WFI t=38651 a=-3658,-759,1941 g=-3,-3,-4
WFI t=38701 a=-3659,-750,1934 g=-6,-1,-4
WFI t=38751 a=-3653,-760,1938 g=1,-2,-5
WFI t=38801 a=-3648,-753,1954 g=-3,-1,-4
WFI t=38851 a=-3648,-766,1947 g=-6,-2,-5
WFI t=38901 a=-3653,-766,1942 g=-3,-3,-4
WFI t=38951 a=-3660,-770,1940 g=-5,-3,-4
WFI t=39001 a=-3666,-767,1939 g=-1,-2,-5
WFI t=39051 a=-3652,-772,1942 g=-1,-2,-5
WFI t=39101 a=-3669,-758,1951 g=-2,-3,-4
WFI t=39151 a=-3655,-763,1956 g=-1,-1,-3
WFI t=39201 a=-3650,-763,1938 g=-5,-3,-5
WFI t=39251 a=-3652,-764,1955 g=-1,-2,-4
WFI t=39301 a=-3653,-746,1946 g=-3,-3,-5
WFI t=39351 a=-3643,-758,1954 g=-2,-2,-4
WFI t=39401 a=-3657,-740,1937 g=-1,-2,-5
WFE t=39440 bms subscribed val=0x0010 cccd=0x0011 ctrl=0x0014 mtu=512 regs=62
WFE t=39441 bms conn itvl=80 latency=0 timeout=600
WFI t=39451 a=-3656,-767,1947 g=-7,-2,-5
WFE t=39471 bms conn update force itvl=80 rc=0
WFE t=39472 bms reconnected (attempt 1)
WFE t=39488 bms mtu event mtu=512
WFI t=39501 a=-3648,-749,1948 g=-4,-3,-6
WFI t=39551 a=-3656,-767,1940 g=3,-1,-5
WFI t=39601 a=-3657,-758,1938 g=5,0,-4
WFE t=39641 bms conn update req itvl=12-12 latency=0 timeout=400 via=l2cap
WFI t=39651 a=-3664,-755,1955 g=-5,-1,-4
WFI t=39701 a=-3657,-765,1942 g=-6,-3,-3
WFI t=39751 a=-3650,-767,1945 g=-2,-1,-4
WFI t=39801 a=-3661,-774,1953 g=-2,-4,-6
WFR t=39840 src=bms type=0x02 len=129 data=d2037c0ee90ee80ee90ee90ee90ee90ee90ee90ee80ee80ee90ee90eec0eec0eed0eec0eed0eed0eee0eee0eed0eee0eef0eee0eed0eee0eee0eee0000000000000000003d0000000000000000000000000000042d752e02ad0eef0ee8003d003d00000156001c0001001d0000000100010eeb0007001500000000000000004fc7
WFI t=39851 a=-3664,-766,1951 g=-4,-2,-5
WFI t=39901 a=-3648,-762,1948 g=-1,-1,-3
WFI t=39951 a=-3656,-756,1950 g=0,-2,-3
WFI t=40001 a=-3653,-757,1947 g=-4,-2,-5
WFI t=40166 a=-3646,-768,1945 g=-2,-1,-4
WFI t=40181 a=-3656,-770,1950 g=-6,-1,-5
WFE t=40182 bms conn update status=0 itvl=80 latency=0 timeout=600
WFI t=40183 a=-3656,-771,1953 g=-4,-3,-4
WFI t=40201 a=-3654,-761,1946 g=1,-2,-3
WFI t=40251 a=-3653,-759,1944 g=1,-2,-4
WFI t=40301 a=-3660,-762,1944 g=-3,-3,-4
WFI t=40351 a=-3647,-757,1941 g=-5,-3,-4
WFI t=40401 a=-3654,-750,1943 g=-2,-2,-4
WFI t=40451 a=-3649,-769,1954 g=-6,-1,-5
WFI t=40501 a=-3654,-765,1942 g=0,-2,-5
WFI t=40551 a=-3664,-768,1938 g=-5,-4,-4
WFI t=40601 a=-3661,-756,1942 g=-4,0,-4
WFI t=40651 a=-3651,-758,1944 g=-2,-2,-4
WFI t=40701 a=-3659,-757,1951 g=-3,-2,-4
WFI t=40751 a=-3650,-769,1947 g=-4,-2,-5
WFT t=40789 batt_mv=4180 rssi_mcu=0 rssi_bms=-84 mcu=0 bms=33 dropped=0
WFI t=40801 a=-3643,-762,1950 g=-6,-4,-4
WFR t=40840 src=bms type=0x02 len=129 data=d2037c0ee90ee80ee90ee90ee90ee80ee90ee90ee80ee90ee90eea0eec0eed0eed0eec0eed0eed0eee0eee0eee0eee0eef0eee0eed0eee0eee0eee0000000000000000003d0000000000000000000000000000042d752f02ad0eef0ee8003d003d00000156001c0001001d0000000100010eeb0007000a000000000000000028a8
WFI t=40899 a=-3663,-746,1938 g=1,-1,-5
WFI t=40901 a=-3643,-769,1955 g=-1,0,-3
WFI t=40951 a=-3646,-760,1940 g=-4,-2,-4
WFI t=41001 a=-3646,-766,1955 g=-2,-2,-4
WFI t=41051 a=-3671,-745,1947 g=-1,-3,-5
WFI t=41101 a=-3650,-753,1949 g=-3,-2,-4
WFI t=41151 a=-3653,-750,1942 g=0,-2,-4
WFI t=41201 a=-3645,-748,1954 g=-2,-3,-5
WFI t=41251 a=-3653,-771,1960 g=-3,-2,-4
WFI t=41301 a=-3655,-755,1945 g=-2,-1,-4
WFI t=41351 a=-3654,-757,1947 g=-5,-2,-4
WFI t=41401 a=-3651,-770,1951 g=-2,-3,-4
WFI t=41451 a=-3647,-763,1953 g=-5,-2,-5
WFI t=41501 a=-3639,-765,1959 g=-2,-3,-6
WFI t=41551 a=-3646,-762,1954 g=-7,-1,-5
WFI t=41601 a=-3652,-756,1943 g=-2,0,-3
WFI t=41651 a=-3651,-754,1945 g=-2,-3,-4
WFI t=41701 a=-3648,-752,1943 g=-5,-1,-4
WFI t=41751 a=-3646,-761,1949 g=-4,0,-5
WFI t=41801 a=-3649,-753,1958 g=-3,-2,-3
WFR t=41840 src=bms type=0x02 len=129 data=d2037c0ee90ee80ee90ee90ee90ee80ee90ee90ee80ee80ee90eea0eec0eed0eed0eec0eed0eed0eee0eee0eee0eee0eef0eef0eec0eee0eee0eee0000000000000000003d0000000000000000000000000000042d752e02ad0eef0ee8003d003d00000156001c0001001d0000000100010eeb000700150000000000000000a2e5
WFI t=41851 a=-3654,-754,1940 g=-4,-3,-5
WFI t=41901 a=-3650,-758,1934 g=-1,-1,-4
WFI t=41951 a=-3659,-760,1949 g=-4,-3,-5
WFI t=42001 a=-3655,-765,1942 g=-3,-2,-5
WFI t=42086 a=-3644,-759,1948 g=-7,-2,-4
WFI t=42228 a=-3649,-768,1954 g=-3,-2,-5
WFI t=42262 a=-3649,-760,1949 g=-4,-2,-5
WFI t=42265 a=-3644,-757,1950 g=-1,-2,-5
WFI t=42267 a=-3653,-766,1957 g=-3,-3,-4
WFI t=42302 a=-3659,-756,1944 g=-3,-4,-6
WFI t=42408 a=-3662,-753,1947 g=-4,-2,-4
WFI t=42410 a=-3664,-774,1936 g=-2,0,-3
WFI t=42451 a=-3655,-766,1958 g=-1,-1,-4
WFI t=42501 a=-3660,-760,1952 g=-3,0,-5
WFI t=42551 a=-3641,-760,1951 g=-4,-2,-4
WFI t=42601 a=-3653,-752,1947 g=-9,-1,-4
WFI t=42651 a=-3668,-757,1950 g=-2,-3,-4
WFI t=42701 a=-3645,-748,1957 g=4,-1,-5
WFE t=42741 bms conn update req itvl=15-15 latency=0 timeout=400 via=l2cap
WFI t=42751 a=-3665,-753,1951 g=-1,-1,-6
WFI t=42801 a=-3648,-759,1948 g=-2,-1,-5
WFR t=42840 src=bms type=0x02 len=129 data=d2037c0ee90ee80ee90ee90ee90ee80ee90ee90ee80ee90ee90eea0eec0eed0eed0eec0eed0eed0eee0eee0eee0eee0eef0eee0eed0eee0eee0eee0000000000000000003d0000000000000000000000000000042d752f02ad0eef0ee8003d003d00000156001c0001001d0000000100010eeb0007000a000000000000000028a8
WFI t=42851 a=-3647,-765,1939 g=-10,-1,-4
WFI t=42901 a=-3653,-753,1956 g=-6,-2,-4
WFI t=42951 a=-3648,-764,1934 g=-3,0,-4
WFI t=43001 a=-3664,-758,1957 g=-1,-2,-4
WFI t=43051 a=-3653,-770,1937 g=-4,-2,-4
WFI t=43101 a=-3659,-773,1949 g=-4,-1,-5
WFI t=43151 a=-3663,-759,1950 g=-4,-3,-4
WFI t=43201 a=-3657,-766,1959 g=-2,-2,-4
WFI t=43251 a=-3652,-760,1948 g=-5,-2,-4
WFI t=43301 a=-3649,-759,1945 g=-2,-3,-4
WFI t=43351 a=-3648,-763,1932 g=-5,-5,-5
WFI t=43401 a=-3655,-760,1942 g=0,-3,-4
WFI t=43451 a=-3648,-770,1937 g=-3,-2,-4
WFI t=43501 a=-3653,-774,1943 g=0,-1,-5
WFI t=43551 a=-3657,-752,1946 g=0,-1,-4
WFI t=43601 a=-3645,-750,1939 g=-5,-2,-4
WFI t=43651 a=-3653,-762,1945 g=-3,-1,-4
WFI t=43701 a=-3659,-765,1943 g=-6,-2,-4
WFI t=43751 a=-3659,-755,1945 g=-4,-4,-5
WFI t=43801 a=-3646,-772,1948 g=-2,-2,-3
WFI t=43851 a=-3645,-751,1948 g=3,0,-4
WFI t=43901 a=-3652,-754,1962 g=-1,-2,-5
WFI t=43951 a=-3650,-761,1944 g=-4,-2,-4
WFI t=44001 a=-3658,-755,1962 g=-2,0,-3
WFR t=44040 src=bms type=0x02 len=129 data=d2037c0ee90ee80ee90ee90ee90ee80ee90ee90ee80ee90ee90eea0eec0eed0eed0eec0eed0eed0eee0eee0eee0eee0eef0eee0eed0eee0eee0eee0000000000000000003d0000000000000000000000000000042d752f02ad0eef0ee8003d003d00000156001c0001001d0000000100010eeb0007000a000000000000000028a8
WFI t=44182 a=-3646,-759,1952 g=-2,-2,-4
WFI t=44198 a=-3650,-760,1955 g=-3,-2,-4
WFI t=44201 a=-3646,-763,1953 g=1,0,-5
WFI t=44204 a=-3646,-763,1953 g=1,0,-5
WFI t=44251 a=-3630,-761,1938 g=0,0,-5
WFI t=44301 a=-3652,-758,1956 g=0,-2,-5
WFI t=44351 a=-3643,-768,1951 g=-1,-2,-4
WFI t=44401 a=-3654,-768,1941 g=-4,-3,-5
WFI t=44451 a=-3645,-748,1939 g=-4,-1,-4
WFI t=44501 a=-3654,-763,1943 g=-4,-3,-5
WFI t=44551 a=-3659,-751,1962 g=-6,-3,-5
WFI t=44601 a=-3661,-752,1945 g=-7,-2,-4
WFI t=44651 a=-3653,-769,1936 g=-3,-2,-3
WFI t=44701 a=-3664,-762,1939 g=-1,-1,-4
WFI t=44751 a=-3656,-759,1953 g=-3,-2,-5
WFI t=44801 a=-3654,-763,1941 g=-1,0,-4
WFI t=44851 a=-3661,-759,1944 g=-2,-1,-3
WFI t=44901 a=-3654,-772,1941 g=2,-2,-4
WFI t=44951 a=-3659,-767,1948 g=0,0,-5
WFI t=45001 a=-3647,-759,1954 g=-2,-3,-4
WFR t=45040 src=bms type=0x02 len=129 data=d2037c0ee90ee80ee90ee90ee90ee90ee90ee90ee80ee90ee90eea0eec0eec0eed0eec0eed0eed0eee0eee0eee0eee0eef0eef0eed0eee0eee0eee0000000000000000003d0000000000000000000000000000042d752f02ad0eef0ee8003d003d00000156001c0001001d0000000100010eeb0007000a0000000000000000d4e2
WFI t=45051 a=-3657,-768,1951 g=-5,-1,-3
WFI t=45101 a=-3655,-757,1949 g=-5,-3,-4
WFI t=45151 a=-3656,-772,1956 g=-3,-2,-6
WFI t=45201 a=-3641,-757,1943 g=0,-2,-4
WFI t=45251 a=-3650,-757,1951 g=-3,0,-4
WFI t=45301 a=-3662,-757,1951 g=0,-2,-5
WFI t=45351 a=-3661,-758,1951 g=-5,-1,-5
WFI t=45401 a=-3640,-757,1942 g=-5,-2,-5
WFI t=45451 a=-3658,-775,1954 g=-4,-2,-4
WFI t=45501 a=-3657,-753,1940 g=-2,-3,-4
WFI t=45551 a=-3655,-767,1947 g=-2,-1,-6
WFI t=45601 a=-3656,-755,1954 g=-3,-2,-6
WFI t=45651 a=-3665,-756,1957 g=-8,-2,-6
WFI t=45701 a=-3656,-771,1944 g=-5,-2,-3
WFI t=45751 a=-3657,-758,1956 g=-4,-4,-5
WFI t=45801 a=-3653,-755,1941 g=1,-3,-5
WFI t=45851 a=-3654,-754,1946 g=-2,-3,-6
WFI t=45901 a=-3646,-758,1954 g=-2,-1,-5
WFI t=45951 a=-3654,-750,1960 g=-7,-3,-5
WFT t=45992 batt_mv=4180 rssi_mcu=0 rssi_bms=-83 mcu=0 bms=38 dropped=0
WFI t=46001 a=-3652,-751,1940 g=-4,-3,-4
WFR t=46040 src=bms type=0x02 len=129 data=d2037c0ee90ee80ee90ee90ee90ee80ee90ee90ee80ee90ee90eea0eed0eec0eed0eec0eed0eed0eee0eee0eed0eee0eef0eef0eed0eee0eee0eee0000000000000000003d0000000000000000000000000000042d752f02ad0eef0ee8003d003d00000156001c0001001d0000000100010eeb0007000a0000000000000000eccb
WFI t=46051 a=-3651,-764,1950 g=-6,-2,-5
WFI t=46205 a=-3644,-765,1957 g=1,-3,-5
WFI t=46207 a=-3644,-765,1947 g=-4,-3,-4
WFI t=46209 a=-3644,-765,1947 g=-4,-3,-4
WFI t=46251 a=-3650,-760,1944 g=-1,-2,-5
WFI t=46301 a=-3637,-768,1932 g=-3,-1,-5
WFI t=46351 a=-3648,-755,1948 g=-4,-1,-5
WFI t=46401 a=-3657,-752,1952 g=-5,-1,-4
WFI t=46451 a=-3652,-766,1947 g=-3,0,-4
WFI t=46501 a=-3651,-767,1944 g=-3,-3,-7
WFI t=46551 a=-3646,-758,1961 g=1,-3,-5
WFI t=46601 a=-3650,-760,1953 g=-3,-2,-4
WFI t=46651 a=-3643,-749,1964 g=-5,-2,-4
WFI t=46701 a=-3657,-763,1944 g=-1,0,-4
WFI t=46751 a=-3645,-766,1950 g=-1,-3,-5
WFI t=46801 a=-3649,-757,1957 g=-5,-3,-5
WFI t=46851 a=-3649,-741,1952 g=-2,-2,-2
WFI t=46901 a=-3666,-754,1929 g=-4,-1,-4
WFI t=46951 a=-3652,-754,1940 g=-3,-1,-5
WFI t=47001 a=-3649,-761,1936 g=1,-1,-5
WFR t=47040 src=bms type=0x02 len=129 data=d2037c0ee90ee80ee90ee90ee90ee80ee90ee90ee80ee80ee90eea0eec0eec0eed0eec0eed0eed0eee0eee0eee0eee0eee0eef0eec0eee0eee0eee0000000000000000003d0000000000000000000000000000042d752e02ad0eef0ee8003d003d00000156001c0001001d0000000100010eeb00070015000000000000000049a8
WFI t=47051 a=-3650,-767,1963 g=-7,-4,-3
WFI t=47101 a=-3653,-766,1944 g=-3,-1,-3
WFI t=47151 a=-3656,-768,1953 g=1,-2,-5
WFI t=47201 a=-3657,-764,1964 g=1,0,-6
WFI t=47251 a=-3650,-770,1965 g=-4,-2,-5
WFI t=47301 a=-3643,-763,1945 g=-4,-1,-4
WFI t=47351 a=-3660,-761,1944 g=2,-3,-5
WFI t=47401 a=-3657,-763,1955 g=2,1,-5
WFI t=47451 a=-3644,-764,1956 g=-3,-2,-5
WFI t=47501 a=-3653,-754,1950 g=-5,-2,-3
WFI t=47551 a=-3666,-765,1942 g=-5,-1,-3
WFI t=47601 a=-3651,-764,1953 g=0,-2,-6
WFI t=47651 a=-3655,-767,1929 g=1,0,-5
WFI t=47701 a=-3643,-766,1955 g=-3,-2,-5
WFI t=47751 a=-3642,-758,1956 g=1,-1,-4
WFI t=47801 a=-3663,-757,1957 g=-5,-2,-4
WFI t=47851 a=-3656,-757,1939 g=-3,-2,-4
WFI t=47901 a=-3645,-767,1955 g=-1,-3,-6
WFI t=47951 a=-3653,-771,1954 g=-3,-2,-5
WFI t=48001 a=-3658,-773,1955 g=0,0,-3
WFR t=48040 src=bms type=0x02 len=129 data=d2037c0ee90ee80ee90ee90ee90ee80ee90ee90ee80ee90ee90eea0eec0eec0eed0eeb0eed0eed0eee0eee0eee0eee0eee0eee0eec0eee0eee0eee0000000000000000003d0000000000000000000000000000042d752f02ad0eef0ee8003d003d00000156001c0001001d0000000100010eeb0007000a00000000000000006be8
WFI t=48052 a=-3658,-765,1948 g=0,-2,-4
WFI t=48112 a=-3660,-766,1945 g=-2,0,-4
WFI t=48215 a=-3659,-765,1942 g=-1,-1,-4
WFI t=48217 a=-3649,-767,1952 g=2,-2,-3
WFI t=48251 a=-3655,-764,1950 g=0,-1,-5
WFI t=48301 a=-3661,-768,1941 g=-2,-1,-2
WFI t=48351 a=-3654,-755,1949 g=-3,0,-4
WFI t=48401 a=-3649,-766,1951 g=1,-2,-4
WFI t=48451 a=-3655,-761,1946 g=-1,-1,-5
WFI t=48501 a=-3664,-753,1952 g=-1,-2,-5
WFI t=48551 a=-3655,-768,1945 g=-2,-1,-4
WFI t=48601 a=-3656,-767,1954 g=-4,-2,-3
WFI t=48651 a=-3650,-763,1948 g=-1,-1,-5
WFI t=48701 a=-3643,-759,1943 g=-1,-2,-6
WFI t=48751 a=-3648,-761,1949 g=-2,-2,-3
WFI t=48801 a=-3654,-751,1949 g=-4,-4,-4
WFI t=48851 a=-3663,-768,1957 g=-5,-2,-5
WFI t=48901 a=-3656,-763,1958 g=-3,-2,-5
WFI t=48951 a=-3648,-756,1965 g=0,0,-5
WFI t=49001 a=-3659,-767,1942 g=-4,-3,-5
WFR t=49040 src=bms type=0x02 len=129 data=d2037c0ee90ee80ee90ee90ee90ee90ee90ee90ee80ee90ee90eea0eed0eed0eed0eec0eed0eed0eee0eee0eee0eee0eee0eee0eed0eee0eee0eee0000000000000000003d0000000000000000000000000000042d752f02ad0eef0ee8003d003d00000156001c0001001d0000000100010eeb0007000a0000000000000000b403
WFI t=49051 a=-3657,-753,1950 g=-3,-3,-4
WFI t=49108 a=-3661,-760,1949 g=0,-2,-4
WFI t=49151 a=-3665,-762,1949 g=-4,-2,-5
WFI t=49201 a=-3640,-762,1959 g=-9,-3,-6
WFI t=49251 a=-3650,-761,1955 g=-4,-2,-5
WFI t=49301 a=-3659,-768,1955 g=3,-2,-4
WFI t=49351 a=-3649,-758,1945 g=-6,-2,-5
WFI t=49401 a=-3663,-759,1950 g=-6,-2,-4
WFI t=49451 a=-3666,-770,1954 g=0,-3,-5
WFI t=49501 a=-3653,-757,1947 g=-4,-2,-4
WFI t=49551 a=-3658,-756,1951 g=-2,0,-4
WFI t=49601 a=-3645,-775,1949 g=0,-3,-4
WFI t=49651 a=-3649,-748,1939 g=-3,-2,-4
WFI t=49701 a=-3661,-764,1955 g=-2,-2,-4
WFI t=49751 a=-3653,-776,1952 g=-3,-2,-4
WFI t=49801 a=-3655,-755,1953 g=-6,-1,-5
WFI t=49851 a=-3648,-768,1956 g=0,-2,-5
WFI t=49901 a=-3659,-746,1948 g=0,-1,-5
WFI t=49951 a=-3649,-752,1947 g=-1,-3,-5
WFI t=50001 a=-3656,-760,1949 g=-4,-2,-5
WFR t=50040 src=bms type=0x02 len=129 data=d2037c0ee90ee80ee90ee90ee90ee90ee90ee90ee80ee80ee90ee90eec0eec0eed0eec0eed0eed0eee0eee0eee0eee0eef0eee0eed0eee0eee0eee0000000000000000003d0000000000000000000000000000042d752f02ad0eef0ee8003d003d00000156001c0001001d0000000100010eeb0007000a00000000000000009168
WFI t=50051 a=-3663,-763,1959 g=-3,-1,-5
WFI t=50111 a=-3655,-757,1945 g=3,-1,-4
WFI t=50257 a=-3656,-766,1944 g=-4,-4,-5
WFI t=50356 a=-3649,-758,1959 g=-1,-1,-4
WFI t=50358 a=-3660,-754,1946 g=-3,-2,-5
WFI t=50359 a=-3657,-767,1945 g=-1,-1,-4
WFI t=50361 a=-3657,-767,1945 g=-1,-1,-4
WFI t=50401 a=-3661,-765,1958 g=-4,-3,-5
WFI t=50451 a=-3656,-753,1938 g=-6,-3,-5
WFI t=50501 a=-3650,-759,1953 g=1,-1,-5
WFI t=50551 a=-3654,-760,1962 g=-4,-1,-5
WFI t=50601 a=-3649,-763,1951 g=-2,-1,-4
WFI t=50651 a=-3651,-763,1948 g=-5,-3,-5
WFI t=50701 a=-3664,-768,1951 g=-2,0,-3
WFI t=50751 a=-3658,-756,1961 g=-6,-1,-5
WFI t=50801 a=-3650,-756,1939 g=-3,-2,-5
WFI t=50851 a=-3645,-770,1949 g=-5,-2,-4
WFI t=50901 a=-3654,-766,1958 g=-1,-1,-4
WFI t=50951 a=-3653,-758,1937 g=1,-1,-5
WFI t=51001 a=-3652,-749,1948 g=0,-1,-3
WFT t=51048 batt_mv=4184 rssi_mcu=0 rssi_bms=-88 mcu=0 bms=43 dropped=0
WFI t=51051 a=-3659,-766,1944 g=-5,-3,-5
WFI t=51101 a=-3654,-762,1950 g=-1,-1,-5
WFR t=51140 src=bms type=0x02 len=129 data=d2037c0ee90ee80ee90ee90ee90ee80ee90ee90ee80ee80ee90ee90eec0eed0eed0eec0eed0eed0eee0eee0eee0eee0eef0eee0eed0eee0eee0eee0000000000000000003d0000000000000000000000000000042d752f02ad0eef0ee8003d003d00000156001c0001001d0000000100010eeb0007000a00000000000000002da3
WFI t=51151 a=-3649,-754,1943 g=-1,-1,-4
WFI t=51201 a=-3655,-765,1936 g=-2,-2,-4
WFI t=51251 a=-3646,-749,1950 g=-5,-2,-3
WFI t=51301 a=-3655,-770,1955 g=-5,-1,-5
WFI t=51351 a=-3650,-763,1953 g=-9,-3,-4
WFI t=51401 a=-3657,-762,1950 g=-6,-2,-4
WFI t=51451 a=-3666,-762,1952 g=0,0,-3
WFI t=51501 a=-3653,-757,1943 g=-3,0,-5
WFI t=51551 a=-3655,-769,1935 g=-7,-3,-4
WFI t=51601 a=-3644,-762,1939 g=-3,-2,-4
WFI t=51651 a=-3664,-756,1947 g=0,-1,-3
WFI t=51701 a=-3648,-760,1949 g=-4,-1,-4
WFI t=51751 a=-3657,-761,1944 g=1,-3,-5
WFI t=51801 a=-3659,-768,1942 g=-1,0,-5
WFI t=51852 a=-3653,-763,1949 g=-4,-1,-4
WFI t=51901 a=-3660,-769,1948 g=-1,-2,-4
WFI t=51951 a=-3658,-758,1947 g=-3,-2,-5
WFI t=52001 a=-3650,-761,1947 g=-3,-2,-4
WFI t=52051 a=-3655,-769,1949 g=-3,-2,-4
WFI t=52121 a=-3651,-771,1954 g=-2,-2,-4
WFI t=52206 a=-3651,-766,1939 g=-2,-1,-5
WFI t=52208 a=-3650,-767,1948 g=-2,-1,-4
WFR t=52240 src=bms type=0x02 len=129 data=d2037c0ee90ee80ee90ee90ee90ee90ee90ee90ee70ee80ee90ee90eec0eec0eed0eec0eed0eed0eee0eee0eee0eee0eef0eee0eed0eee0eee0eee0000000000000000003d0000000000000000000000000000042d752f02ad0eef0ee7003d003d00000156001c0001001d0000000100010eeb0008000a000000000000000096d4
WFI t=52251 a=-3639,-761,1955 g=-3,-2,-3
WFI t=52301 a=-3665,-768,1945 g=-3,-1,-3
WFI t=52351 a=-3660,-758,1948 g=-2,-3,-4
WFI t=52401 a=-3664,-757,1955 g=-1,-3,-5
WFI t=52451 a=-3661,-754,1939 g=-4,-1,-4
WFI t=52501 a=-3652,-761,1944 g=-2,-4,-5
WFI t=52551 a=-3653,-755,1938 g=-4,-2,-4
WFI t=52601 a=-3657,-762,1942 g=-5,-1,-5
WFI t=52651 a=-3659,-765,1944 g=-1,-2,-4
WFI t=52701 a=-3663,-760,1951 g=-7,-2,-5
WFI t=52751 a=-3653,-761,1937 g=2,-2,-4
WFI t=52801 a=-3671,-762,1932 g=-3,-1,-4
WFI t=52851 a=-3658,-760,1945 g=-2,-1,-5
WFI t=52901 a=-3664,-760,1950 g=-5,-3,-4
WFI t=52951 a=-3654,-774,1948 g=0,-1,-3
WFI t=53001 a=-3640,-765,1946 g=-7,-2,-4
WFI t=53051 a=-3658,-762,1947 g=0,-2,-5
WFI t=53101 a=-3655,-755,1957 g=-4,-2,-4
WFI t=53151 a=-3654,-764,1947 g=-4,-1,-4
WFI t=53201 a=-3644,-755,1944 g=-3,-1,-3
WFR t=53241 src=bms type=0x02 len=129 data=d2037c0ee90ee80ee90ee90ee90ee80ee90ee90ee80ee80ee90eea0eec0eec0eed0eec0eed0eed0eee0eee0eee0eee0eef0eef0eed0eee0eee0eee0000000000000000003d0000000000000000000000000000042d753002ad0eef0ee8003d003d00000156001c0001001d0000000100010eeb000700000000000000000000ff92
WFI t=53251 a=-3659,-761,1948 g=-1,-4,-4
WFI t=53301 a=-3656,-771,1951 g=0,-1,-4
WFI t=53351 a=-3656,-755,1948 g=-5,-1,-4
WFI t=53401 a=-3667,-770,1937 g=-4,-1,-4
WFI t=53451 a=-3662,-780,1950 g=-4,-3,-5
WFI t=53501 a=-3662,-786,1957 g=-3,-2,-4
WFI t=53551 a=-3647,-776,1966 g=-2,-1,-4
WFI t=53601 a=-3644,-764,1962 g=-7,-2,-3
WFI t=53651 a=-3662,-758,1945 g=0,-2,-4
WFI t=53701 a=-3663,-768,1955 g=-5,-1,-5
WFI t=53751 a=-3647,-753,1955 g=-2,0,-4
WFI t=53801 a=-3646,-764,1948 g=-3,-1,-3
WFI t=53851 a=-3655,-745,1934 g=-5,0,-3
WFI t=53901 a=-3659,-758,1928 g=-4,-3,-5
WFI t=53951 a=-3663,-754,1941 g=-5,-2,-5
WFI t=54001 a=-3660,-752,1942 g=-2,-1,-5
WFI t=54051 a=-3651,-742,1932 g=-3,-3,-5
WFI t=54133 a=-3653,-756,1948 g=-4,-2,-4
WFI t=54234 a=-3650,-757,1960 g=-3,-1,-5
WFI t=54236 a=-3655,-775,1944 g=-3,-1,-4
WFR t=54240 src=bms type=0x02 len=129 data=d2037c0ee90ee80ee90ee90ee90ee80ee90ee90ee70ee80ee90ee90eec0eec0eed0eeb0eed0eed0eee0eee0eee0eee0eef0eef0eed0eee0eee0eee0000000000000000003d0000000000000000000000000000042d752f02ad0eef0ee7003d003d00000156001c0001001d0000000100010eeb0008000a00000000000000002542
WFI t=54251 a=-3655,-764,1960 g=0,-1,-5
WFI t=54301 a=-3642,-769,1946 g=-2,-1,-4
WFI t=54351 a=-3647,-757,1955 g=-6,-4,-4
WFI t=54401 a=-3654,-769,1949 g=-8,-4,-3
WFI t=54451 a=-3652,-765,1944 g=-6,-2,-4
WFI t=54501 a=-3651,-752,1948 g=-2,-2,-5
WFI t=54551 a=-3655,-759,1952 g=6,-2,-4
WFI t=54601 a=-3640,-762,1967 g=-7,-1,-3
WFI t=54651 a=-3645,-758,1946 g=-5,-1,-4
WFI t=54701 a=-3650,-749,1936 g=2,-2,-4
WFI t=54751 a=-3655,-761,1953 g=-1,-1,-3
WFI t=54801 a=-3666,-764,1947 g=-6,-3,-4
WFI t=54851 a=-3667,-759,1949 g=-7,-2,-5
WFI t=54901 a=-3659,-770,1947 g=-3,-1,-5
WFI t=54951 a=-3646,-756,1947 g=-1,-2,-4
WFI t=55001 a=-3659,-760,1946 g=-2,-2,-4
WFI t=55051 a=-3663,-763,1950 g=-4,-1,-4
WFI t=55101 a=-3653,-765,1951 g=-3,-2,-5
WFR t=55140 src=bms type=0x02 len=129 data=d2037c0ee90ee80ee90ee90ee90ee80ee90ee90ee80ee80ee90eea0eec0eed0eed0eec0eed0eed0eee0eee0eee0eee0eef0eef0eed0eee0eee0eee0000000000000000003d0000000000000000000000000000042d752e02ad0eef0ee7003d003d00000156001c0001001d0000000100010eeb000800150000000000000000c4cc
WFI t=55151 a=-3644,-750,1961 g=0,-1,-6
WFI t=55201 a=-3641,-747,1940 g=-4,-1,-4
WFI t=55251 a=-3639,-753,1966 g=-2,-3,-5
WFI t=55301 a=-3658,-766,1945 g=-3,-1,-4
WFI t=55351 a=-3647,-754,1938 g=-4,-1,-3
WFI t=55401 a=-3640,-747,1959 g=-5,-1,-4
WFI t=55451 a=-3661,-758,1948 g=-3,-2,-3
WFI t=55501 a=-3660,-770,1935 g=-1,-2,-5
WFI t=55551 a=-3659,-764,1944 g=-1,-3,-5
WFI t=55601 a=-3656,-765,1969 g=-3,-1,-6
WFI t=55651 a=-3655,-756,1937 g=-2,0,-4
WFI t=55701 a=-3646,-748,1941 g=-8,-2,-4
WFI t=55751 a=-3658,-765,1949 g=-2,-1,-4
WFI t=55801 a=-3655,-768,1950 g=0,-1,-5
WFI t=55851 a=-3651,-761,1947 g=0,-1,-4
WFI t=55901 a=-3665,-767,1959 g=0,-3,-4
WFI t=55951 a=-3644,-766,1939 g=-1,-1,-3
WFI t=56001 a=-3641,-767,1949 g=-6,-2,-4
WFI t=56051 a=-3651,-766,1954 g=-4,-2,-4
WFT t=56071 batt_mv=4182 rssi_mcu=0 rssi_bms=-81 mcu=0 bms=48 dropped=0
WFI t=56129 a=-3650,-750,1950 g=-4,0,-5
WFR t=56143 src=bms type=0x02 len=129 data=d2037c0ee90ee80ee90ee90ee90ee80ee90ee90ee70ee80ee90ee90eec0eed0eed0eec0eed0eed0eee0eee0eee0eee0eef0eee0eed0eee0eee0eee0000000000000000003d0000000000000000000000000000042d752e02ad0eef0ee7003d003d00000156001c0001001d0000000100010eeb000800150000000000000000a192
WFI t=56152 a=-3646,-760,1939 g=-6,-2,-4
WFI t=56220 a=-3658,-760,1952 g=-2,-4,-6
WFI t=56322 a=-3649,-762,1950 g=-8,-2,-4
WFI t=56324 a=-3660,-770,1953 g=-5,-2,-4
WFI t=56351 a=-3666,-757,1944 g=-7,-2,-3
WFI t=56401 a=-3653,-750,1942 g=-4,-1,-4
WFI t=56451 a=-3645,-758,1952 g=2,-1,-5
WFI t=56501 a=-3655,-759,1942 g=-2,-3,-5
WFI t=56551 a=-3655,-764,1954 g=-1,-3,-4
WFI t=56601 a=-3648,-758,1955 g=-4,-1,-4
WFI t=56651 a=-3652,-764,1949 g=-1,-1,-4
WFI t=56701 a=-3657,-755,1959 g=-6,0,-5
WFI t=56751 a=-3648,-773,1965 g=-4,-2,-5
WFI t=56801 a=-3657,-763,1940 g=-2,-1,-4
WFI t=56851 a=-3652,-759,1932 g=-5,-2,-4
WFI t=56901 a=-3655,-764,1947 g=-3,-2,-5
WFI t=56951 a=-3648,-757,1961 g=0,1,-4
WFI t=57001 a=-3662,-760,1963 g=-4,-2,-4
WFI t=57051 a=-3659,-767,1943 g=1,-2,-3
WFI t=57101 a=-3651,-763,1954 g=-3,2,-5
WFR t=57140 src=bms type=0x02 len=129 data=d2037c0ee90ee80ee90ee90ee90ee80ee90ee90ee80ee80ee90ee90eed0eed0eed0eec0eed0eed0eee0eee0eee0eee0eef0eee0eed0eee0eee0eee0000000000000000003d0000000000000000000000000000042d752f02ad0eef0ee8003d003d00000156001c0001001d0000000100010eeb0007000a0000000000000000e68e
WFI t=57190 a=-3653,-764,1949 g=-6,-3,-4
WFI t=57201 a=-3649,-758,1940 g=1,-1,-3
WFI t=57251 a=-3660,-757,1940 g=0,-2,-4
WFI t=57301 a=-3635,-753,1956 g=-2,-2,-5
WFI t=57351 a=-3660,-762,1954 g=-2,-2,-4
WFI t=57402 a=-3652,-757,1946 g=-6,-1,-5
WFI t=57451 a=-3651,-753,1952 g=0,-1,-4
WFI t=57501 a=-3653,-769,1951 g=-2,0,-5
WFI t=57551 a=-3650,-759,1953 g=-3,-2,-5
WFI t=57601 a=-3652,-768,1954 g=0,0,-4
WFI t=57651 a=-3653,-757,1956 g=-1,-2,-4
WFI t=57701 a=-3652,-773,1935 g=-5,-4,-4
WFI t=57751 a=-3646,-758,1952 g=1,-2,-4
WFI t=57801 a=-3650,-761,1953 g=-3,-2,-4
WFI t=57851 a=-3651,-766,1947 g=-4,-2,-4
WFI t=57901 a=-3649,-755,1953 g=-2,-1,-5
WFI t=57951 a=-3639,-753,1950 g=-3,-1,-4
WFI t=58001 a=-3656,-759,1951 g=-3,-1,-5
WFI t=58051 a=-3652,-758,1959 g=-3,-2,-4
WFI t=58101 a=-3647,-770,1953 g=-5,-2,-5
WFI t=58227 a=-3650,-754,1953 g=-2,-1,-4
WFI t=58395 a=-3662,-764,1954 g=-4,-2,-4
WFI t=58398 a=-3650,-775,1948 g=-4,-1,-5
WFI t=58401 a=-3661,-764,1947 g=-1,-2,-5
WFI t=58403 a=-3661,-764,1947 g=-1,-2,-5
WFI t=58405 a=-3643,-756,1942 g=-2,-2,-5
WFR t=58440 src=bms type=0x02 len=129 data=d2037c0ee90ee80ee90ee80ee90ee80ee90ee90ee80ee90ee90eea0eed0eec0eed0eec0eed0eed0eee0eee0eee0eee0eef0eef0eed0eee0eee0eee0000000000000000003d0000000000000000000000000000042d752f02ad0eef0ee8003d003d00000156001c0001001d0000000100010eeb0007000a00000000000000007aaa
WFI t=58451 a=-3645,-764,1943 g=2,-3,-3
WFI t=58501 a=-3642,-759,1950 g=-4,-2,-5
WFI t=58551 a=-3662,-755,1957 g=-3,-2,-4
WFI t=58601 a=-3651,-772,1937 g=-6,-1,-4
WFI t=58651 a=-3655,-767,1953 g=1,-2,-4
WFI t=58701 a=-3646,-760,1948 g=-4,-2,-4
WFI t=58751 a=-3664,-765,1944 g=-4,-3,-4
WFI t=58801 a=-3666,-758,1955 g=-8,-2,-5
WFI t=58851 a=-3660,-768,1960 g=-5,-2,-5
WFI t=58901 a=-3641,-766,1943 g=-5,-1,-5
WFI t=58951 a=-3657,-759,1948 g=-3,-2,-3
WFI t=59001 a=-3663,-765,1944 g=-3,-3,-4
WFI t=59051 a=-3641,-760,1951 g=-4,-2,-6
WFI t=59101 a=-3648,-765,1954 g=2,-1,-4
WFI t=59151 a=-3650,-749,1953 g=1,-2,-4
WFI t=59201 a=-3640,-765,1951 g=-7,-3,-3
WFR t=59240 src=bms type=0x02 len=129 data=d2037c0ee90ee80ee90ee90ee90ee80ee90ee90ee80ee80ee90ee90eec0eec0eed0eec0eed0eed0eee0eee0eed0eee0eee0eee0eec0eee0eee0eee0000000000000000003d0000000000000000000000000000042d752f02ad0eef0ee8003d003d00000156001c0001001d0000000100010eeb0007000a00000000000000006ef0
WFI t=59251 a=-3665,-759,1936 g=-3,-1,-4
WFI t=59301 a=-3650,-762,1946 g=-6,-1,-6
WFI t=59351 a=-3644,-760,1958 g=-2,-1,-5
WFI t=59401 a=-3647,-762,1948 g=-5,-2,-4
WFI t=59451 a=-3666,-768,1949 g=-5,-4,-3
WFI t=59501 a=-3666,-756,1948 g=-4,-1,-6
WFI t=59551 a=-3643,-763,1952 g=-2,-2,-4
WFI t=59601 a=-3650,-760,1947 g=-2,-2,-4
WFI t=59651 a=-3656,-764,1943 g=-8,-4,-3
WFI t=59701 a=-3663,-765,1944 g=-1,1,-3
WFI t=59751 a=-3648,-761,1963 g=-1,-1,-5
WFI t=59801 a=-3644,-755,1962 g=-7,-3,-5
WFI t=59851 a=-3659,-754,1957 g=-3,-4,-4
WFI t=59901 a=-3645,-770,1955 g=3,-1,-4
WFI t=59951 a=-3651,-759,1954 g=0,-4,-5
WFI t=60001 a=-3647,-759,1951 g=-5,-2,-5
WFI t=60051 a=-3656,-762,1941 g=-5,-2,-4
WFI t=60101 a=-3660,-768,1961 g=-2,-3,-4
WFI t=60244 a=-3649,-763,1961 g=-3,-2,-4
WFI t=60246 a=-3658,-769,1952 g=-6,-2,-3
WFI t=60251 a=-3658,-769,1952 g=-6,-2,-3
WFI t=60301 a=-3654,-757,1937 g=-5,-1,-3
WFR t=60340 src=bms type=0x02 len=129 data=d2037c0ee90ee80ee90ee90ee90ee80ee90ee90ee80ee80ee90ee90eec0eec0eed0eec0eed0eed0eee0eee0eee0eee0eef0eee0eed0eee0eee0eee0000000000000000003d0000000000000000000000000000042d752f02ad0eef0ee8003d003d00000156001c0001001d0000000100010eeb0007000a0000000000000000374e
WFI t=60351 a=-3660,-765,1942 g=-5,-3,-4
WFI t=60401 a=-3652,-743,1950 g=-3,-2,-4
WFI t=60451 a=-3650,-766,1956 g=-6,-1,-3
WFI t=60501 a=-3649,-758,1957 g=-2,-2,-4
WFI t=60551 a=-3656,-769,1937 g=-3,-2,-3
WFI t=60601 a=-3665,-761,1956 g=-1,-1,-5
WFI t=60651 a=-3663,-757,1954 g=-3,-2,-6
WFI t=60701 a=-3656,-755,1965 g=-3,-2,-3
WFI t=60751 a=-3655,-760,1947 g=-3,-2,-4
WFI t=60801 a=-3662,-774,1949 g=-3,0,-4
WFI t=60851 a=-3653,-766,1961 g=0,-1,-6
WFI t=60901 a=-3645,-744,1954 g=-5,-2,-4
WFI t=60951 a=-3653,-763,1946 g=-5,-2,-4
WFI t=61001 a=-3660,-763,1933 g=1,-2,-4
WFI t=61051 a=-3659,-761,1954 g=-2,-2,-5
WFI t=61101 a=-3661,-759,1956 g=-3,-4,-4
WFI t=61151 a=-3649,-770,1958 g=-2,-3,-4
WFI t=61201 a=-3660,-764,1953 g=-4,-3,-5
WFT t=61250 batt_mv=4182 rssi_mcu=0 rssi_bms=-80 mcu=0 bms=53 dropped=0
WFI t=61252 a=-3658,-760,1955 g=-4,-1,-4
WFI t=61301 a=-3649,-762,1946 g=-4,-1,-5
WFR t=61340 src=bms type=0x02 len=129 data=d2037c0ee90ee80ee90ee80ee90ee80ee90ee90ee80ee80ee90ee90eed0eec0eed0eec0eed0eed0eee0eee0eed0eee0eef0eee0eed0eee0eee0eee0000000000000000003d0000000000000000000000000000042d752f02ad0eef0ee7003d003d00000156001c0001001d0000000100010eeb0008000a0000000000000000f117
WFI t=61351 a=-3660,-769,1934 g=-6,-2,-3
WFI t=61401 a=-3673,-762,1937 g=-6,-1,-4
WFI t=61451 a=-3646,-763,1956 g=-1,-1,-5
WFI t=61501 a=-3653,-772,1953 g=-4,-2,-5
WFI t=61551 a=-3652,-750,1952 g=-7,-3,-2
WFI t=61601 a=-3654,-772,1952 g=-5,-2,-5
WFI t=61651 a=-3659,-761,1955 g=-4,-3,-5
WFI t=61701 a=-3655,-752,1962 g=-1,-1,-3
WFI t=61751 a=-3644,-757,1957 g=0,-1,-3
WFI t=61801 a=-3653,-765,1946 g=-1,-3,-3
WFI t=61851 a=-3649,-763,1955 g=-6,-2,-4
WFI t=61901 a=-3653,-759,1944 g=-5,-2,-6
WFI t=61951 a=-3659,-763,1958 g=3,-1,-4
WFI t=62001 a=-3657,-772,1953 g=2,-1,-2
WFI t=62051 a=-3657,-754,1954 g=-8,-3,-4
WFI t=62101 a=-3658,-758,1962 g=-2,-2,-5
WFI t=62166 a=-3655,-755,1937 g=-7,-4,-7
WFI t=62270 a=-3644,-769,1953 g=-1,-2,-4
WFI t=62272 a=-3650,-760,1955 g=-3,-1,-5
WFI t=62301 a=-3648,-758,1954 g=-4,-1,-3
WFI t=62351 a=-3652,-757,1938 g=-4,-3,-5
WFI t=62401 a=-3658,-755,1944 g=-3,-2,-3
WFI t=62451 a=-3653,-764,1956 g=1,-2,-4
WFI t=62501 a=-3656,-773,1956 g=-7,-2,-5
WFR t=62540 src=bms type=0x02 len=129 data=d2037c0ee90ee80ee90ee90ee90ee80ee90ee90ee80ee90ee90ee90eed0eec0eed0eec0eed0eed0eee0eee0eee0eef0eef0eee0eed0eee0eee0eee0000000000000000003d0000000000000000000000000000042d752f02ad0eef0ee8003d003d00000156001c0001001d0000000100010eeb0007000a000000000000000005f6
WFI t=62551 a=-3649,-754,1946 g=-5,-2,-5
WFI t=62601 a=-3651,-765,1954 g=-1,-2,-4
WFI t=62651 a=-3665,-759,1947 g=-2,-1,-4
WFI t=62701 a=-3655,-755,1950 g=-6,-2,-5
WFI t=62751 a=-3649,-755,1945 g=2,-1,-4
WFI t=62801 a=-3666,-774,1955 g=-2,-2,-4
WFI t=62851 a=-3659,-750,1939 g=0,0,-4
WFI t=62901 a=-3653,-762,1951 g=-5,-4,-5
WFI t=62951 a=-3648,-761,1951 g=2,-1,-5
WFI t=63001 a=-3656,-755,1956 g=-3,-2,-4
WFI t=63051 a=-3647,-777,1959 g=-5,-1,-4
WFI t=63101 a=-3656,-769,1956 g=-4,-2,-4
WFI t=63151 a=-3666,-758,1957 g=-4,-2,-3
WFI t=63201 a=-3659,-761,1952 g=-2,-4,-5
WFI t=63251 a=-3649,-755,1960 g=-4,-3,-5
WFI t=63301 a=-3651,-767,1963 g=-3,-4,-5
WFR t=63340 src=bms type=0x02 len=129 data=d2037c0ee90ee80ee90ee90ee90ee90ee90ee90ee70ee90ee90eea0eed0eec0eed0eec0eed0eed0eee0eee0eee0eee0eef0eee0eed0eee0eee0eee0000000000000000003d0000000000000000000000000000042d752f02ad0eef0ee8003d003d00000156001c0001001d0000000100010eeb0007000a0000000000000000c3e7
WFI t=63351 a=-3654,-767,1958 g=-7,-3,-5
WFI t=63401 a=-3660,-758,1952 g=0,0,-3
WFI t=63451 a=-3659,-767,1949 g=2,-1,-4
WFI t=63501 a=-3659,-767,1949 g=-3,-2,-3
WFI t=63551 a=-3652,-760,1957 g=-7,-1,-4
WFI t=63601 a=-3650,-759,1957 g=-8,-2,-4
WFI t=63651 a=-3649,-761,1947 g=0,-3,-4
WFI t=63701 a=-3668,-766,1948 g=-4,-2,-4
WFI t=63751 a=-3654,-771,1951 g=-1,-1,-3
WFI t=63801 a=-3661,-760,1956 g=1,-3,-5
WFI t=63851 a=-3652,-769,1947 g=-3,-4,-4
WFI t=63901 a=-3659,-763,1943 g=-2,-2,-3
WFI t=63951 a=-3669,-756,1949 g=2,0,-3
WFI t=64001 a=-3657,-762,1947 g=-3,-1,-5
WFI t=64051 a=-3641,-759,1957 g=-7,-2,-6
WFI t=64101 a=-3656,-768,1968 g=-3,-3,-4
WFI t=64171 a=-3650,-748,1943 g=-4,0,-3
WFI t=64257 a=-3658,-764,1963 g=-5,-1,-5
WFI t=64260 a=-3658,-764,1963 g=-5,-1,-5
WFI t=64301 a=-3646,-757,1956 g=-5,-2,-5
WFI t=64351 a=-3648,-757,1949 g=-4,-2,-3
WFI t=64401 a=-3671,-767,1948 g=-5,-2,-4
WFI t=64451 a=-3660,-757,1956 g=-5,-3,-7
WFI t=64501 a=-3658,-763,1954 g=4,0,-6
WFR t=64540 src=bms type=0x02 len=129 data=d2037c0ee90ee80ee90ee90ee90ee90ee90ee90ee80ee90ee90ee90eed0eed0eed0eec0eed0eed0eee0eee0eee0eee0eef0eee0eec0eee0eee0eee0000000000000000003d0000000000000000000000000000042d752f02ad0eef0ee8003d003d00000156001c0001001d0000000100010eeb0007000a000000000000000001e9
WFI t=64551 a=-3652,-751,1950 g=-2,-1,-3
WFI t=64601 a=-3647,-762,1948 g=0,-1,-4
WFI t=64651 a=-3663,-774,1956 g=-5,-1,-6
WFI t=64701 a=-3654,-756,1952 g=0,0,-6
WFI t=64751 a=-3647,-767,1966 g=-4,-2,-5
WFI t=64801 a=-3653,-761,1956 g=-5,-1,-2
WFI t=64851 a=-3651,-768,1939 g=-5,-3,-4
WFI t=64901 a=-3675,-769,1955 g=3,-2,-4
WFI t=64951 a=-3657,-759,1954 g=-1,-3,-5
WFI t=65001 a=-3669,-767,1953 g=-2,-2,-4
WFI t=65051 a=-3651,-768,1960 g=-6,-2,-2
WFI t=65101 a=-3654,-758,1961 g=-4,-3,-5
WFI t=65151 a=-3651,-759,1963 g=-3,1,-5
WFI t=65201 a=-3649,-763,1965 g=-1,-2,-4
WFI t=65251 a=-3651,-755,1944 g=-7,0,-4
WFI t=65301 a=-3654,-763,1951 g=0,-2,-4
WFR t=65340 src=bms type=0x02 len=129 data=d2037c0ee90ee80ee90ee90ee90ee90ee90ee90ee80ee80ee90eea0eed0eed0eed0eec0eed0eed0eee0eee0eee0eee0eee0eef0eec0eee0eee0eee0000000000000000003d0000000000000000000000000000042d752f02ad0eef0ee8003d003d00000156001c0001001d0000000100010eeb0007000a0000000000000000b5c3
WFI t=65351 a=-3651,-773,1955 g=-3,0,-5
WFI t=65403 a=-3655,-750,1946 g=0,-2,-4
WFI t=65451 a=-3653,-758,1952 g=-3,-3,-3
WFI t=65501 a=-3654,-758,1970 g=-2,-2,-5
WFI t=65551 a=-3652,-760,1955 g=-5,-1,-5
WFI t=65601 a=-3662,-753,1950 g=-4,-2,-4
WFI t=65651 a=-3655,-760,1951 g=-2,-3,-3
WFI t=65701 a=-3667,-760,1948 g=-4,-2,-5
WFI t=65751 a=-3666,-763,1949 g=2,0,-4
WFI t=65801 a=-3663,-765,1958 g=-2,-1,-4
WFI t=65851 a=-3654,-760,1950 g=-8,-2,-4
WFI t=65901 a=-3655,-750,1954 g=-4,-2,-4
WFI t=65951 a=-3639,-760,1957 g=-2,-2,-5
WFI t=66001 a=-3653,-771,1957 g=-5,-1,-5
WFI t=66051 a=-3665,-770,1949 g=-1,-2,-3
WFI t=66101 a=-3657,-768,1960 g=-9,-4,-4
WFI t=66189 a=-3663,-775,1964 g=-4,0,-5
WFI t=66265 a=-3650,-767,1956 g=-6,-2,-4
WFT t=66306 batt_mv=4180 rssi_mcu=0 rssi_bms=-92 mcu=0 bms=58 dropped=0
WFI t=66308 a=-3678,-764,1963 g=-8,-2,-4
WFI t=66311 a=-3658,-766,1958 g=-8,-3,-3
WFI t=66497 a=-3669,-767,1937 g=-7,-2,-6
WFI t=66514 a=-3663,-766,1940 g=-7,-3,-4
WFI t=66516 a=-3655,-761,1942 g=-6,-2,-3
WFI t=66518 a=-3655,-761,1942 g=-6,-2,-3
WFR t=66540 src=bms type=0x02 len=129 data=d2037c0ee90ee80ee90ee80ee90ee80ee90ee90ee80ee80ee90ee90eed0eec0eed0eec0eed0eed0eef0eee0eee0eee0eef0eef0eed0eee0eee0eee0000000000000000003d0000000000000000000000000000042d753002ad0eef0ee8003d003d00000156001c0001001d0000000100010eeb0007000000000000000000002008
WFI t=66551 a=-3655,-758,1952 g=-6,-1,-4
WFI t=66601 a=-3665,-759,1937 g=0,-1,-4
WFI t=66651 a=-3659,-768,1963 g=-5,-2,-7
WFI t=66701 a=-3652,-760,1952 g=-5,-2,-4
WFI t=66751 a=-3661,-759,1949 g=-4,-3,-4
WFI t=66801 a=-3658,-764,1951 g=-2,-2,-5
WFI t=66851 a=-3651,-764,1936 g=0,-1,-5
WFI t=66901 a=-3661,-760,1951 g=-4,-4,-4
WFI t=66951 a=-3652,-755,1954 g=-4,-1,-3
WFI t=67001 a=-3651,-769,1949 g=-5,-1,-4
WFI t=67051 a=-3653,-764,1941 g=-2,-1,-5
WFI t=67101 a=-3647,-752,1942 g=0,-1,-4
WFI t=67151 a=-3648,-768,1957 g=-6,-2,-5
WFI t=67201 a=-3647,-748,1961 g=-7,-3,-3
WFI t=67251 a=-3666,-773,1934 g=-2,-2,-4
WFI t=67301 a=-3654,-761,1958 g=0,-2,-6
WFR t=67340 src=bms type=0x02 len=129 data=d2037c0ee90ee80ee90ee90ee90ee80ee90ee90ee80ee80ee90eea0eed0eec0eed0eec0eed0eed0eee0eed0eee0eee0eef0eee0eec0eee0eee0eee0000000000000000003d0000000000000000000000000000042d752f02ad0eef0ee8003d003d00000156001c0001001d0000000100010eeb0007000a00000000000000000760
WFI t=67352 a=-3653,-751,1945 g=-1,-3,-5
WFI t=67401 a=-3649,-760,1958 g=-3,0,-4
WFI t=67451 a=-3660,-759,1947 g=-11,-1,-4
WFI t=67501 a=-3663,-754,1940 g=-2,-1,-5
WFI t=67551 a=-3652,-759,1950 g=3,0,-4
WFI t=67601 a=-3664,-772,1958 g=-2,-2,-4
WFI t=67651 a=-3656,-763,1949 g=-5,-3,-4
WFI t=67701 a=-3662,-750,1941 g=-6,-2,-5
WFI t=67751 a=-3655,-756,1956 g=-3,-1,-5
WFI t=67801 a=-3646,-760,1961 g=-2,-1,-5
WFI t=67851 a=-3641,-762,1958 g=1,0,-4
WFI t=67901 a=-3654,-761,1948 g=-7,-2,-4
WFI t=67951 a=-3661,-777,1943 g=0,-2,-5
WFI t=68001 a=-3646,-761,1950 g=-3,0,-5
WFI t=68051 a=-3654,-761,1953 g=-2,0,-4
WFI t=68101 a=-3659,-756,1951 g=-4,-3,-5
WFI t=68151 a=-3652,-759,1948 g=-1,0,-6
WFI t=68302 a=-3656,-767,1956 g=-4,-2,-4
WFI t=68304 a=-3656,-755,1948 g=-2,-1,-4
WFI t=68306 a=-3656,-755,1948 g=-2,-1,-4
WFI t=68351 a=-3656,-756,1957 g=-3,-2,-5
WFI t=68401 a=-3650,-768,1945 g=5,-1,-4
WFI t=68451 a=-3658,-765,1947 g=-5,-3,-4
WFI t=68501 a=-3653,-767,1947 g=-5,-2,-4
WFI t=68551 a=-3659,-770,1943 g=-5,0,-4
WFI t=68601 a=-3661,-769,1941 g=-3,-2,-5
WFI t=68651 a=-3662,-776,1955 g=-6,-2,-4
WFI t=68701 a=-3657,-770,1941 g=-9,-2,-4
WFI t=68751 a=-3652,-757,1943 g=-5,-2,-4
WFI t=68801 a=-3655,-754,1943 g=-3,-4,-5
WFI t=68851 a=-3643,-754,1954 g=2,-1,-4
WFI t=68901 a=-3666,-761,1959 g=-1,-2,-4
WFI t=68951 a=-3649,-751,1953 g=-4,-2,-3
WFI t=69001 a=-3668,-759,1946 g=-1,-3,-5
WFI t=69051 a=-3653,-762,1954 g=-6,-3,-5
WFI t=69101 a=-3650,-766,1952 g=-5,-3,-4
WFI t=69151 a=-3658,-748,1950 g=-2,-2,-5
WFI t=69201 a=-3659,-772,1942 g=-4,0,-3
WFI t=69251 a=-3653,-761,1947 g=-4,-2,-5
WFI t=69301 a=-3657,-758,1950 g=-7,-2,-4
WFI t=69351 a=-3653,-763,1955 g=0,-1,-5
WFI t=69401 a=-3646,-762,1957 g=-5,-1,-4
WFI t=69451 a=-3661,-772,1947 g=1,-3,-3
WFI t=69501 a=-3650,-766,1943 g=-6,-1,-5
WFI t=69551 a=-3660,-765,1947 g=-3,-1,-4
WFI t=69601 a=-3660,-767,1943 g=-2,-1,-4
WFI t=69651 a=-3655,-753,1947 g=-6,-3,-5
WFI t=69701 a=-3656,-763,1940 g=-3,0,-4
WFI t=69751 a=-3655,-751,1960 g=-5,-1,-5
WFI t=69801 a=-3652,-754,1951 g=-4,-2,-5
WFI t=69851 a=-3649,-758,1950 g=-6,-2,-6
WFI t=69901 a=-3661,-758,1954 g=-1,-1,-5
WFI t=69951 a=-3655,-764,1950 g=-4,-2,-4
WFI t=70001 a=-3638,-771,1951 g=-4,-1,-4
WFI t=70051 a=-3669,-762,1947 g=-3,-3,-4
WFI t=70101 a=-3647,-764,1956 g=-4,-1,-5
WFI t=70151 a=-3650,-755,1951 g=-5,-2,-6
WFI t=70293 a=-3651,-747,1958 g=-5,-1,-3
WFI t=70309 a=-3661,-759,1948 g=-5,-3,-4
WFI t=70311 a=-3662,-757,1950 g=-4,-1,-4
WFI t=70351 a=-3650,-767,1949 g=-1,-2,-5
WFI t=70401 a=-3653,-767,1952 g=-4,-3,-4
WFI t=70451 a=-3663,-754,1952 g=0,-4,-4
WFI t=70501 a=-3652,-771,1946 g=0,0,-4
WFI t=70551 a=-3662,-763,1969 g=-7,-3,-5
WFI t=70601 a=-3641,-768,1949 g=-2,-2,-4
WFI t=70651 a=-3658,-757,1948 g=-3,-2,-3
WFI t=70701 a=-3653,-761,1950 g=-2,-1,-5
WFI t=70751 a=-3650,-756,1943 g=0,-2,-6
WFI t=70801 a=-3656,-751,1945 g=-4,-1,-4
WFI t=70851 a=-3659,-769,1946 g=-3,-4,-4
WFI t=70901 a=-3658,-753,1948 g=-3,0,-4
WFI t=70951 a=-3673,-756,1959 g=-1,0,-5
WFI t=71001 a=-3651,-763,1942 g=-2,-2,-5
WFI t=71051 a=-3651,-761,1950 g=-3,-2,-4
WFI t=71101 a=-3644,-775,1940 g=-8,-2,-4
WFI t=71151 a=-3652,-762,1943 g=-2,-3,-4
WFI t=71201 a=-3649,-764,1956 g=-3,-1,-5
WFI t=71251 a=-3653,-758,1962 g=-3,-1,-4
WFI t=71301 a=-3665,-763,1953 g=-6,-4,-3
WFT t=71334 batt_mv=4178 rssi_mcu=0 rssi_bms=-81 mcu=0 bms=60 dropped=0
WFI t=71351 a=-3655,-777,1950 g=-3,0,-4
WFI t=71401 a=-3656,-765,1947 g=-2,0,-5
WFI t=71451 a=-3661,-762,1953 g=-1,-1,-4
WFI t=71501 a=-3653,-768,1973 g=1,-1,-3
WFI t=71551 a=-3664,-770,1948 g=-8,-5,-2
WFI t=71601 a=-3657,-765,1941 g=-3,-2,-5
WFI t=71651 a=-3654,-761,1954 g=2,-2,-6
WFI t=71701 a=-3664,-765,1953 g=-8,-3,-4
WFI t=71751 a=-3659,-771,1951 g=-5,-1,-4
WFI t=71801 a=-3657,-773,1946 g=-1,-1,-3
WFI t=71851 a=-3671,-770,1943 g=-5,-2,-5
WFI t=71901 a=-3643,-757,1971 g=-4,-2,-6
WFI t=71951 a=-3645,-769,1955 g=-8,-3,-3
WFI t=72001 a=-3661,-745,1950 g=-8,-4,-4
WFI t=72051 a=-3662,-757,1949 g=-3,-1,-6
WFI t=72101 a=-3645,-754,1945 g=3,-2,-6
WFI t=72151 a=-3652,-752,1955 g=0,-3,-3
WFI t=72217 a=-3651,-761,1942 g=-8,-3,-4
WFI t=72305 a=-3651,-749,1957 g=0,-3,-6
WFI t=72308 a=-3651,-749,1957 g=0,-3,-6
WFI t=72351 a=-3644,-760,1951 g=-1,-2,-4
WFI t=72401 a=-3666,-769,1940 g=-5,0,-4
WFI t=72451 a=-3647,-754,1946 g=0,-3,-5
WFI t=72501 a=-3656,-755,1954 g=1,0,-5
WFI t=72551 a=-3655,-764,1948 g=-7,-2,-4
WFI t=72601 a=-3658,-764,1945 g=-4,-2,-2
WFI t=72651 a=-3663,-758,1938 g=-7,-1,-5
WFI t=72701 a=-3660,-759,1952 g=1,-2,-7
WFI t=72751 a=-3665,-758,1962 g=0,-2,-4
WFI t=72801 a=-3651,-767,1960 g=-3,-3,-3
WFI t=72851 a=-3644,-758,1949 g=-5,-2,-3
WFI t=72901 a=-3661,-770,1950 g=-2,-1,-4
WFI t=72951 a=-3655,-759,1944 g=-1,-3,-6
WFI t=73001 a=-3656,-760,1956 g=-3,-1,-4
WFI t=73051 a=-3642,-772,1945 g=-9,-3,-4
WFI t=73101 a=-3667,-762,1944 g=-5,-4,-4
WFI t=73151 a=-3659,-758,1951 g=-1,0,-5
WFI t=73201 a=-3660,-762,1954 g=-2,-3,-4
WFI t=73251 a=-3665,-766,1958 g=-4,0,-3
WFI t=73301 a=-3667,-755,1935 g=-4,-3,-4
WFI t=73351 a=-3645,-760,1942 g=-2,-1,-5
WFI t=73401 a=-3653,-758,1944 g=-1,-1,-4
WFI t=73451 a=-3657,-771,1952 g=-5,0,-3
WFI t=73501 a=-3658,-754,1944 g=-4,-1,-3
WFI t=73551 a=-3660,-763,1951 g=-2,-1,-4
WFI t=73601 a=-3659,-772,1952 g=5,0,-5
WFI t=73651 a=-3652,-747,1953 g=-6,-2,-4
WFI t=73701 a=-3652,-763,1956 g=0,-4,-3
WFI t=73751 a=-3642,-767,1943 g=-6,-2,-4
WFI t=73801 a=-3652,-749,1953 g=0,-1,-5
WFI t=73851 a=-3664,-751,1957 g=1,-2,-4
WFI t=73901 a=-3655,-755,1965 g=-7,-1,-4
WFI t=73951 a=-3661,-757,1943 g=-3,-2,-4
WFI t=74001 a=-3663,-765,1953 g=0,-2,-5
WFI t=74051 a=-3651,-759,1956 g=0,-1,-5
WFI t=74101 a=-3650,-765,1958 g=-4,-1,-4
WFI t=74151 a=-3660,-760,1949 g=-8,-3,-2
WFI t=74231 a=-3649,-760,1943 g=-3,-2,-5
WFI t=74332 a=-3656,-772,1958 g=-3,-3,-4
WFI t=74334 a=-3657,-756,1954 g=-8,-2,-4
WFI t=74351 a=-3644,-755,1959 g=-6,-1,-2
WFI t=74401 a=-3656,-752,1950 g=-4,-2,-4
WFI t=74451 a=-3663,-765,1944 g=-3,-1,-6
WFI t=74501 a=-3645,-753,1938 g=-1,-1,-6
WFI t=74551 a=-3657,-771,1955 g=1,0,-3
WFI t=74601 a=-3661,-768,1959 g=4,-2,-3
WFI t=74651 a=-3655,-756,1954 g=-4,-2,-4
WFI t=74701 a=-3654,-761,1961 g=-3,-1,-5
WFI t=74751 a=-3653,-759,1963 g=-1,-2,-4
WFI t=74801 a=-3649,-768,1952 g=-8,-3,-2
WFI t=74851 a=-3658,-770,1947 g=-1,0,-4
WFI t=74901 a=-3658,-773,1956 g=-1,-1,-4
WFI t=74951 a=-3647,-766,1949 g=-1,-2,-4
WFI t=75001 a=-3654,-753,1950 g=-10,-3,-4
WFI t=75051 a=-3652,-755,1942 g=-5,-2,-4
WFI t=75101 a=-3661,-774,1949 g=-3,-2,-5
WFI t=75151 a=-3654,-769,1966 g=0,-2,-4
WFI t=75201 a=-3670,-765,1960 g=-5,-3,-4
WFI t=75251 a=-3659,-767,1950 g=-3,-3,-5
WFI t=75301 a=-3669,-765,1946 g=-1,-1,-5
WFI t=75351 a=-3653,-765,1949 g=-5,-1,-5
WFI t=75401 a=-3651,-772,1952 g=0,-2,-4
WFI t=75451 a=-3650,-759,1962 g=-4,-2,-2
WFI t=75501 a=-3660,-766,1953 g=0,-2,-5
WFI t=75551 a=-3662,-758,1956 g=-2,0,-5
WFI t=75601 a=-3657,-761,1957 g=0,-3,-5
WFI t=75651 a=-3647,-758,1955 g=-4,0,-2
WFI t=75701 a=-3648,-765,1957 g=-6,-3,-5
WFI t=75751 a=-3661,-750,1950 g=-1,-2,-5
WFI t=75801 a=-3648,-759,1960 g=-2,0,-5
WFI t=75851 a=-3658,-754,1949 g=-4,-1,-3
WFI t=75901 a=-3651,-766,1952 g=-4,-1,-3
WFI t=75951 a=-3660,-755,1939 g=1,0,-5
WFI t=76001 a=-3643,-766,1956 g=0,-2,-4
WFI t=76051 a=-3655,-765,1942 g=-4,-1,-3
WFI t=76101 a=-3658,-753,1956 g=-1,-3,-2
WFI t=76151 a=-3665,-773,1953 g=-1,-2,-4
WFI t=76235 a=-3652,-768,1950 g=0,-3,-5
WFT t=76391 batt_mv=4170 rssi_mcu=0 rssi_bms=-85 mcu=0 bms=60 dropped=0
WFI t=76481 a=-3661,-760,1950 g=0,-1,-5
WFI t=76497 a=-3657,-766,1961 g=-4,-1,-4
WFI t=76499 a=-3664,-765,1956 g=-7,-2,-3
WFI t=76501 a=-3666,-765,1957 g=-5,0,-4
WFI t=76503 a=-3666,-765,1957 g=-5,0,-4
WFI t=76505 a=-3651,-763,1953 g=-2,-2,-4
WFI t=76551 a=-3658,-758,1942 g=-3,-1,-5
WFI t=76601 a=-3669,-751,1951 g=-4,1,-5
WFI t=76651 a=-3667,-759,1945 g=-1,-2,-4
WFI t=76701 a=-3655,-775,1965 g=-1,-2,-4
WFI t=76751 a=-3652,-763,1949 g=-6,-3,-3
WFI t=76801 a=-3651,-760,1955 g=-3,-1,-5
WFI t=76851 a=-3656,-759,1952 g=-5,-4,-5
WFI t=76901 a=-3644,-757,1949 g=1,-1,-5
WFI t=76951 a=-3658,-762,1946 g=-8,-3,-4
WFI t=77001 a=-3647,-760,1943 g=-2,-2,-5
WFI t=77051 a=-3658,-757,1940 g=-11,-2,-5
WFI t=77101 a=-3646,-768,1948 g=-4,-1,-4
WFI t=77151 a=-3652,-758,1965 g=-3,-1,-5
WFI t=77201 a=-3649,-763,1955 g=-2,-2,-4
WFI t=77251 a=-3659,-758,1947 g=-2,-1,-4
WFI t=77301 a=-3664,-765,1945 g=-3,-1,-6
WFI t=77351 a=-3638,-760,1962 g=-1,-2,-6
WFE t=77397 bms stale, no frame for 10055 ms, dropping link
WFI t=77401 a=-3653,-773,1942 g=-8,-1,-4
WFE t=77410 bms link down (stale) after 28 answers in 37956 ms, writes=38 err=0 silent=10 bytes=3612
WFE t=77440 bms disconnected reason=534
WFI t=77451 a=-3643,-769,1944 g=-5,-2,-3
WFI t=77501 a=-3658,-756,1952 g=-2,-3,-4
WFI t=77551 a=-3658,-757,1949 g=-3,-2,-5
WFI t=77601 a=-3638,-758,1956 g=-4,-1,-4
WFI t=77651 a=-3659,-763,1957 g=-5,-2,-3
WFI t=77701 a=-3657,-763,1952 g=-7,-2,-4
WFI t=77751 a=-3657,-747,1954 g=-5,-2,-4
WFI t=77801 a=-3657,-760,1952 g=-8,-1,-3
WFI t=77851 a=-3660,-760,1941 g=-1,-1,-4
WFI t=77901 a=-3665,-758,1942 g=-4,-2,-4
WFI t=77951 a=-3656,-766,1950 g=-5,-2,-5
WFI t=78001 a=-3653,-754,1951 g=-8,-3,-4
WFI t=78051 a=-3654,-747,1967 g=-5,0,-4
WFI t=78101 a=-3661,-760,1953 g=-3,-2,-4
WFI t=78151 a=-3644,-769,1942 g=-6,-2,-4
WFI t=78201 a=-3660,-768,1957 g=-1,-1,-4
WFI t=78266 a=-3635,-749,1959 g=-4,-1,-5
WFI t=78303 a=-3653,-767,1949 g=-6,-3,-4
WFI t=78430 a=-3660,-770,1948 g=-5,-3,-4
WFI t=78432 a=-3640,-765,1952 g=-5,0,-6
WFI t=78451 a=-3649,-761,1952 g=-3,-1,-5
WFI t=78501 a=-3652,-756,1948 g=-2,-3,-4
WFI t=78551 a=-3661,-766,1949 g=-5,-3,-5
WFI t=78601 a=-3646,-766,1952 g=-1,-1,-4
WFI t=78651 a=-3648,-761,1956 g=-5,-3,-5
WFI t=78701 a=-3642,-756,1947 g=1,-1,-2
WFI t=78751 a=-3656,-762,1946 g=-6,-2,-5
WFI t=78801 a=-3647,-769,1946 g=-8,-4,-4
WFI t=78851 a=-3650,-765,1957 g=-5,-1,-4
WFI t=78901 a=-3646,-759,1955 g=-1,-1,-4
WFI t=78951 a=-3655,-763,1938 g=-1,-2,-3
WFI t=79001 a=-3661,-763,1946 g=-4,-3,-4
WFI t=79051 a=-3655,-767,1957 g=0,-2,-4
WFI t=79101 a=-3649,-762,1958 g=2,-4,-5
WFI t=79151 a=-3653,-761,1954 g=-4,-4,-4
WFI t=79201 a=-3648,-766,1954 g=-4,0,-3
WFI t=79251 a=-3649,-779,1947 g=-4,-1,-5
WFI t=79301 a=-3661,-768,1959 g=0,-1,-5
WFE t=79341 bms subscribed val=0x0010 cccd=0x0011 ctrl=0x0014 mtu=512 regs=62
WFE t=79342 bms conn itvl=80 latency=0 timeout=600
WFI t=79351 a=-3648,-755,1956 g=0,-1,-4
WFE t=79371 bms conn update force itvl=80 rc=0
WFE t=79372 bms reconnected (attempt 2)
WFE t=79389 bms mtu event mtu=512
WFI t=79401 a=-3645,-780,1942 g=-3,-3,-4
WFI t=79451 a=-3655,-767,1946 g=-2,-2,-4
WFI t=79501 a=-3655,-731,1956 g=-2,1,-5
WFE t=79541 bms conn update req itvl=12-12 latency=0 timeout=400 via=l2cap
WFI t=79551 a=-3657,-764,1951 g=-2,-2,-6
WFI t=79601 a=-3669,-763,1952 g=-7,-1,-3
WFR t=79641 src=bms type=0x02 len=129 data=d2037c0ee90ee80ee90ee90ee90ee80ee90ee90ee80ee90ee90ee90eec0eed0eed0eec0eed0eed0eee0eee0eee0eee0eef0eee0eec0eee0eee0eee0000000000000000003d0000000000000000000000000000042d752f02ad0eef0ee7003d003d00000156001c0001001d0000000100010eeb0008000a0000000000000000f7f7
WFI t=79651 a=-3661,-766,1949 g=-3,-2,-4
WFI t=79701 a=-3650,-757,1940 g=2,-1,-5
WFI t=79751 a=-3654,-752,1958 g=-2,-3,-5
WFI t=79801 a=-3654,-756,1962 g=-5,-3,-4
WFI t=79851 a=-3664,-769,1957 g=-7,-3,-4
WFI t=79901 a=-3647,-775,1944 g=-1,-2,-6
WFI t=79951 a=-3645,-760,1949 g=-1,0,-6
WFI t=80001 a=-3654,-765,1964 g=0,-2,-4
WFE t=80040 bms conn update status=0 itvl=80 latency=0 timeout=600
WFI t=80051 a=-3646,-752,1951 g=-8,-5,-4
WFI t=80101 a=-3658,-764,1952 g=0,-1,-4
WFI t=80151 a=-3665,-761,1957 g=-2,-3,-6
WFI t=80201 a=-3641,-768,1961 g=-4,-1,-3
WFI t=80274 a=-3654,-756,1949 g=-4,-2,-2
WFI t=80365 a=-3664,-769,1957 g=2,-1,-4
WFI t=80367 a=-3663,-765,1945 g=4,-2,-3
WFI t=80401 a=-3657,-756,1954 g=-2,-2,-5
WFI t=80451 a=-3653,-768,1960 g=-4,-2,-3
WFI t=80501 a=-3657,-767,1955 g=0,-2,-4
WFI t=80551 a=-3669,-765,1950 g=-3,-1,-5
WFI t=80601 a=-3650,-762,1957 g=-1,0,-6
WFI t=80651 a=-3653,-760,1959 g=-1,-1,-4
WFI t=80701 a=-3656,-766,1953 g=-6,-2,-2
WFR t=80741 src=bms type=0x02 len=129 data=d2037c0ee90ee80ee90ee90ee90ee90ee90ee90ee80ee90ee90ee90eec0eec0eed0eec0eed0eed0eee0eee0eee0eee0eef0eef0eec0eee0eee0eee0000000000000000003d0000000000000000000000000000042d752f02ad0eef0ee8003d003d00000156001c0001001d0000000100010eeb0007000a000000000000000090a8
WFI t=80751 a=-3652,-768,1943 g=-3,-2,-5
WFI t=80801 a=-3645,-768,1949 g=-3,-3,-5
WFI t=80851 a=-3646,-748,1961 g=-2,-2,-3
WFI t=80901 a=-3652,-770,1949 g=-6,-2,-4
WFI t=80951 a=-3664,-764,1957 g=-4,-3,-4
WFI t=81001 a=-3658,-775,1942 g=-5,-1,-7
WFI t=81051 a=-3658,-770,1942 g=0,-1,-5
WFI t=81101 a=-3640,-754,1956 g=-4,-3,-4
WFI t=81151 a=-3659,-767,1954 g=-2,-2,-4
WFI t=81201 a=-3646,-766,1944 g=-4,-2,-4
WFI t=81251 a=-3651,-760,1946 g=-2,-2,-6
WFI t=81301 a=-3654,-767,1960 g=-4,-3,-6
WFI t=81351 a=-3658,-769,1949 g=-6,-4,-3
WFI t=81401 a=-3662,-762,1955 g=-3,-1,-4
WFI t=81451 a=-3658,-759,1936 g=0,-1,-6
WFT t=81474 batt_mv=4182 rssi_mcu=0 rssi_bms=-88 mcu=0 bms=62 dropped=0
WFI t=81501 a=-3661,-768,1956 g=1,-2,-5
WFI t=81551 a=-3658,-752,1954 g=-6,-1,-3
WFI t=81601 a=-3657,-759,1947 g=-3,-2,-2
WFI t=81651 a=-3664,-772,1941 g=-2,-1,-5
WFI t=81701 a=-3666,-777,1953 g=1,0,-5
WFR t=81741 src=bms type=0x02 len=129 data=d2037c0ee90ee80ee90ee80ee90ee90ee90ee90ee70ee90ee90eea0eec0eed0eed0eec0eed0eed0eee0eee0eee0eee0eef0eee0eed0eee0eee0eee0000000000000000003d0000000000000000000000000000042d752e02ad0eef0ee8003d003d00000156001c0001001d0000000100010eeb0007001500000000000000005ae9
WFI t=81751 a=-3653,-762,1952 g=2,-1,-4
WFI t=81801 a=-3648,-757,1950 g=-6,-1,-3
WFI t=81851 a=-3660,-764,1949 g=1,-1,-3
WFI t=81901 a=-3657,-754,1948 g=1,-2,-5
WFI t=81951 a=-3651,-754,1948 g=-3,-1,-5
WFI t=82001 a=-3656,-753,1946 g=-6,-1,-3
WFI t=82051 a=-3644,-763,1944 g=-4,-2,-4
WFI t=82101 a=-3653,-763,1942 g=-2,-1,-5
WFI t=82151 a=-3660,-756,1950 g=-4,-1,-6
WFI t=82201 a=-3662,-769,1953 g=-4,-2,-4
WFI t=82291 a=-3659,-769,1945 g=-3,0,-4
WFI t=82382 a=-3649,-748,1946 g=-4,-2,-6
WFI t=82384 a=-3658,-755,1955 g=-6,-2,-5
WFI t=82401 a=-3654,-754,1970 g=-5,-3,-4
WFI t=82451 a=-3655,-755,1941 g=-3,-1,-3
WFI t=82501 a=-3676,-770,1929 g=-5,-2,-5
WFI t=82551 a=-3652,-752,1945 g=-1,-1,-5
WFI t=82601 a=-3663,-757,1950 g=-5,-2,-6
WFE t=82641 bms conn update req itvl=15-15 latency=0 timeout=400 via=l2cap
WFI t=82651 a=-3661,-760,1957 g=-4,-2,-4
WFI t=82701 a=-3662,-765,1940 g=0,-2,-4
WFR t=82741 src=bms type=0x02 len=129 data=d2037c0ee90ee80ee90ee90ee90ee90ee90ee90ee80ee90ee90eea0eec0eec0eed0eec0eed0eed0eee0eed0eee0eee0eef0eee0eec0eee0eee0eee0000000000000000003d0000000000000000000000000000042d752f02ad0eef0ee8003d003d00000156001c0001001d0000000100010eeb0007000a0000000000000000d616
WFI t=82751 a=-3655,-761,1944 g=-4,-3,-5
WFI t=82801 a=-3646,-750,1952 g=-2,-1,-3
WFI t=82851 a=-3653,-759,1955 g=-3,-1,-4
WFI t=82901 a=-3648,-768,1940 g=-4,-2,-4
WFI t=82951 a=-3653,-757,1939 g=0,-2,-5
WFI t=83001 a=-3655,-766,1958 g=-5,-2,-5
WFI t=83051 a=-3639,-756,1951 g=-2,-2,-4
WFI t=83101 a=-3664,-747,1950 g=-1,-2,-2
WFI t=83151 a=-3662,-768,1944 g=-1,0,-3
WFI t=83201 a=-3661,-771,1937 g=-3,0,-6
WFI t=83251 a=-3652,-751,1950 g=-2,-1,-5
WFI t=83301 a=-3658,-756,1964 g=-1,-2,-4
WFI t=83351 a=-3651,-776,1949 g=0,-1,-3
WFI t=83401 a=-3661,-766,1949 g=0,-1,-6
WFI t=83451 a=-3650,-760,1946 g=-2,-1,-6
WFI t=83501 a=-3652,-752,1956 g=-1,-1,-5
WFI t=83551 a=-3647,-765,1950 g=-5,-3,-3
WFI t=83601 a=-3659,-762,1948 g=-4,0,-3
WFI t=83651 a=-3659,-762,1945 g=-5,-2,-4
WFI t=83701 a=-3662,-765,1943 g=1,-1,-5
WFI t=83751 a=-3657,-765,1951 g=0,-3,-5
WFI t=83801 a=-3664,-762,1959 g=-9,-3,-3
WFI t=83851 a=-3648,-757,1945 g=-2,-2,-5
WFI t=83901 a=-3663,-778,1962 g=0,-1,-5
WFR t=83941 src=bms type=0x02 len=129 data=d2037c0ee90ee80ee90ee90ee90ee80ee90ee90ee80ee90ee90eea0eec0eed0eed0eec0eed0eed0eee0eee0eee0eee0eef0eee0eec0eee0eed0eee0000000000000000003d0000000000000000000000000000042d752f02ad0eef0ee8003d003d00000156001c0001001d0000000100010eeb0007000a000000000000000099d1
WFI t=83991 a=-3655,-763,1945 g=-9,-3,-5
WFI t=84001 a=-3670,-758,1952 g=-2,-2,-4
WFI t=84051 a=-3665,-753,1945 g=-4,-2,-4
WFI t=84101 a=-3649,-765,1954 g=0,-1,-4
WFI t=84151 a=-3652,-769,1956 g=2,-1,-5
WFI t=84201 a=-3660,-762,1954 g=1,-1,-3
WFI t=84283 a=-3655,-750,1947 g=-5,-1,-4
WFI t=84523 a=-3657,-757,1953 g=-2,-2,-4
WFI t=84527 a=-3659,-763,1943 g=-3,-3,-5
WFI t=84528 a=-3659,-763,1943 g=-3,-3,-5
WFI t=84530 a=-3659,-763,1943 g=-3,-3,-5
WFI t=84532 a=-3653,-755,1945 g=-2,-2,-4
WFI t=84551 a=-3654,-760,1943 g=0,-2,-4
WFI t=84601 a=-3644,-769,1952 g=0,-3,-5
WFI t=84651 a=-3665,-763,1953 g=0,-1,-3
WFI t=84701 a=-3662,-754,1936 g=-3,-3,-3
WFI t=84751 a=-3643,-753,1948 g=-2,0,-4
WFI t=84801 a=-3656,-774,1954 g=-5,-1,-6
WFI t=84851 a=-3641,-761,1955 g=-1,-1,-4
WFI t=84901 a=-3652,-766,1938 g=-2,-3,-3
WFR t=84941 src=bms type=0x02 len=129 data=d2037c0ee90ee80ee90ee90ee90ee80ee90ee90ee70ee80ee90eea0eec0eec0eed0eec0eed0eed0eee0eee0eee0eee0eef0eee0eed0eee0eed0eee0000000000000000003d0000000000000000000000000000042d752f02ad0eef0ee7003d003d00000156001c0001001d0000000100010eeb0008000a0000000000000000c5c1
WFI t=84951 a=-3664,-756,1935 g=-2,0,-4
WFI t=85001 a=-3647,-772,1932 g=-2,0,-6
WFI t=85051 a=-3655,-767,1943 g=-3,-1,-4
WFI t=85101 a=-3655,-757,1954 g=-4,-1,-3
WFI t=85151 a=-3658,-766,1938 g=0,-2,-5
WFI t=85201 a=-3657,-762,1938 g=-1,-1,-5
WFI t=85251 a=-3658,-761,1942 g=-7,-2,-4
WFI t=85301 a=-3653,-762,1949 g=-6,-3,-5
WFI t=85351 a=-3646,-767,1938 g=-5,-2,-4
WFI t=85401 a=-3663,-757,1931 g=0,0,-4
WFI t=85451 a=-3663,-762,1935 g=0,0,-4
WFI t=85501 a=-3661,-764,1939 g=-4,-3,-4
WFI t=85551 a=-3656,-769,1950 g=-4,-1,-3
WFI t=85601 a=-3655,-751,1943 g=-7,-2,-5
WFI t=85651 a=-3650,-773,1952 g=-4,-1,-6
WFI t=85701 a=-3663,-774,1943 g=-3,-1,-4
WFI t=85751 a=-3653,-758,1948 g=-3,-1,-3
WFI t=85801 a=-3654,-774,1939 g=-5,-2,-4
WFI t=85851 a=-3657,-772,1949 g=-2,-2,-5
WFI t=85901 a=-3662,-763,1955 g=-2,-2,-4
WFR t=85941 src=bms type=0x02 len=129 data=d2037c0ee90ee80ee90ee90ee90ee80ee90ee90ee70ee80ee90ee90eec0eec0eed0eec0eed0eed0eee0eee0eee0eee0eef0eee0eed0eee0eee0eee0000000000000000003d0000000000000000000000000000042d753002ad0eef0ee8003d003d00000156001c0001001d0000000100010eeb0007000000000000000000009acc
WFI t=85951 a=-3650,-765,1942 g=-6,-1,-4
WFI t=86001 a=-3659,-766,1951 g=-6,-2,-4
WFI t=86051 a=-3664,-756,1955 g=-4,-2,-4
WFI t=86101 a=-3657,-756,1944 g=-5,-2,-5
WFI t=86151 a=-3646,-754,1937 g=-4,-2,-3
WFI t=86201 a=-3653,-769,1954 g=-4,-3,-4
WFI t=86251 a=-3647,-758,1932 g=-3,-2,-5
WFI t=86395 a=-3661,-758,1955 g=2,-2,-5
WFI t=86411 a=-3664,-760,1956 g=-4,-1,-4
WFI t=86413 a=-3658,-761,1928 g=-4,-1,-4
WFI t=86451 a=-3639,-755,1937 g=-5,-3,-4
WFI t=86501 a=-3658,-750,1945 g=-1,-2,-6
WFI t=86551 a=-3646,-759,1939 g=-5,-2,-5
WFT t=86597 batt_mv=4180 rssi_mcu=0 rssi_bms=-93 mcu=0 bms=67 dropped=0
WFI t=86601 a=-3649,-763,1939 g=-3,-3,-3
WFI t=86651 a=-3669,-758,1936 g=-2,-1,-3
WFI t=86701 a=-3654,-766,1944 g=-3,-1,-5
WFI t=86751 a=-3645,-764,1947 g=2,-1,-5
WFI t=86802 a=-3652,-760,1943 g=-4,-2,-3
WFI t=86851 a=-3654,-756,1932 g=-1,-2,-4
WFI t=86901 a=-3655,-757,1947 g=-2,-2,-5
WFI t=86951 a=-3653,-754,1946 g=-6,0,-6
WFI t=87001 a=-3654,-762,1953 g=-3,-3,-4
WFR t=87041 src=bms type=0x02 len=129 data=d2037c0ee90ee80ee90ee90ee90ee90ee90ee90ee70ee90ee90ee90eec0eec0eed0eec0eed0eed0eee0eee0eee0eee0eee0eee0eed0eee0eee0eee0000000000000000003d0000000000000000000000000000042d753002ad0eee0ee7003d003d00000156001c0001001d0000000100010eeb000700000000000000000000c6a6
WFI t=87051 a=-3659,-771,1939 g=-10,-2,-2
WFI t=87101 a=-3659,-767,1940 g=-5,-3,-4
WFI t=87151 a=-3659,-754,1957 g=1,-1,-5
WFI t=87201 a=-3647,-760,1948 g=-6,-3,-5
WFI t=87251 a=-3645,-764,1937 g=-5,-3,-4
WFI t=87301 a=-3655,-769,1940 g=-4,-4,-4
WFI t=87351 a=-3653,-755,1940 g=-4,-2,-5
WFI t=87401 a=-3651,-761,1944 g=1,-1,-5
WFI t=87451 a=-3650,-754,1950 g=-5,-3,-4
WFI t=87501 a=-3665,-759,1943 g=-2,-3,-3
WFI t=87551 a=-3664,-761,1943 g=-3,-1,-5
WFI t=87601 a=-3652,-769,1944 g=-3,-3,-5
WFI t=87651 a=-3653,-769,1957 g=-3,-3,-5
WFI t=87701 a=-3650,-769,1946 g=-6,-2,-4
WFI t=87751 a=-3653,-763,1942 g=-6,-3,-4
WFI t=87801 a=-3649,-767,1954 g=4,1,-4
WFI t=87851 a=-3653,-761,1938 g=-5,-2,-4
WFI t=87901 a=-3653,-755,1944 g=-7,-2,-5
WFI t=87951 a=-3649,-760,1957 g=-4,-2,-3
WFI t=88001 a=-3659,-760,1948 g=-2,-1,-4
WFR t=88041 src=bms type=0x02 len=129 data=d2037c0ee90ee80ee90ee90ee90ee90ee90ee90ee80ee80ee90ee90eec0eec0eed0eeb0eed0eed0eee0eee0eee0eee0eef0eee0eed0eee0eee0eee0000000000000000003d0000000000000000000000000000042d752f02ad0eef0ee8003d003d00000156001c0001001d0000000100010eeb0007000a0000000000000000c459
WFI t=88051 a=-3642,-759,1940 g=-3,-2,-4
WFI t=88101 a=-3642,-758,1955 g=-1,-2,-4
WFI t=88151 a=-3642,-766,1961 g=0,-1,-4
WFI t=88201 a=-3655,-756,1933 g=-2,-2,-4
WFI t=88251 a=-3653,-751,1939 g=-1,-1,-4
WFI t=88315 a=-3654,-762,1941 g=-8,-2,-4
WFI t=88404 a=-3641,-757,1946 g=-4,-2,-3
WFI t=88406 a=-3640,-764,1954 g=-3,-1,-5
WFI t=88451 a=-3654,-767,1948 g=1,-1,-5
WFI t=88501 a=-3667,-763,1952 g=-3,-3,-5
WFI t=88551 a=-3653,-759,1944 g=2,-2,-4
WFI t=88601 a=-3658,-757,1958 g=-1,-3,-4
WFI t=88651 a=-3669,-758,1952 g=-5,-1,-4
WFI t=88701 a=-3668,-760,1951 g=-3,-1,-5
WFI t=88751 a=-3659,-758,1947 g=-4,-2,-5
WFI t=88801 a=-3649,-761,1942 g=-4,-4,-5
WFI t=88851 a=-3655,-762,1947 g=0,0,-4
WFI t=88901 a=-3654,-767,1959 g=-4,-2,-5
WFI t=88951 a=-3663,-765,1953 g=-1,-1,-2
WFI t=89001 a=-3660,-775,1941 g=0,-2,-4
WFR t=89041 src=bms type=0x02 len=129 data=d2037c0ee90ee80ee90ee90ee90ee80ee90ee90ee80ee90ee90ee90eec0eed0eed0eec0eed0eed0eee0eee0eee0eee0eef0eee0eed0eee0eee0eee0000000000000000003d0000000000000000000000000000042d752f02ad0eef0ee8003d003d00000156001c0001001d0000000100010eeb0007000a000000000000000091de
WFI t=89051 a=-3652,-758,1949 g=1,-1,-5
WFI t=89101 a=-3653,-751,1951 g=-4,-2,-5
WFI t=89151 a=-3652,-766,1944 g=-5,-2,-4
WFI t=89201 a=-3643,-768,1944 g=-5,-2,-4
WFI t=89251 a=-3651,-774,1945 g=-2,-2,-4
WFI t=89301 a=-3651,-750,1951 g=0,0,-4
WFI t=89351 a=-3660,-767,1952 g=-4,-2,-5
WFI t=89401 a=-3645,-762,1942 g=-1,0,-3
WFI t=89451 a=-3649,-759,1941 g=-5,-3,-4
WFI t=89501 a=-3659,-768,1956 g=-1,-1,-5
WFI t=89551 a=-3656,-762,1952 g=-2,0,-5
WFI t=89601 a=-3654,-770,1940 g=-1,-1,-3
WFI t=89651 a=-3653,-760,1941 g=-4,0,-4
WFI t=89701 a=-3656,-758,1929 g=1,-2,-5
WFI t=89751 a=-3667,-763,1953 g=-9,-1,-7
WFI t=89801 a=-3649,-755,1942 g=-5,0,-2
WFI t=89851 a=-3655,-759,1944 g=-5,-1,-4
WFI t=89901 a=-3638,-771,1945 g=-4,-4,-5
WFI t=89951 a=-3644,-759,1949 g=-1,-2,-4
WFI t=90001 a=-3659,-754,1951 g=-2,-3,-4
WFR t=90041 src=bms type=0x02 len=129 data=d2037c0ee90ee80ee90ee90ee90ee80ee90ee90ee80ee80ee90eea0eec0eec0eed0eec0eed0eed0eee0eee0eee0eee0eef0eee0eed0eee0eee0eee0000000000000000003d0000000000000000000000000000042d752f02ad0eef0ee8003d003d00000156001c0001001d0000000100010eeb0007000a00000000000000008e38
WFI t=90051 a=-3663,-757,1956 g=-6,-1,-3
WFI t=90101 a=-3655,-770,1946 g=-1,0,-4
WFI t=90151 a=-3642,-757,1945 g=-2,-1,-4
WFI t=90201 a=-3649,-774,1935 g=-5,-3,-4
WFI t=90251 a=-3645,-752,1952 g=-7,-2,-4
WFI t=90398 a=-3667,-760,1946 g=-2,-2,-3
WFI t=90414 a=-3662,-752,1938 g=-5,-1,-5
WFI t=90417 a=-3655,-770,1947 g=-2,-1,-6
WFI t=90451 a=-3655,-770,1947 g=-2,-2,-5
WFI t=90501 a=-3661,-759,1937 g=-3,0,-4
WFI t=90551 a=-3646,-752,1954 g=-7,-2,-4
WFI t=90601 a=-3665,-758,1945 g=-4,-2,-4
WFI t=90651 a=-3664,-768,1948 g=-4,-2,-5
WFI t=90701 a=-3639,-765,1951 g=-4,-3,-4
WFI t=90751 a=-3643,-769,1958 g=-4,-2,-4
WFI t=90801 a=-3651,-760,1959 g=-4,-3,-4
WFI t=90851 a=-3659,-766,1954 g=-2,-2,-4
WFI t=90901 a=-3661,-761,1940 g=-7,-3,-4
WFI t=90951 a=-3653,-760,1944 g=-5,-3,-4
WFI t=91001 a=-3658,-764,1949 g=-3,-2,-4
WFI t=91051 a=-3655,-756,1956 g=-3,-2,-4
WFI t=91101 a=-3667,-768,1939 g=-5,-3,-5
WFR t=91141 src=bms type=0x02 len=129 data=d2037c0ee90ee80ee90ee90ee90ee80ee90ee90ee80ee80ee90ee90eec0eed0eed0eec0eed0eed0eee0eee0eee0eee0eee0eee0eed0eee0eee0eee0000000000000000003d0000000000000000000000000000042d752f02ad0eef0ee8003d003d00000156001c0001001d0000000100010eeb0007000a0000000000000000dc03
WFI t=91151 a=-3653,-761,1951 g=-3,-2,-5
WFI t=91201 a=-3665,-769,1943 g=-3,-1,-5
WFI t=91251 a=-3664,-769,1945 g=1,-2,-4
WFI t=91301 a=-3661,-764,1953 g=-2,-1,-4
WFI t=91351 a=-3658,-750,1948 g=-2,-3,-2
WFI t=91401 a=-3646,-759,1946 g=-2,0,-5
WFI t=91451 a=-3647,-745,1937 g=-6,-2,-4
WFI t=91501 a=-3647,-765,1940 g=-3,-2,-4
WFI t=91551 a=-3655,-763,1943 g=-1,-1,-5
WFI t=91601 a=-3662,-762,1957 g=-3,-1,-3
WFT t=91620 batt_mv=4178 rssi_mcu=0 rssi_bms=-76 mcu=0 bms=72 dropped=0
WFI t=91651 a=-3656,-756,1946 g=-6,-3,-3
WFI t=91701 a=-3657,-764,1941 g=-4,-2,-4
WFI t=91751 a=-3653,-768,1945 g=-7,-1,-4
WFI t=91801 a=-3655,-763,1947 g=0,-1,-4
WFI t=91851 a=-3652,-766,1953 g=-2,-2,-3
WFI t=91901 a=-3652,-758,1938 g=-2,1,-4
WFI t=91951 a=-3655,-763,1937 g=-6,-2,-6
WFI t=92001 a=-3647,-762,1952 g=1,-1,-6
WFR t=92041 src=bms type=0x02 len=129 data=d2037c0ee90ee80ee90ee90ee90ee80ee90ee90ee70ee80ee90ee90eec0eec0eed0eec0eed0eed0eee0eee0eee0eee0eee0eee0eec0eee0eee0eee0000000000000000003d0000000000000000000000000000042d752f02ad0eef0ee7003d003d00000156001c0001001d0000000100010eeb0008000a00000000000000003c6e
WFI t=92051 a=-3648,-762,1952 g=-5,-1,-4
WFI t=92101 a=-3655,-758,1939 g=-3,-2,-3
WFI t=92178 a=-3657,-769,1943 g=-3,-2,-4
WFI t=92201 a=-3660,-760,1945 g=-1,0,-5
WFI t=92251 a=-3650,-749,1954 g=-7,-2,-5
WFI t=92404 a=-3657,-764,1945 g=-7,-2,-3
WFI t=92418 a=-3657,-756,1942 g=0,-1,-5
WFI t=92585 a=-3649,-755,1951 g=-8,-3,-4
WFI t=92587 a=-3663,-770,1947 g=0,-1,-4
WFI t=92589 a=-3648,-771,1949 g=-2,-3,-5
WFI t=92591 a=-3648,-771,1949 g=-2,-3,-5
WFI t=92601 a=-3667,-777,1945 g=0,0,-5
WFI t=92651 a=-3654,-758,1952 g=-4,-1,-6
WFI t=92701 a=-3652,-740,1947 g=-6,-2,-2
WFI t=92751 a=-3660,-760,1949 g=-2,-1,-2
WFI t=92801 a=-3660,-767,1940 g=-1,-2,-3
WFI t=92851 a=-3658,-765,1948 g=-5,-1,-6
WFI t=92901 a=-3650,-777,1949 g=2,0,-6
WFI t=92951 a=-3646,-756,1951 g=-7,-2,-3
WFI t=93001 a=-3655,-768,1946 g=-4,-2,-3
WFI t=93051 a=-3652,-752,1939 g=-1,-2,-5
WFI t=93101 a=-3638,-744,1940 g=-1,0,-6
WFR t=93141 src=bms type=0x02 len=129 data=d2037c0ee90ee80ee90ee90ee90ee80ee90ee90ee70ee80ee90ee90eec0eec0eed0eec0eed0eed0eee0eee0eee0eee0eef0eee0eec0eee0eee0eee0000000000000000003d0000000000000000000000000000042d752f02ad0eef0ee8003d003d00000156001c0001001d0000000100010eeb0007000a000000000000000056db
WFI t=93151 a=-3664,-761,1950 g=-6,-2,-3
WFI t=93201 a=-3657,-750,1949 g=-2,-2,-5
WFI t=93251 a=-3661,-766,1947 g=-5,-3,-5
WFI t=93301 a=-3657,-752,1953 g=1,-2,-3
WFI t=93351 a=-3652,-759,1946 g=-3,-1,-3
WFI t=93401 a=-3654,-761,1949 g=0,-2,-3
WFI t=93451 a=-3649,-758,1954 g=-6,-3,-5
WFI t=93501 a=-3651,-756,1939 g=0,-2,-4
WFI t=93551 a=-3658,-766,1947 g=-4,-2,-5
WFI t=93601 a=-3645,-760,1954 g=-4,0,-5
WFI t=93651 a=-3662,-766,1949 g=-3,-2,-4
WFI t=93701 a=-3664,-767,1950 g=-1,0,-3
WFI t=93751 a=-3664,-756,1936 g=-5,-3,-6
WFI t=93801 a=-3665,-756,1950 g=-3,0,-4
WFI t=93851 a=-3663,-755,1943 g=-4,-2,-5
WFI t=93901 a=-3668,-754,1958 g=-3,-1,-5
WFI t=93951 a=-3668,-763,1944 g=-3,-2,-5
WFI t=94001 a=-3660,-765,1937 g=-1,-2,-4
WFI t=94051 a=-3655,-763,1957 g=-2,-3,-3
WFI t=94101 a=-3647,-781,1943 g=-5,-2,-5
WFR t=94141 src=bms type=0x02 len=129 data=d2037c0ee90ee80ee90ee90ee90ee80ee90ee90ee70ee80ee90eea0eec0eec0eed0eeb0eed0eed0eee0eee0eed0eee0eef0eef0eec0eee0eee0eee0000000000000000003d0000000000000000000000000000042d753002ad0eef0ee8003d003d00000156001c0001001d0000000100010eeb0007000000000000000000009e14
WFI t=94151 a=-3652,-760,1946 g=-3,-1,-5
WFI t=94201 a=-3657,-759,1953 g=-3,-2,-4
WFI t=94251 a=-3659,-765,1945 g=-2,-1,-4
WFI t=94301 a=-3658,-761,1943 g=-6,-1,-4
WFI t=94437 a=-3653,-760,1951 g=-4,-3,-4
WFI t=94440 a=-3649,-747,1953 g=1,-3,-3
WFI t=94451 a=-3654,-762,1947 g=-4,-1,-4
WFI t=94501 a=-3661,-753,1947 g=-5,-2,-5
WFI t=94551 a=-3658,-764,1943 g=2,-1,-4
WFI t=94601 a=-3647,-741,1948 g=-1,0,-3
WFI t=94651 a=-3657,-764,1945 g=-4,-2,-3
WFI t=94701 a=-3652,-752,1952 g=1,-2,-5
WFI t=94751 a=-3672,-775,1953 g=-1,-1,-5
WFI t=94801 a=-3653,-759,1951 g=-2,0,-4
WFI t=94852 a=-3651,-760,1943 g=-4,-3,-3
WFI t=94901 a=-3648,-762,1946 g=-2,-2,-3
WFI t=94951 a=-3656,-760,1940 g=-3,-2,-5
WFI t=95001 a=-3658,-762,1965 g=-4,-1,-6
WFI t=95051 a=-3652,-771,1967 g=0,-1,-3
WFI t=95101 a=-3649,-772,1932 g=-4,-3,-3
WFR t=95141 src=bms type=0x02 len=129 data=d2037c0ee80ee80ee90ee90ee90ee80ee90ee90ee70ee90ee90ee90eec0eec0eed0eeb0eed0eed0eee0eee0eee0eee0eef0eef0eed0eee0eee0eee0000000000000000003d0000000000000000000000000000042d752f02ad0eef0ee7003d003d00000156001c0001001d0000000100010eeb0008000a0000000000000000cdc3
WFI t=95151 a=-3650,-756,1940 g=-5,-3,-4
WFI t=95201 a=-3653,-760,1952 g=-1,0,-5
WFI t=95251 a=-3648,-760,1945 g=0,-1,-4
WFI t=95301 a=-3652,-755,1951 g=-4,-1,-3
WFI t=95351 a=-3644,-763,1949 g=4,-3,-3
WFI t=95401 a=-3652,-755,1954 g=-8,0,-6
WFI t=95451 a=-3657,-760,1950 g=-6,-2,-5
WFI t=95501 a=-3653,-763,1943 g=-7,-2,-5
WFI t=95551 a=-3663,-758,1949 g=-2,-2,-5
WFI t=95601 a=-3650,-763,1943 g=-3,-2,-5
WFI t=95651 a=-3634,-774,1951 g=-1,-3,-5
WFI t=95701 a=-3643,-757,1953 g=1,-1,-4
WFI t=95751 a=-3658,-756,1945 g=-6,-1,-4
WFI t=95801 a=-3660,-763,1948 g=-1,0,-4
WFI t=95851 a=-3654,-758,1947 g=-5,-2,-5
WFI t=95901 a=-3644,-770,1955 g=-1,-1,-5
WFI t=95951 a=-3667,-753,1943 g=-5,-2,-3
WFI t=96001 a=-3657,-770,1944 g=-3,-1,-3
WFI t=96051 a=-3660,-769,1947 g=0,0,-4
WFI t=96101 a=-3659,-759,1964 g=-4,-2,-5
WFR t=96141 src=bms type=0x02 len=129 data=d2037c0ee80ee80ee90ee90ee90ee80ee90ee90ee80ee80ee90eea0eec0eed0eed0eec0eed0eed0eee0eee0eee0eee0eef0eee0eed0eee0eee0eee0000000000000000003d0000000000000000000000000000042d752f02ad0eee0ee7003d003d00000156001c0001001d0000000100010eeb0007000a000000000000000077b8
WFI t=96151 a=-3657,-745,1961 g=-3,-1,-4
WFI t=96201 a=-3654,-770,1949 g=-3,-2,-4
WFI t=96251 a=-3666,-759,1950 g=-2,-1,-3
WFI t=96301 a=-3652,-774,1946 g=-4,-2,-6
WFI t=96361 a=-3651,-759,1954 g=-2,0,-4
WFI t=96452 a=-3645,-753,1945 g=-6,-2,-5
WFI t=96454 a=-3657,-742,1953 g=-2,-2,-3
WFI t=96501 a=-3645,-759,1946 g=-3,-1,-5
WFI t=96551 a=-3650,-761,1953 g=-5,-3,-5
WFI t=96601 a=-3661,-753,1944 g=-4,-2,-5
WFI t=96651 a=-3657,-757,1934 g=-1,-1,-4
WFT t=96690 batt_mv=4178 rssi_mcu=0 rssi_bms=-84 mcu=0 bms=77 dropped=0
WFI t=96701 a=-3647,-765,1949 g=-5,-2,-5
WFI t=96751 a=-3645,-761,1945 g=-4,-2,-6
WFI t=96801 a=-3661,-763,1952 g=-3,-3,-3
WFI t=96851 a=-3648,-754,1940 g=-5,-2,-3
WFI t=96901 a=-3652,-767,1953 g=1,-2,-3
WFI t=96951 a=-3653,-770,1949 g=-2,-1,-5
WFI t=97001 a=-3665,-755,1953 g=-3,-1,-5
WFI t=97051 a=-3662,-760,1952 g=-6,-3,-4
WFI t=97101 a=-3660,-754,1946 g=-3,-2,-4
WFR t=97141 src=bms type=0x02 len=129 data=d2037c0ee90ee80ee90ee90ee90ee80ee90ee90ee80ee80ee90eea0eec0eec0eed0eec0eed0eed0eee0eee0eed0eee0eee0eee0eec0eee0eee0eee0000000000000000003d0000000000000000000000000000042d752f02ad0eee0ee7003d003d00000156001c0001001d0000000100010eeb0007000a00000000000000006017
WFI t=97151 a=-3658,-768,1949 g=2,-1,-4
WFI t=97201 a=-3654,-770,1944 g=-2,0,-4
WFI t=97251 a=-3650,-757,1942 g=-3,-3,-2
WFI t=97301 a=-3664,-765,1942 g=-5,-5,-4
WFI t=97351 a=-3663,-761,1944 g=-3,-2,-5
WFI t=97401 a=-3671,-764,1951 g=0,0,-6
WFI t=97451 a=-3641,-754,1965 g=-11,-3,-4
WFI t=97501 a=-3652,-771,1955 g=-5,-2,-4
WFI t=97551 a=-3649,-755,1954 g=-3,-2,-5
WFI t=97601 a=-3662,-761,1946 g=-1,-3,-4
WFI t=97651 a=-3657,-754,1954 g=-4,0,-5
WFI t=97701 a=-3654,-759,1943 g=-5,-2,-4
WFI t=97751 a=-3655,-769,1948 g=-1,-1,-4
WFI t=97801 a=-3653,-762,1953 g=-1,-1,-5
WFI t=97851 a=-3654,-757,1956 g=-4,-2,-5
WFI t=97901 a=-3659,-754,1953 g=-8,-2,-4
WFI t=97951 a=-3651,-762,1948 g=-4,-1,-3
WFI t=98001 a=-3653,-744,1954 g=0,0,-4
WFI t=98051 a=-3648,-775,1946 g=-6,-1,-5
WFI t=98101 a=-3647,-755,1941 g=-3,-2,-4
WFR t=98141 src=bms type=0x02 len=129 data=d2037c0ee90ee80ee90ee90ee90ee80ee90ee90ee70ee80ee90ee90eed0eec0eed0eeb0eed0eed0eee0eee0eee0eee0eef0eee0eec0eee0eed0eee0000000000000000003d0000000000000000000000000000042d752f02ad0eef0ee7003d003d00000156001c0001001d0000000100010eeb0008000a00000000000000001f97
WFI t=98151 a=-3652,-762,1936 g=-1,-1,-3
WFI t=98201 a=-3650,-773,1947 g=1,-3,-4
WFI t=98251 a=-3641,-758,1949 g=-3,-1,-5
WFI t=98301 a=-3657,-760,1952 g=-3,-2,-5
WFI t=98377 a=-3652,-761,1942 g=-2,-3,-4
WFI t=98478 a=-3675,-758,1949 g=-2,-2,-6
WFI t=98480 a=-3654,-767,1952 g=-3,-2,-6
WFI t=98501 a=-3650,-765,1952 g=0,0,-4
WFI t=98551 a=-3665,-754,1962 g=-5,-2,-4
WFI t=98601 a=-3655,-754,1947 g=0,-2,-4
WFI t=98651 a=-3641,-762,1952 g=-2,-2,-4
WFI t=98701 a=-3656,-765,1948 g=0,-1,-5
WFI t=98751 a=-3639,-764,1955 g=-2,-2,-4
WFI t=98801 a=-3664,-758,1943 g=-3,-2,-4
WFI t=98851 a=-3650,-769,1946 g=-1,0,-4
WFI t=98901 a=-3662,-760,1946 g=-3,-2,-5
WFI t=98951 a=-3658,-752,1953 g=-2,-1,-5
WFI t=99001 a=-3661,-760,1946 g=0,-2,-4
WFI t=99051 a=-3664,-761,1950 g=-4,-2,-5
WFI t=99101 a=-3648,-764,1960 g=1,-2,-5
WFR t=99141 src=bms type=0x02 len=129 data=d2037c0ee90ee80ee90ee90ee90ee80ee90ee90ee80ee80ee90eea0eed0eec0eed0eeb0eed0eed0eee0eee0eee0eee0eef0eee0eed0eee0eee0eee0000000000000000003d0000000000000000000000000000042d752f02ad0eef0ee8003d003d00000156001c0001001d0000000100010eeb0007000a00000000000000001024
WFI t=99151 a=-3652,-756,1934 g=1,-1,-5
WFI t=99201 a=-3644,-760,1942 g=-1,0,-3
WFI t=99251 a=-3663,-762,1938 g=-4,-3,-4
WFI t=99301 a=-3661,-767,1950 g=-1,-1,-5
WFI t=99351 a=-3656,-755,1945 g=-4,-2,-5
WFI t=99401 a=-3669,-761,1947 g=-4,-1,-3
WFI t=99451 a=-3649,-767,1950 g=-1,-2,-4
WFI t=99501 a=-3646,-766,1947 g=-2,0,-5
WFI t=99551 a=-3657,-772,1945 g=-3,-1,-6
WFI t=99601 a=-3655,-757,1939 g=-5,-2,-3
WFI t=99651 a=-3656,-756,1932 g=-2,-2,-3
WFI t=99701 a=-3660,-755,1929 g=-3,-1,-4
WFI t=99751 a=-3660,-760,1955 g=-3,-2,-5
WFI t=99801 a=-3655,-761,1966 g=-4,-2,-4
WFI t=99851 a=-3669,-762,1945 g=-4,-2,-4
WFI t=99901 a=-3659,-763,1943 g=-3,0,-3
WFI t=99951 a=-3652,-749,1934 g=-5,-2,-6
WFI t=100001 a=-3656,-752,1958 g=1,-3,-4
WFI t=100051 a=-3658,-774,1963 g=-6,-1,-4
WFI t=100101 a=-3657,-773,1950 g=-8,-2,-4
WFI t=100151 a=-3649,-752,1946 g=-9,-2,-4
WFI t=100201 a=-3658,-748,1942 g=-1,-1,-4
WFR t=100241 src=bms type=0x02 len=129 data=d2037c0ee90ee80ee90ee80ee90ee80ee90ee90ee80ee80ee90ee90eec0eec0eed0eec0eed0eed0eee0eee0eed0eee0eee0eee0eed0eee0eee0eee0000000000000000003d0000000000000000000000000000042d752f02ad0eef0ee8003d003d00000156001c0001001d0000000100010eeb0007000a0000000000000000508f
WFI t=100251 a=-3667,-753,1946 g=1,-2,-3
WFI t=100304 a=-3659,-749,1953 g=-8,0,-2
WFI t=100446 a=-3647,-766,1942 g=-1,-2,-6
WFI t=100459 a=-3652,-763,1946 g=-2,-4,-4
WFI t=100613 a=-3653,-775,1951 g=-5,-3,-3
WFI t=100629 a=-3654,-758,1945 g=-4,-1,-5
WFI t=100632 a=-3653,-756,1949 g=-7,-3,-4
WFI t=100635 a=-3647,-765,1954 g=-5,-2,-4
WFI t=100651 a=-3663,-778,1944 g=1,0,-4
WFI t=100701 a=-3659,-772,1942 g=0,-1,-4
WFI t=100751 a=-3652,-770,1945 g=-2,0,-3
WFI t=100801 a=-3661,-764,1946 g=0,-1,-3
WFI t=100851 a=-3649,-759,1948 g=-1,-3,-4
WFI t=100901 a=-3656,-770,1950 g=-3,-2,-4
WFI t=100951 a=-3652,-766,1946 g=-4,-2,-4
WFI t=101001 a=-3656,-759,1941 g=-3,-2,-4
WFI t=101051 a=-3653,-766,1939 g=-1,-3,-5
WFI t=101101 a=-3652,-757,1944 g=-4,-1,-4
WFR t=101141 src=bms type=0x02 len=129 data=d2037c0ee90ee80ee90ee90ee90ee90ee90ee90ee80ee90ee90eea0eec0eec0eed0eec0eed0eed0eee0eee0eed0eee0eef0eee0eec0eee0eee0eee0000000000000000003d0000000000000000000000000000042d752f02ad0eef0ee8003d003d00000156001c0001001d0000000100010eeb0007000a00000000000000003c7d
WFI t=101151 a=-3649,-759,1953 g=-4,-2,-4
WFI t=101201 a=-3658,-769,1940 g=-4,-4,-4
WFI t=101251 a=-3658,-756,1938 g=-1,0,-4
WFI t=101301 a=-3654,-758,1951 g=-3,0,-5
WFI t=101351 a=-3656,-748,1946 g=-5,-3,-4
WFI t=101401 a=-3651,-758,1938 g=-6,-1,-5
WFI t=101451 a=-3662,-761,1943 g=-10,-3,-6
WFI t=101501 a=-3653,-772,1947 g=-3,-2,-5
WFI t=101551 a=-3650,-759,1945 g=-4,-2,-4
WFI t=101601 a=-3653,-760,1935 g=-5,-1,-4
WFI t=101651 a=-3655,-777,1946 g=-2,-2,-5
WFI t=101701 a=-3646,-762,1931 g=-1,-1,-4
WFT t=101719 batt_mv=4178 rssi_mcu=0 rssi_bms=-82 mcu=0 bms=82 dropped=0
WFI t=101751 a=-3651,-759,1958 g=-6,-1,-5
WFI t=101801 a=-3649,-754,1944 g=-2,-3,-3
WFI t=101851 a=-3658,-775,1939 g=0,-1,-3
WFI t=101901 a=-3651,-767,1936 g=1,-1,-4
WFI t=101951 a=-3641,-754,1948 g=-1,-1,-4
WFI t=102001 a=-3643,-754,1950 g=0,-2,-4
WFI t=102051 a=-3661,-754,1957 g=-1,-3,-3
WFI t=102101 a=-3658,-759,1946 g=-7,-3,-6
WFR t=102141 src=bms type=0x02 len=129 data=d2037c0ee90ee80ee90ee90ee90ee80ee90ee90ee80ee80ee90eea0eec0eec0eed0eeb0eed0eed0eee0eed0eed0eee0eef0eee0eed0eee0eed0eee0000000000000000003d0000000000000000000000000000042d752f02ad0eef0ee8003d003d00000156001c0001001d0000000100010eeb0007000a00000000000000007d27
WFI t=102151 a=-3659,-758,1942 g=-1,2,-4
WFI t=102201 a=-3666,-770,1948 g=3,-1,-3
WFI t=102251 a=-3648,-764,1957 g=-1,-1,-4
WFI t=102301 a=-3649,-761,1935 g=-1,-2,-4
WFI t=102385 a=-3664,-755,1951 g=-2,-1,-6
WFI t=102402 a=-3660,-742,1950 g=-4,-1,-4
WFI t=102552 a=-3649,-761,1943 g=-5,-2,-3
WFI t=102554 a=-3660,-766,1945 g=-7,-2,-4
WFI t=102557 a=-3657,-771,1957 g=-5,0,-3
WFI t=102601 a=-3646,-753,1953 g=-3,-1,-4
WFI t=102651 a=-3655,-772,1945 g=-5,-4,-4
WFI t=102701 a=-3647,-757,1934 g=-1,0,-4
WFI t=102751 a=-3656,-771,1946 g=-5,-2,-5
WFI t=102801 a=-3658,-762,1946 g=3,-2,-5
WFI t=102851 a=-3664,-760,1951 g=1,-2,-4
WFI t=102901 a=-3651,-776,1929 g=-3,-3,-3
WFI t=102951 a=-3653,-771,1941 g=-1,-3,-4
WFI t=103001 a=-3653,-758,1945 g=1,-2,-7
WFI t=103051 a=-3650,-753,1948 g=-2,1,-5
WFI t=103101 a=-3647,-751,1942 g=1,0,-4
WFI t=103151 a=-3658,-764,1950 g=1,-2,-4
WFI t=103201 a=-3654,-763,1956 g=0,0,-5
WFR t=103241 src=bms type=0x02 len=129 data=d2037c0ee90ee80ee90ee90ee90ee80ee90ee90ee80ee80ee90ee90eed0eec0eed0eec0eed0eed0eee0eee0eee0eee0eef0eee0eed0eee0eee0eee0000000000000000003d0000000000000000000000000000042d752e02ad0eef0ee8003d003d00000156001c0001001d0000000100010eeb00070015000000000000000077ee
WFI t=103251 a=-3656,-770,1956 g=-3,0,-5
WFI t=103301 a=-3662,-755,1951 g=-4,-1,-4
WFI t=103351 a=-3660,-756,1937 g=-4,-1,-3
WFI t=103401 a=-3657,-756,1942 g=-3,-1,-4
WFI t=103451 a=-3664,-755,1948 g=-3,-2,-4
WFI t=103501 a=-3660,-764,1952 g=-1,-2,-5
WFI t=103551 a=-3657,-758,1953 g=-8,-3,-4
WFI t=103601 a=-3667,-757,1950 g=1,-1,-4
WFI t=103651 a=-3658,-764,1944 g=3,-1,-5
WFI t=103701 a=-3648,-759,1952 g=-6,-1,-4
WFI t=103751 a=-3654,-764,1938 g=-1,-2,-4
WFI t=103801 a=-3640,-755,1937 g=0,-1,-4
WFI t=103851 a=-3656,-758,1943 g=2,-1,-5
WFI t=103901 a=-3650,-772,1952 g=-5,-1,-5
WFI t=103951 a=-3656,-773,1951 g=-10,-2,-4
WFI t=104001 a=-3668,-758,1935 g=-4,-1,-4
WFI t=104051 a=-3657,-762,1942 g=1,-1,-5
WFI t=104101 a=-3659,-757,1953 g=-3,-3,-5
WFI t=104151 a=-3661,-757,1946 g=-4,-1,-3
WFI t=104201 a=-3653,-765,1938 g=-4,-1,-3
WFR t=104241 src=bms type=0x02 len=129 data=d2037c0ee90ee80ee90ee90ee90ee80ee90ee90ee70ee80ee90ee90eec0eec0eed0eeb0eed0eed0eee0eee0eed0eee0eef0eee0eed0eee0eee0eee0000000000000000003d0000000000000000000000000000042d752f02ad0eef0ee8003d003d00000156001c0001001d0000000100010eeb0007000a0000000000000000abf4
WFI t=104251 a=-3646,-761,1952 g=1,-1,-5
WFI t=104301 a=-3662,-760,1947 g=2,-2,-5
WFI t=104351 a=-3647,-759,1946 g=-2,0,-5
WFI t=104489 a=-3643,-758,1960 g=-1,-2,-6
WFI t=104492 a=-3653,-753,1951 g=-2,-2,-5
WFI t=104501 a=-3653,-761,1960 g=-1,-2,-5
WFI t=104551 a=-3666,-760,1958 g=-5,-2,-3
WFI t=104601 a=-3656,-752,1933 g=-5,-2,-3
WFI t=104651 a=-3654,-761,1941 g=-2,0,-5
WFI t=104701 a=-3656,-774,1947 g=1,-2,-6
WFI t=104751 a=-3632,-765,1959 g=-3,0,-5
WFI t=104801 a=-3655,-745,1951 g=-5,-2,-3
WFI t=104851 a=-3662,-769,1951 g=-3,0,-4
WFI t=104901 a=-3657,-756,1931 g=-3,-2,-5
WFI t=104951 a=-3647,-756,1957 g=3,-2,-6
WFI t=105001 a=-3661,-769,1961 g=-6,-1,-3
WFI t=105051 a=-3655,-754,1954 g=-8,0,-4
WFI t=105101 a=-3650,-760,1955 g=-5,-3,-4
WFI t=105151 a=-3661,-768,1958 g=-6,-1,-6
WFI t=105201 a=-3662,-759,1943 g=-2,-2,-4
WFR t=105241 src=bms type=0x02 len=129 data=d2037c0ee90ee80ee90ee80ee90ee80ee90ee90ee70ee80ee90ee90eed0eec0eed0eec0eed0eed0eee0eee0eee0eee0eee0eee0eec0eee0eee0eee0000000000000000003d0000000000000000000000000000042d752f02ad0eef0ee7003d003d00000156001c0001001d0000000100010eeb0008000a00000000000000003400
WFI t=105251 a=-3655,-768,1952 g=-2,-1,-4
WFI t=105301 a=-3656,-763,1957 g=-3,-1,-4
WFI t=105351 a=-3655,-765,1938 g=-4,-2,-3
WFI t=105401 a=-3664,-757,1951 g=-2,-2,-5
WFI t=105451 a=-3653,-766,1944 g=-1,0,-5
WFI t=105501 a=-3644,-754,1943 g=-5,0,-3
WFI t=105551 a=-3643,-763,1945 g=-7,-1,-5
WFI t=105601 a=-3659,-764,1945 g=1,-1,-5
WFI t=105651 a=-3655,-755,1941 g=-4,-4,-4
WFI t=105701 a=-3662,-750,1954 g=-3,-2,-3
WFI t=105751 a=-3651,-758,1947 g=-2,-2,-4
WFI t=105801 a=-3662,-756,1958 g=-5,-1,-6
WFI t=105851 a=-3645,-766,1955 g=-6,0,-4
WFI t=105901 a=-3653,-757,1951 g=-1,-2,-3
WFI t=105951 a=-3660,-767,1947 g=-2,-1,-5
WFI t=106001 a=-3641,-761,1956 g=-3,-1,-5
WFI t=106051 a=-3659,-763,1949 g=-2,-3,-4
WFI t=106101 a=-3663,-765,1945 g=-8,-2,-4
WFI t=106151 a=-3656,-763,1938 g=-5,-1,-4
WFI t=106201 a=-3653,-771,1958 g=0,-1,-4
WFR t=106241 src=bms type=0x02 len=129 data=d2037c0ee90ee80ee90ee90ee90ee80ee90ee90ee80ee80ee90eea0eed0eec0eed0eeb0eed0eed0eee0eee0eee0eee0eef0eee0eec0eee0eee0eee0000000000000000003d0000000000000000000000000000042d752f02ad0eef0ee8003d003d00000156001c0001001d0000000100010eeb0007000a0000000000000000ed18
WFI t=106251 a=-3665,-774,1950 g=-1,0,-6
WFI t=106301 a=-3642,-757,1951 g=-8,-2,-3
WFI t=106351 a=-3651,-771,1944 g=-3,-3,-4
WFI t=106413 a=-3653,-752,1944 g=-8,-2,-4
WFI t=106502 a=-3657,-759,1953 g=-7,-2,-5
WFI t=106504 a=-3657,-766,1963 g=1,1,-3
WFI t=106551 a=-3666,-755,1944 g=-7,-1,-3
WFI t=106601 a=-3648,-762,1949 g=-3,-1,-3
WFI t=106651 a=-3654,-751,1956 g=-8,-1,-5
WFI t=106701 a=-3648,-758,1948 g=0,-1,-5
WFI t=106751 a=-3651,-770,1956 g=-1,-2,-3
WFT t=106756 batt_mv=0 rssi_mcu=0 rssi_bms=-76 mcu=0 bms=87 dropped=0
WFI t=106801 a=-3658,-759,1947 g=-4,0,-4
WFI t=106851 a=-3654,-769,1939 g=-7,-1,-4
WFI t=106901 a=-3651,-758,1943 g=2,-1,-4
WFI t=106951 a=-3648,-753,1957 g=-5,-1,-5
WFI t=107001 a=-3655,-767,1961 g=-1,-1,-3
WFI t=107051 a=-3661,-765,1948 g=-4,-4,-5
WFI t=107101 a=-3656,-767,1951 g=-3,-1,-5
WFI t=107151 a=-3646,-770,1949 g=-2,1,-4
WFI t=107201 a=-3654,-764,1941 g=-7,-4,-5
WFR t=107241 src=bms type=0x02 len=129 data=d2037c0ee80ee80ee90ee80ee90ee80ee90ee90ee70ee80ee90ee90eec0eec0eed0eec0eed0eed0eee0eee0eee0eee0eef0eee0eec0eee0eee0eee0000000000000000003d0000000000000000000000000000042d752f02ad0eee0ee7003d003d00000156001c0001001d0000000100010eeb0007000a000000000000000076f5
WFI t=107251 a=-3668,-746,1953 g=-6,-3,-4
WFI t=107301 a=-3660,-756,1955 g=-5,-2,-4
WFI t=107351 a=-3663,-761,1945 g=-1,-1,-5
WFI t=107401 a=-3652,-757,1949 g=-2,-2,-5
WFI t=107451 a=-3649,-768,1939 g=-1,-1,-3
WFI t=107501 a=-3653,-763,1938 g=-7,-2,-4
WFI t=107551 a=-3656,-755,1937 g=-3,-1,-4
WFI t=107601 a=-3653,-772,1947 g=-5,1,-5
WFI t=107651 a=-3648,-755,1952 g=-3,-1,-4
WFI t=107701 a=-3663,-761,1956 g=-5,-3,-3
WFI t=107751 a=-3662,-759,1944 g=-6,-3,-4
WFI t=107801 a=-3660,-758,1937 g=-4,-1,-5
WFI t=107851 a=-3654,-758,1947 g=0,-1,-5
WFI t=107901 a=-3651,-765,1948 g=0,-1,-3
WFI t=107951 a=-3653,-747,1940 g=-9,-1,-3
WFI t=108001 a=-3659,-770,1946 g=-2,-1,-5
WFI t=108051 a=-3654,-753,1954 g=2,-2,-4
WFI t=108101 a=-3645,-753,1967 g=-5,-2,-4
WFI t=108151 a=-3647,-760,1944 g=-2,-3,-3
WFI t=108201 a=-3656,-767,1950 g=-4,-2,-5
WFI t=108251 a=-3651,-758,1941 g=-5,0,-5
WFI t=108301 a=-3649,-760,1949 g=-2,0,-4
WFI t=108351 a=-3645,-756,1950 g=-2,-1,-3
WFI t=108427 a=-3662,-762,1949 g=-4,-2,-4
WFI t=108517 a=-3661,-770,1957 g=-4,-3,-4
WFI t=108520 a=-3663,-753,1941 g=-1,0,-4
WFI t=108551 a=-3656,-745,1941 g=-4,-2,-4
WFI t=108601 a=-3661,-752,1946 g=-4,-1,-3
WFI t=108651 a=-3651,-762,1952 g=0,-1,-4
WFI t=108701 a=-3661,-761,1950 g=-4,-1,-5
WFI t=108751 a=-3646,-761,1955 g=-3,0,-4
WFI t=108806 a=-3651,-749,1939 g=-7,-2,-3
WFI t=108851 a=-3666,-765,1937 g=0,0,-4
WFI t=108901 a=-3660,-765,1942 g=0,-1,-4
WFI t=108951 a=-3644,-759,1952 g=-4,-2,-4
WFI t=109001 a=-3674,-778,1952 g=0,-2,-4
WFI t=109051 a=-3654,-779,1933 g=-4,-1,-4
WFI t=109101 a=-3643,-764,1941 g=-9,-1,-4
WFI t=109151 a=-3653,-759,1952 g=0,-1,-5
WFI t=109201 a=-3651,-756,1955 g=-9,-2,-5
WFI t=109251 a=-3655,-767,1944 g=-3,-2,-3
WFI t=109301 a=-3656,-763,1930 g=-2,-3,-4
WFI t=109351 a=-3658,-761,1948 g=2,-1,-4
WFI t=109401 a=-3645,-750,1940 g=-3,-3,-5
WFI t=109451 a=-3648,-759,1955 g=-8,-2,-4
WFI t=109501 a=-3657,-773,1950 g=-3,-2,-3
WFI t=109551 a=-3655,-767,1948 g=-1,0,-4
WFI t=109601 a=-3645,-766,1955 g=1,-1,-5
WFI t=109651 a=-3661,-757,1948 g=-1,-1,-5
WFI t=109701 a=-3658,-763,1949 g=1,-1,-3
WFI t=109751 a=-3672,-768,1938 g=-9,-1,-6
WFI t=109801 a=-3658,-753,1949 g=-6,-1,-5
WFI t=109851 a=-3653,-765,1940 g=-3,-2,-5
WFI t=109901 a=-3659,-759,1938 g=-6,-1,-4
WFI t=109951 a=-3664,-775,1950 g=-1,-1,-4
WFI t=110001 a=-3657,-770,1957 g=-2,-1,-3
WFI t=110051 a=-3646,-760,1944 g=-5,-1,-5
WFI t=110101 a=-3645,-747,1945 g=-4,-2,-4
WFI t=110151 a=-3639,-764,1941 g=-6,-2,-5
WFI t=110201 a=-3663,-756,1944 g=-6,0,-5
WFI t=110251 a=-3647,-760,1941 g=-5,-1,-5
WFI t=110301 a=-3667,-760,1945 g=-2,-3,-4
WFI t=110351 a=-3660,-768,1948 g=-4,-2,-4
WFI t=110430 a=-3656,-759,1949 g=0,-3,-4
WFI t=110567 a=-3650,-754,1946 g=0,-3,-4
WFI t=110581 a=-3644,-771,1939 g=-4,-2,-4
WFI t=110682 a=-3650,-763,1944 g=-5,-2,-4
WFI t=110684 a=-3648,-773,1943 g=-4,-1,-5
WFI t=110687 a=-3648,-773,1943 g=-4,-1,-5
WFI t=110701 a=-3661,-764,1946 g=-1,-1,-4
WFI t=110751 a=-3671,-751,1939 g=-3,-3,-3
WFI t=110801 a=-3668,-766,1939 g=2,-1,-4
WFI t=110851 a=-3646,-767,1930 g=-4,-3,-5
WFI t=110901 a=-3653,-761,1951 g=-4,-1,-6
WFI t=110951 a=-3642,-755,1949 g=-6,0,-5
WFI t=111001 a=-3661,-766,1935 g=-6,-2,-5
WFI t=111051 a=-3655,-760,1933 g=-3,-4,-4
WFI t=111101 a=-3649,-766,1943 g=-1,0,-3
WFI t=111151 a=-3662,-762,1947 g=-4,-1,-3
WFI t=111201 a=-3668,-762,1950 g=-3,-4,-5
WFI t=111251 a=-3651,-767,1949 g=-4,-3,-5
WFI t=111301 a=-3643,-766,1939 g=-1,-2,-4
WFI t=111351 a=-3652,-758,1955 g=-3,-2,-3
WFI t=111401 a=-3649,-766,1954 g=-6,-3,-4
WFI t=111451 a=-3669,-765,1942 g=-4,-3,-4
WFI t=111501 a=-3658,-762,1947 g=-8,-2,-6
WFI t=111551 a=-3645,-757,1952 g=0,0,-5
WFI t=111601 a=-3655,-763,1943 g=-1,0,-4
WFI t=111651 a=-3659,-754,1942 g=-8,-2,-4
WFI t=111701 a=-3656,-764,1944 g=-4,-1,-5
WFI t=111751 a=-3648,-758,1937 g=-1,-1,-4
WFI t=111801 a=-3653,-759,1940 g=0,-1,-3
WFI t=111851 a=-3650,-761,1952 g=-3,-2,-5
WFT t=111873 batt_mv=4184 rssi_mcu=0 rssi_bms=-83 mcu=0 bms=88 dropped=0
WFI t=111901 a=-3652,-765,1943 g=-3,-2,-4
WFI t=111951 a=-3658,-766,1957 g=0,0,-5
WFI t=112001 a=-3656,-757,1945 g=-6,-1,-4
WFI t=112051 a=-3657,-757,1933 g=-6,-3,-4
WFI t=112101 a=-3654,-760,1938 g=-2,-2,-4
WFI t=112151 a=-3649,-767,1949 g=-2,-2,-4
WFI t=112201 a=-3657,-756,1947 g=-4,-2,-3
WFI t=112251 a=-3656,-754,1954 g=-3,-1,-4
WFI t=112301 a=-3654,-757,1938 g=-3,-2,-4
WFI t=112351 a=-3647,-770,1929 g=3,-2,-5
WFI t=112401 a=-3646,-757,1940 g=-8,-2,-6
WFI t=112536 a=-3647,-773,1948 g=-3,-2,-4
WFI t=112538 a=-3659,-765,1932 g=-1,-2,-4
WFI t=112551 a=-3663,-755,1944 g=-6,-3,-3
WFI t=112601 a=-3665,-764,1938 g=-7,-2,-4
WFI t=112651 a=-3648,-762,1955 g=0,-2,-5
WFI t=112701 a=-3662,-757,1942 g=-3,-1,-4
WFI t=112751 a=-3657,-758,1942 g=-2,-1,-4
WFI t=112801 a=-3652,-762,1928 g=-2,-2,-4
WFI t=112851 a=-3654,-759,1940 g=0,-1,-4
WFI t=112901 a=-3662,-757,1940 g=-3,-1,-5
WFI t=112951 a=-3659,-752,1947 g=-3,-2,-5
WFI t=113001 a=-3664,-767,1938 g=-8,-2,-4
WFI t=113051 a=-3657,-765,1954 g=-4,-1,-5
WFI t=113101 a=-3657,-754,1947 g=-4,-1,-5
WFI t=113151 a=-3647,-769,1942 g=-4,0,-4
WFI t=113201 a=-3665,-761,1942 g=-6,-3,-4
WFI t=113251 a=-3649,-770,1943 g=0,-3,-4
WFI t=113301 a=-3657,-760,1946 g=0,0,-4
WFI t=113351 a=-3652,-760,1938 g=-1,-1,-4
WFI t=113401 a=-3649,-755,1950 g=-4,-4,-3
WFI t=113451 a=-3658,-759,1947 g=-1,-3,-5
WFI t=113501 a=-3664,-765,1945 g=-6,0,-5
WFI t=113551 a=-3659,-763,1959 g=-2,1,-3
WFI t=113601 a=-3644,-760,1937 g=-9,-2,-3
WFI t=113651 a=-3655,-761,1930 g=0,-2,-4
WFI t=113701 a=-3653,-766,1943 g=2,-1,-5
WFI t=113751 a=-3642,-751,1956 g=-3,-1,-4
WFI t=113801 a=-3655,-756,1930 g=-5,-1,-4
WFI t=113851 a=-3652,-760,1927 g=-4,-2,-4
WFI t=113901 a=-3644,-762,1939 g=-3,-1,-5
WFI t=113951 a=-3655,-764,1949 g=-2,0,-5
WFI t=114001 a=-3644,-753,1947 g=-2,-2,-4
WFI t=114051 a=-3644,-750,1964 g=-5,-1,-4
WFI t=114101 a=-3667,-764,1944 g=1,-1,-3
WFI t=114151 a=-3664,-757,1948 g=-4,-2,-5
WFI t=114201 a=-3658,-770,1950 g=-4,-1,-5
WFI t=114251 a=-3654,-752,1947 g=-5,-1,-4
WFI t=114301 a=-3660,-773,1952 g=-6,-2,-4
WFI t=114351 a=-3652,-765,1947 g=-4,-2,-4
WFI t=114401 a=-3664,-756,1938 g=-5,-1,-5
WFI t=114496 a=-3654,-762,1946 g=-1,-2,-6
WFI t=114502 a=-3653,-759,1950 g=0,-1,-4
WFI t=114619 a=-3657,-764,1953 g=-2,-1,-3
WFI t=114622 a=-3674,-761,1944 g=-2,-1,-4
WFI t=114651 a=-3655,-766,1942 g=-2,-1,-4
WFI t=114701 a=-3657,-757,1949 g=-3,-1,-4
WFI t=114751 a=-3662,-766,1946 g=-2,-1,-5
WFI t=114801 a=-3648,-754,1941 g=-1,-1,-2
WFI t=114851 a=-3650,-752,1950 g=-5,0,-5
WFI t=114901 a=-3655,-773,1934 g=0,-2,-3
WFI t=114951 a=-3650,-762,1953 g=-1,-2,-4
WFI t=115001 a=-3650,-766,1945 g=-4,-1,-5
WFI t=115051 a=-3661,-754,1948 g=-1,-2,-4
WFI t=115101 a=-3657,-774,1951 g=-4,-1,-4
WFI t=115151 a=-3653,-767,1943 g=-2,-2,-5
WFI t=115201 a=-3656,-765,1936 g=-3,-1,-4
WFI t=115251 a=-3659,-761,1942 g=1,-2,-4
WFI t=115301 a=-3655,-755,1946 g=-5,-4,-4
WFI t=115351 a=-3674,-756,1948 g=-6,-3,-6
WFI t=115401 a=-3647,-759,1941 g=0,-3,-5
WFI t=115451 a=-3657,-775,1950 g=-2,-1,-5
WFI t=115501 a=-3657,-762,1935 g=-3,-2,-4
WFI t=115551 a=-3640,-777,1943 g=-7,-3,-4
WFI t=115601 a=-3661,-758,1941 g=-5,-4,-5
WFI t=115651 a=-3648,-760,1950 g=-7,0,-6
WFI t=115701 a=-3639,-752,1947 g=-5,-1,-5
WFI t=115751 a=-3648,-775,1952 g=-6,-2,-5
WFI t=115801 a=-3654,-762,1946 g=-3,-2,-4
WFI t=115851 a=-3664,-763,1943 g=-8,-3,-4
WFI t=115901 a=-3652,-756,1951 g=-4,-2,-6
WFI t=115951 a=-3651,-755,1957 g=-4,-1,-4
WFI t=116001 a=-3660,-763,1941 g=0,-2,-5
WFI t=116051 a=-3655,-759,1947 g=-4,-1,-4
WFI t=116101 a=-3669,-763,1943 g=-4,0,-5
WFI t=116151 a=-3653,-766,1943 g=-2,-1,-5
WFI t=116201 a=-3637,-756,1954 g=-2,-2,-5
WFI t=116251 a=-3644,-761,1953 g=-5,-3,-5
WFI t=116301 a=-3648,-766,1946 g=-4,-2,-4
WFI t=116351 a=-3650,-759,1935 g=-1,-1,-4
WFI t=116401 a=-3653,-764,1935 g=-1,-2,-6
WFI t=116462 a=-3652,-761,1957 g=-5,-2,-4
WFI t=116553 a=-3659,-767,1941 g=-1,-3,-4
WFI t=116556 a=-3661,-761,1943 g=-2,-1,-3
WFI t=116601 a=-3659,-763,1949 g=-1,-3,-4
WFI t=116651 a=-3655,-759,1946 g=-7,-2,-5
WFI t=116701 a=-3656,-766,1949 g=2,-2,-2
WFI t=116751 a=-3665,-763,1936 g=-2,-3,-4
WFI t=116801 a=-3666,-769,1937 g=0,-1,-6
WFI t=116851 a=-3644,-760,1953 g=-3,-2,-5
WFI t=116901 a=-3659,-763,1935 g=-2,-2,-4
WFT t=116941 batt_mv=4186 rssi_mcu=0 rssi_bms=-88 mcu=0 bms=88 dropped=0
WFI t=116951 a=-3656,-760,1941 g=-7,-2,-5
WFI t=117001 a=-3663,-769,1945 g=-2,-1,-5
WFI t=117051 a=-3648,-766,1949 g=-5,-2,-5
WFI t=117101 a=-3659,-757,1952 g=-5,-1,-4
WFI t=117151 a=-3653,-751,1940 g=-4,-1,-4
WFI t=117201 a=-3657,-763,1940 g=-5,-1,-5
WFI t=117251 a=-3654,-760,1949 g=-5,-1,-4
WFI t=117301 a=-3643,-757,1947 g=-5,1,-4
WFE t=117347 bms stale, no frame for 10104 ms, dropping link
WFI t=117351 a=-3654,-767,1948 g=0,-1,-4
WFE t=117360 bms link down (stale) after 28 answers in 38006 ms, writes=38 err=0 silent=10 bytes=3612
WFI t=117401 a=-3650,-773,1945 g=-3,-1,-5
WFE t=117441 bms disconnected reason=534
WFI t=117451 a=-3647,-760,1937 g=-6,-3,-5
WFI t=117501 a=-3660,-755,1950 g=-5,0,-5
WFI t=117551 a=-3664,-755,1935 g=-5,-3,-4
WFI t=117601 a=-3655,-762,1936 g=-7,-2,-3
WFI t=117651 a=-3653,-756,1955 g=-4,-1,-5
WFI t=117701 a=-3663,-753,1941 g=2,-1,-4
WFI t=117751 a=-3650,-767,1945 g=-4,0,-5
WFI t=117801 a=-3652,-767,1932 g=-7,-2,-4
WFI t=117851 a=-3663,-765,1926 g=-5,0,-4
WFI t=117901 a=-3649,-753,1946 g=0,-1,-5
WFI t=117951 a=-3650,-761,1945 g=-3,0,-5
WFI t=118001 a=-3660,-764,1939 g=-3,-3,-4
WFI t=118051 a=-3645,-762,1943 g=-4,-2,-4
WFI t=118101 a=-3668,-762,1938 g=-4,-2,-6
WFI t=118151 a=-3657,-768,1929 g=-2,-2,-4
WFI t=118201 a=-3663,-770,1938 g=-1,-3,-5
WFI t=118251 a=-3664,-768,1931 g=-7,-3,-5
WFI t=118301 a=-3660,-767,1940 g=-6,-1,-3
WFI t=118351 a=-3650,-754,1945 g=1,0,-4
WFI t=118401 a=-3661,-754,1933 g=-1,-2,-5
WFI t=118566 a=-3648,-774,1942 g=-1,-1,-6
WFI t=118568 a=-3662,-761,1937 g=-7,-2,-5
WFI t=118570 a=-3662,-761,1937 g=-7,-2,-5
WFI t=118601 a=-3661,-773,1943 g=-7,-1,-3
WFI t=118651 a=-3658,-766,1941 g=-8,-2,-6
WFI t=118701 a=-3644,-762,1940 g=-4,-1,-3
WFI t=118751 a=-3658,-759,1941 g=-2,-1,-5
WFI t=118801 a=-3654,-767,1937 g=-2,-1,-5
WFI t=118851 a=-3668,-757,1934 g=-4,-3,-5
WFI t=118901 a=-3659,-758,1934 g=-4,-3,-6
WFI t=118951 a=-3661,-763,1938 g=-4,-1,-4
WFI t=119001 a=-3659,-759,1941 g=-5,0,-4
WFI t=119051 a=-3655,-757,1939 g=-8,-2,-5
WFI t=119101 a=-3660,-762,1932 g=-4,-2,-4
WFI t=119151 a=-3656,-765,1938 g=-2,-1,-4
WFI t=119201 a=-3653,-763,1939 g=-3,-2,-5
WFI t=119251 a=-3662,-767,1924 g=-6,-1,-3
WFI t=119301 a=-3659,-765,1932 g=0,-1,-3
WFI t=119351 a=-3650,-766,1941 g=1,-2,-6
WFI t=119401 a=-3652,-760,1945 g=-1,-2,-4
WFI t=119451 a=-3651,-755,1934 g=-3,-1,-2
WFI t=119501 a=-3650,-757,1932 g=-5,-1,-4
WFI t=119554 a=-3644,-757,1934 g=-6,-1,-6
WFI t=119601 a=-3655,-749,1945 g=-4,-2,-5
WFI t=119651 a=-3649,-757,1938 g=-4,-1,-5
WFI t=119701 a=-3649,-754,1943 g=-3,-2,-4
WFI t=119751 a=-3664,-758,1941 g=0,0,-4
WFI t=119801 a=-3644,-765,1937 g=4,-1,-3
WFI t=119851 a=-3644,-748,1931 g=-1,-2,-5
WFI t=119901 a=-3664,-759,1952 g=-2,-2,-4
WFI t=119951 a=-3654,-759,1941 g=-1,-1,-3
WFI t=120001 a=-3671,-771,1947 g=-2,-1,-4
WFE t=120042 bms subscribed val=0x0010 cccd=0x0011 ctrl=0x0014 mtu=512 regs=62
WFE t=120043 bms conn itvl=80 latency=0 timeout=600
WFI t=120051 a=-3651,-764,1947 g=-4,-1,-5
WFE t=120073 bms conn update force itvl=80 rc=0
WFE t=120074 bms reconnected (attempt 3)
WFE t=120090 bms mtu event mtu=512
WFE t=120091 bms conn update req itvl=12-12 latency=0 timeout=400 via=l2cap
WFI t=120101 a=-3650,-768,1947 g=-2,-1,-3
WFI t=120151 a=-3660,-760,1948 g=-6,-1,-4
WFI t=120201 a=-3657,-760,1934 g=-4,-4,-4
WFI t=120251 a=-3664,-762,1943 g=-3,0,-5
WFI t=120301 a=-3649,-752,1937 g=-3,-1,-4
WFR t=120341 src=bms type=0x02 len=129 data=d2037c0ee90ee80ee90ee90ee90ee80ee90ee90ee70ee90ee90ee90eec0eed0eed0eec0eed0eed0eee0eee0eed0eee0eef0eee0eec0eee0eee0eee0000000000000000003d0000000000000000000000000000042d752f02ad0eef0ee8003d003d00000156001c0001001d0000000100010eeb0007000a0000000000000000a569
WFI t=120351 a=-3656,-771,1944 g=-4,-1,-2
WFI t=120401 a=-3647,-765,1940 g=-5,-2,-3
WFI t=120451 a=-3663,-760,1925 g=-2,-2,-4
WFI t=120711 a=-3654,-760,1928 g=-5,-3,-4
WFI t=120726 a=-3657,-772,1943 g=-1,-3,-5
WFI t=120728 a=-3659,-764,1950 g=-5,-3,-4
WFI t=120730 a=-3659,-764,1950 g=-5,-3,-4
WFI t=120732 a=-3649,-768,1945 g=-5,-3,-5
WFE t=120741 bms conn update status=0 itvl=80 latency=0 timeout=600
WFI t=120751 a=-3648,-764,1936 g=-3,-3,-4
WFI t=120801 a=-3646,-755,1920 g=-5,-2,-5
WFI t=120851 a=-3665,-757,1926 g=-2,-1,-4
WFI t=120901 a=-3652,-768,1934 g=-4,-1,-4
WFI t=120951 a=-3652,-761,1936 g=-3,-2,-4
WFI t=121001 a=-3662,-755,1948 g=-1,0,-4
WFI t=121051 a=-3651,-764,1940 g=-4,-2,-5
WFI t=121101 a=-3652,-768,1935 g=-2,0,-4
WFI t=121151 a=-3637,-760,1936 g=-4,-2,-4
WFI t=121201 a=-3662,-761,1942 g=-4,0,-4
WFI t=121251 a=-3653,-760,1932 g=-3,1,-4
WFI t=121301 a=-3657,-768,1940 g=-1,-3,-4
WFI t=121351 a=-3655,-767,1942 g=-1,-1,-5
WFI t=121401 a=-3662,-756,1940 g=-7,-1,-4
WFI t=121451 a=-3653,-758,1945 g=-8,-4,-4
WFI t=121501 a=-3648,-744,1936 g=-2,-2,-5
WFR t=121541 src=bms type=0x02 len=129 data=d2037c0ee90ee80ee90ee90ee90ee80ee90ee90ee70ee80ee90eea0eec0eec0eed0eec0eed0eed0eee0eee0eee0eee0eef0eef0eec0eee0eee0eee0000000000000000003d0000000000000000000000000000042d753002ad0eef0ee7003d003d00000156001c0001001d0000000100010eeb0008000000000000000000000512
WFI t=121551 a=-3661,-767,1936 g=-5,-2,-5
WFI t=121601 a=-3662,-774,1929 g=-2,-2,-4
WFI t=121651 a=-3663,-758,1942 g=-3,-3,-5
WFI t=121701 a=-3675,-760,1949 g=0,-2,-5
WFI t=121751 a=-3668,-766,1942 g=-1,0,-5
WFI t=121801 a=-3656,-760,1934 g=-3,-1,-4
WFI t=121851 a=-3646,-750,1936 g=-3,-2,-3
WFI t=121901 a=-3658,-776,1961 g=-5,-1,-4
WFT t=121949 batt_mv=4184 rssi_mcu=0 rssi_bms=-82 mcu=0 bms=90 dropped=0
WFI t=121951 a=-3652,-752,1940 g=-1,0,-3
WFI t=122001 a=-3655,-753,1941 g=1,-1,-4
WFI t=122051 a=-3649,-754,1940 g=-2,-3,-5
WFI t=122101 a=-3651,-769,1943 g=-1,-3,-4
WFI t=122151 a=-3662,-769,1939 g=-1,-1,-4
WFI t=122201 a=-3655,-764,1931 g=-3,-1,-4
WFI t=122251 a=-3648,-763,1940 g=-2,0,-4
WFI t=122301 a=-3668,-757,1931 g=-2,-2,-4
WFI t=122351 a=-3654,-762,1936 g=-1,-1,-4
WFI t=122401 a=-3646,-765,1933 g=-3,-4,-5
WFR t=122441 src=bms type=0x02 len=129 data=d2037c0ee90ee80ee90ee90ee90ee80ee90ee90ee70ee80ee90ee90eed0eed0eed0eec0eed0eed0eef0eee0eee0eee0eef0eef0eed0eee0eee0eee0000000000000000003d0000000000000000000000000000042d752f02ad0eef0ee7003d003d00000156001c0001001d0000000100010eeb0008000a0000000000000000cf31
WFI t=122451 a=-3657,-755,1939 g=-1,-2,-4
WFI t=122600 a=-3651,-762,1937 g=0,-1,-4
WFI t=122602 a=-3669,-761,1934 g=-3,-2,-4
WFI t=122604 a=-3669,-761,1934 g=-3,-2,-4
WFI t=122651 a=-3644,-758,1940 g=-2,-1,-5
WFI t=122701 a=-3664,-755,1943 g=-3,-1,-4
WFI t=122751 a=-3649,-760,1934 g=-2,-1,-4
WFI t=122801 a=-3653,-764,1942 g=-1,-3,-4
WFI t=122851 a=-3639,-767,1937 g=-4,-2,-5
WFI t=122901 a=-3645,-771,1939 g=-1,-1,-4
WFI t=122951 a=-3658,-763,1947 g=-3,0,-4
WFI t=123001 a=-3645,-769,1928 g=-3,-2,-5
WFE t=123042 bms conn update req itvl=15-15 latency=0 timeout=400 via=l2cap
WFI t=123051 a=-3662,-764,1943 g=-3,-3,-4
WFI t=123101 a=-3647,-762,1933 g=-4,-2,-4
WFI t=123151 a=-3664,-754,1935 g=-3,-1,-5
WFI t=123201 a=-3662,-759,1933 g=-2,-1,-4
WFI t=123251 a=-3652,-765,1942 g=-6,-1,-4
WFI t=123301 a=-3654,-760,1937 g=-3,-2,-4
WFI t=123351 a=-3656,-755,1927 g=-1,-1,-4
WFI t=123401 a=-3661,-764,1937 g=0,-1,-5
WFI t=123451 a=-3654,-769,1938 g=-1,0,-4
WFI t=123501 a=-3664,-759,1939 g=2,-3,-6
WFR t=123541 src=bms type=0x02 len=129 data=d2037c0ee90ee80ee90ee90ee90ee80ee90ee90ee80ee80ee90eea0eed0eec0eed0eec0eed0eed0eee0eee0eee0eee0eef0eef0eec0eee0eee0eee0000000000000000003d0000000000000000000000000000042d752f02ad0eef0ee8003d003d00000156001c0001001d0000000100010eeb0007000a0000000000000000f8a8
WFI t=123551 a=-3651,-754,1939 g=-2,-2,-4
WFI t=123601 a=-3649,-759,1931 g=-7,-1,-4
WFI t=123651 a=-3654,-759,1938 g=-1,-2,-3
WFI t=123701 a=-3657,-756,1937 g=-2,-1,-4
WFI t=123751 a=-3656,-771,1937 g=-2,-1,-5
WFI t=123801 a=-3654,-762,1938 g=-5,-2,-3
WFI t=123851 a=-3662,-757,1936 g=1,-2,-4
WFI t=123901 a=-3649,-763,1946 g=-6,-2,-4
WFI t=123951 a=-3647,-768,1943 g=-3,-2,-3
WFI t=124001 a=-3664,-759,1943 g=-3,-2,-3
WFI t=124051 a=-3659,-762,1934 g=-5,-2,-5
WFI t=124101 a=-3652,-757,1948 g=0,-2,-5
WFI t=124151 a=-3650,-770,1940 g=-2,-3,-5
WFI t=124201 a=-3644,-770,1936 g=1,-2,-4
WFI t=124251 a=-3670,-755,1930 g=-1,-3,-4
WFI t=124301 a=-3658,-778,1938 g=-5,-1,-4
WFI t=124351 a=-3660,-764,1941 g=-5,-1,-4
WFI t=124401 a=-3645,-762,1943 g=-6,-1,-4
WFI t=124451 a=-3647,-750,1942 g=-6,-1,-3
WFI t=124524 a=-3655,-764,1940 g=1,-2,-5
WFI t=124616 a=-3646,-759,1944 g=-3,-4,-4
WFI t=124618 a=-3649,-754,1936 g=-6,-1,-3
WFR t=124641 src=bms type=0x02 len=129 data=d2037c0ee90ee80ee90ee90ee90ee80ee90ee90ee70ee80ee90ee90eec0eed0eed0eec0eed0eed0eee0eee0eee0eef0eee0eee0eed0eee0eee0eee0000000000000000003d0000000000000000000000000000042d753002ad0eef0ee7003d003d00000156001c0001001d0000000100010eeb000800000000000000000000af7c
WFI t=124651 a=-3645,-753,1929 g=-4,-3,-3
WFI t=124701 a=-3654,-769,1936 g=-3,-1,-5
WFI t=124751 a=-3658,-763,1937 g=0,-1,-6
WFI t=124801 a=-3659,-761,1949 g=0,-1,-5
WFI t=124851 a=-3638,-748,1936 g=-6,-1,-5
WFI t=124901 a=-3649,-768,1920 g=-5,-2,-5
WFI t=124951 a=-3662,-767,1935 g=-2,-1,-5
WFI t=125001 a=-3666,-768,1961 g=-4,-4,-4
WFI t=125051 a=-3657,-768,1934 g=-7,-2,-2
WFI t=125101 a=-3662,-777,1920 g=-2,-1,-3
WFI t=125151 a=-3660,-773,1934 g=-3,0,-5
WFI t=125201 a=-3642,-753,1943 g=-3,-1,-6
WFI t=125251 a=-3654,-760,1942 g=-6,-2,-5
WFI t=125301 a=-3652,-767,1948 g=-3,-1,-4
WFI t=125351 a=-3657,-757,1943 g=2,-2,-4
WFI t=125401 a=-3659,-760,1945 g=-2,-1,-5
WFI t=125451 a=-3661,-752,1947 g=-3,-1,-5
WFI t=125501 a=-3655,-765,1943 g=-8,-1,-3
WFR t=125541 src=bms type=0x02 len=129 data=d2037c0ee90ee80ee90ee80ee90ee80ee90ee90ee80ee90ee90eea0eec0eed0eed0eec0eed0eed0eee0eee0eee0eee0eee0eef0eed0eee0eee0eee0000000000000000003d0000000000000000000000000000042d752f02ad0eee0ee7003d003d00000156001c0001001d0000000100010eeb0007000a0000000000000000ed5b
WFI t=125551 a=-3656,-756,1931 g=-2,0,-4
WFI t=125601 a=-3661,-755,1935 g=-3,-1,-5
WFI t=125651 a=-3652,-752,1936 g=-2,0,-5
WFI t=125701 a=-3655,-766,1927 g=1,-1,-3
WFI t=125751 a=-3647,-767,1936 g=-3,0,-3
WFI t=125801 a=-3660,-773,1933 g=0,-2,-3
WFI t=125851 a=-3652,-744,1934 g=2,-2,-3
WFI t=125901 a=-3661,-752,1932 g=-1,-1,-5
WFI t=125951 a=-3650,-772,1934 g=-4,-1,-4
WFI t=126001 a=-3641,-758,1922 g=-1,0,-4
WFI t=126051 a=-3661,-761,1947 g=-2,-1,-4
WFI t=126102 a=-3651,-770,1949 g=-5,-3,-4
WFI t=126151 a=-3646,-769,1928 g=4,-1,-2
WFI t=126201 a=-3644,-759,1942 g=6,-3,-4
WFI t=126251 a=-3657,-769,1927 g=1,-2,-4
WFI t=126301 a=-3658,-766,1948 g=-4,-1,-4
WFI t=126351 a=-3650,-766,1936 g=0,-1,-4
WFI t=126401 a=-3657,-768,1938 g=1,-1,-5
WFI t=126451 a=-3657,-764,1937 g=0,0,-5
WFI t=126618 a=-3645,-760,1942 g=-5,-1,-5
WFI t=126634 a=-3649,-752,1945 g=-4,-1,-5
WFI t=126637 a=-3663,-757,1931 g=-3,-3,-5
WFR t=126641 src=bms type=0x02 len=129 data=d2037c0ee90ee80ee90ee90ee90ee80ee90ee90ee70ee80ee90eea0eec0eec0eed0eec0eed0eed0eee0eee0eed0eee0eef0eef0eed0eee0eee0eee0000000000000000003d0000000000000000000000000000042d752f02ad0eef0ee7003d003d00000156001c0001001d0000000100010eeb0008000a00000000000000009c27
WFI t=126651 a=-3646,-764,1942 g=-5,-3,-4
WFI t=126701 a=-3663,-766,1934 g=-5,-1,-4
WFI t=126751 a=-3668,-766,1945 g=-8,-2,-4
WFI t=126801 a=-3662,-760,1949 g=-9,-1,-5
WFI t=126851 a=-3656,-763,1933 g=-2,0,-4
WFI t=126901 a=-3661,-762,1932 g=-5,-1,-4
WFI t=126951 a=-3657,-760,1931 g=-6,-2,-4
WFI t=127001 a=-3658,-761,1930 g=2,-1,-5
WFI t=127052 a=-3644,-758,1932 g=-1,-3,-5
WFT t=127093 batt_mv=4184 rssi_mcu=0 rssi_bms=-84 mcu=0 bms=95 dropped=0
WFI t=127101 a=-3657,-758,1940 g=-10,-2,-2
WFI t=127178 a=-3660,-773,1913 g=-6,-1,-3
WFI t=127201 a=-3655,-776,1917 g=-2,-1,-6
WFI t=127251 a=-3659,-769,1940 g=-1,-3,-7
WFI t=127301 a=-3655,-760,1947 g=1,-2,-4
WFI t=127351 a=-3646,-752,1944 g=-2,-2,-5
WFI t=127401 a=-3667,-773,1934 g=-3,-1,-4
WFI t=127451 a=-3665,-763,1920 g=-8,-2,-5
WFI t=127501 a=-3665,-755,1935 g=-10,-2,-3
WFR t=127541 src=bms type=0x02 len=129 data=d2037c0ee90ee80ee90ee90ee90ee80ee90ee90ee80ee90ee90eea0eec0eec0eed0eec0eed0eed0eee0eee0eee0eee0eef0eee0eed0eee0eee0eee0000000000000000003d0000000000000000000000000000042d752f02ad0eef0ee8003d003d00000156001c0001001d0000000100010eeb0007000a00000000000000003245
WFI t=127551 a=-3658,-764,1941 g=-8,-4,-3
WFI t=127601 a=-3648,-767,1929 g=-3,-2,-5
WFI t=127651 a=-3661,-757,1950 g=1,-2,-4
WFI t=127701 a=-3654,-748,1942 g=-4,-2,-5
WFI t=127751 a=-3656,-757,1937 g=-3,-3,-3
WFI t=127801 a=-3658,-764,1942 g=-5,-3,-2
WFI t=127851 a=-3662,-764,1930 g=-2,-1,-5
WFI t=127901 a=-3667,-759,1940 g=3,1,-5
WFI t=127951 a=-3652,-762,1946 g=-1,0,-4
WFI t=128001 a=-3654,-769,1935 g=-4,0,-4
WFI t=128051 a=-3653,-767,1933 g=-4,-3,-3
WFI t=128101 a=-3658,-759,1938 g=-5,-2,-4
WFI t=128151 a=-3661,-776,1944 g=2,-1,-6
WFI t=128201 a=-3657,-763,1941 g=-5,-1,-5
WFI t=128251 a=-3651,-758,1949 g=-6,-3,-4
WFI t=128301 a=-3654,-768,1938 g=-5,-2,-2
WFI t=128400 a=-3670,-765,1943 g=-1,-2,-4
WFI t=128468 a=-3647,-755,1945 g=-3,-1,-3
WFI t=128470 a=-3655,-761,1936 g=-6,-3,-3
WFI t=128501 a=-3656,-768,1943 g=-6,-1,-4
WFI t=128627 a=-3655,-766,1932 g=-7,-1,-5
WFI t=128643 a=-3648,-763,1954 g=-2,-3,-5
WFI t=128651 a=-3647,-754,1928 g=-2,-1,-3
WFI t=128701 a=-3647,-765,1932 g=-6,-3,-3
WFI t=128751 a=-3658,-763,1929 g=1,1,-5
WFI t=128801 a=-3662,-768,1942 g=-2,-1,-7
WFI t=128851 a=-3641,-760,1951 g=-1,-2,-5
WFI t=128901 a=-3648,-773,1933 g=-4,-1,-3
WFR t=128941 src=bms type=0x02 len=129 data=d2037c0ee90ee80ee90ee90ee90ee80ee90ee90ee80ee80ee90eea0eec0eec0eed0eec0eed0eed0eee0eee0eee0eee0eef0eef0eec0eee0eee0eee0000000000000000003d0000000000000000000000000000042d752f02ad0eef0ee8003d003d00000156001c0001001d0000000100010eeb0007000a00000000000000003385
WFI t=128951 a=-3664,-757,1931 g=0,-1,-6
WFI t=129001 a=-3652,-749,1937 g=3,0,-8
WFI t=129051 a=-3644,-758,1948 g=-5,-2,-4
WFI t=129101 a=-3650,-764,1927 g=-8,-1,-3
WFI t=129151 a=-3659,-767,1935 g=-4,-3,-6
WFI t=129201 a=-3659,-753,1938 g=2,0,-6
WFI t=129251 a=-3654,-753,1949 g=-4,-3,-3
WFI t=129301 a=-3665,-766,1931 g=-6,-3,-2
WFI t=129351 a=-3661,-768,1917 g=-1,-2,-4
WFI t=129401 a=-3649,-762,1942 g=2,-1,-8
WFI t=129451 a=-3657,-764,1947 g=-1,-2,-5
WFI t=129501 a=-3654,-757,1949 g=-9,-1,-1
WFR t=129541 src=bms type=0x02 len=129 data=d2037c0ee90ee80ee90ee90ee90ee80ee90ee90ee80ee90ee90eea0eed0eec0eed0eec0eed0eed0eee0eee0eee0eee0eef0eee0eed0eee0eee0eee0000000000000000003d0000000000000000000000000000042d752f02ad0eef0ee8003d003d00000156001c0001001d0000000100010eeb0007000a0000000000000000f968
WFI t=129551 a=-3661,-772,1915 g=-9,-3,-1
WFI t=129601 a=-3673,-763,1929 g=0,-3,-6
WFI t=129651 a=-3633,-757,1949 g=-3,-2,-6
WFI t=129701 a=-3658,-754,1929 g=-4,-2,-4
WFI t=129751 a=-3666,-767,1916 g=-1,-1,-6
WFI t=129801 a=-3646,-760,1949 g=-2,-1,-7
WFI t=129851 a=-3650,-755,1958 g=-3,-3,-5
WFI t=129901 a=-3653,-758,1929 g=-7,-2,-2
WFI t=129951 a=-3672,-769,1959 g=-11,-1,-4
WFI t=130001 a=-3649,-743,1937 g=-5,0,-5
WFI t=130051 a=-3659,-765,1933 g=-2,-1,-5
WFI t=130101 a=-3657,-763,1946 g=-1,-2,-3
WFI t=130151 a=-3673,-768,1937 g=-5,-2,-1
WFI t=130201 a=-3661,-778,1920 g=-5,-2,-3
WFI t=130251 a=-3664,-762,1924 g=4,-1,-6
WFI t=130301 a=-3651,-765,1947 g=-4,-1,-6
WFI t=130351 a=-3644,-746,1958 g=-3,-1,-3
WFI t=130401 a=-3659,-764,1931 g=-8,-2,-2
WFI t=130451 a=-3671,-760,1918 g=-5,0,-4
WFI t=130501 a=-3665,-764,1928 g=4,-1,-7
WFI t=130655 a=-3648,-758,1956 g=0,-2,-5
WFI t=130657 a=-3657,-766,1938 g=-2,-1,-4
WFI t=130659 a=-3657,-766,1938 g=-2,-1,-4
WFI t=130701 a=-3657,-756,1933 g=-4,0,-7
WFR t=130741 src=bms type=0x02 len=129 data=d2037c0ee90ee80ee90ee90ee90ee80ee90ee90ee80ee80ee90eea0eed0eec0eed0eec0eed0eed0eee0eee0eee0eee0eee0eee0eec0eee0eee0eee0000000000000000003d0000000000000000000000000000042d752f02ad0eef0ee8003d003d00000156001c0001001d0000000100010eeb0007000a00000000000000004989
WFI t=130751 a=-3649,-753,1945 g=0,-1,-6
WFI t=130801 a=-3653,-749,1953 g=-10,-2,-2
WFI t=130851 a=-3664,-771,1913 g=-7,-2,-2
WFI t=130901 a=-3660,-766,1918 g=3,0,-5
WFI t=130951 a=-3645,-769,1933 g=-1,-1,-6
WFI t=131001 a=-3641,-774,1939 g=-10,-1,-3
WFI t=131051 a=-3666,-770,1916 g=-5,-2,-2
WFI t=131101 a=-3660,-771,1917 g=0,-1,-6
WFI t=131151 a=-3656,-751,1948 g=1,-1,-7
WFI t=131201 a=-3646,-756,1960 g=-5,-1,-3
WFI t=131251 a=-3654,-754,1928 g=-6,-3,-1
WFI t=131301 a=-3659,-773,1923 g=-5,-2,-4
WFI t=131351 a=-3654,-769,1928 g=2,2,-7
WFI t=131401 a=-3646,-752,1952 g=3,-1,-6
WFI t=131451 a=-3651,-749,1946 g=-9,-2,-1
WFI t=131501 a=-3670,-773,1927 g=-9,-3,-1
WFR t=131541 src=bms type=0x02 len=129 data=d2037c0ee90ee80ee90ee80ee90ee80ee90ee90ee70ee80ee90eea0eed0eec0eed0eec0eed0eed0eee0eee0eee0eee0eef0eee0eed0eee0eee0eee0000000000000000003d0000000000000000000000000000042d752f02ad0eef0ee8003d003d00000156001c0001001d0000000100010eeb0007000a00000000000000001aff
WFI t=131551 a=-3666,-763,1929 g=0,-1,-6
WFI t=131601 a=-3650,-762,1955 g=1,0,-7
WFI t=131651 a=-3646,-762,1950 g=2,0,-3
WFI t=131701 a=-3648,-761,1938 g=-4,-3,-2
WFI t=131751 a=-3651,-766,1928 g=-5,-3,-4
WFI t=131801 a=-3666,-761,1939 g=0,-1,-7
WFI t=131851 a=-3643,-764,1944 g=-2,-2,-5
WFI t=131901 a=-3657,-763,1937 g=-6,-2,-2
WFI t=131951 a=-3666,-764,1925 g=-5,-1,-2
WFI t=132001 a=-3651,-771,1931 g=-1,1,-6
WFI t=132051 a=-3632,-768,1951 g=-4,-1,-4
WFI t=132101 a=-3652,-761,1947 g=-4,-2,-4
WFT t=132117 batt_mv=4180 rssi_mcu=0 rssi_bms=-83 mcu=0 bms=100 dropped=0
WFI t=132151 a=-3654,-760,1931 g=-5,-1,-2
WFI t=132201 a=-3655,-761,1931 g=-5,-1,-5
WFI t=132251 a=-3647,-759,1939 g=-2,-2,-6
WFI t=132301 a=-3657,-765,1930 g=-1,-1,-4
WFI t=132351 a=-3657,-760,1929 g=-3,-2,-2
WFI t=132401 a=-3662,-750,1918 g=-1,-1,-3
WFI t=132451 a=-3652,-764,1932 g=0,-2,-6
WFI t=132501 a=-3634,-764,1935 g=-6,-1,-4
WFR t=132670 src=bms type=0x02 len=129 data=d2037c0ee90ee80ee90ee80ee90ee80ee90ee90ee70ee80ee90eea0eed0eed0eed0eec0eed0eed0eee0eee0eee0eef0eef0eee0eed0eee0eee0eee0000000000000000003d0000000000000000000000000000042d752f02ad0eef0ee7003d003d00000156001c0001001d0000000100010eeb0008000a0000000000000000deef
WFI t=132670 a=-3659,-758,1927 g=0,-3,-4
WFI t=132672 a=-3661,-762,1937 g=3,-2,-6
WFI t=132674 a=-3661,-756,1937 g=1,-1,-5
WFI t=132701 a=-3644,-758,1933 g=-1,-1,-6
WFI t=132751 a=-3642,-752,1939 g=-3,0,-5
WFI t=132801 a=-3651,-756,1951 g=-4,-3,-3
WFI t=132851 a=-3657,-767,1921 g=-5,-2,-4
WFI t=132901 a=-3649,-768,1934 g=-2,-3,-4
WFI t=132951 a=-3649,-764,1921 g=-2,0,-4
WFI t=133001 a=-3657,-771,1939 g=-6,-2,-5
WFI t=133051 a=-3653,-764,1918 g=-2,-1,-5
WFI t=133101 a=-3654,-768,1933 g=0,-1,-4
WFI t=133151 a=-3650,-772,1926 g=-5,-2,-3
WFI t=133201 a=-3654,-771,1922 g=-6,-1,-4
WFI t=133251 a=-3657,-769,1935 g=0,-3,-6
WFI t=133301 a=-3643,-767,1946 g=-2,-2,-5
WFI t=133351 a=-3648,-764,1926 g=-3,-2,-2
WFI t=133401 a=-3642,-760,1927 g=-4,-1,-2
WFI t=133451 a=-3651,-762,1921 g=-1,-2,-4
WFI t=133501 a=-3661,-756,1930 g=-4,-1,-7
WFR t=133541 src=bms type=0x02 len=129 data=d2037c0ee90ee80ee90ee90ee90ee80ee90ee90ee80ee80ee90eea0eed0eed0eed0eec0eed0eed0eee0eee0eed0eee0eef0eef0eed0eee0eee0eee0000000000000000003d0000000000000000000000000000042d752f02ad0eef0ee8003d003d00000156001c0001001d0000000100010eeb0007000a00000000000000004a5b
WFI t=133551 a=-3654,-756,1951 g=0,-3,-5
WFI t=133601 a=-3662,-757,1936 g=-5,-4,-2
WFI t=133651 a=-3665,-763,1934 g=-1,-2,-2
WFI t=133701 a=-3668,-773,1935 g=-4,-1,-4
WFI t=133751 a=-3660,-755,1935 g=0,0,-4
WFI t=133801 a=-3665,-768,1926 g=-2,-2,-3
WFI t=133851 a=-3660,-763,1930 g=-2,-2,-4
WFI t=133901 a=-3664,-762,1929 g=4,-2,-5
WFI t=133951 a=-3653,-761,1931 g=-3,-2,-6
WFI t=134001 a=-3657,-763,1940 g=-6,-4,-3
WFI t=134051 a=-3652,-773,1944 g=-1,0,-3
WFI t=134101 a=-3662,-762,1925 g=-3,-1,-5
WFI t=134151 a=-3639,-757,1933 g=-2,-1,-6
WFI t=134201 a=-3656,-763,1932 g=-1,-2,-4
WFI t=134251 a=-3661,-769,1924 g=-5,-2,-2
WFI t=134301 a=-3641,-764,1926 g=-3,-1,-4
WFI t=134351 a=-3653,-758,1939 g=0,-1,-5
WFI t=134401 a=-3660,-761,1933 g=-6,-1,-4
WFI t=134451 a=-3658,-763,1935 g=-6,-2,-3
WFI t=134501 a=-3660,-760,1927 g=-2,0,-4
WFR t=134541 src=bms type=0x02 len=129 data=d2037c0ee90ee80ee90ee80ee90ee80ee90ee90ee70ee80ee90ee90eed0eed0eed0eec0eed0eee0eee0eee0eee0eee0eef0eee0eec0eee0eee0eee0000000000000000003d0000000000000000000000000000042d752f02ad0eef0ee7003d003d00000156001c0001001d0000000100010eeb0008000a00000000000000002b4f
WFI t=134599 a=-3645,-758,1928 g=-4,-2,-5
WFI t=134697 a=-3647,-766,1946 g=-2,-1,-5
WFI t=134699 a=-3649,-763,1908 g=-7,-1,-4
WFI t=134701 a=-3647,-747,1926 g=-4,-3,-3
WFI t=134751 a=-3649,-759,1928 g=-5,0,-6
WFI t=134801 a=-3660,-763,1933 g=-4,-1,-5
WFI t=134851 a=-3664,-756,1926 g=0,0,-5
WFI t=134901 a=-3654,-773,1945 g=-1,-1,-4
WFI t=134951 a=-3651,-749,1936 g=-4,-2,-4
WFI t=135001 a=-3659,-764,1934 g=-5,-2,-5
WFI t=135051 a=-3654,-768,1936 g=-5,-1,-3
WFI t=135101 a=-3657,-763,1930 g=-3,-1,-4
WFI t=135151 a=-3662,-764,1933 g=-5,0,-5
WFI t=135201 a=-3650,-766,1935 g=-1,-3,-4
WFI t=135251 a=-3659,-764,1941 g=0,-1,-4
WFI t=135308 a=-3664,-757,1928 g=0,-1,-5
WFI t=135351 a=-3662,-749,1935 g=0,-2,-5
WFI t=135401 a=-3648,-767,1920 g=-6,-2,-5
WFI t=135451 a=-3646,-758,1930 g=-1,-2,-4
WFI t=135501 a=-3664,-747,1935 g=0,-2,-5
WFR t=135541 src=bms type=0x02 len=129 data=d2037c0ee80ee80ee90ee90ee90ee80ee90ee90ee70ee80ee90eea0eed0eed0eed0eec0eed0eed0eee0eee0eee0eee0eef0eee0eec0eee0eee0eee0000000000000000003d0000000000000000000000000000042d752f02ad0eef0ee7003d003d00000156001c0001001d0000000100010eeb0008000a0000000000000000f184
WFI t=135551 a=-3644,-753,1925 g=-3,-2,-4
WFI t=135601 a=-3643,-759,1933 g=-6,0,-3
WFI t=135651 a=-3665,-751,1921 g=-4,-2,-4
WFI t=135701 a=-3652,-762,1933 g=-1,-3,-5
WFI t=135751 a=-3667,-757,1935 g=-3,-2,-5
WFI t=135801 a=-3652,-765,1939 g=-4,-3,-3
WFI t=135851 a=-3653,-760,1933 g=-2,-2,-2
WFI t=135901 a=-3652,-763,1924 g=-2,-1,-4
WFI t=135951 a=-3650,-759,1921 g=-2,-1,-5
WFI t=136001 a=-3653,-740,1938 g=3,-2,-4
WFI t=136051 a=-3663,-759,1933 g=-5,-2,-4
WFI t=136101 a=-3666,-756,1924 g=-3,-1,-4
WFI t=136151 a=-3653,-758,1927 g=2,0,-7
WFI t=136201 a=-3651,-767,1933 g=0,-2,-6
WFI t=136251 a=-3642,-769,1935 g=2,-2,-4
WFI t=136301 a=-3655,-769,1945 g=-3,-2,-5
WFI t=136351 a=-3657,-758,1932 g=1,-3,-4
WFI t=136401 a=-3644,-765,1932 g=-4,-2,-5
WFI t=136451 a=-3656,-762,1925 g=-3,-1,-3
WFI t=136501 a=-3661,-755,1933 g=-8,-3,-4
WFR t=136541 src=bms type=0x02 len=129 data=d2037c0ee90ee80ee90ee90ee90ee80ee90ee90ee70ee80ee90ee90eec0eec0eed0eec0eed0eed0eee0eee0eee0eee0eee0eee0eed0eee0eee0eee0000000000000000003d0000000000000000000000000000042d752f02ad0eef0ee8003d003d00000156001c0001001d0000000100010eeb0007000a00000000000000005a47
WFI t=136551 a=-3659,-756,1934 g=-3,-1,-5
WFI t=136620 a=-3651,-778,1932 g=0,-2,-5
WFI t=136841 a=-3654,-758,1945 g=-5,-2,-3
WFI t=136857 a=-3661,-754,1937 g=-4,-2,-4
WFI t=136859 a=-3655,-761,1937 g=-1,-2,-4
WFI t=136861 a=-3655,-755,1926 g=-3,-1,-4
WFI t=136863 a=-3655,-755,1926 g=-3,-1,-4
WFI t=136901 a=-3651,-747,1933 g=-6,-2,-5
WFI t=136951 a=-3661,-769,1926 g=-2,-1,-4
WFI t=137001 a=-3662,-754,1923 g=-3,-2,-6
WFI t=137051 a=-3647,-765,1934 g=-3,-1,-6
WFI t=137101 a=-3659,-763,1929 g=-2,-2,-5
WFI t=137151 a=-3648,-760,1934 g=-2,0,-5
WFT t=137160 batt_mv=4178 rssi_mcu=0 rssi_bms=-87 mcu=0 bms=105 dropped=0
WFI t=137201 a=-3651,-767,1935 g=-10,-2,-4
WFI t=137251 a=-3665,-759,1932 g=-2,0,-4
WFI t=137301 a=-3657,-760,1927 g=-4,-3,-5
WFI t=137351 a=-3649,-766,1933 g=0,-1,-4
WFI t=137401 a=-3658,-756,1925 g=-7,-2,-4
WFI t=137451 a=-3655,-773,1937 g=-5,-3,-6
WFI t=137501 a=-3664,-755,1926 g=2,-1,-4
WFI t=137551 a=-3656,-754,1935 g=-4,0,-4
WFI t=137601 a=-3656,-747,1918 g=-4,-1,-4
WFR t=137641 src=bms type=0x02 len=129 data=d2037c0ee90ee80ee90ee90ee90ee80ee90ee90ee80ee80ee90eea0eed0eed0eed0eec0eed0eed0eee0eee0eee0eee0eef0eee0eec0eee0eee0eee0000000000000000003d0000000000000000000000000000042d752f02ad0eef0ee7003d003d00000156001c0001001d0000000100010eeb0008000a000000000000000039d1
WFI t=137651 a=-3653,-769,1933 g=1,-2,-4
WFI t=137701 a=-3653,-764,1934 g=-3,-2,-4
WFI t=137751 a=-3655,-768,1934 g=-7,-1,-4
WFI t=137801 a=-3670,-750,1918 g=-7,-1,-4
WFI t=137851 a=-3651,-759,1929 g=-4,-1,-2
WFI t=137901 a=-3658,-754,1933 g=1,-2,-5
WFI t=137951 a=-3655,-760,1928 g=-1,-1,-6
WFI t=138001 a=-3639,-756,1928 g=-2,-1,-3
WFI t=138051 a=-3650,-765,1930 g=-3,-3,-4
WFI t=138101 a=-3651,-764,1924 g=-5,-3,-4
WFI t=138151 a=-3647,-779,1925 g=-1,-2,-5
WFI t=138201 a=-3656,-764,1933 g=1,-1,-5
WFI t=138251 a=-3642,-754,1948 g=-2,-1,-4
WFI t=138301 a=-3665,-762,1929 g=1,-1,-3
WFI t=138351 a=-3654,-763,1916 g=-2,-2,-4
WFI t=138401 a=-3660,-759,1931 g=0,0,-6
WFI t=138451 a=-3651,-784,1930 g=4,-1,-5
WFI t=138501 a=-3648,-751,1931 g=1,0,-5
WFI t=138551 a=-3663,-759,1929 g=-2,-2,-4
WFI t=138611 a=-3662,-765,1943 g=-6,-2,-4
WFR t=138643 src=bms type=0x02 len=129 data=d2037c0ee90ee80ee90ee90ee90ee80ee90ee90ee70ee80ee90eea0eed0eec0eed0eec0eed0eed0eee0eee0eed0eee0eef0eef0eed0eee0eee0eee0000000000000000003d0000000000000000000000000000042d752f02ad0eef0ee7003d003d00000156001c0001001d0000000100010eeb0008000a0000000000000000570a
WFI t=138766 a=-3637,-767,1927 g=-3,-1,-6
WFI t=138781 a=-3661,-759,1927 g=-4,-4,-4
WFI t=138783 a=-3665,-771,1932 g=-4,-3,-4
WFI t=138801 a=-3642,-773,1936 g=-4,-1,-4
WFI t=138851 a=-3663,-750,1933 g=-2,-2,-4
WFI t=138901 a=-3670,-753,1944 g=-6,0,-4
WFI t=138951 a=-3652,-766,1924 g=-1,0,-4
WFI t=139001 a=-3659,-768,1935 g=-3,0,-3
WFI t=139051 a=-3656,-769,1928 g=0,-2,-4
WFI t=139101 a=-3644,-776,1917 g=-3,-2,-4
WFI t=139151 a=-3649,-762,1943 g=-3,-2,-4
WFI t=139201 a=-3652,-755,1931 g=-2,-3,-3
WFI t=139251 a=-3653,-757,1943 g=-2,-2,-5
WFI t=139301 a=-3654,-762,1929 g=0,-2,-5
WFI t=139351 a=-3646,-756,1932 g=-4,-2,-6
WFI t=139401 a=-3650,-774,1932 g=-6,-1,-3
WFI t=139451 a=-3652,-763,1918 g=-2,-1,-4
WFI t=139501 a=-3650,-760,1921 g=-3,-4,-5
WFI t=139551 a=-3645,-777,1930 g=2,-2,-5
WFI t=139601 a=-3662,-760,1949 g=0,-2,-3
WFR t=139641 src=bms type=0x02 len=129 data=d2037c0ee90ee80ee90ee80ee90ee80ee90ee90ee70ee80ee90ee90eed0eed0eed0eec0eed0eed0eee0eee0eed0eee0eee0eee0eed0eee0eee0eee0000000000000000003d0000000000000000000000000000042d752f02ad0eee0ee7003d003d00000156001c0001001d0000000100010eeb0007000a0000000000000000aa77
WFI t=139651 a=-3653,-742,1939 g=-3,-3,-4
WFI t=139701 a=-3662,-767,1938 g=-2,-3,-5
WFI t=139751 a=-3651,-756,1941 g=-5,-2,-5
WFI t=139801 a=-3653,-765,1918 g=-4,0,-4
WFI t=139851 a=-3655,-762,1920 g=-3,-2,-4
WFI t=139901 a=-3646,-770,1922 g=-5,-1,-3
WFI t=139951 a=-3652,-768,1929 g=1,-1,-4
WFI t=140001 a=-3655,-753,1947 g=0,-2,-4
WFI t=140051 a=-3663,-762,1945 g=-1,-1,-4
WFI t=140101 a=-3666,-754,1937 g=-3,-2,-3
WFI t=140151 a=-3643,-776,1928 g=0,-1,-4
WFI t=140201 a=-3659,-780,1927 g=-2,-2,-4
WFI t=140251 a=-3665,-760,1917 g=-2,-2,-4
WFI t=140301 a=-3653,-760,1937 g=-1,-3,-3
WFI t=140351 a=-3663,-765,1943 g=-1,-1,-6
WFI t=140401 a=-3651,-762,1925 g=4,0,-5
WFI t=140451 a=-3656,-766,1949 g=-2,-1,-4
WFI t=140501 a=-3659,-761,1944 g=-1,-1,-4
WFI t=140551 a=-3651,-770,1932 g=-6,-1,-5
WFI t=140627 a=-3656,-764,1927 g=1,-2,-5
WFI t=140710 a=-3657,-766,1921 g=-6,-2,-3
WFI t=140713 a=-3667,-767,1940 g=-4,-2,-4
WFR t=140741 src=bms type=0x02 len=129 data=d2037c0ee90ee80ee90ee80ee90ee80ee90ee90ee70ee80ee90ee90eed0eed0eed0eec0eed0eed0eee0eee0eee0eee0eee0eee0eed0eee0eee0eee0000000000000000003d0000000000000000000000000000042d752f02ad0eee0ee7003d003d00000156001c0001001d0000000100010eeb0007000a0000000000000000ff55
WFI t=140751 a=-3654,-767,1938 g=-7,-3,-3
WFI t=140801 a=-3653,-746,1932 g=2,-1,-5
WFI t=140851 a=-3646,-756,1939 g=-4,-2,-4
WFI t=140901 a=-3651,-766,1942 g=-6,-1,-5
WFI t=140951 a=-3653,-773,1931 g=-3,0,-3
WFI t=141001 a=-3642,-761,1918 g=-5,-2,-4
WFI t=141051 a=-3652,-768,1916 g=0,-2,-4
WFI t=141101 a=-3651,-764,1935 g=2,-1,-4
WFI t=141151 a=-3656,-763,1931 g=-4,-1,-4
WFI t=141201 a=-3656,-765,1936 g=-3,-1,-5
WFI t=141251 a=-3646,-754,1934 g=-2,0,-4
WFI t=141301 a=-3662,-766,1940 g=-2,-2,-5
WFI t=141351 a=-3648,-765,1939 g=-2,0,-4
WFI t=141401 a=-3661,-769,1938 g=-2,-1,-3
WFI t=141451 a=-3659,-753,1922 g=-5,-3,-4
WFI t=141501 a=-3666,-757,1935 g=-3,-2,-4
WFI t=141551 a=-3658,-756,1934 g=-5,1,-5
WFI t=141601 a=-3651,-755,1933 g=-4,-2,-4
WFR t=141641 src=bms type=0x02 len=129 data=d2037c0ee90ee80ee90ee90ee90ee80ee90ee90ee80ee80ee90ee90eed0eec0eed0eec0eed0eed0eee0eee0eee0eee0eef0eee0eed0eee0eee0eee0000000000000000003d0000000000000000000000000000042d752f02ad0eef0ee7003d003d00000156001c0001001d0000000100010eeb0008000a00000000000000006776
WFI t=141651 a=-3662,-766,1932 g=-4,-2,-3
WFI t=141701 a=-3658,-769,1928 g=2,-1,-4
WFI t=141751 a=-3662,-762,1929 g=-1,-2,-4
WFI t=141801 a=-3651,-762,1926 g=-2,-1,-4
WFI t=141851 a=-3651,-755,1925 g=-3,-1,-5
WFI t=141901 a=-3647,-764,1918 g=-4,-1,-6
WFI t=141952 a=-3651,-763,1937 g=1,-1,-4
WFI t=142001 a=-3661,-782,1929 g=-6,-1,-5
WFI t=142051 a=-3656,-765,1925 g=-1,-2,-4
WFI t=142101 a=-3651,-766,1927 g=-2,1,-5
WFI t=142151 a=-3636,-762,1935 g=-3,-2,-6
WFI t=142201 a=-3653,-768,1933 g=-3,-2,-5
WFT t=142223 batt_mv=4182 rssi_mcu=0 rssi_bms=-80 mcu=0 bms=110 dropped=0
WFI t=142251 a=-3645,-764,1929 g=2,-2,-4
WFI t=142301 a=-3654,-762,1934 g=-2,-2,-4
WFI t=142351 a=-3651,-750,1922 g=-1,-1,-5
WFI t=142401 a=-3644,-756,1937 g=1,-2,-5
WFI t=142451 a=-3654,-776,1943 g=-6,1,-4
WFI t=142501 a=-3660,-767,1932 g=-1,-2,-3
WFI t=142551 a=-3656,-770,1936 g=-4,-1,-5
WFI t=142723 a=-3657,-756,1938 g=0,-1,-4
WFR t=142725 src=bms type=0x02 len=129 data=d2037c0ee90ee80ee90ee90ee90ee80ee90ee90ee80ee80ee90ee90eed0eed0eed0eec0eed0eed0eef0eee0eee0eee0eef0eef0eec0eee0eee0eee0000000000000000003d0000000000000000000000000000042d752f02ad0eef0ee8003d003d00000156001c0001001d0000000100010eeb0007000a000000000000000035b1
WFI t=142726 a=-3656,-759,1925 g=-2,-2,-4
WFI t=142727 a=-3656,-760,1934 g=-3,-3,-4
WFI t=142751 a=-3656,-756,1922 g=-4,-1,-6
WFI t=142801 a=-3648,-765,1940 g=2,-2,-5
WFI t=142851 a=-3656,-769,1936 g=-6,-2,-4
WFI t=142901 a=-3665,-761,1932 g=-5,-2,-4
WFI t=142951 a=-3668,-764,1933 g=-1,-1,-4
WFI t=143001 a=-3662,-762,1930 g=-1,-2,-3
WFI t=143051 a=-3647,-754,1925 g=-2,-1,-4
WFI t=143101 a=-3661,-762,1920 g=-2,-3,-4
WFI t=143151 a=-3658,-771,1928 g=-4,0,-5
WFI t=143201 a=-3663,-770,1936 g=0,-1,-4
WFI t=143251 a=-3660,-764,1921 g=0,0,-4
WFI t=143301 a=-3653,-760,1932 g=-4,-2,-4
WFI t=143351 a=-3647,-760,1935 g=-4,-2,-4
WFI t=143401 a=-3655,-759,1928 g=-3,-2,-4
WFI t=143451 a=-3660,-758,1942 g=-2,-1,-5
WFI t=143501 a=-3651,-761,1931 g=1,0,-4
WFI t=143551 a=-3658,-762,1932 g=0,-1,-5
WFI t=143601 a=-3651,-763,1923 g=-1,-1,-5
WFR t=143641 src=bms type=0x02 len=129 data=d2037c0ee90ee80ee90ee80ee90ee80ee90ee90ee70ee80ee90eea0eed0eec0eed0eec0eed0eed0eee0eee0eee0eee0eef0eee0eed0eee0eee0eee0000000000000000003d0000000000000000000000000000042d752f02ad0eef0ee7003d003d00000156001c0001001d0000000100010eeb0008000a000000000000000081ea
WFI t=143699 a=-3654,-768,1944 g=0,-2,-5
WFI t=143701 a=-3660,-752,1928 g=2,0,-3
WFI t=143751 a=-3647,-755,1926 g=-6,-2,-5
WFI t=143801 a=-3656,-768,1936 g=-7,-3,-5
WFI t=143851 a=-3649,-771,1928 g=0,-1,-4
WFI t=143901 a=-3653,-761,1935 g=-5,-2,-5
WFI t=143951 a=-3655,-760,1927 g=-6,-1,-4
WFI t=144002 a=-3659,-771,1915 g=-1,-2,-3
WFI t=144051 a=-3666,-763,1928 g=-2,-1,-4
WFI t=144101 a=-3656,-768,1934 g=-2,-4,-5
WFI t=144151 a=-3660,-761,1922 g=-3,-2,-5
WFI t=144201 a=-3651,-767,1941 g=-7,-2,-5
WFI t=144251 a=-3660,-768,1929 g=-6,-4,-5
WFI t=144301 a=-3650,-766,1933 g=-4,-1,-4
WFI t=144351 a=-3655,-756,1927 g=0,-1,-5
WFI t=144401 a=-3659,-770,1933 g=-3,-2,-3
WFI t=144488 a=-3654,-770,1935 g=-3,-2,-3
WFI t=144569 a=-3658,-768,1940 g=-2,0,-4
WFI t=144571 a=-3658,-758,1946 g=-2,-1,-3
WFI t=144710 a=-3661,-773,1934 g=-3,-1,-4
WFI t=144726 a=-3662,-777,1922 g=-8,-2,-6
WFI t=144728 a=-3662,-777,1922 g=-8,-2,-6
WFI t=144751 a=-3665,-764,1932 g=-3,-2,-4
WFI t=144801 a=-3669,-763,1939 g=-1,-2,-4
WFI t=144851 a=-3650,-759,1938 g=-3,-3,-5
WFI t=144901 a=-3645,-759,1928 g=0,-1,-5
WFR t=144941 src=bms type=0x02 len=129 data=d2037c0ee90ee80ee90ee80ee90ee80ee90ee90ee70ee80ee90ee90eec0eed0eed0eec0eed0eed0eee0eee0eee0eee0eef0eee0eed0eee0eee0eee0000000000000000003d0000000000000000000000000000042d752e02ad0eef0ee7003d003d00000156001c0001001d0000000100010eeb00080015000000000000000062d1
WFI t=144951 a=-3645,-758,1934 g=-4,-1,-5
WFI t=145001 a=-3652,-759,1918 g=-3,-2,-4
WFI t=145051 a=-3656,-766,1933 g=-1,-1,-4
WFI t=145101 a=-3655,-759,1929 g=-5,-1,-4
WFI t=145151 a=-3664,-765,1944 g=1,-1,-3
WFI t=145201 a=-3656,-765,1925 g=-4,0,-5
WFI t=145251 a=-3651,-761,1926 g=-2,1,-5
WFI t=145301 a=-3655,-771,1920 g=-1,0,-5
WFI t=145351 a=-3650,-771,1921 g=0,-3,-4
WFI t=145401 a=-3638,-759,1918 g=-2,-1,-4
WFI t=145451 a=-3659,-759,1916 g=-1,-2,-3
WFI t=145501 a=-3665,-775,1917 g=-2,-2,-5
WFI t=145551 a=-3662,-749,1923 g=-3,-3,-5
WFI t=145601 a=-3659,-762,1923 g=1,-1,-4
WFI t=145651 a=-3657,-757,1931 g=0,-2,-2
WFI t=145701 a=-3653,-751,1935 g=-5,-4,-5
WFI t=145751 a=-3650,-757,1935 g=-1,-2,-4
WFI t=145802 a=-3661,-760,1916 g=-8,-2,-3
WFR t=145841 src=bms type=0x02 len=129 data=d2037c0ee90ee80ee90ee90ee90ee80ee90ee90ee70ee80ee90ee90eed0eec0eed0eeb0eed0eed0eee0eee0eee0eee0eee0eef0eec0eee0eee0eee0000000000000000003d0000000000000000000000000000042d752f02ad0eef0ee7003d003d00000156001c0001001d0000000100010eeb0008000a0000000000000000e2f3
WFI t=145851 a=-3645,-763,1924 g=-6,-1,-5
WFI t=145901 a=-3658,-757,1926 g=-1,1,-5
WFI t=145951 a=-3647,-754,1935 g=-4,-1,-5
WFI t=146001 a=-3669,-755,1934 g=-6,-3,-3
WFI t=146051 a=-3658,-771,1916 g=-8,-3,-3
WFI t=146101 a=-3660,-764,1922 g=2,0,-6
WFI t=146151 a=-3659,-765,1929 g=-1,1,-6
WFI t=146201 a=-3655,-770,1940 g=-1,0,-4
WFI t=146251 a=-3658,-769,1911 g=-4,-2,-3
WFI t=146301 a=-3658,-767,1926 g=-3,-4,-4
WFI t=146351 a=-3655,-768,1933 g=1,-1,-5
WFI t=146401 a=-3639,-756,1930 g=-2,-3,-6
WFI t=146451 a=-3661,-757,1934 g=-3,-1,-4
WFI t=146501 a=-3655,-761,1918 g=-2,-3,-2
WFI t=146551 a=-3665,-764,1915 g=2,-1,-4
WFI t=146601 a=-3642,-775,1924 g=5,-1,-5
WFI t=146737 a=-3652,-758,1927 g=-5,-1,-4
WFI t=146741 a=-3647,-758,1926 g=-7,-2,-4
WFI t=146751 a=-3659,-763,1933 g=-1,-2,-4
WFI t=146801 a=-3662,-762,1930 g=-2,0,-5
WFR t=146841 src=bms type=0x02 len=129 data=d2037c0ee90ee80ee90ee90ee90ee80ee90ee90ee80ee90ee90eea0eec0eec0eed0eec0eed0eed0eee0eee0eee0eee0eef0eee0eed0eee0eee0eee0000000000000000003d0000000000000000000000000000042d752e02ad0eef0ee8003d003d00000156001c0001001d0000000100010eeb000700150000000000000000b9c8
WFI t=146851 a=-3651,-755,1925 g=0,-1,-4
WFI t=146901 a=-3644,-771,1927 g=-3,-2,-3
WFI t=146951 a=-3658,-760,1920 g=-3,1,-4
WFI t=147001 a=-3658,-759,1917 g=3,-1,-5
WFI t=147051 a=-3659,-765,1932 g=-4,-1,-4
WFI t=147101 a=-3650,-755,1932 g=-4,-2,-3
WFI t=147151 a=-3653,-761,1935 g=-5,-2,-4
WFI t=147201 a=-3641,-771,1921 g=0,-3,-6
WFI t=147251 a=-3645,-753,1924 g=1,-1,-6
WFI t=147301 a=-3654,-771,1927 g=-2,0,-5
WFI t=147351 a=-3645,-757,1916 g=-3,-1,-4
WFT t=147365 batt_mv=4182 rssi_mcu=0 rssi_bms=-86 mcu=0 bms=115 dropped=0
WFI t=147401 a=-3659,-759,1918 g=-1,0,-4
WFI t=147451 a=-3659,-763,1932 g=-3,-2,-5
WFI t=147501 a=-3656,-759,1932 g=0,-2,-5
WFI t=147551 a=-3664,-759,1918 g=-2,-1,-4
WFI t=147601 a=-3663,-768,1922 g=-5,-3,-4
WFI t=147651 a=-3660,-770,1925 g=-1,-1,-5
WFI t=147701 a=-3656,-763,1930 g=-2,-1,-4
WFI t=147751 a=-3653,-758,1931 g=-1,-2,-4
WFI t=147801 a=-3655,-757,1930 g=-6,-3,-4
WFR t=147841 src=bms type=0x02 len=129 data=d2037c0ee90ee80ee90ee90ee90ee80ee90ee90ee70ee80ee90ee90eed0eec0eed0eec0eed0eed0eee0eee0eed0eee0eef0eee0eed0eee0eee0eee0000000000000000003d0000000000000000000000000000042d752f02ad0eef0ee7003d003d00000156001c0001001d0000000100010eeb0008000a0000000000000000aefd
WFI t=147851 a=-3657,-757,1926 g=-3,-2,-4
WFI t=147901 a=-3652,-757,1928 g=-3,-2,-5
WFI t=147951 a=-3661,-765,1936 g=-2,-1,-4
WFI t=148001 a=-3662,-753,1925 g=-4,0,-4
WFI t=148051 a=-3652,-760,1927 g=3,0,-5
WFI t=148101 a=-3654,-769,1931 g=1,-1,-3
WFI t=148151 a=-3652,-762,1921 g=-1,-2,-4
WFI t=148201 a=-3651,-758,1925 g=-3,-2,-4
WFI t=148251 a=-3663,-758,1920 g=-5,-1,-4
WFI t=148301 a=-3661,-761,1928 g=-2,-2,-5
WFI t=148351 a=-3652,-751,1927 g=-1,-1,-4
WFI t=148401 a=-3650,-773,1931 g=1,-1,-4
WFI t=148451 a=-3646,-760,1930 g=1,-2,-4
WFI t=148501 a=-3663,-768,1918 g=-4,-3,-5
WFI t=148551 a=-3656,-762,1930 g=2,-1,-4
WFI t=148601 a=-3666,-763,1925 g=-3,-2,-3
WFI t=148739 a=-3653,-768,1929 g=-2,-1,-5
WFI t=148740 a=-3640,-761,1922 g=-4,-3,-5
WFI t=148751 a=-3654,-765,1929 g=-7,-3,-4
WFI t=148801 a=-3650,-775,1933 g=-4,-2,-5
WFI t=148851 a=-3645,-767,1931 g=1,-2,-4
WFI t=148901 a=-3649,-764,1934 g=-2,-1,-4
WFI t=148951 a=-3665,-768,1930 g=-1,-2,-4
WFI t=149001 a=-3663,-760,1927 g=-1,-2,-5
WFI t=149051 a=-3656,-768,1924 g=-5,0,-4
WFI t=149101 a=-3648,-774,1937 g=-2,-2,-5
WFI t=149151 a=-3650,-777,1926 g=-4,-2,-4
WFI t=149201 a=-3655,-768,1916 g=-2,-2,-4
WFI t=149251 a=-3640,-753,1925 g=-5,-3,-3
WFI t=149301 a=-3659,-763,1928 g=-5,-2,-5
WFI t=149351 a=-3657,-759,1930 g=-4,-1,-5
WFI t=149401 a=-3656,-757,1922 g=-4,-1,-4
WFI t=149451 a=-3648,-757,1931 g=-3,-2,-5
WFI t=149501 a=-3663,-759,1933 g=-3,-2,-4
WFI t=149551 a=-3651,-750,1932 g=-2,-3,-5
WFI t=149601 a=-3657,-768,1940 g=-1,-2,-6
WFI t=149651 a=-3661,-771,1930 g=-2,-1,-4
WFI t=149701 a=-3665,-751,1930 g=1,-3,-4
WFI t=149751 a=-3661,-769,1929 g=-3,-2,-5
WFI t=149801 a=-3651,-761,1924 g=-3,-2,-5
WFI t=149851 a=-3659,-744,1933 g=4,-2,-4
WFI t=149901 a=-3645,-764,1939 g=-8,-2,-5
WFI t=149951 a=-3662,-759,1928 g=0,0,-3
WFI t=150001 a=-3653,-771,1923 g=-5,-3,-4
WFI t=150051 a=-3656,-759,1926 g=-3,-3,-4
WFI t=150101 a=-3667,-767,1925 g=-2,-1,-4
WFI t=150151 a=-3654,-764,1937 g=-5,0,-3
WFI t=150201 a=-3656,-752,1929 g=-2,-2,-5
WFI t=150251 a=-3651,-759,1931 g=-1,-1,-4
WFI t=150301 a=-3649,-757,1924 g=-3,0,-4
WFI t=150351 a=-3644,-763,1928 g=0,-2,-3
WFI t=150401 a=-3652,-771,1937 g=-4,-1,-4
WFI t=150451 a=-3654,-756,1936 g=1,-1,-5
WFI t=150501 a=-3644,-766,1937 g=-4,-4,-5
WFI t=150551 a=-3650,-755,1935 g=0,-1,-3
WFI t=150601 a=-3647,-762,1931 g=-4,-3,-4
WFI t=150661 a=-3661,-759,1935 g=-3,-1,-5
WFI t=150701 a=-3641,-762,1920 g=1,0,-3
WFI t=150821 a=-3649,-763,1915 g=-3,-4,-3
WFI t=150823 a=-3661,-758,1924 g=-1,-1,-4
WFI t=150851 a=-3664,-760,1918 g=-3,-2,-4
WFI t=150901 a=-3662,-755,1935 g=-2,-3,-4
WFI t=150951 a=-3672,-770,1930 g=-4,-1,-4
WFI t=151001 a=-3654,-772,1935 g=-2,-1,-2
WFI t=151051 a=-3658,-758,1930 g=-4,-3,-4
WFI t=151101 a=-3653,-760,1941 g=-6,-3,-5
WFI t=151151 a=-3661,-761,1934 g=-2,-2,-6
WFI t=151201 a=-3650,-765,1937 g=1,-3,-4
WFI t=151251 a=-3652,-759,1921 g=-2,0,-4
WFI t=151301 a=-3661,-759,1925 g=-4,-2,-5
WFI t=151351 a=-3658,-762,1928 g=1,0,-5
WFI t=151401 a=-3654,-763,1926 g=-2,-2,-4
WFI t=151451 a=-3656,-757,1937 g=-2,-2,-3
WFI t=151501 a=-3664,-761,1938 g=-2,-2,-5
WFI t=151551 a=-3654,-765,1922 g=-2,-2,-5
WFI t=151601 a=-3652,-762,1922 g=-3,-2,-4
WFI t=151651 a=-3668,-772,1935 g=-3,-2,-4
WFI t=151701 a=-3655,-764,1939 g=-5,-3,-5
WFI t=151751 a=-3657,-751,1933 g=-7,-4,-5
WFI t=151801 a=-3663,-758,1921 g=-4,-3,-4
WFI t=151851 a=-3660,-762,1935 g=0,-1,-3
WFI t=151901 a=-3657,-759,1935 g=-3,-2,-4
WFI t=151951 a=-3653,-760,1932 g=0,-2,-5
WFI t=152001 a=-3656,-767,1942 g=-6,-1,-4
WFI t=152051 a=-3654,-759,1933 g=-4,-2,-4
WFI t=152101 a=-3647,-760,1941 g=-1,-1,-3
WFI t=152151 a=-3653,-767,1925 g=-1,-1,-4
WFI t=152201 a=-3657,-756,1935 g=-4,-2,-5
WFI t=152251 a=-3663,-747,1933 g=-3,-2,-5
WFI t=152301 a=-3657,-764,1939 g=-1,-2,-4
WFI t=152351 a=-3650,-762,1918 g=-3,-2,-4
WFI t=152401 a=-3650,-755,1939 g=-4,-1,-5
WFT t=152411 batt_mv=4180 rssi_mcu=0 rssi_bms=-80 mcu=0 bms=116 dropped=0
WFI t=152451 a=-3654,-753,1937 g=-4,0,-3
WFI t=152501 a=-3660,-760,1929 g=-4,-2,-4
WFI t=152552 a=-3653,-759,1931 g=-1,-2,-5
WFI t=152601 a=-3671,-760,1931 g=0,-2,-4
WFI t=152662 a=-3662,-763,1918 g=-3,-1,-3
WFI t=152752 a=-3654,-770,1935 g=-9,-3,-4
WFI t=152754 a=-3646,-751,1928 g=-1,0,-5
WFI t=152801 a=-3663,-755,1935 g=-2,-2,-5
WFI t=152851 a=-3660,-753,1929 g=0,-2,-4
WFI t=152901 a=-3643,-756,1930 g=-4,-3,-3
WFI t=152951 a=-3654,-766,1939 g=0,-3,-4
WFI t=153001 a=-3643,-761,1936 g=-3,1,-5
WFI t=153056 a=-3649,-764,1932 g=-8,-2,-5
WFI t=153101 a=-3665,-759,1931 g=-5,-3,-4
WFI t=153151 a=-3653,-760,1939 g=-3,-2,-3
WFI t=153201 a=-3661,-773,1933 g=-2,-1,-5
WFI t=153251 a=-3648,-761,1934 g=1,-2,-6
WFI t=153301 a=-3660,-767,1929 g=-4,-2,-4
WFI t=153351 a=-3653,-763,1931 g=-1,-1,-4
WFI t=153401 a=-3655,-764,1920 g=-3,-1,-4
WFI t=153451 a=-3655,-745,1926 g=-2,0,-4
WFI t=153501 a=-3646,-768,1926 g=0,-1,-4
WFI t=153551 a=-3659,-759,1929 g=0,0,-2
WFI t=153601 a=-3652,-764,1928 g=0,-1,-4
WFI t=153651 a=-3650,-753,1923 g=-4,-1,-5
WFI t=153701 a=-3660,-761,1938 g=0,-1,-4
WFI t=153751 a=-3640,-763,1927 g=-4,-1,-4
WFI t=153801 a=-3653,-749,1922 g=-4,-2,-4
WFI t=153851 a=-3665,-756,1932 g=-4,-1,-4
WFI t=153901 a=-3647,-759,1946 g=-5,-1,-7
WFI t=153951 a=-3654,-753,1942 g=0,-1,-6
WFI t=154001 a=-3659,-756,1939 g=-3,-2,-4
WFI t=154051 a=-3657,-760,1927 g=0,1,-3
WFI t=154101 a=-3656,-764,1931 g=-7,-3,-5
WFI t=154151 a=-3654,-762,1939 g=-2,0,-4
WFI t=154201 a=-3653,-756,1926 g=-5,1,-4
WFI t=154251 a=-3641,-764,1933 g=-4,-2,-3
WFI t=154301 a=-3662,-759,1940 g=-6,-3,-6
WFI t=154351 a=-3651,-748,1930 g=-6,-2,-6
WFI t=154401 a=-3652,-764,1914 g=-3,-2,-4
WFI t=154451 a=-3648,-755,1921 g=-1,-1,-4
WFI t=154501 a=-3647,-762,1939 g=-4,-2,-5
WFI t=154551 a=-3650,-761,1935 g=-4,-2,-4
WFI t=154601 a=-3658,-761,1925 g=0,-2,-4
WFI t=154750 a=-3659,-765,1938 g=-1,-1,-4
WFI t=154832 a=-3646,-759,1933 g=-2,-1,-4
WFI t=154916 a=-3650,-771,1923 g=-3,-2,-5
WFI t=154919 a=-3650,-769,1928 g=-2,-1,-4
WFI t=154922 a=-3655,-768,1935 g=-1,-2,-4
WFI t=154924 a=-3655,-768,1935 g=-1,-2,-4
WFI t=154951 a=-3663,-762,1932 g=-5,-3,-4
WFI t=155001 a=-3655,-766,1932 g=-6,-1,-4
WFI t=155051 a=-3655,-761,1932 g=0,0,-4
WFI t=155101 a=-3651,-773,1923 g=-3,-1,-5
WFI t=155151 a=-3646,-766,1928 g=1,-1,-5
WFI t=155201 a=-3659,-756,1927 g=0,-2,-4
WFI t=155251 a=-3657,-758,1935 g=-6,-1,-5
WFI t=155301 a=-3639,-764,1931 g=-4,-3,-5
WFI t=155351 a=-3657,-756,1931 g=0,-1,-4
WFI t=155401 a=-3654,-776,1939 g=-3,-1,-4
WFI t=155451 a=-3652,-756,1938 g=-1,-2,-3
WFI t=155501 a=-3656,-760,1942 g=0,-1,-4
WFI t=155551 a=-3651,-769,1933 g=-2,-2,-3
WFI t=155601 a=-3657,-751,1929 g=1,-1,-4
WFI t=155651 a=-3661,-761,1937 g=-2,-1,-3
WFI t=155701 a=-3661,-765,1936 g=-3,-2,-3
WFI t=155751 a=-3659,-770,1927 g=-1,-1,-4
WFI t=155801 a=-3645,-762,1939 g=2,-1,-4
WFI t=155851 a=-3663,-764,1936 g=-2,-1,-4
WFI t=155901 a=-3664,-759,1932 g=-1,-2,-4
WFI t=155951 a=-3657,-771,1934 g=-1,-1,-5
WFI t=156001 a=-3646,-759,1927 g=-3,-2,-5
WFI t=156051 a=-3646,-762,1938 g=-3,-2,-4
WFI t=156101 a=-3654,-758,1939 g=-6,-1,-5
WFI t=156151 a=-3645,-765,1937 g=-6,-2,-4
WFI t=156201 a=-3648,-760,1920 g=-7,-3,-4
WFI t=156251 a=-3666,-765,1935 g=-6,1,-4
WFI t=156301 a=-3648,-776,1934 g=0,-2,-4
WFI t=156351 a=-3652,-752,1918 g=-4,-1,-3
WFI t=156401 a=-3662,-756,1930 g=0,-2,-4
WFI t=156451 a=-3652,-756,1937 g=-5,-3,-4
WFI t=156501 a=-3653,-766,1926 g=-3,-1,-5
WFI t=156551 a=-3655,-767,1930 g=-6,-3,-3
WFI t=156601 a=-3663,-758,1929 g=-5,-2,-3
WFI t=156687 a=-3652,-765,1931 g=-2,-1,-5
WFI t=156768 a=-3654,-768,1940 g=-3,-2,-5
WFI t=156769 a=-3649,-760,1929 g=-3,-4,-5
WFI t=156801 a=-3637,-755,1925 g=-3,-1,-5
WFI t=156851 a=-3651,-767,1926 g=-8,-3,-5
WFI t=156901 a=-3649,-763,1927 g=-2,-2,-4
WFI t=156951 a=-3648,-764,1933 g=-1,-1,-5
WFI t=157001 a=-3647,-767,1931 g=-2,-2,-4
WFI t=157051 a=-3661,-766,1932 g=-4,-1,-4
WFI t=157101 a=-3645,-763,1928 g=-2,-2,-4
WFI t=157151 a=-3659,-756,1926 g=-1,-1,-4
WFI t=157201 a=-3662,-762,1931 g=-4,-1,-5
WFI t=157251 a=-3660,-764,1940 g=0,-1,-4
WFI t=157301 a=-3646,-768,1927 g=-3,-1,-4
WFI t=157351 a=-3655,-750,1933 g=-3,-1,-5
WFI t=157401 a=-3654,-747,1918 g=-1,-2,-4
WFI t=157451 a=-3642,-768,1934 g=-4,-2,-4
WFI t=157501 a=-3650,-762,1915 g=-1,-2,-4
WFI t=157551 a=-3660,-764,1932 g=-1,-1,-3
WFT t=157574 batt_mv=4180 rssi_mcu=0 rssi_bms=-83 mcu=0 bms=116 dropped=0
WFI t=157601 a=-3644,-773,1936 g=-1,-2,-4
WFI t=157651 a=-3644,-754,1930 g=-4,-2,-3
WFI t=157701 a=-3658,-768,1920 g=-2,-2,-4
WFI t=157751 a=-3649,-759,1926 g=-3,-1,-4
WFI t=157801 a=-3665,-758,1930 g=-2,-3,-3
WFI t=157851 a=-3653,-763,1932 g=2,0,-5
WFI t=157901 a=-3649,-777,1931 g=0,-1,-3
WFI t=157951 a=-3648,-755,1924 g=-3,-3,-4
WFE t=157980 bms stale, no frame for 10137 ms, dropping link
WFE t=157993 bms link down (stale) after 28 answers in 37938 ms, writes=38 err=0 silent=10 bytes=3612
WFI t=158001 a=-3652,-749,1935 g=1,-1,-4
WFE t=158041 bms disconnected reason=534
WFI t=158051 a=-3662,-760,1936 g=-6,-4,-5
WFI t=158101 a=-3642,-758,1932 g=-6,-2,-4
WFI t=158151 a=-3645,-761,1933 g=1,-1,-5
WFI t=158201 a=-3650,-753,1929 g=1,0,-4
WFI t=158251 a=-3651,-762,1927 g=-1,-1,-4
WFI t=158301 a=-3649,-755,1936 g=-4,1,-4
WFI t=158351 a=-3652,-762,1926 g=-7,-3,-3
WFI t=158401 a=-3659,-764,1925 g=-4,-4,-5
WFI t=158451 a=-3656,-752,1922 g=-4,-1,-5
WFI t=158501 a=-3646,-770,1936 g=-1,0,-4
WFI t=158551 a=-3656,-754,1929 g=-4,-1,-5
WFI t=158601 a=-3667,-763,1932 g=-4,-3,-4
WFI t=158695 a=-3652,-763,1922 g=-1,-2,-4
WFI t=158781 a=-3663,-762,1926 g=-4,-4,-5
WFI t=158783 a=-3645,-753,1928 g=-3,-1,-5
WFI t=158801 a=-3661,-765,1917 g=-4,-3,-5
WFI t=158851 a=-3657,-771,1920 g=-3,-3,-6
WFI t=158901 a=-3655,-763,1917 g=-3,0,-5
WFI t=158951 a=-3657,-758,1924 g=-1,-1,-4
WFI t=159001 a=-3637,-765,1923 g=-1,-1,-3
WFI t=159051 a=-3660,-759,1929 g=-2,-2,-5
WFI t=159101 a=-3657,-768,1929 g=-5,-2,-5
WFI t=159151 a=-3660,-762,1921 g=-1,-2,-3
WFI t=159201 a=-3657,-762,1928 g=-4,-2,-4
WFI t=159251 a=-3658,-765,1930 g=1,0,-4
WFI t=159301 a=-3654,-756,1927 g=-2,-1,-5
WFI t=159351 a=-3651,-761,1936 g=-9,-2,-5
WFI t=159401 a=-3659,-762,1938 g=-5,-1,-3
WFI t=159451 a=-3653,-753,1927 g=-2,0,-4
WFI t=159501 a=-3650,-756,1932 g=-2,-1,-5
WFI t=159551 a=-3639,-757,1920 g=-5,-2,-6
WFI t=159601 a=-3652,-768,1932 g=-1,0,-3
WFI t=159651 a=-3653,-757,1926 g=-5,-1,-3
WFI t=159701 a=-3643,-755,1934 g=-1,-2,-4
WFI t=159751 a=-3647,-762,1929 g=-8,-2,-5
WFI t=159801 a=-3641,-761,1923 g=-7,-3,-3
WFI t=159851 a=-3655,-758,1932 g=-1,-2,-4
WFI t=159901 a=-3655,-772,1927 g=0,-1,-5
WFI t=159951 a=-3661,-761,1936 g=-7,-2,-5
WFI t=160001 a=-3649,-770,1930 g=-3,-2,-4
WFI t=160051 a=-3654,-760,1934 g=-7,-1,-5
WFI t=160101 a=-3657,-763,1923 g=-5,-3,-5
WFE t=160142 bms subscribed val=0x0010 cccd=0x0011 ctrl=0x0014 mtu=512 regs=62
WFE t=160143 bms conn itvl=80 latency=0 timeout=600
WFI t=160151 a=-3655,-763,1922 g=-2,-2,-5
WFE t=160172 bms conn update force itvl=80 rc=0
WFE t=160173 bms reconnected (attempt 4)
WFE t=160190 bms mtu event mtu=512
WFI t=160201 a=-3653,-770,1934 g=-1,-1,-5
WFI t=160251 a=-3646,-764,1930 g=-4,-1,-3
WFI t=160301 a=-3659,-756,1936 g=-3,-1,-5
WFE t=160342 bms conn update req itvl=12-12 latency=0 timeout=400 via=l2cap
WFI t=160351 a=-3658,-771,1927 g=-9,-2,-5
WFI t=160401 a=-3652,-764,1931 g=0,0,-5
WFR t=160442 src=bms type=0x02 len=129 data=d2037c0ee90ee80ee90ee90ee90ee80ee90ee90ee70ee80ee90ee90eec0eec0eed0eeb0eed0eed0eee0eee0eed0eee0eee0eee0eec0eee0eed0eee0000000000000000003d0000000000000000000000000000042d753002ad0eee0ee7003d003d00000156001c0001001d0000000100010eeb0007000000000000000000006d97
WFI t=160451 a=-3634,-744,1929 g=-1,0,-4
WFI t=160501 a=-3652,-765,1929 g=-6,-1,-5
WFI t=160551 a=-3655,-766,1929 g=-4,-2,-4
WFI t=160601 a=-3663,-754,1934 g=-1,-2,-5
WFI t=160651 a=-3659,-767,1941 g=-6,-2,-5
WFI t=160711 a=-3655,-760,1929 g=-3,0,-4
WFI t=160800 a=-3652,-776,1929 g=-5,-1,-5
WFI t=160803 a=-3655,-759,1925 g=-1,-1,-4
WFE t=160842 bms conn update status=0 itvl=80 latency=0 timeout=600
WFI t=160851 a=-3657,-772,1930 g=-5,-2,-5
WFI t=160901 a=-3658,-774,1937 g=-5,-2,-4
WFI t=160951 a=-3654,-756,1931 g=-4,-1,-3
WFI t=161001 a=-3657,-765,1923 g=-3,0,-3
WFI t=161051 a=-3657,-762,1921 g=-1,-1,-5
WFI t=161101 a=-3657,-769,1931 g=-1,0,-4
WFI t=161151 a=-3664,-768,1927 g=-3,-3,-5
WFI t=161201 a=-3650,-757,1923 g=-3,-1,-4
WFI t=161251 a=-3644,-763,1931 g=-1,-3,-4
WFI t=161301 a=-3665,-763,1934 g=-6,-3,-4
WFI t=161351 a=-3654,-761,1923 g=-7,-2,-5
WFI t=161401 a=-3644,-757,1929 g=-5,-1,-4
WFI t=161451 a=-3659,-755,1940 g=-1,-1,-4
WFI t=161501 a=-3649,-762,1926 g=0,0,-5
WFR t=161542 src=bms type=0x02 len=129 data=d2037c0ee90ee80ee90ee80ee90ee80ee90ee90ee80ee80ee90ee90eec0eec0eed0eeb0eed0eed0eee0eee0eee0eee0eef0eee0eec0eee0eee0eee0000000000000000003d0000000000000000000000000000042d752f02ad0eef0ee8003d003d00000156001c0001001d0000000100010eeb0007000a00000000000000005c00
WFI t=161551 a=-3646,-754,1927 g=-1,0,-4
WFI t=161601 a=-3648,-766,1936 g=-8,-2,-5
WFI t=161651 a=-3658,-762,1936 g=0,-1,-4
WFI t=161701 a=-3642,-765,1928 g=-1,-1,-4
WFI t=161751 a=-3664,-752,1942 g=1,-1,-3
WFI t=161801 a=-3644,-763,1930 g=0,-3,-5
WFI t=161851 a=-3665,-772,1923 g=1,0,-6
WFI t=161901 a=-3645,-762,1934 g=-4,0,-3
WFI t=161951 a=-3645,-767,1927 g=4,0,-3
WFI t=162001 a=-3653,-758,1937 g=-5,-1,-4
WFI t=162051 a=-3661,-759,1931 g=-5,-1,-4
WFI t=162101 a=-3663,-769,1926 g=0,0,-4
WFI t=162151 a=-3661,-760,1931 g=-3,1,-5
WFI t=162201 a=-3651,-768,1926 g=0,0,-4
WFI t=162252 a=-3647,-760,1924 g=-6,-2,-3
WFI t=162301 a=-3646,-757,1935 g=-3,-2,-4
WFI t=162370 a=-3662,-768,1932 g=1,-1,-3
WFI t=162401 a=-3659,-758,1930 g=-1,-1,-5
WFI t=162451 a=-3651,-751,1930 g=-8,-1,-4
WFI t=162501 a=-3645,-769,1923 g=-10,-1,-5
WFI t=162551 a=-3637,-759,1938 g=-6,-1,-6
WFI t=162601 a=-3640,-760,1934 g=-5,-3,-4
WFR t=162642 src=bms type=0x02 len=129 data=d2037c0ee90ee80ee90ee90ee90ee80ee90ee90ee70ee80ee90ee90eec0eec0eed0eec0eed0eed0eee0eee0eee0eee0eee0eee0eec0eee0eee0eee0000000000000000003d0000000000000000000000000000042d752f02ad0eee0ee7003d003d00000156001c0001001d0000000100010eeb0007000a000000000000000010ea
WFI t=162652 a=-3656,-772,1942 g=-1,-2,-4
WFT t=162652 batt_mv=4182 rssi_mcu=0 rssi_bms=-81 mcu=0 bms=119 dropped=0
WFI t=162714 a=-3651,-750,1941 g=-3,0,-3
WFI t=162752 a=-3658,-763,1934 g=-5,-1,-3
WFI t=162917 a=-3671,-757,1936 g=-2,-2,-3
WFI t=162932 a=-3667,-761,1929 g=-4,-1,-5
WFI t=163021 a=-3657,-761,1926 g=-2,0,-4
WFI t=163023 a=-3661,-750,1921 g=-1,-2,-5
WFI t=163025 a=-3661,-750,1921 g=-1,-2,-5
WFI t=163051 a=-3646,-763,1925 g=-2,0,-3
WFI t=163101 a=-3668,-768,1931 g=-3,-3,-4
WFI t=163151 a=-3657,-761,1929 g=-3,-1,-6
WFI t=163201 a=-3656,-762,1920 g=-2,-3,-5
WFI t=163251 a=-3653,-760,1933 g=-3,0,-5
WFI t=163301 a=-3648,-770,1918 g=-8,-3,-4
WFI t=163351 a=-3657,-756,1925 g=-1,-2,-4
WFI t=163401 a=-3654,-759,1931 g=-4,-2,-4
WFE t=163443 bms conn update req itvl=15-15 latency=0 timeout=400 via=l2cap
WFI t=163451 a=-3660,-774,1935 g=4,-2,-4
WFI t=163501 a=-3656,-762,1933 g=-4,-2,-4
WFR t=163542 src=bms type=0x02 len=129 data=d2037c0ee90ee80ee90ee90ee90ee80ee90ee90ee70ee80ee90ee90eec0eed0eed0eeb0eed0eed0eee0eee0eed0eee0eee0eee0eec0eee0eee0eee0000000000000000003d0000000000000000000000000000042d752f02ad0eee0ee7003d003d00000156001c0001001d0000000100010eeb0007000a00000000000000000a14
WFI t=163551 a=-3671,-751,1948 g=-5,-1,-4
WFI t=163601 a=-3648,-762,1931 g=-3,-2,-6
WFI t=163651 a=-3653,-757,1922 g=-5,-1,-6
WFI t=163701 a=-3650,-750,1944 g=0,-3,-4
WFI t=163751 a=-3647,-772,1930 g=0,-2,-4
WFI t=163801 a=-3655,-761,1928 g=-3,-1,-4
WFI t=163852 a=-3638,-765,1927 g=-1,0,-5
WFI t=163901 a=-3648,-761,1929 g=-2,-1,-5
WFI t=163951 a=-3652,-760,1929 g=-8,-4,-4
WFI t=164001 a=-3661,-753,1929 g=-1,-2,-4
WFI t=164051 a=-3640,-768,1918 g=0,-1,-4
WFI t=164101 a=-3649,-751,1922 g=-6,-3,-5
WFI t=164151 a=-3646,-760,1925 g=1,-2,-4
WFI t=164201 a=-3656,-770,1937 g=-1,-1,-4
WFI t=164251 a=-3661,-758,1926 g=-1,0,-4
WFI t=164301 a=-3662,-771,1931 g=-7,-4,-5
WFI t=164351 a=-3658,-765,1939 g=0,0,-3
WFI t=164401 a=-3652,-762,1926 g=-2,0,-3
WFI t=164451 a=-3657,-772,1928 g=-6,-2,-4
WFI t=164501 a=-3655,-751,1922 g=1,-1,-4
WFI t=164551 a=-3646,-770,1929 g=-2,-1,-4
WFI t=164601 a=-3659,-758,1936 g=-1,-2,-4
WFI t=164651 a=-3657,-756,1944 g=0,-1,-4
WFI t=164802 a=-3654,-756,1932 g=-2,-2,-6
WFI t=164818 a=-3657,-765,1940 g=-2,-2,-3
WFI t=164820 a=-3642,-760,1926 g=-4,-2,-4
WFR t=164842 src=bms type=0x02 len=129 data=d2037c0ee80ee80ee90ee80ee90ee80ee90ee90ee70ee80ee90ee90eec0eec0eed0eec0eed0eed0eee0eed0eee0eee0eee0eee0eec0eee0eee0eee0000000000000000003d0000000000000000000000000000042d752f02ad0eee0ee7003d003d00000156001c0001001d0000000100010eeb0007000a0000000000000000381c
WFI t=164851 a=-3654,-772,1933 g=-3,-1,-4
WFI t=164901 a=-3658,-757,1921 g=-4,-1,-5
WFI t=164951 a=-3653,-753,1941 g=-6,-3,-6
WFI t=165001 a=-3641,-766,1926 g=-3,-1,-3
WFI t=165051 a=-3655,-767,1935 g=-5,-3,-4
WFI t=165101 a=-3671,-768,1922 g=-5,-2,-6
WFI t=165151 a=-3659,-755,1925 g=0,-1,-4
WFI t=165201 a=-3638,-767,1939 g=-5,-3,-4
WFI t=165251 a=-3661,-759,1921 g=-4,-2,-5
WFI t=165301 a=-3656,-769,1936 g=-6,-1,-3
WFI t=165351 a=-3662,-758,1933 g=1,0,-4
WFI t=165401 a=-3656,-757,1941 g=-3,-3,-4
WFI t=165451 a=-3652,-769,1944 g=-4,-2,-4
WFI t=165501 a=-3658,-766,1928 g=-4,0,-4
WFI t=165551 a=-3662,-765,1931 g=-4,-2,-4
WFI t=165601 a=-3663,-766,1929 g=-2,0,-4
WFI t=165651 a=-3652,-757,1924 g=1,-2,-5
WFI t=165701 a=-3660,-765,1933 g=-4,-3,-4
WFR t=165742 src=bms type=0x02 len=129 data=d2037c0ee90ee80ee90ee90ee90ee80ee90ee90ee70ee80ee90eea0eec0eec0eed0eec0eed0eed0eee0eee0eed0eee0eee0eee0eec0eee0eee0eee0000000000000000003d0000000000000000000000000000042d752f02ad0eee0ee7003d003d00000156001c0001001d0000000100010eeb0007000a0000000000000000fcbe
WFI t=165751 a=-3654,-755,1932 g=-7,-2,-4
WFI t=165801 a=-3667,-753,1921 g=-1,-2,-4
WFI t=165851 a=-3648,-756,1932 g=-3,-3,-4
WFI t=165901 a=-3667,-752,1932 g=-4,-1,-3
WFI t=165951 a=-3670,-759,1934 g=-6,-2,-3
WFI t=166001 a=-3653,-750,1936 g=0,2,-4
WFI t=166051 a=-3657,-768,1929 g=-2,-1,-4
WFI t=166101 a=-3645,-755,1932 g=-4,-2,-4
WFI t=166151 a=-3660,-756,1930 g=0,0,-4
WFI t=166201 a=-3653,-763,1913 g=0,1,-3
WFI t=166251 a=-3661,-761,1933 g=2,-1,-5
WFI t=166301 a=-3641,-770,1934 g=-3,-1,-5
WFI t=166351 a=-3667,-764,1921 g=-5,-2,-5
WFI t=166401 a=-3646,-772,1918 g=1,0,-3
WFI t=166451 a=-3664,-765,1938 g=-2,0,-5
WFI t=166501 a=-3664,-763,1938 g=-6,-2,-5
WFI t=166551 a=-3661,-767,1941 g=-3,-4,-4
WFI t=166601 a=-3650,-755,1926 g=-5,-2,-4
WFI t=166651 a=-3664,-764,1938 g=-6,-1,-5
WFI t=166833 a=-3655,-755,1930 g=-6,-3,-5
WFI t=166834 a=-3646,-752,1930 g=-3,0,-5
WFI t=166837 a=-3656,-752,1932 g=-1,-1,-4
WFR t=166842 src=bms type=0x02 len=129 data=d2037c0ee90ee80ee90ee90ee90ee80ee90ee90ee70ee80ee90ee90eec0eec0eed0eec0eed0eed0eee0eee0eed0eee0eee0eee0eec0eee0eee0eee0000000000000000003d0000000000000000000000000000042d752e02ad0eee0ee7003d003d00000156001c0001001d0000000100010eeb000700150000000000000000ce45
WFI t=166851 a=-3646,-762,1929 g=-2,-1,-4
WFI t=166901 a=-3654,-770,1946 g=-3,-1,-5
WFI t=166951 a=-3647,-757,1928 g=1,0,-3
WFI t=167001 a=-3647,-763,1928 g=0,-1,-4
WFI t=167051 a=-3667,-747,1916 g=1,-1,-4
WFI t=167101 a=-3658,-760,1927 g=-3,-2,-5
WFI t=167151 a=-3654,-761,1926 g=0,0,-4
WFI t=167201 a=-3642,-772,1927 g=-1,-2,-6
WFI t=167251 a=-3656,-756,1932 g=-10,-2,-5
WFI t=167301 a=-3643,-763,1928 g=-3,-1,-4
WFI t=167351 a=-3645,-765,1922 g=2,-2,-5
WFI t=167401 a=-3661,-760,1934 g=-4,-1,-4
WFI t=167451 a=-3648,-757,1937 g=-1,-1,-4
WFI t=167501 a=-3665,-761,1928 g=-4,-2,-5
WFI t=167551 a=-3646,-759,1941 g=-5,-2,-5
WFI t=167601 a=-3658,-765,1932 g=-3,0,-4
WFI t=167651 a=-3656,-755,1930 g=-2,-2,-4
WFT t=167661 batt_mv=4180 rssi_mcu=0 rssi_bms=-80 mcu=0 bms=123 dropped=0
WFI t=167701 a=-3652,-758,1929 g=0,-1,-5
WFR t=167742 src=bms type=0x02 len=129 data=d2037c0ee90ee80ee90ee90ee90ee80ee90ee90ee70ee80ee90ee90eec0eec0eed0eeb0eed0eed0eee0eee0eed0eee0eef0eee0eed0eee0eee0eee0000000000000000003d0000000000000000000000000000042d752f02ad0eef0ee7003d003d00000156001c0001001d0000000100010eeb0008000a000000000000000030e1
WFI t=167751 a=-3653,-754,1927 g=-1,0,-4
WFI t=167801 a=-3665,-766,1924 g=-4,-3,-5
WFI t=167851 a=-3658,-753,1928 g=0,0,-4
WFI t=167901 a=-3643,-760,1924 g=-4,-3,-5
WFI t=167951 a=-3651,-760,1933 g=-7,-3,-5
WFI t=168001 a=-3646,-770,1930 g=-1,-1,-4
WFI t=168051 a=-3653,-769,1927 g=3,-2,-4
WFI t=168101 a=-3655,-760,1932 g=-6,-3,-4
WFI t=168151 a=-3658,-759,1935 g=0,-1,-3
WFI t=168201 a=-3666,-763,1928 g=0,-3,-4
WFI t=168251 a=-3654,-760,1928 g=-4,0,-5
WFI t=168301 a=-3655,-760,1930 g=-6,-1,-5
WFI t=168351 a=-3660,-763,1933 g=-2,-1,-4
WFI t=168401 a=-3655,-756,1935 g=-7,-1,-4
WFI t=168451 a=-3651,-762,1928 g=-1,-3,-5
WFI t=168501 a=-3653,-748,1927 g=-2,-1,-4
WFI t=168551 a=-3653,-759,1925 g=-2,-2,-4
WFI t=168601 a=-3650,-761,1931 g=-2,-1,-4
WFI t=168651 a=-3649,-772,1928 g=-2,2,-4
WFI t=168701 a=-3648,-755,1922 g=-5,-4,-4
WFI t=168834 a=-3653,-767,1916 g=-2,-1,-4
WFI t=168850 a=-3655,-758,1932 g=-3,-3,-4
WFR t=168851 src=bms type=0x02 len=129 data=d2037c0ee90ee80ee90ee90ee90ee80ee90ee90ee70ee80ee90ee90eec0eed0eed0eeb0eed0eed0eee0eee0eed0eee0eee0eee0eec0eee0eee0eee0000000000000000003d0000000000000000000000000000042d752f02ad0eee0ee7003d003d00000156001c0001001d0000000100010eeb0007000a00000000000000000a14
WFI t=168852 a=-3644,-763,1928 g=-1,-1,-4
WFI t=168901 a=-3670,-756,1927 g=-2,-3,-3
WFI t=168951 a=-3665,-756,1932 g=-6,-1,-6
WFI t=169001 a=-3658,-756,1940 g=-4,-1,-4
WFI t=169051 a=-3661,-768,1939 g=-7,0,-4
WFI t=169101 a=-3650,-768,1935 g=0,1,-3
WFI t=169151 a=-3666,-761,1927 g=-4,0,-4
WFI t=169201 a=-3661,-767,1936 g=-1,-2,-3
WFI t=169251 a=-3647,-767,1928 g=-6,-2,-5
WFI t=169301 a=-3659,-761,1927 g=-5,-3,-4
WFI t=169351 a=-3652,-766,1942 g=1,0,-4
WFI t=169401 a=-3655,-766,1924 g=-2,-1,-4
WFI t=169451 a=-3637,-755,1925 g=0,-1,-4
WFI t=169501 a=-3644,-756,1923 g=-5,-2,-4
WFI t=169551 a=-3644,-764,1929 g=2,-1,-4
WFI t=169601 a=-3646,-766,1928 g=-3,-2,-5
WFI t=169651 a=-3640,-772,1928 g=-3,-1,-5
WFI t=169701 a=-3650,-768,1944 g=-6,-2,-5
WFR t=169742 src=bms type=0x02 len=129 data=d2037c0ee80ee80ee90ee90ee90ee80ee90ee90ee70ee80ee90eea0eec0eed0eed0eec0eed0eed0eee0eee0eed0eee0eee0eee0eec0eee0eee0eee0000000000000000003d0000000000000000000000000000042d752f02ad0eee0ee7003d003d00000156001c0001001d0000000100010eeb0007000a0000000000000000b2af
WFI t=169751 a=-3656,-759,1918 g=-3,-2,-3
WFI t=169801 a=-3659,-765,1929 g=-1,-2,-4
WFI t=169851 a=-3651,-767,1924 g=-2,-1,-4
WFI t=169901 a=-3646,-754,1928 g=-4,-2,-3
WFI t=169951 a=-3650,-760,1936 g=-3,-3,-5
WFI t=170001 a=-3657,-763,1936 g=0,-1,-5
WFI t=170051 a=-3637,-767,1933 g=-3,-1,-3
WFI t=170101 a=-3651,-763,1946 g=3,-1,-3
WFI t=170160 a=-3646,-773,1944 g=1,-2,-5
WFI t=170201 a=-3659,-766,1932 g=-4,-1,-5
WFI t=170251 a=-3650,-757,1928 g=-1,-1,-4
WFI t=170301 a=-3654,-777,1935 g=-4,-2,-5
WFI t=170351 a=-3651,-754,1938 g=-1,0,-5
WFI t=170401 a=-3653,-750,1929 g=-3,-2,-5
WFI t=170451 a=-3659,-759,1934 g=-8,-1,-4
WFI t=170501 a=-3665,-763,1916 g=-3,0,-4
WFI t=170551 a=-3668,-758,1939 g=-2,-1,-4
WFI t=170601 a=-3646,-758,1931 g=-2,-1,-5
WFI t=170651 a=-3646,-765,1935 g=1,-2,-3
WFI t=170701 a=-3657,-770,1932 g=-3,-2,-5
WFI t=170825 a=-3651,-759,1933 g=-6,-2,-4
WFI t=170979 a=-3661,-764,1939 g=-1,-2,-4
WFR t=170994 src=bms type=0x02 len=129 data=d2037c0ee90ee80ee90ee90ee90ee80ee90ee90ee70ee90ee90ee90eec0eec0eed0eeb0eed0eed0eee0eee0eed0eee0eef0eef0eed0eee0eee0eee0000000000000000003d0000000000000000000000000000042d752f02ad0eef0ee7003d003d00000156001c0001001d0000000100010eeb0008000a0000000000000000cc1d
WFI t=170995 a=-3655,-761,1925 g=-2,-2,-3
WFI t=170997 a=-3653,-752,1927 g=-5,-2,-5
WFI t=170999 a=-3653,-752,1927 g=-5,-2,-5
WFI t=171001 a=-3653,-752,1927 g=-5,-2,-5
WFI t=171051 a=-3661,-757,1939 g=-2,-2,-5
WFI t=171101 a=-3649,-764,1928 g=-3,-1,-4
WFI t=171151 a=-3648,-760,1933 g=1,0,-4
WFI t=171201 a=-3663,-762,1933 g=-3,-2,-4
WFI t=171251 a=-3655,-767,1925 g=-2,1,-4
WFI t=171301 a=-3661,-763,1937 g=-1,-1,-4
WFI t=171351 a=-3646,-761,1938 g=-4,-3,-4
WFI t=171401 a=-3658,-762,1928 g=-5,-2,-4
WFI t=171451 a=-3651,-771,1927 g=-4,-2,-4
WFI t=171501 a=-3639,-769,1936 g=-3,-2,-4
WFI t=171551 a=-3660,-771,1930 g=-1,-1,-5
WFI t=171601 a=-3658,-767,1934 g=2,-1,-3
WFI t=171651 a=-3659,-759,1925 g=-1,-1,-5
WFI t=171701 a=-3653,-758,1940 g=-5,-3,-4
WFR t=171742 src=bms type=0x02 len=129 data=d2037c0ee80ee80ee90ee90ee90ee80ee90ee90ee70ee80ee90ee90eed0eec0eed0eeb0eed0eed0eee0eee0eed0eee0eef0eee0eec0eee0eee0eee0000000000000000003d0000000000000000000000000000042d752e02ad0eef0ee7003d003d00000156001c0001001d0000000100010eeb000800150000000000000000d981
WFI t=171751 a=-3648,-765,1931 g=-7,-2,-4
WFI t=171801 a=-3647,-766,1936 g=-6,-3,-4
WFI t=171851 a=-3648,-765,1931 g=-1,0,-4
WFI t=171901 a=-3649,-750,1929 g=2,-2,-5
WFI t=171951 a=-3660,-753,1929 g=-6,-1,-3
WFI t=172001 a=-3654,-762,1921 g=2,0,-4
WFI t=172051 a=-3639,-761,1932 g=-3,-2,-4
WFI t=172101 a=-3663,-752,1929 g=-1,-1,-5
WFI t=172151 a=-3650,-760,1937 g=-6,-3,-5
WFI t=172201 a=-3654,-765,1918 g=-3,-1,-4
WFI t=172251 a=-3654,-746,1924 g=-10,-2,-5
WFI t=172301 a=-3653,-769,1938 g=-3,-1,-5
WFI t=172351 a=-3650,-763,1932 g=-3,-3,-5
WFI t=172401 a=-3648,-759,1935 g=-2,-2,-4
WFI t=172451 a=-3659,-763,1930 g=-3,0,-4
WFI t=172502 a=-3657,-750,1924 g=1,-1,-5
WFI t=172551 a=-3642,-756,1934 g=-1,0,-5
WFI t=172601 a=-3650,-764,1932 g=2,-2,-3
WFI t=172651 a=-3656,-764,1931 g=-2,-2,-3
WFI t=172701 a=-3646,-754,1943 g=-5,-1,-5
WFT t=172704 batt_mv=4182 rssi_mcu=0 rssi_bms=-80 mcu=0 bms=128 dropped=0
WFI t=172781 a=-3657,-761,1939 g=-5,0,-6
WFI t=172870 a=-3652,-763,1918 g=-1,-2,-4
WFI t=172873 a=-3653,-759,1928 g=-3,-2,-3
WFI t=172901 a=-3636,-773,1933 g=-2,-1,-4
WFR t=172942 src=bms type=0x02 len=129 data=d2037c0ee90ee80ee90ee90ee90ee80ee90ee90ee70ee80ee90eea0eed0eec0eed0eeb0eed0eed0eee0eee0eee0eee0eef0eee0eed0eee0eee0eee0000000000000000003d0000000000000000000000000000042d752f02ad0eef0ee7003d003d00000156001c0001001d0000000100010eeb0008000a00000000000000001798
WFI t=172951 a=-3650,-753,1935 g=0,1,-5
WFI t=173001 a=-3654,-752,1930 g=-3,-2,-4
WFI t=173051 a=-3659,-774,1940 g=-3,-2,-4
WFI t=173101 a=-3672,-765,1930 g=-3,-2,-4
WFI t=173151 a=-3653,-760,1934 g=-1,-1,-6
WFI t=173201 a=-3655,-766,1938 g=-3,-1,-4
WFI t=173251 a=-3662,-760,1946 g=-7,-1,-3
WFI t=173301 a=-3660,-757,1936 g=-3,-2,-4
WFI t=173351 a=-3657,-765,1921 g=-1,0,-4
WFI t=173401 a=-3654,-752,1934 g=1,-1,-4
WFI t=173451 a=-3637,-763,1940 g=-3,-3,-4
WFI t=173501 a=-3653,-757,1937 g=-4,-2,-4
WFI t=173551 a=-3666,-765,1934 g=-6,-1,-4
WFI t=173601 a=-3654,-766,1918 g=-2,0,-4
WFI t=173651 a=-3651,-752,1929 g=-2,-1,-4
WFI t=173701 a=-3659,-761,1922 g=0,-1,-3
WFR t=173742 src=bms type=0x02 len=129 data=d2037c0ee90ee80ee90ee90ee90ee80ee90ee90ee70ee80ee90ee90eed0eed0eed0eec0eed0eed0eee0eee0eee0eee0eef0eee0eed0eee0eee0eee0000000000000000003d0000000000000000000000000000042d752f02ad0eee0ee7003d003d00000156001c0001001d0000000100010eeb0007000a0000000000000000cdb6
WFI t=173751 a=-3656,-770,1928 g=-6,-2,-4
WFI t=173801 a=-3648,-766,1930 g=-2,0,-5
WFI t=173851 a=-3656,-762,1935 g=-1,0,-4
WFI t=173901 a=-3660,-767,1941 g=-2,-1,-4
WFI t=173951 a=-3659,-751,1914 g=-4,-1,-4
WFI t=174001 a=-3666,-769,1927 g=-5,-3,-5
WFI t=174051 a=-3664,-745,1926 g=-3,-1,-5
WFI t=174101 a=-3652,-757,1920 g=-1,-1,-4
WFI t=174151 a=-3677,-757,1931 g=-8,-4,-5
WFI t=174201 a=-3660,-759,1931 g=-6,-3,-5
WFI t=174251 a=-3649,-753,1925 g=1,-1,-3
WFI t=174301 a=-3667,-754,1925 g=-1,-3,-5
WFI t=174351 a=-3651,-761,1920 g=-3,-1,-4
WFI t=174401 a=-3668,-773,1934 g=-1,-1,-5
WFI t=174451 a=-3670,-757,1935 g=-3,-4,-4
WFI t=174501 a=-3666,-760,1932 g=-3,-2,-6
WFI t=174551 a=-3652,-768,1943 g=-5,-2,-5
WFI t=174601 a=-3659,-770,1951 g=-4,-1,-5
WFI t=174651 a=-3650,-766,1933 g=2,-1,-4
WFI t=174701 a=-3650,-757,1921 g=-2,-3,-3
WFR t=174742 src=bms type=0x02 len=129 data=d2037c0ee90ee80ee90ee90ee90ee80ee90ee90ee80ee90ee90eea0eed0eed0eed0eec0eed0eed0eee0eee0eee0eee0eef0eee0eec0eee0eee0eee0000000000000000003d0000000000000000000000000000042d752f02ad0eee0ee8003d003d00000156001c0001001d0000000100010eeb0006000a000000000000000006d5
WFI t=174784 a=-3647,-750,1929 g=5,-2,-4
WFI t=174802 a=-3658,-760,1935 g=-3,0,-4
WFI t=174867 a=-3656,-759,1926 g=-3,-1,-4
WFI t=174953 a=-3650,-762,1929 g=-5,-2,-5
WFI t=174955 a=-3642,-775,1932 g=-1,-1,-4
WFI t=175001 a=-3659,-763,1934 g=-2,0,-4
WFI t=175051 a=-3670,-756,1929 g=-6,-3,-5
WFI t=175101 a=-3650,-769,1923 g=-4,-2,-5
WFI t=175151 a=-3656,-766,1933 g=-6,-1,-5
WFI t=175201 a=-3658,-768,1934 g=0,-2,-5
WFI t=175251 a=-3646,-756,1933 g=-4,0,-3
WFI t=175301 a=-3649,-756,1938 g=-3,-2,-4
WFI t=175351 a=-3651,-762,1933 g=-1,0,-4
WFI t=175401 a=-3650,-767,1935 g=1,-1,-4
WFI t=175451 a=-3647,-757,1936 g=-3,-3,-4
WFI t=175501 a=-3657,-757,1932 g=0,-3,-4
WFI t=175551 a=-3661,-776,1929 g=-5,-1,-4
WFI t=175601 a=-3651,-758,1937 g=-3,-1,-5
WFI t=175651 a=-3663,-750,1929 g=-5,-2,-4
WFI t=175701 a=-3653,-763,1922 g=-3,-2,-5
WFI t=175751 a=-3658,-757,1940 g=1,-1,-5
WFI t=175801 a=-3657,-765,1936 g=2,-2,-6
WFR t=175842 src=bms type=0x02 len=129 data=d2037c0ee90ee80ee90ee90ee90ee80ee90ee90ee70ee80ee90eea0eec0eed0eed0eec0eed0eed0eee0eee0eed0eee0eef0eee0eed0eee0eee0eee0000000000000000003d0000000000000000000000000000042d752f02ad0eee0ee7003d003d00000156001c0001001d0000000100010eeb0007000a0000000000000000eacf
WFI t=175851 a=-3654,-774,1933 g=0,-2,-4
WFI t=175901 a=-3660,-756,1925 g=-6,-2,-4
WFI t=175951 a=-3658,-761,1935 g=-4,-1,-5
WFI t=176001 a=-3654,-760,1937 g=-6,-3,-4
WFI t=176051 a=-3651,-761,1925 g=-1,-1,-5
WFI t=176101 a=-3655,-775,1929 g=0,-1,-4
WFI t=176151 a=-3639,-761,1930 g=-4,-1,-5
WFI t=176201 a=-3661,-757,1935 g=-2,0,-5
WFI t=176251 a=-3651,-768,1934 g=0,-1,-5
WFI t=176301 a=-3649,-770,1943 g=-5,-1,-3
WFI t=176351 a=-3653,-770,1936 g=-5,-1,-4
WFI t=176401 a=-3666,-760,1949 g=-2,-1,-4
WFI t=176451 a=-3669,-765,1940 g=0,-3,-4
WFI t=176501 a=-3656,-762,1940 g=0,-1,-6
WFI t=176551 a=-3673,-755,1926 g=-5,0,-5
WFI t=176601 a=-3657,-762,1934 g=-3,-3,-4
WFI t=176651 a=-3661,-755,1943 g=-1,-2,-5
WFI t=176701 a=-3658,-759,1944 g=0,-2,-4
WFI t=176751 a=-3643,-757,1939 g=-4,-2,-5
WFI t=176883 a=-3668,-765,1931 g=-1,-1,-5
WFI t=176885 a=-3657,-765,1928 g=-6,-3,-4
WFI t=176901 a=-3648,-754,1928 g=1,0,-4
WFI t=176951 a=-3657,-763,1944 g=-6,-1,-4
WFI t=177001 a=-3660,-767,1926 g=-6,-2,-4
WFI t=177051 a=-3653,-765,1925 g=-2,-2,-3
WFI t=177101 a=-3652,-755,1946 g=-7,-2,-4
WFR t=177142 src=bms type=0x02 len=129 data=d2037c0ee90ee80ee90ee90ee90ee80ee90ee90ee70ee80ee90eea0eed0eec0eed0eec0eed0eed0eee0eee0eed0eee0eef0eee0eec0eee0eee0eee0000000000000000003d0000000000000000000000000000042d752f02ad0eef0ee7003d003d00000156001c0001001d0000000100010eeb0008000a0000000000000000eab7
WFI t=177151 a=-3658,-762,1931 g=-5,-2,-5
WFI t=177201 a=-3660,-761,1943 g=-5,-2,-4
WFI t=177251 a=-3647,-760,1933 g=-5,-1,-6
WFI t=177301 a=-3657,-759,1940 g=-3,-3,-4
WFI t=177351 a=-3640,-748,1931 g=-1,-2,-4
WFI t=177401 a=-3645,-763,1924 g=1,-1,-4
WFI t=177451 a=-3664,-765,1921 g=-1,-1,-4
WFI t=177501 a=-3658,-757,1933 g=-3,-1,-5
WFI t=177551 a=-3641,-773,1943 g=0,-2,-3
WFI t=177601 a=-3651,-757,1930 g=-5,-1,-4
WFI t=177651 a=-3649,-754,1945 g=5,-2,-4
WFI t=177701 a=-3661,-763,1926 g=-8,-1,-5
WFT t=177750 batt_mv=4182 rssi_mcu=0 rssi_bms=-83 mcu=0 bms=133 dropped=0
WFI t=177752 a=-3646,-753,1937 g=-2,-1,-4
WFI t=177801 a=-3664,-752,1932 g=0,-1,-6
WFR t=177842 src=bms type=0x02 len=129 data=d2037c0ee90ee80ee90ee80ee90ee80ee90ee90ee80ee80ee90ee90eed0eec0eed0eeb0eed0eed0eee0eee0eed0eee0eef0eee0eed0eee0eee0eee0000000000000000003d0000000000000000000000000000042d752f02ad0eef0ee8003d003d00000156001c0001001d0000000100010eeb0007000a00000000000000003f33
WFI t=177851 a=-3655,-764,1931 g=-6,-1,-5
WFI t=177901 a=-3648,-760,1932 g=0,-2,-5
WFI t=177951 a=-3647,-753,1927 g=-3,-1,-5
WFI t=178001 a=-3644,-757,1938 g=-5,-1,-3
WFI t=178051 a=-3650,-759,1920 g=-8,-3,-6
WFI t=178101 a=-3655,-776,1932 g=-3,-1,-6
WFI t=178151 a=-3660,-766,1932 g=-4,0,-3
WFI t=178201 a=-3656,-743,1933 g=-1,-2,-4
WFI t=178251 a=-3653,-757,1926 g=1,-2,-3
WFI t=178301 a=-3642,-754,1934 g=-3,-1,-3
WFI t=178351 a=-3643,-768,1935 g=-4,-3,-5
WFI t=178401 a=-3652,-770,1922 g=-4,-2,-4
WFI t=178451 a=-3656,-760,1939 g=-3,-1,-4
WFI t=178501 a=-3652,-772,1927 g=-3,-2,-5
WFI t=178551 a=-3666,-764,1930 g=-3,-2,-4
WFI t=178611 a=-3645,-754,1943 g=-2,-2,-4
WFI t=178651 a=-3664,-758,1946 g=-3,-2,-4
WFI t=178701 a=-3640,-766,1941 g=0,-1,-4
WFI t=178751 a=-3653,-750,1938 g=-2,-1,-5
WFI t=178821 a=-3650,-748,1922 g=-3,-2,-3
WFI t=178954 a=-3667,-771,1943 g=-1,-2,-5
WFR t=178968 src=bms type=0x02 len=129 data=d2037c0ee90ee80ee90ee90ee90ee80ee90ee90ee80ee80ee90ee90eec0eec0eed0eec0eed0eed0eee0eee0eed0eee0eee0eee0eed0eee0eee0eee0000000000000000003d0000000000000000000000000000042d752e02ad0eee0ee8003d003d00000156001c0001001d0000000100010eeb000600150000000000000000002d
WFI t=179050 a=-3649,-758,1947 g=-5,0,-5
WFI t=179066 a=-3672,-753,1937 g=-4,-1,-3
WFI t=179068 a=-3665,-759,1931 g=-4,-3,-4
WFI t=179070 a=-3644,-760,1927 g=0,-1,-5
WFI t=179101 a=-3654,-763,1932 g=1,-2,-4
WFI t=179151 a=-3656,-766,1924 g=-3,-2,-6
WFI t=179201 a=-3646,-772,1939 g=-4,0,-5
WFI t=179251 a=-3660,-782,1931 g=-3,-1,-3
WFI t=179301 a=-3644,-764,1925 g=-2,-2,-5
WFI t=179351 a=-3650,-760,1949 g=-2,-2,-4
WFI t=179401 a=-3666,-758,1937 g=0,-1,-5
WFI t=179451 a=-3660,-758,1930 g=-3,-2,-1
WFI t=179501 a=-3657,-766,1922 g=-5,-3,-4
WFI t=179551 a=-3650,-756,1933 g=0,-1,-4
WFI t=179601 a=-3644,-759,1926 g=1,-1,-5
WFI t=179651 a=-3663,-753,1926 g=-3,-1,-5
WFI t=179701 a=-3660,-761,1941 g=-2,-2,-3
WFI t=179751 a=-3663,-761,1936 g=-10,-2,-5
WFI t=179801 a=-3658,-757,1931 g=3,-1,-5
WFR t=179842 src=bms type=0x02 len=129 data=d2037c0ee90ee80ee90ee80ee90ee80ee90ee90ee70ee80ee90eea0eed0eec0eed0eec0eed0eed0eee0eee0eed0eee0eef0eee0eec0eee0eed0eee0000000000000000003d0000000000000000000000000000042d752f02ad0eef0ee7003d003d00000156001c0001001d0000000100010eeb0008000a000000000000000065b1
WFI t=179851 a=-3658,-750,1936 g=-6,-2,-5
WFI t=179901 a=-3665,-757,1949 g=-4,-2,-5
WFI t=179951 a=-3659,-779,1926 g=0,-1,-5
WFI t=180001 a=-3656,-758,1934 g=4,-1,-5
WFI t=180051 a=-3652,-771,1941 g=-2,-1,-4
WFI t=180101 a=-3656,-763,1920 g=-2,-3,-3
WFI t=180151 a=-3655,-769,1928 g=-5,-1,-5
WFI t=180201 a=-3658,-757,1933 g=-5,0,-6
WFI t=180251 a=-3650,-762,1940 g=-3,-3,-5
WFI t=180301 a=-3646,-750,1936 g=-3,-1,-3
WFI t=180351 a=-3655,-763,1926 g=-6,-3,-4
WFI t=180401 a=-3658,-759,1924 g=-2,-1,-5
WFI t=180451 a=-3657,-774,1937 g=-3,-1,-4
WFI t=180501 a=-3640,-767,1945 g=-4,-2,-4
WFI t=180551 a=-3649,-769,1940 g=-8,-3,-4
WFI t=180601 a=-3648,-764,1925 g=-2,-1,-4
WFI t=180651 a=-3657,-762,1928 g=1,-1,-5
WFI t=180701 a=-3651,-772,1929 g=-1,-1,-5
WFI t=180751 a=-3650,-766,1933 g=-8,-1,-2
WFI t=180906 a=-3662,-759,1926 g=-2,0,-5
WFI t=180922 a=-3661,-752,1948 g=-1,-2,-4
WFI t=180924 a=-3650,-760,1938 g=-2,-2,-4
WFR t=180942 src=bms type=0x02 len=129 data=d2037c0ee90ee80ee90ee90ee90ee80ee90ee90ee70ee80ee90ee90eec0eed0eed0eec0eed0eed0eee0eee0eee0eee0eef0eee0eed0eee0eee0eee0000000000000000003d0000000000000000000000000000042d752f02ad0eef0ee7003d003d00000156001c0001001d0000000100010eeb0008000a00000000000000002a1f
WFI t=180951 a=-3653,-765,1934 g=-3,0,-3
WFI t=181001 a=-3657,-754,1931 g=-3,-1,-4
WFI t=181051 a=-3646,-756,1927 g=-6,-2,-5
WFI t=181101 a=-3645,-763,1950 g=5,0,-5
WFI t=181151 a=-3641,-765,1949 g=1,-1,-4
WFI t=181201 a=-3662,-765,1938 g=-1,0,-3
WFI t=181251 a=-3650,-754,1929 g=-4,0,-5
WFI t=181301 a=-3661,-766,1943 g=-2,-1,-6
WFI t=181351 a=-3644,-766,1923 g=-2,-1,-4
WFI t=181401 a=-3653,-767,1928 g=-2,-2,-5
WFI t=181451 a=-3652,-769,1931 g=-1,-1,-3
WFI t=181501 a=-3652,-763,1925 g=-4,-2,-4
WFI t=181551 a=-3648,-766,1932 g=-2,-1,-5
WFI t=181601 a=-3654,-773,1936 g=-2,-1,-4
WFI t=181651 a=-3646,-758,1923 g=-5,-2,-4
WFI t=181701 a=-3663,-774,1928 g=2,-1,-4
WFI t=181752 a=-3659,-761,1931 g=-6,0,-4
WFI t=181801 a=-3651,-759,1933 g=-5,-1,-4
WFR t=181842 src=bms type=0x02 len=129 data=d2037c0ee90ee80ee90ee90ee90ee80ee90ee90ee70ee80ee90eea0eec0eec0eed0eeb0eed0eed0eee0eee0eee0eee0eee0eee0eed0eee0eee0eee0000000000000000003d0000000000000000000000000000042d752f02ad0eee0ee7003d003d00000156001c0001001d0000000100010eeb0007000a00000000000000000191
WFI t=181851 a=-3660,-752,1926 g=-7,-2,-4
WFI t=181901 a=-3653,-754,1936 g=-2,-3,-4
WFI t=181951 a=-3654,-769,1940 g=-8,-1,-5
WFI t=182001 a=-3665,-753,1940 g=-2,-3,-4
WFI t=182051 a=-3648,-764,1935 g=-5,-1,-5
WFI t=182101 a=-3653,-763,1932 g=-5,-1,-6
WFI t=182151 a=-3647,-755,1949 g=-2,-1,-4
WFI t=182201 a=-3660,-760,1933 g=-2,0,-5
WFI t=182251 a=-3653,-756,1941 g=-1,-2,-3
WFI t=182301 a=-3654,-757,1926 g=-3,-2,-4
WFI t=182351 a=-3657,-760,1937 g=-1,-1,-5
WFI t=182401 a=-3648,-765,1940 g=0,-2,-5
WFI t=182451 a=-3646,-765,1918 g=-1,-2,-5
WFI t=182501 a=-3658,-754,1946 g=-3,-2,-4
WFI t=182551 a=-3661,-761,1937 g=-1,-3,-4
WFI t=182601 a=-3655,-757,1938 g=-4,0,-5
WFI t=182651 a=-3662,-755,1941 g=-4,-1,-4
WFI t=182701 a=-3652,-760,1929 g=-2,-2,-4
WFI t=182751 a=-3659,-772,1939 g=-1,0,-4
WFT t=182773 batt_mv=4178 rssi_mcu=0 rssi_bms=-86 mcu=0 bms=138 dropped=0
WFI t=182840 a=-3657,-758,1938 g=-7,-3,-5
WFI t=182942 a=-3653,-766,1933 g=-4,-1,-4
WFI t=182943 a=-3655,-750,1940 g=-2,-2,-4
WFI t=182951 a=-3662,-765,1944 g=1,-1,-4
WFI t=183001 a=-3643,-757,1952 g=-1,-2,-5
WFR t=183042 src=bms type=0x02 len=129 data=d2037c0ee90ee80ee90ee90ee90ee80ee90ee90ee70ee80ee90ee90eed0eed0eed0eeb0eed0eed0eee0eed0eed0eee0eee0eee0eec0eee0eee0eee0000000000000000003d0000000000000000000000000000042d752f02ad0eef0ee7003d003d00000156001c0001001d0000000100010eeb0008000a000000000000000052f4
WFI t=183051 a=-3649,-753,1940 g=-6,0,-4
WFI t=183101 a=-3653,-750,1928 g=-6,-3,-4
WFI t=183151 a=-3648,-773,1928 g=-6,-2,-4
WFI t=183201 a=-3661,-755,1931 g=0,-1,-4
WFI t=183251 a=-3666,-766,1937 g=-2,-1,-4
WFI t=183301 a=-3663,-765,1931 g=-4,-1,-4
WFI t=183351 a=-3645,-757,1933 g=-5,-2,-4
WFI t=183401 a=-3649,-758,1925 g=-2,-2,-5
WFI t=183451 a=-3658,-754,1931 g=-2,-2,-5
WFI t=183501 a=-3654,-762,1959 g=-1,-1,-4
WFI t=183551 a=-3651,-753,1934 g=-3,-1,-5
WFI t=183601 a=-3669,-771,1927 g=-2,0,-3
WFI t=183651 a=-3654,-759,1931 g=-2,-1,-5
WFI t=183701 a=-3650,-757,1935 g=-1,0,-4
WFI t=183751 a=-3651,-759,1942 g=-3,-2,-4
WFI t=183801 a=-3654,-772,1935 g=-5,-2,-4
WFR t=183842 src=bms type=0x02 len=129 data=d2037c0ee90ee80ee90ee80ee90ee80ee90ee90ee70ee80ee90ee90eec0eec0eed0eeb0eed0eed0eee0eed0eed0eee0eef0eee0eec0eee0eee0eee0000000000000000003d0000000000000000000000000000042d752f02ad0eef0ee7003d003d00000156001c0001001d0000000100010eeb0008000a0000000000000000b1d7
WFI t=183851 a=-3649,-763,1918 g=-2,-3,-5
WFI t=183901 a=-3651,-752,1946 g=4,-2,-5
WFI t=183951 a=-3647,-763,1932 g=-1,0,-4
WFI t=184001 a=-3655,-769,1936 g=2,-3,-3
WFI t=184051 a=-3655,-762,1933 g=2,-2,-4
WFI t=184101 a=-3650,-746,1933 g=3,0,-5
WFI t=184151 a=-3649,-758,1946 g=1,-2,-5
WFI t=184201 a=-3659,-757,1943 g=-4,-3,-3
WFI t=184251 a=-3660,-763,1932 g=-4,-1,-3
WFI t=184301 a=-3661,-753,1928 g=2,-2,-5
WFI t=184351 a=-3639,-764,1929 g=0,-1,-5
WFI t=184401 a=-3663,-770,1931 g=0,-1,-5
WFI t=184451 a=-3658,-761,1937 g=-3,-1,-5
WFI t=184501 a=-3647,-767,1926 g=-1,-2,-5
WFI t=184551 a=-3645,-758,1934 g=-3,-1,-5
WFI t=184601 a=-3655,-756,1940 g=-2,0,-4
WFI t=184651 a=-3662,-764,1932 g=-2,-2,-4
WFI t=184701 a=-3656,-769,1926 g=-2,-3,-4
WFI t=184751 a=-3645,-772,1935 g=1,-2,-5
WFI t=184801 a=-3645,-761,1935 g=-1,-2,-3
WFI t=184941 a=-3635,-763,1936 g=-1,-1,-5
WFI t=184944 a=-3660,-758,1938 g=-3,-1,-4
WFI t=184951 a=-3651,-757,1934 g=-1,-2,-5
WFI t=185001 a=-3654,-771,1930 g=-1,0,-5
WFR t=185042 src=bms type=0x02 len=129 data=d2037c0ee90ee80ee90ee90ee90ee80ee90ee90ee70ee80ee90ee90eed0eec0eed0eec0eed0eed0eee0eee0eee0eee0eef0eee0eec0eee0eee0eee0000000000000000003d0000000000000000000000000000042d753002ad0eef0ee7003d003d00000156001c0001001d0000000100010eeb00080000000000000000000037c8
WFI t=185051 a=-3645,-760,1937 g=-3,0,-3
WFI t=185101 a=-3657,-755,1943 g=0,0,-3
WFI t=185151 a=-3645,-761,1937 g=-5,-4,-4
WFI t=185201 a=-3649,-763,1927 g=-1,-1,-4
WFI t=185251 a=-3652,-764,1934 g=-5,0,-4
WFI t=185301 a=-3654,-755,1936 g=-6,-1,-3
WFI t=185351 a=-3652,-755,1940 g=-4,-3,-3
WFI t=185401 a=-3645,-755,1923 g=-4,-1,-6
WFI t=185451 a=-3672,-758,1945 g=-1,-2,-4
WFI t=185501 a=-3656,-766,1944 g=-3,-1,-4
WFI t=185551 a=-3661,-760,1935 g=0,-1,-4
WFI t=185601 a=-3662,-768,1932 g=-2,0,-4
WFI t=185651 a=-3648,-768,1942 g=-1,-1,-5
WFI t=185701 a=-3663,-762,1933 g=-3,-2,-4
WFI t=185751 a=-3646,-767,1941 g=-4,-3,-4
WFI t=185801 a=-3644,-753,1926 g=1,-1,-3
WFR t=185842 src=bms type=0x02 len=129 data=d2037c0ee90ee80ee90ee90ee90ee80ee90ee90ee80ee80ee90ee90eed0eec0eed0eec0eed0eed0eee0eee0eee0eee0eef0eee0eec0eee0eee0eee0000000000000000003d0000000000000000000000000000042d753002ad0eef0ee8003d003d00000156001c0001001d0000000100010eeb0007000000000000000000003074
WFI t=185851 a=-3646,-759,1931 g=-1,-2,-4
WFI t=185901 a=-3661,-762,1916 g=3,0,-4
WFI t=185951 a=-3659,-755,1933 g=0,-1,-3
WFI t=186001 a=-3661,-762,1941 g=2,-2,-4
WFI t=186051 a=-3648,-757,1939 g=-6,-2,-4
WFI t=186101 a=-3663,-750,1932 g=-1,-2,-2
WFI t=186151 a=-3655,-766,1933 g=-1,-2,-4
WFI t=186201 a=-3654,-759,1924 g=1,-2,-4
WFI t=186251 a=-3661,-757,1933 g=-2,-1,-5
WFI t=186301 a=-3650,-776,1927 g=-8,-3,-4
WFI t=186351 a=-3657,-759,1930 g=-5,-1,-4
WFI t=186401 a=-3653,-760,1916 g=2,0,-4
WFI t=186451 a=-3660,-769,1930 g=-2,-1,-4
WFI t=186501 a=-3653,-762,1935 g=-4,-1,-4
WFI t=186551 a=-3665,-760,1933 g=1,0,-4
WFI t=186601 a=-3654,-761,1932 g=-3,-2,-5
WFI t=186651 a=-3656,-759,1928 g=-3,-1,-5
WFI t=186701 a=-3654,-762,1940 g=0,-2,-5
WFI t=186751 a=-3662,-756,1939 g=-1,0,-4
WFI t=186801 a=-3657,-756,1936 g=-1,-1,-3
WFI t=186909 a=-3652,-761,1930 g=-3,-2,-5
WFI t=186911 a=-3653,-764,1938 g=-3,-1,-5
WFR t=186944 src=bms type=0x02 len=129 data=d2037c0ee90ee80ee90ee90ee90ee80ee90ee90ee80ee80ee90ee90eec0eec0eed0eeb0eed0eed0eee0eee0eed0eee0eee0eee0eec0eee0eee0eee0000000000000000003d0000000000000000000000000000042d752f02ad0eee0ee7003d003d00000156001c0001001d0000000100010eeb0007000a00000000000000008c50
WFI t=187062 a=-3658,-771,1933 g=2,-1,-5
WFI t=187129 a=-3641,-757,1942 g=-4,-2,-5
WFI t=187216 a=-3652,-771,1928 g=-5,-2,-4
WFI t=187231 a=-3652,-762,1936 g=-2,-2,-3
WFI t=187233 a=-3648,-767,1939 g=-3,-4,-4
WFI t=187236 a=-3655,-751,1938 g=-6,-4,-6
WFI t=187251 a=-3659,-761,1943 g=6,-1,-3
WFI t=187301 a=-3654,-757,1947 g=-5,-1,-4
WFI t=187351 a=-3663,-748,1932 g=-4,-3,-4
WFI t=187401 a=-3657,-755,1927 g=0,-1,-5
WFI t=187451 a=-3648,-758,1936 g=-2,1,-4
WFI t=187501 a=-3651,-757,1932 g=-2,-2,-4
WFI t=187551 a=-3654,-758,1942 g=-2,-2,-4
WFI t=187601 a=-3651,-770,1931 g=-3,-1,-4
WFI t=187652 a=-3666,-761,1929 g=0,-3,-4
WFI t=187701 a=-3658,-750,1942 g=-5,-1,-5
WFI t=187751 a=-3642,-767,1925 g=-1,0,-4
WFI t=187801 a=-3666,-761,1929 g=-3,-1,-4
WFT t=187822 batt_mv=4178 rssi_mcu=0 rssi_bms=-84 mcu=0 bms=143 dropped=0
WFR t=187842 src=bms type=0x02 len=129 data=d2037c0ee90ee80ee90ee90ee90ee80ee90ee90ee80ee80ee90ee90eec0eec0eed0eec0eed0eed0eee0eee0eee0eee0eef0eee0eec0eee0eee0eee0000000000000000003d0000000000000000000000000000042d752f02ad0eef0ee8003d003d00000156001c0001001d0000000100010eeb0007000a0000000000000000ca72
WFI t=187851 a=-3664,-762,1934 g=-3,0,-5
WFI t=187901 a=-3653,-777,1933 g=-3,-1,-5
WFI t=187951 a=-3646,-757,1926 g=-5,-3,-5
WFI t=188001 a=-3657,-763,1931 g=1,0,-4
WFI t=188051 a=-3655,-759,1931 g=-2,-1,-4
WFI t=188101 a=-3651,-755,1935 g=-1,-1,-4
WFI t=188151 a=-3655,-756,1930 g=-2,0,-4
WFI t=188201 a=-3662,-773,1935 g=-2,-2,-4
WFI t=188251 a=-3647,-756,1931 g=-6,-2,-4
WFI t=188301 a=-3649,-763,1942 g=-1,0,-3
WFI t=188351 a=-3659,-753,1930 g=1,-2,-4
WFI t=188401 a=-3660,-764,1931 g=-5,-1,-4
WFI t=188451 a=-3672,-753,1927 g=-4,-2,-5
WFI t=188501 a=-3648,-769,1931 g=-7,-1,-3
WFI t=188551 a=-3655,-750,1938 g=-6,-2,-6
WFI t=188601 a=-3660,-767,1928 g=-5,-2,-4
WFI t=188651 a=-3668,-766,1928 g=-6,-2,-3
WFI t=188701 a=-3653,-772,1931 g=-6,-2,-4
WFI t=188751 a=-3651,-752,1937 g=-1,-3,-5
WFI t=188801 a=-3656,-756,1922 g=1,0,-4
WFI t=188882 a=-3653,-771,1927 g=-4,-1,-4
WFI t=188971 a=-3646,-769,1936 g=-1,0,-5
WFI t=188974 a=-3661,-769,1937 g=-6,-2,-5
WFI t=189001 a=-3649,-760,1933 g=-4,0,-4
WFI t=189051 a=-3653,-749,1931 g=-4,0,-4
WFI t=189101 a=-3645,-762,1940 g=-6,-3,-4
WFI t=189151 a=-3640,-765,1925 g=1,-2,-4
WFI t=189201 a=-3650,-759,1935 g=-1,-1,-4
WFI t=189251 a=-3648,-764,1934 g=-3,-1,-6
WFI t=189301 a=-3653,-759,1932 g=-3,0,-5
WFI t=189351 a=-3659,-753,1932 g=-5,-3,-4
WFI t=189401 a=-3665,-772,1938 g=-6,-2,-4
WFI t=189451 a=-3652,-759,1924 g=0,-2,-4
WFI t=189501 a=-3657,-757,1937 g=-1,-2,-4
WFI t=189551 a=-3647,-760,1924 g=-3,-1,-5
WFI t=189601 a=-3647,-763,1935 g=-2,0,-6
WFI t=189651 a=-3652,-764,1929 g=-2,-2,-5
WFI t=189701 a=-3658,-769,1934 g=-3,-3,-6
WFI t=189751 a=-3657,-763,1941 g=-4,-2,-4
WFI t=189801 a=-3655,-759,1927 g=-5,0,-4
WFI t=189851 a=-3657,-766,1932 g=-4,-1,-4
WFI t=189901 a=-3651,-755,1935 g=0,-2,-3
WFI t=189951 a=-3660,-762,1921 g=-7,-2,-6
WFI t=190001 a=-3654,-752,1941 g=-4,-1,-4
WFI t=190051 a=-3653,-754,1933 g=-4,-2,-5
WFI t=190101 a=-3660,-760,1934 g=-1,-1,-4
WFI t=190151 a=-3662,-758,1936 g=-5,-2,-4
WFI t=190201 a=-3656,-758,1939 g=-3,-1,-4
WFI t=190251 a=-3655,-765,1918 g=-4,-1,-3
WFI t=190301 a=-3649,-767,1935 g=1,0,-6
WFI t=190351 a=-3654,-762,1930 g=-2,-1,-4
WFI t=190401 a=-3646,-769,1931 g=-1,-2,-5
WFI t=190451 a=-3665,-768,1943 g=-3,-2,-5
WFI t=190501 a=-3647,-757,1934 g=-7,-1,-6
WFI t=190551 a=-3643,-768,1932 g=-1,-3,-4
WFI t=190601 a=-3644,-758,1938 g=-4,-1,-5
WFI t=190651 a=-3649,-768,1924 g=-1,-2,-6
WFI t=190701 a=-3657,-763,1947 g=-3,-1,-5
WFI t=190751 a=-3655,-761,1935 g=1,-1,-5
WFI t=190801 a=-3648,-766,1937 g=-6,-3,-5
WFI t=190901 a=-3656,-760,1942 g=-1,-3,-5
WFI t=190990 a=-3654,-759,1939 g=-6,-3,-4
WFI t=190992 a=-3654,-769,1918 g=0,-1,-4
WFI t=191001 a=-3655,-756,1920 g=-5,-2,-4
WFI t=191051 a=-3651,-759,1927 g=-2,0,-3
WFI t=191101 a=-3655,-770,1940 g=0,-1,-3
WFI t=191151 a=-3665,-768,1929 g=-7,-4,-4
WFI t=191201 a=-3652,-763,1940 g=-5,-2,-4
WFI t=191251 a=-3665,-776,1943 g=-3,-2,-5
WFI t=191301 a=-3655,-762,1932 g=-2,-3,-4
WFI t=191351 a=-3662,-758,1931 g=3,-2,-3
WFI t=191401 a=-3656,-757,1931 g=-2,-2,-4
WFI t=191451 a=-3640,-767,1937 g=0,-1,-4
WFI t=191501 a=-3654,-769,1933 g=-10,-1,-5
WFI t=191551 a=-3654,-765,1930 g=3,-2,-4
WFI t=191601 a=-3657,-757,1933 g=-5,-1,-4
WFI t=191651 a=-3651,-756,1945 g=-1,-1,-4
WFI t=191701 a=-3659,-767,1923 g=2,-1,-5
WFI t=191751 a=-3654,-749,1932 g=-1,-3,-3
WFI t=191801 a=-3659,-771,1935 g=-4,-1,-4
WFI t=191851 a=-3660,-756,1935 g=1,-2,-4
WFI t=191901 a=-3645,-757,1934 g=-2,-2,-5
WFI t=191951 a=-3658,-748,1931 g=-3,1,-4
WFI t=192001 a=-3658,-778,1941 g=-1,0,-4
WFI t=192051 a=-3653,-772,1932 g=0,-2,-4
WFI t=192101 a=-3654,-757,1933 g=-4,-1,-4
WFI t=192151 a=-3656,-761,1939 g=-2,-3,-6
WFI t=192201 a=-3652,-769,1937 g=-2,-1,-4
WFI t=192251 a=-3649,-767,1934 g=-3,-2,-4
WFI t=192301 a=-3656,-759,1932 g=-5,-2,-3
WFI t=192351 a=-3656,-757,1925 g=-5,-2,-5
WFI t=192401 a=-3646,-754,1942 g=2,-1,-4
WFI t=192451 a=-3651,-765,1928 g=-8,-1,-4
WFI t=192501 a=-3660,-759,1933 g=-1,-1,-5
WFI t=192551 a=-3656,-756,1934 g=0,-3,-5
WFI t=192601 a=-3663,-754,1939 g=0,-3,-4
WFI t=192651 a=-3649,-759,1949 g=-7,1,-5
WFI t=192701 a=-3657,-760,1946 g=-2,0,-4
WFI t=192751 a=-3669,-769,1943 g=-5,-3,-5
WFI t=192801 a=-3642,-763,1931 g=-2,-2,-5
WFT t=192844 batt_mv=4182 rssi_mcu=0 rssi_bms=-80 mcu=0 bms=144 dropped=0
WFI t=192889 a=-3655,-769,1941 g=-2,-2,-4
WFI t=192988 a=-3654,-765,1944 g=-4,-1,-4
WFI t=192990 a=-3651,-757,1946 g=-3,-2,-5
WFI t=193001 a=-3654,-761,1930 g=-1,-2,-4
WFI t=193051 a=-3653,-759,1937 g=-6,-1,-6
WFI t=193101 a=-3658,-754,1936 g=-5,-1,-5
WFI t=193151 a=-3647,-762,1938 g=-7,-1,-5
WFI t=193201 a=-3663,-758,1927 g=-1,-1,-4
WFI t=193251 a=-3647,-754,1935 g=-5,-3,-4
WFI t=193301 a=-3664,-758,1933 g=-4,-1,-6
WFI t=193351 a=-3652,-767,1947 g=-1,-2,-4
WFI t=193401 a=-3658,-754,1929 g=-4,-2,-5
WFI t=193451 a=-3657,-757,1949 g=-6,-1,-5
WFI t=193501 a=-3651,-761,1935 g=0,-1,-4
WFI t=193551 a=-3650,-765,1929 g=-4,-1,-3
WFI t=193601 a=-3661,-764,1941 g=-5,-2,-5
WFI t=193651 a=-3657,-765,1938 g=-6,-2,-4
WFI t=193701 a=-3651,-752,1948 g=2,-1,-4
WFI t=193751 a=-3669,-766,1941 g=-3,-2,-3
WFI t=193801 a=-3668,-768,1945 g=-2,-4,-4
WFI t=193851 a=-3643,-757,1942 g=0,-1,-5
WFI t=193901 a=-3658,-768,1929 g=-1,0,-5
WFI t=193951 a=-3646,-772,1937 g=-5,-1,-4
WFI t=194001 a=-3655,-758,1944 g=-2,-1,-4
WFI t=194051 a=-3659,-762,1939 g=-3,-1,-5
WFI t=194101 a=-3648,-769,1943 g=-4,0,-4
WFI t=194151 a=-3658,-763,1944 g=-5,-2,-5
WFI t=194201 a=-3672,-755,1944 g=-3,0,-4
WFI t=194251 a=-3661,-766,1942 g=-2,0,-5
WFI t=194301 a=-3652,-766,1938 g=0,-2,-4
WFI t=194351 a=-3654,-759,1934 g=1,-1,-4
WFI t=194401 a=-3644,-769,1939 g=0,-1,-3
WFI t=194451 a=-3656,-769,1935 g=0,-1,-4
WFI t=194501 a=-3652,-749,1948 g=-2,-2,-4
WFI t=194551 a=-3660,-749,1932 g=-7,-2,-4
WFI t=194601 a=-3654,-762,1928 g=-5,-2,-4
WFI t=194651 a=-3655,-757,1938 g=-5,-1,-5
WFI t=194701 a=-3638,-770,1945 g=-1,-1,-5
WFI t=194751 a=-3652,-760,1926 g=-4,0,-4
WFI t=194801 a=-3655,-759,1930 g=-3,-1,-4
WFI t=194851 a=-3653,-765,1941 g=-5,-3,-4
WFI t=194916 a=-3653,-775,1942 g=-5,-2,-4
WFI t=195006 a=-3640,-767,1930 g=0,-1,-3
WFI t=195008 a=-3654,-757,1947 g=-10,0,-4
WFI t=195051 a=-3652,-768,1942 g=-3,-3,-4
WFI t=195101 a=-3658,-760,1936 g=-2,0,-5
WFI t=195151 a=-3644,-763,1936 g=-1,-1,-4
WFI t=195201 a=-3661,-766,1934 g=-1,-3,-2
WFI t=195251 a=-3653,-767,1934 g=-5,-2,-4
WFI t=195301 a=-3647,-770,1931 g=-7,-3,-4
WFI t=195351 a=-3657,-765,1937 g=-1,-2,-3
WFI t=195401 a=-3641,-764,1925 g=-2,-3,-5
WFI t=195452 a=-3653,-763,1936 g=-3,-2,-4
WFI t=195501 a=-3653,-759,1922 g=0,-2,-4
WFI t=195551 a=-3639,-757,1930 g=4,-1,-3
WFI t=195601 a=-3655,-757,1938 g=-3,-2,-5
WFI t=195651 a=-3661,-776,1941 g=-6,-1,-5
WFI t=195701 a=-3656,-771,1934 g=-2,-5,-3
WFI t=195751 a=-3661,-762,1931 g=-2,-2,-5
WFI t=195801 a=-3640,-768,1940 g=-5,-4,-5
WFI t=195851 a=-3654,-765,1942 g=1,-1,-4
WFI t=195901 a=-3644,-751,1933 g=-5,-1,-4
WFI t=195951 a=-3654,-762,1938 g=-2,-1,-5
WFI t=196001 a=-3650,-765,1935 g=-5,-1,-5
WFI t=196051 a=-3650,-756,1943 g=-5,-1,-4
WFI t=196101 a=-3655,-768,1936 g=-1,-2,-5
WFI t=196151 a=-3655,-763,1935 g=-7,-4,-4
WFI t=196201 a=-3645,-759,1938 g=-4,-1,-4
WFI t=196251 a=-3647,-766,1938 g=-2,0,-4
WFI t=196301 a=-3657,-760,1941 g=1,0,-4
WFI t=196351 a=-3662,-769,1944 g=-1,-1,-4
WFI t=196401 a=-3652,-767,1947 g=-2,-2,-4
WFI t=196451 a=-3647,-758,1935 g=-1,-3,-3
WFI t=196501 a=-3656,-755,1927 g=2,-2,-4
WFI t=196551 a=-3638,-774,1935 g=0,-1,-3
WFI t=196601 a=-3648,-768,1935 g=-3,-2,-5
WFI t=196651 a=-3657,-752,1938 g=-6,-3,-5
WFI t=196701 a=-3658,-763,1942 g=0,-2,-5
WFI t=196751 a=-3657,-766,1936 g=-3,-1,-4
WFI t=196801 a=-3653,-759,1944 g=-7,0,-4
WFI t=196851 a=-3648,-769,1935 g=2,-2,-5
WFI t=197014 a=-3653,-758,1941 g=-5,-1,-4
WFI t=197030 a=-3657,-764,1936 g=-2,-2,-4
WFI t=197032 a=-3649,-771,1927 g=1,-3,-4
WFI t=197051 a=-3649,-774,1938 g=-5,-1,-4
WFI t=197101 a=-3652,-764,1935 g=1,-2,-4
WFI t=197151 a=-3668,-759,1940 g=-4,-1,-3
WFI t=197201 a=-3650,-771,1937 g=-4,-2,-5
WFI t=197251 a=-3666,-758,1937 g=-2,-3,-4
WFI t=197324 a=-3654,-761,1939 g=-1,-2,-5
WFI t=197351 a=-3651,-755,1950 g=-2,-1,-5
WFI t=197401 a=-3642,-759,1930 g=-4,-1,-4
WFI t=197451 a=-3653,-767,1947 g=-5,-2,-3
WFI t=197501 a=-3660,-765,1935 g=-4,-1,-5
WFI t=197551 a=-3652,-762,1934 g=-4,-1,-4
WFI t=197601 a=-3648,-767,1935 g=-3,1,-3
WFI t=197651 a=-3660,-774,1944 g=-2,-1,-3
WFI t=197701 a=-3649,-757,1935 g=-5,-3,-5
WFI t=197813 a=-3658,-757,1927 g=-4,-2,-4
WFI t=197857 a=-3653,-759,1931 g=-6,-3,-5
WFI t=197860 a=-3653,-759,1931 g=-6,-3,-5
WFE t=197869 bms stale, no frame for 10022 ms, dropping link
WFE t=197875 bms link down (stale) after 28 answers in 37724 ms, writes=38 err=0 silent=10 bytes=3612
WFT t=197895 batt_mv=4178 rssi_mcu=0 rssi_bms=0 mcu=0 bms=144 dropped=0
WFI t=197965 a=-3652,-754,1951 g=0,-2,-4
WFI t=197967 a=-3652,-763,1941 g=-2,-2,-5
WFI t=198001 a=-3657,-748,1933 g=0,-2,-5
WFI t=198051 a=-3646,-758,1926 g=-7,-3,-4
WFI t=198101 a=-3662,-767,1940 g=-8,0,-5
WFE t=198142 bms disconnected reason=534
WFI t=198151 a=-3649,-772,1944 g=-1,-2,-5
WFI t=198201 a=-3655,-758,1926 g=1,0,-3
WFI t=198251 a=-3652,-764,1941 g=-2,-2,-4
WFI t=198301 a=-3650,-771,1935 g=-3,-2,-5
WFI t=198351 a=-3655,-748,1936 g=-2,-3,-4
WFI t=198401 a=-3644,-757,1932 g=-5,-2,-4
WFI t=198451 a=-3652,-765,1936 g=-2,-2,-5
WFI t=198501 a=-3651,-760,1924 g=-3,-3,-5
WFI t=198551 a=-3666,-772,1939 g=-3,-1,-5
WFI t=198601 a=-3643,-764,1930 g=-5,-2,-5
WFI t=198651 a=-3654,-770,1926 g=-6,-2,-4
WFI t=198701 a=-3660,-779,1925 g=-5,-3,-5
WFI t=198751 a=-3667,-758,1921 g=2,-2,-6
WFI t=198801 a=-3648,-743,1941 g=-2,-1,-4
WFI t=198851 a=-3655,-763,1940 g=1,-2,-3
WFI t=199011 a=-3644,-758,1924 g=-8,-1,-3
WFI t=199028 a=-3646,-763,1924 g=2,0,-4
WFI t=199030 a=-3646,-763,1924 g=2,0,-4
WFI t=199051 a=-3648,-759,1937 g=-3,-2,-4
WFI t=199101 a=-3660,-749,1944 g=3,0,-2
WFI t=199151 a=-3655,-769,1941 g=-2,-2,-4
WFI t=199201 a=-3654,-758,1936 g=1,0,-4
WFI t=199251 a=-3655,-757,1939 g=1,-3,-4
WFI t=199301 a=-3650,-759,1931 g=0,-1,-5
WFI t=199351 a=-3654,-763,1930 g=-3,1,-5
WFI t=199401 a=-3654,-766,1935 g=-6,-3,-5
WFI t=199451 a=-3646,-756,1925 g=-4,1,-4
WFI t=199501 a=-3644,-762,1933 g=3,-1,-4
WFI t=199551 a=-3666,-759,1935 g=-3,-1,-5
WFI t=199601 a=-3653,-771,1938 g=-5,-2,-3
WFI t=199651 a=-3663,-762,1934 g=-1,-1,-4
WFI t=199701 a=-3653,-758,1936 g=-4,-2,-5
WFI t=199751 a=-3653,-771,1928 g=-7,-3,-4
WFI t=199801 a=-3653,-760,1924 g=-2,-1,-3
WFI t=199851 a=-3660,-763,1940 g=-8,-1,-4
WFI t=199901 a=-3643,-763,1936 g=-2,-1,-5
WFI t=199951 a=-3652,-758,1940 g=-4,-2,-4
WFI t=200001 a=-3668,-767,1933 g=-4,-3,-4
WFI t=200051 a=-3660,-762,1928 g=-4,-1,-3
WFI t=200101 a=-3661,-758,1940 g=-3,1,-5
WFI t=200151 a=-3658,-758,1937 g=-1,-1,-4
WFI t=200201 a=-3664,-766,1938 g=-8,-2,-3
WFE t=200242 bms subscribed val=0x0010 cccd=0x0011 ctrl=0x0014 mtu=512 regs=62
WFE t=200243 bms conn itvl=80 latency=0 timeout=600
WFI t=200251 a=-3653,-764,1928 g=-7,-2,-4
WFE t=200274 bms conn update force itvl=80 rc=0
WFE t=200275 bms reconnected (attempt 5)
WFE t=200291 bms mtu event mtu=512
WFI t=200301 a=-3654,-779,1939 g=1,-3,-5
WFE t=200343 bms conn update req itvl=12-12 latency=0 timeout=400 via=l2cap
WFI t=200351 a=-3671,-760,1936 g=-3,-1,-4
WFI t=200401 a=-3649,-758,1936 g=-2,0,-4
WFI t=200451 a=-3653,-767,1938 g=-5,-3,-5
WFI t=200501 a=-3658,-763,1930 g=-2,-2,-6
WFR t=200542 src=bms type=0x02 len=129 data=d2037c0ee90ee80ee90ee90ee90ee80ee90ee90ee70ee80ee90ee90eec0eec0eed0eec0eed0eed0eee0eed0eed0eee0eee0eee0eec0eee0eed0eee0000000000000000003d0000000000000000000000000000042d752e02ad0eee0ee7003d003d00000156001c0001001d0000000100010eeb0007001500000000000000003d49
WFI t=200551 a=-3653,-758,1933 g=-4,-1,-6
WFI t=200601 a=-3656,-768,1931 g=-3,-2,-4
WFI t=200651 a=-3651,-764,1927 g=2,-1,-3
WFI t=200701 a=-3660,-759,1927 g=-4,-2,-5
WFI t=200751 a=-3649,-761,1929 g=-4,-3,-5
WFI t=200801 a=-3643,-750,1931 g=-3,-1,-3
WFI t=200851 a=-3649,-756,1941 g=-4,-2,-3
WFI t=200928 a=-3660,-759,1949 g=0,-2,-4
WFI t=201023 a=-3651,-760,1927 g=-8,-3,-5
WFE t=201024 bms conn update status=0 itvl=80 latency=0 timeout=600
WFI t=201025 a=-3658,-763,1929 g=-4,-2,-4
WFI t=201051 a=-3646,-757,1930 g=-4,-3,-4
WFI t=201101 a=-3667,-764,1930 g=-2,-1,-5
WFI t=201151 a=-3657,-762,1943 g=-1,-3,-6
WFI t=201201 a=-3653,-759,1940 g=-3,-1,-4
WFI t=201251 a=-3662,-764,1934 g=-8,-3,-4
WFI t=201301 a=-3651,-768,1939 g=-2,-3,-4
WFI t=201351 a=-3654,-757,1938 g=-3,-2,-4
WFI t=201401 a=-3648,-750,1939 g=1,0,-4
WFI t=201451 a=-3657,-760,1929 g=-5,-2,-4
WFI t=201501 a=-3656,-753,1928 g=-4,-2,-4
WFI t=201551 a=-3654,-770,1932 g=0,-1,-5
WFI t=201601 a=-3663,-771,1934 g=-4,-2,-5
WFR t=201642 src=bms type=0x02 len=129 data=d2037c0ee90ee80ee90ee90ee90ee80ee90ee90ee80ee80ee90eea0eec0eec0eed0eec0eed0eed0eee0eed0eed0eee0eef0eee0eec0eee0eee0eee0000000000000000003d0000000000000000000000000000042d752f02ad0eee0ee8003d003d00000156001c0001001d0000000100010eeb0006000a00000000000000008103
WFI t=201651 a=-3649,-756,1936 g=-2,-1,-5
WFI t=201701 a=-3661,-774,1933 g=0,-2,-5
WFI t=201751 a=-3651,-765,1933 g=-8,-3,-5
WFI t=201801 a=-3653,-766,1942 g=-4,-2,-5
WFI t=201851 a=-3659,-772,1925 g=-7,-3,-5
WFI t=201901 a=-3656,-762,1922 g=-7,-3,-4
WFI t=201951 a=-3657,-768,1927 g=-3,-1,-5
WFI t=202001 a=-3660,-762,1925 g=-3,-1,-5
WFI t=202051 a=-3651,-764,1943 g=-3,-2,-5
WFI t=202101 a=-3657,-756,1943 g=-4,-1,-4
WFI t=202151 a=-3651,-766,1939 g=-5,-1,-4
WFI t=202201 a=-3661,-758,1936 g=-3,-2,-4
WFI t=202251 a=-3663,-758,1939 g=-2,-3,-4
WFI t=202301 a=-3663,-754,1941 g=-2,-2,-5
WFI t=202351 a=-3652,-757,1944 g=-1,-3,-4
WFI t=202401 a=-3658,-769,1944 g=0,-2,-4
WFI t=202451 a=-3656,-771,1939 g=-1,-3,-5
WFI t=202501 a=-3666,-774,1937 g=-3,-1,-4
WFI t=202551 a=-3649,-770,1927 g=-2,-1,-4
WFI t=202601 a=-3674,-763,1940 g=1,-1,-5
WFR t=202642 src=bms type=0x02 len=129 data=d2037c0ee90ee80ee90ee90ee90ee80ee90ee90ee70ee80ee90eea0eec0eec0eed0eec0eed0eed0eee0eee0eed0eee0eee0eee0eec0eee0eed0eee0000000000000000003d0000000000000000000000000000042d752f02ad0eee0ee7003d003d00000156001c0001001d0000000100010eeb0007000a0000000000000000b0fb
WFI t=202651 a=-3655,-764,1936 g=0,-4,-5
WFI t=202701 a=-3660,-766,1936 g=-2,-2,-4
WFI t=202751 a=-3664,-763,1935 g=-7,-1,-4
WFI t=202801 a=-3652,-761,1939 g=-1,-2,-4
WFI t=202851 a=-3658,-771,1936 g=0,1,-5
WFI t=202901 a=-3654,-750,1926 g=2,1,-4
WFT t=203038 batt_mv=4170 rssi_mcu=0 rssi_bms=-84 mcu=0 bms=147 dropped=0
WFI t=203039 a=-3652,-766,1936 g=0,0,-4
WFI t=203042 a=-3652,-763,1942 g=-5,-1,-5
WFI t=203051 a=-3666,-761,1936 g=-1,0,-6
WFI t=203101 a=-3657,-762,1933 g=-2,-1,-5
WFI t=203151 a=-3651,-758,1947 g=-3,-3,-4
WFI t=203201 a=-3649,-768,1949 g=-6,-1,-3
WFI t=203251 a=-3655,-766,1929 g=-3,-2,-4
WFI t=203301 a=-3645,-752,1943 g=2,-2,-5
WFI t=203351 a=-3650,-769,1936 g=0,-2,-6
WFI t=203401 a=-3645,-770,1936 g=-1,0,-5
WFE t=203446 bms conn update req itvl=15-15 latency=0 timeout=400 via=l2cap
WFI t=203451 a=-3661,-770,1931 g=-5,-1,-4
WFI t=203501 a=-3667,-762,1941 g=-3,-3,-5
WFI t=203551 a=-3670,-754,1936 g=-5,0,-5
WFI t=203601 a=-3647,-766,1937 g=-4,0,-3
WFI t=203651 a=-3653,-760,1928 g=1,0,-4
WFI t=203701 a=-3645,-759,1930 g=0,1,-5
WFR t=203742 src=bms type=0x02 len=129 data=d2037c0ee90ee80ee90ee80ee90ee80ee90ee90ee70ee80ee90eea0eec0eec0eed0eec0eed0eed0eee0eed0eed0eee0eee0eee0eec0eee0eee0eee0000000000000000003d0000000000000000000000000000042d752f02ad0eee0ee7003d003d00000156001c0001001d0000000100010eeb0007000a000000000000000080b4
WFI t=203751 a=-3658,-768,1936 g=-2,-2,-4
WFI t=203801 a=-3660,-754,1923 g=0,-2,-4
WFI t=203851 a=-3655,-765,1937 g=-3,-2,-5
WFI t=203901 a=-3660,-756,1931 g=-1,-2,-4
WFI t=203951 a=-3657,-766,1932 g=-3,-2,-5
WFI t=204001 a=-3661,-758,1937 g=-3,-1,-3
WFI t=204051 a=-3658,-755,1942 g=-4,-1,-4
WFI t=204101 a=-3658,-762,1936 g=-3,-2,-5
WFI t=204151 a=-3658,-755,1931 g=-5,-2,-5
WFI t=204201 a=-3667,-755,1926 g=-3,-3,-3
WFI t=204251 a=-3654,-760,1933 g=1,1,-3
WFI t=204301 a=-3640,-767,1937 g=0,-3,-3
WFI t=204351 a=-3648,-763,1942 g=-3,0,-4
WFI t=204401 a=-3649,-773,1941 g=0,-2,-5
WFI t=204451 a=-3653,-762,1942 g=-7,0,-5
WFI t=204501 a=-3640,-755,1929 g=-5,-2,-4
WFI t=204551 a=-3657,-771,1946 g=1,-1,-4
WFI t=204601 a=-3655,-753,1935 g=-2,-2,-4
WFI t=204651 a=-3656,-766,1946 g=1,-1,-4
WFI t=204701 a=-3658,-765,1928 g=-4,-1,-5
WFR t=204742 src=bms type=0x02 len=129 data=d2037c0ee90ee80ee90ee90ee90ee80ee90ee90ee80ee90ee90eea0eec0eec0eed0eeb0eed0eed0eee0eed0eed0eee0eef0eee0eec0eee0eed0eee0000000000000000003d0000000000000000000000000000042d752e02ad0eee0ee7003d003d00000156001c0001001d0000000100010eeb000700150000000000000000007a
WFI t=204751 a=-3656,-766,1933 g=-4,-1,-4
WFI t=204801 a=-3661,-766,1932 g=-4,-2,-5
WFI t=204851 a=-3654,-758,1938 g=-2,1,-5
WFI t=204901 a=-3648,-747,1938 g=-6,-2,-4
WFI t=205069 a=-3652,-762,1930 g=-3,-1,-4
WFI t=205143 a=-3661,-760,1940 g=-1,-1,-3
WFI t=205234 a=-3662,-755,1930 g=-6,-3,-5
WFI t=205249 a=-3657,-774,1947 g=-7,0,-4
WFI t=205251 a=-3665,-760,1944 g=-2,-2,-4
WFI t=205253 a=-3665,-760,1944 g=-2,-2,-4
WFI t=205255 a=-3665,-760,1944 g=-2,-2,-4
WFI t=205301 a=-3664,-764,1950 g=-4,-2,-4
WFI t=205351 a=-3646,-765,1926 g=1,-2,-4
WFI t=205401 a=-3651,-760,1926 g=-4,-3,-4
WFI t=205451 a=-3654,-759,1931 g=-5,-3,-4
WFI t=205501 a=-3654,-767,1929 g=-9,-1,-5
WFI t=205551 a=-3644,-762,1941 g=-2,-2,-5
WFI t=205601 a=-3647,-761,1944 g=0,-3,-4
WFI t=205651 a=-3645,-765,1932 g=0,-2,-3
WFI t=205701 a=-3661,-767,1930 g=0,-2,-4
WFR t=205742 src=bms type=0x02 len=129 data=d2037c0ee90ee80ee90ee90ee90ee80ee90ee90ee70ee80ee90ee90eec0eec0eed0eeb0eed0eed0eee0eee0eed0eee0eef0eee0eec0eee0eee0eee0000000000000000003d0000000000000000000000000000042d752f02ad0eef0ee7003d003d00000156001c0001001d0000000100010eeb0008000a0000000000000000cddd
WFI t=205751 a=-3655,-773,1929 g=0,-1,-4
WFI t=205801 a=-3656,-771,1934 g=-4,-1,-5
WFI t=205851 a=-3650,-763,1938 g=-3,0,-5
WFI t=205901 a=-3655,-759,1941 g=-2,1,-3
WFI t=205951 a=-3660,-773,1937 g=-2,1,-4
WFI t=206001 a=-3657,-769,1936 g=-3,0,-4
WFI t=206051 a=-3651,-754,1931 g=-5,-1,-4
WFI t=206101 a=-3657,-762,1928 g=-6,-1,-4
WFI t=206151 a=-3667,-754,1940 g=-6,-2,-3
WFI t=206201 a=-3655,-756,1938 g=-1,-2,-5
WFI t=206251 a=-3655,-758,1934 g=3,-3,-4
WFI t=206301 a=-3654,-770,1929 g=-1,-1,-4
WFI t=206351 a=-3654,-769,1937 g=-2,-1,-4
WFI t=206401 a=-3646,-757,1938 g=-4,-1,-3
WFI t=206451 a=-3650,-768,1939 g=-2,0,-4
WFI t=206501 a=-3653,-760,1935 g=0,-1,-4
WFI t=206551 a=-3658,-762,1933 g=-5,0,-5
WFI t=206601 a=-3661,-759,1930 g=2,0,-3
WFI t=206651 a=-3678,-758,1933 g=0,-2,-4
WFI t=206701 a=-3657,-766,1944 g=-6,-3,-5
WFR t=206742 src=bms type=0x02 len=129 data=d2037c0ee90ee80ee90ee90ee90ee80ee90ee90ee70ee80ee90eea0eec0eec0eec0eec0eed0eed0eee0eee0eed0eee0eef0eee0eec0eee0eee0eee0000000000000000003d0000000000000000000000000000042d752f02ad0eef0ee8003d003d00000156001c0001001d0000000100010eeb0007000a00000000000000009f23
WFI t=206751 a=-3674,-768,1950 g=-4,-2,-5
WFI t=206801 a=-3654,-759,1929 g=-1,0,-4
WFI t=206851 a=-3649,-765,1938 g=-4,-2,-5
WFI t=206901 a=-3647,-762,1931 g=-2,-2,-4
WFI t=206979 a=-3649,-769,1937 g=-2,0,-4
WFI t=207070 a=-3652,-765,1945 g=-2,0,-4
WFI t=207072 a=-3653,-750,1934 g=-2,0,-3
WFI t=207101 a=-3663,-759,1936 g=0,-2,-4
WFI t=207151 a=-3653,-766,1943 g=1,0,-4
WFI t=207201 a=-3655,-757,1941 g=-6,-2,-6
WFI t=207251 a=-3652,-775,1934 g=-5,-1,-4
WFI t=207301 a=-3656,-764,1934 g=-3,-2,-4
WFI t=207351 a=-3661,-759,1942 g=1,-1,-3
WFI t=207401 a=-3642,-754,1928 g=-2,0,-4
WFI t=207451 a=-3651,-761,1933 g=-4,-1,-4
WFI t=207501 a=-3665,-769,1928 g=-1,0,-4
WFI t=207551 a=-3648,-769,1933 g=-4,-2,-6
WFI t=207601 a=-3653,-761,1935 g=-2,-2,-5
WFI t=207651 a=-3650,-759,1930 g=-8,-2,-5
WFI t=207701 a=-3642,-767,1934 g=-7,0,-4
WFR t=207742 src=bms type=0x02 len=129 data=d2037c0ee90ee80ee90ee90ee90ee80ee90ee90ee80ee80ee90eea0eed0eec0eec0eeb0eed0eed0eee0eee0eed0eee0eef0eee0eec0eee0eed0eee0000000000000000003d0000000000000000000000000000042d752f02ad0eef0ee8003d003d00000156001c0001001d0000000100010eeb0007000a0000000000000000d1d3
WFI t=207751 a=-3639,-752,1935 g=-8,-1,-5
WFI t=207801 a=-3665,-758,1943 g=2,-2,-5
WFI t=207851 a=-3657,-765,1937 g=-2,-1,-6
WFI t=207901 a=-3645,-756,1937 g=-7,-1,-5
WFI t=207951 a=-3639,-765,1921 g=-6,-1,-5
WFI t=208001 a=-3655,-764,1934 g=0,0,-6
WFI t=208051 a=-3653,-756,1940 g=1,-1,-4
WFT t=208083 batt_mv=4178 rssi_mcu=0 rssi_bms=-85 mcu=0 bms=152 dropped=0
WFI t=208101 a=-3647,-756,1935 g=-1,-2,-4
WFI t=208151 a=-3664,-764,1944 g=-2,-3,-4
WFI t=208201 a=-3659,-760,1943 g=0,-2,-4
WFI t=208251 a=-3657,-762,1928 g=-5,-2,-3
WFI t=208301 a=-3648,-767,1946 g=-2,-2,-4
WFI t=208351 a=-3649,-765,1943 g=-8,-2,-4
WFI t=208401 a=-3650,-769,1944 g=-5,-1,-5
WFI t=208451 a=-3645,-769,1938 g=-5,-1,-5
WFI t=208501 a=-3651,-767,1945 g=-2,-2,-5
WFI t=208551 a=-3654,-758,1940 g=-6,-2,-5
WFI t=208601 a=-3644,-765,1938 g=-9,-3,-5
WFI t=208651 a=-3660,-770,1936 g=3,-2,-4
WFI t=208701 a=-3646,-766,1937 g=-4,-2,-5
WFR t=208742 src=bms type=0x02 len=129 data=d2037c0ee90ee80ee90ee80ee90ee80ee90ee90ee70ee80ee90eea0eec0eec0eed0eeb0eed0eed0eee0eed0eed0eee0eee0eee0eec0eee0eee0eee0000000000000000003d0000000000000000000000000000042d752f02ad0eee0ee7003d003d00000156001c0001001d0000000100010eeb0007000a0000000000000000d585
WFI t=208751 a=-3653,-770,1940 g=-5,0,-5
WFI t=208801 a=-3656,-757,1941 g=-4,-3,-5
WFI t=208851 a=-3652,-760,1933 g=-7,-3,-4
WFI t=208901 a=-3660,-755,1933 g=-5,-1,-6
WFI t=208981 a=-3652,-753,1941 g=-1,-2,-5
WFI t=209076 a=-3662,-764,1940 g=-5,-3,-4
WFI t=209079 a=-3646,-764,1939 g=2,0,-4
WFI t=209101 a=-3648,-764,1918 g=-5,-3,-4
WFI t=209151 a=-3659,-758,1932 g=-4,-1,-5
WFI t=209201 a=-3675,-761,1930 g=-2,-2,-3
WFI t=209251 a=-3652,-762,1935 g=-1,0,-5
WFI t=209301 a=-3655,-760,1943 g=-3,0,-5
WFI t=209351 a=-3658,-782,1935 g=-10,-3,-3
WFI t=209401 a=-3649,-756,1927 g=-4,-1,-4
WFI t=209451 a=-3665,-773,1939 g=-1,0,-6
WFI t=209501 a=-3655,-767,1952 g=-1,0,-5
WFI t=209551 a=-3650,-752,1954 g=-1,-2,-4
WFI t=209601 a=-3661,-768,1936 g=-2,-2,-2
WFI t=209651 a=-3667,-767,1936 g=-2,-2,-5
WFI t=209701 a=-3649,-769,1936 g=2,-2,-6
WFR t=209742 src=bms type=0x02 len=129 data=d2037c0ee90ee80ee90ee90ee90ee80ee90ee90ee70ee80ee90ee90eec0eec0eed0eeb0eed0eed0eee0eee0eed0eee0eee0eee0eec0eee0eee0eee0000000000000000003d0000000000000000000000000000042d752f02ad0eee0ee8003d003d00000156001c0001001d0000000100010eeb0006000a0000000000000000bf04
WFI t=209751 a=-3648,-773,1940 g=-1,-2,-4
WFI t=209801 a=-3655,-779,1946 g=-7,-2,-5
WFI t=209851 a=-3662,-762,1936 g=-3,-4,-4
WFI t=209901 a=-3659,-763,1931 g=7,0,-5
WFI t=209951 a=-3647,-760,1944 g=-7,-1,-4
WFI t=210001 a=-3654,-760,1932 g=-6,-2,-5
WFI t=210051 a=-3650,-778,1928 g=-2,-2,-4
WFI t=210101 a=-3660,-769,1939 g=-1,-1,-5
WFI t=210151 a=-3646,-762,1944 g=1,-1,-5
WFI t=210201 a=-3658,-764,1954 g=-6,-3,-3
WFI t=210251 a=-3651,-754,1932 g=-5,-2,-3
WFI t=210301 a=-3668,-761,1926 g=1,-1,-5
WFI t=210351 a=-3644,-756,1952 g=-9,-1,-5
WFI t=210401 a=-3642,-763,1927 g=-6,-1,-3
WFI t=210451 a=-3660,-763,1930 g=-4,-3,-3
WFI t=210501 a=-3663,-771,1938 g=-4,-2,-4
WFI t=210551 a=-3651,-757,1947 g=2,1,-6
WFI t=210601 a=-3659,-749,1949 g=-3,0,-4
WFI t=210651 a=-3649,-749,1944 g=-3,-1,-4
WFI t=210701 a=-3653,-759,1936 g=-6,-2,-5
WFR t=210742 src=bms type=0x02 len=129 data=d2037c0ee90ee80ee90ee90ee90ee80ee90ee90ee80ee80ee90ee90eed0eec0eec0eec0eed0eed0eee0eed0eed0eee0eee0eee0eec0eee0eee0eee0000000000000000003d0000000000000000000000000000042d753002ad0eee0ee8003d003d00000156001c0001001d0000000100010eeb000600000000000000000000167f
WFI t=210751 a=-3656,-775,1934 g=-2,-2,-5
WFI t=210801 a=-3642,-764,1938 g=-2,-3,-4
WFI t=210851 a=-3647,-772,1945 g=-4,-3,-4
WFI t=210901 a=-3661,-765,1960 g=-9,-3,-3
WFI t=210970 a=-3640,-741,1943 g=2,0,-5
WFI t=211002 a=-3653,-751,1939 g=-5,0,-5
WFI t=211148 a=-3654,-773,1928 g=-3,-1,-3
WFI t=211150 a=-3657,-770,1934 g=-4,-3,-4
WFI t=211152 a=-3657,-770,1934 g=-4,-3,-4
WFI t=211201 a=-3662,-766,1944 g=1,0,-5
WFI t=211251 a=-3657,-762,1944 g=-3,-3,-6
WFI t=211301 a=-3661,-762,1933 g=-2,-2,-2
WFI t=211351 a=-3660,-762,1933 g=-5,-2,-4
WFI t=211401 a=-3659,-771,1934 g=-3,-2,-4
WFI t=211451 a=-3654,-757,1944 g=-3,-1,-6
WFI t=211501 a=-3646,-758,1931 g=-5,-2,-4
WFI t=211551 a=-3653,-764,1934 g=-5,-2,-3
WFI t=211601 a=-3662,-758,1933 g=0,-3,-5
WFI t=211651 a=-3658,-760,1944 g=-2,-3,-6
WFI t=211701 a=-3651,-759,1956 g=-2,-1,-5
WFR t=211742 src=bms type=0x02 len=129 data=d2037c0ee90ee80ee90ee90ee90ee80ee90ee90ee70ee90ee90ee90eec0eec0eed0eeb0eed0eed0eee0eee0eed0eee0eee0eee0eec0eee0eee0eee0000000000000000003d0000000000000000000000000000042d752e02ad0eee0ee7003d003d00000156001c0001001d0000000100010eeb0007001500000000000000002709
WFI t=211751 a=-3636,-758,1947 g=-5,-3,-3
WFI t=211801 a=-3670,-769,1932 g=-4,-2,-3
WFI t=211851 a=-3651,-758,1936 g=-2,0,-5
WFI t=211901 a=-3656,-764,1932 g=-3,0,-4
WFI t=211951 a=-3650,-766,1943 g=-6,-3,-4
WFI t=212001 a=-3655,-772,1940 g=-4,-2,-3
WFI t=212051 a=-3648,-755,1941 g=-2,-1,-4
WFI t=212101 a=-3646,-767,1938 g=-2,0,-5
WFI t=212151 a=-3653,-751,1951 g=-8,-4,-2
WFI t=212201 a=-3663,-767,1945 g=-5,0,-4
WFI t=212251 a=-3654,-763,1930 g=-5,-1,-4
WFI t=212301 a=-3645,-769,1938 g=-2,-1,-5
WFI t=212351 a=-3645,-763,1926 g=-5,-1,-4
WFI t=212401 a=-3643,-773,1929 g=-5,-3,-4
WFI t=212451 a=-3643,-757,1935 g=-1,-2,-4
WFI t=212501 a=-3652,-770,1946 g=-5,-1,-5
WFI t=212551 a=-3651,-771,1939 g=-2,-2,-4
WFI t=212601 a=-3649,-762,1937 g=-1,-2,-3
WFI t=212651 a=-3650,-770,1942 g=-5,-1,-5
WFI t=212701 a=-3651,-775,1932 g=-1,0,-4
WFI t=212751 a=-3655,-772,1931 g=-1,-2,-5
WFI t=212801 a=-3648,-756,1935 g=-4,-2,-3
WFR t=212842 src=bms type=0x02 len=129 data=d2037c0ee90ee80ee90ee90ee90ee80ee90ee90ee70ee80ee90ee90eed0eec0eed0eec0eed0eed0eee0eee0eee0eee0eef0eee0eec0eee0eee0eee0000000000000000003d0000000000000000000000000000042d752e02ad0eee0ee7003d003d00000156001c0001001d0000000100010eeb000700150000000000000000a1ea
WFI t=212851 a=-3667,-739,1943 g=-4,-2,-3
WFI t=212901 a=-3656,-773,1948 g=-1,-2,-4
WFI t=212997 a=-3644,-767,1939 g=-3,-3,-3
WFI t=213097 a=-3647,-766,1931 g=0,-2,-4
WFI t=213100 a=-3661,-763,1929 g=-1,-1,-4
WFI t=213102 a=-3655,-764,1942 g=-4,-1,-4
WFT t=213139 batt_mv=4170 rssi_mcu=0 rssi_bms=-86 mcu=0 bms=157 dropped=0
WFI t=213151 a=-3656,-760,1933 g=-3,-2,-4
WFI t=213201 a=-3672,-754,1939 g=-3,-1,-5
WFI t=213269 a=-3648,-767,1948 g=-1,0,-5
WFI t=213301 a=-3659,-766,1949 g=-6,-3,-4
WFI t=213351 a=-3664,-767,1945 g=-6,-3,-4
WFI t=213401 a=-3640,-763,1940 g=-3,-2,-3
WFI t=213451 a=-3656,-772,1924 g=-4,1,-4
WFI t=213501 a=-3654,-765,1928 g=-6,-1,-5
WFI t=213551 a=-3666,-761,1938 g=1,-1,-6
WFI t=213601 a=-3652,-772,1936 g=-2,1,-4
WFI t=213651 a=-3642,-754,1946 g=-7,0,-6
WFI t=213701 a=-3653,-759,1936 g=-3,-2,-4
WFI t=213751 a=-3657,-772,1933 g=-8,-1,-3
WFI t=213801 a=-3661,-753,1933 g=-1,-1,-4
WFR t=213842 src=bms type=0x02 len=129 data=d2037c0ee90ee80ee90ee90ee90ee80ee90ee90ee70ee80ee90ee90eec0eec0eed0eeb0eed0eed0eee0eed0eed0eee0eee0eee0eec0eee0eed0eee0000000000000000003d0000000000000000000000000000042d752f02ad0eee0ee7003d003d00000156001c0001001d0000000100010eeb0007000a0000000000000000e3f5
WFI t=213851 a=-3667,-744,1951 g=-5,0,-5
WFI t=213901 a=-3663,-764,1925 g=-4,-2,-3
WFI t=214048 a=-3663,-774,1942 g=-5,-2,-4
WFI t=214062 a=-3659,-770,1922 g=-5,0,-4
WFI t=214064 a=-3656,-762,1942 g=-4,-3,-6
WFI t=214101 a=-3656,-766,1939 g=0,-1,-5
WFI t=214151 a=-3643,-765,1943 g=-4,-3,-5
WFI t=214201 a=-3663,-760,1935 g=-6,-1,-3
WFI t=214251 a=-3662,-767,1941 g=-3,-2,-4
WFI t=214301 a=-3650,-762,1939 g=-6,-3,-6
WFI t=214351 a=-3658,-765,1936 g=-1,-2,-4
WFI t=214401 a=-3661,-765,1935 g=-2,-1,-3
WFI t=214451 a=-3659,-751,1927 g=-3,-1,-5
WFI t=214501 a=-3643,-762,1926 g=-2,-1,-3
WFI t=214551 a=-3656,-758,1936 g=-3,-3,-4
WFI t=214601 a=-3651,-762,1941 g=-3,-1,-4
WFI t=214651 a=-3665,-764,1940 g=-4,-2,-4
WFI t=214701 a=-3645,-752,1930 g=-2,-1,-6
WFI t=214751 a=-3656,-772,1945 g=-4,-1,-3
WFI t=214801 a=-3650,-759,1928 g=-2,1,-3
WFR t=214842 src=bms type=0x02 len=129 data=d2037c0ee90ee80ee90ee90ee90ee80ee90ee90ee70ee80ee90ee90eec0eec0eec0eeb0eed0eed0eee0eee0eed0eee0eef0eee0eec0eee0eee0eee0000000000000000003d0000000000000000000000000000042d752f02ad0eef0ee7003d003d00000156001c0001001d0000000100010eeb0008000a0000000000000000e871
WFI t=214851 a=-3656,-776,1930 g=-1,-2,-5
WFI t=214901 a=-3669,-755,1932 g=-4,0,-4
WFI t=214993 a=-3649,-761,1931 g=-1,-1,-4
WFI t=215090 a=-3655,-759,1933 g=-1,-1,-5
WFI t=215093 a=-3666,-774,1944 g=-2,-2,-5
WFI t=215101 a=-3650,-763,1942 g=-3,-1,-4
WFI t=215151 a=-3656,-762,1939 g=0,0,-4
WFI t=215201 a=-3641,-760,1932 g=-5,-1,-2
WFI t=215251 a=-3658,-757,1942 g=2,0,-4
WFI t=215302 a=-3650,-762,1945 g=-1,-1,-4
WFI t=215351 a=-3655,-753,1934 g=2,-2,-4
WFI t=215401 a=-3662,-754,1938 g=0,-1,-5
WFI t=215451 a=-3666,-768,1941 g=-3,-1,-4
WFI t=215501 a=-3651,-763,1939 g=-4,-2,-4
WFI t=215551 a=-3675,-766,1936 g=-4,-2,-4
WFI t=215601 a=-3671,-773,1927 g=-3,-1,-4
WFI t=215651 a=-3657,-755,1937 g=-2,-1,-5
WFI t=215701 a=-3658,-755,1938 g=-3,-1,-4
WFI t=215751 a=-3655,-770,1940 g=-4,-2,-5
WFI t=215801 a=-3643,-755,1934 g=-4,1,-4
WFR t=215842 src=bms type=0x02 len=129 data=d2037c0ee90ee80ee90ee80ee90ee80ee90ee90ee70ee80ee90eea0eec0eec0eed0eeb0eed0eed0eee0eed0eed0eee0eee0eee0eec0eee0eed0eee0000000000000000003d0000000000000000000000000000042d752f02ad0eef0ee8003d003d00000156001c0001001d0000000100010eeb0007000a00000000000000002e51
WFI t=215851 a=-3650,-762,1936 g=-6,-2,-5
WFI t=215901 a=-3657,-771,1931 g=-7,-2,-4
WFI t=215951 a=-3660,-755,1940 g=-5,-1,-5
WFI t=216001 a=-3660,-762,1949 g=-1,0,-4
WFI t=216051 a=-3661,-766,1934 g=0,-1,-3
WFI t=216101 a=-3654,-765,1939 g=-4,-2,-4
WFI t=216151 a=-3668,-770,1941 g=0,0,-4
WFI t=216201 a=-3660,-755,1935 g=-1,-2,-5
WFI t=216251 a=-3652,-764,1933 g=-2,-3,-4
WFI t=216301 a=-3652,-748,1931 g=-3,-1,-4
WFI t=216351 a=-3645,-758,1927 g=-2,-2,-3
WFI t=216401 a=-3681,-764,1928 g=-4,-2,-3
WFI t=216451 a=-3656,-761,1925 g=-2,-1,-5
WFI t=216501 a=-3647,-760,1928 g=-3,-1,-4
WFI t=216551 a=-3658,-767,1948 g=-4,-2,-4
WFI t=216601 a=-3643,-750,1954 g=-6,0,-4
WFI t=216651 a=-3667,-770,1943 g=-4,-2,-3
WFI t=216701 a=-3645,-752,1937 g=-3,-1,-3
WFI t=216751 a=-3665,-763,1933 g=0,-2,-5
WFI t=216801 a=-3656,-760,1935 g=-3,-1,-5
WFR t=216842 src=bms type=0x02 len=129 data=d2037c0ee80ee80ee90ee80ee90ee80ee90ee90ee70ee80ee90ee90eec0eec0eed0eeb0eed0eed0eee0eed0eed0eee0eee0eee0eec0eee0eed0eee0000000000000000003d0000000000000000000000000000042d752e02ad0eee0ee7003d003d00000156001c0001001d0000000100010eeb000700150000000000000000ffc7
WFI t=216851 a=-3653,-759,1931 g=-6,-3,-5
WFI t=216901 a=-3643,-763,1938 g=-4,-1,-5
WFI t=216994 a=-3661,-755,1941 g=-2,-1,-4
WFI t=217088 a=-3648,-751,1934 g=-4,-2,-5
WFI t=217090 a=-3646,-766,1943 g=-5,-1,-5
WFI t=217101 a=-3652,-765,1942 g=-1,0,-5
WFI t=217151 a=-3655,-758,1932 g=1,0,-5
WFI t=217201 a=-3664,-756,1940 g=-5,-1,-6
WFI t=217251 a=-3646,-756,1931 g=-3,-3,-5
WFI t=217301 a=-3661,-777,1939 g=-7,-2,-5
WFI t=217351 a=-3662,-766,1937 g=3,-2,-5
WFI t=217401 a=-3657,-753,1935 g=-4,0,-4
WFI t=217451 a=-3662,-767,1934 g=-5,0,-5
WFI t=217501 a=-3656,-754,1940 g=-2,-2,-3
WFI t=217551 a=-3658,-759,1931 g=-9,-2,-5
WFI t=217601 a=-3652,-754,1935 g=0,-3,-5
WFI t=217651 a=-3664,-754,1940 g=-2,-2,-3
WFI t=217701 a=-3668,-773,1936 g=-3,0,-4
WFI t=217751 a=-3659,-780,1922 g=1,-2,-4
WFI t=217801 a=-3653,-761,1945 g=-1,-1,-4
WFR t=217842 src=bms type=0x02 len=129 data=d2037c0ee90ee80ee90ee90ee90ee80ee90ee90ee70ee80ee90ee90eec0eec0eed0eeb0eed0eed0eee0eed0eed0eee0eee0eee0eec0eee0eed0eee0000000000000000003d0000000000000000000000000000042d752f02ad0eee0ee7003d003d00000156001c0001001d0000000100010eeb0007000a0000000000000000e3f5
WFI t=217851 a=-3662,-762,1937 g=-4,-2,-5
WFI t=217901 a=-3647,-763,1935 g=-5,-2,-2
WFI t=217951 a=-3651,-767,1946 g=-9,-2,-4
WFI t=218001 a=-3649,-758,1943 g=-4,-1,-4
WFI t=218051 a=-3635,-751,1930 g=0,-2,-5
WFI t=218101 a=-3649,-770,1945 g=0,-1,-3
WFI t=218151 a=-3671,-759,1940 g=-6,-1,-4
WFT t=218200 batt_mv=4180 rssi_mcu=0 rssi_bms=-81 mcu=0 bms=162 dropped=0
WFI t=218202 a=-3660,-759,1924 g=-3,-3,-5
WFI t=218251 a=-3655,-755,1927 g=-1,-2,-5
WFI t=218301 a=-3656,-758,1947 g=-4,-2,-6
WFI t=218351 a=-3664,-769,1942 g=-8,0,-4
WFI t=218401 a=-3668,-766,1933 g=-2,-2,-3
WFI t=218451 a=-3654,-764,1939 g=-3,-1,-5
WFI t=218501 a=-3657,-764,1931 g=-5,-1,-5
WFI t=218551 a=-3668,-759,1941 g=-1,-1,-5
WFI t=218601 a=-3659,-763,1937 g=-3,-1,-4
WFI t=218651 a=-3650,-769,1941 g=-2,-2,-4
WFI t=218701 a=-3662,-753,1931 g=-4,-1,-5
WFI t=218751 a=-3659,-764,1944 g=-2,-2,-5
WFI t=218801 a=-3651,-772,1941 g=-1,-2,-4
WFR t=218842 src=bms type=0x02 len=129 data=d2037c0ee90ee80ee90ee90ee90ee80ee90ee90ee70ee80ee90ee90eec0eec0eec0eeb0eed0eed0eee0eed0eed0eee0eee0eee0eec0eee0eed0eee0000000000000000003d0000000000000000000000000000042d752f02ad0eee0ee7003d003d00000156001c0001001d0000000100010eeb0007000a0000000000000000c659
WFI t=218851 a=-3648,-760,1938 g=-6,-2,-4
WFI t=218901 a=-3651,-762,1936 g=-3,-2,-5
WFI t=218951 a=-3656,-764,1934 g=-2,-2,-3
WFI t=219103 a=-3652,-769,1943 g=-3,-2,-4
WFI t=219105 a=-3642,-768,1937 g=-5,-2,-5
WFI t=219107 a=-3642,-768,1937 g=-5,-2,-5
WFI t=219151 a=-3658,-747,1928 g=-1,-1,-4
WFI t=219201 a=-3643,-766,1934 g=1,-1,-4
WFI t=219251 a=-3645,-764,1935 g=-2,-2,-5
WFI t=219301 a=-3651,-766,1925 g=-2,-1,-3
WFI t=219351 a=-3657,-762,1926 g=-5,1,-5
WFI t=219401 a=-3661,-770,1941 g=-4,-2,-4
WFI t=219451 a=-3654,-761,1939 g=-5,-1,-6
WFI t=219501 a=-3663,-757,1943 g=-4,-2,-2
WFI t=219551 a=-3670,-766,1934 g=-4,-2,-3
WFI t=219601 a=-3650,-747,1941 g=1,0,-4
WFI t=219651 a=-3656,-763,1941 g=-2,0,-5
WFI t=219701 a=-3662,-754,1941 g=0,-2,-4
WFI t=219751 a=-3666,-766,1939 g=-5,-1,-3
WFI t=219801 a=-3659,-778,1936 g=-1,-1,-5
WFR t=219842 src=bms type=0x02 len=129 data=d2037c0ee80ee80ee90ee90ee90ee80ee90ee90ee70ee80ee90ee90eec0eec0eed0eeb0eed0eed0eee0eed0eed0eee0eee0eee0eec0eee0eee0eee0000000000000000003d0000000000000000000000000000042d752f02ad0eee0ee7003d003d00000156001c0001001d0000000100010eeb0007000a0000000000000000fb4c
WFI t=219851 a=-3652,-754,1933 g=-5,-3,-6
WFI t=219901 a=-3647,-765,1941 g=-1,-1,-4
WFI t=219951 a=-3660,-763,1935 g=-2,-1,-3
WFI t=220001 a=-3658,-760,1933 g=-5,-1,-3
WFI t=220051 a=-3662,-760,1939 g=0,-1,-6
WFI t=220101 a=-3661,-744,1940 g=-2,-1,-6
WFI t=220151 a=-3657,-753,1949 g=-6,-3,-3
WFI t=220201 a=-3661,-769,1936 g=-5,-1,-3
WFI t=220251 a=-3655,-760,1921 g=-3,-3,-4
WFI t=220301 a=-3647,-761,1944 g=-2,-1,-6
WFI t=220351 a=-3654,-768,1937 g=-3,-2,-5
WFI t=220401 a=-3656,-770,1945 g=1,-2,-3
WFI t=220451 a=-3655,-755,1944 g=-3,0,-5
WFI t=220501 a=-3656,-754,1939 g=-4,-2,-5
WFI t=220551 a=-3644,-756,1928 g=-5,-3,-6
WFI t=220601 a=-3647,-755,1951 g=-3,-3,-3
WFI t=220651 a=-3657,-768,1940 g=-6,-5,-4
WFI t=220701 a=-3662,-761,1925 g=-6,-2,-4
WFI t=220752 a=-3669,-766,1937 g=-1,-1,-4
WFI t=220801 a=-3653,-750,1935 g=1,-1,-4
WFR t=220842 src=bms type=0x02 len=129 data=d2037c0ee90ee80ee90ee80ee90ee80ee90ee90ee70ee80ee90ee90eec0eec0eed0eeb0eed0eed0eee0eed0eed0eee0eee0eee0eec0eee0eed0eee0000000000000000003d0000000000000000000000000000042d752f02ad0eee0ee7003d003d00000156001c0001001d0000000100010eeb0007000a000000000000000020b6
WFI t=220851 a=-3654,-755,1942 g=0,-1,-4
WFI t=220901 a=-3656,-761,1937 g=-1,-1,-6
WFI t=220951 a=-3647,-756,1943 g=-7,-2,-6
WFI t=221027 a=-3647,-757,1939 g=-5,-1,-3
WFI t=221119 a=-3664,-750,1939 g=-4,-2,-5
WFI t=221121 a=-3648,-758,1934 g=-1,-1,-5
WFI t=221151 a=-3648,-767,1939 g=2,-1,-5
WFI t=221201 a=-3643,-759,1941 g=-3,-2,-3
WFI t=221251 a=-3657,-763,1943 g=-8,-3,-3
WFI t=221301 a=-3669,-773,1929 g=1,-2,-4
WFI t=221351 a=-3647,-759,1941 g=-3,-2,-6
WFI t=221401 a=-3645,-755,1935 g=-1,-3,-5
WFI t=221451 a=-3652,-764,1947 g=-4,-1,-3
WFI t=221501 a=-3654,-770,1929 g=-6,-2,-4
WFI t=221551 a=-3655,-762,1943 g=2,1,-4
WFI t=221601 a=-3654,-763,1940 g=-4,-2,-6
WFI t=221651 a=-3648,-751,1931 g=0,0,-5
WFI t=221701 a=-3662,-768,1937 g=-3,-1,-3
WFI t=221766 a=-3652,-765,1934 g=1,0,-3
WFI t=221801 a=-3644,-766,1938 g=-3,-1,-5
WFR t=221842 src=bms type=0x02 len=129 data=d2037c0ee90ee80ee90ee90ee90ee80ee90ee90ee70ee80ee90ee90eec0eec0eec0eeb0eed0eed0eee0eee0eee0eee0eee0eee0eec0eee0eed0eee0000000000000000003d0000000000000000000000000000042d752f02ad0eee0ee7003d003d00000156001c0001001d0000000100010eeb0007000a00000000000000002c32
WFI t=221851 a=-3659,-755,1939 g=-2,0,-4
WFI t=221901 a=-3656,-765,1949 g=-7,-1,-3
WFI t=221951 a=-3655,-772,1940 g=-7,-3,-4
WFI t=222001 a=-3652,-765,1941 g=-2,-1,-4
WFI t=222051 a=-3652,-762,1943 g=-5,0,-5
WFI t=222101 a=-3656,-757,1934 g=-9,-2,-4
WFI t=222151 a=-3672,-765,1940 g=-7,-1,-4
WFI t=222201 a=-3654,-759,1928 g=-3,-1,-4
WFI t=222251 a=-3648,-761,1939 g=1,1,-4
WFI t=222301 a=-3648,-766,1941 g=-4,0,-4
WFI t=222351 a=-3646,-765,1937 g=-7,-1,-5
WFI t=222401 a=-3659,-759,1932 g=-1,-4,-3
WFI t=222451 a=-3668,-762,1935 g=-2,-2,-5
WFI t=222501 a=-3655,-761,1952 g=-2,-1,-4
WFI t=222551 a=-3660,-760,1941 g=-2,-2,-5
WFI t=222601 a=-3661,-751,1952 g=-2,-3,-4
WFI t=222651 a=-3661,-758,1940 g=-1,-2,-5
WFI t=222701 a=-3671,-755,1942 g=-2,-2,-5
WFI t=222751 a=-3650,-765,1940 g=-5,-2,-5
WFI t=222801 a=-3652,-765,1929 g=-3,-2,-3
WFR t=222842 src=bms type=0x02 len=129 data=d2037c0ee90ee80ee90ee80ee90ee80ee90ee90ee70ee80ee90ee90eed0eec0eed0eeb0eed0eed0eee0eed0eed0eee0eee0eee0eec0eee0eee0eee0000000000000000003d0000000000000000000000000000042d752f02ad0eee0ee7003d003d00000156001c0001001d0000000100010eeb0007000a0000000000000000a7de
WFI t=222851 a=-3668,-758,1940 g=3,-2,-5
WFI t=222901 a=-3661,-768,1942 g=-2,-3,-4
WFI t=222951 a=-3650,-756,1939 g=-5,-3,-4
WFI t=223031 a=-3657,-741,1945 g=-6,-4,-4
WFI t=223052 a=-3664,-752,1935 g=-3,0,-5
WFI t=223191 a=-3667,-759,1933 g=-4,-2,-4
WFT t=223258 batt_mv=4168 rssi_mcu=0 rssi_bms=-81 mcu=0 bms=167 dropped=0
WFI t=223336 a=-3656,-774,1928 g=-4,-3,-4
WFI t=223352 a=-3654,-759,1942 g=-5,0,-4
WFI t=223354 a=-3649,-761,1934 g=-2,0,-4
WFI t=223357 a=-3648,-764,1948 g=0,0,-3
WFI t=223359 a=-3648,-764,1948 g=0,0,-3
WFI t=223401 a=-3657,-750,1954 g=-3,-3,-5
WFI t=223451 a=-3643,-773,1951 g=-2,0,-4
WFI t=223501 a=-3651,-760,1955 g=0,0,-4
WFI t=223551 a=-3663,-759,1946 g=-5,-2,-5
WFI t=223601 a=-3655,-769,1927 g=-6,-2,-3
WFI t=223651 a=-3656,-765,1927 g=-8,-3,-4
WFI t=223701 a=-3661,-780,1932 g=1,-1,-5
WFI t=223751 a=-3653,-768,1946 g=6,0,-5
WFI t=223801 a=-3641,-759,1951 g=-6,-3,-3
WFI t=223851 a=-3650,-756,1951 g=-3,-3,-2
WFI t=223901 a=-3683,-772,1925 g=-6,-1,-5
WFR t=223942 src=bms type=0x02 len=129 data=d2037c0ee90ee80ee90ee80ee90ee80ee90ee90ee70ee80ee90ee90eec0eec0eed0eec0eed0eed0eee0eee0eed0eee0eee0eee0eec0eee0eed0eee0000000000000000003d0000000000000000000000000000042d752f02ad0eee0ee7003d003d00000156001c0001001d0000000100010eeb0007000a0000000000000000cace
WFI t=223951 a=-3659,-759,1934 g=9,-1,-7
WFI t=224001 a=-3654,-762,1951 g=-3,-1,-6
WFI t=224051 a=-3659,-761,1943 g=-12,-2,-4
WFI t=224101 a=-3646,-764,1928 g=0,-3,-3
WFI t=224151 a=-3653,-767,1939 g=0,-2,-3
WFI t=224201 a=-3652,-751,1934 g=-1,-1,-5
WFI t=224251 a=-3661,-755,1941 g=0,-2,-5
WFI t=224301 a=-3662,-760,1952 g=-5,0,-3
WFI t=224351 a=-3654,-761,1935 g=-3,-2,-6
WFI t=224401 a=-3639,-770,1926 g=-3,1,-4
WFI t=224451 a=-3651,-773,1925 g=-4,-2,-4
WFI t=224501 a=-3669,-763,1936 g=1,-2,-4
WFI t=224551 a=-3663,-760,1933 g=-2,-1,-5
WFI t=224601 a=-3668,-766,1941 g=-4,-3,-6
WFI t=224651 a=-3646,-755,1951 g=-5,0,-3
WFI t=224701 a=-3648,-758,1933 g=-3,0,-3
WFI t=224751 a=-3656,-749,1932 g=-6,-2,-5
WFI t=224801 a=-3654,-776,1934 g=2,-1,-6
WFI t=224851 a=-3643,-763,1953 g=-4,-1,-5
WFI t=224901 a=-3642,-768,1931 g=-5,0,-2
WFR t=224942 src=bms type=0x02 len=129 data=d2037c0ee90ee80ee90ee80ee90ee80ee90ee90ee70ee80ee90ee90eec0eec0eed0eeb0eed0eed0eee0eed0eed0eee0eee0eee0eec0eee0eed0eee0000000000000000003d0000000000000000000000000000042d752f02ad0eee0ee7003d003d00000156001c0001001d0000000100010eeb0007000a000000000000000020b6
WFI t=224951 a=-3662,-767,1939 g=-9,-2,-4
WFI t=225033 a=-3673,-753,1942 g=-2,-3,-6
WFI t=225128 a=-3654,-745,1954 g=-2,-2,-3
WFI t=225131 a=-3652,-749,1942 g=-2,0,-4
WFI t=225151 a=-3659,-771,1931 g=-6,-3,-3
WFI t=225201 a=-3645,-764,1935 g=-1,-3,-5
WFI t=225251 a=-3648,-760,1931 g=-5,-2,-4
WFI t=225301 a=-3653,-777,1946 g=1,0,-4
WFI t=225351 a=-3650,-749,1949 g=-2,-1,-3
WFI t=225401 a=-3653,-760,1946 g=-2,-1,-3
WFI t=225451 a=-3654,-762,1941 g=-3,0,-4
WFI t=225501 a=-3649,-770,1932 g=-4,0,-4
WFI t=225551 a=-3660,-759,1927 g=-1,-1,-4
WFI t=225601 a=-3651,-776,1938 g=-7,-1,-3
WFI t=225651 a=-3648,-760,1942 g=-4,-1,-6
WFI t=225701 a=-3655,-765,1939 g=-2,-3,-4
WFI t=225751 a=-3652,-763,1948 g=-2,-2,-3
WFI t=225801 a=-3654,-754,1947 g=-4,-2,-3
WFI t=225851 a=-3656,-752,1944 g=1,-2,-5
WFI t=225901 a=-3641,-769,1932 g=-6,-2,-5
WFR t=225942 src=bms type=0x02 len=129 data=d2037c0ee90ee80ee90ee90ee90ee80ee90ee90ee70ee80ee90ee90eec0eec0eed0eeb0eed0eed0eee0eee0eee0eee0eef0eee0eec0eee0eee0eee0000000000000000003d0000000000000000000000000000042d753002ad0eef0ee7003d003d00000156001c0001001d0000000100010eeb000800000000000000000000a9d4
WFI t=225951 a=-3640,-759,1932 g=-1,-1,-4
WFI t=226001 a=-3663,-762,1943 g=-6,-2,-4
WFI t=226051 a=-3663,-757,1948 g=-5,-2,-5
WFI t=226101 a=-3656,-765,1948 g=-1,-1,-4
WFI t=226151 a=-3663,-749,1943 g=-5,-2,-6
WFI t=226201 a=-3635,-764,1940 g=-1,-3,-3
WFI t=226251 a=-3658,-777,1936 g=-3,-1,-4
WFI t=226301 a=-3658,-763,1936 g=-7,-3,-4
WFI t=226351 a=-3657,-767,1939 g=0,0,-4
WFI t=226401 a=-3665,-763,1933 g=-5,-1,-3
WFI t=226451 a=-3656,-760,1952 g=-4,-2,-3
WFI t=226501 a=-3652,-758,1943 g=-3,-1,-4
WFI t=226551 a=-3648,-758,1947 g=-7,-2,-5
WFI t=226601 a=-3651,-752,1931 g=-3,-2,-5
WFI t=226651 a=-3641,-765,1943 g=-3,-2,-4
WFI t=226701 a=-3656,-770,1932 g=-4,-1,-5
WFI t=226751 a=-3669,-768,1918 g=-3,-2,-3
WFI t=226801 a=-3650,-758,1938 g=-3,-1,-5
WFI t=226851 a=-3648,-763,1928 g=0,1,-6
WFI t=226901 a=-3653,-752,1948 g=-2,-1,-4
WFR t=226942 src=bms type=0x02 len=129 data=d2037c0ee90ee80ee90ee90ee90ee80ee90ee90ee70ee80ee90ee90eec0eec0eed0eeb0eed0eed0eee0eed0eed0eee0eef0eee0eec0eee0eee0eee0000000000000000003d0000000000000000000000000000042d752f02ad0eef0ee7003d003d00000156001c0001001d0000000100010eeb0008000a00000000000000007294
WFI t=226951 a=-3659,-763,1951 g=-3,-2,-3
WFI t=227001 a=-3652,-750,1948 g=-4,-2,-4
WFI t=227140 a=-3664,-760,1931 g=-7,-1,-4
WFI t=227142 a=-3660,-756,1926 g=-5,0,-4
WFI t=227151 a=-3655,-761,1934 g=-6,1,-5
WFI t=227201 a=-3645,-769,1928 g=-4,-1,-5
WFI t=227251 a=-3661,-764,1929 g=-2,-3,-5
WFI t=227301 a=-3654,-757,1951 g=-1,-1,-6
WFI t=227351 a=-3656,-753,1941 g=-1,-2,-4
WFI t=227401 a=-3653,-756,1938 g=0,-1,-2
WFI t=227451 a=-3667,-757,1937 g=-7,0,-5
WFI t=227501 a=-3655,-764,1930 g=-3,-1,-6
WFI t=227551 a=-3649,-769,1941 g=-1,-1,-4
WFI t=227601 a=-3653,-770,1938 g=-4,-3,-4
WFI t=227651 a=-3676,-770,1941 g=-7,-1,-4
WFI t=227701 a=-3656,-769,1940 g=4,-1,-6
WFI t=227751 a=-3651,-756,1953 g=-1,-1,-5
WFI t=227801 a=-3648,-755,1953 g=-6,-2,-4
WFI t=227851 a=-3649,-760,1928 g=-8,-1,-3
WFI t=227901 a=-3657,-774,1937 g=-4,0,-5
WFI t=227951 a=-3663,-761,1938 g=-1,0,-5
WFI t=228001 a=-3649,-758,1938 g=-2,-1,-5
WFR t=228042 src=bms type=0x02 len=129 data=d2037c0ee90ee80ee90ee80ee90ee80ee90ee90ee70ee80ee90ee90eec0eed0eed0eeb0eed0eed0eee0eed0eed0eee0eee0eee0eed0eee0eed0eee0000000000000000003d0000000000000000000000000000042d752f02ad0eef0ee7003d003d00000156001c0001001d0000000100010eeb0008000a0000000000000000ebe3
WFI t=228051 a=-3653,-754,1943 g=-4,-3,-3
WFI t=228101 a=-3667,-771,1942 g=0,-2,-3
WFI t=228151 a=-3664,-757,1942 g=-5,0,-6
WFI t=228201 a=-3648,-758,1944 g=-2,1,-5
WFI t=228251 a=-3634,-753,1937 g=-4,-2,-4
WFI t=228301 a=-3650,-758,1927 g=0,-1,-4
WFT t=228330 batt_mv=4178 rssi_mcu=0 rssi_bms=-90 mcu=0 bms=172 dropped=0
WFI t=228351 a=-3660,-773,1937 g=-2,-2,-4
WFI t=228401 a=-3646,-757,1938 g=-3,-2,-3
WFI t=228451 a=-3653,-759,1942 g=-1,-2,-3
WFI t=228501 a=-3641,-762,1940 g=-3,-1,-4
WFI t=228551 a=-3657,-755,1937 g=-4,-2,-5
WFI t=228601 a=-3659,-767,1943 g=-2,-1,-5
WFI t=228651 a=-3649,-755,1930 g=-2,-1,-4
WFI t=228701 a=-3672,-765,1940 g=-5,-3,-4
WFI t=228751 a=-3656,-767,1931 g=-2,0,-4
WFI t=228801 a=-3654,-760,1942 g=-3,-1,-5
WFI t=228851 a=-3647,-757,1947 g=-1,-1,-3
WFI t=228901 a=-3653,-769,1947 g=-10,-1,-2
WFI t=228951 a=-3666,-755,1926 g=-4,-3,-4
WFI t=229001 a=-3649,-768,1938 g=-1,-1,-6
WFI t=229137 a=-3647,-757,1946 g=-3,-3,-6
WFI t=229154 a=-3653,-757,1922 g=-6,-2,-5
WFI t=229157 a=-3653,-757,1922 g=-6,-2,-5
WFI t=229201 a=-3660,-753,1925 g=2,1,-6
WFI t=229251 a=-3656,-763,1932 g=2,1,-6
WFI t=229301 a=-3640,-756,1945 g=-6,-2,-3
WFI t=229351 a=-3660,-755,1928 g=-9,-3,-2
WFI t=229401 a=-3662,-774,1931 g=1,-2,-4
WFI t=229451 a=-3655,-773,1933 g=-1,-1,-5
WFI t=229501 a=-3651,-759,1945 g=-2,-3,-6
WFI t=229551 a=-3650,-751,1943 g=-7,-2,-4
WFI t=229601 a=-3646,-761,1941 g=-2,-1,-3
WFI t=229651 a=-3653,-765,1935 g=0,-1,-4
WFI t=229701 a=-3649,-767,1944 g=-6,-2,-4
WFI t=229751 a=-3654,-756,1936 g=-2,-2,-5
WFI t=229801 a=-3651,-768,1936 g=-1,-2,-3
WFI t=229851 a=-3664,-752,1935 g=-3,-1,-4
WFI t=229901 a=-3655,-763,1934 g=0,-2,-4
WFI t=229951 a=-3633,-752,1934 g=-6,-1,-4
WFI t=230001 a=-3658,-764,1944 g=-5,-2,-4
WFI t=230051 a=-3656,-764,1934 g=-1,0,-5
WFI t=230101 a=-3649,-765,1942 g=-4,0,-5
WFI t=230160 a=-3647,-767,1944 g=-3,-1,-4
WFI t=230201 a=-3645,-757,1929 g=-8,-1,-3
WFI t=230251 a=-3659,-758,1940 g=-5,-3,-3
WFI t=230301 a=-3665,-756,1936 g=3,0,-5
WFI t=230351 a=-3643,-753,1951 g=3,0,-5
WFI t=230401 a=-3646,-765,1946 g=-3,-1,-3
WFI t=230451 a=-3649,-751,1940 g=-4,-1,-3
WFI t=230501 a=-3649,-776,1937 g=-7,0,-4
WFI t=230551 a=-3664,-770,1933 g=4,-2,-4
WFI t=230601 a=-3651,-761,1939 g=-2,-1,-4
WFI t=230651 a=-3665,-763,1931 g=-8,-3,-3
WFI t=230701 a=-3643,-753,1939 g=-2,-2,-2
WFI t=230752 a=-3664,-754,1939 g=-5,-2,-4
WFI t=230801 a=-3651,-753,1938 g=0,-1,-6
WFI t=230851 a=-3655,-775,1934 g=-4,-2,-4
WFI t=230901 a=-3663,-761,1936 g=-5,-1,-3
WFI t=230951 a=-3654,-778,1929 g=-7,-1,-5
WFI t=231001 a=-3658,-758,1943 g=1,-1,-6
WFI t=231061 a=-3638,-755,1937 g=-1,-2,-4
WFI t=231281 a=-3665,-759,1943 g=-7,-2,-3
WFI t=231296 a=-3658,-759,1945 g=1,-2,-4
WFI t=231299 a=-3652,-759,1939 g=0,-1,-4
WFI t=231302 a=-3652,-758,1941 g=-5,0,-4
WFI t=231304 a=-3652,-758,1941 g=-5,0,-4
WFI t=231351 a=-3657,-779,1927 g=-6,-4,-3
WFI t=231401 a=-3652,-774,1933 g=3,-1,-5
WFI t=231451 a=-3647,-765,1932 g=-4,-2,-4
WFI t=231501 a=-3644,-759,1933 g=0,0,-3
WFI t=231551 a=-3666,-764,1930 g=-2,-1,-5
WFI t=231601 a=-3659,-763,1926 g=-2,-1,-5
WFI t=231651 a=-3650,-763,1937 g=-3,-2,-6
WFI t=231701 a=-3645,-761,1936 g=-1,-3,-5
WFI t=231751 a=-3655,-771,1934 g=-3,0,-4
WFI t=231801 a=-3647,-766,1926 g=-3,-1,-4
WFI t=231851 a=-3662,-754,1937 g=-4,-3,-5
WFI t=231901 a=-3659,-753,1930 g=-2,-2,-6
WFI t=231951 a=-3659,-772,1939 g=-4,1,-4
WFI t=232001 a=-3661,-781,1931 g=-1,-2,-4
WFI t=232051 a=-3654,-762,1933 g=2,-1,-5
WFI t=232101 a=-3659,-762,1943 g=0,0,-5
WFI t=232151 a=-3652,-754,1947 g=-6,-1,-3
WFI t=232201 a=-3654,-755,1937 g=-5,-2,-3
WFI t=232251 a=-3663,-758,1920 g=-7,-2,-5
WFI t=232301 a=-3664,-757,1926 g=-3,-1,-4
WFI t=232351 a=-3649,-774,1933 g=3,-2,-5
WFI t=232401 a=-3642,-772,1933 g=-4,-1,-3
WFI t=232451 a=-3652,-773,1936 g=1,-2,-3
WFI t=232501 a=-3656,-738,1939 g=-4,-3,-4
WFI t=232551 a=-3661,-746,1944 g=-6,-1,-4
WFI t=232601 a=-3655,-755,1930 g=-5,-2,-3
WFI t=232651 a=-3652,-761,1923 g=0,0,-5
WFI t=232701 a=-3646,-769,1930 g=0,-1,-6
WFI t=232751 a=-3649,-776,1934 g=-5,-3,-5
WFI t=232802 a=-3655,-759,1928 g=-5,-3,-3
WFI t=232851 a=-3657,-760,1941 g=-8,-3,-4
WFI t=232901 a=-3657,-760,1932 g=-2,-2,-4
WFI t=232951 a=-3654,-743,1947 g=-2,-2,-5
WFI t=233001 a=-3657,-760,1943 g=0,-2,-3
WFI t=233080 a=-3644,-768,1916 g=-5,-1,-4
WFI t=233115 a=-3657,-769,1922 g=-7,0,-6
WFI t=233152 a=-3652,-761,1935 g=0,-2,-5
WFI t=233242 a=-3653,-763,1945 g=-2,-2,-4
WFI t=233251 a=-3662,-758,1943 g=-5,-2,-5
WFI t=233301 a=-3662,-749,1939 g=2,-2,-3
WFI t=233351 a=-3646,-763,1929 g=-2,-1,-5
WFI t=233401 a=-3654,-760,1934 g=-5,0,-5
WFT t=233428 batt_mv=4182 rssi_mcu=0 rssi_bms=-83 mcu=0 bms=172 dropped=0
WFI t=233451 a=-3647,-764,1937 g=-3,-1,-4
WFI t=233501 a=-3647,-762,1929 g=-2,1,-3
WFI t=233551 a=-3650,-766,1923 g=-1,-2,-5
WFI t=233601 a=-3664,-762,1928 g=-4,-1,-4
WFI t=233651 a=-3649,-766,1936 g=-4,-3,-5
WFI t=233701 a=-3654,-764,1932 g=0,-1,-5
WFI t=233751 a=-3657,-762,1937 g=-5,-1,-5
WFI t=233801 a=-3663,-759,1937 g=-2,-2,-5
WFI t=233852 a=-3648,-771,1936 g=-2,0,-4
WFI t=233901 a=-3658,-744,1927 g=-5,-3,-5
WFI t=233951 a=-3661,-761,1934 g=0,-3,-4
WFI t=234001 a=-3655,-773,1947 g=-5,-2,-5
WFI t=234051 a=-3662,-756,1939 g=-4,-2,-5
WFI t=234101 a=-3649,-769,1938 g=0,-1,-4
WFI t=234151 a=-3651,-779,1929 g=-5,-2,-4
WFI t=234201 a=-3655,-766,1938 g=-4,-2,-4
WFI t=234251 a=-3652,-765,1933 g=-5,-2,-4
WFI t=234301 a=-3658,-755,1930 g=3,-1,-4
WFI t=234351 a=-3641,-775,1933 g=-4,-2,-4
WFI t=234401 a=-3662,-762,1935 g=-5,-4,-4
WFI t=234451 a=-3655,-759,1941 g=-4,0,-4
WFI t=234501 a=-3653,-762,1937 g=-4,-2,-5
WFI t=234551 a=-3651,-750,1940 g=-5,-1,-3
WFI t=234601 a=-3654,-775,1931 g=-3,-2,-4
WFI t=234651 a=-3669,-767,1920 g=2,-1,-5
WFI t=234701 a=-3661,-761,1928 g=4,-1,-5
WFI t=234751 a=-3653,-757,1940 g=0,-3,-4
WFI t=234801 a=-3660,-764,1944 g=-3,-2,-3
WFI t=234851 a=-3656,-768,1924 g=-5,-2,-6
WFI t=234901 a=-3653,-767,1927 g=-4,-3,-4
WFI t=234951 a=-3643,-761,1936 g=-4,0,-4
WFI t=235001 a=-3652,-771,1929 g=-6,-2,-4
WFI t=235083 a=-3657,-754,1912 g=-2,-2,-4
WFI t=235174 a=-3642,-756,1937 g=-5,-2,-5
WFI t=235177 a=-3642,-756,1937 g=-5,-2,-5
WFI t=235201 a=-3650,-756,1945 g=-4,-2,-3
WFI t=235251 a=-3649,-766,1930 g=-4,-1,-3
WFI t=235301 a=-3662,-758,1922 g=-7,-1,-3
WFI t=235351 a=-3649,-756,1925 g=-4,-1,-4
WFI t=235401 a=-3668,-766,1933 g=-3,-1,-4
WFI t=235451 a=-3649,-754,1930 g=-3,-2,-6
WFI t=235501 a=-3660,-764,1928 g=-3,-3,-3
WFI t=235551 a=-3670,-768,1932 g=0,-2,-4
WFI t=235601 a=-3648,-769,1938 g=-4,-3,-5
WFI t=235651 a=-3648,-755,1930 g=1,-1,-4
WFI t=235701 a=-3653,-758,1931 g=-8,0,-4
WFI t=235751 a=-3668,-765,1933 g=-2,-1,-4
WFI t=235801 a=-3664,-754,1924 g=-1,-2,-3
WFI t=235851 a=-3652,-773,1934 g=-3,-3,-5
WFI t=235901 a=-3656,-766,1939 g=-2,-1,-4
WFI t=235951 a=-3660,-769,1934 g=-2,-1,-5
WFI t=236001 a=-3656,-767,1945 g=-5,-2,-5
WFI t=236051 a=-3657,-763,1939 g=-4,-1,-3
WFI t=236101 a=-3657,-760,1931 g=-3,-1,-5
WFI t=236151 a=-3660,-769,1932 g=-7,0,-5
WFI t=236201 a=-3657,-764,1942 g=-2,-1,-4
WFI t=236251 a=-3645,-769,1939 g=-5,-2,-4
WFI t=236301 a=-3658,-769,1939 g=-2,-1,-5
WFI t=236351 a=-3651,-756,1931 g=-4,-1,-4
WFI t=236401 a=-3658,-755,1929 g=-6,-2,-5
WFI t=236451 a=-3660,-760,1938 g=-5,0,-5
WFI t=236501 a=-3652,-774,1931 g=-1,0,-4
WFI t=236551 a=-3656,-760,1928 g=-3,-1,-3
WFI t=236601 a=-3646,-738,1950 g=-5,-2,-5
WFI t=236651 a=-3669,-760,1940 g=-4,-2,-5
WFI t=236701 a=-3652,-770,1926 g=-3,-2,-5
WFI t=236751 a=-3654,-775,1943 g=-5,-1,-5
WFI t=236801 a=-3660,-761,1936 g=-5,0,-5
WFI t=236851 a=-3651,-759,1946 g=-3,0,-5
WFI t=236901 a=-3664,-762,1925 g=3,-1,-4
WFI t=236951 a=-3663,-768,1932 g=-4,-1,-5
WFI t=237001 a=-3653,-768,1933 g=-4,-2,-5
WFI t=237051 a=-3666,-750,1937 g=-4,-2,-5
WFI t=237178 a=-3653,-765,1933 g=-4,-2,-5
WFI t=237180 a=-3644,-754,1934 g=0,1,-3
WFI t=237201 a=-3651,-759,1928 g=-2,-3,-4
WFI t=237251 a=-3650,-760,1933 g=-3,-1,-5
WFI t=237301 a=-3652,-767,1928 g=-2,-2,-5
WFI t=237351 a=-3648,-773,1945 g=-3,-3,-4
WFI t=237401 a=-3661,-765,1931 g=1,-2,-3
WFI t=237451 a=-3661,-766,1931 g=2,-1,-4
WFI t=237501 a=-3657,-764,1938 g=-6,-2,-3
WFI t=237551 a=-3661,-764,1930 g=-5,0,-4
WFI t=237601 a=-3659,-766,1941 g=-6,-2,-4
WFI t=237651 a=-3655,-765,1929 g=-4,-1,-4
WFI t=237701 a=-3646,-757,1936 g=-2,-1,-4
WFI t=237751 a=-3658,-774,1936 g=-1,-1,-4
WFI t=237801 a=-3664,-760,1938 g=-4,0,-5
WFI t=237851 a=-3660,-768,1928 g=-6,-2,-4
WFI t=237901 a=-3648,-770,1934 g=-8,-3,-4
WFI t=237951 a=-3662,-768,1929 g=-2,-2,-5
WFI t=238001 a=-3656,-765,1929 g=-4,-3,-4
WFE t=238049 bms stale, no frame for 10005 ms, dropping link
WFI t=238051 a=-3642,-755,1946 g=-5,-1,-4
WFE t=238062 bms link down (stale) after 28 answers in 37807 ms, writes=38 err=0 silent=10 bytes=3612
WFI t=238101 a=-3647,-764,1931 g=-4,-2,-5
WFE t=238142 bms disconnected reason=534
WFI t=238151 a=-3660,-765,1942 g=-7,-2,-4
WFI t=238201 a=-3648,-760,1937 g=-3,-3,-4
WFI t=238251 a=-3658,-767,1936 g=-7,0,-5
WFI t=238301 a=-3652,-772,1931 g=-4,-2,-4
WFI t=238351 a=-3649,-753,1932 g=0,-2,-5
WFI t=238401 a=-3646,-768,1938 g=-1,-1,-4
WFI t=238451 a=-3647,-770,1936 g=-2,-2,-4
WFI t=238501 a=-3653,-769,1934 g=-1,-1,-3
WFI t=238551 a=-3649,-757,1935 g=-3,-2,-3
WFI t=238601 a=-3657,-760,1935 g=2,-1,-4
WFI t=238651 a=-3664,-754,1933 g=-2,1,-5
WFI t=238701 a=-3651,-756,1934 g=-4,-3,-5
WFI t=238751 a=-3651,-769,1941 g=0,-2,-3
WFI t=238801 a=-3651,-758,1947 g=-2,-2,-4
WFI t=238851 a=-3658,-759,1938 g=-2,-1,-3
WFI t=238901 a=-3650,-752,1944 g=-3,-2,-4
WFI t=238951 a=-3659,-754,1933 g=-7,-1,-4
WFI t=239001 a=-3649,-771,1942 g=-2,0,-4
WFI t=239051 a=-3642,-759,1935 g=-3,-2,-5
WFI t=239195 a=-3657,-766,1937 g=-3,0,-5
WFI t=239198 a=-3659,-757,1935 g=-2,0,-5
WFI t=239201 a=-3649,-764,1939 g=-2,-1,-4
WFI t=239251 a=-3655,-763,1930 g=-2,-2,-4
WFI t=239301 a=-3661,-766,1934 g=-1,-2,-4
WFI t=239351 a=-3654,-769,1934 g=-3,-2,-5
WFI t=239401 a=-3654,-763,1933 g=-1,-1,-4
WFI t=239451 a=-3650,-767,1929 g=4,-1,-4
WFI t=239501 a=-3651,-759,1942 g=-6,-2,-5
WFI t=239551 a=-3655,-741,1931 g=-3,-2,-4
WFI t=239601 a=-3662,-762,1938 g=-4,-2,-5
WFI t=239651 a=-3656,-764,1930 g=-3,-1,-4
WFI t=239701 a=-3660,-765,1942 g=-7,-3,-5
WFI t=239751 a=-3657,-767,1946 g=-4,0,-5
WFI t=239801 a=-3658,-765,1940 g=1,-2,-4
WFI t=239851 a=-3653,-763,1938 g=-1,-2,-5
WFI t=239901 a=-3661,-750,1926 g=1,-1,-4
WFI t=239951 a=-3653,-767,1936 g=-2,-2,-3
WFI t=240001 a=-3647,-752,1943 g=-2,0,-5
WFI t=240051 a=-3656,-761,1932 g=-5,-2,-5
WFI t=240101 a=-3645,-749,1934 g=-2,-1,-4
WFE t=240143 bms subscribed val=0x0010 cccd=0x0011 ctrl=0x0014 mtu=512 regs=62
WFE t=240144 bms conn itvl=80 latency=0 timeout=600
WFI t=240151 a=-3657,-758,1943 g=-4,-2,-4
WFE t=240173 bms conn update force itvl=80 rc=0
WFE t=240174 bms reconnected (attempt 6)
WFT t=240192 batt_mv=4182 rssi_mcu=0 rssi_bms=-84 mcu=0 bms=172 dropped=0
WFE t=240194 bms mtu event mtu=512
WFI t=240201 a=-3659,-762,1935 g=-4,-2,-4
WFE t=240243 bms conn update req itvl=12-12 latency=0 timeout=400 via=l2cap
WFI t=240251 a=-3656,-762,1937 g=-7,-1,-5
WFI t=240301 a=-3661,-771,1943 g=-5,-2,-4
WFI t=240351 a=-3651,-765,1935 g=-6,-3,-4
WFI t=240402 a=-3667,-762,1936 g=-4,-2,-5
WFR t=240443 src=bms type=0x02 len=129 data=d2037c0ee90ee80ee90ee80ee90ee80ee90ee90ee70ee80ee90ee90eec0eec0eed0eec0eed0eed0eee0eed0eed0eee0eef0eee0eec0eee0eed0eee0000000000000000003d0000000000000000000000000000042d752f02ad0eee0ee7003d003d00000156001c0001001d0000000100010eeb0007000a00000000000000008427
WFI t=240451 a=-3648,-764,1934 g=1,-1,-5
WFI t=240501 a=-3643,-764,1939 g=-5,-2,-4
WFI t=240551 a=-3649,-763,1948 g=-4,-1,-3
WFI t=240601 a=-3655,-761,1939 g=-3,-1,-3
WFI t=240716 a=-3650,-765,1939 g=-2,-1,-4
WFI t=240789 a=-3659,-756,1941 g=-1,-2,-4
WFI t=240791 a=-3650,-755,1941 g=-3,0,-4
WFI t=240801 a=-3663,-757,1923 g=-8,-2,-4
WFE t=240843 bms conn update status=0 itvl=80 latency=0 timeout=600
WFI t=240851 a=-3649,-764,1932 g=1,0,-5
WFI t=240901 a=-3660,-763,1929 g=-4,-2,-5
WFI t=240951 a=-3659,-774,1932 g=-7,-3,-4
WFI t=241001 a=-3654,-773,1937 g=-5,-3,-5
WFI t=241051 a=-3655,-770,1935 g=-3,-1,-4
WFI t=241120 a=-3652,-758,1934 g=-2,-1,-5
WFI t=241205 a=-3652,-754,1945 g=-3,0,-4
WFI t=241207 a=-3652,-765,1939 g=-9,-2,-5
WFI t=241251 a=-3659,-768,1929 g=-6,-1,-4
WFI t=241301 a=-3646,-763,1924 g=-3,-3,-5
WFI t=241351 a=-3644,-766,1936 g=-1,-2,-4
WFI t=241401 a=-3654,-753,1929 g=-5,-1,-4
WFI t=241451 a=-3660,-773,1940 g=-3,-2,-4
WFI t=241501 a=-3647,-758,1944 g=-6,-2,-5
WFR t=241543 src=bms type=0x02 len=129 data=d2037c0ee90ee80ee90ee80ee90ee80ee90ee90ee70ee80ee90ee90eec0eec0eed0eeb0eed0eed0eee0eed0eed0eee0eef0eee0eec0eee0eed0eee0000000000000000003d0000000000000000000000000000042d752f02ad0eef0ee7003d003d00000156001c0001001d0000000100010eeb0008000a0000000000000000fd92
WFI t=241551 a=-3658,-754,1932 g=-1,-2,-5
WFI t=241601 a=-3654,-763,1938 g=-2,-1,-5
WFI t=241651 a=-3653,-764,1938 g=-1,-2,-5
WFI t=241701 a=-3662,-763,1956 g=-5,-1,-4
WFI t=241751 a=-3660,-765,1934 g=1,-2,-3
WFI t=241801 a=-3664,-763,1932 g=0,-1,-5
WFI t=241851 a=-3645,-764,1926 g=-3,-1,-5
WFI t=241901 a=-3654,-772,1930 g=-3,-1,-5
WFI t=241951 a=-3655,-779,1928 g=-6,-1,-4
WFI t=242001 a=-3655,-760,1924 g=-4,-3,-5
WFI t=242051 a=-3646,-757,1943 g=0,-1,-5
WFI t=242101 a=-3653,-769,1942 g=-3,-2,-5
WFI t=242151 a=-3658,-759,1926 g=-6,-2,-4
WFI t=242201 a=-3659,-764,1925 g=-5,-1,-3
WFI t=242251 a=-3661,-769,1936 g=-2,-1,-5
WFI t=242301 a=-3642,-760,1928 g=-5,-1,-6
WFI t=242351 a=-3648,-765,1940 g=-6,-3,-5
WFI t=242401 a=-3652,-755,1940 g=-3,-2,-4
WFI t=242451 a=-3659,-763,1925 g=-3,-1,-6
WFI t=242501 a=-3656,-770,1936 g=-3,-2,-5
WFR t=242543 src=bms type=0x02 len=129 data=d2037c0ee90ee80ee90ee80ee90ee80ee90ee90ee70ee80ee90eea0eec0eec0eec0eec0eed0eed0eee0eed0eed0eee0eee0eee0eec0eee0eed0eee0000000000000000003d0000000000000000000000000000042d752f02ad0eee0ee7003d003d00000156001c0001001d0000000100010eeb0007000a0000000000000000e95d
WFI t=242551 a=-3658,-768,1936 g=-7,-1,-5
WFI t=242601 a=-3655,-765,1931 g=-3,-1,-4
WFI t=242651 a=-3662,-764,1923 g=-2,-3,-5
WFI t=242701 a=-3652,-759,1940 g=2,-2,-5
WFI t=242751 a=-3658,-768,1933 g=-9,-2,-4
WFI t=242801 a=-3657,-771,1932 g=-3,-3,-2
WFI t=242851 a=-3662,-765,1931 g=-5,-3,-5
WFI t=242901 a=-3657,-750,1924 g=-1,-2,-4
WFI t=242951 a=-3664,-757,1938 g=4,-2,-4
WFI t=243001 a=-3657,-754,1944 g=-6,-2,-4
WFI t=243051 a=-3658,-761,1935 g=-6,-1,-5
WFI t=243130 a=-3652,-761,1943 g=-2,-2,-4
WFI t=243222 a=-3656,-759,1945 g=-7,-2,-4
WFI t=243223 a=-3650,-763,1946 g=-3,0,-2
WFI t=243251 a=-3645,-765,1933 g=0,-1,-4
WFI t=243301 a=-3648,-754,1939 g=-3,-2,-4
WFE t=243344 bms conn update req itvl=15-15 latency=0 timeout=400 via=l2cap
WFI t=243351 a=-3657,-760,1918 g=-2,-1,-4
WFI t=243401 a=-3659,-752,1932 g=1,0,-5
WFI t=243451 a=-3647,-767,1942 g=-3,-1,-3
WFI t=243501 a=-3658,-765,1934 g=-2,-2,-4
WFR t=243543 src=bms type=0x02 len=129 data=d2037c0ee80ee80ee90ee80ee90ee80ee90ee90ee70ee80ee90ee90eec0eec0eed0eec0eed0eed0eee0eee0eed0eee0eee0eee0eec0eee0eed0eee0000000000000000003d0000000000000000000000000000042d752f02ad0eee0ee7003d003d00000156001c0001001d0000000100010eeb0007000a00000000000000009e32
WFI t=243551 a=-3653,-765,1934 g=-2,-2,-3
WFI t=243601 a=-3643,-753,1917 g=-3,-1,-4
WFI t=243651 a=-3644,-768,1939 g=-3,-1,-4
WFI t=243701 a=-3658,-767,1941 g=-7,-3,-4
WFI t=243751 a=-3660,-769,1933 g=0,0,-4
WFI t=243801 a=-3648,-750,1926 g=-1,1,-4
WFI t=243851 a=-3662,-762,1928 g=-3,-3,-5
WFI t=243901 a=-3654,-768,1929 g=-1,0,-4
WFI t=243951 a=-3643,-761,1939 g=-5,-3,-6
WFI t=244001 a=-3664,-773,1948 g=-10,-3,-4
WFI t=244051 a=-3656,-766,1933 g=-1,-2,-4
WFI t=244101 a=-3664,-756,1942 g=-1,-1,-4
WFI t=244151 a=-3664,-761,1947 g=-7,-2,-5
WFI t=244201 a=-3654,-763,1932 g=-5,-1,-3
WFI t=244251 a=-3643,-753,1930 g=-1,0,-4
WFI t=244301 a=-3655,-762,1945 g=-6,-2,-4
WFI t=244351 a=-3649,-754,1943 g=-3,-3,-4
WFI t=244401 a=-3656,-763,1925 g=1,-1,-3
WFI t=244451 a=-3646,-754,1937 g=-3,0,-3
WFI t=244501 a=-3650,-767,1931 g=-3,-1,-3
WFI t=244551 a=-3658,-772,1923 g=-6,-3,-3
WFI t=244601 a=-3660,-757,1938 g=-6,-2,-4
WFR t=244643 src=bms type=0x02 len=129 data=d2037c0ee90ee80ee90ee80ee90ee80ee90ee90ee70ee80ee90ee90eec0eec0eed0eeb0eed0eed0eee0eed0eed0eee0eee0eee0eec0eee0eee0eee0000000000000000003d0000000000000000000000000000042d752f02ad0eee0ee7003d003d00000156001c0001001d0000000100010eeb0007000a00000000000000006cf3
WFI t=244651 a=-3661,-763,1931 g=-1,0,-4
WFI t=244702 a=-3660,-777,1928 g=-7,-1,-4
WFI t=244751 a=-3659,-752,1929 g=-4,-2,-4
WFI t=244801 a=-3648,-759,1939 g=-4,-2,-5
WFI t=244851 a=-3660,-760,1939 g=-3,0,-6
WFI t=244901 a=-3646,-775,1941 g=-1,-2,-4
WFI t=244951 a=-3662,-765,1943 g=0,-2,-3
WFI t=245001 a=-3655,-758,1927 g=-2,-3,-4
WFI t=245051 a=-3650,-764,1932 g=0,0,-3
WFI t=245101 a=-3655,-751,1943 g=-4,-3,-4
WFT t=245232 batt_mv=4168 rssi_mcu=0 rssi_bms=-77 mcu=0 bms=177 dropped=0
WFI t=245236 a=-3661,-754,1936 g=-5,0,-4
WFI t=245238 a=-3668,-751,1938 g=-6,-1,-4
WFI t=245251 a=-3656,-765,1940 g=-6,-3,-4
WFI t=245301 a=-3657,-760,1924 g=-3,-2,-4
WFI t=245351 a=-3651,-757,1937 g=-1,-3,-3
WFI t=245401 a=-3651,-765,1939 g=-8,-1,-4
WFI t=245451 a=-3662,-769,1933 g=1,-1,-4
WFI t=245501 a=-3646,-771,1925 g=-3,0,-5
WFI t=245551 a=-3662,-756,1936 g=-7,0,-5
WFI t=245601 a=-3667,-755,1933 g=-3,-3,-4
WFR t=245643 src=bms type=0x02 len=129 data=d2037c0ee80ee80ee90ee90ee80ee80ee90ee90ee70ee80ee90ee90eec0eec0eed0eeb0eed0eed0eee0eed0eee0eee0eee0eee0eec0eee0eed0eee0000000000000000003d0000000000000000000000000000042d752f02ad0eee0ee7003d003d00000156001c0001001d0000000100010eeb0007000a00000000000000001851
WFI t=245651 a=-3649,-760,1929 g=-7,-2,-3
WFI t=245701 a=-3653,-766,1939 g=-5,-2,-4
WFI t=245751 a=-3651,-777,1940 g=2,-2,-5
WFI t=245801 a=-3656,-766,1934 g=-4,-1,-4
WFI t=245851 a=-3661,-754,1921 g=-2,-2,-4
WFI t=245901 a=-3651,-775,1938 g=0,-1,-3
WFI t=245951 a=-3661,-754,1932 g=-2,-2,-4
WFI t=246001 a=-3650,-765,1931 g=-2,-2,-3
WFI t=246051 a=-3644,-763,1940 g=-4,-2,-5
WFI t=246101 a=-3649,-762,1932 g=-2,-1,-4
WFI t=246151 a=-3666,-764,1942 g=-1,-3,-4
WFI t=246201 a=-3650,-763,1936 g=-2,-2,-5
WFI t=246251 a=-3652,-754,1930 g=0,-1,-3
WFI t=246301 a=-3661,-761,1939 g=-2,-2,-5
WFI t=246351 a=-3665,-765,1932 g=-6,-2,-5
WFI t=246401 a=-3649,-775,1939 g=-6,-1,-5
WFI t=246451 a=-3657,-763,1945 g=-4,-2,-3
WFI t=246501 a=-3649,-762,1927 g=-1,0,-5
WFI t=246551 a=-3658,-766,1931 g=-4,-1,-5
WFI t=246601 a=-3659,-764,1931 g=-6,-2,-4
WFI t=246651 a=-3666,-766,1931 g=-1,-1,-4
WFI t=246701 a=-3664,-765,1930 g=-1,-2,-5
WFR t=246743 src=bms type=0x02 len=129 data=d2037c0ee80ee80ee90ee80ee90ee80ee90ee90ee70ee80ee90ee90eec0eec0eed0eeb0eed0eed0eee0eed0eed0eee0eee0eee0eec0eee0eee0eee0000000000000000003d0000000000000000000000000000042d752f02ad0eee0ee7003d003d00000156001c0001001d0000000100010eeb0007000a0000000000000000380f
WFI t=246751 a=-3647,-771,1936 g=0,-1,-4
WFI t=246801 a=-3649,-771,1929 g=-2,-2,-6
WFI t=246851 a=-3655,-767,1936 g=-6,-2,-4
WFI t=246901 a=-3643,-761,1946 g=-4,-1,-4
WFI t=246951 a=-3661,-762,1954 g=-6,-2,-4
WFI t=247001 a=-3641,-769,1935 g=-1,-1,-4
WFI t=247051 a=-3652,-762,1940 g=-4,-3,-5
WFI t=247101 a=-3664,-767,1928 g=-1,0,-4
WFI t=247151 a=-3653,-764,1928 g=-5,-2,-5
WFI t=247232 a=-3646,-751,1948 g=-4,-3,-4
WFI t=247323 a=-3645,-756,1933 g=-5,-1,-4
WFI t=247326 a=-3649,-761,1935 g=-1,-1,-3
WFI t=247351 a=-3644,-757,1932 g=-3,-2,-4
WFI t=247401 a=-3656,-770,1929 g=-3,-2,-6
WFI t=247451 a=-3659,-757,1932 g=-5,-1,-6
WFI t=247501 a=-3661,-760,1929 g=-3,-2,-4
WFI t=247551 a=-3661,-768,1938 g=-1,-1,-5
WFI t=247601 a=-3652,-765,1941 g=1,-1,-3
WFI t=247651 a=-3659,-768,1943 g=0,-1,-4
WFI t=247701 a=-3652,-755,1923 g=-4,-1,-4
WFR t=247743 src=bms type=0x02 len=129 data=d2037c0ee80ee80ee90ee80ee90ee80ee90ee90ee70ee80ee90ee90eec0eec0eed0eec0eed0eed0eee0eee0eee0eee0eef0eee0eec0eee0eee0eed0000000000000000003d0000000000000000000000000000042d752f02ad0eef0ee7003d003d00000156001c0001001d0000000100010eeb0008000a00000000000000004b42
WFI t=247751 a=-3654,-762,1930 g=-1,-1,-4
WFI t=247801 a=-3649,-761,1931 g=-1,-1,-5
WFI t=247851 a=-3656,-751,1926 g=-4,0,-5
WFI t=247901 a=-3652,-767,1926 g=1,0,-4
WFI t=247951 a=-3662,-755,1930 g=-3,0,-5
WFI t=248001 a=-3656,-750,1933 g=1,-1,-4
WFI t=248051 a=-3647,-759,1947 g=0,-1,-5
WFI t=248101 a=-3644,-762,1936 g=-3,-1,-5
WFI t=248157 a=-3672,-762,1942 g=-4,0,-3
WFI t=248201 a=-3672,-773,1935 g=-9,-2,-3
WFI t=248251 a=-3646,-771,1932 g=-1,-1,-6
WFI t=248301 a=-3649,-773,1932 g=-5,-1,-4
WFI t=248351 a=-3653,-763,1950 g=-7,-3,-5
WFI t=248401 a=-3648,-756,1932 g=-1,-3,-4
WFI t=248451 a=-3657,-759,1943 g=0,-2,-4
WFI t=248501 a=-3660,-767,1939 g=-2,-1,-6
WFI t=248551 a=-3648,-765,1938 g=-4,-2,-4
WFI t=248601 a=-3653,-750,1950 g=-3,-3,-4
WFI t=248651 a=-3660,-754,1932 g=0,-2,-4
WFI t=248701 a=-3666,-763,1938 g=-3,-3,-4
WFI t=248751 a=-3659,-762,1928 g=-3,-1,-6
WFI t=248801 a=-3663,-750,1936 g=-5,-1,-4
WFR t=248843 src=bms type=0x02 len=129 data=d2037c0ee90ee80ee90ee80ee80ee80ee90ee90ee70ee80ee90ee90eec0eec0eed0eec0eed0eed0eee0eee0eed0eee0eef0eee0eec0eee0eee0eee0000000000000000003d0000000000000000000000000000042d752e02ad0eee0ee7003d003d00000156001c0001001d0000000100010eeb00070015000000000000000006dc
WFI t=248851 a=-3651,-769,1937 g=-5,-3,-5
WFI t=248901 a=-3653,-759,1935 g=-3,-2,-5
WFI t=248951 a=-3646,-769,1941 g=2,0,-4
WFI t=249001 a=-3655,-755,1947 g=-3,0,-4
WFI t=249051 a=-3667,-753,1940 g=-4,0,-4
WFI t=249101 a=-3661,-756,1938 g=-4,-1,-4
WFI t=249163 a=-3664,-759,1928 g=0,-2,-4
WFI t=249316 a=-3648,-756,1940 g=-5,-3,-4
WFI t=249387 a=-3656,-757,1934 g=-4,-2,-3
WFI t=249401 a=-3646,-754,1938 g=1,0,-4
WFI t=249404 a=-3644,-773,1945 g=1,-2,-5
WFI t=249405 a=-3644,-773,1945 g=1,-2,-5
WFI t=249451 a=-3647,-763,1943 g=-5,-3,-4
WFI t=249501 a=-3666,-765,1937 g=1,-2,-3
WFI t=249551 a=-3650,-763,1927 g=-7,-3,-4
WFI t=249601 a=-3652,-765,1933 g=-3,-2,-5
WFI t=249651 a=-3643,-760,1928 g=-3,-2,-4
WFI t=249701 a=-3632,-756,1930 g=-6,-1,-4
WFI t=249751 a=-3651,-755,1936 g=1,-2,-2
WFI t=249801 a=-3654,-766,1935 g=1,-2,-5
WFR t=249843 src=bms type=0x02 len=129 data=d2037c0ee80ee80ee90ee80ee90ee80ee90ee90ee70ee80ee90ee90eec0eec0eec0eeb0eed0eed0eee0eee0eed0eee0eee0eee0eec0eee0eed0eee0000000000000000003d0000000000000000000000000000042d752f02ad0eee0ee7003d003d00000156001c0001001d0000000100010eeb0007000a0000000000000000eeaf
WFI t=249851 a=-3656,-767,1936 g=4,-3,-5
WFI t=249901 a=-3655,-755,1933 g=-6,-2,-4
WFI t=249951 a=-3662,-756,1929 g=-5,0,-3
WFI t=250001 a=-3666,-765,1920 g=2,-1,-5
WFI t=250051 a=-3657,-766,1935 g=-3,-1,-5
WFI t=250101 a=-3649,-760,1930 g=-6,-1,-5
WFI t=250151 a=-3652,-762,1932 g=-1,-2,-3
WFI t=250201 a=-3646,-767,1916 g=0,0,-3
WFI t=250251 a=-3657,-762,1933 g=-3,-2,-6
WFI t=250301 a=-3652,-762,1930 g=-6,-1,-5
WFI t=250351 a=-3648,-766,1929 g=-5,-1,-4
WFT t=250393 batt_mv=4182 rssi_mcu=0 rssi_bms=-85 mcu=0 bms=182 dropped=0
WFI t=250401 a=-3641,-763,1924 g=-7,-2,-4
WFI t=250451 a=-3652,-762,1929 g=0,-1,-6
WFI t=250501 a=-3654,-763,1940 g=-6,-3,-5
WFI t=250551 a=-3646,-763,1938 g=-4,-4,-2
WFI t=250601 a=-3660,-754,1928 g=3,-1,-5
WFI t=250651 a=-3650,-754,1923 g=-4,-2,-5
WFI t=250701 a=-3657,-769,1934 g=-2,-3,-5
WFI t=250751 a=-3641,-764,1918 g=-5,-1,-4
WFI t=250801 a=-3651,-773,1941 g=-6,-2,-3
WFI t=250851 a=-3661,-772,1937 g=-7,-1,-4
WFI t=250901 a=-3672,-771,1934 g=-4,-3,-5
WFR t=250943 src=bms type=0x02 len=129 data=d2037c0ee90ee80ee90ee90ee90ee80ee90ee90ee70ee80ee90eea0eec0eec0eed0eeb0eed0eed0eee0eee0eed0eee0eee0eee0eec0eee0eee0eee0000000000000000003d0000000000000000000000000000042d752f02ad0eee0ee7003d003d00000156001c0001001d0000000100010eeb0007000a0000000000000000a98f
WFI t=250951 a=-3642,-752,1939 g=-3,-2,-3
WFI t=251001 a=-3646,-767,1928 g=-3,-1,-3
WFI t=251051 a=-3661,-756,1929 g=-2,-2,-3
WFI t=251101 a=-3657,-760,1935 g=-3,0,-5
WFI t=251265 a=-3652,-762,1928 g=-6,0,-4
WFI t=251267 a=-3647,-767,1928 g=0,-1,-4
WFI t=251270 a=-3659,-767,1927 g=-2,-1,-3
WFI t=251301 a=-3648,-759,1932 g=2,-2,-4
WFI t=251351 a=-3650,-757,1929 g=-5,-1,-4
WFI t=251401 a=-3650,-763,1933 g=-4,-1,-4
WFI t=251451 a=-3667,-765,1929 g=-5,-3,-4
WFI t=251501 a=-3656,-762,1925 g=1,-3,-4
WFI t=251551 a=-3654,-753,1936 g=-5,-2,-4
WFI t=251601 a=-3652,-763,1935 g=-5,-1,-4
WFI t=251651 a=-3652,-762,1930 g=-4,-2,-3
WFI t=251701 a=-3664,-758,1931 g=-5,-3,-4
WFI t=251751 a=-3660,-761,1933 g=-2,-2,-4
WFI t=251801 a=-3659,-752,1936 g=-2,-2,-5
WFI t=251851 a=-3647,-772,1945 g=-4,-2,-5
WFI t=251901 a=-3645,-766,1930 g=-2,-1,-4
WFR t=251943 src=bms type=0x02 len=129 data=d2037c0ee80ee80ee90ee80ee90ee80ee90ee90ee70ee80ee90ee90eec0eec0eed0eeb0eed0eed0eee0eed0eee0eee0eef0eee0eec0eee0eee0eee0000000000000000003d0000000000000000000000000000042d752f02ad0eee0ee7003d003d00000156001c0001001d0000000100010eeb0007000a00000000000000009c8d
WFI t=251951 a=-3661,-772,1943 g=-2,-2,-5
WFI t=252001 a=-3659,-758,1930 g=2,-3,-4
WFI t=252051 a=-3649,-757,1932 g=-3,-2,-4
WFI t=252101 a=-3655,-753,1934 g=-9,-1,-4
WFI t=252151 a=-3657,-766,1931 g=-3,0,-3
WFI t=252201 a=-3647,-766,1941 g=-4,-3,-5
WFI t=252251 a=-3660,-769,1940 g=-3,-1,-5
WFI t=252301 a=-3659,-766,1943 g=0,-1,-4
WFI t=252351 a=-3654,-770,1936 g=-4,-2,-4
WFI t=252401 a=-3643,-769,1935 g=0,-1,-4
WFI t=252451 a=-3658,-763,1932 g=-4,-2,-3
WFI t=252502 a=-3667,-770,1934 g=0,-3,-4
WFI t=252551 a=-3652,-772,1928 g=4,-1,-5
WFI t=252601 a=-3658,-765,1939 g=-3,-1,-3
WFI t=252651 a=-3652,-765,1922 g=-1,-3,-6
WFI t=252701 a=-3656,-769,1938 g=-5,-3,-5
WFI t=252751 a=-3671,-768,1929 g=-4,-2,-4
WFI t=252801 a=-3649,-762,1935 g=-2,-2,-5
WFI t=252851 a=-3644,-768,1932 g=0,-2,-4
WFI t=252901 a=-3656,-769,1928 g=-1,-1,-4
WFR t=252943 src=bms type=0x02 len=129 data=d2037c0ee90ee80ee90ee80ee90ee80ee90ee90ee70ee80ee90ee90eec0eec0eed0eeb0eed0eed0eee0eed0eed0eee0eee0eee0eec0eee0eed0eee0000000000000000003d0000000000000000000000000000042d752f02ad0eee0ee7003d003d00000156001c0001001d0000000100010eeb0007000a000000000000000020b6
WFI t=252951 a=-3661,-773,1924 g=-5,-2,-4
WFI t=253001 a=-3659,-744,1916 g=-3,-1,-4
WFI t=253051 a=-3648,-764,1928 g=0,-3,-5
WFI t=253101 a=-3654,-763,1933 g=-2,-2,-3
WFI t=253245 a=-3654,-766,1931 g=-1,-2,-4
WFI t=253261 a=-3653,-768,1932 g=-7,-1,-4
WFI t=253263 a=-3651,-765,1937 g=-7,-1,-5
WFI t=253301 a=-3653,-776,1938 g=-7,-1,-3
WFI t=253351 a=-3666,-758,1925 g=2,0,-4
WFI t=253401 a=-3665,-761,1934 g=-5,-2,-4
WFI t=253451 a=-3655,-760,1940 g=-1,-1,-5
WFI t=253501 a=-3639,-754,1931 g=-4,-3,-3
WFI t=253551 a=-3654,-765,1941 g=-6,-2,-5
WFI t=253601 a=-3651,-766,1929 g=-3,-2,-3
WFI t=253651 a=-3659,-757,1939 g=-4,-2,-5
WFI t=253701 a=-3642,-763,1934 g=2,0,-4
WFI t=253751 a=-3642,-758,1934 g=-2,-1,-4
WFI t=253801 a=-3654,-769,1931 g=-7,-2,-3
WFI t=253851 a=-3662,-768,1947 g=-3,0,-4
WFI t=253901 a=-3642,-760,1937 g=-6,-2,-4
WFR t=253943 src=bms type=0x02 len=129 data=d2037c0ee80ee80ee90ee80ee80ee80ee90ee90ee70ee80ee90ee90eec0eec0eed0eeb0eed0eec0eee0eed0eed0eee0eee0eee0eec0eee0eee0eee0000000000000000003d0000000000000000000000000000042d752e02ad0eee0ee7003d003d00000156001c0001001d0000000100010eeb000700150000000000000000e5f9
WFI t=253951 a=-3658,-764,1932 g=-3,0,-3
WFI t=254001 a=-3640,-762,1938 g=-2,-1,-3
WFI t=254051 a=-3656,-768,1932 g=-2,-1,-4
WFI t=254101 a=-3661,-762,1941 g=-4,-1,-4
WFI t=254151 a=-3654,-766,1930 g=-7,-3,-4
WFI t=254201 a=-3649,-769,1938 g=-7,-1,-4
WFI t=254251 a=-3655,-766,1934 g=-1,-2,-5
WFI t=254301 a=-3648,-760,1940 g=-2,-2,-4
WFI t=254351 a=-3676,-765,1929 g=-6,-1,-3
WFI t=254401 a=-3657,-765,1932 g=-1,-2,-4
WFI t=254451 a=-3659,-758,1923 g=-3,-1,-4
WFI t=254501 a=-3650,-766,1935 g=-2,-1,-5
WFI t=254551 a=-3655,-754,1939 g=-2,-1,-6
WFI t=254601 a=-3649,-761,1930 g=-6,0,-3
WFI t=254651 a=-3659,-773,1930 g=-7,-1,-5
WFI t=254701 a=-3662,-757,1931 g=1,-1,-4
WFI t=254751 a=-3667,-767,1945 g=0,0,-5
WFI t=254801 a=-3654,-763,1935 g=-2,-2,-4
WFI t=254851 a=-3651,-768,1934 g=-2,0,-4
WFI t=254901 a=-3653,-762,1939 g=-3,-1,-5
WFI t=254951 a=-3655,-767,1940 g=-1,-2,-5
WFI t=255001 a=-3657,-764,1940 g=-2,0,-4
WFR t=255043 src=bms type=0x02 len=129 data=d2037c0ee80ee80ee90ee80ee90ee80ee90ee90ee70ee80ee90ee90eec0eec0eed0eeb0eed0eed0eee0eee0eee0eee0eee0eee0eec0eee0eee0eee0000000000000000003d0000000000000000000000000000042d752f02ad0eee0ee7003d003d00000156001c0001001d0000000100010eeb0007000a0000000000000000d264
WFI t=255051 a=-3665,-758,1945 g=-2,-1,-3
WFI t=255101 a=-3656,-763,1939 g=-4,-1,-5
WFI t=255187 a=-3655,-766,1933 g=-1,-2,-5
WFI t=255284 a=-3646,-764,1929 g=-3,-3,-5
WFI t=255287 a=-3652,-763,1925 g=-4,0,-4
WFI t=255301 a=-3656,-768,1925 g=-5,-1,-5
WFI t=255351 a=-3649,-769,1925 g=-4,-1,-4
WFI t=255401 a=-3660,-766,1935 g=-2,-2,-5
WFI t=255451 a=-3653,-767,1923 g=-5,-3,-4
WFT t=255470 batt_mv=4182 rssi_mcu=0 rssi_bms=-83 mcu=0 bms=187 dropped=0
WFI t=255501 a=-3670,-756,1934 g=-1,-1,-2
WFI t=255551 a=-3660,-760,1939 g=-5,-1,-5
WFI t=255601 a=-3647,-757,1924 g=-4,-2,-5
WFI t=255651 a=-3657,-756,1934 g=-4,-2,-4
WFI t=255702 a=-3643,-764,1932 g=-3,-1,-5
WFI t=255751 a=-3659,-759,1952 g=-7,-2,-5
WFI t=255801 a=-3654,-768,1941 g=3,-1,-4
WFI t=255851 a=-3650,-770,1932 g=-2,-1,-3
WFI t=255901 a=-3654,-757,1925 g=-5,-2,-4
WFR t=255943 src=bms type=0x02 len=129 data=d2037c0ee90ee80ee90ee80ee80ee80ee90ee90ee70ee80ee90ee90eed0eec0eed0eeb0eed0eed0eee0eed0eed0eee0eee0eee0eec0eee0eee0eee0000000000000000003d0000000000000000000000000000042d752f02ad0eee0ee7003d003d00000156001c0001001d0000000100010eeb0007000a00000000000000005da4
WFI t=255951 a=-3669,-767,1931 g=-2,0,-5
WFI t=256001 a=-3666,-758,1932 g=-1,-2,-4
WFI t=256051 a=-3669,-759,1932 g=-5,-2,-4
WFI t=256101 a=-3645,-761,1926 g=-4,-2,-4
WFI t=256151 a=-3648,-762,1932 g=0,-2,-5
WFI t=256201 a=-3654,-756,1932 g=-3,-2,-5
WFI t=256251 a=-3660,-750,1939 g=-8,-1,-5
WFI t=256301 a=-3655,-758,1946 g=-3,-2,-4
WFI t=256351 a=-3656,-753,1942 g=-8,-3,-5
WFI t=256411 a=-3642,-759,1936 g=-4,-2,-5
WFI t=256451 a=-3661,-763,1926 g=-6,-3,-5
WFI t=256501 a=-3660,-764,1924 g=0,1,-4
WFI t=256551 a=-3649,-762,1934 g=-2,-2,-3
WFI t=256601 a=-3653,-751,1934 g=-5,-2,-4
WFI t=256651 a=-3660,-753,1934 g=-3,-2,-4
WFI t=256701 a=-3653,-765,1938 g=1,1,-3
WFI t=256804 a=-3658,-766,1930 g=-2,1,-5
WFI t=256872 a=-3651,-748,1938 g=-4,-1,-5
WFI t=256874 a=-3654,-767,1931 g=-5,-2,-4
WFI t=256901 a=-3649,-776,1935 g=-3,-1,-3
WFI t=256951 a=-3652,-777,1932 g=-7,-3,-5
WFI t=257001 a=-3653,-757,1923 g=-4,-2,-3
WFI t=257051 a=-3668,-757,1928 g=-4,0,-5
WFI t=257101 a=-3657,-763,1928 g=-5,1,-4
WFR t=257143 src=bms type=0x02 len=129 data=d2037c0ee80ee80ee80ee80ee90ee80ee90ee90ee70ee80ee90ee90eec0eec0eec0eeb0eed0eed0eee0eee0eed0eee0eee0eee0eec0eee0eee0eee0000000000000000003d0000000000000000000000000000042d753002ad0eee0ee7003d003d00000156001c0001001d0000000100010eeb00070000000000000000000082c0
WFI t=257151 a=-3650,-760,1943 g=-6,-1,-4
WFI t=257202 a=-3657,-764,1929 g=-2,-4,-4
WFI t=257272 a=-3661,-758,1920 g=-5,-2,-4
WFI t=257366 a=-3664,-772,1930 g=-4,-2,-4
WFI t=257367 a=-3654,-762,1936 g=-2,-4,-4
WFI t=257401 a=-3654,-766,1943 g=-1,-1,-5
WFI t=257451 a=-3663,-762,1934 g=3,-1,-3
WFI t=257501 a=-3655,-761,1928 g=-1,0,-5
WFI t=257551 a=-3660,-763,1922 g=-3,-1,-3
WFI t=257601 a=-3648,-765,1933 g=-4,-1,-4
WFI t=257651 a=-3659,-774,1935 g=-3,-1,-4
WFI t=257701 a=-3661,-760,1929 g=-5,-3,-5
WFI t=257751 a=-3646,-763,1932 g=0,-2,-5
WFI t=257801 a=-3652,-751,1944 g=-1,-3,-4
WFI t=257851 a=-3659,-768,1928 g=2,0,-3
WFI t=257901 a=-3646,-765,1934 g=-4,-1,-5
WFI t=257951 a=-3633,-758,1931 g=-8,-3,-4
WFI t=258001 a=-3645,-760,1942 g=-3,0,-5
WFR t=258043 src=bms type=0x02 len=129 data=d2037c0ee90ee80ee90ee80ee90ee80ee90ee90ee70ee80ee90ee90eec0eec0eed0eeb0eed0eed0eee0eed0eed0eee0eee0eee0eec0eee0eed0eee0000000000000000003d0000000000000000000000000000042d752f02ad0eee0ee7003d003d00000156001c0001001d0000000100010eeb0007000a000000000000000020b6
WFI t=258051 a=-3665,-775,1924 g=-2,-2,-4
WFI t=258101 a=-3663,-767,1932 g=-6,-1,-4
WFI t=258151 a=-3663,-766,1925 g=-8,-2,-5
WFI t=258201 a=-3648,-772,1927 g=-4,0,-5
WFI t=258251 a=-3657,-772,1933 g=-2,-2,-5
WFI t=258301 a=-3644,-764,1929 g=-4,-3,-4
WFI t=258351 a=-3660,-761,1926 g=0,0,-5
WFI t=258401 a=-3650,-762,1932 g=-3,-1,-4
WFI t=258451 a=-3667,-772,1925 g=-3,-1,-4
WFI t=258501 a=-3648,-767,1927 g=-4,-2,-5
WFI t=258551 a=-3652,-761,1929 g=-4,-1,-4
WFI t=258601 a=-3658,-765,1932 g=-2,1,-3
WFI t=258651 a=-3661,-771,1936 g=-3,-3,-5
WFI t=258701 a=-3663,-766,1914 g=-1,-1,-4
WFI t=258751 a=-3662,-763,1939 g=-6,-3,-6
WFI t=258801 a=-3665,-762,1938 g=-4,-2,-5
WFI t=258851 a=-3645,-762,1931 g=-1,-1,-5
WFI t=258901 a=-3663,-785,1933 g=0,-3,-4
WFI t=258951 a=-3654,-765,1920 g=-3,-2,-4
WFI t=259001 a=-3658,-763,1942 g=-3,-1,-4
WFR t=259043 src=bms type=0x02 len=129 data=d2037c0ee90ee80ee90ee80ee90ee80ee90ee90ee70ee80ee90ee90eec0eec0eed0eeb0eed0eed0eee0eee0eed0eee0eee0eee0eec0eee0eed0eee0000000000000000003d0000000000000000000000000000042d752f02ad0eee0ee7003d003d00000156001c0001001d0000000100010eeb0007000a00000000000000009fff
WFI t=259051 a=-3661,-761,1926 g=-2,-1,-3
WFI t=259101 a=-3638,-773,1933 g=0,0,-3
WFI t=259151 a=-3657,-748,1928 g=-5,-2,-4
WFI t=259211 a=-3656,-754,1941 g=1,0,-4
WFI t=259306 a=-3659,-762,1941 g=0,-3,-4
WFI t=259309 a=-3653,-767,1946 g=-2,-1,-4
WFI t=259351 a=-3658,-761,1934 g=-7,-2,-4
WFI t=259401 a=-3646,-750,1928 g=-6,-2,-4
WFI t=259451 a=-3659,-759,1935 g=1,0,-4
WFI t=259501 a=-3657,-774,1932 g=-6,-2,-4
WFI t=259551 a=-3664,-771,1926 g=-8,0,-5
WFI t=259601 a=-3656,-769,1933 g=1,-1,-4
WFI t=259651 a=-3659,-760,1923 g=-4,-2,-4
WFI t=259701 a=-3657,-768,1933 g=-2,0,-5
WFI t=259751 a=-3646,-768,1923 g=-2,-3,-4
WFI t=259801 a=-3660,-763,1926 g=-3,0,-5
WFI t=259851 a=-3663,-754,1930 g=0,-1,-5
WFI t=259901 a=-3653,-770,1935 g=-5,-1,-5
WFI t=259951 a=-3664,-761,1930 g=-4,-1,-3
WFI t=260001 a=-3649,-774,1929 g=-5,0,-5
WFR t=260043 src=bms type=0x02 len=129 data=d2037c0ee80ee80ee90ee80ee90ee80ee90ee90ee70ee80ee90ee90eec0eec0eed0eeb0eed0eed0eee0eed0eed0eee0eee0eee0eec0eee0eee0eee0000000000000000003d0000000000000000000000000000042d752f02ad0eee0ee7003d003d00000156001c0001001d0000000100010eeb0007000a0000000000000000380f
WFI t=260051 a=-3648,-763,1927 g=-4,-1,-4
WFI t=260101 a=-3663,-769,1932 g=-3,-2,-5
WFI t=260151 a=-3651,-769,1928 g=1,-1,-4
WFI t=260201 a=-3664,-755,1942 g=1,-3,-3
WFI t=260251 a=-3658,-760,1935 g=-2,-1,-5
WFI t=260301 a=-3651,-761,1931 g=0,-1,-5
WFI t=260351 a=-3661,-756,1923 g=-7,-2,-5
WFI t=260401 a=-3653,-748,1941 g=-6,-1,-4
WFI t=260451 a=-3653,-760,1938 g=-5,-2,-4
WFI t=260501 a=-3638,-746,1932 g=-6,-3,-3
WFI t=260551 a=-3662,-761,1931 g=-3,-1,-4
WFT t=260565 batt_mv=4180 rssi_mcu=0 rssi_bms=-84 mcu=0 bms=192 dropped=0
WFI t=260601 a=-3653,-760,1942 g=-3,-2,-4
WFI t=260651 a=-3651,-747,1921 g=-3,1,-4
WFI t=260701 a=-3652,-766,1932 g=-1,-2,-4
WFI t=260751 a=-3650,-750,1923 g=-2,-1,-2
WFI t=260801 a=-3652,-772,1916 g=-3,-2,-3
WFI t=260851 a=-3645,-762,1922 g=0,-2,-4
WFI t=260901 a=-3662,-763,1941 g=-5,-1,-4
WFI t=260951 a=-3656,-764,1939 g=0,0,-3
WFI t=261001 a=-3657,-759,1938 g=-2,-1,-3
WFR t=261043 src=bms type=0x02 len=129 data=d2037c0ee80ee80ee80ee80ee90ee80ee90ee90ee70ee80ee90ee90eec0eec0eed0eeb0eec0eed0eee0eed0eed0eee0eee0eee0eec0eee0eed0eee0000000000000000003d0000000000000000000000000000042d752f02ad0eee0ee7003d003d00000156001c0001001d0000000100010eeb0007000a0000000000000000d98b
WFI t=261051 a=-3658,-763,1935 g=-1,-1,-4
WFI t=261101 a=-3655,-764,1936 g=-2,-1,-4
WFI t=261151 a=-3654,-766,1926 g=-5,-1,-5
WFI t=261232 a=-3664,-763,1946 g=-5,-3,-3
WFI t=261323 a=-3660,-765,1932 g=-5,-1,-5
WFI t=261325 a=-3658,-747,1935 g=-6,-1,-5
WFI t=261351 a=-3656,-755,1931 g=-3,0,-3
WFI t=261401 a=-3657,-761,1948 g=-4,-1,-4
WFI t=261451 a=-3658,-761,1941 g=-1,-1,-4
WFI t=261501 a=-3649,-762,1928 g=-1,-2,-5
WFI t=261551 a=-3647,-768,1936 g=-7,0,-4
WFI t=261601 a=-3662,-758,1936 g=-1,-2,-4
WFI t=261651 a=-3657,-771,1937 g=-6,-3,-4
WFI t=261701 a=-3654,-759,1928 g=-4,0,-4
WFI t=261751 a=-3643,-759,1936 g=-1,-1,-4
WFI t=261801 a=-3658,-760,1934 g=-2,0,-4
WFI t=261851 a=-3660,-769,1929 g=-4,-2,-5
WFI t=261901 a=-3664,-766,1920 g=-2,-1,-4
WFI t=261951 a=-3657,-769,1925 g=1,0,-4
WFI t=262001 a=-3653,-763,1930 g=-4,0,-5
WFR t=262043 src=bms type=0x02 len=129 data=d2037c0ee80ee80ee90ee80ee90ee80ee90ee90ee70ee80ee90ee90eec0eec0eed0eeb0eed0eed0eee0eee0eed0eee0eee0eee0eec0eee0eed0eed0000000000000000003d0000000000000000000000000000042d752f02ad0eee0ee7003d003d00000156001c0001001d0000000100010eeb0007000a0000000000000000da30
WFI t=262051 a=-3652,-762,1934 g=2,-1,-5
WFI t=262101 a=-3655,-767,1935 g=-1,-1,-3
WFI t=262151 a=-3654,-764,1934 g=-4,-1,-3
WFI t=262201 a=-3663,-782,1939 g=-2,-1,-3
WFI t=262251 a=-3646,-758,1928 g=-1,1,-3
WFI t=262301 a=-3660,-763,1933 g=-4,-3,-3
WFI t=262351 a=-3651,-763,1933 g=-4,-3,-4
WFI t=262401 a=-3672,-762,1928 g=0,1,-5
WFI t=262451 a=-3654,-764,1929 g=-3,-3,-4
WFI t=262501 a=-3662,-767,1926 g=-4,-1,-5
WFI t=262551 a=-3661,-765,1921 g=-4,0,-5
WFI t=262601 a=-3651,-767,1931 g=-2,-1,-5
WFI t=262651 a=-3655,-763,1925 g=-3,0,-4
WFI t=262701 a=-3656,-760,1931 g=1,-1,-4
WFI t=262751 a=-3661,-754,1940 g=-7,-2,-4
WFI t=262801 a=-3656,-758,1936 g=-5,-3,-5
WFI t=262851 a=-3671,-768,1937 g=-2,-2,-4
WFI t=262901 a=-3651,-758,1928 g=-1,-1,-4
WFI t=262951 a=-3658,-760,1934 g=3,-2,-5
WFI t=263001 a=-3655,-759,1934 g=2,-1,-5
WFR t=263043 src=bms type=0x02 len=129 data=d2037c0ee80ee80ee90ee80ee90ee80ee90ee90ee70ee80ee90ee90eec0eec0eed0eeb0eed0eed0eee0eee0eed0eee0eee0eee0eec0eee0eed0eee0000000000000000003d0000000000000000000000000000042d753002ad0eee0ee7003d003d00000156001c0001001d0000000100010eeb000700000000000000000000fa28
WFI t=263051 a=-3654,-773,1952 g=0,-2,-4
WFI t=263101 a=-3651,-764,1928 g=-2,-1,-3
WFI t=263151 a=-3649,-763,1918 g=-1,-1,-4
WFI t=263201 a=-3653,-755,1936 g=-5,-2,-5
WFI t=263350 a=-3656,-761,1938 g=-5,-1,-4
WFI t=263352 a=-3647,-761,1932 g=0,-3,-4
WFI t=263354 a=-3647,-761,1932 g=0,-3,-4
WFI t=263401 a=-3651,-765,1929 g=1,0,-4
WFI t=263451 a=-3672,-772,1935 g=-2,-3,-4
WFI t=263501 a=-3658,-762,1943 g=3,-1,-4
WFI t=263551 a=-3664,-760,1939 g=-3,1,-4
WFI t=263601 a=-3655,-751,1926 g=-5,-1,-4
WFI t=263651 a=-3663,-761,1930 g=-6,-1,-5
WFI t=263701 a=-3661,-763,1930 g=-2,1,-4
WFI t=263751 a=-3651,-761,1924 g=2,-1,-5
WFI t=263801 a=-3634,-766,1923 g=-3,-2,-5
WFI t=263851 a=-3656,-774,1926 g=-5,0,-5
WFI t=263901 a=-3656,-758,1932 g=-6,-1,-4
WFI t=263951 a=-3661,-765,1933 g=-4,0,-3
WFI t=264001 a=-3676,-755,1938 g=2,-1,-5
WFR t=264043 src=bms type=0x02 len=129 data=d2037c0ee80ee80ee90ee90ee90ee80ee90ee90ee70ee80ee90ee90eec0eec0eed0eeb0eed0eed0eee0eed0eed0eee0eee0eee0eec0eee0eee0eee0000000000000000003d0000000000000000000000000000042d752f02ad0eee0ee7003d003d00000156001c0001001d0000000100010eeb0007000a0000000000000000fb4c
WFI t=264051 a=-3658,-755,1939 g=-4,0,-4
WFI t=264101 a=-3664,-767,1927 g=-5,-1,-4
WFI t=264151 a=-3653,-775,1935 g=-2,-3,-3
WFI t=264201 a=-3652,-767,1928 g=-2,-2,-5
WFI t=264251 a=-3648,-766,1928 g=-3,-1,-6
WFI t=264301 a=-3651,-754,1927 g=0,-1,-4
WFI t=264351 a=-3666,-764,1932 g=-11,-1,-4
WFI t=264401 a=-3667,-758,1933 g=0,-1,-5
WFI t=264451 a=-3654,-767,1927 g=-5,0,-5
WFI t=264501 a=-3646,-768,1920 g=-2,-2,-4
WFI t=264551 a=-3641,-760,1939 g=-6,-1,-5
WFI t=264601 a=-3658,-766,1928 g=-6,-1,-5
WFI t=264651 a=-3649,-767,1923 g=0,-1,-5
WFI t=264701 a=-3660,-774,1939 g=0,-1,-4
WFI t=264751 a=-3658,-771,1930 g=-5,-2,-4
WFI t=264819 a=-3647,-743,1937 g=-3,-2,-3
WFI t=264851 a=-3652,-758,1932 g=-6,-1,-5
WFI t=264901 a=-3651,-755,1931 g=-3,0,-4
WFI t=264951 a=-3659,-768,1927 g=-3,-1,-4
WFI t=265001 a=-3645,-760,1912 g=-5,-2,-4
WFR t=265043 src=bms type=0x02 len=129 data=d2037c0ee80ee80ee90ee80ee90ee80ee80ee90ee70ee80ee90ee90eec0eec0eed0eeb0eed0eed0eee0eee0eed0eee0eee0eee0eec0eee0eee0eee0000000000000000003d0000000000000000000000000000042d752f02ad0eee0ee7003d003d00000156001c0001001d0000000100010eeb0007000a0000000000000000f1b0
WFI t=265051 a=-3651,-761,1933 g=1,-1,-4
WFI t=265101 a=-3650,-765,1926 g=0,-3,-4
WFI t=265151 a=-3662,-765,1946 g=-3,-2,-4
WFI t=265201 a=-3656,-761,1934 g=-4,-1,-3
WFI t=265266 a=-3662,-765,1924 g=-8,-2,-5
WFI t=265512 a=-3656,-764,1921 g=-5,-3,-5
WFI t=265516 a=-3657,-771,1934 g=-5,-2,-6
WFI t=265517 a=-3657,-771,1934 g=-5,-2,-6
WFI t=265519 a=-3657,-771,1934 g=-5,-2,-6
WFI t=265521 a=-3642,-765,1945 g=-3,-1,-6
WFI t=265551 a=-3645,-755,1953 g=3,-1,-5
WFI t=265601 a=-3673,-758,1952 g=-7,-2,-2
WFI t=265651 a=-3666,-763,1909 g=-5,-1,-3
WFT t=265700 batt_mv=4180 rssi_mcu=0 rssi_bms=-82 mcu=0 bms=197 dropped=0
WFI t=265702 a=-3668,-768,1913 g=-3,-3,-5
WFI t=265751 a=-3662,-768,1941 g=3,-1,-6
WFI t=265801 a=-3638,-757,1942 g=-5,-1,-4
WFI t=265851 a=-3656,-764,1927 g=-9,-4,0
WFI t=265901 a=-3678,-764,1918 g=-7,-1,-3
WFI t=265951 a=-3651,-767,1920 g=6,0,-6
WFI t=266001 a=-3651,-755,1949 g=2,0,-7
WFI t=266051 a=-3639,-764,1952 g=-5,-1,-2
WFI t=266101 a=-3643,-759,1915 g=-12,-4,-2
WFR t=266143 src=bms type=0x02 len=129 data=d2037c0ee80ee80ee90ee80ee90ee80ee90ee90ee70ee80ee90ee90eec0eec0eed0eeb0eed0eed0eee0eee0eed0eee0eee0eee0eec0eee0eed0eee0000000000000000003d0000000000000000000000000000042d752e02ad0eee0ee7003d003d00000156001c0001001d0000000100010eeb000700150000000000000000408e
WFI t=266151 a=-3675,-767,1906 g=-5,-3,-4
WFI t=266201 a=-3668,-756,1939 g=3,1,-8
WFI t=266251 a=-3652,-760,1946 g=-4,-1,-5
WFI t=266301 a=-3646,-761,1939 g=-11,-2,-1
WFI t=266351 a=-3655,-752,1915 g=-9,-1,-1
WFI t=266401 a=-3684,-762,1918 g=-3,-1,-5
WFI t=266451 a=-3668,-775,1933 g=-3,-1,-8
WFI t=266501 a=-3647,-765,1959 g=-1,-1,-4
WFI t=266551 a=-3641,-774,1939 g=-10,-2,-1
WFI t=266601 a=-3648,-757,1911 g=-5,-3,-2
WFI t=266651 a=-3676,-751,1922 g=3,-1,-5
WFI t=266701 a=-3680,-766,1927 g=-5,-1,-4
WFI t=266751 a=-3650,-761,1940 g=-6,-2,-7
WFI t=266801 a=-3595,-774,1908 g=-4,-1,-5
WFI t=266851 a=-3643,-766,1908 g=0,1,-1
WFI t=266901 a=-3672,-785,1910 g=-12,-1,-1
WFI t=266951 a=-3682,-762,1916 g=-1,-1,-4
WFI t=267001 a=-3675,-754,1943 g=10,-1,-9
WFI t=267051 a=-3637,-758,1960 g=-3,2,-6
WFI t=267101 a=-3620,-765,1937 g=-7,-3,0
WFR t=267143 src=bms type=0x02 len=129 data=d2037c0ee80ee80ee90ee80ee90ee80ee90ee90ee70ee80ee90ee90eec0eec0eed0eeb0eed0eed0eee0eed0eed0eee0eee0eee0eec0eee0eee0eed0000000000000000003d0000000000000000000000000000042d752f02ad0eee0ee7003d003d00000156001c0001001d0000000100010eeb0007000a0000000000000000293c
WFI t=267151 a=-3647,-771,1898 g=-7,-4,0
WFI t=267201 a=-3676,-771,1915 g=1,-3,-6
WFI t=267278 a=-3649,-751,1941 g=1,0,-5
WFI t=267378 a=-3628,-764,1932 g=-11,-3,-2
WFI t=267380 a=-3628,-764,1932 g=-11,-3,-2
WFI t=267401 a=-3650,-769,1903 g=-6,0,-3
WFI t=267451 a=-3655,-764,1914 g=4,0,-5
WFI t=267501 a=-3664,-767,1929 g=-4,-2,-6
WFI t=267551 a=-3665,-762,1927 g=-7,0,-2
WFI t=267601 a=-3640,-766,1907 g=-1,-1,-3
WFI t=267651 a=-3655,-758,1930 g=1,-1,-4
WFI t=267701 a=-3647,-758,1952 g=-2,-1,-3
WFI t=267751 a=-3653,-766,1931 g=-4,-2,-3
WFI t=267801 a=-3669,-761,1926 g=1,-2,-4
WFI t=267851 a=-3676,-766,1935 g=0,0,-6
WFI t=267901 a=-3645,-765,1950 g=-3,-1,-7
WFI t=267951 a=-3636,-752,1937 g=-11,-3,-3
WFI t=268001 a=-3645,-759,1924 g=-4,-2,0
WFI t=268051 a=-3686,-772,1921 g=-3,-1,-3
WFI t=268101 a=-3668,-766,1930 g=2,0,-6
WFI t=268151 a=-3648,-759,1946 g=1,-2,-5
WFI t=268201 a=-3636,-765,1939 g=-4,-2,-3
WFI t=268251 a=-3658,-763,1918 g=-6,0,-3
WFI t=268301 a=-3675,-772,1914 g=-3,-3,-5
WFI t=268351 a=-3664,-752,1938 g=2,-1,-5
WFI t=268401 a=-3639,-748,1942 g=-6,-1,-4
WFI t=268451 a=-3632,-766,1922 g=-4,-3,-3
WFI t=268501 a=-3658,-759,1917 g=-5,-3,-6
WFI t=268551 a=-3657,-757,1926 g=-3,-3,-6
WFI t=268601 a=-3648,-763,1926 g=-7,-1,-4
WFI t=268651 a=-3666,-764,1925 g=-3,-2,-3
WFI t=268701 a=-3652,-766,1941 g=-2,-1,-5
WFI t=268751 a=-3643,-764,1944 g=0,-2,-5
WFI t=268801 a=-3641,-746,1942 g=-4,-2,-4
WFI t=268851 a=-3678,-756,1941 g=-10,-2,-2
WFI t=268901 a=-3656,-767,1923 g=-5,-3,-4
WFI t=268951 a=-3647,-766,1920 g=6,0,-7
WFI t=269001 a=-3656,-757,1937 g=2,-2,-6
WFI t=269051 a=-3624,-762,1932 g=-10,-4,-3
WFI t=269101 a=-3681,-757,1939 g=-6,-1,-2
WFI t=269151 a=-3667,-770,1925 g=-3,-1,-5
WFI t=269201 a=-3629,-760,1917 g=4,-1,-6
WFI t=269327 a=-3672,-740,1946 g=-6,0,-2
WFI t=269330 a=-3648,-751,1923 g=-7,-2,-3
WFI t=269352 a=-3644,-770,1923 g=-5,-2,-5
WFI t=269457 a=-3672,-762,1942 g=-4,-1,-5
WFI t=269460 a=-3642,-760,1921 g=-7,-2,-5
WFI t=269501 a=-3646,-775,1912 g=-8,-2,-2
WFI t=269551 a=-3685,-761,1942 g=-1,-4,-3
WFI t=269601 a=-3646,-759,1951 g=1,0,-8
WFI t=269651 a=-3611,-747,1947 g=-3,-1,-6
WFI t=269701 a=-3681,-760,1959 g=-13,-3,0
WFI t=269751 a=-3682,-780,1901 g=-16,-2,-2
WFI t=269801 a=-3638,-778,1884 g=7,0,-7
WFI t=269851 a=-3653,-772,1954 g=10,-1,-9
WFI t=269901 a=-3655,-753,1965 g=-3,-2,-2
WFI t=269951 a=-3640,-776,1909 g=-9,-3,3
WFI t=270001 a=-3667,-758,1910 g=-2,-3,-1
WFI t=270051 a=-3691,-747,1956 g=7,0,-10
WFI t=270101 a=-3626,-761,1954 g=3,1,-8
WFI t=270151 a=-3633,-763,1930 g=-9,-5,-1
WFI t=270201 a=-3672,-771,1918 g=-9,-4,-1
WFI t=270251 a=-3649,-777,1909 g=2,0,-7
WFI t=270301 a=-3642,-762,1920 g=4,0,-7
WFI t=270351 a=-3655,-739,1962 g=0,-2,-3
WFI t=270401 a=-3655,-751,1952 g=-10,-2,-2
WFI t=270451 a=-3637,-758,1915 g=-7,-1,-4
WFI t=270501 a=-3660,-767,1930 g=3,0,-7
WFI t=270551 a=-3660,-760,1935 g=-8,-2,-6
WFI t=270601 a=-3627,-784,1910 g=-8,-2,-2
WFI t=270651 a=-3658,-775,1911 g=-2,-3,-3
WFI t=270701 a=-3657,-753,1940 g=6,-1,-7
WFI t=270751 a=-3635,-763,1950 g=-6,0,-5
WFI t=270801 a=-3658,-757,1938 g=-9,-3,0
WFT t=270848 batt_mv=4182 rssi_mcu=0 rssi_bms=-87 mcu=0 bms=199 dropped=0
WFI t=270851 a=-3680,-756,1930 g=-11,-2,-2
WFI t=270901 a=-3659,-759,1914 g=2,0,-8
WFI t=270951 a=-3633,-766,1924 g=0,-1,-9
WFI t=271001 a=-3657,-762,1935 g=-9,-2,-2
WFI t=271051 a=-3657,-768,1928 g=-10,-3,-1
WFI t=271101 a=-3654,-763,1924 g=3,0,-5
WFI t=271151 a=-3651,-755,1942 g=3,1,-7
WFI t=271201 a=-3649,-758,1957 g=-8,-1,-5
WFI t=271288 a=-3649,-758,1920 g=-10,-3,-2
WFI t=271385 a=-3655,-763,1937 g=1,-1,-7
WFI t=271388 a=-3635,-759,1926 g=-4,-1,-7
WFI t=271401 a=-3642,-758,1931 g=-3,-2,-7
WFI t=271451 a=-3649,-768,1944 g=-2,-4,-2
WFI t=271501 a=-3659,-768,1930 g=-7,-2,-1
WFI t=271551 a=-3651,-765,1925 g=-6,-2,-6
WFI t=271601 a=-3644,-754,1932 g=1,0,-7
WFI t=271651 a=-3654,-767,1944 g=-3,-2,-4
WFI t=271701 a=-3644,-772,1929 g=-6,-3,-3
WFI t=271751 a=-3645,-777,1907 g=-3,-1,-4
WFI t=271801 a=-3668,-761,1936 g=1,-1,-6
WFI t=271851 a=-3647,-761,1936 g=0,0,-2
WFI t=271901 a=-3667,-768,1935 g=-6,-3,0
WFI t=271951 a=-3665,-758,1914 g=-7,-1,-5
WFI t=272001 a=-3654,-748,1918 g=0,0,-6
WFI t=272051 a=-3650,-766,1945 g=0,1,-6
WFI t=272101 a=-3660,-763,1941 g=-7,0,-3
WFI t=272151 a=-3658,-766,1920 g=-7,-2,-3
WFI t=272201 a=-3650,-760,1933 g=-4,-1,-5
WFI t=272251 a=-3651,-754,1942 g=-2,1,-6
WFI t=272301 a=-3649,-748,1938 g=-7,-1,-3
WFI t=272351 a=-3645,-770,1925 g=-2,0,-2
WFI t=272401 a=-3654,-764,1921 g=-3,-1,-4
WFI t=272451 a=-3658,-772,1925 g=-1,0,-7
WFI t=272501 a=-3640,-764,1936 g=-5,-1,-4
WFI t=272551 a=-3644,-773,1930 g=-6,-3,-3
WFI t=272601 a=-3641,-751,1918 g=-7,-2,-4
WFI t=272651 a=-3658,-748,1934 g=-1,-1,-5
WFI t=272701 a=-3666,-756,1929 g=4,-1,-5
WFI t=272751 a=-3664,-755,1936 g=-3,-2,-2
WFI t=272801 a=-3666,-761,1926 g=-1,-1,-4
WFI t=272851 a=-3656,-759,1923 g=-2,-1,-5
WFI t=272901 a=-3661,-758,1943 g=-4,-1,-5
WFI t=272951 a=-3654,-755,1937 g=-2,-2,-3
WFI t=273001 a=-3649,-766,1933 g=-5,-2,-5
WFI t=273051 a=-3672,-763,1921 g=-3,1,-4
WFI t=273101 a=-3657,-762,1934 g=-1,-1,-6
WFI t=273151 a=-3659,-765,1930 g=-4,-1,-5
WFI t=273201 a=-3664,-764,1934 g=-3,-2,-4
WFI t=273293 a=-3638,-766,1928 g=-2,-2,-5
WFI t=273390 a=-3643,-759,1938 g=-3,-1,-4
WFI t=273392 a=-3653,-754,1943 g=-1,0,-3
WFI t=273401 a=-3666,-756,1940 g=-1,-2,-2
WFI t=273451 a=-3646,-761,1932 g=-3,0,-5
WFI t=273501 a=-3660,-765,1932 g=-2,0,-5
WFI t=273551 a=-3640,-753,1933 g=-7,-2,-5
WFI t=273601 a=-3656,-774,1937 g=-4,-2,-4
WFI t=273651 a=-3661,-777,1939 g=-9,-1,-4
WFI t=273701 a=-3658,-775,1930 g=-3,-1,-5
WFI t=273751 a=-3650,-759,1927 g=1,1,-5
WFI t=273801 a=-3654,-762,1942 g=-1,-1,-4
WFI t=273851 a=-3659,-767,1928 g=-5,1,-3
WFI t=273901 a=-3674,-767,1929 g=-1,0,-5
WFI t=273951 a=-3653,-771,1925 g=-4,2,-6
WFI t=274001 a=-3653,-758,1950 g=-4,-3,-5
WFI t=274052 a=-3646,-772,1928 g=-5,-3,-2
WFI t=274101 a=-3665,-754,1923 g=-8,-3,-3
WFI t=274151 a=-3656,-756,1931 g=-6,-1,-4
WFI t=274201 a=-3662,-757,1933 g=0,-1,-4
WFI t=274251 a=-3652,-760,1943 g=-4,-2,-4
WFI t=274301 a=-3655,-778,1930 g=-6,0,-3
WFI t=274351 a=-3653,-770,1929 g=-8,-1,-5
WFI t=274401 a=-3649,-764,1935 g=-1,-2,-6
WFI t=274451 a=-3644,-757,1932 g=-3,-2,-5
WFI t=274501 a=-3665,-765,1927 g=-5,-4,-4
WFI t=274551 a=-3655,-745,1920 g=-5,1,-3
WFI t=274601 a=-3663,-757,1929 g=-3,0,-5
WFI t=274651 a=-3659,-768,1931 g=0,-3,-5
WFI t=274701 a=-3637,-759,1937 g=-6,-1,-4
WFI t=274751 a=-3653,-763,1917 g=-3,-1,-4
WFI t=274801 a=-3662,-764,1939 g=-4,-2,-5
WFI t=274851 a=-3650,-770,1927 g=-3,-2,-5
WFI t=274901 a=-3662,-760,1934 g=-1,-1,-5
WFI t=274951 a=-3663,-759,1938 g=-1,-4,-4
WFI t=275001 a=-3647,-754,1931 g=-4,-2,-4
WFI t=275061 a=-3654,-755,1934 g=0,1,-5
WFI t=275101 a=-3644,-773,1940 g=0,2,-4
WFI t=275151 a=-3645,-761,1931 g=-1,0,-3
WFI t=275201 a=-3653,-762,1934 g=-1,-2,-4
WFI t=275251 a=-3665,-759,1927 g=0,1,-3
WFI t=275310 a=-3651,-766,1937 g=-2,0,-4
WFI t=275533 a=-3650,-755,1935 g=-3,-2,-4
WFI t=275550 a=-3658,-773,1929 g=-1,-2,-4
WFI t=275552 a=-3658,-773,1929 g=-1,-2,-4
WFI t=275554 a=-3656,-776,1929 g=2,-2,-4
WFI t=275556 a=-3656,-776,1929 g=2,-2,-4
WFI t=275601 a=-3629,-759,1922 g=-6,-3,-3
WFI t=275651 a=-3661,-771,1930 g=-1,0,-5
WFI t=275701 a=-3658,-766,1935 g=-2,-2,-6
WFI t=275751 a=-3661,-754,1933 g=0,0,-5
WFI t=275801 a=-3641,-753,1934 g=-3,-1,-4
WFI t=275851 a=-3654,-777,1927 g=-1,-1,-3
WFI t=275901 a=-3655,-766,1929 g=-2,-2,-4
WFT t=275935 batt_mv=4180 rssi_mcu=0 rssi_bms=-82 mcu=0 bms=199 dropped=0
WFI t=275951 a=-3655,-755,1922 g=0,-1,-4
WFI t=276001 a=-3660,-757,1929 g=-3,-1,-4
WFI t=276051 a=-3649,-760,1935 g=-5,-3,-4
WFI t=276101 a=-3657,-757,1939 g=-4,-3,-5
WFI t=276151 a=-3668,-766,1935 g=-2,-2,-5
WFI t=276201 a=-3655,-758,1927 g=-2,0,-4
WFI t=276251 a=-3652,-760,1934 g=-6,-2,-3
WFI t=276301 a=-3657,-768,1928 g=-1,-1,-4
WFI t=276351 a=-3662,-769,1940 g=-1,-1,-3
WFI t=276401 a=-3653,-745,1931 g=-6,-1,-4
WFI t=276451 a=-3663,-743,1918 g=-3,-2,-4
WFI t=276501 a=-3667,-762,1933 g=1,-1,-4
WFI t=276551 a=-3653,-765,1925 g=-2,-2,-4
WFI t=276601 a=-3650,-772,1928 g=-3,-2,-4
WFI t=276651 a=-3659,-770,1936 g=-1,-1,-3
WFE t=276685 stop: user
CAPDUMP_END records=0
wf>  