es=131861
I (296272) cap: bms disconnected reason=534

wf>  
=== $ capdump 6
capdump 6
CAPHDR seq=6 version=1 unix_start=1788625717 boot_ms=17757 mcu= bms=40:18:03:01:20:e9 note=wildfire idf v6.1
WFI t=2 a=-3644,-753,1906 g=-2,-5,-5
WFE t=3 capture start seq=6 file=cap0006.wfl unix=1788625717 batt=4186 mv
WFE t=16 tune poll_ms=1000 poll_regs=0 stale_ms=10000 miss_probe=3 probe=0 mcu_off=1 itvl=24
WFE t=17 bms connected addr=40:18:03:01:20:e9
WFT t=35 batt_mv=4178 rssi_mcu=0 rssi_bms=-79 mcu=0 bms=0 dropped=0
WFE t=37 bms mtu event mtu=512
WFI t=52 a=-3636,-755,1914 g=-3,-6,-4
WFE t=84 bms conn update req itvl=12-12 latency=0 timeout=400 via=l2cap
WFI t=102 a=-3640,-749,1896 g=-2,-5,-8
WFI t=151 a=-3628,-762,1908 g=2,-4,-7
WFE t=183 bms conn update status=0 itvl=24 latency=0 timeout=600
WFI t=202 a=-3636,-745,1910 g=-4,-5,-5
WFI t=251 a=-3644,-752,1914 g=-4,-4,-5
WFI t=302 a=-3645,-752,1911 g=1,-4,-5
WFI t=352 a=-3645,-748,1897 g=-1,-5,-6
WFR t=363 src=bms type=0x02 len=205 data=d203fa0ee90ee90ee90ee90ee90ee90ee90eea0ee80ee90ee90eea0eed0eed0eed0eec0eed0eed0eee0eee0eee0eef0eef0eef0eed0eee0eee0eee0000000000000000003d0000000000000000000000000000042d753002ad0eef0ee8003d003d00000156001c0001001d0000000100010eeb0007000000000000000000000000000075300000ffff000000000000000000000000000000000000000000000000000000000000000000000000000000003230374a4331343031303031303300000000000000000000ffffffff
WFI t=402 a=-3654,-736,1891 g=-6,-6,-6
WFR t=422 src=bms type=0x02 len=50 data=ffffffffffffffffffffffffffffffffffffffffffffffffffffffffffffffffffffffffffffffffffffffffffffffff4ea8
WFI t=452 a=-3643,-746,1907 g=-5,-5,-6
WFI t=501 a=-3642,-745,1896 g=1,-5,-6
WFI t=552 a=-3634,-739,1910 g=4,-3,-7
WFI t=602 a=-3639,-756,1915 g=-5,-4,-7
WFI t=651 a=-3633,-752,1907 g=-6,-6,-4
WFI t=701 a=-3643,-737,1905 g=-4,-4,-5
WFI t=752 a=-3639,-751,1898 g=-2,-4,-7
WFI t=801 a=-3645,-753,1893 g=1,-5,-5
WFI t=851 a=-3644,-760,1912 g=-5,-5,-7
WFI t=902 a=-3647,-759,1900 g=-6,-5,-5
WFI t=951 a=-3643,-753,1881 g=-1,-5,-5
WFI t=1002 a=-3639,-746,1900 g=3,-3,-7
WFI t=1052 a=-3651,-756,1902 g=0,-4,-6
WFI t=1101 a=-3644,-752,1900 g=-1,-6,-4
WFI t=1152 a=-3639,-761,1904 g=-2,-5,-5
WFI t=1202 a=-3632,-745,1901 g=0,-4,-7
WFI t=1251 a=-3640,-747,1910 g=-1,-4,-7
WFI t=1301 a=-3637,-761,1906 g=0,-5,-6
WFI t=1352 a=-3641,-747,1901 g=-5,-4,-5
WFI t=1401 a=-3632,-742,1886 g=-2,-4,-5
WFR t=1443 src=bms type=0x02 len=205 data=d203fa0ee90ee90ee90ee90ee90ee90ee90ee90ee80ee90ee90eea0eed0eed0eed0eec0eed0eee0eef0eee0eee0eef0eef0eef0eed0eee0eee0eee0000000000000000003d0000000000000000000000000000042d752f02ad0eef0ee8003d003d00000156001c0001001d0000000100010eeb0007000a00000000000000000000000075300000ffff000000000000000000000000000000000000000000000000000000000000000000000000000000003230374a4331343031303031303300000000000000000000ffffffff
WFI t=1452 a=-3645,-745,1903 g=4,-4,-7
WFI t=1502 a=-3636,-749,1904 g=-2,-4,-6
WFR t=1532 src=bms type=0x02 len=50 data=ffffffffffffffffffffffffffffffffffffffffffffffffffffffffffffffffffffffffffffffffffffffffffffffffb321
WFI t=1551 a=-3647,-743,1898 g=-5,-3,-5
WFI t=1602 a=-3645,-741,1888 g=0,-4,-6
WFI t=1652 a=-3637,-749,1902 g=5,-3,-6
WFI t=1701 a=-3633,-746,1904 g=3,-4,-5
WFI t=1751 a=-3645,-760,1916 g=-3,-5,-4
WFI t=1802 a=-3638,-765,1916 g=-2,-4,-6
WFI t=1851 a=-3653,-752,1907 g=-1,-3,-6
WFI t=1964 a=-3625,-746,1904 g=2,-4,-6
WFI t=1966 a=-3649,-745,1912 g=1,-4,-5
WFI t=2002 a=-3639,-754,1904 g=-3,-2,-4
WFI t=2104 a=-3650,-762,1900 g=3,-5,-6
WFI t=2106 a=-3646,-751,1898 g=-1,-3,-7
WFI t=2151 a=-3636,-750,1906 g=1,-5,-6
WFI t=2202 a=-3637,-751,1904 g=1,-5,-5
WFI t=2252 a=-3655,-755,1898 g=2,-3,-4
WFI t=2301 a=-3638,-750,1890 g=0,-4,-6
WFI t=2351 a=-3631,-747,1906 g=0,-5,-5
WFI t=2402 a=-3636,-751,1904 g=-4,-5,-5
WFI t=2451 a=-3655,-752,1891 g=-1,-5,-5
WFR t=2463 src=bms type=0x02 len=205 data=d203fa0ee90ee90ee90ee90ee90ee90ee90eea0ee80ee90ee90eea0eed0eed0eed0eec0eed0eed0eef0eee0eee0eef0eef0eef0eed0eee0eee0eee0000000000000000003d0000000000000000000000000000042d752f02ad0eef0ee8003d003d00000156001c0001001d0000000100010eeb0007000a00000000000000000000000075300000ffff000000000000000000000000000000000000000000000000000000000000000000000000000000003230374a4331343031303031303300000000000000000000ffffffff
WFI t=2501 a=-3640,-752,1894 g=3,-1,-5
WFI t=2552 a=-3637,-748,1903 g=0,-3,-6
WFR t=2552 src=bms type=0x02 len=50 data=ffffffffffffffffffffffffffffffffffffffffffffffffffffffffffffffffffffffffffffffffffffffffffffffffdc28
WFI t=2601 a=-3635,-765,1896 g=-3,-2,-6
WFI t=2651 a=-3642,-757,1901 g=-1,-6,-5
WFI t=2702 a=-3624,-743,1897 g=0,-4,-5
WFI t=2751 a=-3646,-765,1902 g=3,-4,-6
WFI t=2801 a=-3650,-755,1905 g=-4,-4,-6
WFI t=2852 a=-3648,-761,1907 g=-1,-4,-3
WFI t=2901 a=-3651,-754,1897 g=-1,-3,-7
WFI t=2951 a=-3636,-746,1889 g=-1,-3,-6
WFI t=3002 a=-3625,-729,1904 g=-2,-4,-5
WFI t=3051 a=-3642,-758,1896 g=-1,-3,-6
WFI t=3101 a=-3640,-759,1902 g=-2,-4,-7
WFI t=3152 a=-3637,-748,1900 g=1,-3,-6
WFI t=3202 a=-3637,-757,1894 g=-4,-3,-6
WFI t=3252 a=-3641,-754,1902 g=-1,-3,-6
WFI t=3302 a=-3640,-753,1895 g=-4,-3,-6
WFI t=3351 a=-3641,-753,1901 g=-4,-5,-7
WFI t=3401 a=-3655,-751,1912 g=2,-3,-5
WFI t=3452 a=-3646,-748,1905 g=-2,-3,-4
WFR t=3453 src=bms type=0x02 len=205 data=d203fa0ee90ee90ee90ee90eea0ee90ee90eea0ee80ee90eea0eea0eed0eed0eed0eec0eed0eee0eef0eee0eee0eef0eef0eef0eed0eee0eee0eee0000000000000000003d0000000000000000000000000000042d752f02ad0eef0ee8003d003d00000156001c0001001d0000000100010eeb0007000a00000000000000000000000075300000ffff000000000000000000000000000000000000000000000000000000000000000000000000000000003230374a4331343031303031303300000000000000000000ffffffff
WFI t=3502 a=-3633,-751,1895 g=-4,-4,-7
WFR t=3542 src=bms type=0x02 len=50 data=ffffffffffffffffffffffffffffffffffffffffffffffffffffffffffffffffffffffffffffffffffffffffffffffff6b06
WFI t=3551 a=-3645,-753,1906 g=3,-3,-6
WFI t=3601 a=-3640,-758,1893 g=-1,-3,-6
WFI t=3651 a=-3637,-753,1909 g=4,-2,-5
WFI t=3701 a=-3636,-750,1900 g=-2,-3,-6
WFI t=3752 a=-3642,-751,1900 g=2,-2,-4
WFI t=3801 a=-3640,-755,1905 g=2,-4,-7
WFI t=3851 a=-3638,-744,1910 g=-1,-4,-5
WFI t=3901 a=-3641,-747,1910 g=0,-4,-5
WFI t=4026 a=-3639,-745,1901 g=-4,-6,-6
WFI t=4028 a=-3639,-738,1907 g=-3,-3,-7
WFI t=4052 a=-3637,-754,1914 g=1,-5,-5
WFI t=4101 a=-3641,-766,1898 g=-5,-4,-3
WFI t=4151 a=-3637,-756,1892 g=3,-3,-5
WFI t=4201 a=-3638,-752,1891 g=0,-4,-6
WFI t=4251 a=-3653,-760,1899 g=0,-5,-7
WFI t=4301 a=-3638,-758,1900 g=-7,-5,-5
WFI t=4352 a=-3639,-755,1890 g=3,-5,-5
WFI t=4401 a=-3639,-756,1887 g=-5,-5,-5
WFI t=4451 a=-3644,-745,1898 g=-1,-3,-6
WFR t=4473 src=bms type=0x02 len=205 data=d203fa0ee90ee90ee90ee90ee90ee90ee90eea0ee80ee90ee90eea0eed0eed0eed0eec0eee0eee0eee0eee0eee0eef0eef0eef0eed0eee0eee0eee0000000000000000003d0000000000000000000000000000042d752f02ad0eef0ee8003d003d00000156001c0001001d0000000100010eeb0007000a00000000000000000000000075300000ffff000000000000000000000000000000000000000000000000000000000000000000000000000000003230374a4331343031303031303300000000000000000000ffffffff
WFI t=4502 a=-3633,-758,1897 g=-4,-5,-5
WFI t=4551 a=-3640,-770,1894 g=2,-5,-4
WFR t=4562 src=bms type=0x02 len=50 data=ffffffffffffffffffffffffffffffffffffffffffffffffffffffffffffffffffffffffffffffffffffffffffffffff4d66
WFI t=4601 a=-3636,-760,1887 g=0,-3,-6
WFI t=4652 a=-3650,-757,1895 g=3,-4,-6
WFI t=4701 a=-3635,-757,1917 g=-2,-5,-5
WFI t=4751 a=-3640,-736,1899 g=-4,-5,-6
WFI t=4802 a=-3633,-758,1889 g=1,-5,-6
WFI t=4851 a=-3630,-766,1897 g=3,-3,-6
WFI t=4901 a=-3644,-765,1909 g=-5,-1,-5
WFI t=4952 a=-3646,-755,1914 g=-4,-5,-5
WFI t=5001 a=-3645,-748,1897 g=0,-4,-5
WFI t=5051 a=-3642,-752,1902 g=3,-3,-5
WFI t=5102 a=-3643,-755,1896 g=-2,-6,-7
WFI t=5151 a=-3637,-735,1899 g=1,-5,-5
WFI t=5201 a=-3651,-767,1898 g=-5,-5,-5
WFE t=5217 bms answered none of 5 wide reads, asking for 62 registers
WFT t=5235 batt_mv=4178 rssi_mcu=0 rssi_bms=-78 mcu=0 bms=10 dropped=0
WFI t=5252 a=-3653,-748,1890 g=1,-4,-6
WFI t=5301 a=-3637,-757,1896 g=-3,-3,-5
WFI t=5351 a=-3638,-759,1909 g=-5,-3,-5
WFI t=5402 a=-3637,-755,1898 g=-2,-5,-6
WFR t=5433 src=bms type=0x02 len=129 data=d2037c0ee90ee90ee90ee90ee90ee90eea0eea0ee80ee90eea0eea0eed0eed0eed0eec0eed0eed0eef0eee0eee0eef0eef0eef0eed0eef0eee0eee0000000000000000003d0000000000000000000000000000042d752f02ad0eef0ee8003d003d00000156001c0001001d0000000100010eeb0007000a000000000000000006fc
WFI t=5452 a=-3637,-762,1905 g=-3,-5,-6
WFI t=5502 a=-3642,-750,1904 g=-4,-4,-6
WFI t=5552 a=-3633,-741,1913 g=1,-6,-5
WFI t=5601 a=-3640,-754,1889 g=-2,-4,-6
WFI t=5651 a=-3645,-749,1901 g=-2,-3,-6
WFI t=5702 a=-3637,-756,1902 g=-3,-3,-6
WFI t=5751 a=-3643,-746,1896 g=-1,-3,-6
WFI t=5801 a=-3650,-750,1906 g=1,-5,-6
WFI t=5856 a=-3649,-740,1891 g=0,-5,-4
WFI t=5902 a=-3644,-754,1908 g=0,-4,-6
WFI t=5964 a=-3642,-748,1904 g=-2,-4,-7
WFI t=6112 a=-3643,-747,1892 g=-2,-4,-5
WFI t=6190 a=-3645,-747,1891 g=1,-4,-5
WFI t=6193 a=-3651,-755,1904 g=0,-5,-6
WFI t=6196 a=-3651,-755,1904 g=0,-5,-6
WFI t=6201 a=-3647,-746,1899 g=0,-4,-5
WFI t=6251 a=-3646,-752,1906 g=-2,-5,-5
WFI t=6302 a=-3643,-751,1901 g=-2,-4,-5
WFI t=6351 a=-3646,-753,1897 g=5,-4,-5
WFI t=6402 a=-3637,-750,1907 g=-3,-2,-6
WFI t=6452 a=-3643,-749,1897 g=-6,-3,-6
WFI t=6502 a=-3639,-760,1894 g=-3,-4,-6
WFR t=6513 src=bms type=0x02 len=129 data=d2037c0ee90ee90ee90ee90ee90ee90ee90ee90ee80ee90ee90eea0eed0eed0eed0eec0eee0eee0eef0eee0eee0eef0eef0eef0eed0eee0eee0eee0000000000000000003d0000000000000000000000000000042d752f02ad0eef0ee8003d003d00000156001c0001001d0000000100010eeb0007000a0000000000000000d0db
WFI t=6552 a=-3645,-753,1896 g=2,-2,-4
WFI t=6602 a=-3629,-752,1889 g=-6,-6,-6
WFI t=6652 a=-3640,-749,1899 g=-3,-5,-6
WFI t=6702 a=-3662,-753,1903 g=-4,-4,-6
WFI t=6752 a=-3646,-744,1891 g=2,-4,-4
WFI t=6801 a=-3644,-750,1908 g=0,-3,-5
WFI t=6852 a=-3630,-758,1886 g=-2,-4,-6
WFI t=6902 a=-3644,-752,1901 g=2,-4,-7
WFI t=6951 a=-3644,-750,1906 g=0,-3,-5
WFI t=7001 a=-3637,-753,1906 g=-1,-2,-5
WFI t=7052 a=-3644,-757,1894 g=4,-3,-5
WFI t=7102 a=-3641,-742,1900 g=3,-3,-5
WFI t=7151 a=-3649,-738,1908 g=1,-5,-6
WFI t=7202 a=-3647,-738,1897 g=0,-4,-6
WFI t=7252 a=-3650,-759,1910 g=-1,-4,-5
WFI t=7302 a=-3644,-752,1896 g=-3,-3,-5
WFI t=7352 a=-3640,-757,1895 g=-2,-3,-6
WFI t=7401 a=-3638,-753,1909 g=-3,-3,-7
WFI t=7452 a=-3648,-757,1903 g=-1,-4,-6
WFI t=7502 a=-3639,-752,1897 g=-4,-4,-6
WFR t=7533 src=bms type=0x02 len=129 data=d2037c0ee90ee90ee90ee90ee90ee90ee90ee90ee80ee90ee90eea0eed0eed0eed0eec0eed0eed0eef0eee0eee0eef0eef0eef0eed0eee0eee0eee0000000000000000003d0000000000000000000000000000042d752f02ad0eef0ee8003d003d00000156001c0001001d0000000100010eeb0007000a0000000000000000e3d8
WFI t=7552 a=-3624,-762,1897 g=-2,-4,-4
WFI t=7601 a=-3638,-759,1895 g=0,-6,-5
WFI t=7652 a=-3637,-760,1913 g=3,-4,-5
WFI t=7701 a=-3635,-759,1906 g=1,-4,-5
WFI t=7751 a=-3653,-748,1904 g=-1,-4,-5
WFI t=7802 a=-3649,-763,1911 g=-1,-2,-5
WFI t=7851 a=-3652,-758,1900 g=1,-3,-5
WFI t=7901 a=-3635,-752,1905 g=3,-2,-4
WFI t=8048 a=-3642,-747,1900 g=-2,-5,-5
WFI t=8062 a=-3639,-746,1904 g=-2,-5,-5
WFI t=8065 a=-3645,-754,1900 g=0,-3,-5
WFI t=8102 a=-3638,-749,1897 g=-2,-4,-5
WFI t=8151 a=-3647,-750,1898 g=1,-5,-5
WFI t=8201 a=-3638,-758,1887 g=2,-4,-7
WFI t=8252 a=-3639,-763,1905 g=0,-3,-5
WFI t=8302 a=-3638,-754,1900 g=-3,-5,-5
WFI t=8352 a=-3647,-755,1898 g=-2,-3,-5
WFI t=8402 a=-3634,-757,1900 g=-3,-4,-6
WFI t=8451 a=-3639,-758,1905 g=-4,-5,-6
WFI t=8502 a=-3638,-761,1895 g=-4,-3,-7
WFR t=8523 src=bms type=0x02 len=129 data=d2037c0ee90ee90ee90ee90ee90ee90ee90ee90ee80ee90ee90eea0eed0eed0eed0eec0eed0eee0eef0eee0eee0eef0eef0eef0eed0eee0eee0eee0000000000000000003d0000000000000000000000000000042d752f02ad0eef0ee8003d003d00000156001c0001001d0000000100010eeb0007000a000000000000000017da
WFI t=8552 a=-3641,-756,1889 g=-3,-5,-6
WFI t=8601 a=-3639,-756,1891 g=0,-5,-5
WFI t=8651 a=-3657,-750,1903 g=1,-5,-6
WFI t=8702 a=-3647,-773,1901 g=-2,-3,-6
WFI t=8751 a=-3635,-749,1902 g=-1,-5,-5
WFI t=8801 a=-3646,-750,1889 g=-1,-3,-6
WFI t=8852 a=-3638,-743,1894 g=0,-4,-5
WFI t=8901 a=-3649,-747,1893 g=-1,-5,-6
WFI t=8951 a=-3634,-750,1901 g=-1,-4,-5
WFI t=9002 a=-3646,-755,1896 g=-2,-4,-5
WFI t=9051 a=-3646,-751,1898 g=2,-3,-6
WFI t=9101 a=-3652,-753,1909 g=-3,-4,-5
WFI t=9152 a=-3628,-747,1901 g=-1,-3,-5
WFI t=9201 a=-3649,-757,1900 g=-5,-4,-7
WFI t=9251 a=-3634,-755,1890 g=-1,-3,-6
WFI t=9302 a=-3650,-765,1902 g=-1,-4,-6
WFI t=9352 a=-3644,-742,1898 g=-5,-5,-6
WFI t=9401 a=-3642,-759,1911 g=-2,-4,-6
WFI t=9452 a=-3637,-741,1913 g=-5,-5,-5
WFI t=9501 a=-3633,-748,1898 g=-4,-3,-5
WFR t=9513 src=bms type=0x02 len=129 data=d2037c0ee90ee90ee90ee90ee90ee80ee90eea0ee80ee90ee90eea0eed0eed0eed0eec0eed0eee0eef0eee0eee0eee0eef0eef0eed0eee0eee0eee0000000000000000003d0000000000000000000000000000042d752f02ad0eef0ee8003d003d00000156001c0001001d0000000100010eeb0007000a000000000000000028cd
WFI t=9552 a=-3640,-758,1894 g=-2,-4,-7
WFI t=9602 a=-3652,-763,1909 g=1,-3,-6
WFI t=9651 a=-3633,-749,1890 g=-1,-4,-6
WFI t=9701 a=-3649,-756,1905 g=-1,-5,-6
WFI t=9752 a=-3640,-752,1901 g=-3,-3,-5
WFI t=9801 a=-3646,-751,1901 g=1,-3,-6
WFI t=9851 a=-3633,-757,1904 g=0,-2,-6
WFI t=9901 a=-3643,-750,1911 g=-8,-6,-5
WFI t=9993 a=-3640,-748,1907 g=-5,-5,-6
WFI t=10072 a=-3655,-757,1906 g=-4,-4,-5
WFI t=10074 a=-3646,-750,1908 g=-2,-4,-5
WFI t=10101 a=-3648,-758,1909 g=-5,-5,-5
WFI t=10151 a=-3643,-755,1899 g=-5,-4,-6
WFI t=10201 a=-3649,-747,1894 g=-4,-4,-6
WFI t=10251 a=-3640,-750,1897 g=1,-5,-6
WFI t=10301 a=-3628,-763,1897 g=-4,-5,-5
WFT t=10316 batt_mv=4164 rssi_mcu=0 rssi_bms=-83 mcu=0 bms=15 dropped=0
WFI t=10352 a=-3646,-748,1907 g=1,-4,-4
WFI t=10401 a=-3640,-753,1902 g=2,-5,-7
WFI t=10451 a=-3645,-764,1896 g=2,-4,-5
WFI t=10501 a=-3644,-751,1908 g=-1,-3,-5
WFR t=10503 src=bms type=0x02 len=129 data=d2037c0ee90ee80ee90ee90ee90ee90eea0eea0ee80ee90ee90eea0eed0eed0eed0eec0eed0eed0eee0eee0eee0eef0eef0eef0eed0eee0eee0eee0000000000000000003d0000000000000000000000000000042d752e02ad0eef0ee8003d003d00000156001c0001001d0000000100010eeb0007001500000000000000008ec4
WFI t=10552 a=-3652,-756,1912 g=-3,-4,-4
WFI t=10601 a=-3635,-744,1902 g=-1,-4,-5
WFI t=10651 a=-3653,-746,1905 g=-2,-4,-6
WFI t=10701 a=-3629,-751,1909 g=-1,-5,-6
WFI t=10752 a=-3648,-755,1879 g=-4,-5,-5
WFI t=10801 a=-3644,-755,1901 g=-2,-4,-6
WFI t=10851 a=-3647,-751,1905 g=0,-5,-6
WFI t=10901 a=-3643,-752,1911 g=2,-4,-6
WFI t=10952 a=-3635,-763,1893 g=-2,-5,-6
WFI t=11001 a=-3627,-762,1903 g=0,-3,-5
WFI t=11051 a=-3644,-754,1892 g=1,-3,-5
WFI t=11101 a=-3649,-758,1910 g=-3,-3,-5
WFI t=11152 a=-3636,-747,1901 g=2,-4,-6
WFI t=11201 a=-3644,-758,1902 g=-3,-4,-7
WFI t=11251 a=-3645,-749,1900 g=-5,-5,-6
WFI t=11301 a=-3646,-754,1908 g=0,-3,-6
WFI t=11352 a=-3634,-748,1902 g=4,-4,-6
WFI t=11402 a=-3651,-747,1898 g=-1,-4,-6
WFI t=11451 a=-3637,-751,1897 g=1,-4,-6
WFI t=11501 a=-3653,-756,1904 g=1,-4,-5
WFR t=11523 src=bms type=0x02 len=129 data=d2037c0ee90ee90ee90ee90ee90ee90ee90eea0ee80ee90ee90eea0eed0eed0eed0eec0eee0eee0eef0eee0eee0eee0eef0eef0eed0eee0eee0eee0000000000000000003d0000000000000000000000000000042d752f02ad0eef0ee8003d003d00000156001c0001001d0000000100010eeb0007000a000000000000000049ea
WFI t=11552 a=-3649,-759,1899 g=-4,-3,-5
WFI t=11602 a=-3644,-738,1911 g=-2,-5,-6
WFI t=11651 a=-3641,-756,1901 g=-2,-4,-6
WFI t=11701 a=-3634,-761,1902 g=0,-6,-5
WFI t=11751 a=-3634,-762,1905 g=-5,-4,-6
WFI t=11801 a=-3639,-756,1901 g=-3,-4,-6
WFI t=11851 a=-3652,-759,1903 g=-5,-4,-6
WFI t=11901 a=-3638,-761,1907 g=4,-5,-6
WFI t=11951 a=-3637,-755,1914 g=-6,-3,-6
WFI t=12083 a=-3647,-758,1902 g=-2,-5,-5
WFI t=12086 a=-3640,-754,1906 g=0,-4,-5
WFI t=12101 a=-3649,-764,1909 g=-2,-5,-6
WFI t=12151 a=-3645,-762,1903 g=-3,-4,-5
WFI t=12201 a=-3633,-747,1904 g=0,-4,-6
WFI t=12251 a=-3643,-751,1902 g=-2,-2,-5
WFI t=12302 a=-3645,-751,1907 g=-2,-6,-5
WFI t=12352 a=-3629,-748,1905 g=-4,-6,-7
WFI t=12401 a=-3648,-758,1906 g=2,-4,-5
WFI t=12451 a=-3642,-759,1899 g=-4,-3,-6
WFI t=12501 a=-3645,-746,1889 g=-2,-4,-5
WFR t=12513 src=bms type=0x02 len=129 data=d2037c0ee90ee80ee90ee90ee90ee90ee90ee90ee80ee90ee90eea0eed0eed0eed0eec0eed0eed0eef0eee0eee0eef0eef0eef0eed0eee0eee0eee0000000000000000003d0000000000000000000000000000042d752f02ad0eef0ee8003d003d00000156001c0001001d0000000100010eeb0007000a00000000000000002e48
WFI t=12552 a=-3640,-759,1903 g=-3,-4,-5
WFI t=12601 a=-3639,-760,1898 g=-7,-5,-6
WFI t=12651 a=-3643,-760,1900 g=1,-3,-7
WFI t=12701 a=-3630,-758,1902 g=-2,-4,-5
WFI t=12751 a=-3632,-742,1908 g=-6,-4,-6
WFI t=12801 a=-3641,-751,1910 g=-1,-4,-5
WFI t=12851 a=-3651,-756,1894 g=0,-6,-6
WFI t=12901 a=-3641,-752,1909 g=-2,-4,-5
WFI t=12952 a=-3644,-747,1910 g=-2,-5,-6
WFI t=13001 a=-3639,-758,1905 g=-3,-3,-5
WFI t=13051 a=-3653,-757,1894 g=0,-3,-7
WFI t=13101 a=-3635,-762,1901 g=-2,-4,-6
WFI t=13152 a=-3642,-757,1905 g=2,-3,-4
WFI t=13201 a=-3649,-749,1904 g=-4,-3,-5
WFI t=13251 a=-3645,-744,1886 g=-1,-5,-5
WFI t=13301 a=-3630,-750,1900 g=-1,-5,-6
WFI t=13352 a=-3628,-761,1895 g=-4,-3,-5
WFI t=13401 a=-3646,-745,1901 g=-4,-3,-5
WFI t=13451 a=-3635,-747,1911 g=-2,-3,-6
WFI t=13501 a=-3643,-754,1899 g=-4,-7,-5
WFR t=13533 src=bms type=0x02 len=129 data=d2037c0ee90ee90ee90ee90ee90ee90ee90eea0ee80ee90ee90eea0eed0eed0eed0eec0eed0eee0eef0eee0eee0eef0eef0eef0eed0eee0eee0eee0000000000000000003d0000000000000000000000000000042d752f02ad0eef0ee8003d003d00000156001c0001001d0000000100010eeb0007000a0000000000000000cb03
WFI t=13552 a=-3643,-767,1900 g=-6,-3,-4
WFI t=13601 a=-3641,-762,1897 g=1,-4,-4
WFI t=13651 a=-3644,-764,1911 g=0,-4,-6
WFI t=13701 a=-3656,-758,1908 g=0,-3,-5
WFI t=13752 a=-3647,-753,1907 g=-3,-4,-6
WFI t=13801 a=-3643,-745,1913 g=-2,-3,-5
WFI t=13851 a=-3637,-755,1899 g=3,-3,-7
WFI t=13901 a=-3633,-756,1914 g=-4,-6,-7
WFI t=13952 a=-3648,-763,1910 g=-5,-4,-5
WFI t=14088 a=-3650,-757,1889 g=-9,-5,-5
WFI t=14103 a=-3637,-761,1900 g=5,-3,-8
WFI t=14105 a=-3643,-752,1906 g=-2,-3,-7
WFI t=14151 a=-3637,-750,1921 g=-3,-3,-5
WFI t=14201 a=-3655,-759,1900 g=-12,-8,-3
WFI t=14251 a=-3650,-757,1884 g=-3,-5,-5
WFI t=14301 a=-3642,-760,1901 g=-4,-4,-7
WFI t=14352 a=-3627,-766,1901 g=-3,-3,-8
WFI t=14403 a=-3633,-751,1910 g=-7,-5,-3
WFI t=14500 a=-3660,-750,1892 g=-3,-3,-6
WFI t=14501 a=-3651,-750,1889 g=-3,-3,-7
WFR t=14523 src=bms type=0x02 len=129 data=d2037c0ee90ee90ee90ee90ee90ee90ee90ee90ee80ee90ee90eea0eed0eed0eed0eec0eed0eee0eee0eee0eee0eee0eef0eef0eed0eef0eee0eee0000000000000000003d0000000000000000000000000000042d753002ad0eef0ee8003d003d00000156001c0001001d0000000100010eeb0007000000000000000000005f4a
WFI t=14552 a=-3644,-742,1895 g=0,-5,-8
WFI t=14601 a=-3634,-752,1897 g=-1,-4,-4
WFI t=14651 a=-3648,-760,1899 g=-9,-4,-5
WFI t=14701 a=-3628,-765,1894 g=1,-3,-6
WFI t=14751 a=-3638,-754,1892 g=1,-5,-8
WFI t=14801 a=-3652,-754,1905 g=-5,-6,-6
WFI t=14851 a=-3646,-750,1902 g=-3,-4,-3
WFI t=14901 a=-3652,-733,1897 g=-4,-4,-4
WFI t=14951 a=-3644,-748,1902 g=-1,-5,-8
WFI t=15002 a=-3653,-755,1901 g=-4,-5,-7
WFI t=15051 a=-3639,-763,1897 g=-8,-5,-4
WFI t=15101 a=-3640,-768,1895 g=-2,-3,-4
WFI t=15151 a=-3637,-753,1899 g=1,-3,-6
WFI t=15299 a=-3643,-754,1903 g=-1,-3,-6
WFI t=15314 a=-3657,-753,1903 g=-3,-6,-3
WFI t=15316 a=-3649,-755,1896 g=-6,-5,-4
WFT t=15338 batt_mv=4182 rssi_mcu=0 rssi_bms=-80 mcu=0 bms=20 dropped=0
WFI t=15352 a=-3642,-759,1892 g=0,-3,-6
WFI t=15401 a=-3635,-753,1900 g=-1,-5,-8
WFI t=15451 a=-3649,-754,1908 g=1,-7,-7
WFI t=15501 a=-3646,-750,1891 g=-5,-5,-4
WFR t=15543 src=bms type=0x02 len=129 data=d2037c0ee90ee90ee90ee90ee90ee90eea0ee90ee80ee90ee90eea0eed0eed0eed0eec0eed0eee0eef0eee0eee0eef0eef0eef0eed0eee0eee0eee0000000000000000003d0000000000000000000000000000042d752f02ad0eef0ee8003d003d00000156001c0001001d0000000100010eeb0007000a00000000000000008e80
WFI t=15552 a=-3665,-758,1894 g=-4,-4,-5
WFI t=15601 a=-3644,-754,1886 g=2,-2,-6
WFI t=15651 a=-3638,-745,1894 g=2,-5,-7
WFI t=15701 a=-3648,-758,1903 g=-7,-4,-5
WFI t=15752 a=-3648,-751,1895 g=-3,-6,-5
WFI t=15801 a=-3629,-758,1888 g=-2,-4,-7
WFI t=15851 a=-3641,-756,1887 g=-2,-5,-6
WFI t=15901 a=-3639,-749,1900 g=-2,-5,-6
WFI t=15952 a=-3642,-762,1908 g=-5,-4,-3
WFI t=16095 a=-3639,-738,1905 g=-6,-4,-6
WFI t=16110 a=-3651,-756,1905 g=0,-4,-6
WFI t=16112 a=-3641,-751,1898 g=-1,-4,-5
WFI t=16152 a=-3644,-758,1890 g=-4,-5,-5
WFI t=16201 a=-3646,-753,1888 g=0,-5,-5
WFI t=16251 a=-3642,-756,1893 g=4,-3,-5
WFI t=16301 a=-3650,-756,1896 g=1,-5,-6
WFI t=16352 a=-3639,-760,1892 g=1,-3,-3
WFI t=16401 a=-3649,-753,1907 g=-2,-2,-5
WFI t=16451 a=-3646,-760,1890 g=0,-2,-5
WFI t=16501 a=-3649,-753,1904 g=3,-3,-6
WFI t=16552 a=-3638,-763,1894 g=-9,-4,-5
WFR t=16593 src=bms type=0x02 len=129 data=d2037c0ee90ee90ee90ee90ee90ee90ee90ee90ee80ee90ee90eea0eed0eed0eed0eec0eed0eee0eee0eee0eee0eef0eef0eef0eed0eee0eee0eee0000000000000000003d0000000000000000000000000000042d752f02ad0eef0ee8003d003d00000156001c0001001d0000000100010eeb0007000a00000000000000007958
WFI t=16602 a=-3649,-761,1903 g=0,-4,-5
WFI t=16651 a=-3655,-753,1891 g=-6,-3,-6
WFI t=16701 a=-3643,-758,1898 g=5,-4,-6
WFI t=16751 a=-3640,-755,1908 g=-6,-5,-6
WFI t=16802 a=-3641,-761,1913 g=-3,-4,-4
WFI t=16851 a=-3638,-749,1887 g=-2,-5,-5
WFI t=16901 a=-3641,-749,1900 g=-5,-4,-7
WFI t=16952 a=-3639,-758,1907 g=-2,-3,-5
WFI t=17002 a=-3634,-746,1890 g=-1,-5,-5
WFI t=17051 a=-3647,-759,1895 g=-1,-5,-6
WFI t=17101 a=-3652,-743,1896 g=1,-2,-6
WFI t=17151 a=-3640,-758,1900 g=-3,-5,-6
WFI t=17202 a=-3642,-759,1898 g=-1,-3,-6
WFI t=17251 a=-3646,-753,1890 g=-1,-4,-5
WFI t=17301 a=-3649,-749,1889 g=3,-4,-5
WFI t=17352 a=-3622,-737,1904 g=-5,-5,-6
WFI t=17402 a=-3645,-745,1906 g=-3,-3,-6
WFI t=17451 a=-3641,-755,1892 g=-10,-5,-5
WFI t=17501 a=-3647,-758,1898 g=-2,-4,-6
WFI t=17551 a=-3637,-754,1898 g=1,-3,-6
WFR t=17553 src=bms type=0x02 len=129 data=d2037c0ee90ee80ee90ee90ee90ee90ee90eea0ee80ee90ee90eea0eed0eed0eed0eec0eed0eed0eee0eee0eee0eef0eef0eef0eed0eee0eee0eee0000000000000000003d0000000000000000000000000000042d752e02ad0eef0ee8003d003d00000156001c0001001d0000000100010eeb000700150000000000000000179e
WFI t=17602 a=-3633,-749,1912 g=1,-5,-6
WFI t=17651 a=-3645,-758,1902 g=-1,-3,-4
WFI t=17701 a=-3628,-759,1891 g=-1,-3,-5
WFI t=17751 a=-3649,-761,1890 g=-2,-5,-7
WFI t=17801 a=-3641,-756,1901 g=-2,-3,-6
WFI t=17851 a=-3639,-764,1894 g=-1,-3,-5
WFI t=17901 a=-3635,-768,1896 g=-5,-4,-4
WFI t=17951 a=-3641,-761,1897 g=-7,-3,-6
WFI t=18033 a=-3643,-760,1894 g=-1,-4,-6
WFI t=18117 a=-3653,-756,1896 g=-5,-3,-5
WFI t=18121 a=-3653,-756,1896 g=-5,-3,-5
WFI t=18152 a=-3642,-758,1911 g=-3,-5,-5
WFI t=18201 a=-3648,-754,1897 g=-3,-3,-6
WFI t=18251 a=-3640,-738,1896 g=1,-4,-6
WFI t=18301 a=-3646,-757,1907 g=-2,-5,-5
WFI t=18352 a=-3643,-735,1899 g=-5,-4,-6
WFI t=18401 a=-3659,-768,1890 g=-5,-5,-6
WFI t=18451 a=-3642,-765,1908 g=-1,-2,-5
WFI t=18501 a=-3641,-752,1902 g=1,-2,-4
WFR t=18543 src=bms type=0x02 len=129 data=d2037c0ee90ee80ee90ee90ee90ee90ee90eea0ee80ee90ee90eea0eed0eed0eed0eec0eed0eed0eef0eee0eee0eee0eef0eef0eed0eee0eee0eee0000000000000000003d0000000000000000000000000000042d752f02ad0eef0ee8003d003d00000156001c0001001d0000000100010eeb0007000a0000000000000000b779
WFI t=18552 a=-3636,-765,1910 g=1,-4,-5
WFI t=18601 a=-3642,-757,1904 g=-2,-4,-5
WFI t=18651 a=-3650,-749,1905 g=-4,-5,-6
WFI t=18701 a=-3643,-753,1900 g=-4,-4,-7
WFI t=18752 a=-3645,-754,1906 g=-1,-4,-4
WFI t=18801 a=-3649,-751,1905 g=-1,-3,-6
WFI t=18851 a=-3632,-755,1909 g=-2,-1,-6
WFI t=18901 a=-3650,-765,1911 g=-4,-5,-5
WFI t=18951 a=-3637,-749,1893 g=-4,-3,-6
WFI t=19001 a=-3652,-756,1903 g=3,-3,-5
WFI t=19051 a=-3654,-752,1903 g=1,-4,-5
WFI t=19101 a=-3630,-755,1914 g=-3,-4,-5
WFI t=19152 a=-3640,-752,1898 g=0,-3,-5
WFI t=19201 a=-3649,-753,1893 g=-5,-4,-6
WFI t=19251 a=-3639,-758,1903 g=0,-4,-6
WFI t=19301 a=-3643,-760,1907 g=3,-3,-6
WFI t=19352 a=-3656,-757,1906 g=-2,-5,-6
WFI t=19402 a=-3645,-749,1912 g=-1,-4,-5
WFI t=19451 a=-3643,-750,1897 g=-2,-3,-5
WFI t=19501 a=-3653,-755,1902 g=0,-3,-5
WFI t=19551 a=-3638,-755,1898 g=0,-3,-4
WFR t=19593 src=bms type=0x02 len=129 data=d2037c0ee90ee80ee90ee90ee90ee90ee90ee90ee80ee90ee90eea0eed0eed0eed0eec0eee0eed0eef0eee0eee0eef0eef0eef0eed0eef0eee0eee0000000000000000003d0000000000000000000000000000042d752e02ad0eef0ee8003d003d00000156001c0001001d0000000100010eeb0007001500000000000000003015
WFI t=19602 a=-3638,-747,1914 g=-8,-4,-6
WFI t=19651 a=-3643,-751,1909 g=-3,-5,-5
WFI t=19701 a=-3642,-757,1912 g=-5,-5,-6
WFI t=19751 a=-3642,-750,1906 g=-4,-2,-6
WFI t=19802 a=-3648,-753,1906 g=-5,-5,-5
WFI t=19851 a=-3648,-757,1912 g=-2,-4,-6
WFI t=19901 a=-3639,-748,1903 g=-2,-4,-6
WFI t=19951 a=-3654,-745,1911 g=1,-3,-5
WFI t=20044 a=-3633,-758,1898 g=-3,-4,-5
WFI t=20123 a=-3647,-757,1907 g=-3,-3,-6
WFI t=20125 a=-3648,-763,1914 g=-6,-4,-6
WFI t=20151 a=-3639,-747,1909 g=-4,-5,-6
WFI t=20201 a=-3634,-762,1903 g=-2,-5,-7
WFI t=20251 a=-3646,-754,1913 g=2,-4,-5
WFI t=20301 a=-3642,-761,1912 g=-4,-4,-5
WFI t=20351 a=-3631,-755,1904 g=-1,-4,-5
WFT t=20362 batt_mv=4178 rssi_mcu=0 rssi_bms=-77 mcu=0 bms=25 dropped=0
WFI t=20402 a=-3652,-748,1904 g=0,-5,-6
WFI t=20451 a=-3659,-747,1907 g=-1,-4,-5
WFI t=20501 a=-3636,-746,1909 g=-1,-4,-6
WFI t=20551 a=-3647,-753,1896 g=-6,-4,-6
WFR t=20583 src=bms type=0x02 len=129 data=d2037c0ee90ee90ee90ee90ee90ee90ee90ee90ee80ee90ee90eea0eed0eed0eed0eec0eee0eee0eee0eee0eee0eef0eef0eef0eed0eef0eee0eee0000000000000000003d0000000000000000000000000000042d752f02ad0eef0ee8003d003d00000156001c0001001d0000000100010eeb0007000a0000000000000000ec88
WFI t=20602 a=-3643,-755,1900 g=-3,-5,-5
WFI t=20651 a=-3654,-755,1900 g=-2,-3,-6
WFI t=20701 a=-3647,-751,1914 g=3,-4,-6
WFI t=20751 a=-3637,-756,1911 g=-3,-4,-7
WFI t=20801 a=-3641,-743,1908 g=-6,-5,-5
WFI t=20851 a=-3653,-749,1911 g=-8,-5,-4
WFI t=20901 a=-3643,-767,1904 g=-3,-3,-7
WFI t=20951 a=-3643,-765,1903 g=-4,-2,-6
WFI t=21001 a=-3639,-753,1900 g=-1,-5,-5
WFI t=21052 a=-3651,-749,1904 g=-5,-5,-4
WFI t=21101 a=-3654,-760,1907 g=-1,-3,-4
WFI t=21151 a=-3642,-754,1906 g=2,-4,-7
WFI t=21201 a=-3626,-754,1918 g=2,-1,-7
WFI t=21251 a=-3629,-762,1912 g=-2,-3,-4
WFI t=21301 a=-3644,-753,1889 g=-3,-3,-5
WFI t=21351 a=-3651,-758,1888 g=1,-4,-6
WFI t=21402 a=-3626,-758,1907 g=1,-4,-8
WFI t=21452 a=-3651,-753,1928 g=-4,-4,-7
WFI t=21501 a=-3647,-742,1908 g=-6,-3,-4
WFI t=21551 a=-3653,-756,1903 g=-1,-5,-5
WFI t=21601 a=-3635,-757,1904 g=1,-4,-7
WFR t=21603 src=bms type=0x02 len=129 data=d2037c0ee90ee90ee90ee90ee90ee90ee90ee90ee80ee90ee90eea0eed0eed0eed0eec0eee0eee0eee0eee0eee0eef0eef0eef0eed0eef0eee0eef0000000000000000003d0000000000000000000000000000042d752f02ad0eef0ee8003d003d00000156001c0001001d0000000100010eeb0007000a0000000000000000e259
WFI t=21652 a=-3640,-754,1908 g=1,-3,-6
WFI t=21701 a=-3649,-753,1907 g=-4,-5,-5
WFI t=21751 a=-3650,-758,1902 g=-1,-6,-3
WFI t=21801 a=-3639,-760,1906 g=-4,-4,-6
WFI t=21852 a=-3639,-754,1901 g=-2,-5,-7
WFI t=21901 a=-3650,-744,1920 g=-7,-6,-6
WFI t=21951 a=-3645,-749,1920 g=-7,-5,-4
WFI t=22001 a=-3656,-764,1908 g=-4,-4,-5
WFI t=22134 a=-3642,-762,1915 g=-1,-5,-4
WFI t=22137 a=-3642,-762,1915 g=-1,-5,-4
WFI t=22152 a=-3637,-751,1903 g=-4,-4,-4
WFI t=22201 a=-3641,-757,1905 g=-2,-4,-5
WFI t=22251 a=-3644,-749,1903 g=3,-3,-6
WFI t=22301 a=-3646,-746,1905 g=-2,-5,-7
WFI t=22352 a=-3650,-753,1905 g=-2,-4,-4
WFI t=22402 a=-3637,-752,1909 g=-4,-5,-5
WFI t=22460 a=-3644,-758,1903 g=-4,-3,-7
WFI t=22501 a=-3650,-748,1899 g=2,-3,-6
WFI t=22551 a=-3646,-747,1906 g=-2,-6,-5
WFR t=22593 src=bms type=0x02 len=129 data=d2037c0ee90ee90ee90ee90ee90ee90ee90ee90ee80ee90eea0eea0eed0eed0eed0eec0eee0eee0eef0eee0eee0eee0eef0eef0eed0eee0eee0eee0000000000000000003d0000000000000000000000000000042d753002ad0eef0ee8003d003d00000156001c0001001d0000000100010eeb000700000000000000000000566e
WFI t=22602 a=-3656,-767,1905 g=-6,-3,-5
WFI t=22651 a=-3645,-754,1904 g=0,-4,-6
WFI t=22701 a=-3643,-749,1904 g=0,-3,-7
WFI t=22752 a=-3644,-750,1904 g=-4,-4,-4
WFI t=22802 a=-3628,-752,1901 g=-5,-4,-4
WFI t=22851 a=-3648,-761,1899 g=0,-1,-6
WFI t=22901 a=-3642,-753,1910 g=1,-3,-5
WFI t=22951 a=-3634,-749,1906 g=-1,-2,-5
WFI t=23002 a=-3653,-752,1911 g=-1,-5,-4
WFI t=23051 a=-3652,-746,1910 g=-6,-6,-6
WFI t=23101 a=-3657,-763,1907 g=-2,-4,-6
WFI t=23151 a=-3629,-740,1904 g=-3,-4,-6
WFI t=23201 a=-3642,-749,1908 g=-5,-4,-4
WFI t=23251 a=-3647,-755,1904 g=-4,-3,-4
WFI t=23301 a=-3644,-752,1904 g=3,-3,-5
WFI t=23351 a=-3651,-757,1906 g=-2,-4,-7
WFI t=23402 a=-3640,-749,1913 g=0,-4,-4
WFI t=23451 a=-3641,-758,1906 g=-5,-4,-4
WFI t=23501 a=-3643,-759,1907 g=-1,-2,-6
WFI t=23551 a=-3647,-756,1900 g=3,-4,-6
WFR t=23583 src=bms type=0x02 len=129 data=d2037c0ee90ee90ee90ee90ee90ee90ee90ee90ee80ee90eea0eea0eed0eed0eed0eec0eee0eee0eef0eee0eee0eef0eef0eef0eed0eee0eee0eee0000000000000000003d0000000000000000000000000000042d752f02ad0eef0ee8003d003d00000156001c0001001d0000000100010eeb0007000a000000000000000022ad
WFI t=23602 a=-3643,-749,1915 g=-7,-4,-6
WFI t=23651 a=-3653,-748,1906 g=-6,-6,-5
WFI t=23701 a=-3646,-752,1906 g=-3,-3,-5
WFI t=23751 a=-3641,-759,1904 g=-2,-3,-6
WFI t=23802 a=-3633,-752,1914 g=-2,-3,-6
WFI t=23851 a=-3642,-749,1913 g=0,-4,-6
WFI t=23901 a=-3647,-763,1910 g=-3,-4,-6
WFI t=23951 a=-3648,-761,1900 g=0,-6,-6
WFI t=24002 a=-3653,-761,1900 g=1,-2,-5
WFI t=24121 a=-3645,-749,1891 g=-1,-4,-6
WFI t=24278 a=-3645,-762,1912 g=-1,-4,-6
WFI t=24293 a=-3636,-759,1911 g=-6,-6,-5
WFI t=24295 a=-3661,-761,1912 g=2,-1,-4
WFI t=24297 a=-3646,-740,1911 g=-1,-4,-5
WFI t=24301 a=-3651,-764,1891 g=-3,-2,-6
WFI t=24351 a=-3643,-749,1898 g=-3,-6,-5
WFI t=24401 a=-3645,-752,1902 g=-5,-5,-6
WFI t=24451 a=-3640,-744,1903 g=-3,-3,-6
WFI t=24501 a=-3642,-740,1902 g=-4,-3,-5
WFI t=24551 a=-3638,-767,1906 g=-3,-6,-5
WFI t=24601 a=-3648,-754,1901 g=-3,-4,-5
WFR t=24633 src=bms type=0x02 len=129 data=d2037c0ee90ee80ee90ee90ee90ee90ee90ee90ee80ee90ee90eea0eed0eed0eed0eec0eee0eee0eef0eee0eee0eef0eef0eef0eed0eef0eee0eef0000000000000000003d0000000000000000000000000000042d752f02ad0eef0ee8003d003d00000156001c0001001d0000000100010eeb0007000a0000000000000000414b
WFI t=24652 a=-3643,-760,1911 g=0,-4,-5
WFI t=24701 a=-3653,-757,1921 g=-3,-2,-5
WFI t=24752 a=-3654,-741,1906 g=-2,-3,-5
WFI t=24801 a=-3645,-751,1898 g=-5,-4,-5
WFI t=24851 a=-3646,-746,1908 g=-1,-2,-5
WFI t=24901 a=-3638,-752,1909 g=-6,-4,-6
WFI t=24952 a=-3646,-755,1904 g=-6,-4,-5
WFI t=25001 a=-3649,-757,1906 g=-3,-3,-5
WFI t=25051 a=-3636,-754,1905 g=-6,-4,-6
WFI t=25101 a=-3626,-751,1905 g=1,-5,-6
WFI t=25151 a=-3641,-759,1911 g=2,-4,-4
WFI t=25201 a=-3639,-744,1894 g=0,-4,-5
WFI t=25251 a=-3646,-756,1913 g=-4,-4,-5
WFI t=25301 a=-3631,-758,1910 g=-2,-5,-5
WFI t=25352 a=-3639,-750,1906 g=-1,-3,-5
WFT t=25395 batt_mv=4178 rssi_mcu=0 rssi_bms=-80 mcu=0 bms=30 dropped=0
WFI t=25402 a=-3653,-754,1912 g=-4,-5,-5
WFI t=25451 a=-3644,-751,1914 g=-4,-4,-5
WFI t=25501 a=-3645,-759,1905 g=-2,-2,-4
WFI t=25552 a=-3646,-754,1905 g=3,-3,-6
WFI t=25601 a=-3643,-747,1927 g=1,-5,-6
WFR t=25623 src=bms type=0x02 len=129 data=d2037c0ee90ee80ee90ee90ee90ee90ee90eea0ee80ee90eea0eea0eed0eed0eed0eec0eed0eee0eef0eee0eee0eef0eef0eef0eed0eef0eee0eee0000000000000000003d0000000000000000000000000000042d752e02ad0eef0ee8003d003d00000156001c0001001d0000000100010eeb0007001500000000000000002db9
WFI t=25652 a=-3631,-760,1918 g=-5,-4,-5
WFI t=25701 a=-3650,-759,1918 g=-3,-4,-4
WFI t=25752 a=-3655,-753,1905 g=-6,-4,-6
WFI t=25801 a=-3645,-754,1898 g=-2,-5,-8
WFI t=25851 a=-3648,-765,1905 g=-4,-5,-6
WFI t=25901 a=-3638,-759,1907 g=-8,-3,-4
WFI t=25952 a=-3643,-760,1906 g=-3,-5,-4
WFI t=26001 a=-3641,-775,1902 g=-3,-3,-6
WFI t=26070 a=-3657,-755,1923 g=-1,-4,-6
WFI t=26104 a=-3652,-752,1913 g=-4,-4,-5
WFI t=26249 a=-3639,-754,1918 g=-1,-3,-7
WFI t=26251 a=-3640,-755,1920 g=1,-5,-6
WFI t=26253 a=-3643,-762,1902 g=3,-1,-6
WFI t=26302 a=-3644,-752,1915 g=-8,-5,-6
WFI t=26351 a=-3645,-756,1913 g=-3,-4,-5
WFI t=26401 a=-3647,-751,1908 g=-4,-3,-6
WFI t=26452 a=-3637,-757,1911 g=4,-4,-6
WFI t=26502 a=-3647,-744,1906 g=-2,-4,-6
WFI t=26551 a=-3637,-759,1909 g=-3,-5,-5
WFI t=26601 a=-3642,-757,1910 g=-8,-4,-5
WFI t=26651 a=-3630,-758,1916 g=1,-4,-5
WFR t=26674 src=bms type=0x02 len=129 data=d2037c0ee90ee90ee90ee90ee90ee90ee90ee90ee80ee90ee90eea0eed0eed0eed0eec0eed0eee0eef0eee0eee0eef0eef0eef0eed0eee0eee0eee0000000000000000003d0000000000000000000000000000042d752f02ad0eef0ee8003d003d00000156001c0001001d0000000100010eeb0007000a000000000000000017da
WFI t=26702 a=-3642,-758,1910 g=-2,-2,-5
WFI t=26751 a=-3648,-752,1909 g=-5,-4,-5
WFI t=26801 a=-3647,-748,1918 g=-3,-5,-6
WFI t=26851 a=-3640,-745,1905 g=-4,-4,-6
WFI t=26902 a=-3636,-752,1910 g=0,-3,-6
WFI t=26951 a=-3648,-745,1909 g=0,-3,-5
WFI t=27001 a=-3645,-760,1911 g=-5,-4,-7
WFI t=27051 a=-3641,-762,1909 g=-3,-5,-6
WFI t=27101 a=-3634,-746,1897 g=2,-3,-5
WFI t=27151 a=-3641,-758,1914 g=-4,-4,-6
WFI t=27201 a=-3648,-757,1908 g=-3,-3,-5
WFI t=27251 a=-3644,-747,1913 g=-2,-4,-5
WFI t=27302 a=-3643,-756,1915 g=0,-4,-6
WFI t=27351 a=-3643,-749,1910 g=-2,-4,-6
WFI t=27401 a=-3631,-760,1914 g=-3,-4,-6
WFI t=27452 a=-3638,-754,1912 g=-2,-5,-6
WFI t=27501 a=-3657,-763,1923 g=1,-3,-4
WFI t=27551 a=-3655,-751,1903 g=1,-3,-5
WFI t=27601 a=-3648,-761,1916 g=0,-4,-6
WFI t=27651 a=-3649,-761,1914 g=-1,-4,-5
WFI t=27702 a=-3658,-753,1909 g=3,-4,-5
WFI t=27751 a=-3640,-749,1897 g=-2,-5,-7
WFI t=27801 a=-3646,-754,1923 g=1,-3,-5
WFI t=27851 a=-3644,-755,1913 g=-3,-2,-4
WFI t=27902 a=-3645,-756,1926 g=-5,-3,-6
WFI t=27951 a=-3635,-761,1907 g=1,-4,-7
WFI t=28001 a=-3638,-765,1906 g=-3,-3,-5
WFI t=28095 a=-3636,-751,1901 g=-2,-3,-6
WFI t=28186 a=-3639,-760,1916 g=-4,-3,-5
WFI t=28189 a=-3636,-760,1911 g=0,-3,-6
WFI t=28202 a=-3645,-751,1923 g=4,-3,-5
WFI t=28251 a=-3643,-746,1912 g=-2,-5,-5
WFI t=28301 a=-3642,-756,1911 g=0,-3,-6
WFI t=28351 a=-3656,-754,1911 g=-3,-3,-6
WFI t=28401 a=-3640,-753,1901 g=-3,-5,-6
WFI t=28452 a=-3640,-756,1915 g=-4,-2,-6
WFI t=28501 a=-3648,-762,1918 g=1,-2,-5
WFI t=28551 a=-3644,-762,1917 g=-3,-4,-6
WFI t=28602 a=-3645,-751,1917 g=-1,-3,-5
WFI t=28651 a=-3653,-764,1907 g=-2,-4,-6
WFI t=28701 a=-3646,-765,1922 g=0,-2,-4
WFI t=28751 a=-3647,-753,1903 g=2,-3,-4
WFI t=28801 a=-3638,-763,1913 g=2,-3,-6
WFI t=28852 a=-3660,-749,1908 g=-5,-4,-6
WFI t=28901 a=-3649,-752,1909 g=-5,-5,-6
WFI t=28951 a=-3649,-748,1907 g=-1,-5,-6
WFI t=29001 a=-3651,-757,1922 g=-3,-4,-7
WFI t=29052 a=-3644,-756,1915 g=-5,-3,-6
WFI t=29101 a=-3640,-752,1912 g=-7,-3,-4
WFI t=29151 a=-3639,-753,1901 g=1,-4,-5
WFI t=29201 a=-3650,-749,1908 g=1,-5,-5
WFI t=29252 a=-3638,-748,1909 g=-6,-3,-5
WFI t=29301 a=-3636,-752,1910 g=-4,-3,-5
WFI t=29351 a=-3638,-748,1911 g=-2,-4,-6
WFI t=29401 a=-3646,-759,1909 g=-2,-4,-6
WFI t=29452 a=-3647,-751,1909 g=-2,-3,-7
WFI t=29501 a=-3645,-764,1917 g=3,-1,-6
WFI t=29551 a=-3634,-755,1918 g=-5,-5,-5
WFI t=29601 a=-3654,-758,1916 g=3,-4,-6
WFI t=29652 a=-3653,-754,1915 g=-1,-4,-6
WFI t=29701 a=-3640,-749,1915 g=1,-3,-6
WFI t=29751 a=-3640,-755,1922 g=-1,-3,-3
WFI t=29801 a=-3652,-752,1911 g=-4,-5,-5
WFI t=29852 a=-3655,-747,1909 g=0,-3,-5
WFI t=29901 a=-3631,-758,1910 g=0,-3,-6
WFI t=29951 a=-3641,-745,1905 g=2,-2,-4
WFI t=30001 a=-3643,-762,1910 g=-2,-3,-5
WFI t=30052 a=-3644,-745,1917 g=0,-3,-4
WFI t=30111 a=-3654,-746,1913 g=-2,-4,-6
WFI t=30192 a=-3652,-769,1914 g=-1,-3,-6
WFI t=30201 a=-3642,-759,1910 g=-4,-3,-5
WFI t=30252 a=-3656,-762,1922 g=-3,-4,-6
WFI t=30301 a=-3639,-751,1911 g=-3,-1,-6
WFI t=30351 a=-3650,-763,1914 g=2,-5,-6
WFI t=30401 a=-3648,-753,1906 g=-3,-3,-5
WFI t=30452 a=-3646,-755,1906 g=0,-4,-5
WFT t=30457 batt_mv=4180 rssi_mcu=0 rssi_bms=-82 mcu=0 bms=32 dropped=0
WFI t=30502 a=-3647,-757,1918 g=-5,-4,-6
WFI t=30551 a=-3642,-747,1920 g=-1,-4,-4
WFI t=30601 a=-3637,-755,1918 g=-7,-4,-6
WFI t=30652 a=-3640,-754,1905 g=-1,-3,-5
WFI t=30701 a=-3646,-764,1908 g=2,-3,-5
WFI t=30751 a=-3651,-758,1907 g=-4,-3,-6
WFI t=30801 a=-3633,-753,1913 g=-2,-2,-6
WFI t=30852 a=-3642,-749,1920 g=-4,-4,-5
WFI t=30901 a=-3632,-753,1908 g=1,-3,-5
WFI t=30951 a=-3639,-758,1904 g=-4,-3,-6
WFI t=31001 a=-3644,-766,1908 g=-5,-2,-6
WFI t=31051 a=-3647,-751,1906 g=0,-2,-5
WFI t=31102 a=-3652,-748,1918 g=-4,-2,-5
WFI t=31151 a=-3643,-769,1918 g=-5,-2,-5
WFI t=31201 a=-3648,-759,1916 g=-3,-3,-5
WFI t=31251 a=-3645,-768,1910 g=-1,-5,-4
WFI t=31302 a=-3647,-749,1910 g=0,-5,-4
WFI t=31351 a=-3663,-758,1926 g=-7,-3,-7
WFI t=31401 a=-3644,-757,1906 g=-2,-5,-6
WFI t=31451 a=-3648,-756,1918 g=-7,-5,-5
WFI t=31502 a=-3645,-747,1918 g=-4,-2,-5
WFI t=31551 a=-3638,-750,1909 g=-2,-3,-4
WFI t=31601 a=-3664,-758,1916 g=-4,-5,-5
WFI t=31651 a=-3651,-751,1917 g=0,-4,-5
WFI t=31701 a=-3643,-751,1905 g=3,-4,-6
WFI t=31751 a=-3645,-751,1910 g=-5,-4,-6
WFI t=31801 a=-3651,-750,1916 g=-3,-4,-6
WFI t=31861 a=-3646,-755,1924 g=-6,-4,-5
WFI t=31902 a=-3641,-757,1913 g=-2,-4,-5
WFI t=31951 a=-3638,-761,1930 g=-5,-3,-5
WFI t=32001 a=-3647,-761,1922 g=-2,-3,-5
WFI t=32051 a=-3647,-749,1918 g=3,-4,-5
WFI t=32123 a=-3646,-759,1912 g=-3,-3,-4
WFI t=32204 a=-3643,-756,1915 g=-6,-3,-6
WFI t=32342 a=-3636,-757,1916 g=2,-4,-4
WFI t=32356 a=-3642,-759,1914 g=-3,-5,-6
WFI t=32358 a=-3643,-768,1908 g=-3,-4,-6
WFI t=32360 a=-3643,-768,1908 g=-3,-4,-6
WFI t=32402 a=-3650,-763,1920 g=0,-5,-5
WFI t=32451 a=-3656,-751,1923 g=0,-4,-7
WFI t=32502 a=-3643,-758,1923 g=0,-1,-6
WFI t=32551 a=-3635,-749,1906 g=2,-1,-5
WFI t=32601 a=-3659,-755,1913 g=-2,-4,-5
WFI t=32651 a=-3645,-757,1904 g=-1,-5,-5
WFI t=32701 a=-3654,-753,1920 g=-1,-4,-5
WFI t=32751 a=-3637,-752,1921 g=-7,-1,-6
WFI t=32802 a=-3630,-756,1921 g=-3,-3,-5
WFI t=32852 a=-3631,-754,1918 g=-4,-4,-5
WFI t=32901 a=-3648,-768,1916 g=-1,-4,-6
WFI t=32951 a=-3637,-759,1911 g=-2,-3,-5
WFI t=33001 a=-3652,-752,1918 g=-3,-4,-6
WFI t=33051 a=-3641,-754,1918 g=-4,-4,-6
WFI t=33101 a=-3640,-751,1914 g=-4,-2,-4
WFI t=33151 a=-3643,-756,1918 g=0,-4,-6
WFI t=33201 a=-3638,-758,1918 g=1,-4,-5
WFI t=33252 a=-3647,-753,1920 g=-1,-3,-5
WFI t=33301 a=-3647,-759,1926 g=-1,-5,-7
WFI t=33351 a=-3645,-756,1905 g=-4,-4,-6
WFI t=33401 a=-3644,-767,1912 g=-3,-3,-5
WFI t=33452 a=-3659,-760,1918 g=-4,-4,-5
WFI t=33501 a=-3654,-746,1921 g=-2,-3,-4
WFI t=33551 a=-3646,-756,1918 g=-2,-4,-5
WFI t=33601 a=-3645,-755,1917 g=-4,-3,-5
WFI t=33652 a=-3645,-751,1910 g=0,-3,-5
WFI t=33701 a=-3631,-752,1916 g=-3,-4,-6
WFI t=33751 a=-3653,-759,1918 g=-3,-4,-5
WFI t=33801 a=-3655,-758,1924 g=-5,-4,-4
WFI t=33852 a=-3649,-756,1912 g=-2,-4,-6
WFI t=33901 a=-3640,-750,1909 g=1,-3,-6
WFI t=33951 a=-3638,-766,1918 g=-3,-5,-7
WFI t=34001 a=-3633,-754,1922 g=-3,-4,-5
WFI t=34052 a=-3645,-766,1913 g=-2,-3,-5
WFI t=34230 a=-3643,-757,1913 g=-4,-4,-6
WFI t=34232 a=-3640,-751,1910 g=-2,-4,-5
WFI t=34234 a=-3664,-756,1909 g=-5,-5,-5
WFI t=34251 a=-3634,-749,1912 g=-3,-4,-5
WFI t=34301 a=-3642,-755,1910 g=-3,-4,-4
WFI t=34351 a=-3650,-757,1909 g=-7,-6,-7
WFI t=34401 a=-3642,-755,1920 g=0,-2,-6
WFI t=34452 a=-3643,-760,1911 g=-9,-7,-4
WFI t=34502 a=-3637,-771,1918 g=1,-3,-4
WFI t=34551 a=-3656,-773,1921 g=-4,-2,-4
WFI t=34601 a=-3649,-755,1917 g=0,-3,-5
WFI t=34652 a=-3646,-746,1918 g=6,-3,-5
WFI t=34702 a=-3646,-751,1921 g=-5,-4,-5
WFI t=34751 a=-3639,-763,1918 g=-1,-5,-6
WFI t=34801 a=-3643,-760,1922 g=-3,-5,-5
WFI t=34851 a=-3661,-755,1912 g=2,-4,-5
WFI t=34902 a=-3651,-758,1912 g=0,-4,-6
WFI t=34952 a=-3637,-754,1921 g=-4,-3,-6
WFI t=35001 a=-3646,-746,1912 g=-3,-4,-6
WFI t=35051 a=-3637,-762,1914 g=-3,-4,-5
WFI t=35102 a=-3653,-763,1907 g=4,-2,-6
WFI t=35151 a=-3642,-761,1915 g=-8,-4,-6
WFI t=35201 a=-3650,-760,1916 g=1,-4,-3
WFI t=35251 a=-3652,-764,1906 g=-4,-3,-6
WFI t=35302 a=-3649,-761,1917 g=0,-4,-5
WFI t=35351 a=-3650,-769,1925 g=-4,-4,-7
WFI t=35401 a=-3639,-757,1925 g=-2,-4,-3
WFI t=35451 a=-3642,-751,1920 g=-3,-5,-4
WFT t=35487 batt_mv=4164 rssi_mcu=0 rssi_bms=-83 mcu=0 bms=32 dropped=0
WFI t=35502 a=-3642,-758,1913 g=1,-3,-5
WFI t=35551 a=-3644,-740,1907 g=1,-4,-6
WFI t=35601 a=-3644,-773,1912 g=2,-2,-4
WFI t=35651 a=-3654,-757,1913 g=-2,-3,-5
WFI t=35702 a=-3657,-757,1909 g=-7,-4,-6
WFI t=35751 a=-3642,-756,1915 g=-5,-5,-5
WFI t=35801 a=-3636,-755,1914 g=1,-3,-6
WFI t=35851 a=-3645,-752,1916 g=-3,-5,-5
WFI t=35902 a=-3651,-748,1918 g=-3,-5,-5
WFI t=35951 a=-3652,-757,1910 g=3,-2,-5
WFI t=36001 a=-3650,-752,1911 g=-5,-3,-7
WFI t=36051 a=-3651,-753,1913 g=-3,-3,-6
WFI t=36102 a=-3641,-752,1913 g=0,-3,-4
WFI t=36251 a=-3648,-764,1918 g=-1,-3,-5
WFI t=36253 a=-3646,-757,1925 g=-3,-5,-5
WFI t=36255 a=-3646,-757,1925 g=-3,-5,-5
WFI t=36302 a=-3648,-762,1916 g=-4,-4,-5
WFI t=36351 a=-3649,-766,1913 g=0,-5,-6
WFI t=36401 a=-3649,-764,1916 g=-3,-1,-6
WFI t=36452 a=-3643,-752,1918 g=2,-4,-6
WFI t=36502 a=-3642,-768,1913 g=6,-3,-4
WFI t=36552 a=-3637,-754,1910 g=-5,-3,-4
WFI t=36602 a=-3643,-754,1914 g=-1,-4,-5
WFI t=36651 a=-3662,-750,1925 g=-5,-4,-6
WFE t=36693 bms stale, no frame for 10017 ms, dropping link
WFI t=36702 a=-3642,-766,1923 g=-5,-5,-5
WFE t=36706 bms link down (stale) after 22 answers in 37210 ms, writes=37 err=0 silent=10 bytes=4113
WFE t=36723 bms disconnected reason=534
WFI t=36752 a=-3646,-754,1917 g=-3,-4,-5
WFI t=36801 a=-3654,-761,1914 g=2,-3,-4
WFI t=36851 a=-3657,-754,1925 g=0,-5,-6
WFI t=36901 a=-3644,-750,1922 g=0,-4,-6
WFI t=36952 a=-3645,-759,1910 g=-5,-3,-4
WFI t=37001 a=-3638,-744,1915 g=-2,-4,-4
WFI t=37052 a=-3649,-741,1918 g=-2,-3,-7
WFI t=37101 a=-3636,-757,1917 g=-6,-4,-6
WFI t=37152 a=-3650,-746,1914 g=-1,-5,-5
WFI t=37201 a=-3644,-759,1905 g=-2,-3,-5
WFI t=37251 a=-3644,-754,1921 g=-3,-4,-6
WFI t=37302 a=-3643,-758,1918 g=2,-1,-5
WFI t=37352 a=-3653,-756,1920 g=-2,-1,-6
WFI t=37401 a=-3642,-766,1907 g=-2,-2,-4
WFI t=37451 a=-3652,-761,1897 g=-1,-2,-6
WFI t=37502 a=-3647,-756,1912 g=-2,-4,-6
WFI t=37551 a=-3638,-747,1912 g=-2,-4,-7
WFI t=37601 a=-3647,-737,1923 g=-1,-4,-5
WFI t=37651 a=-3653,-748,1923 g=-5,-5,-5
WFI t=37702 a=-3643,-746,1903 g=-5,-3,-6
WFI t=37752 a=-3647,-758,1900 g=-5,-4,-6
WFI t=37801 a=-3638,-751,1912 g=0,-1,-5
WFI t=37851 a=-3640,-756,1914 g=-4,-3,-5
WFI t=37902 a=-3641,-752,1912 g=-4,-6,-6
WFI t=37952 a=-3643,-754,1917 g=5,-2,-6
WFI t=38001 a=-3642,-748,1924 g=0,-3,-3
WFI t=38051 a=-3641,-758,1914 g=-1,-3,-4
WFI t=38102 a=-3653,-762,1920 g=-1,-4,-5
WFI t=38192 a=-3646,-755,1918 g=-2,-1,-5
WFI t=38202 a=-3643,-754,1904 g=0,-4,-6
WFI t=38331 a=-3646,-750,1911 g=-4,-3,-5
WFI t=38333 a=-3643,-756,1918 g=4,0,-5
WFI t=38351 a=-3639,-742,1922 g=-3,-2,-6
WFI t=38401 a=-3644,-757,1906 g=-1,-3,-6
WFI t=38451 a=-3651,-755,1906 g=-4,-4,-5
WFI t=38502 a=-3651,-760,1905 g=1,-3,-4
WFI t=38551 a=-3647,-761,1909 g=-3,-3,-6
WFI t=38601 a=-3642,-756,1923 g=-3,-3,-5
WFI t=38651 a=-3642,-765,1917 g=3,-4,-4
WFI t=38702 a=-3644,-757,1913 g=-3,-4,-4
WFI t=38751 a=-3647,-750,1923 g=-1,-5,-5
WFI t=38801 a=-3645,-762,1912 g=-3,-3,-5
WFI t=38851 a=-3659,-760,1922 g=2,-2,-6
WFI t=38902 a=-3646,-766,1918 g=-6,-5,-6
WFI t=38951 a=-3652,-756,1918 g=-7,-3,-6
WFI t=39001 a=-3646,-761,1913 g=-6,-6,-6
WFI t=39051 a=-3664,-758,1922 g=0,-4,-5
WFE t=39084 bms subscribed val=0x0010 cccd=0x0011 ctrl=0x0014 mtu=512 regs=62
WFE t=39085 bms conn itvl=80 latency=0 timeout=600
WFI t=39102 a=-3644,-759,1910 g=-4,-2,-6
WFE t=39115 bms conn update force itvl=24 rc=0
WFE t=39116 bms reconnected (attempt 1)
WFE t=39132 bms mtu event mtu=512
WFI t=39152 a=-3644,-757,1916 g=-2,-3,-6
WFE t=39185 bms conn update req itvl=12-12 latency=0 timeout=400 via=l2cap
WFI t=39201 a=-3644,-765,1918 g=-2,-4,-5
WFI t=39251 a=-3635,-761,1905 g=-6,-5,-5
WFI t=39301 a=-3642,-743,1913 g=-2,-4,-4
WFI t=39351 a=-3653,-765,1911 g=0,-2,-5
WFR t=39384 src=bms type=0x02 len=129 data=d2037c0ee90ee80ee90ee90ee90ee90ee90eea0ee80ee90ee90eea0eed0eed0eed0eec0eed0eee0eef0eee0eee0eef0eef0eef0eed0eee0eee0eee0000000000000000003d0000000000000000000000000000042d752f02ad0eef0ee8003d003d00000156001c0001001d0000000100010eeb0007000a00000000000000000693
WFI t=39402 a=-3646,-758,1912 g=-2,-4,-6
WFI t=39451 a=-3650,-763,1907 g=-7,-4,-6
WFI t=39501 a=-3653,-756,1918 g=-1,-3,-5
WFI t=39551 a=-3640,-760,1914 g=-4,-4,-5
WFI t=39601 a=-3645,-756,1915 g=-2,-3,-6
WFI t=39652 a=-3647,-761,1917 g=-5,-3,-6
WFI t=39701 a=-3636,-751,1924 g=-3,-5,-5
WFI t=39751 a=-3654,-757,1921 g=-10,-6,-6
WFE t=39784 bms conn update status=0 itvl=24 latency=0 timeout=600
WFI t=39801 a=-3652,-755,1922 g=-3,-4,-5
WFI t=39852 a=-3645,-751,1917 g=0,-3,-5
WFI t=39902 a=-3638,-756,1922 g=-4,-4,-6
WFI t=39951 a=-3646,-765,1924 g=-3,-3,-5
WFI t=40001 a=-3645,-750,1926 g=2,-2,-4
WFI t=40052 a=-3641,-753,1922 g=0,-1,-5
WFI t=40101 a=-3649,-758,1917 g=-4,-4,-5
WFI t=40251 a=-3656,-750,1935 g=-5,-4,-5
WFI t=40253 a=-3648,-750,1915 g=1,-3,-5
WFI t=40255 a=-3648,-750,1915 g=1,-3,-5
WFI t=40302 a=-3646,-752,1925 g=-4,-4,-4
WFI t=40352 a=-3646,-765,1912 g=-4,-3,-5
WFI t=40401 a=-3653,-753,1918 g=-3,-5,-5
WFI t=40451 a=-3640,-763,1918 g=-3,-4,-7
WFI t=40502 a=-3641,-760,1925 g=-3,-4,-5
WFR t=40504 src=bms type=0x02 len=129 data=d2037c0ee90ee90ee90ee90ee90ee90eea0ee90ee80ee90eea0eea0eed0eed0eed0eec0eed0eed0eef0eee0eee0eef0eef0eef0eed0eee0eee0eee0000000000000000003d0000000000000000000000000000042d752f02ad0eef0ee8003d003d00000156001c0001001d0000000100010eeb0007000a000000000000000088f4
WFI t=40552 a=-3635,-749,1922 g=1,-4,-3
WFI t=40601 a=-3647,-764,1907 g=-3,-6,-5
WFI t=40652 a=-3637,-757,1918 g=3,-3,-5
WFT t=40656 batt_mv=4180 rssi_mcu=0 rssi_bms=-83 mcu=0 bms=34 dropped=0
WFI t=40702 a=-3642,-757,1927 g=3,-1,-5
WFI t=40751 a=-3642,-750,1926 g=-4,-5,-4
WFI t=40801 a=-3641,-741,1912 g=-6,-5,-4
WFI t=40861 a=-3646,-758,1920 g=-7,-4,-6
WFI t=40902 a=-3633,-735,1924 g=-1,-4,-5
WFI t=40952 a=-3635,-753,1926 g=-4,-2,-6
WFI t=41001 a=-3660,-755,1920 g=-6,-4,-5
WFI t=41051 a=-3641,-753,1925 g=0,-2,-4
WFI t=41102 a=-3644,-753,1921 g=-4,-3,-6
WFI t=41151 a=-3635,-741,1913 g=2,-3,-6
WFI t=41201 a=-3655,-750,1925 g=4,-3,-5
WFI t=41252 a=-3635,-751,1916 g=-6,-2,-6
WFI t=41301 a=-3637,-762,1923 g=2,-3,-6
WFI t=41351 a=-3645,-764,1918 g=0,-6,-5
WFI t=41401 a=-3635,-767,1909 g=-3,-4,-5
WFI t=41451 a=-3648,-759,1929 g=-7,-3,-6
WFI t=41502 a=-3652,-760,1923 g=-2,-3,-6
WFR t=41524 src=bms type=0x02 len=129 data=d2037c0ee90ee90ee90ee90ee90ee90ee90eea0ee80ee90ee90eea0eed0eed0eed0eec0eee0eee0eef0eee0eee0eef0eef0eef0eed0eee0eee0eef0000000000000000003d0000000000000000000000000000042d752f02ad0eef0ee8003d003d00000156001c0001001d0000000100010eeb0007000a000000000000000002d3
WFI t=41552 a=-3648,-741,1930 g=-3,-2,-6
WFI t=41601 a=-3644,-759,1925 g=-5,-4,-6
WFI t=41651 a=-3636,-756,1920 g=-7,-3,-5
WFI t=41778 a=-3652,-756,1922 g=0,-4,-6
WFI t=41842 a=-3649,-754,1921 g=-3,-3,-4
WFI t=41844 a=-3651,-754,1926 g=-2,-4,-4
WFI t=41852 a=-3644,-753,1933 g=-7,-3,-5
WFI t=41901 a=-3641,-751,1916 g=-6,-6,-5
WFI t=41951 a=-3657,-755,1911 g=3,-1,-5
WFI t=42002 a=-3645,-763,1936 g=0,-2,-6
WFI t=42052 a=-3658,-748,1925 g=-5,-4,-6
WFI t=42102 a=-3637,-750,1918 g=-5,-4,-5
WFI t=42171 a=-3660,-763,1905 g=-1,-3,-5
WFI t=42267 a=-3647,-752,1917 g=-2,-4,-5
WFI t=42269 a=-3652,-754,1927 g=-4,-4,-6
WFI t=42302 a=-3645,-756,1918 g=-5,-4,-6
WFE t=42305 bms conn update req itvl=15-15 latency=0 timeout=400 via=l2cap
WFI t=42352 a=-3642,-752,1916 g=-1,-4,-4
WFI t=42401 a=-3646,-764,1907 g=0,-4,-6
WFI t=42452 a=-3644,-768,1918 g=2,-4,-5
WFI t=42502 a=-3633,-763,1927 g=-4,-4,-5
WFR t=42514 src=bms type=0x02 len=129 data=d2037c0ee90ee90ee90ee90ee90ee90ee90ee90ee80ee90eea0eea0eed0eed0eed0eec0eed0eed0eee0eee0eee0eef0eef0eef0eed0eee0eee0eee0000000000000000003d0000000000000000000000000000042d752f02ad0eef0ee8003d003d00000156001c0001001d0000000100010eeb0007000a00000000000000007f2c
WFI t=42552 a=-3650,-756,1915 g=-3,-4,-5
WFI t=42602 a=-3641,-765,1917 g=-1,-5,-6
WFI t=42651 a=-3656,-754,1923 g=-3,-3,-4
WFI t=42701 a=-3643,-757,1914 g=0,-3,-6
WFI t=42752 a=-3654,-763,1917 g=-3,-4,-5
WFI t=42801 a=-3654,-744,1916 g=-4,-3,-6
WFI t=42851 a=-3639,-757,1906 g=-4,-3,-7
WFI t=42902 a=-3637,-760,1913 g=-2,-5,-5
WFI t=42951 a=-3658,-746,1902 g=3,-4,-4
WFI t=43001 a=-3641,-764,1904 g=-1,-3,-4
WFI t=43052 a=-3654,-752,1921 g=1,-4,-5
WFI t=43101 a=-3641,-745,1922 g=-4,-4,-5
WFI t=43151 a=-3658,-759,1907 g=-8,-2,-4
WFI t=43202 a=-3656,-764,1910 g=0,-4,-6
WFI t=43251 a=-3640,-756,1918 g=0,-3,-6
WFI t=43301 a=-3629,-763,1913 g=-1,-3,-5
WFI t=43352 a=-3633,-743,1921 g=-3,-2,-4
WFI t=43401 a=-3651,-759,1902 g=-2,-4,-3
WFI t=43451 a=-3656,-751,1915 g=-5,-3,-6
WFI t=43502 a=-3651,-753,1921 g=2,-2,-7
WFR t=43504 src=bms type=0x02 len=129 data=d2037c0ee90ee90ee90ee90ee90ee90ee90eea0ee80ee90eea0eea0eed0eed0eed0eec0eed0eee0eef0eee0eee0eee0eef0eef0eed0eee0eee0eee0000000000000000003d0000000000000000000000000000042d752f02ad0eef0ee8003d003d00000156001c0001001d0000000100010eeb0007000a00000000000000007c9d
WFI t=43552 a=-3638,-755,1922 g=0,-3,-4
WFI t=43601 a=-3650,-760,1913 g=-3,-3,-4
WFI t=43652 a=-3646,-759,1928 g=0,-5,-6
WFI t=43701 a=-3649,-752,1924 g=4,-4,-5
WFI t=43752 a=-3645,-755,1930 g=-5,-4,-4
WFI t=43802 a=-3633,-757,1922 g=-1,-4,-4
WFI t=43851 a=-3647,-751,1908 g=-6,-3,-5
WFI t=43901 a=-3643,-749,1912 g=-1,-3,-6
WFI t=43952 a=-3649,-749,1924 g=0,-2,-5
WFI t=44001 a=-3642,-755,1925 g=-4,-3,-5
WFI t=44051 a=-3649,-759,1908 g=-5,-4,-4
WFI t=44102 a=-3644,-748,1896 g=0,-5,-6
WFI t=44284 a=-3648,-744,1916 g=4,-4,-6
WFI t=44286 a=-3657,-757,1911 g=-2,-1,-4
WFI t=44288 a=-3654,-760,1928 g=-4,-1,-4
WFI t=44301 a=-3647,-749,1925 g=-1,-3,-4
WFI t=44352 a=-3645,-762,1915 g=2,-3,-6
WFI t=44402 a=-3646,-758,1914 g=-3,-2,-6
WFI t=44451 a=-3651,-758,1914 g=-2,-4,-4
WFI t=44501 a=-3659,-756,1908 g=-3,-4,-6
WFI t=44552 a=-3660,-750,1915 g=-3,-3,-5
WFR t=44554 src=bms type=0x02 len=129 data=d2037c0ee90ee80ee90ee90ee90ee90ee90eea0ee80ee90ee90eea0eed0eed0eed0eec0eed0eee0eee0eee0eee0eef0eef0eef0eed0eee0eee0eee0000000000000000003d0000000000000000000000000000042d752f02ad0eef0ee8003d003d00000156001c0001001d0000000100010eeb0007000a00000000000000006811
WFI t=44602 a=-3641,-755,1917 g=2,-3,-4
WFI t=44651 a=-3643,-760,1916 g=0,-2,-5
WFI t=44702 a=-3645,-756,1912 g=-6,-2,-6
WFI t=44751 a=-3640,-752,1917 g=-4,-2,-4
WFI t=44801 a=-3646,-758,1931 g=0,-3,-6
WFI t=44852 a=-3644,-753,1922 g=0,-4,-5
WFI t=44901 a=-3651,-748,1903 g=-5,-3,-5
WFI t=44952 a=-3645,-753,1920 g=3,-6,-5
WFI t=45002 a=-3641,-749,1937 g=2,-3,-6
WFI t=45051 a=-3645,-745,1912 g=-4,-4,-6
WFI t=45101 a=-3647,-765,1916 g=-2,-5,-6
WFI t=45152 a=-3639,-761,1913 g=2,-3,-6
WFI t=45201 a=-3654,-752,1918 g=1,-3,-5
WFI t=45251 a=-3643,-768,1916 g=-3,-5,-7
WFI t=45302 a=-3650,-758,1915 g=-4,-4,-5
WFI t=45352 a=-3640,-755,1900 g=3,-2,-5
WFI t=45401 a=-3648,-758,1922 g=-2,-2,-5
WFI t=45452 a=-3645,-754,1917 g=0,-5,-5
WFI t=45501 a=-3646,-755,1913 g=-5,-5,-5
WFR t=45544 src=bms type=0x02 len=129 data=d2037c0ee90ee90eea0ee90ee90ee90eea0eea0ee80ee90ee90eea0eed0eed0eed0eec0eee0eed0eef0eee0eee0eef0eef0eef0eed0eee0eee0eee0000000000000000003d0000000000000000000000000000042d752f02ad0eef0ee8003d003d00000156001c0001001d0000000100010eeb0007000a00000000000000005259
WFI t=45552 a=-3647,-765,1911 g=-3,-3,-6
WFI t=45602 a=-3640,-748,1912 g=1,-2,-5
WFI t=45651 a=-3651,-763,1917 g=-6,-2,-5
WFI t=45701 a=-3643,-755,1933 g=-5,-4,-5
WFT t=45718 batt_mv=4176 rssi_mcu=0 rssi_bms=-83 mcu=0 bms=39 dropped=0
WFI t=45752 a=-3640,-755,1917 g=1,-4,-4
WFI t=45802 a=-3642,-760,1918 g=-3,-2,-5
WFI t=45851 a=-3651,-755,1917 g=-3,-3,-5
WFI t=45902 a=-3643,-753,1918 g=-3,-3,-5
WFI t=45951 a=-3641,-748,1917 g=-3,-3,-5
WFI t=46001 a=-3653,-741,1918 g=-4,-4,-5
WFI t=46052 a=-3644,-762,1921 g=-4,-4,-6
WFI t=46101 a=-3647,-764,1918 g=0,-4,-6
WFI t=46151 a=-3656,-743,1921 g=0,-4,-4
WFI t=46302 a=-3636,-760,1933 g=-7,-2,-6
WFI t=46305 a=-3646,-760,1920 g=1,-2,-5
WFI t=46307 a=-3646,-760,1920 g=1,-2,-5
WFI t=46352 a=-3654,-746,1924 g=-4,-4,-4
WFI t=46401 a=-3649,-757,1913 g=-1,-5,-6
WFI t=46451 a=-3642,-760,1906 g=-6,-6,-5
WFI t=46502 a=-3654,-754,1925 g=-4,-3,-5
WFI t=46552 a=-3650,-753,1920 g=-5,-4,-6
WFR t=46564 src=bms type=0x02 len=129 data=d2037c0ee90ee90ee90ee90ee90ee90ee90eea0ee80ee90eea0eea0eed0eed0eed0eec0eed0eed0eee0eee0eee0eef0eef0eef0eed0eee0eee0eee0000000000000000003d0000000000000000000000000000042d752f02ad0eef0ee8003d003d00000156001c0001001d0000000100010eeb0007000a0000000000000000a3f5
WFI t=46602 a=-3644,-769,1915 g=-8,-4,-5
WFI t=46652 a=-3645,-756,1917 g=0,-2,-4
WFI t=46701 a=-3652,-756,1928 g=-2,0,-6
WFI t=46752 a=-3650,-749,1917 g=-5,-3,-5
WFI t=46802 a=-3649,-754,1914 g=-1,-3,-5
WFI t=46851 a=-3654,-749,1905 g=-6,-4,-5
WFI t=46901 a=-3636,-750,1916 g=1,-5,-5
WFI t=46952 a=-3644,-759,1922 g=-4,-3,-5
WFI t=47001 a=-3650,-766,1918 g=-6,-3,-5
WFI t=47051 a=-3643,-751,1917 g=-2,-1,-4
WFI t=47102 a=-3644,-751,1913 g=-1,-3,-6
WFI t=47152 a=-3653,-750,1920 g=-5,-4,-6
WFI t=47201 a=-3633,-759,1917 g=-2,-4,-6
WFI t=47252 a=-3650,-754,1921 g=-1,-2,-5
WFI t=47301 a=-3640,-764,1916 g=0,-3,-6
WFI t=47352 a=-3645,-751,1925 g=-1,-1,-6
WFI t=47402 a=-3647,-762,1924 g=-7,-3,-4
WFI t=47451 a=-3637,-744,1928 g=-2,-5,-5
WFI t=47501 a=-3641,-759,1920 g=0,-4,-5
WFI t=47552 a=-3661,-751,1927 g=-3,-2,-5
WFR t=47584 src=bms type=0x02 len=129 data=d2037c0ee90ee90ee90ee90ee90ee90eea0eea0ee80ee90ee90eea0eec0eed0eed0eec0eed0eed0eee0eee0eee0eee0eef0eef0eed0eee0eee0eee0000000000000000003d0000000000000000000000000000042d752f02ad0eef0ee8003d003d00000156001c0001001d0000000100010eeb0007000a0000000000000000461c
WFI t=47602 a=-3646,-757,1922 g=-4,-7,-5
WFI t=47651 a=-3637,-751,1922 g=3,-4,-4
WFI t=47702 a=-3643,-759,1912 g=-6,-4,-4
WFI t=47751 a=-3649,-756,1920 g=1,-2,-5
WFI t=47801 a=-3643,-750,1918 g=3,-2,-5
WFI t=47852 a=-3636,-751,1922 g=-3,-3,-6
WFI t=47901 a=-3650,-757,1926 g=-1,-3,-5
WFI t=47951 a=-3649,-762,1921 g=-4,-4,-6
WFI t=48002 a=-3639,-751,1920 g=-4,-3,-6
WFI t=48051 a=-3629,-755,1917 g=-3,-4,-5
WFI t=48101 a=-3644,-752,1927 g=-2,-2,-5
WFI t=48152 a=-3646,-754,1930 g=-4,-3,-5
WFI t=48225 a=-3644,-759,1923 g=-5,-3,-6
WFI t=48319 a=-3644,-761,1928 g=-5,-4,-5
WFI t=48321 a=-3627,-762,1916 g=-1,-4,-5
WFI t=48352 a=-3642,-757,1925 g=-3,-1,-4
WFI t=48402 a=-3646,-762,1916 g=1,-3,-5
WFI t=48452 a=-3641,-746,1927 g=-3,-3,-6
WFI t=48501 a=-3652,-755,1915 g=-4,-2,-5
WFI t=48551 a=-3642,-764,1920 g=-2,-2,-5
WFR t=48574 src=bms type=0x02 len=129 data=d2037c0ee90ee90ee90ee90ee90ee90ee90eea0ee80ee90ee90eea0eed0eed0eed0eec0eed0eee0eef0eee0eee0eee0eef0eef0eed0eee0eee0eee0000000000000000003d0000000000000000000000000000042d752f02ad0eef0ee8003d003d00000156001c0001001d0000000100010eeb0007000a00000000000000008eeb
WFI t=48602 a=-3647,-746,1917 g=2,-3,-5
WFI t=48651 a=-3640,-754,1921 g=1,-3,-5
WFI t=48701 a=-3639,-747,1914 g=0,-3,-4
WFI t=48752 a=-3649,-760,1928 g=-5,-4,-6
WFI t=48802 a=-3645,-750,1914 g=-5,-5,-6
WFI t=48851 a=-3646,-756,1923 g=1,-3,-5
WFI t=48901 a=-3637,-752,1920 g=-1,-1,-5
WFI t=48951 a=-3641,-755,1918 g=2,-2,-4
WFI t=49005 a=-3636,-750,1918 g=-4,-5,-3
WFI t=49052 a=-3651,-753,1912 g=-6,-5,-5
WFI t=49101 a=-3653,-755,1913 g=-4,-3,-6
WFI t=49151 a=-3645,-752,1920 g=-2,-1,-5
WFI t=49201 a=-3649,-754,1910 g=-6,-4,-5
WFI t=49251 a=-3638,-758,1913 g=-2,-2,-5
WFI t=49301 a=-3648,-756,1922 g=-4,-6,-4
WFI t=49352 a=-3659,-762,1925 g=1,-3,-6
WFI t=49401 a=-3646,-756,1915 g=1,-2,-4
WFI t=49452 a=-3651,-757,1913 g=-7,-3,-6
WFI t=49502 a=-3636,-754,1912 g=2,-3,-5
WFI t=49551 a=-3652,-749,1921 g=-3,-4,-6
WFR t=49564 src=bms type=0x02 len=129 data=d2037c0ee90ee90ee90ee90ee90ee90ee90ee90ee80ee90eea0eea0eec0eed0eed0eec0eed0eee0eee0eee0eee0eee0eef0eef0eed0eee0eee0eee0000000000000000003d0000000000000000000000000000042d753002ad0eef0ee8003d003d00000156001c0001001d0000000100010eeb00070000000000000000000034c0
WFI t=49602 a=-3651,-752,1928 g=4,-5,-4
WFI t=49652 a=-3643,-756,1913 g=-4,-3,-6
WFI t=49701 a=-3644,-760,1915 g=1,-3,-5
WFI t=49751 a=-3630,-749,1918 g=-2,-3,-4
WFI t=49802 a=-3646,-746,1934 g=2,-4,-6
WFI t=49851 a=-3643,-753,1932 g=0,-4,-5
WFI t=49901 a=-3646,-762,1913 g=-1,-4,-5
WFI t=49952 a=-3646,-765,1905 g=-6,-4,-6
WFI t=50001 a=-3647,-754,1918 g=-3,-3,-6
WFI t=50052 a=-3626,-756,1917 g=-10,-3,-6
WFI t=50102 a=-3647,-737,1923 g=-1,-3,-5
WFI t=50151 a=-3642,-756,1922 g=0,-3,-5
WFI t=50260 a=-3637,-757,1922 g=1,-2,-5
WFI t=50262 a=-3651,-757,1926 g=-2,-4,-5
WFI t=50302 a=-3649,-758,1921 g=-6,-4,-5
WFI t=50450 a=-3645,-758,1918 g=-2,-3,-5
WFI t=50544 a=-3639,-757,1923 g=0,-3,-5
WFI t=50546 a=-3661,-762,1923 g=-3,-4,-6
WFI t=50549 a=-3661,-762,1923 g=-3,-4,-6
WFI t=50552 a=-3650,-761,1908 g=-1,-3,-3
WFI t=50602 a=-3653,-744,1914 g=2,-3,-6
WFI t=50651 a=-3656,-749,1928 g=3,-3,-5
WFI t=50702 a=-3656,-742,1918 g=-4,-3,-5
WFT t=50731 batt_mv=4168 rssi_mcu=0 rssi_bms=-77 mcu=0 bms=43 dropped=0
WFI t=50751 a=-3654,-760,1923 g=-2,-2,-4
WFR t=50764 src=bms type=0x02 len=129 data=d2037c0ee90ee90ee90ee90ee90ee90ee90eea0ee80ee90ee90eea0eed0eed0eed0eec0eed0eed0eef0eee0eee0eef0eef0eef0eed0eef0eee0eee0000000000000000003d0000000000000000000000000000042d752f02ad0eef0ee8003d003d00000156001c0001001d0000000100010eeb0007000a00000000000000006dd0
WFI t=50802 a=-3657,-748,1915 g=4,-3,-5
WFI t=50852 a=-3659,-755,1918 g=1,-2,-5
WFI t=50901 a=-3653,-753,1918 g=-1,-4,-5
WFI t=50951 a=-3651,-761,1915 g=-6,-4,-6
WFI t=51002 a=-3634,-750,1903 g=0,-2,-4
WFI t=51051 a=-3648,-756,1914 g=-4,-4,-6
WFI t=51101 a=-3650,-757,1911 g=-4,-3,-5
WFI t=51152 a=-3653,-755,1925 g=3,-3,-4
WFI t=51202 a=-3648,-763,1923 g=-4,-4,-6
WFI t=51251 a=-3648,-765,1911 g=-5,-3,-5
WFI t=51302 a=-3642,-753,1911 g=-2,-2,-4
WFI t=51351 a=-3638,-763,1926 g=-2,-4,-5
WFI t=51401 a=-3661,-772,1931 g=-4,-3,-5
WFI t=51452 a=-3632,-757,1921 g=-3,-4,-5
WFI t=51501 a=-3643,-751,1916 g=-2,-4,-5
WFI t=51552 a=-3663,-745,1913 g=-1,-3,-5
WFI t=51602 a=-3655,-736,1911 g=-2,-3,-5
WFI t=51651 a=-3644,-744,1917 g=-1,-3,-6
WFI t=51701 a=-3635,-737,1928 g=1,-2,-7
WFI t=51751 a=-3633,-742,1935 g=0,-2,-6
WFR t=51754 src=bms type=0x02 len=129 data=d2037c0ee90ee80ee90ee90ee90ee90ee90ee90ee80ee90ee90eea0eed0eed0eed0eec0eed0eed0eee0eee0eee0eef0eef0eef0eed0eee0eee0eee0000000000000000003d0000000000000000000000000000042d752f02ad0eef0ee8003d003d00000156001c0001001d0000000100010eeb0007000a000000000000000040ca
WFI t=51801 a=-3647,-761,1914 g=-8,-5,-4
WFI t=51851 a=-3663,-770,1899 g=-6,-2,-5
WFI t=51902 a=-3640,-760,1898 g=-1,-4,-6
WFI t=51951 a=-3634,-755,1906 g=1,-3,-6
WFI t=52002 a=-3655,-747,1939 g=1,-3,-5
WFI t=52052 a=-3658,-744,1953 g=-3,-5,-4
WFI t=52102 a=-3655,-749,1918 g=-5,-4,-4
WFI t=52151 a=-3652,-760,1901 g=-5,-3,-7
WFI t=52299 a=-3645,-764,1915 g=7,-1,-7
WFI t=52315 a=-3646,-769,1916 g=-4,-4,-3
WFI t=52317 a=-3645,-760,1915 g=-5,-7,-4
WFI t=52352 a=-3651,-760,1916 g=-5,-4,-3
WFI t=52401 a=-3661,-745,1910 g=-3,-5,-6
WFI t=52451 a=-3654,-759,1921 g=-1,-2,-6
WFI t=52502 a=-3656,-760,1918 g=-4,-2,-7
WFI t=52552 a=-3653,-750,1920 g=-3,-3,-5
WFI t=52601 a=-3635,-763,1916 g=-4,-2,-5
WFI t=52652 a=-3645,-756,1915 g=-2,-4,-5
WFI t=52701 a=-3641,-764,1915 g=1,-5,-4
WFI t=52752 a=-3644,-775,1924 g=0,-3,-5
WFR t=52774 src=bms type=0x02 len=129 data=d2037c0ee90ee90ee90ee90ee90ee90ee90ee90ee80ee90ee90eea0eed0eed0eed0eec0eed0eed0eef0eee0eee0eee0eef0eef0eed0eef0eee0eee0000000000000000003d0000000000000000000000000000042d752f02ad0eef0ee8003d003d00000156001c0001001d0000000100010eeb0007000a0000000000000000f4e1
WFI t=52802 a=-3644,-753,1921 g=1,-3,-5
WFI t=52851 a=-3657,-753,1928 g=1,-2,-6
WFI t=52901 a=-3651,-751,1921 g=-3,-4,-5
WFI t=52952 a=-3639,-764,1923 g=-6,-3,-6
WFI t=53001 a=-3647,-756,1908 g=-5,-4,-5
WFI t=53051 a=-3644,-758,1914 g=-3,-4,-6
WFI t=53102 a=-3661,-772,1914 g=4,-4,-6
WFI t=53151 a=-3646,-766,1917 g=-4,-4,-5
WFI t=53201 a=-3647,-752,1915 g=-4,-3,-4
WFI t=53252 a=-3651,-747,1913 g=-4,-3,-5
WFI t=53301 a=-3639,-761,1915 g=-3,-3,-7
WFI t=53351 a=-3646,-755,1927 g=-8,-2,-4
WFI t=53402 a=-3649,-759,1921 g=-5,-1,-5
WFI t=53451 a=-3643,-771,1909 g=-5,-3,-5
WFI t=53501 a=-3648,-759,1924 g=-1,-3,-4
WFI t=53552 a=-3655,-745,1911 g=-6,-3,-6
WFI t=53602 a=-3642,-744,1915 g=4,-3,-4
WFI t=53651 a=-3641,-752,1925 g=1,-3,-4
WFI t=53702 a=-3646,-764,1917 g=-8,-2,-6
WFI t=53751 a=-3643,-743,1922 g=-2,-2,-5
WFR t=53764 src=bms type=0x02 len=129 data=d2037c0ee90ee90ee90ee90ee90ee80ee90eea0ee80ee90ee90eea0eed0eed0eed0eec0eee0eed0eef0eee0eee0eef0eef0eef0eed0eee0eee0eee0000000000000000003d0000000000000000000000000000042d752f02ad0eef0ee8003d003d00000156001c0001001d0000000100010eeb0007000a00000000000000005e26
WFI t=53802 a=-3648,-762,1923 g=2,-4,-4
WFI t=53852 a=-3652,-773,1918 g=-1,-3,-6
WFI t=53901 a=-3656,-753,1916 g=-3,-3,-4
WFI t=53951 a=-3641,-769,1910 g=-1,-5,-5
WFI t=54002 a=-3656,-763,1938 g=-6,-4,-5
WFI t=54051 a=-3644,-752,1931 g=-4,-4,-5
WFI t=54101 a=-3636,-751,1921 g=-5,-2,-3
WFI t=54152 a=-3647,-760,1920 g=-1,-2,-5
WFI t=54315 a=-3651,-756,1922 g=1,-2,-6
WFI t=54330 a=-3659,-748,1918 g=-5,-2,-4
WFI t=54332 a=-3641,-748,1930 g=-1,-4,-5
WFI t=54351 a=-3650,-760,1927 g=-2,-3,-4
WFI t=54402 a=-3655,-756,1918 g=-3,-4,-4
WFI t=54452 a=-3645,-745,1922 g=-2,-2,-5
WFI t=54501 a=-3644,-748,1918 g=1,-3,-5
WFI t=54552 a=-3655,-755,1928 g=-2,-2,-4
WFI t=54602 a=-3648,-758,1922 g=-3,-5,-5
WFI t=54651 a=-3640,-761,1913 g=-5,-4,-5
WFI t=54701 a=-3650,-750,1927 g=-4,-3,-4
WFI t=54752 a=-3647,-765,1918 g=-1,-3,-4
WFR t=54785 src=bms type=0x02 len=129 data=d2037c0ee90ee90ee90ee90ee90ee90ee90eea0ee80ee90ee90eea0eed0eed0eed0eec0eee0eee0eee0eee0eee0eef0eef0eef0eed0eef0eee0eef0000000000000000003d0000000000000000000000000000042d753002ad0eef0ee8003d003d00000156001c0001001d0000000100010eeb0007000000000000000000000fab
WFI t=54802 a=-3650,-747,1918 g=-4,-2,-5
WFI t=54851 a=-3645,-755,1920 g=-3,-4,-6
WFI t=54902 a=-3636,-770,1922 g=-2,-2,-5
WFI t=54951 a=-3638,-770,1918 g=-3,-2,-4
WFI t=55002 a=-3643,-762,1918 g=-4,-5,-5
WFI t=55052 a=-3641,-763,1920 g=1,-2,-6
WFI t=55101 a=-3638,-758,1923 g=1,-3,-3
WFI t=55151 a=-3640,-759,1924 g=-1,-1,-5
WFI t=55202 a=-3646,-755,1916 g=-2,-2,-5
WFI t=55251 a=-3663,-751,1921 g=-5,-2,-6
WFI t=55301 a=-3640,-760,1920 g=-4,-5,-5
WFI t=55352 a=-3646,-761,1915 g=0,-3,-5
WFI t=55402 a=-3640,-768,1923 g=-9,-4,-5
WFI t=55451 a=-3647,-748,1910 g=-5,-4,-5
WFI t=55501 a=-3638,-752,1914 g=-7,-3,-6
WFI t=55552 a=-3645,-752,1923 g=-2,-4,-5
WFI t=55601 a=-3644,-763,1917 g=-6,-3,-6
WFI t=55652 a=-3653,-752,1936 g=-7,-3,-4
WFI t=55701 a=-3642,-762,1916 g=-6,-1,-6
WFI t=55752 a=-3659,-753,1929 g=-4,-4,-5
WFT t=55754 batt_mv=4180 rssi_mcu=0 rssi_bms=-80 mcu=0 bms=48 dropped=0
WFI t=55802 a=-3650,-753,1914 g=-1,-3,-5
WFR t=55806 src=bms type=0x02 len=129 data=d2037c0ee90ee90ee90ee90ee90ee90ee90ee90ee80ee90ee90eea0eed0eed0eed0eec0eed0eed0eee0eee0eee0eef0eef0eef0eed0eee0eee0eee0000000000000000003d0000000000000000000000000000042d752e02ad0eef0ee8003d003d00000156001c0001001d0000000100010eeb00070015000000000000000006d7
WFI t=55852 a=-3635,-762,1911 g=-4,-6,-5
WFI t=55901 a=-3645,-757,1922 g=-6,-4,-5
WFI t=55952 a=-3650,-763,1918 g=-2,-3,-4
WFI t=56001 a=-3645,-755,1928 g=-4,-3,-5
WFI t=56052 a=-3641,-744,1927 g=0,-3,-4
WFI t=56102 a=-3651,-764,1933 g=-2,-5,-4
WFI t=56151 a=-3662,-752,1927 g=-4,-3,-5
WFI t=56201 a=-3637,-764,1926 g=-6,-4,-5
WFI t=56340 a=-3642,-768,1920 g=-3,-5,-5
WFI t=56342 a=-3643,-748,1925 g=-1,-3,-4
WFI t=56351 a=-3642,-750,1918 g=0,-5,-5
WFI t=56402 a=-3645,-762,1934 g=-3,-4,-6
WFI t=56451 a=-3637,-751,1922 g=-6,-4,-5
WFI t=56501 a=-3656,-756,1923 g=-2,-3,-6
WFI t=56552 a=-3634,-760,1909 g=1,-4,-5
WFI t=56602 a=-3649,-750,1911 g=-6,-3,-5
WFI t=56651 a=-3649,-754,1924 g=-2,-5,-5
WFI t=56701 a=-3644,-763,1917 g=-5,-5,-5
WFI t=56752 a=-3649,-754,1921 g=-4,-3,-5
WFR t=56794 src=bms type=0x02 len=129 data=d2037c0ee90ee90ee90ee90ee90ee80eea0ee90ee80ee90ee90eea0eed0eed0eed0eec0eed0eee0eef0eee0eee0eef0eef0eef0eed0eee0eee0eef0000000000000000003d0000000000000000000000000000042d752e02ad0eef0ee8003d003d00000156001c0001001d0000000100010eeb000700150000000000000000adfa
WFI t=56802 a=-3645,-760,1925 g=-2,-2,-5
WFI t=56852 a=-3630,-759,1925 g=-3,-3,-5
WFI t=56901 a=-3642,-751,1934 g=-6,-2,-5
WFI t=56951 a=-3652,-762,1933 g=-3,-3,-4
WFI t=57002 a=-3650,-754,1918 g=-3,-3,-4
WFI t=57052 a=-3643,-752,1927 g=-2,-2,-5
WFI t=57101 a=-3651,-755,1916 g=-5,-3,-6
WFI t=57151 a=-3647,-758,1920 g=-2,-3,-5
WFI t=57209 a=-3641,-755,1915 g=-1,-2,-4
WFI t=57252 a=-3644,-767,1910 g=1,-1,-6
WFI t=57301 a=-3645,-757,1916 g=0,-3,-5
WFI t=57351 a=-3641,-762,1924 g=-2,-2,-5
WFI t=57401 a=-3657,-763,1932 g=0,-1,-5
WFI t=57452 a=-3653,-756,1921 g=-4,-3,-5
WFI t=57501 a=-3646,-747,1924 g=-6,-3,-5
WFI t=57551 a=-3643,-767,1923 g=0,-4,-5
WFI t=57602 a=-3647,-759,1921 g=4,-3,-4
WFI t=57651 a=-3646,-755,1934 g=2,-3,-4
WFI t=57701 a=-3649,-755,1914 g=-2,-4,-6
WFI t=57751 a=-3640,-748,1934 g=-1,-3,-5
WFR t=57784 src=bms type=0x02 len=129 data=d2037c0ee90ee90ee90ee90ee90ee90ee90eea0ee80ee90eea0eea0eed0eed0eed0eec0eed0eee0eef0eee0eee0eef0eef0eef0eed0eee0eee0eee0000000000000000003d0000000000000000000000000000042d752f02ad0eef0ee8003d003d00000156001c0001001d0000000100010eeb0007000a00000000000000003975
WFI t=57802 a=-3650,-757,1927 g=-3,-4,-5
WFI t=57902 a=-3647,-765,1924 g=2,-2,-5
WFI t=57954 a=-3656,-759,1934 g=1,-3,-5
WFI t=57969 a=-3658,-756,1927 g=-2,-3,-5
WFI t=58002 a=-3650,-754,1916 g=-2,-3,-5
WFI t=58051 a=-3652,-754,1930 g=-8,-4,-6
WFI t=58101 a=-3658,-763,1916 g=-5,-5,-5
WFI t=58151 a=-3650,-769,1925 g=-3,-4,-5
WFI t=58202 a=-3659,-749,1932 g=0,-2,-4
WFI t=58334 a=-3648,-759,1918 g=-5,-2,-4
WFI t=58350 a=-3642,-755,1909 g=-4,-1,-5
WFI t=58352 a=-3644,-755,1917 g=-2,-3,-5
WFI t=58402 a=-3649,-758,1922 g=-3,-2,-5
WFI t=58451 a=-3644,-754,1924 g=0,-3,-4
WFI t=58501 a=-3647,-765,1926 g=-6,-4,-5
WFI t=58551 a=-3652,-762,1920 g=-1,-4,-5
WFI t=58602 a=-3653,-757,1918 g=-2,-2,-5
WFI t=58651 a=-3649,-747,1930 g=-7,-4,-5
WFI t=58701 a=-3656,-747,1916 g=-7,-5,-4
WFI t=58751 a=-3655,-746,1916 g=-2,-3,-5
WFI t=58802 a=-3660,-752,1915 g=-3,-3,-5
WFR t=58805 src=bms type=0x02 len=129 data=d2037c0ee90ee90ee90ee90ee90ee90ee90eea0ee80ee90eea0eea0eed0eed0eed0eec0eed0eee0eee0eee0eee0eef0eef0eef0eed0eee0eee0eee0000000000000000003d0000000000000000000000000000042d752f02ad0eef0ee8003d003d00000156001c0001001d0000000100010eeb0007000a000000000000000057f7
WFI t=58852 a=-3636,-756,1920 g=-4,-4,-7
WFI t=58901 a=-3648,-763,1916 g=-6,-5,-6
WFI t=58951 a=-3650,-752,1921 g=-10,-5,-4
WFI t=59001 a=-3663,-761,1911 g=-4,-3,-6
WFI t=59051 a=-3648,-750,1912 g=-6,-1,-6
WFI t=59101 a=-3640,-754,1918 g=-2,-4,-5
WFI t=59151 a=-3647,-761,1917 g=-7,-3,-5
WFI t=59201 a=-3647,-760,1904 g=-2,-3,-5
WFI t=59252 a=-3648,-770,1918 g=1,-2,-4
WFI t=59301 a=-3654,-750,1926 g=3,-2,-5
WFI t=59351 a=-3632,-765,1925 g=-1,-4,-5
WFI t=59401 a=-3632,-762,1917 g=-4,-4,-4
WFI t=59452 a=-3649,-759,1923 g=-4,-2,-5
WFI t=59501 a=-3649,-751,1904 g=-4,-2,-6
WFI t=59551 a=-3641,-761,1917 g=-8,-5,-5
WFI t=59602 a=-3644,-767,1914 g=-3,-4,-5
WFI t=59651 a=-3656,-759,1925 g=-5,-3,-6
WFI t=59701 a=-3643,-754,1918 g=1,-2,-4
WFI t=59751 a=-3640,-765,1920 g=-1,-2,-5
WFR t=59794 src=bms type=0x02 len=129 data=d2037c0ee90ee90ee90ee90ee90ee90ee90ee90ee80ee90ee90eea0eed0eed0eed0eec0eed0eee0eef0eee0eee0eef0eef0eef0eed0eee0eee0eee0000000000000000003d0000000000000000000000000000042d752f02ad0eef0ee8003d003d00000156001c0001001d0000000100010eeb0007000a000000000000000017da
WFI t=59802 a=-3644,-750,1920 g=2,-4,-5
WFI t=59852 a=-3660,-764,1911 g=-3,-2,-4
WFI t=59901 a=-3649,-763,1920 g=0,-2,-6
WFI t=59951 a=-3642,-756,1926 g=-5,-2,-5
WFI t=60001 a=-3655,-757,1918 g=-2,-3,-5
WFI t=60051 a=-3651,-761,1921 g=0,-3,-3
WFI t=60101 a=-3648,-742,1920 g=1,-4,-5
WFI t=60151 a=-3641,-755,1920 g=-2,-4,-6
WFI t=60201 a=-3650,-750,1931 g=-3,-3,-4
WFI t=60365 a=-3650,-750,1916 g=-3,-3,-6
WFI t=60367 a=-3633,-770,1920 g=-3,-4,-6
WFI t=60369 a=-3633,-770,1920 g=-3,-4,-6
WFI t=60401 a=-3644,-762,1916 g=-8,-4,-4
WFI t=60451 a=-3655,-764,1911 g=1,-3,-3
WFI t=60501 a=-3650,-758,1909 g=-1,-2,-5
WFI t=60551 a=-3650,-753,1922 g=-9,-2,-7
WFI t=60602 a=-3646,-739,1914 g=-4,-4,-4
WFI t=60651 a=-3651,-742,1913 g=-3,-4,-5
WFI t=60701 a=-3656,-747,1911 g=-3,-2,-5
WFI t=60751 a=-3648,-767,1908 g=-1,-2,-7
WFT t=60782 batt_mv=4168 rssi_mcu=0 rssi_bms=-80 mcu=0 bms=53 dropped=0
WFI t=60802 a=-3651,-751,1926 g=2,-2,-4
WFR t=60845 src=bms type=0x02 len=129 data=d2037c0ee90ee90ee90ee90ee90ee90eea0eea0ee80ee90ee90eea0eed0eed0eed0eec0eee0eed0eee0eee0eee0eef0eef0eef0eed0eee0eee0eee0000000000000000003d0000000000000000000000000000042d752f02ad0eef0ee8003d003d00000156001c0001001d0000000100010eeb0007000a00000000000000000fd8
WFI t=60851 a=-3645,-772,1923 g=-3,-3,-3
WFI t=60901 a=-3654,-761,1922 g=-4,-3,-4
WFI t=60951 a=-3650,-758,1910 g=-1,-3,-4
WFI t=61002 a=-3633,-756,1928 g=4,-3,-4
WFI t=61051 a=-3633,-750,1929 g=-6,-5,-5
WFI t=61101 a=-3659,-745,1926 g=0,-2,-3
WFI t=61151 a=-3640,-756,1918 g=-8,-4,-6
WFI t=61202 a=-3651,-759,1930 g=3,-2,-5
WFI t=61251 a=-3646,-759,1927 g=-3,-5,-6
WFI t=61301 a=-3648,-759,1909 g=-2,-3,-4
WFI t=61351 a=-3657,-757,1930 g=0,-2,-4
WFI t=61402 a=-3652,-765,1914 g=-1,-2,-5
WFI t=61451 a=-3640,-755,1924 g=-6,-4,-5
WFI t=61501 a=-3653,-757,1920 g=-1,-3,-5
WFI t=61551 a=-3654,-751,1918 g=-4,-3,-5
WFI t=61601 a=-3642,-755,1920 g=-3,0,-6
WFI t=61652 a=-3645,-758,1918 g=-1,-3,-5
WFI t=61701 a=-3635,-758,1917 g=1,-2,-4
WFI t=61751 a=-3635,-754,1922 g=-3,-3,-4
WFI t=61802 a=-3652,-757,1902 g=-4,-2,-6
WFR t=61805 src=bms type=0x02 len=129 data=d2037c0ee90ee90ee90ee90ee90ee90ee90ee90ee80ee90ee90eea0eed0eed0eed0eec0eed0eee0eef0eee0eee0eef0eef0eef0eed0eef0eee0eee0000000000000000003d0000000000000000000000000000042d752f02ad0eef0ee8003d003d00000156001c0001001d0000000100010eeb0007000a0000000000000000450b
WFI t=61852 a=-3645,-761,1920 g=2,-3,-6
WFI t=61901 a=-3650,-758,1923 g=0,-3,-6
WFI t=61951 a=-3642,-758,1918 g=-5,-2,-5
WFI t=62002 a=-3651,-763,1911 g=1,-4,-3
WFI t=62052 a=-3649,-757,1927 g=2,-4,-5
WFI t=62101 a=-3640,-745,1916 g=1,-2,-5
WFI t=62151 a=-3661,-761,1932 g=-4,-4,-5
WFI t=62201 a=-3644,-760,1917 g=-2,-2,-5
WFI t=62284 a=-3645,-761,1917 g=-4,-3,-6
WFI t=62303 a=-3647,-764,1910 g=-1,-3,-4
WFI t=62454 a=-3648,-746,1930 g=-2,-2,-5
WFI t=62469 a=-3652,-757,1930 g=-3,-4,-4
WFI t=62471 a=-3649,-749,1921 g=-5,-2,-6
WFI t=62502 a=-3639,-755,1918 g=2,-1,-5
WFI t=62551 a=-3652,-760,1929 g=-5,-3,-5
WFI t=62601 a=-3639,-761,1918 g=-2,-4,-5
WFI t=62651 a=-3646,-754,1924 g=1,-3,-5
WFI t=62702 a=-3651,-758,1916 g=-1,-2,-5
WFI t=62751 a=-3650,-747,1925 g=-1,-2,-4
WFI t=62801 a=-3647,-752,1910 g=3,-2,-5
WFI t=62851 a=-3650,-763,1918 g=0,-2,-6
WFR t=62885 src=bms type=0x02 len=129 data=d2037c0ee90ee90ee90ee90ee90ee90ee90eea0ee80ee90ee90eea0eed0eec0eed0eec0eee0eee0eef0eee0eee0eef0eef0eef0eed0eee0eee0eee0000000000000000003d0000000000000000000000000000042d752f02ad0eef0ee8003d003d00000156001c0001001d0000000100010eeb0007000a000000000000000016ef
WFI t=62902 a=-3645,-754,1911 g=-6,-2,-6
WFI t=62951 a=-3658,-749,1926 g=-4,-3,-6
WFI t=63001 a=-3638,-755,1922 g=2,-3,-5
WFI t=63051 a=-3635,-754,1925 g=-3,-5,-3
WFI t=63101 a=-3649,-745,1913 g=-4,-3,-4
WFI t=63151 a=-3647,-746,1922 g=-2,-3,-4
WFI t=63201 a=-3640,-750,1913 g=1,-3,-5
WFI t=63251 a=-3651,-754,1928 g=-4,-3,-5
WFI t=63302 a=-3649,-751,1926 g=-4,-4,-6
WFI t=63351 a=-3656,-751,1914 g=-5,-1,-5
WFI t=63401 a=-3653,-757,1923 g=0,-3,-5
WFI t=63451 a=-3656,-757,1925 g=-3,-2,-4
WFI t=63501 a=-3654,-746,1930 g=-1,-2,-4
WFI t=63552 a=-3649,-759,1924 g=-2,-2,-5
WFI t=63601 a=-3638,-759,1925 g=-6,-4,-5
WFI t=63651 a=-3640,-754,1912 g=-3,-2,-4
WFI t=63701 a=-3654,-760,1914 g=-7,-4,-5
WFI t=63752 a=-3640,-762,1921 g=0,-3,-5
WFI t=63801 a=-3639,-750,1922 g=0,-2,-4
WFI t=63851 a=-3652,-770,1922 g=-10,-4,-4
WFI t=63901 a=-3647,-757,1918 g=-5,-2,-5
WFR t=63935 src=bms type=0x02 len=129 data=d2037c0ee90ee90ee90ee90ee90ee90ee90eea0ee80ee90ee90eea0eed0eed0eed0eec0eed0eed0eee0eee0eee0eef0eef0eef0eed0eee0eee0eee0000000000000000003d0000000000000000000000000000042d752f02ad0eef0ee8003d003d00000156001c0001001d0000000100010eeb0007000a00000000000000005183
WFI t=63952 a=-3632,-759,1917 g=-4,-6,-5
WFI t=64001 a=-3653,-758,1921 g=-7,-4,-6
WFI t=64051 a=-3648,-757,1929 g=-6,-1,-4
WFI t=64101 a=-3648,-756,1926 g=-6,-4,-4
WFI t=64152 a=-3651,-765,1914 g=-2,-1,-5
WFI t=64201 a=-3653,-747,1921 g=0,-2,-6
WFI t=64367 a=-3636,-754,1920 g=-1,-4,-5
WFI t=64382 a=-3645,-765,1938 g=-4,-3,-7
WFI t=64385 a=-3645,-765,1938 g=-4,-3,-7
WFI t=64401 a=-3656,-763,1926 g=1,-3,-5
WFI t=64451 a=-3641,-767,1923 g=-2,-1,-5
WFI t=64502 a=-3657,-756,1922 g=-7,-5,-4
WFI t=64551 a=-3652,-766,1932 g=1,-2,-5
WFI t=64602 a=-3656,-771,1922 g=-6,-4,-6
WFI t=64651 a=-3653,-763,1926 g=-5,-3,-6
WFI t=64702 a=-3661,-754,1926 g=-1,-3,-6
WFI t=64751 a=-3647,-749,1921 g=-10,-1,-5
WFI t=64802 a=-3650,-758,1922 g=-4,-5,-5
WFI t=64851 a=-3639,-758,1916 g=2,-3,-5
WFI t=64901 a=-3648,-759,1934 g=-3,-5,-5
WFR t=64925 src=bms type=0x02 len=129 data=d2037c0ee90ee80ee90ee90ee90ee90ee90ee90ee80ee90ee90eea0eed0eed0eed0eec0eed0eed0eef0eee0eee0eef0eef0eef0eed0eee0eee0eee0000000000000000003d0000000000000000000000000000042d752f02ad0eef0ee8003d003d00000156001c0001001d0000000100010eeb0007000a00000000000000002e48
WFI t=64952 a=-3649,-756,1923 g=-4,-3,-4
WFI t=65001 a=-3649,-763,1917 g=-5,-2,-4
WFI t=65052 a=-3660,-758,1912 g=1,-2,-6
WFI t=65101 a=-3646,-760,1928 g=-5,-5,-5
WFI t=65151 a=-3645,-755,1938 g=-5,-3,-5
WFI t=65201 a=-3653,-756,1939 g=2,-3,-5
WFI t=65252 a=-3651,-748,1923 g=-4,-4,-5
WFI t=65301 a=-3640,-755,1922 g=-3,-3,-5
WFI t=65351 a=-3646,-753,1932 g=-2,-4,-4
WFI t=65401 a=-3665,-748,1922 g=2,-2,-5
WFI t=65452 a=-3643,-768,1925 g=0,-3,-4
WFI t=65501 a=-3645,-762,1922 g=0,-2,-5
WFI t=65551 a=-3638,-752,1926 g=-5,-2,-5
WFI t=65601 a=-3646,-756,1927 g=2,-3,-4
WFI t=65652 a=-3638,-755,1920 g=-6,-4,-6
WFI t=65711 a=-3639,-749,1930 g=-3,-4,-4
WFI t=65752 a=-3657,-760,1936 g=-7,-4,-6
WFI t=65801 a=-3666,-757,1921 g=-5,-4,-5
WFI t=65852 a=-3645,-763,1926 g=-4,-4,-5
WFI t=65901 a=-3640,-749,1927 g=-2,-4,-5
WFT t=65915 batt_mv=4180 rssi_mcu=0 rssi_bms=-83 mcu=0 bms=58 dropped=0
WFR t=65945 src=bms type=0x02 len=129 data=d2037c0ee90ee80ee90ee90ee90ee90ee90eea0ee80ee90ee90eea0eed0eed0eed0eec0eee0eee0eee0eee0eee0eef0eef0eef0eed0eee0eee0eee0000000000000000003d0000000000000000000000000000042d752f02ad0eef0ee8003d003d00000156001c0001001d0000000100010eeb0007000a0000000000000000af10
WFI t=65952 a=-3651,-754,1942 g=-3,-4,-5
WFI t=66001 a=-3636,-757,1925 g=1,-2,-4
WFI t=66052 a=-3666,-769,1917 g=-1,-3,-4
WFI t=66101 a=-3644,-760,1929 g=3,-4,-4
WFI t=66151 a=-3645,-766,1928 g=-3,-3,-5
WFI t=66201 a=-3649,-761,1927 g=-7,-2,-5
WFI t=66293 a=-3641,-764,1918 g=-6,-3,-4
WFI t=66377 a=-3644,-760,1927 g=-4,-3,-6
WFI t=66443 a=-3643,-763,1924 g=-1,-1,-5
WFI t=66533 a=-3645,-763,1930 g=-2,-2,-4
WFI t=66535 a=-3649,-758,1927 g=-4,-4,-6
WFI t=66538 a=-3649,-758,1927 g=-4,-4,-6
WFI t=66551 a=-3652,-749,1939 g=-4,-2,-5
WFI t=66601 a=-3651,-749,1934 g=-7,-2,-5
WFI t=66651 a=-3658,-766,1932 g=-3,-5,-5
WFI t=66701 a=-3649,-750,1921 g=1,-4,-6
WFI t=66752 a=-3647,-750,1924 g=-4,-4,-5
WFI t=66802 a=-3649,-757,1920 g=-3,-3,-6
WFI t=66851 a=-3646,-752,1931 g=-3,-4,-5
WFI t=66901 a=-3654,-756,1923 g=-9,-3,-4
WFI t=66951 a=-3659,-754,1925 g=0,-2,-5
WFR t=66995 src=bms type=0x02 len=129 data=d2037c0ee90ee80ee90ee90ee90ee90ee90ee90ee80ee90ee90eea0eed0eed0eed0eec0eed0eed0eef0eee0eee0eef0eef0eef0eed0eef0eee0eee0000000000000000003d0000000000000000000000000000042d752f02ad0eef0ee8003d003d00000156001c0001001d0000000100010eeb0007000a00000000000000007c99
WFI t=67002 a=-3650,-741,1928 g=-4,-3,-7
WFI t=67051 a=-3634,-760,1927 g=-1,-2,-4
WFI t=67101 a=-3642,-772,1928 g=-2,-2,-3
WFI t=67151 a=-3629,-749,1911 g=-9,-4,-5
WFI t=67202 a=-3655,-758,1922 g=3,-3,-5
WFI t=67251 a=-3648,-758,1926 g=-3,-4,-6
WFI t=67301 a=-3646,-765,1922 g=-4,-3,-5
WFI t=67351 a=-3640,-745,1924 g=-6,-3,-4
WFI t=67402 a=-3655,-759,1918 g=-4,-3,-5
WFI t=67451 a=-3648,-763,1920 g=-2,-2,-5
WFI t=67501 a=-3642,-748,1924 g=-6,-3,-6
WFI t=67551 a=-3636,-752,1938 g=0,-3,-4
WFI t=67602 a=-3663,-767,1917 g=-7,-3,-4
WFI t=67651 a=-3652,-766,1916 g=1,-4,-5
WFI t=67701 a=-3638,-762,1928 g=1,-3,-6
WFI t=67751 a=-3647,-771,1936 g=-2,-3,-5
WFI t=67802 a=-3646,-752,1934 g=-5,-2,-6
WFI t=67851 a=-3644,-748,1918 g=-4,-3,-5
WFI t=67901 a=-3646,-766,1929 g=-3,-3,-6
WFI t=67951 a=-3645,-761,1930 g=-4,-4,-5
WFI t=68002 a=-3633,-753,1925 g=1,-3,-5
WFI t=68051 a=-3641,-760,1925 g=-3,-2,-5
WFI t=68101 a=-3655,-765,1915 g=-3,-3,-6
WFI t=68151 a=-3640,-757,1930 g=-3,-2,-5
WFI t=68201 a=-3649,-753,1921 g=-4,-5,-5
WFI t=68251 a=-3649,-750,1920 g=-2,-2,-4
WFI t=68394 a=-3649,-769,1926 g=-3,-2,-6
WFI t=68396 a=-3642,-754,1930 g=-1,-2,-4
WFI t=68402 a=-3639,-752,1923 g=-3,0,-4
WFI t=68451 a=-3655,-751,1922 g=-1,-2,-5
WFI t=68501 a=-3636,-760,1929 g=-7,-5,-7
WFI t=68551 a=-3645,-756,1927 g=-3,-3,-6
WFI t=68601 a=-3650,-758,1925 g=-5,-1,-5
WFI t=68652 a=-3635,-773,1926 g=-4,-4,-4
WFI t=68701 a=-3646,-757,1928 g=-2,-3,-6
WFI t=68751 a=-3662,-754,1930 g=-4,-2,-5
WFI t=68802 a=-3646,-756,1922 g=0,-3,-4
WFI t=68852 a=-3645,-751,1916 g=-1,-2,-4
WFI t=68901 a=-3653,-769,1921 g=-1,-3,-4
WFI t=68951 a=-3645,-747,1922 g=0,-3,-6
WFI t=69001 a=-3645,-746,1931 g=-5,-3,-6
WFI t=69051 a=-3655,-750,1932 g=-1,-2,-4
WFI t=69101 a=-3648,-751,1912 g=2,-3,-5
WFI t=69151 a=-3645,-757,1924 g=2,-4,-5
WFI t=69201 a=-3653,-768,1925 g=2,-2,-5
WFI t=69252 a=-3649,-759,1920 g=-7,-4,-5
WFI t=69301 a=-3644,-771,1921 g=-5,-4,-5
WFI t=69351 a=-3656,-758,1923 g=-3,-3,-5
WFI t=69401 a=-3647,-752,1933 g=-4,-5,-6
WFI t=69451 a=-3639,-754,1934 g=0,-3,-6
WFI t=69501 a=-3651,-747,1932 g=1,-3,-4
WFI t=69551 a=-3646,-767,1918 g=-2,-2,-5
WFI t=69601 a=-3642,-764,1918 g=-3,-4,-5
WFI t=69651 a=-3641,-748,1930 g=4,-1,-5
WFI t=69701 a=-3654,-744,1918 g=-9,-2,-5
WFI t=69751 a=-3640,-752,1921 g=-4,-2,-4
WFI t=69802 a=-3644,-750,1923 g=-7,-2,-5
WFI t=69852 a=-3652,-752,1928 g=-1,-3,-6
WFI t=69901 a=-3644,-764,1936 g=-4,-2,-6
WFI t=69951 a=-3651,-754,1930 g=0,-3,-4
WFI t=70001 a=-3652,-756,1918 g=-4,-3,-5
WFI t=70051 a=-3639,-756,1925 g=0,-3,-5
WFI t=70101 a=-3644,-760,1933 g=-3,-2,-5
WFI t=70151 a=-3653,-753,1929 g=-4,-3,-4
WFI t=70201 a=-3647,-764,1923 g=-4,-4,-4
WFI t=70251 a=-3662,-755,1920 g=-2,-4,-5
WFI t=70393 a=-3640,-768,1930 g=-1,-2,-6
WFI t=70395 a=-3637,-763,1927 g=-5,-4,-5
WFI t=70401 a=-3649,-755,1924 g=-3,-4,-5
WFI t=70451 a=-3650,-769,1921 g=-2,-3,-4
WFI t=70501 a=-3647,-756,1927 g=-2,-2,-6
WFI t=70551 a=-3641,-762,1914 g=0,-3,-5
WFI t=70601 a=-3647,-760,1925 g=1,-3,-5
WFI t=70651 a=-3646,-753,1922 g=-3,-3,-5
WFI t=70701 a=-3648,-763,1927 g=-2,-2,-6
WFI t=70751 a=-3647,-759,1925 g=-3,-3,-5
WFI t=70802 a=-3649,-755,1914 g=1,-2,-4
WFI t=70851 a=-3649,-758,1938 g=-3,-5,-6
WFI t=70901 a=-3640,-767,1933 g=-1,-3,-5
WFI t=70951 a=-3638,-765,1926 g=2,-3,-5
WFT t=70999 batt_mv=4178 rssi_mcu=0 rssi_bms=-85 mcu=0 bms=60 dropped=0
WFI t=71002 a=-3658,-753,1923 g=-2,-2,-4
WFI t=71051 a=-3642,-761,1904 g=-9,-3,-6
WFI t=71101 a=-3633,-755,1928 g=-2,-4,-4
WFI t=71151 a=-3650,-750,1936 g=1,-3,-4
WFI t=71202 a=-3652,-757,1930 g=-4,-3,-6
WFI t=71251 a=-3640,-743,1933 g=-5,-3,-5
WFI t=71301 a=-3658,-769,1930 g=-6,-4,-5
WFI t=71351 a=-3645,-770,1925 g=-3,-2,-4
WFI t=71402 a=-3647,-773,1925 g=-3,-3,-6
WFI t=71451 a=-3648,-763,1930 g=-2,-2,-4
WFI t=71501 a=-3653,-761,1934 g=-3,-3,-5
WFI t=71551 a=-3653,-748,1927 g=-1,-3,-5
WFI t=71602 a=-3649,-756,1932 g=-1,-3,-5
WFI t=71651 a=-3625,-765,1932 g=-3,-3,-6
WFI t=71702 a=-3637,-753,1940 g=-7,-3,-4
WFI t=71751 a=-3642,-759,1913 g=-1,-2,-6
WFI t=71802 a=-3645,-747,1932 g=-1,-1,-6
WFI t=71852 a=-3654,-759,1925 g=-3,-3,-6
WFI t=71902 a=-3654,-747,1940 g=-4,-2,-6
WFI t=71951 a=-3648,-762,1937 g=-3,-3,-5
WFI t=72001 a=-3650,-770,1931 g=3,-3,-5
WFI t=72051 a=-3655,-760,1927 g=0,-3,-6
WFI t=72102 a=-3654,-761,1928 g=2,-3,-5
WFI t=72151 a=-3659,-755,1932 g=-3,-3,-4
WFI t=72201 a=-3651,-758,1930 g=-3,-1,-5
WFI t=72251 a=-3660,-763,1935 g=-1,-4,-5
WFI t=72327 a=-3654,-765,1930 g=-4,-3,-4
WFI t=72414 a=-3648,-747,1929 g=-1,-2,-5
WFI t=72417 a=-3648,-747,1929 g=-1,-2,-5
WFI t=72451 a=-3639,-760,1925 g=-1,-4,-4
WFI t=72501 a=-3636,-758,1912 g=-1,-4,-5
WFI t=72551 a=-3653,-759,1928 g=-2,-3,-5
WFI t=72601 a=-3648,-762,1922 g=-4,-4,-4
WFI t=72652 a=-3654,-766,1930 g=1,-2,-4
WFI t=72701 a=-3641,-756,1922 g=4,-2,-5
WFI t=72751 a=-3642,-755,1947 g=-2,-4,-4
WFI t=72801 a=-3643,-755,1923 g=-6,-3,-5
WFI t=72852 a=-3642,-754,1934 g=-6,-4,-4
WFI t=72901 a=-3642,-747,1927 g=-4,-3,-5
WFI t=72951 a=-3652,-751,1933 g=-3,-2,-5
WFI t=73001 a=-3643,-752,1946 g=-5,-5,-4
WFI t=73051 a=-3656,-762,1924 g=-5,-4,-5
WFI t=73101 a=-3646,-752,1924 g=-3,-2,-5
WFI t=73151 a=-3654,-762,1922 g=-6,-3,-7
WFI t=73201 a=-3647,-760,1943 g=-7,-2,-6
WFI t=73251 a=-3639,-750,1926 g=-3,-4,-5
WFI t=73301 a=-3649,-763,1927 g=-4,-2,-5
WFI t=73351 a=-3641,-751,1923 g=-2,-3,-6
WFI t=73401 a=-3647,-764,1922 g=-1,-4,-5
WFI t=73451 a=-3654,-759,1925 g=-2,-3,-4
WFI t=73501 a=-3644,-760,1922 g=-2,-3,-4
WFI t=73551 a=-3647,-761,1921 g=-2,-1,-4
WFI t=73601 a=-3646,-761,1933 g=2,-1,-5
WFI t=73651 a=-3639,-750,1949 g=-3,-4,-5
WFI t=73701 a=-3650,-752,1940 g=-5,-4,-4
WFI t=73751 a=-3644,-760,1920 g=-1,-3,-5
WFI t=73801 a=-3655,-753,1931 g=2,-1,-5
WFI t=73851 a=-3647,-753,1932 g=-2,-2,-4
WFI t=73901 a=-3644,-756,1929 g=-2,-5,-4
WFI t=73951 a=-3654,-753,1926 g=-5,-2,-6
WFI t=74001 a=-3655,-754,1929 g=-5,-4,-6
WFI t=74052 a=-3639,-755,1933 g=-2,-3,-6
WFI t=74101 a=-3643,-765,1924 g=-7,-2,-5
WFI t=74151 a=-3648,-758,1931 g=-4,-3,-5
WFI t=74201 a=-3651,-759,1922 g=-2,-4,-5
WFI t=74251 a=-3655,-757,1928 g=-4,-3,-5
WFI t=74345 a=-3649,-758,1926 g=-7,-5,-4
WFI t=74379 a=-3644,-749,1922 g=0,-2,-5
WFI t=74403 a=-3649,-745,1929 g=-6,-2,-5
WFI t=74515 a=-3646,-761,1930 g=-2,-5,-6
WFI t=74517 a=-3652,-762,1936 g=1,-1,-5
WFI t=74552 a=-3638,-762,1923 g=-3,-4,-4
WFI t=74601 a=-3645,-757,1918 g=-2,-2,-5
WFI t=74651 a=-3647,-753,1925 g=2,-1,-5
WFI t=74701 a=-3654,-759,1929 g=-4,-5,-5
WFI t=74752 a=-3628,-752,1918 g=-6,-3,-6
WFI t=74801 a=-3642,-765,1934 g=0,-3,-4
WFI t=74852 a=-3648,-746,1921 g=0,-2,-6
WFI t=74901 a=-3643,-749,1941 g=3,-2,-6
WFI t=74952 a=-3650,-748,1927 g=-7,-2,-4
WFI t=75001 a=-3646,-751,1924 g=-6,-2,-4
WFI t=75051 a=-3658,-760,1935 g=-6,-2,-6
WFI t=75101 a=-3635,-759,1926 g=0,-2,-5
WFI t=75151 a=-3649,-769,1941 g=-5,-3,-4
WFI t=75201 a=-3640,-754,1942 g=-6,-4,-3
WFI t=75251 a=-3653,-751,1931 g=-4,-4,-5
WFI t=75301 a=-3638,-753,1928 g=2,-4,-6
WFI t=75352 a=-3639,-752,1931 g=-4,-4,-5
WFI t=75401 a=-3639,-762,1930 g=-6,-3,-4
WFI t=75451 a=-3648,-766,1925 g=0,-3,-4
WFI t=75501 a=-3645,-751,1917 g=1,-3,-6
WFI t=75551 a=-3647,-751,1935 g=-2,-2,-4
WFI t=75601 a=-3644,-752,1939 g=-3,-2,-5
WFI t=75651 a=-3648,-762,1923 g=-4,-5,-5
WFI t=75701 a=-3648,-759,1929 g=2,-3,-6
WFI t=75752 a=-3645,-747,1930 g=1,-3,-6
WFI t=75801 a=-3645,-750,1927 g=-9,-3,-5
WFI t=75852 a=-3655,-768,1929 g=3,-4,-4
WFI t=75901 a=-3636,-760,1928 g=-1,-4,-7
WFI t=75951 a=-3649,-760,1930 g=-1,-2,-5
WFI t=76002 a=-3649,-759,1931 g=-1,-2,-5
WFT t=76030 batt_mv=4184 rssi_mcu=0 rssi_bms=-85 mcu=0 bms=60 dropped=0
WFI t=76089 a=-3646,-759,1930 g=-2,-3,-5
WFI t=76102 a=-3647,-763,1931 g=3,-2,-5
WFI t=76151 a=-3647,-752,1922 g=0,-1,-6
WFI t=76202 a=-3640,-756,1928 g=-4,-3,-5
WFI t=76251 a=-3649,-763,1916 g=-4,-2,-5
WFI t=76301 a=-3659,-757,1933 g=-6,-1,-5
WFI t=76486 a=-3638,-763,1928 g=2,-1,-4
WFI t=76587 a=-3657,-762,1924 g=-2,-3,-4
WFI t=76589 a=-3646,-764,1928 g=-6,-3,-6
WFI t=76591 a=-3646,-764,1928 g=-6,-3,-6
WFI t=76593 a=-3646,-764,1928 g=-6,-3,-6
WFI t=76601 a=-3642,-754,1931 g=-4,-3,-5
WFI t=76651 a=-3632,-760,1943 g=-2,-2,-5
WFI t=76701 a=-3649,-749,1928 g=-5,-4,-5
WFI t=76751 a=-3647,-761,1924 g=-10,-2,-6
WFI t=76801 a=-3653,-755,1933 g=-2,-3,-6
WFI t=76851 a=-3649,-757,1933 g=-4,-4,-4
WFI t=76902 a=-3641,-767,1916 g=-7,-3,-5
WFI t=76951 a=-3645,-757,1932 g=-1,-1,-5
WFI t=77002 a=-3640,-761,1923 g=-2,-3,-6
WFI t=77051 a=-3659,-762,1924 g=1,-2,-5
WFE t=77090 bms stale, no frame for 10094 ms, dropping link
WFI t=77101 a=-3646,-755,1925 g=-5,-3,-4
WFE t=77103 bms link down (stale) after 28 answers in 38006 ms, writes=38 err=0 silent=10 bytes=3612
WFE t=77135 bms disconnected reason=534
WFI t=77152 a=-3656,-747,1936 g=-2,-3,-5
WFI t=77202 a=-3656,-767,1929 g=-4,-5,-6
WFI t=77252 a=-3638,-763,1920 g=-1,-4,-6
WFI t=77302 a=-3649,-760,1933 g=-1,-2,-5
WFI t=77351 a=-3645,-752,1950 g=-4,-3,-5
WFI t=77401 a=-3643,-753,1928 g=-5,-3,-6
WFI t=77451 a=-3641,-746,1934 g=-3,-2,-6
WFI t=77501 a=-3646,-762,1936 g=0,-3,-5
WFI t=77551 a=-3654,-752,1923 g=-4,-2,-4
WFI t=77601 a=-3649,-746,1930 g=-2,-2,-6
WFI t=77651 a=-3659,-760,1926 g=-3,-2,-5
WFI t=77701 a=-3645,-755,1930 g=4,-2,-5
WFI t=77751 a=-3639,-758,1938 g=-1,-3,-5
WFI t=77802 a=-3648,-759,1932 g=-2,-3,-5
WFI t=77851 a=-3648,-747,1934 g=0,-3,-5
WFI t=77901 a=-3653,-753,1932 g=-3,-3,-5
WFI t=77951 a=-3654,-751,1924 g=-1,-3,-5
WFI t=78002 a=-3647,-757,1931 g=-7,-2,-6
WFI t=78051 a=-3647,-736,1924 g=-4,-2,-4
WFI t=78101 a=-3660,-771,1930 g=-3,-4,-6
WFI t=78151 a=-3654,-758,1938 g=0,-3,-5
WFI t=78201 a=-3640,-763,1940 g=-1,-2,-4
WFI t=78251 a=-3644,-761,1932 g=-2,-2,-6
WFI t=78301 a=-3641,-755,1935 g=-1,-4,-4
WFI t=78372 a=-3649,-759,1933 g=0,-2,-6
WFI t=78467 a=-3655,-761,1928 g=-3,-4,-5
WFI t=78470 a=-3647,-768,1934 g=-2,-3,-5
WFI t=78502 a=-3637,-754,1934 g=-5,-3,-5
WFI t=78551 a=-3643,-765,1926 g=-1,-3,-5
WFI t=78601 a=-3651,-753,1924 g=-6,-4,-5
WFI t=78651 a=-3647,-772,1928 g=0,-2,-6
WFI t=78702 a=-3651,-770,1935 g=-6,-2,-4
WFI t=78751 a=-3643,-768,1931 g=-6,-2,-5
WFI t=78801 a=-3647,-770,1928 g=-1,-1,-4
WFI t=78851 a=-3646,-757,1939 g=2,-3,-5
WFI t=78902 a=-3642,-762,1936 g=-4,-1,-5
WFI t=78951 a=-3657,-764,1932 g=0,-3,-5
WFI t=79001 a=-3652,-753,1924 g=-3,-5,-5
WFI t=79051 a=-3628,-753,1916 g=-1,-2,-5
WFE t=79085 bms subscribed val=0x0010 cccd=0x0011 ctrl=0x0014 mtu=512 regs=62
WFE t=79087 bms conn itvl=80 latency=0 timeout=600
WFI t=79102 a=-3650,-751,1924 g=-2,-3,-5
WFE t=79116 bms conn update force itvl=24 rc=0
WFE t=79117 bms reconnected (attempt 2)
WFE t=79133 bms mtu event mtu=512
WFI t=79152 a=-3654,-765,1940 g=-3,-2,-6
WFI t=79201 a=-3656,-753,1938 g=0,-4,-4
WFI t=79251 a=-3650,-750,1935 g=-2,-3,-4
WFE t=79285 bms conn update req itvl=12-12 latency=0 timeout=400 via=l2cap
WFI t=79302 a=-3653,-759,1923 g=-3,-5,-4
WFI t=79351 a=-3646,-758,1939 g=0,-3,-5
WFR t=79385 src=bms type=0x02 len=129 data=d2037c0ee90ee90ee90ee90ee90ee90eea0ee90ee80ee90eea0eea0eed0eed0eed0eec0eee0eed0eee0eee0eee0eef0eef0eef0eed0eee0eee0eef0000000000000000003d0000000000000000000000000000042d752f02ad0eef0ee8003d003d00000156001c0001001d0000000100010eeb0007000a00000000000000002fa6
WFI t=79402 a=-3636,-750,1940 g=-1,-1,-5
WFI t=79451 a=-3640,-762,1931 g=-8,-2,-4
WFI t=79501 a=-3657,-757,1932 g=-4,-1,-5
WFI t=79551 a=-3646,-749,1928 g=2,-3,-6
WFI t=79601 a=-3650,-767,1928 g=-1,-3,-5
WFI t=79651 a=-3656,-754,1933 g=-2,-3,-5
WFI t=79701 a=-3654,-757,1936 g=-5,-2,-3
WFI t=79752 a=-3644,-769,1936 g=-3,-3,-6
WFE t=79785 bms conn update status=0 itvl=24 latency=0 timeout=600
WFI t=79801 a=-3644,-757,1936 g=-1,-3,-6
WFI t=79851 a=-3646,-747,1943 g=-4,-3,-6
WFI t=79901 a=-3652,-760,1936 g=-5,-3,-4
WFI t=79952 a=-3642,-751,1927 g=-1,-3,-4
WFI t=80001 a=-3640,-767,1929 g=-5,-4,-5
WFI t=80051 a=-3654,-753,1935 g=-4,-2,-5
WFI t=80101 a=-3651,-761,1935 g=-2,-3,-4
WFI t=80151 a=-3662,-756,1937 g=0,-3,-5
WFI t=80202 a=-3648,-751,1938 g=-1,-3,-6
WFI t=80251 a=-3653,-756,1941 g=-2,-4,-5
WFI t=80301 a=-3654,-757,1938 g=3,-3,-5
WFI t=80473 a=-3652,-753,1928 g=-5,-2,-4
WFR t=80488 src=bms type=0x02 len=129 data=d2037c0ee90ee90ee90ee90ee90ee90ee90eea0ee80ee90eea0eea0eed0eed0eed0eec0eee0eee0eef0eee0eee0eef0eef0eef0eed0eee0eee0eef0000000000000000003d0000000000000000000000000000042d752f02ad0eef0ee8003d003d00000156001c0001001d0000000100010eeb0007000a0000000000000000f0a5
WFI t=80490 a=-3653,-758,1930 g=-4,-2,-6
WFI t=80492 a=-3630,-756,1941 g=-2,-3,-5
WFI t=80501 a=-3647,-756,1946 g=-4,-2,-5
WFI t=80552 a=-3653,-756,1931 g=-6,-2,-4
WFI t=80601 a=-3646,-764,1928 g=-7,-3,-6
WFI t=80651 a=-3668,-765,1930 g=3,-2,-5
WFI t=80701 a=-3651,-757,1935 g=0,-3,-5
WFI t=80751 a=-3653,-754,1946 g=-6,-2,-5
WFI t=80801 a=-3642,-757,1923 g=-1,-2,-5
WFI t=80851 a=-3662,-761,1933 g=-5,-3,-4
WFI t=80901 a=-3668,-752,1925 g=1,-2,-6
WFI t=80951 a=-3656,-751,1943 g=-2,-2,-5
WFI t=81001 a=-3639,-761,1933 g=-2,-2,-4
WFI t=81051 a=-3656,-769,1934 g=2,-4,-5
WFI t=81101 a=-3660,-758,1918 g=0,-2,-5
WFI t=81151 a=-3650,-749,1923 g=-1,-1,-5
WFT t=81198 batt_mv=4184 rssi_mcu=0 rssi_bms=-85 mcu=0 bms=62 dropped=0
WFI t=81202 a=-3652,-759,1936 g=-7,-3,-5
WFI t=81251 a=-3637,-764,1929 g=-6,-4,-5
WFI t=81301 a=-3646,-754,1927 g=-4,-3,-5
WFI t=81351 a=-3642,-763,1932 g=-1,-2,-6
WFI t=81402 a=-3645,-756,1928 g=-3,-2,-5
WFR t=81405 src=bms type=0x02 len=129 data=d2037c0ee90ee90ee90ee90ee90ee90ee90ee90ee80ee90eea0eea0eed0eed0eed0eec0eed0eed0eef0eee0eee0eef0eef0eef0eed0eee0eee0eee0000000000000000003d0000000000000000000000000000042d752f02ad0eef0ee8003d003d00000156001c0001001d0000000100010eeb0007000a000000000000000011ae
WFI t=81452 a=-3638,-760,1933 g=2,-2,-3
WFI t=81501 a=-3658,-768,1932 g=-9,-5,-4
WFI t=81551 a=-3637,-766,1925 g=3,-2,-6
WFI t=81602 a=-3651,-751,1927 g=-4,-1,-6
WFI t=81651 a=-3653,-750,1941 g=0,-4,-6
WFI t=81701 a=-3643,-761,1931 g=-3,-3,-4
WFI t=81751 a=-3642,-753,1926 g=-7,-4,-5
WFI t=81802 a=-3648,-752,1930 g=0,-3,-6
WFI t=81851 a=-3636,-755,1928 g=-1,-3,-6
WFI t=81901 a=-3638,-764,1939 g=-2,-4,-5
WFI t=81951 a=-3633,-762,1938 g=-8,-3,-5
WFI t=82002 a=-3650,-756,1934 g=1,-1,-6
WFI t=82051 a=-3630,-756,1924 g=2,-3,-6
WFI t=82101 a=-3657,-752,1930 g=-4,-2,-4
WFI t=82151 a=-3649,-753,1927 g=-3,-2,-5
WFI t=82202 a=-3650,-761,1916 g=0,-2,-4
WFI t=82252 a=-3643,-754,1925 g=1,-4,-6
WFI t=82301 a=-3646,-754,1921 g=-4,-3,-5
WFI t=82482 a=-3655,-753,1926 g=-3,-3,-4
WFR t=82483 src=bms type=0x02 len=129 data=d2037c0ee90ee90ee90ee90ee90ee90ee90ee90ee80ee90ee90eea0eed0eed0eed0eec0eee0eee0eef0eee0eee0eef0eef0eef0eed0eef0eee0eee0000000000000000003d0000000000000000000000000000042d752f02ad0eef0ee8003d003d00000156001c0001001d0000000100010eeb0007000a0000000000000000820a
WFE t=82484 bms conn update req itvl=15-15 latency=0 timeout=400 via=l2cap
WFI t=82485 a=-3635,-765,1934 g=-1,-3,-5
WFI t=82487 a=-3657,-771,1929 g=-2,-3,-5
WFI t=82501 a=-3653,-750,1928 g=0,-4,-6
WFI t=82551 a=-3644,-755,1934 g=-4,-3,-4
WFI t=82601 a=-3641,-765,1923 g=0,-2,-4
WFI t=82651 a=-3643,-761,1930 g=-3,-3,-4
WFI t=82702 a=-3652,-762,1927 g=-1,-1,-5
WFI t=82751 a=-3654,-754,1945 g=-5,-3,-5
WFI t=82801 a=-3655,-759,1942 g=-3,-2,-5
WFI t=82851 a=-3635,-758,1930 g=-7,-2,-4
WFI t=82902 a=-3651,-758,1926 g=0,-2,-4
WFI t=82952 a=-3643,-758,1920 g=-1,-3,-6
WFI t=83001 a=-3657,-759,1926 g=2,-2,-4
WFI t=83051 a=-3641,-754,1933 g=-4,-2,-3
WFI t=83101 a=-3651,-752,1927 g=-2,-3,-3
WFI t=83151 a=-3655,-758,1922 g=-3,-4,-6
WFI t=83201 a=-3644,-757,1922 g=3,-2,-5
WFI t=83251 a=-3647,-762,1925 g=0,-2,-6
WFI t=83302 a=-3646,-759,1935 g=-6,-2,-5
WFI t=83351 a=-3644,-763,1926 g=-1,-3,-6
WFI t=83401 a=-3639,-761,1918 g=-6,-4,-5
WFI t=83451 a=-3650,-753,1946 g=-5,-3,-5
WFI t=83501 a=-3654,-749,1931 g=-3,-3,-4
WFR t=83505 src=bms type=0x02 len=129 data=d2037c0ee90ee90ee90ee90ee90ee90ee90eea0ee80ee90ee90eea0eed0eed0eed0eec0eed0eee0eef0eee0eee0eef0eef0eef0eed0eee0eee0eee0000000000000000003d0000000000000000000000000000042d752f02ad0eef0ee8003d003d00000156001c0001001d0000000100010eeb0007000a0000000000000000cb03
WFI t=83552 a=-3639,-748,1926 g=-6,-2,-6
WFI t=83601 a=-3637,-751,1941 g=-3,-2,-3
WFI t=83651 a=-3651,-762,1930 g=0,-2,-5
WFI t=83701 a=-3640,-762,1918 g=3,-2,-6
WFI t=83752 a=-3648,-768,1923 g=-5,-3,-5
WFI t=83801 a=-3660,-757,1926 g=-4,-2,-4
WFI t=83851 a=-3656,-761,1939 g=-1,-3,-5
WFI t=83901 a=-3646,-749,1932 g=-5,-4,-5
WFI t=83952 a=-3652,-755,1922 g=-5,-4,-4
WFI t=84002 a=-3634,-763,1918 g=-6,-4,-4
WFI t=84051 a=-3645,-751,1917 g=-3,-4,-6
WFI t=84101 a=-3642,-762,1938 g=-2,-3,-5
WFI t=84151 a=-3633,-761,1923 g=-1,-2,-3
WFI t=84202 a=-3660,-749,1928 g=1,-2,-5
WFI t=84251 a=-3649,-759,1930 g=0,-1,-4
WFI t=84302 a=-3646,-748,1923 g=2,-2,-5
WFI t=84391 a=-3651,-749,1927 g=2,-2,-5
WFR t=84573 src=bms type=0x02 len=129 data=d2037c0ee90ee80ee90ee90ee90ee90eea0eea0ee80ee90eea0eea0eed0eed0eed0eec0eed0eed0eef0eee0eee0eef0eef0eef0eed0eee0eee0eee0000000000000000003d0000000000000000000000000000042d752f02ad0eef0ee8003d003d00000156001c0001001d0000000100010eeb0007000a000000000000000099bd
WFI t=84573 a=-3659,-749,1937 g=-3,-3,-5
WFI t=84576 a=-3653,-748,1937 g=-3,-4,-6
WFI t=84580 a=-3653,-748,1937 g=-3,-4,-6
WFI t=84603 a=-3636,-742,1929 g=-2,-4,-5
WFI t=84711 a=-3637,-762,1925 g=-4,-2,-5
WFI t=84713 a=-3646,-757,1925 g=-6,-4,-5
WFI t=84751 a=-3652,-760,1930 g=-4,-4,-5
WFI t=84802 a=-3657,-759,1925 g=-1,-1,-5
WFI t=84851 a=-3645,-745,1936 g=-5,-3,-6
WFI t=84901 a=-3653,-768,1932 g=-5,-2,-5
WFI t=84951 a=-3660,-778,1939 g=0,-2,-6
WFI t=85001 a=-3645,-763,1937 g=-3,-2,-5
WFI t=85052 a=-3639,-748,1938 g=-3,-3,-5
WFI t=85101 a=-3651,-763,1929 g=2,-3,-5
WFI t=85151 a=-3654,-763,1918 g=-5,-1,-5
WFI t=85202 a=-3661,-758,1921 g=-4,-3,-5
WFI t=85252 a=-3645,-754,1925 g=-7,-2,-4
WFI t=85301 a=-3650,-768,1934 g=-3,-3,-6
WFI t=85352 a=-3631,-751,1929 g=-2,-3,-5
WFI t=85401 a=-3648,-761,1929 g=-5,-2,-5
WFI t=85452 a=-3649,-755,1930 g=-2,-3,-6
WFI t=85501 a=-3643,-756,1927 g=-6,-3,-6
WFR t=85515 src=bms type=0x02 len=129 data=d2037c0ee90ee90ee90ee90ee90ee90ee90ee90ee80ee90ee90eea0eed0eed0eed0eec0eee0eed0eef0eee0eee0eef0eef0eef0eed0eee0eee0eee0000000000000000003d0000000000000000000000000000042d752f02ad0eef0ee8003d003d00000156001c0001001d0000000100010eeb0007000a000000000000000024d9
WFI t=85552 a=-3635,-751,1929 g=-3,-2,-6
WFI t=85601 a=-3653,-759,1928 g=-5,-4,-6
WFI t=85652 a=-3653,-769,1923 g=-4,-3,-6
WFI t=85701 a=-3656,-758,1925 g=-4,-2,-6
WFI t=85751 a=-3650,-743,1916 g=0,-1,-5
WFI t=85801 a=-3645,-754,1932 g=-4,-5,-5
WFI t=85852 a=-3647,-762,1935 g=-6,-3,-4
WFI t=85901 a=-3645,-753,1928 g=-5,-3,-4
WFI t=85951 a=-3646,-751,1934 g=-2,-2,-5
WFI t=86001 a=-3657,-757,1930 g=-1,-3,-5
WFI t=86051 a=-3656,-755,1936 g=-3,-3,-4
WFI t=86101 a=-3647,-762,1925 g=-2,-1,-4
WFI t=86151 a=-3660,-741,1929 g=-4,-3,-5
WFI t=86201 a=-3645,-746,1930 g=-1,-2,-5
WFI t=86251 a=-3652,-745,1925 g=-1,-2,-5
WFI t=86301 a=-3643,-761,1937 g=4,-2,-4
WFT t=86330 batt_mv=4182 rssi_mcu=0 rssi_bms=-82 mcu=0 bms=67 dropped=0
WFI t=86394 a=-3652,-756,1938 g=-5,-3,-6
WFI t=86487 a=-3643,-764,1928 g=-3,-3,-5
WFI t=86490 a=-3648,-763,1933 g=-2,-3,-6
WFI t=86502 a=-3659,-752,1922 g=-5,-4,-5
WFR t=86535 src=bms type=0x02 len=129 data=d2037c0ee90ee80ee90ee90ee90ee90ee90eea0ee80ee90ee90eea0eec0eed0eed0eec0eed0eee0eef0eee0eee0eef0eef0eef0eed0eee0eef0eee0000000000000000003d0000000000000000000000000000042d752f02ad0eef0ee8003d003d00000156001c0001001d0000000100010eeb0007000a00000000000000000982
WFI t=86552 a=-3641,-762,1928 g=-1,-2,-5
WFI t=86601 a=-3639,-759,1946 g=-6,-3,-5
WFI t=86651 a=-3657,-753,1938 g=-4,-2,-5
WFI t=86701 a=-3640,-755,1931 g=-2,-1,-4
WFI t=86751 a=-3642,-764,1934 g=-4,0,-5
WFI t=86801 a=-3651,-766,1933 g=0,-4,-4
WFI t=86851 a=-3632,-767,1939 g=-3,-3,-6
WFI t=86901 a=-3647,-757,1932 g=-5,-3,-5
WFI t=86952 a=-3653,-753,1927 g=0,-3,-4
WFI t=87001 a=-3648,-756,1915 g=-3,-3,-4
WFI t=87051 a=-3651,-756,1923 g=2,-3,-6
WFI t=87101 a=-3644,-768,1942 g=1,-4,-6
WFI t=87152 a=-3641,-759,1945 g=-10,-5,-3
WFI t=87201 a=-3649,-754,1924 g=-3,-5,-5
WFI t=87251 a=-3648,-759,1932 g=0,-1,-6
WFI t=87301 a=-3652,-752,1930 g=-2,-3,-6
WFI t=87352 a=-3658,-768,1934 g=-11,-2,-5
WFI t=87401 a=-3644,-752,1936 g=-3,-4,-4
WFI t=87451 a=-3648,-758,1922 g=-2,-4,-5
WFI t=87501 a=-3644,-749,1918 g=-2,-3,-6
WFR t=87525 src=bms type=0x02 len=129 data=d2037c0ee90ee90ee90ee90ee90ee90ee90ee90ee80ee90ee90eea0eed0eed0eed0eec0eee0eed0eef0eee0eee0eef0eef0eef0eed0eee0eee0eee0000000000000000003d0000000000000000000000000000042d752f02ad0eef0ee8003d003d00000156001c0001001d0000000100010eeb0007000a000000000000000024d9
WFI t=87552 a=-3645,-755,1935 g=-4,-3,-5
WFI t=87601 a=-3643,-754,1922 g=-7,-5,-4
WFI t=87651 a=-3649,-748,1930 g=-5,-2,-5
WFI t=87701 a=-3648,-761,1925 g=-1,-2,-6
WFI t=87752 a=-3650,-761,1962 g=-6,-4,-6
WFI t=87801 a=-3635,-766,1923 g=-6,-3,-4
WFI t=87851 a=-3659,-762,1914 g=-8,-2,-4
WFI t=87901 a=-3650,-751,1923 g=0,-4,-6
WFI t=87952 a=-3656,-751,1938 g=-2,-3,-6
WFI t=88001 a=-3640,-770,1937 g=-7,-1,-4
WFI t=88051 a=-3645,-752,1932 g=-3,-2,-3
WFI t=88101 a=-3661,-761,1927 g=-1,-2,-4
WFI t=88151 a=-3654,-766,1940 g=-3,-1,-7
WFI t=88201 a=-3643,-757,1934 g=0,-4,-5
WFI t=88251 a=-3661,-754,1938 g=-4,-2,-4
WFI t=88301 a=-3651,-756,1924 g=-3,-3,-5
WFI t=88351 a=-3647,-754,1923 g=-2,-1,-6
WFI t=88412 a=-3652,-752,1938 g=-5,-2,-6
WFI t=88502 a=-3648,-758,1925 g=-2,-4,-5
WFI t=88504 a=-3642,-753,1928 g=-4,-2,-4
WFR t=88545 src=bms type=0x02 len=129 data=d2037c0ee90ee80ee90ee90ee90ee90ee90ee90ee80ee90eea0eea0eed0eed0eed0eec0eed0eee0eef0eee0eee0eef0eef0eef0eed0eee0eee0eee0000000000000000003d0000000000000000000000000000042d752f02ad0eef0ee8003d003d00000156001c0001001d0000000100010eeb0007000a0000000000000000283c
WFI t=88552 a=-3642,-765,1924 g=-4,-3,-5
WFI t=88601 a=-3639,-764,1929 g=-3,-4,-5
WFI t=88651 a=-3649,-748,1931 g=-5,-3,-5
WFI t=88701 a=-3651,-759,1939 g=-6,-4,-4
WFI t=88751 a=-3660,-753,1921 g=0,-3,-5
WFI t=88802 a=-3639,-757,1926 g=1,-1,-4
WFI t=88851 a=-3647,-758,1937 g=-5,-4,-4
WFI t=88901 a=-3651,-759,1928 g=-2,-3,-5
WFI t=88951 a=-3646,-767,1930 g=-2,-2,-5
WFI t=89002 a=-3654,-771,1932 g=-5,-3,-6
WFI t=89051 a=-3657,-758,1935 g=0,-3,-6
WFI t=89101 a=-3646,-760,1934 g=-5,-3,-4
WFI t=89151 a=-3646,-769,1918 g=-5,-3,-6
WFI t=89202 a=-3657,-767,1926 g=-6,-4,-6
WFI t=89251 a=-3638,-763,1933 g=0,-2,-5
WFI t=89301 a=-3649,-762,1940 g=-3,-3,-6
WFI t=89352 a=-3650,-760,1935 g=0,-3,-5
WFI t=89402 a=-3643,-762,1927 g=0,-2,-6
WFI t=89451 a=-3643,-760,1938 g=-5,-4,-5
WFI t=89501 a=-3648,-769,1940 g=-1,-3,-4
WFI t=89551 a=-3644,-747,1918 g=-6,-3,-4
WFR t=89565 src=bms type=0x02 len=129 data=d2037c0ee90ee90ee90ee90ee90ee90ee90ee90ee80ee90ee90eea0eed0eed0eed0eec0eed0eee0eef0eee0eee0eef0eef0eef0eed0eee0eee0eee0000000000000000003d0000000000000000000000000000042d752f02ad0eef0ee8003d003d00000156001c0001001d0000000100010eeb0007000a000000000000000017da
WFI t=89602 a=-3634,-757,1931 g=3,-2,-5
WFI t=89651 a=-3651,-757,1926 g=-4,-3,-5
WFI t=89701 a=-3648,-759,1929 g=-2,-3,-4
WFI t=89751 a=-3654,-755,1935 g=-6,-3,-3
WFI t=89801 a=-3656,-768,1924 g=-7,-4,-5
WFI t=89851 a=-3642,-776,1937 g=1,-2,-5
WFI t=89901 a=-3653,-746,1927 g=-1,-2,-5
WFI t=89951 a=-3643,-751,1930 g=-2,-3,-5
WFI t=90001 a=-3650,-760,1935 g=-5,-5,-4
WFI t=90051 a=-3652,-765,1936 g=-1,-3,-4
WFI t=90101 a=-3645,-747,1934 g=-6,-2,-5
WFI t=90152 a=-3666,-757,1937 g=-1,-1,-5
WFI t=90201 a=-3658,-751,1939 g=1,-2,-4
WFI t=90251 a=-3659,-757,1928 g=0,-3,-5
WFI t=90301 a=-3646,-758,1926 g=-2,-2,-6
WFI t=90352 a=-3661,-759,1927 g=-4,-3,-5
WFI t=90510 a=-3649,-752,1927 g=-4,-3,-4
WFI t=90526 a=-3651,-749,1925 g=-3,-2,-5
WFI t=90528 a=-3652,-768,1930 g=-2,-4,-4
WFI t=90552 a=-3650,-755,1924 g=-5,-3,-5
WFR t=90556 src=bms type=0x02 len=129 data=d2037c0ee90ee90ee90ee90ee90ee90ee90eea0ee80ee90ee90eea0eed0eed0eed0eec0eee0eed0eef0eee0eee0eef0eef0eef0eed0eee0eee0eee0000000000000000003d0000000000000000000000000000042d752f02ad0eef0ee8003d003d00000156001c0001001d0000000100010eeb0007000a0000000000000000f800
WFI t=90602 a=-3650,-761,1924 g=-3,-2,-5
WFI t=90651 a=-3649,-756,1938 g=-6,-2,-6
WFI t=90701 a=-3635,-757,1942 g=-6,-2,-6
WFI t=90752 a=-3643,-756,1939 g=0,-2,-5
WFI t=90801 a=-3645,-756,1930 g=-1,-3,-6
WFI t=90851 a=-3635,-763,1930 g=1,-2,-7
WFI t=90901 a=-3644,-757,1936 g=-2,-2,-5
WFI t=90952 a=-3648,-762,1936 g=0,-4,-4
WFI t=91001 a=-3649,-749,1939 g=-2,-3,-5
WFI t=91051 a=-3660,-751,1928 g=0,-1,-5
WFI t=91101 a=-3652,-761,1932 g=-1,-2,-4
WFI t=91152 a=-3639,-761,1921 g=0,-4,-4
WFI t=91201 a=-3653,-760,1943 g=-1,-5,-5
WFI t=91251 a=-3651,-749,1928 g=-1,-4,-5
WFI t=91301 a=-3639,-748,1931 g=2,-2,-4
WFI t=91352 a=-3632,-762,1924 g=-5,-2,-5
WFT t=91353 batt_mv=4178 rssi_mcu=0 rssi_bms=-82 mcu=0 bms=72 dropped=0
WFI t=91402 a=-3644,-761,1936 g=-3,-2,-5
WFI t=91451 a=-3664,-757,1931 g=-3,-3,-6
WFI t=91501 a=-3643,-759,1939 g=-4,-3,-5
WFR t=91546 src=bms type=0x02 len=129 data=d2037c0ee90ee80ee90ee90ee90ee90ee90ee90ee80ee90ee90eea0eed0eed0eed0eec0eee0eee0eee0eee0eee0eef0eef0eef0eed0eef0eee0eef0000000000000000003d0000000000000000000000000000042d752f02ad0eef0ee8003d003d00000156001c0001001d0000000100010eeb0007000a00000000000000002fc9
WFI t=91552 a=-3651,-763,1933 g=-3,-4,-5
WFI t=91602 a=-3649,-761,1922 g=-2,-4,-5
WFI t=91651 a=-3651,-767,1925 g=-1,-3,-5
WFI t=91701 a=-3654,-757,1927 g=1,-4,-6
WFI t=91751 a=-3662,-750,1943 g=-7,-2,-5
WFI t=91801 a=-3660,-751,1937 g=-1,-2,-4
WFI t=91851 a=-3636,-758,1935 g=-6,-5,-5
WFI t=91901 a=-3654,-759,1924 g=1,-2,-6
WFI t=91951 a=-3639,-750,1931 g=1,-2,-5
WFI t=92002 a=-3649,-750,1937 g=-7,-5,-5
WFI t=92051 a=-3657,-765,1941 g=-1,-4,-3
WFI t=92101 a=-3657,-760,1927 g=-6,-2,-6
WFI t=92151 a=-3637,-761,1928 g=-2,-3,-5
WFI t=92202 a=-3661,-760,1933 g=-4,-2,-5
WFI t=92251 a=-3649,-757,1934 g=0,-5,-4
WFI t=92301 a=-3640,-755,1936 g=-1,-3,-6
WFI t=92352 a=-3658,-756,1928 g=5,-2,-3
WFI t=92435 a=-3643,-751,1933 g=1,-4,-5
WFI t=92652 a=-3640,-760,1924 g=-5,-3,-4
WFR t=92667 src=bms type=0x02 len=129 data=d2037c0ee90ee90ee90ee90ee90ee90ee90ee90ee80ee90ee90eea0eed0eed0eed0eec0eee0eee0eef0eee0eee0eef0eef0eef0eed0eee0eee0eef0000000000000000003d0000000000000000000000000000042d752e02ad0eef0ee8003d003d00000156001c0001001d0000000100010eeb0007001500000000000000005587
WFI t=92668 a=-3650,-759,1930 g=-4,-3,-6
WFI t=92670 a=-3653,-751,1941 g=-4,-3,-5
WFI t=92673 a=-3653,-751,1941 g=-4,-3,-5
WFI t=92675 a=-3653,-751,1941 g=-4,-3,-5
WFI t=92702 a=-3643,-755,1927 g=-1,-4,-5
WFI t=92751 a=-3642,-758,1930 g=-1,-2,-7
WFI t=92802 a=-3653,-749,1931 g=0,-2,-4
WFI t=92851 a=-3641,-764,1934 g=-4,-3,-5
WFI t=92902 a=-3658,-767,1917 g=1,-4,-4
WFI t=92951 a=-3647,-750,1918 g=-4,-2,-5
WFI t=93001 a=-3648,-760,1924 g=-2,-4,-4
WFI t=93051 a=-3656,-764,1935 g=-6,-4,-5
WFI t=93102 a=-3657,-761,1921 g=-3,-4,-5
WFI t=93151 a=-3658,-771,1920 g=-2,-2,-5
WFI t=93201 a=-3651,-767,1935 g=-1,-2,-4
WFI t=93251 a=-3646,-757,1937 g=0,-1,-5
WFI t=93301 a=-3657,-760,1934 g=-2,-3,-4
WFI t=93351 a=-3633,-767,1926 g=-2,-2,-6
WFI t=93402 a=-3645,-769,1933 g=1,-3,-4
WFI t=93451 a=-3650,-755,1933 g=-3,-3,-5
WFI t=93502 a=-3648,-757,1930 g=-2,-2,-5
WFI t=93551 a=-3646,-760,1939 g=-1,-2,-5
WFR t=93556 src=bms type=0x02 len=129 data=d2037c0ee90ee90ee90ee90ee90ee90ee90eea0ee80ee90ee90eea0eed0eed0eed0eec0eee0eee0eee0eee0eee0eef0eef0eef0eed0eee0eee0eee0000000000000000003d0000000000000000000000000000042d752f02ad0eef0ee8003d003d00000156001c0001001d0000000100010eeb0007000a00000000000000006280
WFI t=93602 a=-3653,-764,1936 g=-7,-4,-6
WFI t=93651 a=-3652,-751,1933 g=-4,-4,-6
WFI t=93702 a=-3657,-763,1926 g=-2,-3,-5
WFI t=93751 a=-3651,-752,1932 g=-6,-3,-5
WFI t=93801 a=-3659,-750,1937 g=1,1,-4
WFI t=93851 a=-3641,-762,1926 g=-3,-4,-5
WFI t=93901 a=-3658,-764,1930 g=-1,-2,-4
WFI t=93951 a=-3643,-757,1921 g=2,-2,-4
WFI t=94002 a=-3653,-762,1926 g=-4,-4,-5
WFI t=94051 a=-3652,-751,1926 g=-3,-3,-5
WFI t=94101 a=-3639,-751,1924 g=-2,-2,-4
WFI t=94152 a=-3652,-765,1933 g=1,-3,-4
WFI t=94201 a=-3657,-753,1922 g=1,-3,-4
WFI t=94251 a=-3657,-767,1929 g=-7,-3,-6
WFI t=94301 a=-3652,-759,1933 g=-1,-2,-5
WFI t=94351 a=-3655,-767,1933 g=3,-4,-4
WFI t=94402 a=-3653,-756,1928 g=2,-3,-5
WFI t=94546 a=-3649,-754,1935 g=-4,-3,-5
WFI t=94549 a=-3650,-756,1923 g=-1,-2,-5
WFI t=94552 a=-3650,-756,1923 g=-1,-2,-5
WFR t=94576 src=bms type=0x02 len=129 data=d2037c0ee90ee80ee90ee90ee90ee90ee90eea0ee80ee80ee90eea0eed0eed0eed0eec0eed0eee0eee0eee0eee0eef0eef0eef0eed0eee0eee0eee0000000000000000003d0000000000000000000000000000042d753002ad0eef0ee8003d003d00000156001c0001001d0000000100010eeb000700000000000000000000e547
WFI t=94602 a=-3645,-765,1939 g=-2,-4,-5
WFI t=94651 a=-3655,-757,1925 g=-3,-3,-6
WFI t=94701 a=-3647,-760,1926 g=-3,-3,-6
WFI t=94751 a=-3639,-762,1926 g=-2,-2,-5
WFI t=94802 a=-3647,-762,1933 g=-5,-3,-4
WFI t=94851 a=-3644,-745,1934 g=-4,-4,-6
WFI t=94902 a=-3652,-761,1928 g=3,-2,-5
WFI t=94951 a=-3654,-745,1928 g=-6,-2,-6
WFI t=95002 a=-3646,-760,1938 g=-5,-1,-5
WFI t=95052 a=-3648,-756,1928 g=-6,-2,-5
WFI t=95101 a=-3645,-765,1931 g=-4,-4,-5
WFI t=95151 a=-3655,-767,1928 g=0,-4,-6
WFI t=95202 a=-3647,-764,1935 g=-5,-3,-5
WFI t=95251 a=-3651,-754,1941 g=-4,-3,-5
WFI t=95301 a=-3639,-757,1921 g=0,-4,-4
WFI t=95352 a=-3649,-764,1944 g=-1,-3,-4
WFI t=95402 a=-3644,-763,1933 g=-1,-3,-5
WFI t=95451 a=-3648,-753,1939 g=-5,-6,-5
WFI t=95502 a=-3648,-762,1935 g=-3,-1,-5
WFI t=95551 a=-3657,-748,1924 g=-3,-3,-5
WFR t=95566 src=bms type=0x02 len=129 data=d2037c0ee90ee80ee90ee90ee90ee90ee90eea0ee80ee90ee90eea0eed0eed0eed0eec0eed0eee0eef0eee0eee0eef0eef0eef0eed0eee0eee0eef0000000000000000003d0000000000000000000000000000042d752f02ad0eef0ee8003d003d00000156001c0001001d0000000100010eeb0007000a00000000000000000842
WFI t=95602 a=-3650,-753,1926 g=-5,-3,-5
WFI t=95651 a=-3647,-766,1932 g=-1,-3,-5
WFI t=95701 a=-3647,-759,1941 g=-3,-1,-5
WFI t=95751 a=-3653,-751,1929 g=-5,-2,-6
WFI t=95802 a=-3651,-765,1926 g=-3,-3,-4
WFI t=95851 a=-3657,-763,1930 g=0,-2,-5
WFI t=95901 a=-3651,-766,1931 g=3,-3,-5
WFI t=95951 a=-3643,-757,1936 g=-5,-3,-6
WFI t=96001 a=-3649,-757,1928 g=-6,-4,-6
WFI t=96051 a=-3653,-751,1925 g=-4,-1,-4
WFI t=96101 a=-3647,-758,1929 g=-5,-2,-5
WFI t=96151 a=-3645,-753,1929 g=-1,-3,-5
WFI t=96201 a=-3651,-760,1934 g=-7,-4,-4
WFI t=96251 a=-3658,-754,1934 g=-2,-2,-5
WFI t=96301 a=-3650,-763,1926 g=-5,-2,-6
WFI t=96351 a=-3658,-759,1927 g=-2,-3,-5
WFT t=96383 batt_mv=4180 rssi_mcu=0 rssi_bms=-77 mcu=0 bms=77 dropped=0
WFI t=96402 a=-3641,-771,1929 g=0,-2,-4
WFI t=96547 a=-3648,-767,1939 g=-3,-3,-5
WFI t=96563 a=-3654,-752,1930 g=-2,-4,-6
WFI t=96565 a=-3648,-754,1926 g=0,-1,-4
WFR t=96586 src=bms type=0x02 len=129 data=d2037c0ee90ee80ee90ee90ee90ee80ee90eea0ee80ee90ee90eea0eed0eed0eed0eec0eed0eed0eee0eee0eee0eee0eef0eef0eed0eee0eee0eee0000000000000000003d0000000000000000000000000000042d752e02ad0eef0ee8003d003d00000156001c0001001d0000000100010eeb000700150000000000000000f450
WFI t=96602 a=-3641,-758,1926 g=4,-2,-3
WFI t=96651 a=-3647,-756,1935 g=-6,-2,-5
WFI t=96702 a=-3651,-755,1936 g=-5,-3,-5
WFI t=96751 a=-3648,-756,1927 g=-6,-2,-5
WFI t=96801 a=-3636,-762,1927 g=-3,-2,-5
WFI t=96852 a=-3647,-758,1931 g=1,-2,-6
WFI t=96901 a=-3645,-761,1928 g=-8,-4,-5
WFI t=96951 a=-3642,-758,1927 g=-7,-4,-5
WFI t=97002 a=-3657,-749,1924 g=-5,-4,-5
WFI t=97051 a=-3647,-754,1927 g=-1,-3,-5
WFI t=97101 a=-3654,-762,1927 g=0,-4,-4
WFI t=97152 a=-3657,-750,1931 g=-4,-3,-6
WFI t=97201 a=-3652,-755,1929 g=1,-1,-5
WFI t=97251 a=-3646,-755,1931 g=-4,-4,-4
WFI t=97302 a=-3656,-763,1930 g=0,-2,-5
WFI t=97351 a=-3650,-770,1928 g=4,-1,-5
WFI t=97402 a=-3645,-761,1924 g=-3,-3,-4
WFI t=97451 a=-3665,-755,1947 g=-8,-6,-4
WFI t=97501 a=-3656,-769,1931 g=-3,-4,-5
WFI t=97551 a=-3634,-757,1940 g=-2,-3,-6
WFR t=97576 src=bms type=0x02 len=129 data=d2037c0ee90ee80ee90ee90ee90ee90ee90eea0ee80ee90eea0eea0eed0eec0eed0eec0eed0eed0eef0eee0eee0eef0eef0eef0eed0eee0eee0eee0000000000000000003d0000000000000000000000000000042d752f02ad0eef0ee8003d003d00000156001c0001001d0000000100010eeb0007000a00000000000000001a0a
WFI t=97602 a=-3649,-762,1936 g=4,-2,-5
WFI t=97651 a=-3657,-756,1924 g=-5,-2,-4
WFI t=97701 a=-3642,-752,1932 g=-2,-3,-4
WFI t=97752 a=-3654,-773,1930 g=-1,-3,-6
WFI t=97801 a=-3654,-757,1935 g=-2,-3,-5
WFI t=97852 a=-3648,-752,1940 g=-5,-2,-5
WFI t=97902 a=-3645,-754,1935 g=-1,-2,-4
WFI t=97951 a=-3639,-756,1930 g=2,-2,-4
WFI t=98001 a=-3652,-767,1930 g=-2,-2,-6
WFI t=98052 a=-3648,-774,1925 g=0,-2,-4
WFI t=98101 a=-3649,-755,1918 g=-3,-2,-4
WFI t=98151 a=-3654,-762,1924 g=-1,-3,-7
WFI t=98202 a=-3652,-764,1929 g=0,-2,-5
WFI t=98251 a=-3651,-759,1936 g=-7,-3,-5
WFI t=98301 a=-3648,-758,1930 g=-6,-5,-5
WFI t=98352 a=-3662,-745,1927 g=-7,-2,-4
WFI t=98402 a=-3643,-773,1929 g=0,-2,-5
WFI t=98481 a=-3646,-756,1936 g=-1,-4,-5
WFI t=98503 a=-3623,-755,1932 g=-1,-2,-5
WFI t=98574 a=-3645,-768,1934 g=-3,-4,-6
WFI t=98670 a=-3652,-756,1931 g=0,-4,-7
WFI t=98672 a=-3659,-761,1937 g=0,-3,-5
WFR t=98686 src=bms type=0x02 len=129 data=d2037c0ee90ee80ee90ee90ee90ee90ee90ee90ee80ee90ee90eea0eed0eed0eed0eec0eed0eed0eef0eee0eee0eef0eef0eef0eed0eee0eee0eee0000000000000000003d0000000000000000000000000000042d752f02ad0eef0ee8003d003d00000156001c0001001d0000000100010eeb0007000a00000000000000002e48
WFI t=98702 a=-3649,-756,1934 g=0,-2,-6
WFI t=98751 a=-3649,-749,1937 g=-8,-3,-4
WFI t=98802 a=-3647,-760,1923 g=-1,-4,-5
WFI t=98851 a=-3650,-750,1930 g=-6,-1,-5
WFI t=98901 a=-3663,-756,1928 g=0,-3,-6
WFI t=98952 a=-3656,-753,1933 g=-1,-3,-6
WFI t=99001 a=-3646,-758,1927 g=2,-3,-5
WFI t=99051 a=-3655,-773,1928 g=-4,-3,-5
WFI t=99102 a=-3649,-760,1935 g=-2,-3,-5
WFI t=99151 a=-3635,-763,1926 g=-2,-2,-5
WFI t=99201 a=-3633,-756,1922 g=-5,-3,-5
WFI t=99252 a=-3647,-766,1932 g=-5,-4,-5
WFI t=99301 a=-3639,-774,1930 g=-6,-1,-5
WFI t=99352 a=-3651,-759,1927 g=1,-4,-3
WFI t=99401 a=-3657,-756,1929 g=0,-2,-4
WFI t=99451 a=-3643,-755,1918 g=-5,-2,-6
WFI t=99502 a=-3652,-760,1935 g=0,-4,-5
WFI t=99552 a=-3658,-764,1936 g=-6,-3,-5
WFI t=99601 a=-3648,-758,1928 g=-4,-4,-4
WFR t=99646 src=bms type=0x02 len=129 data=d2037c0ee90ee80ee90ee90ee90ee90ee90ee90ee80ee90eea0eea0eed0eed0eed0eec0eed0eed0eef0eee0eee0eef0eef0eef0eed0eee0eee0eee0000000000000000003d0000000000000000000000000000042d752f02ad0eef0ee8003d003d00000156001c0001001d0000000100010eeb0007000a0000000000000000dc3e
WFI t=99652 a=-3645,-753,1921 g=-3,-4,-6
WFI t=99702 a=-3647,-763,1936 g=-3,-6,-5
WFI t=99752 a=-3647,-756,1924 g=-2,-3,-6
WFI t=99801 a=-3651,-764,1933 g=-1,-3,-5
WFI t=99852 a=-3645,-763,1937 g=-2,-3,-4
WFI t=99901 a=-3641,-764,1923 g=-1,0,-5
WFI t=99952 a=-3640,-751,1930 g=-4,-2,-5
WFI t=100002 a=-3651,-763,1936 g=-2,-2,-4
WFI t=100051 a=-3637,-758,1928 g=-8,-3,-6
WFI t=100101 a=-3653,-752,1930 g=2,-4,-6
WFI t=100152 a=-3645,-763,1926 g=-4,-2,-4
WFI t=100201 a=-3650,-761,1931 g=-2,-2,-6
WFI t=100251 a=-3653,-768,1936 g=-6,-2,-5
WFI t=100302 a=-3663,-768,1932 g=1,-3,-4
WFI t=100351 a=-3655,-767,1936 g=-3,-3,-5
WFI t=100420 a=-3659,-747,1948 g=-1,-3,-5
WFI t=100452 a=-3640,-749,1942 g=-7,-3,-5
WFI t=100635 a=-3662,-766,1936 g=-4,-2,-6
WFI t=100745 a=-3648,-755,1931 g=-3,-2,-4
WFI t=100747 a=-3647,-745,1932 g=1,-4,-5
WFI t=100749 a=-3647,-745,1932 g=1,-4,-5
WFI t=100751 a=-3629,-765,1950 g=-3,-3,-5
WFI t=100753 a=-3629,-765,1950 g=-3,-3,-5
WFR t=100786 src=bms type=0x02 len=129 data=d2037c0ee90ee90ee90ee90ee90ee90ee90ee90ee80ee90ee90eea0eed0eed0eed0eec0eed0eed0eee0eee0eee0eef0eef0eef0eed0eee0eee0eee0000000000000000003d0000000000000000000000000000042d752f02ad0eef0ee8003d003d00000156001c0001001d0000000100010eeb0007000a00000000000000008d5a
WFI t=100802 a=-3657,-752,1928 g=-4,-2,-5
WFI t=100851 a=-3666,-752,1943 g=-5,-3,-5
WFI t=100902 a=-3658,-750,1925 g=0,-3,-7
WFI t=100951 a=-3644,-766,1937 g=-4,-3,-5
WFI t=101002 a=-3644,-759,1932 g=-3,-2,-4
WFI t=101052 a=-3646,-763,1921 g=-6,-4,-4
WFI t=101101 a=-3645,-760,1913 g=-3,-3,-5
WFI t=101151 a=-3650,-756,1922 g=3,-2,-6
WFI t=101202 a=-3652,-751,1945 g=-1,-2,-6
WFI t=101251 a=-3648,-745,1955 g=-1,-3,-6
WFI t=101301 a=-3642,-754,1938 g=-10,-5,-4
WFI t=101352 a=-3656,-764,1925 g=-4,-5,-5
WFT t=101382 batt_mv=4166 rssi_mcu=0 rssi_bms=-79 mcu=0 bms=82 dropped=0
WFI t=101402 a=-3646,-767,1909 g=2,-2,-6
WFI t=101451 a=-3649,-759,1928 g=0,-3,-7
WFI t=101502 a=-3644,-751,1923 g=0,-4,-4
WFI t=101551 a=-3646,-743,1929 g=-6,-5,-5
WFI t=101602 a=-3656,-752,1934 g=-5,-2,-6
WFI t=101652 a=-3646,-748,1934 g=1,-2,-6
WFI t=101701 a=-3651,-765,1937 g=-8,-4,-6
WFI t=101751 a=-3652,-757,1928 g=-2,-4,-4
WFI t=101802 a=-3645,-769,1923 g=0,0,-4
WFR t=101806 src=bms type=0x02 len=129 data=d2037c0ee90ee90ee90ee90ee90ee90ee90ee90ee80ee90ee90eea0eed0eed0eed0eec0eed0eed0eee0eee0eee0eee0eef0eef0eed0eee0eee0eee0000000000000000003d0000000000000000000000000000042d752e02ad0eef0ee8003d003d00000156001c0001001d0000000100010eeb000700150000000000000000433f
WFI t=101852 a=-3652,-751,1932 g=-5,-2,-5
WFI t=101901 a=-3644,-763,1935 g=-2,-4,-4
WFI t=101952 a=-3657,-767,1930 g=-7,-5,-4
WFI t=102002 a=-3653,-752,1927 g=-2,-3,-6
WFI t=102051 a=-3654,-765,1929 g=-5,-3,-7
WFI t=102102 a=-3647,-750,1931 g=2,-1,-5
WFI t=102151 a=-3649,-771,1929 g=0,-3,-3
WFI t=102201 a=-3652,-766,1925 g=1,-1,-3
WFI t=102252 a=-3654,-765,1928 g=-1,-4,-6
WFI t=102301 a=-3635,-759,1925 g=-2,-1,-6
WFI t=102351 a=-3637,-763,1930 g=-2,-4,-5
WFI t=102402 a=-3636,-756,1917 g=-7,-4,-4
WFI t=102451 a=-3655,-756,1930 g=-4,-3,-5
WFI t=102510 a=-3662,-768,1935 g=-5,-4,-7
WFI t=102612 a=-3640,-749,1937 g=-5,-4,-4
WFI t=102614 a=-3652,-755,1924 g=0,-4,-4
WFI t=102652 a=-3652,-762,1935 g=-8,-3,-4
WFI t=102702 a=-3647,-763,1932 g=0,-2,-6
WFI t=102751 a=-3639,-750,1933 g=0,-2,-5
WFI t=102801 a=-3661,-750,1935 g=-4,-1,-5
WFI t=102852 a=-3651,-752,1928 g=-5,-2,-6
WFR t=102856 src=bms type=0x02 len=129 data=d2037c0ee90ee90ee90ee90ee90ee90ee90eea0ee80ee90ee90eea0eed0eed0eed0eec0eed0eed0eee0eee0eee0eef0eef0eef0eed0eee0eee0eee0000000000000000003d0000000000000000000000000000042d752f02ad0eef0ee8003d003d00000156001c0001001d0000000100010eeb0007000a00000000000000005183
WFI t=102902 a=-3646,-754,1933 g=-1,-2,-6
WFI t=102951 a=-3658,-766,1942 g=-6,-3,-5
WFI t=103002 a=-3653,-770,1928 g=-7,-3,-4
WFI t=103052 a=-3655,-757,1929 g=1,-3,-5
WFI t=103101 a=-3646,-761,1924 g=-4,-2,-4
WFI t=103152 a=-3639,-753,1936 g=-2,-3,-4
WFI t=103201 a=-3637,-763,1930 g=-5,-3,-6
WFI t=103252 a=-3654,-757,1928 g=-8,-2,-4
WFI t=103302 a=-3638,-768,1921 g=3,-2,-4
WFI t=103351 a=-3645,-755,1938 g=1,-1,-6
WFI t=103401 a=-3649,-765,1941 g=-4,-3,-4
WFI t=103452 a=-3650,-754,1924 g=-2,-4,-5
WFI t=103501 a=-3643,-758,1927 g=-2,-4,-5
WFI t=103551 a=-3642,-766,1930 g=1,-2,-5
WFI t=103602 a=-3654,-762,1925 g=-1,-1,-5
WFI t=103652 a=-3646,-760,1926 g=-6,-3,-6
WFI t=103701 a=-3652,-766,1935 g=-8,-2,-3
WFI t=103752 a=-3649,-763,1941 g=0,-3,-5
WFI t=103801 a=-3643,-760,1930 g=-2,-3,-7
WFR t=103816 src=bms type=0x02 len=129 data=d2037c0ee90ee80ee90ee90ee90ee90ee90ee90ee80ee90ee90eea0eed0eed0eed0eec0eed0eed0eef0eee0eee0eef0eef0eef0eed0eee0eee0eee0000000000000000003d0000000000000000000000000000042d752f02ad0eef0ee8003d003d00000156001c0001001d0000000100010eeb0007000a00000000000000002e48
WFI t=103852 a=-3657,-747,1937 g=-5,-2,-4
WFI t=103902 a=-3653,-765,1935 g=-1,-3,-5
WFI t=103951 a=-3652,-750,1932 g=-7,-4,-5
WFI t=104001 a=-3648,-755,1935 g=3,-3,-5
WFI t=104052 a=-3648,-758,1940 g=3,-2,-4
WFI t=104102 a=-3649,-760,1922 g=-4,-3,-5
WFI t=104151 a=-3657,-754,1932 g=-1,-3,-3
WFI t=104202 a=-3648,-755,1914 g=1,-1,-4
WFI t=104251 a=-3652,-766,1939 g=0,-3,-5
WFI t=104302 a=-3655,-755,1941 g=-6,-3,-5
WFI t=104352 a=-3655,-752,1937 g=-3,-3,-4
WFI t=104401 a=-3654,-761,1936 g=-3,-3,-5
WFI t=104451 a=-3656,-763,1926 g=-3,-3,-5
WFI t=104597 a=-3640,-744,1929 g=0,-2,-5
WFI t=104613 a=-3636,-763,1921 g=-8,-2,-4
WFI t=104615 a=-3636,-763,1921 g=-8,-2,-4
WFI t=104652 a=-3653,-756,1925 g=-4,-1,-5
WFI t=104702 a=-3644,-757,1939 g=4,-2,-6
WFI t=104751 a=-3658,-747,1940 g=-2,-3,-5
WFI t=104802 a=-3648,-761,1925 g=-5,-3,-4
WFI t=104851 a=-3647,-758,1928 g=-2,-2,-5
WFR t=104866 src=bms type=0x02 len=129 data=d2037c0ee90ee80ee90ee90ee90ee90ee90ee90ee80ee90ee90eea0eed0eed0eed0eec0eed0eed0eef0eee0eee0eef0eef0eef0eed0eee0eee0eee0000000000000000003d0000000000000000000000000000042d752f02ad0eef0ee8003d003d00000156001c0001001d0000000100010eeb0007000a00000000000000002e48
WFI t=104902 a=-3657,-771,1926 g=-2,-2,-5
WFI t=104952 a=-3645,-762,1939 g=3,-2,-5
WFI t=105001 a=-3642,-753,1937 g=-1,-3,-4
WFI t=105051 a=-3664,-757,1929 g=-6,-4,-5
WFI t=105102 a=-3650,-755,1933 g=-2,-3,-6
WFI t=105151 a=-3667,-759,1928 g=-1,0,-5
WFI t=105201 a=-3646,-750,1931 g=1,-2,-5
WFI t=105252 a=-3645,-757,1926 g=-4,-3,-5
WFI t=105301 a=-3652,-749,1918 g=-2,-4,-5
WFI t=105351 a=-3649,-753,1926 g=-6,-3,-7
WFI t=105402 a=-3655,-756,1914 g=-1,-2,-6
WFI t=105451 a=-3654,-741,1940 g=-2,-3,-5
WFI t=105502 a=-3660,-750,1935 g=-7,-2,-5
WFI t=105552 a=-3659,-764,1922 g=-4,-3,-4
WFI t=105601 a=-3653,-758,1936 g=-3,-2,-5
WFI t=105652 a=-3659,-770,1929 g=-1,-2,-5
WFI t=105702 a=-3644,-755,1927 g=-4,-4,-4
WFI t=105752 a=-3651,-761,1933 g=-1,-2,-4
WFI t=105801 a=-3657,-752,1929 g=1,-3,-5
WFI t=105852 a=-3662,-764,1940 g=-4,-2,-7
WFR t=105856 src=bms type=0x02 len=129 data=d2037c0ee90ee80ee90ee90ee90ee90ee90ee90ee80ee90ee90eea0eed0eed0eed0eec0eed0eed0eee0eee0eee0eee0eef0eef0eed0eee0eee0eee0000000000000000003d0000000000000000000000000000042d752e02ad0eef0ee8003d003d00000156001c0001001d0000000100010eeb0007001500000000000000008eaf
WFI t=105902 a=-3657,-765,1927 g=-3,-3,-5
WFI t=105952 a=-3649,-760,1925 g=-5,-2,-4
WFI t=106002 a=-3645,-753,1930 g=-1,-1,-5
WFI t=106051 a=-3652,-762,1928 g=-2,-6,-6
WFI t=106101 a=-3650,-755,1934 g=-4,-3,-5
WFI t=106152 a=-3645,-746,1932 g=-3,-3,-3
WFI t=106201 a=-3651,-748,1930 g=-2,-2,-6
WFI t=106251 a=-3635,-764,1936 g=2,-2,-5
WFI t=106302 a=-3648,-769,1936 g=-2,-3,-6
WFI t=106351 a=-3653,-761,1923 g=-8,-5,-4
WFI t=106401 a=-3653,-764,1931 g=4,-3,-4
WFT t=106426 batt_mv=4170 rssi_mcu=0 rssi_bms=-79 mcu=0 bms=87 dropped=0
WFI t=106452 a=-3659,-765,1929 g=-5,-5,-6
WFI t=106610 a=-3651,-750,1932 g=0,-4,-6
WFI t=106612 a=-3644,-758,1935 g=-2,-2,-4
WFI t=106615 a=-3645,-760,1933 g=-4,-3,-4
WFI t=106652 a=-3649,-765,1938 g=-5,-3,-5
WFI t=106701 a=-3648,-766,1933 g=-2,-1,-6
WFI t=106752 a=-3635,-757,1926 g=-3,-4,-5
WFI t=106801 a=-3656,-760,1929 g=-4,-3,-5
WFR t=106846 src=bms type=0x02 len=129 data=d2037c0ee90ee90eea0ee90ee90ee90ee90eea0ee80ee90ee90eea0eed0eed0eed0eec0eed0eed0eee0eee0eee0eef0eef0eef0eed0eee0eee0eef0000000000000000003d0000000000000000000000000000042d752f02ad0eef0ee8003d003d00000156001c0001001d0000000100010eeb0007000a00000000000000006c51
WFI t=106852 a=-3653,-766,1936 g=-2,-4,-4
WFI t=106902 a=-3653,-761,1936 g=-1,-4,-5
WFI t=106951 a=-3660,-747,1934 g=-3,-2,-5
WFI t=107001 a=-3655,-758,1932 g=-1,-3,-4
WFI t=107052 a=-3654,-759,1917 g=-4,-2,-5
WFI t=107101 a=-3648,-757,1918 g=-4,-3,-5
WFI t=107151 a=-3646,-769,1933 g=-2,-3,-5
WFI t=107202 a=-3643,-759,1928 g=-5,-2,-5
WFI t=107252 a=-3654,-749,1931 g=-4,-2,-5
WFI t=107301 a=-3641,-751,1951 g=-6,-3,-6
WFI t=107352 a=-3652,-758,1939 g=-2,-3,-5
WFI t=107401 a=-3654,-758,1935 g=-4,-3,-7
WFI t=107452 a=-3651,-753,1935 g=0,-4,-6
WFI t=107502 a=-3660,-758,1940 g=-6,-3,-5
WFI t=107551 a=-3649,-764,1935 g=-3,-2,-3
WFI t=107601 a=-3643,-762,1930 g=-2,-2,-5
WFI t=107652 a=-3651,-759,1936 g=-2,-2,-5
WFI t=107701 a=-3657,-746,1929 g=0,0,-3
WFI t=107751 a=-3649,-757,1938 g=-2,-3,-4
WFI t=107802 a=-3647,-759,1918 g=-1,-1,-6
WFI t=107852 a=-3639,-758,1926 g=0,-1,-6
WFI t=107902 a=-3638,-768,1926 g=-4,-2,-5
WFI t=107952 a=-3653,-755,1932 g=-5,-4,-4
WFI t=108001 a=-3652,-762,1931 g=-2,-2,-5
WFI t=108051 a=-3649,-762,1933 g=-3,-2,-5
WFI t=108102 a=-3658,-751,1935 g=-3,-3,-5
WFI t=108151 a=-3643,-758,1934 g=-4,-3,-6
WFI t=108201 a=-3646,-760,1930 g=1,-4,-5
WFI t=108252 a=-3647,-751,1934 g=-2,-3,-5
WFI t=108302 a=-3648,-762,1932 g=-5,-4,-5
WFI t=108351 a=-3656,-752,1922 g=-1,-3,-4
WFI t=108402 a=-3659,-765,1934 g=-3,-3,-5
WFI t=108451 a=-3648,-756,1933 g=-4,-3,-6
WFI t=108535 a=-3656,-759,1925 g=-5,-3,-5
WFI t=108618 a=-3648,-763,1937 g=-2,-1,-4
WFI t=108620 a=-3641,-752,1931 g=-4,-3,-4
WFI t=108652 a=-3662,-752,1927 g=0,-1,-6
WFI t=108702 a=-3630,-745,1928 g=-7,-3,-5
WFI t=108751 a=-3646,-753,1932 g=-4,-3,-3
WFI t=108801 a=-3642,-752,1928 g=-6,-3,-4
WFI t=108852 a=-3639,-757,1933 g=1,-2,-5
WFI t=108901 a=-3645,-758,1935 g=-4,-2,-6
WFI t=108951 a=-3659,-754,1935 g=-6,-3,-5
WFI t=109002 a=-3650,-763,1935 g=-4,-2,-5
WFI t=109051 a=-3646,-762,1938 g=-1,-2,-6
WFI t=109101 a=-3644,-744,1926 g=-1,-2,-6
WFI t=109152 a=-3655,-763,1941 g=-5,-1,-5
WFI t=109201 a=-3640,-756,1939 g=-6,-4,-5
WFI t=109264 a=-3657,-755,1934 g=1,-3,-5
WFI t=109302 a=-3638,-753,1926 g=-4,-3,-8
WFI t=109351 a=-3637,-758,1941 g=-1,-2,-6
WFI t=109401 a=-3652,-751,1922 g=-6,-1,-4
WFI t=109452 a=-3632,-757,1931 g=-2,-2,-3
WFI t=109502 a=-3646,-771,1926 g=-1,-3,-5
WFI t=109551 a=-3663,-751,1933 g=0,-1,-6
WFI t=109602 a=-3659,-757,1938 g=-5,-4,-3
WFI t=109651 a=-3639,-761,1925 g=-1,-4,-3
WFI t=109702 a=-3643,-753,1930 g=-3,-2,-5
WFI t=109752 a=-3640,-760,1927 g=-3,-5,-6
WFI t=109801 a=-3652,-760,1931 g=-4,-2,-8
WFI t=109851 a=-3640,-759,1939 g=-4,-4,-5
WFI t=109902 a=-3650,-758,1926 g=-1,-3,-4
WFI t=109952 a=-3649,-753,1938 g=-1,-2,-5
WFI t=110001 a=-3654,-746,1930 g=-8,-3,-5
WFI t=110052 a=-3653,-756,1932 g=-1,-4,-5
WFI t=110101 a=-3649,-758,1930 g=-3,-1,-4
WFI t=110151 a=-3662,-753,1935 g=-5,-4,-5
WFI t=110202 a=-3650,-760,1935 g=-1,-2,-4
WFI t=110251 a=-3655,-746,1931 g=-7,-4,-5
WFI t=110301 a=-3649,-757,1928 g=1,-2,-6
WFI t=110352 a=-3649,-774,1930 g=1,-3,-4
WFI t=110401 a=-3649,-754,1939 g=-4,-4,-5
WFI t=110451 a=-3640,-762,1935 g=-1,-3,-4
WFI t=110502 a=-3656,-762,1928 g=-3,-4,-4
WFI t=110552 a=-3651,-763,1941 g=-1,-1,-5
WFI t=110646 a=-3631,-747,1936 g=-6,-2,-5
WFI t=110794 a=-3645,-761,1927 g=-4,-4,-4
WFI t=110886 a=-3655,-767,1933 g=-1,-3,-5
WFI t=110888 a=-3640,-756,1940 g=-3,-4,-4
WFI t=110890 a=-3653,-753,1945 g=-4,-4,-4
WFI t=110892 a=-3653,-753,1945 g=-4,-4,-4
WFI t=110901 a=-3652,-757,1932 g=-9,-5,-5
WFI t=110952 a=-3655,-763,1923 g=-7,-2,-6
WFI t=111001 a=-3651,-764,1932 g=-7,-3,-6
WFI t=111051 a=-3646,-757,1926 g=-1,-1,-5
WFI t=111102 a=-3650,-755,1926 g=1,-2,-5
WFI t=111151 a=-3649,-759,1928 g=-1,-3,-4
WFI t=111201 a=-3655,-758,1935 g=1,-2,-5
WFI t=111252 a=-3656,-764,1934 g=-2,-2,-5
WFI t=111302 a=-3645,-751,1929 g=-3,-1,-5
WFI t=111351 a=-3653,-754,1923 g=-4,-4,-5
WFI t=111402 a=-3662,-757,1912 g=-6,-6,-5
WFI t=111451 a=-3657,-768,1931 g=0,-1,-5
WFI t=111501 a=-3650,-756,1940 g=-1,-4,-6
WFI t=111552 a=-3651,-751,1933 g=-5,-4,-5
WFT t=111581 batt_mv=4166 rssi_mcu=0 rssi_bms=-80 mcu=0 bms=88 dropped=0
WFI t=111601 a=-3644,-756,1934 g=-4,-3,-4
WFI t=111651 a=-3650,-765,1921 g=3,-2,-5
WFI t=111702 a=-3647,-750,1930 g=-1,0,-5
WFI t=111752 a=-3662,-763,1934 g=1,-2,-4
WFI t=111802 a=-3655,-774,1930 g=6,-2,-4
WFI t=111852 a=-3643,-761,1942 g=0,-3,-5
WFI t=111901 a=-3638,-768,1928 g=-3,-3,-5
WFI t=111951 a=-3651,-758,1927 g=-1,-2,-5
WFI t=112002 a=-3648,-768,1921 g=-1,-3,-6
WFI t=112051 a=-3647,-750,1938 g=-4,-2,-6
WFI t=112101 a=-3646,-763,1939 g=-2,-3,-5
WFI t=112152 a=-3658,-752,1934 g=-5,-3,-3
WFI t=112201 a=-3654,-760,1918 g=-3,-3,-5
WFI t=112251 a=-3647,-755,1929 g=-2,-2,-7
WFI t=112302 a=-3659,-754,1938 g=-4,-4,-6
WFI t=112352 a=-3659,-767,1937 g=-4,-4,-5
WFI t=112401 a=-3653,-766,1938 g=-2,-4,-5
WFI t=112452 a=-3644,-768,1922 g=5,-3,-5
WFI t=112501 a=-3643,-762,1939 g=-1,-1,-5
WFI t=112656 a=-3648,-756,1926 g=-2,-2,-6
WFI t=112659 a=-3646,-759,1925 g=-4,-5,-6
WFI t=112662 a=-3646,-759,1925 g=-4,-5,-6
WFI t=112701 a=-3648,-767,1935 g=-4,-3,-6
WFI t=112752 a=-3644,-760,1932 g=-1,-3,-5
WFI t=112801 a=-3649,-767,1926 g=-3,-3,-5
WFI t=112851 a=-3632,-755,1920 g=-2,-4,-4
WFI t=112902 a=-3643,-764,1932 g=1,-2,-6
WFI t=112951 a=-3654,-769,1932 g=-5,-2,-5
WFI t=113001 a=-3650,-756,1934 g=-2,-4,-3
WFI t=113052 a=-3653,-767,1933 g=0,-2,-4
WFI t=113101 a=-3643,-760,1927 g=0,-2,-6
WFI t=113151 a=-3654,-760,1935 g=1,-2,-6
WFI t=113202 a=-3650,-748,1934 g=-4,-2,-5
WFI t=113251 a=-3654,-755,1929 g=-4,-4,-3
WFI t=113301 a=-3660,-767,1933 g=-5,-3,-5
WFI t=113352 a=-3651,-755,1952 g=1,-2,-6
WFI t=113401 a=-3651,-756,1946 g=-3,-4,-4
WFI t=113451 a=-3647,-757,1947 g=-6,-2,-4
WFI t=113502 a=-3647,-750,1937 g=-4,-2,-4
WFI t=113551 a=-3657,-764,1934 g=5,-1,-4
WFI t=113601 a=-3650,-754,1945 g=4,-3,-6
WFI t=113652 a=-3634,-762,1942 g=3,-3,-4
WFI t=113701 a=-3631,-755,1924 g=-3,-3,-4
WFI t=113751 a=-3643,-763,1928 g=-3,-2,-5
WFI t=113802 a=-3651,-760,1934 g=-3,-2,-6
WFI t=113852 a=-3657,-762,1937 g=-3,-1,-5
WFI t=113902 a=-3659,-762,1929 g=1,-3,-4
WFI t=113952 a=-3643,-759,1933 g=-3,-3,-6
WFI t=114001 a=-3642,-752,1933 g=-1,-3,-6
WFI t=114051 a=-3645,-763,1929 g=-6,-5,-5
WFI t=114102 a=-3662,-747,1933 g=-8,-5,-5
WFI t=114151 a=-3654,-761,1932 g=-3,-3,-5
WFI t=114201 a=-3653,-766,1927 g=-4,-4,-5
WFI t=114252 a=-3644,-761,1939 g=-2,-3,-6
WFI t=114301 a=-3650,-757,1946 g=-1,-2,-4
WFI t=114351 a=-3640,-761,1937 g=-3,-3,-4
WFI t=114402 a=-3649,-755,1931 g=-3,-1,-5
WFI t=114451 a=-3645,-751,1937 g=-1,-2,-4
WFI t=114502 a=-3650,-760,1941 g=0,-3,-3
WFI t=114647 a=-3648,-756,1941 g=-3,-1,-4
WFI t=114649 a=-3649,-765,1934 g=-1,-3,-6
WFI t=114651 a=-3643,-757,1926 g=0,-2,-6
WFI t=114702 a=-3642,-752,1949 g=-1,-2,-6
WFI t=114751 a=-3647,-765,1940 g=-8,-1,-4
WFI t=114801 a=-3649,-751,1930 g=-2,-3,-4
WFI t=114852 a=-3648,-756,1930 g=-3,-3,-5
WFI t=114902 a=-3658,-762,1935 g=0,-2,-5
WFI t=114952 a=-3643,-766,1931 g=-2,-4,-3
WFI t=115002 a=-3641,-756,1939 g=-5,-3,-5
WFI t=115052 a=-3649,-752,1925 g=1,-3,-5
WFI t=115101 a=-3658,-767,1923 g=-3,-2,-6
WFI t=115152 a=-3639,-757,1949 g=-5,-3,-5
WFI t=115201 a=-3652,-757,1935 g=-3,-3,-4
WFI t=115252 a=-3648,-759,1920 g=-7,-4,-4
WFI t=115302 a=-3647,-758,1931 g=-2,-1,-6
WFI t=115351 a=-3649,-761,1927 g=1,-1,-5
WFI t=115401 a=-3657,-754,1940 g=1,-1,-4
WFI t=115452 a=-3664,-749,1935 g=-7,-2,-5
WFI t=115501 a=-3651,-756,1945 g=-3,-3,-6
WFI t=115552 a=-3643,-767,1936 g=-1,-2,-6
WFI t=115602 a=-3644,-760,1925 g=-3,-2,-4
WFI t=115652 a=-3649,-750,1939 g=-12,-1,-4
WFI t=115701 a=-3656,-759,1930 g=-2,-3,-5
WFI t=115752 a=-3650,-764,1942 g=-3,-2,-7
WFI t=115801 a=-3647,-745,1941 g=0,-3,-5
WFI t=115852 a=-3651,-762,1937 g=-6,-2,-5
WFI t=115902 a=-3658,-766,1927 g=-2,-2,-5
WFI t=115952 a=-3657,-748,1927 g=-5,-2,-6
WFI t=116001 a=-3652,-763,1926 g=0,-4,-5
WFI t=116052 a=-3654,-750,1940 g=-7,-4,-4
WFI t=116101 a=-3639,-755,1930 g=-3,-3,-4
WFI t=116152 a=-3653,-756,1920 g=1,-3,-5
WFI t=116202 a=-3649,-765,1948 g=0,-2,-6
WFI t=116251 a=-3648,-766,1925 g=1,-3,-5
WFI t=116301 a=-3644,-753,1937 g=-3,-3,-4
WFI t=116352 a=-3649,-757,1922 g=-2,-3,-4
WFI t=116401 a=-3647,-750,1941 g=-4,-2,-5
WFI t=116451 a=-3640,-760,1940 g=-3,-2,-5
WFI t=116502 a=-3639,-757,1932 g=-6,-2,-4
WFI t=116579 a=-3637,-764,1929 g=-3,-4,-5
WFI t=116666 a=-3642,-761,1931 g=-4,-2,-3
WFT t=116667 batt_mv=4184 rssi_mcu=0 rssi_bms=-80 mcu=0 bms=88 dropped=0
WFI t=116669 a=-3653,-769,1940 g=-4,-3,-4
WFI t=116702 a=-3647,-766,1941 g=0,-4,-4
WFI t=116751 a=-3648,-750,1935 g=-4,-4,-5
WFI t=116802 a=-3652,-761,1940 g=1,-2,-6
WFI t=116851 a=-3650,-758,1950 g=-2,-1,-6
WFE t=116868 bms stale, no frame for 10021 ms, dropping link
WFE t=116881 bms link down (stale) after 28 answers in 37783 ms, writes=37 err=0 silent=9 bytes=3612
WFE t=116896 bms disconnected reason=534
WFI t=116902 a=-3651,-764,1949 g=-8,-2,-6
WFI t=116951 a=-3646,-757,1943 g=-7,-2,-5
WFI t=117001 a=-3648,-764,1935 g=-4,-2,-7
WFI t=117051 a=-3654,-749,1937 g=0,-3,-5
WFI t=117102 a=-3648,-755,1934 g=-3,-1,-5
WFI t=117151 a=-3645,-751,1931 g=-3,-4,-4
WFI t=117201 a=-3652,-767,1936 g=-2,-2,-3
WFI t=117251 a=-3652,-754,1932 g=4,-2,-5
WFI t=117302 a=-3660,-765,1941 g=-1,-1,-4
WFI t=117351 a=-3651,-748,1935 g=-2,-2,-5
WFI t=117401 a=-3644,-764,1921 g=-4,-4,-4
WFI t=117452 a=-3648,-767,1928 g=0,-1,-5
WFI t=117502 a=-3647,-766,1937 g=-1,-3,-5
WFI t=117551 a=-3647,-747,1934 g=1,-2,-5
WFI t=117601 a=-3648,-753,1925 g=-3,-4,-5
WFI t=117651 a=-3653,-765,1931 g=0,-2,-3
WFI t=117702 a=-3661,-765,1927 g=-2,-2,-4
WFI t=117751 a=-3650,-762,1925 g=1,-3,-4
WFI t=117801 a=-3642,-764,1921 g=-1,-2,-5
WFI t=117851 a=-3654,-761,1934 g=-6,-2,-5
WFI t=117901 a=-3666,-756,1922 g=-1,-2,-4
WFI t=117952 a=-3650,-768,1934 g=-8,-2,-5
WFI t=118002 a=-3643,-769,1929 g=-4,-3,-5
WFI t=118051 a=-3648,-763,1915 g=-5,-3,-6
WFI t=118101 a=-3652,-757,1923 g=-2,-3,-5
WFI t=118151 a=-3645,-761,1930 g=0,-3,-5
WFI t=118202 a=-3641,-754,1934 g=0,-2,-4
WFI t=118251 a=-3647,-755,1924 g=-1,-2,-4
WFI t=118301 a=-3651,-751,1925 g=-7,-2,-4
WFI t=118351 a=-3641,-765,1926 g=-2,-3,-5
WFI t=118402 a=-3660,-756,1933 g=-2,-3,-5
WFI t=118451 a=-3651,-755,1921 g=-5,-3,-4
WFI t=118501 a=-3644,-750,1937 g=-7,-5,-6
WFI t=118596 a=-3651,-769,1917 g=-4,-2,-5
WFI t=118693 a=-3641,-746,1934 g=-4,-2,-6
WFI t=118695 a=-3645,-759,1928 g=-2,-3,-4
WFI t=118701 a=-3643,-765,1933 g=-1,-2,-5
WFI t=118752 a=-3653,-764,1921 g=-2,-3,-5
WFI t=118802 a=-3651,-767,1924 g=-4,-3,-4
WFI t=118851 a=-3658,-752,1927 g=-3,-3,-5
WFI t=118901 a=-3647,-758,1928 g=-1,-3,-5
WFI t=118952 a=-3649,-755,1935 g=-3,-3,-5
WFI t=119002 a=-3642,-767,1933 g=-5,-3,-6
WFI t=119051 a=-3647,-765,1930 g=-4,-3,-5
WFI t=119101 a=-3642,-764,1934 g=-1,-3,-6
WFI t=119152 a=-3653,-756,1935 g=-3,-3,-6
WFI t=119202 a=-3643,-756,1933 g=-3,-3,-5
WFI t=119251 a=-3645,-766,1934 g=1,-3,-4
WFI t=119301 a=-3645,-752,1926 g=0,-2,-4
WFI t=119352 a=-3649,-746,1935 g=-5,-2,-5
WFE t=119387 bms subscribed val=0x0010 cccd=0x0011 ctrl=0x0014 mtu=512 regs=62
WFE t=119388 bms conn itvl=80 latency=0 timeout=600
WFI t=119402 a=-3655,-763,1947 g=-4,-4,-5
WFE t=119417 bms conn update force itvl=24 rc=0
WFE t=119418 bms reconnected (attempt 3)
WFE t=119434 bms mtu event mtu=512
WFI t=119452 a=-3642,-755,1936 g=-6,-4,-4
WFI t=119505 a=-3654,-762,1929 g=-11,-3,-6
WFI t=119552 a=-3655,-766,1924 g=-4,-2,-5
WFE t=119587 bms conn update req itvl=12-12 latency=0 timeout=400 via=l2cap
WFI t=119602 a=-3644,-759,1923 g=0,-2,-3
WFI t=119651 a=-3649,-743,1933 g=-3,-4,-5
WFI t=119701 a=-3646,-753,1943 g=-2,-2,-6
WFI t=119752 a=-3639,-756,1948 g=0,-3,-3
WFR t=119786 src=bms type=0x02 len=129 data=d2037c0ee90ee80ee90ee90ee90ee90eea0ee90ee80ee90ee90eea0eec0eed0eed0eec0eed0eed0eee0eee0eee0eee0eef0eef0eed0eee0eee0eee0000000000000000003d0000000000000000000000000000042d752f02ad0eef0ee8003d003d00000156001c0001001d0000000100010eeb0007000a00000000000000005755
WFI t=119802 a=-3659,-757,1936 g=-3,-2,-4
WFI t=119851 a=-3650,-766,1930 g=-5,-2,-6
WFI t=119901 a=-3642,-764,1924 g=0,0,-4
WFI t=119951 a=-3666,-760,1925 g=3,-1,-6
WFI t=120001 a=-3652,-755,1945 g=-1,-1,-4
WFI t=120051 a=-3645,-764,1943 g=-3,-3,-3
WFE t=120086 bms conn update status=0 itvl=24 latency=0 timeout=600
WFI t=120101 a=-3655,-754,1932 g=0,-3,-4
WFI t=120152 a=-3648,-761,1937 g=-1,-1,-6
WFI t=120202 a=-3638,-764,1938 g=3,-2,-7
WFI t=120251 a=-3644,-767,1929 g=-4,-2,-4
WFI t=120301 a=-3655,-754,1943 g=-8,-4,-4
WFI t=120352 a=-3669,-768,1920 g=-5,-3,-3
WFI t=120402 a=-3666,-754,1920 g=2,-2,-7
WFI t=120451 a=-3646,-753,1948 g=3,-2,-6
WFI t=120502 a=-3638,-760,1951 g=-6,-3,-4
WFI t=120551 a=-3639,-751,1930 g=-5,-3,-4
WFI t=120611 a=-3658,-760,1934 g=-6,-1,-6
WFI t=120744 a=-3636,-773,1933 g=-2,-2,-5
WFI t=120758 a=-3652,-755,1940 g=-3,-3,-4
WFI t=120799 a=-3658,-758,1936 g=-1,-3,-4
WFI t=120803 a=-3660,-759,1933 g=-6,-2,-5
WFR t=120810 src=bms type=0x02 len=129 data=d2037c0ee90ee80ee90ee90ee90ee90ee90eea0ee80ee90ee90eea0eed0eed0eed0eec0eed0eed0eee0eee0eee0eef0eef0eef0eed0eee0eee0eee0000000000000000003d0000000000000000000000000000042d752f02ad0eef0ee8003d003d00000156001c0001001d0000000100010eeb0007000a00000000000000009c13
WFI t=120936 a=-3635,-757,1941 g=1,-2,-5
WFI t=120938 a=-3645,-756,1939 g=-2,-2,-4
WFI t=120952 a=-3639,-750,1944 g=-5,-3,-5
WFI t=121001 a=-3635,-765,1933 g=-4,-3,-4
WFI t=121052 a=-3654,-765,1935 g=-3,-3,-7
WFI t=121102 a=-3655,-762,1929 g=1,-2,-5
WFI t=121151 a=-3654,-750,1935 g=-5,-3,-4
WFI t=121201 a=-3654,-761,1937 g=-2,-2,-3
WFI t=121252 a=-3648,-745,1938 g=-2,-2,-5
WFI t=121301 a=-3665,-747,1948 g=-1,-1,-5
WFI t=121351 a=-3653,-759,1937 g=-9,-3,-5
WFI t=121402 a=-3641,-770,1922 g=-8,-3,-4
WFI t=121452 a=-3650,-758,1926 g=-4,-2,-6
WFI t=121501 a=-3648,-758,1922 g=2,-2,-5
WFI t=121552 a=-3653,-758,1941 g=0,-3,-5
WFI t=121601 a=-3651,-761,1933 g=-1,-3,-3
WFI t=121652 a=-3656,-749,1925 g=0,-1,-4
WFI t=121702 a=-3655,-755,1938 g=-2,-1,-6
WFT t=121726 batt_mv=4178 rssi_mcu=0 rssi_bms=-78 mcu=0 bms=90 dropped=0
WFI t=121751 a=-3653,-750,1941 g=-6,-3,-7
WFR t=121766 src=bms type=0x02 len=129 data=d2037c0ee90ee80ee90ee90ee90ee90ee90ee90ee80ee90ee90eea0eed0eed0eed0eec0eed0eee0eee0eee0eee0eef0eef0eef0eed0eee0eee0eee0000000000000000003d0000000000000000000000000000042d752f02ad0eef0ee8003d003d00000156001c0001001d0000000100010eeb0007000a0000000000000000b4c8
WFI t=121802 a=-3654,-758,1930 g=-6,-2,-5
WFI t=121852 a=-3652,-759,1935 g=-6,-2,-4
WFI t=121901 a=-3651,-756,1932 g=-1,-3,-6
WFI t=121951 a=-3655,-764,1942 g=-6,-4,-6
WFI t=122002 a=-3660,-758,1942 g=-3,-2,-4
WFI t=122052 a=-3649,-762,1940 g=-1,-3,-3
WFI t=122101 a=-3656,-751,1926 g=-3,-3,-5
WFI t=122152 a=-3648,-750,1932 g=1,-1,-6
WFI t=122201 a=-3650,-757,1935 g=-4,-3,-4
WFI t=122251 a=-3649,-757,1933 g=-2,-3,-4
WFI t=122302 a=-3638,-772,1939 g=-3,-3,-3
WFI t=122351 a=-3652,-766,1934 g=-5,-3,-6
WFI t=122401 a=-3649,-755,1940 g=-5,-3,-5
WFI t=122452 a=-3646,-760,1933 g=-1,-1,-4
WFI t=122502 a=-3658,-751,1933 g=-6,-3,-5
WFI t=122552 a=-3655,-755,1936 g=-6,-3,-6
WFI t=122621 a=-3642,-765,1946 g=-4,-4,-6
WFI t=122708 a=-3657,-767,1932 g=-2,-3,-4
WFI t=122710 a=-3648,-755,1927 g=-4,-4,-4
WFE t=122711 bms conn update req itvl=15-15 latency=0 timeout=400 via=l2cap
WFI t=122752 a=-3645,-757,1933 g=-2,-4,-4
WFR t=122757 src=bms type=0x02 len=129 data=d2037c0ee90ee80ee90ee90ee90ee80ee90eea0ee80ee90ee90eea0eed0eed0eed0eec0eed0eee0eef0eee0eee0eee0eef0eef0eed0eef0eee0eef0000000000000000003d0000000000000000000000000000042d752f02ad0eef0ee8003d003d00000156001c0001001d0000000100010eeb0007000a0000000000000000b95d
WFI t=122802 a=-3652,-765,1941 g=3,-3,-5
WFI t=122851 a=-3657,-752,1938 g=-5,-3,-4
WFI t=122902 a=-3659,-765,1934 g=-6,-1,-3
WFI t=122952 a=-3645,-765,1921 g=-4,-2,-5
WFI t=123001 a=-3665,-765,1938 g=-2,-2,-5
WFI t=123052 a=-3641,-764,1940 g=-3,-2,-6
WFI t=123101 a=-3637,-753,1931 g=-1,-2,-4
WFI t=123151 a=-3650,-762,1939 g=-4,-4,-5
WFI t=123202 a=-3651,-766,1934 g=-1,-2,-7
WFI t=123251 a=-3630,-759,1948 g=5,-4,-5
WFI t=123301 a=-3647,-766,1943 g=-7,-2,-4
WFI t=123352 a=-3638,-750,1930 g=-1,-3,-4
WFI t=123401 a=-3657,-759,1930 g=-3,-1,-5
WFI t=123451 a=-3654,-737,1939 g=-3,-2,-6
WFI t=123502 a=-3644,-771,1942 g=1,-2,-5
WFI t=123551 a=-3647,-752,1935 g=-5,-2,-5
WFI t=123601 a=-3659,-763,1938 g=-8,-2,-5
WFI t=123652 a=-3654,-747,1947 g=-1,-1,-6
WFI t=123701 a=-3650,-759,1933 g=2,-3,-4
WFI t=123752 a=-3638,-757,1946 g=0,-3,-4
WFI t=123802 a=-3645,-751,1930 g=-2,-5,-6
WFI t=123851 a=-3641,-764,1932 g=-1,-3,-7
WFI t=123901 a=-3646,-754,1939 g=-1,-1,-4
WFI t=123952 a=-3655,-756,1941 g=-8,-4,-5
WFR t=123957 src=bms type=0x02 len=129 data=d2037c0ee90ee80ee90ee90ee90ee80ee90ee90ee80ee90ee90eea0eed0eed0eed0eec0eed0eed0eef0eee0eee0eef0eef0eee0eed0eee0eee0eee0000000000000000003d0000000000000000000000000000042d752e02ad0eef0ee8003d003d00000156001c0001001d0000000100010eeb0007001500000000000000004362
WFI t=124002 a=-3646,-750,1930 g=-8,-3,-4
WFI t=124051 a=-3661,-748,1935 g=4,-2,-5
WFI t=124102 a=-3642,-757,1949 g=0,-3,-7
WFI t=124152 a=-3646,-760,1948 g=-5,-5,-5
WFI t=124201 a=-3666,-753,1939 g=-8,-4,-3
WFI t=124252 a=-3660,-763,1936 g=-6,-3,-6
WFI t=124301 a=-3661,-760,1945 g=0,-2,-6
WFI t=124351 a=-3639,-767,1936 g=-3,-3,-5
WFI t=124402 a=-3650,-760,1936 g=-4,-2,-3
WFI t=124451 a=-3664,-766,1929 g=-1,-4,-4
WFI t=124501 a=-3653,-754,1932 g=-3,-1,-6
WFI t=124552 a=-3644,-776,1937 g=3,-3,-6
WFI t=124636 a=-3659,-742,1944 g=-1,-3,-4
WFI t=124724 a=-3669,-763,1935 g=-4,-2,-6
WFI t=124726 a=-3655,-767,1928 g=-3,-2,-6
WFI t=124751 a=-3654,-755,1945 g=1,-3,-7
WFI t=124802 a=-3646,-760,1942 g=0,-2,-6
WFI t=124852 a=-3645,-769,1943 g=-5,-2,-5
WFI t=124901 a=-3654,-756,1931 g=-6,-1,-4
WFI t=124951 a=-3658,-755,1926 g=-9,-3,-6
WFR t=124977 src=bms type=0x02 len=129 data=d2037c0ee90ee90ee90ee90ee90ee90ee90eea0ee80ee90ee90eea0eed0eed0eed0eec0eee0eed0eef0eee0eee0eef0eef0eef0eed0eee0eee0eee0000000000000000003d0000000000000000000000000000042d752f02ad0eef0ee8003d003d00000156001c0001001d0000000100010eeb0007000a0000000000000000f800
WFI t=125002 a=-3661,-757,1941 g=-3,-3,-7
WFI t=125051 a=-3642,-765,1934 g=-1,-2,-4
WFI t=125101 a=-3644,-756,1938 g=-4,-2,-3
WFI t=125152 a=-3660,-754,1929 g=-1,-4,-5
WFI t=125201 a=-3643,-753,1932 g=4,-3,-6
WFI t=125251 a=-3642,-753,1945 g=-2,-3,-5
WFI t=125302 a=-3646,-774,1957 g=-4,-3,-4
WFI t=125351 a=-3659,-749,1933 g=-3,-4,-4
WFI t=125402 a=-3657,-765,1938 g=0,-3,-6
WFI t=125452 a=-3652,-755,1938 g=-1,-1,-6
WFI t=125501 a=-3651,-744,1947 g=-4,-3,-5
WFI t=125551 a=-3661,-769,1926 g=-7,-3,-4
WFI t=125602 a=-3663,-768,1928 g=-1,-2,-6
WFI t=125651 a=-3647,-769,1935 g=2,-1,-7
WFI t=125701 a=-3650,-759,1944 g=-1,-4,-3
WFI t=125752 a=-3651,-764,1934 g=-6,-2,-3
WFI t=125802 a=-3643,-762,1924 g=-1,-2,-6
WFI t=125851 a=-3655,-763,1937 g=-1,-3,-7
WFI t=125902 a=-3643,-749,1945 g=-4,-3,-5
WFI t=125951 a=-3656,-757,1943 g=-7,-2,-2
WFR t=125997 src=bms type=0x02 len=129 data=d2037c0ee90ee90ee90ee90ee90ee90ee90ee90ee80ee90ee90eea0eed0eed0eed0eec0eed0eed0eee0eee0eee0eee0eef0eef0eed0eee0eee0eef0000000000000000003d0000000000000000000000000000042d752f02ad0eef0ee8003d003d00000156001c0001001d0000000100010eeb0007000a0000000000000000c663
WFI t=126002 a=-3658,-747,1936 g=-3,-3,-5
WFI t=126052 a=-3642,-770,1923 g=-1,-3,-6
WFI t=126101 a=-3657,-778,1932 g=0,-1,-6
WFI t=126151 a=-3653,-756,1949 g=-2,-4,-4
WFI t=126202 a=-3657,-765,1944 g=-3,-4,-4
WFI t=126252 a=-3652,-753,1941 g=-5,-3,-5
WFI t=126301 a=-3636,-759,1938 g=3,-2,-6
WFI t=126352 a=-3642,-769,1930 g=-2,-2,-5
WFI t=126401 a=-3649,-764,1942 g=-2,0,-4
WFI t=126452 a=-3650,-745,1944 g=-3,-2,-5
WFI t=126502 a=-3649,-755,1954 g=-2,-2,-6
WFI t=126551 a=-3647,-766,1952 g=-3,-2,-4
WFI t=126601 a=-3634,-755,1933 g=-9,-3,-5
WFI t=126735 a=-3654,-756,1948 g=3,-2,-6
WFI t=126737 a=-3644,-752,1947 g=2,-2,-6
WFT t=126739 batt_mv=4170 rssi_mcu=0 rssi_bms=-79 mcu=0 bms=95 dropped=0
WFI t=126752 a=-3649,-748,1957 g=1,-4,-6
WFI t=126802 a=-3643,-754,1946 g=-11,-5,-3
WFI t=126851 a=-3645,-759,1932 g=-7,-3,-3
WFI t=126901 a=-3651,-761,1937 g=-3,-3,-4
WFI t=126952 a=-3659,-756,1941 g=1,-2,-7
WFR t=126987 src=bms type=0x02 len=129 data=d2037c0ee90ee80ee90ee90ee90ee90ee90ee90ee80ee90ee90eea0eed0eed0eed0eec0eed0eed0eee0eee0eee0eef0eef0eef0eed0eee0eee0eee0000000000000000003d0000000000000000000000000000042d752f02ad0eef0ee8003d003d00000156001c0001001d0000000100010eeb0007000a000000000000000040ca
WFI t=127040 a=-3641,-758,1939 g=-3,-1,-5
WFI t=127052 a=-3640,-760,1942 g=-4,-3,-3
WFI t=127102 a=-3643,-763,1938 g=-4,-2,-5
WFI t=127152 a=-3635,-764,1936 g=0,-2,-6
WFI t=127201 a=-3648,-748,1938 g=-3,-2,-6
WFI t=127252 a=-3640,-748,1957 g=-1,-1,-3
WFI t=127301 a=-3646,-764,1943 g=0,-3,-4
WFI t=127351 a=-3657,-769,1937 g=-2,-3,-6
WFI t=127499 a=-3648,-761,1946 g=-1,-2,-5
WFI t=127501 a=-3655,-756,1945 g=-9,-2,-4
WFI t=127503 a=-3656,-751,1932 g=-9,-4,-5
WFI t=127552 a=-3649,-774,1944 g=-1,-3,-5
WFI t=127601 a=-3650,-759,1946 g=-1,-1,-8
WFI t=127651 a=-3642,-741,1944 g=-2,-5,-6
WFI t=127702 a=-3653,-763,1940 g=-4,-2,-3
WFI t=127752 a=-3652,-758,1927 g=-9,-2,-4
WFI t=127801 a=-3646,-763,1932 g=-1,0,-6
WFI t=127852 a=-3634,-748,1943 g=0,-2,-4
WFI t=127901 a=-3638,-755,1943 g=-3,-2,-4
WFI t=127952 a=-3638,-768,1939 g=-2,-3,-3
WFI t=128002 a=-3662,-759,1925 g=-1,-3,-6
WFR t=128007 src=bms type=0x02 len=129 data=d2037c0ee90ee80ee90ee90ee90ee90ee90ee90ee80ee90ee90eea0eed0eed0eed0eec0eed0eee0eee0eee0eee0eef0eef0eef0eed0eee0eee0eee0000000000000000003d0000000000000000000000000000042d753002ad0eef0ee8003d003d00000156001c0001001d0000000100010eeb00070000000000000000000085e3
WFI t=128052 a=-3653,-762,1935 g=0,-1,-6
WFI t=128101 a=-3650,-754,1936 g=-6,-2,-6
WFI t=128152 a=-3649,-770,1934 g=-8,-3,-3
WFI t=128201 a=-3656,-769,1929 g=-4,-2,-6
WFI t=128251 a=-3649,-752,1942 g=0,-3,-6
WFI t=128302 a=-3655,-765,1930 g=-1,-2,-5
WFI t=128352 a=-3652,-762,1939 g=-3,-3,-4
WFI t=128401 a=-3647,-759,1926 g=-7,-1,-3
WFI t=128452 a=-3647,-767,1938 g=-1,-2,-6
WFI t=128501 a=-3655,-759,1938 g=-2,-2,-5
WFI t=128552 a=-3655,-759,1943 g=-2,-2,-5
WFI t=128602 a=-3654,-750,1936 g=-6,-3,-4
WFI t=128760 a=-3663,-749,1937 g=-4,-4,-6
WFI t=128762 a=-3652,-770,1946 g=-5,-3,-5
WFI t=128764 a=-3660,-764,1945 g=0,-2,-4
WFI t=128802 a=-3640,-757,1934 g=0,-2,-4
WFI t=128851 a=-3655,-755,1940 g=-6,-2,-4
WFI t=128902 a=-3659,-761,1942 g=-3,-2,-6
WFI t=128951 a=-3649,-750,1938 g=-3,-3,-6
WFI t=129002 a=-3651,-752,1931 g=-5,-2,-5
WFR t=129027 src=bms type=0x02 len=129 data=d2037c0ee90ee80ee90ee90ee90ee90ee90ee90ee80ee90ee90eea0eec0eed0eed0eec0eed0eed0eef0eee0eee0eee0eef0eef0eed0eee0eee0eee0000000000000000003d0000000000000000000000000000042d752f02ad0eef0ee8003d003d00000156001c0001001d0000000100010eeb0007000a0000000000000000a08d
WFI t=129052 a=-3644,-759,1923 g=-4,-2,-6
WFI t=129101 a=-3636,-749,1949 g=-3,-3,-5
WFI t=129151 a=-3659,-765,1939 g=4,-3,-4
WFI t=129202 a=-3657,-753,1931 g=0,-3,-4
WFI t=129251 a=-3662,-751,1944 g=-1,-5,-4
WFI t=129301 a=-3641,-764,1939 g=-5,-3,-5
WFI t=129351 a=-3656,-753,1930 g=-4,-2,-5
WFI t=129402 a=-3648,-759,1935 g=-3,-4,-4
WFI t=129451 a=-3650,-761,1935 g=-3,-2,-4
WFI t=129501 a=-3645,-763,1944 g=0,-3,-5
WFI t=129551 a=-3656,-757,1930 g=-3,-3,-5
WFI t=129602 a=-3652,-761,1945 g=-6,-4,-6
WFI t=129651 a=-3649,-762,1935 g=-3,-2,-5
WFI t=129701 a=-3638,-765,1937 g=-6,-1,-6
WFI t=129751 a=-3639,-766,1937 g=-5,-6,-5
WFI t=129802 a=-3654,-754,1948 g=-5,-4,-4
WFI t=129851 a=-3647,-760,1940 g=-3,-2,-4
WFI t=129901 a=-3669,-750,1949 g=-2,-2,-5
WFI t=129951 a=-3644,-765,1945 g=1,-3,-6
WFR t=129987 src=bms type=0x02 len=129 data=d2037c0ee90ee90ee90ee90ee90ee90ee90eea0ee80ee90ee90eea0eed0eed0eed0eec0eed0eee0eef0eee0eee0eee0eef0eef0eed0eef0eee0eee0000000000000000003d0000000000000000000000000000042d752f02ad0eef0ee8003d003d00000156001c0001001d0000000100010eeb0007000a0000000000000000dc3a
WFI t=130002 a=-3647,-757,1947 g=-7,-3,-5
WFI t=130052 a=-3653,-751,1941 g=-4,-2,-3
WFI t=130102 a=-3658,-767,1932 g=-4,-3,-6
WFI t=130151 a=-3648,-758,1923 g=0,-3,-6
WFI t=130201 a=-3664,-752,1936 g=0,-3,-6
WFI t=130252 a=-3663,-770,1934 g=-8,-5,-5
WFI t=130301 a=-3641,-767,1935 g=-4,-5,-5
WFI t=130351 a=-3652,-760,1950 g=-5,-2,-4
WFI t=130401 a=-3655,-756,1936 g=2,-1,-4
WFI t=130452 a=-3651,-751,1947 g=-7,-3,-5
WFI t=130501 a=-3646,-760,1940 g=-1,-4,-5
WFI t=130551 a=-3641,-751,1946 g=0,-2,-6
WFI t=130601 a=-3650,-762,1935 g=1,-2,-6
WFI t=130744 a=-3660,-771,1931 g=-5,-2,-5
WFI t=130759 a=-3655,-763,1942 g=-1,-4,-5
WFI t=130761 a=-3661,-764,1948 g=-3,-2,-6
WFI t=130802 a=-3656,-756,1951 g=0,-1,-5
WFI t=130852 a=-3638,-747,1946 g=-5,-2,-4
WFI t=130901 a=-3653,-757,1943 g=-2,-3,-4
WFI t=130951 a=-3652,-767,1943 g=-1,-2,-5
WFI t=131001 a=-3653,-767,1928 g=-1,-3,-5
WFR t=131007 src=bms type=0x02 len=129 data=d2037c0ee90ee80ee90ee90ee90ee90ee90eea0ee80ee90ee90eea0eed0eed0eed0eec0eed0eed0eee0eee0eee0eef0eef0eef0eed0eee0eee0eee0000000000000000003d0000000000000000000000000000042d752e02ad0eef0ee8003d003d00000156001c0001001d0000000100010eeb000700150000000000000000179e
WFI t=131052 a=-3653,-762,1931 g=-4,-2,-5
WFI t=131101 a=-3639,-758,1930 g=-2,-2,-5
WFI t=131152 a=-3658,-769,1930 g=-6,-2,-3
WFI t=131201 a=-3649,-761,1934 g=-5,-2,-5
WFI t=131252 a=-3643,-764,1931 g=-7,-2,-5
WFI t=131301 a=-3642,-758,1937 g=-4,-3,-5
WFI t=131351 a=-3641,-749,1935 g=-6,-3,-4
WFI t=131401 a=-3649,-752,1939 g=-1,-2,-5
WFI t=131451 a=-3659,-764,1929 g=-4,-3,-5
WFI t=131501 a=-3658,-762,1942 g=-1,-3,-4
WFI t=131551 a=-3645,-755,1945 g=0,-3,-5
WFI t=131601 a=-3651,-749,1932 g=-4,-2,-6
WFI t=131651 a=-3649,-762,1948 g=-7,-2,-5
WFI t=131701 a=-3658,-754,1944 g=-4,-1,-4
WFI t=131752 a=-3638,-766,1935 g=-1,-2,-4
WFT t=131776 batt_mv=4168 rssi_mcu=0 rssi_bms=-83 mcu=0 bms=100 dropped=0
WFI t=131802 a=-3654,-768,1944 g=-2,-2,-6
WFI t=131852 a=-3649,-756,1942 g=3,-1,-5
WFI t=131902 a=-3654,-760,1940 g=-2,-2,-5
WFI t=131951 a=-3652,-746,1942 g=-3,-2,-5
WFR t=131997 src=bms type=0x02 len=129 data=d2037c0ee90ee90ee90ee90ee90ee90ee90ee90ee80ee90ee90eea0eed0eed0eed0eec0eed0eed0eee0eee0eee0eef0eef0eef0eed0eee0eee0eee0000000000000000003d0000000000000000000000000000042d752f02ad0eef0ee8003d003d00000156001c0001001d0000000100010eeb0007000a00000000000000008d5a
WFI t=132002 a=-3654,-768,1933 g=-3,-3,-5
WFI t=132052 a=-3647,-773,1934 g=-1,-3,-5
WFI t=132102 a=-3653,-754,1931 g=-4,-2,-4
WFI t=132151 a=-3652,-763,1949 g=-4,-3,-5
WFI t=132202 a=-3656,-766,1934 g=-3,0,-3
WFI t=132251 a=-3653,-759,1924 g=-2,-3,-3
WFI t=132301 a=-3649,-760,1934 g=0,-1,-5
WFI t=132352 a=-3662,-753,1944 g=-3,-4,-6
WFI t=132401 a=-3642,-750,1935 g=-7,-3,-4
WFI t=132451 a=-3649,-764,1935 g=-4,-3,-4
WFI t=132502 a=-3644,-760,1930 g=-5,-2,-6
WFI t=132551 a=-3646,-758,1935 g=-1,-2,-5
WFI t=132601 a=-3651,-763,1943 g=-3,-1,-5
WFI t=132671 a=-3647,-751,1940 g=0,-3,-5
WFI t=132762 a=-3644,-756,1946 g=-3,-3,-6
WFI t=132765 a=-3653,-759,1945 g=2,-3,-4
WFI t=132802 a=-3646,-748,1929 g=-4,-2,-5
WFI t=132851 a=-3643,-768,1943 g=-1,-3,-4
WFI t=132901 a=-3652,-769,1941 g=-3,-4,-7
WFI t=132952 a=-3648,-753,1946 g=-4,-1,-6
WFI t=133002 a=-3652,-770,1943 g=2,-1,-6
WFR t=133017 src=bms type=0x02 len=129 data=d2037c0ee90ee80ee90ee90ee90ee90ee90ee90ee80ee90ee90eea0eed0eed0eed0eec0eed0eee0eee0eee0eee0eef0eef0eef0eed0eee0eee0eef0000000000000000003d0000000000000000000000000000042d752f02ad0eef0ee8003d003d00000156001c0001001d0000000100010eeb0007000a0000000000000000ba19
WFI t=133052 a=-3649,-743,1944 g=-5,-4,-5
WFI t=133102 a=-3650,-760,1940 g=-2,-2,-5
WFI t=133151 a=-3646,-759,1933 g=-6,-3,-4
WFI t=133202 a=-3655,-772,1944 g=-2,-2,-6
WFI t=133252 a=-3636,-758,1937 g=-2,-3,-5
WFI t=133301 a=-3644,-765,1937 g=-5,-3,-4
WFI t=133351 a=-3662,-766,1933 g=2,-2,-4
WFI t=133402 a=-3653,-762,1932 g=0,-1,-5
WFI t=133451 a=-3660,-755,1932 g=-3,-3,-5
WFI t=133501 a=-3646,-756,1936 g=-7,-5,-4
WFI t=133551 a=-3649,-759,1936 g=0,-1,-4
WFI t=133602 a=-3649,-764,1939 g=-1,-1,-5
WFI t=133651 a=-3643,-764,1935 g=-4,-3,-5
WFI t=133701 a=-3657,-767,1939 g=-6,-4,-5
WFI t=133751 a=-3656,-765,1931 g=-8,-4,-4
WFI t=133802 a=-3659,-759,1945 g=-2,-3,-5
WFI t=133851 a=-3660,-756,1947 g=-2,-3,-4
WFI t=133901 a=-3636,-781,1947 g=-2,-3,-5
WFI t=133951 a=-3649,-758,1929 g=-4,-2,-4
WFI t=134002 a=-3650,-770,1954 g=0,-2,-5
WFR t=134007 src=bms type=0x02 len=129 data=d2037c0ee90ee80ee90ee90ee90ee80ee90ee90ee80ee90eea0eea0eed0eed0eed0eec0eed0eed0eef0eee0eee0eef0eef0eef0eed0eee0eee0eee0000000000000000003d0000000000000000000000000000042d752f02ad0eef0ee8003d003d00000156001c0001001d0000000100010eeb0007000a00000000000000007a18
WFI t=134052 a=-3648,-758,1943 g=-6,-5,-6
WFI t=134101 a=-3648,-764,1932 g=-6,-3,-5
WFI t=134151 a=-3657,-760,1941 g=-4,-2,-5
WFI t=134201 a=-3650,-747,1937 g=-1,-4,-5
WFI t=134252 a=-3655,-748,1948 g=-4,-3,-5
WFI t=134301 a=-3647,-752,1949 g=-1,-2,-6
WFI t=134351 a=-3642,-765,1938 g=-3,-4,-4
WFI t=134401 a=-3643,-763,1944 g=1,-2,-4
WFI t=134452 a=-3641,-775,1920 g=-2,-3,-6
WFI t=134501 a=-3654,-753,1936 g=0,-4,-5
WFI t=134551 a=-3658,-754,1940 g=-7,-5,-5
WFI t=134601 a=-3652,-764,1932 g=-5,-4,-6
WFI t=134660 a=-3656,-752,1953 g=-2,-3,-6
WFI t=134702 a=-3647,-758,1932 g=-3,-1,-5
WFI t=134842 a=-3652,-751,1936 g=-3,-3,-6
WFI t=134845 a=-3650,-756,1933 g=-4,-2,-5
WFI t=134852 a=-3647,-754,1942 g=-2,-3,-4
WFI t=134901 a=-3656,-759,1938 g=-1,-3,-6
WFI t=134951 a=-3641,-770,1944 g=-5,-2,-5
WFI t=135001 a=-3646,-768,1933 g=-3,-4,-4
WFI t=135052 a=-3650,-757,1929 g=0,-3,-5
WFR t=135087 src=bms type=0x02 len=129 data=d2037c0ee90ee80ee90ee90ee90ee80ee90ee90ee80ee90ee90eea0eed0eed0eed0eec0eed0eee0eee0eee0eee0eef0eef0eef0eed0eef0eee0eee0000000000000000003d0000000000000000000000000000042d752f02ad0eef0ee8003d003d00000156001c0001001d0000000100010eeb0007000a0000000000000000403f
WFI t=135102 a=-3642,-759,1936 g=0,-2,-6
WFI t=135160 a=-3650,-752,1949 g=-5,-2,-4
WFI t=135201 a=-3657,-757,1945 g=-3,-3,-5
WFI t=135251 a=-3654,-764,1935 g=0,-4,-5
WFI t=135302 a=-3644,-752,1941 g=0,-4,-6
WFI t=135351 a=-3661,-762,1937 g=-2,-3,-5
WFI t=135401 a=-3642,-753,1934 g=-3,-2,-4
WFI t=135451 a=-3652,-755,1921 g=-5,-2,-3
WFI t=135502 a=-3663,-758,1932 g=-3,-2,-6
WFI t=135551 a=-3645,-755,1931 g=-5,-1,-5
WFI t=135601 a=-3648,-747,1930 g=1,-1,-4
WFI t=135651 a=-3647,-752,1934 g=-6,-3,-5
WFI t=135702 a=-3646,-764,1935 g=0,-3,-5
WFI t=135751 a=-3653,-766,1928 g=3,-3,-5
WFI t=135801 a=-3648,-758,1938 g=-3,-2,-4
WFI t=135852 a=-3647,-762,1925 g=-3,-4,-3
WFI t=135902 a=-3648,-767,1927 g=-2,-3,-5
WFI t=135951 a=-3643,-753,1937 g=-2,-2,-6
WFI t=136001 a=-3656,-753,1951 g=-6,0,-5
WFI t=136051 a=-3647,-776,1936 g=-1,-3,-4
WFR t=136077 src=bms type=0x02 len=129 data=d2037c0ee90ee80ee90ee90ee90ee80ee90ee90ee80ee90ee90eea0eed0eed0eed0eec0eed0eee0eef0eee0eee0eef0eef0eef0eed0eee0eee0eee0000000000000000003d0000000000000000000000000000042d752f02ad0eef0ee8003d003d00000156001c0001001d0000000100010eeb0007000a00000000000000007c6c
WFI t=136102 a=-3657,-764,1929 g=-4,-3,-5
WFI t=136151 a=-3647,-756,1927 g=-2,-3,-5
WFI t=136201 a=-3653,-767,1939 g=1,-2,-4
WFI t=136251 a=-3656,-749,1941 g=-6,-4,-5
WFI t=136301 a=-3651,-756,1949 g=-1,-2,-4
WFI t=136351 a=-3645,-754,1947 g=-5,-3,-6
WFI t=136401 a=-3651,-763,1937 g=-3,-4,-4
WFI t=136451 a=-3643,-769,1938 g=-4,-2,-6
WFI t=136501 a=-3649,-765,1934 g=-7,-2,-5
WFI t=136551 a=-3656,-757,1918 g=-5,-3,-5
WFI t=136601 a=-3662,-754,1933 g=-2,-2,-6
WFI t=136807 a=-3647,-752,1932 g=-6,-4,-6
WFI t=136913 a=-3648,-752,1938 g=-6,-1,-5
WFI t=136915 a=-3656,-767,1930 g=-1,-3,-5
WFI t=136919 a=-3656,-767,1930 g=-1,-3,-5
WFT t=136920 batt_mv=4186 rssi_mcu=0 rssi_bms=-78 mcu=0 bms=105 dropped=0
WFI t=136922 a=-3661,-764,1936 g=-2,-2,-4
WFI t=136924 a=-3661,-764,1936 g=-2,-2,-4
WFI t=136951 a=-3652,-750,1923 g=-6,-1,-5
WFI t=137001 a=-3655,-754,1932 g=1,-1,-5
WFI t=137051 a=-3651,-763,1937 g=-4,-4,-6
WFI t=137101 a=-3649,-764,1938 g=2,-4,-4
WFI t=137152 a=-3646,-768,1940 g=-4,-1,-4
WFR t=137157 src=bms type=0x02 len=129 data=d2037c0ee90ee80ee90ee90ee90ee80ee90ee90ee80ee90ee90eea0eed0eec0eed0eec0eed0eee0eee0eee0eee0eee0eef0eef0eed0eee0eee0eee0000000000000000003d0000000000000000000000000000042d752f02ad0eef0ee8003d003d00000156001c0001001d0000000100010eeb0007000a00000000000000004deb
WFI t=137202 a=-3660,-749,1936 g=-2,-2,-5
WFI t=137251 a=-3656,-760,1936 g=-1,-2,-5
WFI t=137301 a=-3666,-764,1940 g=1,-2,-5
WFI t=137351 a=-3641,-760,1949 g=0,-1,-3
WFI t=137401 a=-3662,-762,1942 g=-1,-1,-4
WFI t=137451 a=-3656,-772,1931 g=-4,-2,-5
WFI t=137501 a=-3661,-762,1934 g=-8,-2,-5
WFI t=137551 a=-3649,-768,1947 g=2,-3,-5
WFI t=137601 a=-3655,-765,1928 g=-5,-2,-6
WFI t=137651 a=-3649,-766,1930 g=-1,-2,-5
WFI t=137701 a=-3648,-756,1931 g=-9,-4,-5
WFI t=137752 a=-3638,-756,1933 g=-3,-3,-4
WFI t=137801 a=-3649,-760,1937 g=-1,-1,-5
WFI t=137851 a=-3640,-760,1943 g=-3,-2,-5
WFI t=137901 a=-3656,-764,1929 g=-3,-2,-5
WFI t=137952 a=-3651,-761,1940 g=-2,-2,-4
WFI t=138001 a=-3656,-756,1937 g=0,-2,-5
WFI t=138051 a=-3659,-771,1934 g=-3,-3,-5
WFI t=138101 a=-3647,-763,1935 g=-2,-3,-4
WFR t=138147 src=bms type=0x02 len=129 data=d2037c0ee90ee80ee90ee90ee90ee90ee90ee90ee80ee90ee90eea0eed0eec0eed0eec0eed0eed0eee0eee0eee0eef0eef0eef0eed0eee0eee0eee0000000000000000003d0000000000000000000000000000042d752f02ad0eef0ee8003d003d00000156001c0001001d0000000100010eeb0007000a00000000000000005a27
WFI t=138152 a=-3646,-775,1940 g=-4,-2,-5
WFI t=138202 a=-3656,-751,1936 g=-4,-2,-4
WFI t=138251 a=-3652,-757,1940 g=-1,-3,-4
WFI t=138301 a=-3654,-756,1931 g=-6,-3,-5
WFI t=138352 a=-3648,-760,1944 g=4,-2,-4
WFI t=138402 a=-3645,-759,1941 g=-5,-2,-7
WFI t=138451 a=-3646,-762,1933 g=1,-3,-5
WFI t=138501 a=-3656,-759,1931 g=-1,-2,-5
WFI t=138551 a=-3650,-756,1937 g=-4,-3,-5
WFI t=138602 a=-3641,-759,1937 g=-1,0,-5
WFI t=138651 a=-3648,-751,1944 g=2,-4,-4
WFI t=138785 a=-3656,-757,1942 g=-2,-3,-5
WFI t=138787 a=-3656,-767,1936 g=-5,-3,-4
WFI t=138802 a=-3647,-752,1939 g=-3,-1,-5
WFI t=138851 a=-3655,-762,1934 g=-3,-1,-4
WFI t=138901 a=-3646,-758,1938 g=-1,-2,-4
WFI t=138952 a=-3636,-738,1935 g=-4,-2,-4
WFI t=139001 a=-3648,-764,1949 g=1,-3,-6
WFI t=139051 a=-3645,-758,1936 g=-4,-3,-5
WFI t=139102 a=-3635,-756,1943 g=0,-2,-4
WFI t=139151 a=-3662,-754,1941 g=-1,-3,-4
WFR t=139197 src=bms type=0x02 len=129 data=d2037c0ee90ee90ee90ee90ee90ee90ee90ee90ee80ee90ee90eea0eed0eed0eed0eec0eed0eed0eee0eee0eee0eef0eef0eef0eed0eee0eee0eee0000000000000000003d0000000000000000000000000000042d752f02ad0eef0ee8003d003d00000156001c0001001d0000000100010eeb0007000a00000000000000008d5a
WFI t=139202 a=-3657,-755,1939 g=-3,-1,-5
WFI t=139252 a=-3636,-759,1940 g=-5,-2,-5
WFI t=139301 a=-3655,-747,1942 g=-4,-3,-5
WFI t=139351 a=-3649,-752,1941 g=0,-3,-5
WFI t=139402 a=-3657,-759,1935 g=-1,-4,-4
WFI t=139452 a=-3650,-763,1935 g=-4,-2,-5
WFI t=139501 a=-3651,-755,1937 g=1,-2,-5
WFI t=139552 a=-3639,-753,1938 g=-2,-2,-6
WFI t=139601 a=-3661,-762,1936 g=-4,-3,-5
WFI t=139651 a=-3652,-759,1937 g=-2,-3,-5
WFI t=139702 a=-3651,-753,1932 g=-3,-3,-5
WFI t=139751 a=-3658,-757,1930 g=-5,-3,-5
WFI t=139801 a=-3649,-743,1934 g=-1,-3,-5
WFI t=139852 a=-3665,-769,1927 g=-7,-2,-5
WFI t=139901 a=-3652,-770,1932 g=1,-2,-5
WFI t=139951 a=-3657,-761,1943 g=-6,-2,-5
WFI t=140002 a=-3659,-762,1948 g=-4,-3,-6
WFI t=140052 a=-3649,-769,1935 g=-2,-3,-5
WFI t=140101 a=-3657,-756,1938 g=-4,-1,-6
WFI t=140152 a=-3658,-776,1942 g=-2,-3,-5
WFI t=140202 a=-3650,-753,1942 g=-6,-2,-5
WFR t=140217 src=bms type=0x02 len=129 data=d2037c0ee90ee90ee90ee90ee90ee90ee90eea0ee80ee90ee90eea0eed0eed0eed0eec0eee0eee0eef0eee0eee0eef0eef0eef0eed0eee0eee0eee0000000000000000003d0000000000000000000000000000042d752f02ad0eef0ee8003d003d00000156001c0001001d0000000100010eeb0007000a00000000000000000c02
WFI t=140252 a=-3646,-761,1949 g=-2,-2,-6
WFI t=140302 a=-3653,-748,1950 g=0,0,-4
WFI t=140351 a=-3647,-764,1936 g=-3,-2,-4
WFI t=140401 a=-3634,-752,1943 g=2,0,-4
WFI t=140452 a=-3644,-747,1953 g=-3,-3,-5
WFI t=140501 a=-3655,-762,1931 g=-1,-3,-5
WFI t=140551 a=-3649,-747,1949 g=-4,-2,-5
WFI t=140602 a=-3638,-758,1936 g=-1,-3,-6
WFI t=140651 a=-3642,-766,1935 g=-3,-1,-4
WFI t=140711 a=-3652,-761,1940 g=0,0,-6
WFI t=140794 a=-3650,-753,1943 g=-4,-2,-6
WFI t=140801 a=-3672,-752,1934 g=-1,-2,-4
WFI t=140852 a=-3644,-760,1935 g=-3,-3,-5
WFI t=140902 a=-3653,-761,1931 g=-7,-2,-5
WFI t=140951 a=-3650,-770,1942 g=2,-1,-4
WFI t=141002 a=-3634,-755,1936 g=-5,0,-5
WFI t=141052 a=-3656,-757,1928 g=-6,-2,-5
WFI t=141102 a=-3648,-760,1933 g=-1,-3,-5
WFI t=141151 a=-3643,-756,1925 g=-4,-2,-4
WFI t=141202 a=-3653,-762,1939 g=-6,-1,-4
WFR t=141207 src=bms type=0x02 len=129 data=d2037c0ee90ee90ee90ee90ee90ee90ee90ee90ee80ee90ee90eea0eed0eed0eed0eec0eed0eee0eee0eee0eee0eef0eef0eef0eed0eee0eee0eee0000000000000000003d0000000000000000000000000000042d752f02ad0eef0ee8003d003d00000156001c0001001d0000000100010eeb0007000a00000000000000007958
WFI t=141252 a=-3656,-767,1941 g=-4,-2,-5
WFI t=141302 a=-3660,-756,1932 g=-2,-3,-4
WFI t=141352 a=-3663,-765,1940 g=3,-1,-5
WFI t=141401 a=-3656,-751,1945 g=-3,-2,-5
WFI t=141451 a=-3651,-758,1935 g=-6,-5,-6
WFI t=141502 a=-3647,-761,1940 g=-4,-3,-6
WFI t=141551 a=-3647,-759,1936 g=-3,-3,-5
WFI t=141601 a=-3655,-768,1943 g=-3,-3,-6
WFI t=141652 a=-3647,-758,1946 g=1,-3,-6
WFI t=141702 a=-3641,-766,1935 g=-1,-3,-4
WFI t=141751 a=-3642,-770,1934 g=-7,-2,-5
WFI t=141802 a=-3641,-774,1949 g=0,-3,-5
WFI t=141851 a=-3642,-752,1941 g=0,-3,-4
WFI t=141902 a=-3644,-759,1952 g=-2,-2,-5
WFI t=141952 a=-3648,-758,1936 g=1,-4,-4
WFT t=141990 batt_mv=4186 rssi_mcu=0 rssi_bms=-80 mcu=0 bms=110 dropped=0
WFI t=142002 a=-3656,-746,1936 g=0,-2,-5
WFI t=142051 a=-3653,-759,1940 g=2,-2,-4
WFI t=142102 a=-3643,-759,1944 g=0,-1,-4
WFI t=142151 a=-3643,-747,1947 g=0,-4,-4
WFI t=142201 a=-3655,-756,1938 g=-3,-4,-5
WFR t=142227 src=bms type=0x02 len=129 data=d2037c0ee90ee90ee90ee90ee90ee90ee90ee90ee80ee90ee90eea0eed0eed0eed0eec0eed0eed0eee0eee0eee0eef0eef0eef0eed0eee0eee0eee0000000000000000003d0000000000000000000000000000042d752f02ad0eef0ee8003d003d00000156001c0001001d0000000100010eeb0007000a00000000000000008d5a
WFI t=142252 a=-3647,-760,1930 g=-4,-4,-5
WFI t=142301 a=-3651,-763,1939 g=0,-3,-5
WFI t=142351 a=-3661,-766,1938 g=-2,-2,-6
WFI t=142402 a=-3647,-747,1943 g=-1,-2,-4
WFI t=142451 a=-3654,-760,1941 g=-5,-2,-6
WFI t=142501 a=-3651,-761,1939 g=-1,-4,-5
WFI t=142552 a=-3654,-745,1939 g=-2,-2,-5
WFI t=142601 a=-3646,-764,1938 g=-1,-4,-4
WFI t=142651 a=-3656,-762,1943 g=-3,-2,-6
WFI t=142719 a=-3651,-762,1934 g=-3,-3,-5
WFI t=142801 a=-3648,-759,1946 g=-5,-4,-6
WFI t=142805 a=-3640,-767,1934 g=-6,-2,-5
WFI t=142852 a=-3650,-761,1929 g=1,-2,-4
WFI t=142901 a=-3659,-765,1931 g=3,-1,-5
WFI t=142951 a=-3651,-758,1938 g=-3,-3,-4
WFI t=143002 a=-3645,-777,1943 g=-3,-2,-5
WFI t=143052 a=-3641,-774,1929 g=-1,-3,-4
WFI t=143101 a=-3664,-764,1942 g=-2,-2,-4
WFI t=143152 a=-3645,-763,1937 g=-3,-2,-5
WFI t=143201 a=-3646,-762,1951 g=-4,-2,-4
WFR t=143247 src=bms type=0x02 len=129 data=d2037c0ee90ee90ee90ee90ee90ee90ee90ee90ee80ee90ee90eea0eed0eed0eed0eec0eed0eed0eef0eee0eee0eef0eef0eef0eed0eee0eee0eee0000000000000000003d0000000000000000000000000000042d752f02ad0eef0ee8003d003d00000156001c0001001d0000000100010eeb0007000a0000000000000000e3d8
WFI t=143252 a=-3651,-749,1934 g=-2,0,-4
WFI t=143302 a=-3663,-761,1938 g=-4,-2,-3
WFI t=143351 a=-3651,-761,1945 g=-3,-2,-5
WFI t=143401 a=-3657,-768,1931 g=2,-4,-4
WFI t=143452 a=-3642,-755,1943 g=-1,-4,-5
WFI t=143501 a=-3647,-761,1937 g=4,0,-4
WFI t=143551 a=-3657,-770,1945 g=-2,-3,-4
WFI t=143602 a=-3639,-763,1947 g=-7,-2,-4
WFI t=143652 a=-3647,-756,1941 g=-3,-2,-5
WFI t=143705 a=-3652,-756,1933 g=-1,-3,-5
WFI t=143752 a=-3649,-762,1935 g=-2,-3,-4
WFI t=143801 a=-3652,-751,1942 g=-4,-3,-6
WFI t=143852 a=-3654,-752,1926 g=-4,-5,-6
WFI t=143902 a=-3668,-770,1939 g=-1,-3,-5
WFI t=143951 a=-3648,-758,1927 g=-3,-4,-4
WFI t=144001 a=-3656,-756,1951 g=-5,-2,-5
WFI t=144052 a=-3653,-762,1944 g=-3,-2,-4
WFI t=144101 a=-3649,-765,1926 g=-4,-3,-4
WFI t=144151 a=-3657,-748,1936 g=-1,-3,-6
WFI t=144201 a=-3657,-762,1930 g=-5,-3,-6
WFR t=144237 src=bms type=0x02 len=129 data=d2037c0ee90ee80ee90ee90ee90ee90ee90ee90ee80ee90ee90eea0eed0eed0eed0eec0eee0eee0eef0eee0eee0eef0eef0eef0eed0eee0eee0eee0000000000000000003d0000000000000000000000000000042d752f02ad0eef0ee8003d003d00000156001c0001001d0000000100010eeb0007000a00000000000000001d4b
WFI t=144252 a=-3651,-764,1936 g=0,-3,-4
WFI t=144301 a=-3639,-758,1936 g=-2,-4,-5
WFI t=144351 a=-3641,-766,1943 g=0,-4,-4
WFI t=144401 a=-3657,-763,1938 g=-6,-2,-5
WFI t=144452 a=-3656,-752,1948 g=-6,-3,-6
WFI t=144501 a=-3650,-755,1930 g=-3,-2,-4
WFI t=144551 a=-3643,-747,1945 g=-3,-3,-5
WFI t=144601 a=-3653,-759,1935 g=-4,-3,-6
WFI t=144651 a=-3658,-756,1939 g=-3,-6,-5
WFI t=144726 a=-3633,-755,1932 g=2,-3,-4
WFI t=144830 a=-3652,-760,1943 g=-2,-2,-5
WFI t=144832 a=-3669,-768,1937 g=-6,-3,-5
WFI t=144852 a=-3657,-765,1940 g=-3,-1,-3
WFI t=145014 a=-3655,-759,1927 g=0,-2,-5
WFI t=145029 a=-3650,-774,1936 g=-2,-1,-6
WFI t=145031 a=-3646,-757,1936 g=-4,-2,-6
WFI t=145052 a=-3655,-752,1936 g=0,-2,-5
WFI t=145102 a=-3655,-762,1941 g=1,-3,-4
WFI t=145151 a=-3648,-766,1932 g=-6,-2,-4
WFI t=145201 a=-3656,-766,1942 g=-7,-4,-6
WFI t=145251 a=-3661,-762,1942 g=-3,-3,-4
WFR t=145257 src=bms type=0x02 len=129 data=d2037c0ee90ee80ee90ee90ee90ee80ee90eea0ee80ee90ee90eea0eed0eed0eed0eec0eee0eed0eef0eee0eee0eef0eef0eef0eed0eee0eee0eee0000000000000000003d0000000000000000000000000000042d753002ad0eef0ee8003d003d00000156001c0001001d0000000100010eeb000700000000000000000000a29d
WFI t=145302 a=-3655,-759,1940 g=0,-2,-6
WFI t=145351 a=-3646,-755,1937 g=-6,-1,-5
WFI t=145401 a=-3653,-763,1934 g=-6,-2,-5
WFI t=145451 a=-3655,-769,1946 g=-1,-1,-5
WFI t=145502 a=-3655,-765,1938 g=2,-2,-6
WFI t=145551 a=-3651,-761,1946 g=-7,-4,-5
WFI t=145601 a=-3659,-754,1934 g=0,-2,-4
WFI t=145651 a=-3660,-767,1938 g=-3,-3,-4
WFI t=145702 a=-3665,-747,1943 g=-7,-4,-6
WFI t=145751 a=-3657,-759,1929 g=-6,-3,-6
WFI t=145801 a=-3655,-765,1935 g=-2,-4,-4
WFI t=145851 a=-3648,-764,1937 g=-2,0,-5
WFI t=145901 a=-3651,-762,1952 g=-2,-2,-5
WFI t=145952 a=-3642,-764,1942 g=-4,-3,-5
WFI t=146001 a=-3656,-741,1933 g=-8,-3,-5
WFI t=146052 a=-3650,-764,1918 g=-4,-4,-7
WFI t=146101 a=-3645,-759,1940 g=-2,-1,-7
WFI t=146152 a=-3637,-759,1951 g=1,-1,-6
WFI t=146201 a=-3644,-764,1949 g=-6,-4,-3
WFI t=146251 a=-3663,-775,1927 g=-9,-2,-2
WFR t=146277 src=bms type=0x02 len=129 data=d2037c0ee90ee90ee90ee90ee90ee90ee90eea0ee80ee90ee90eea0eed0eed0eed0eec0eed0eee0eee0eee0eee0eef0eef0eef0eed0eef0eee0eee0000000000000000003d0000000000000000000000000000042d752f02ad0eef0ee8003d003d00000156001c0001001d0000000100010eeb0007000a0000000000000000f750
WFI t=146302 a=-3670,-764,1906 g=-1,-4,-5
WFI t=146352 a=-3644,-765,1937 g=2,-2,-8
WFI t=146401 a=-3638,-742,1960 g=0,-1,-6
WFI t=146451 a=-3658,-736,1960 g=-8,-3,-3
WFI t=146501 a=-3655,-760,1947 g=-12,-3,-3
WFI t=146551 a=-3644,-758,1924 g=-5,-4,-6
WFI t=146601 a=-3638,-758,1929 g=-1,0,-8
WFI t=146651 a=-3642,-752,1951 g=2,-1,-5
WFI t=146731 a=-3651,-763,1936 g=-10,-4,-4
WFI t=146820 a=-3667,-765,1944 g=2,-1,-6
WFI t=146823 a=-3667,-765,1944 g=2,-1,-6
WFI t=146852 a=-3644,-752,1945 g=0,-1,-5
WFI t=146901 a=-3649,-740,1946 g=-3,-3,-5
WFI t=146951 a=-3650,-770,1954 g=-7,0,-5
WFI t=147001 a=-3647,-756,1939 g=-4,-1,-4
WFT t=147045 batt_mv=4182 rssi_mcu=0 rssi_bms=-78 mcu=0 bms=115 dropped=0
WFI t=147052 a=-3661,-753,1937 g=-1,0,-7
WFI t=147101 a=-3652,-752,1939 g=-4,-3,-4
WFI t=147151 a=-3638,-754,1944 g=-2,-1,-6
WFI t=147201 a=-3661,-753,1948 g=-3,-3,-5
WFI t=147252 a=-3660,-767,1951 g=-5,-3,-6
WFR t=147267 src=bms type=0x02 len=129 data=d2037c0ee90ee80ee90ee90ee90ee90ee90ee90ee80ee90ee90eea0eed0eed0eed0eec0eed0eee0eef0eee0eee0eef0eef0eef0eed0eef0eee0eee0000000000000000003d0000000000000000000000000000042d752f02ad0eef0ee8003d003d00000156001c0001001d0000000100010eeb0007000a0000000000000000889b
WFI t=147302 a=-3654,-748,1941 g=-5,-3,-4
WFI t=147352 a=-3653,-767,1938 g=-4,-4,-4
WFI t=147401 a=-3649,-757,1929 g=-3,-2,-5
WFI t=147452 a=-3647,-755,1926 g=-1,-2,-7
WFI t=147501 a=-3646,-771,1953 g=0,-2,-4
WFI t=147551 a=-3662,-748,1937 g=-4,-3,-2
WFI t=147601 a=-3657,-763,1923 g=0,-1,-3
WFI t=147652 a=-3658,-760,1932 g=-6,-4,-5
WFI t=147701 a=-3655,-765,1941 g=-5,-4,-6
WFI t=147751 a=-3643,-765,1947 g=-4,-3,-4
WFI t=147801 a=-3655,-760,1944 g=-3,-4,-4
WFI t=147852 a=-3655,-773,1939 g=-4,-3,-5
WFI t=147901 a=-3640,-751,1941 g=2,-2,-6
WFI t=147952 a=-3647,-754,1940 g=-2,-2,-4
WFI t=148001 a=-3664,-763,1944 g=-6,-3,-4
WFI t=148052 a=-3647,-769,1939 g=3,-1,-6
WFI t=148102 a=-3645,-756,1949 g=-5,-1,-6
WFI t=148151 a=-3646,-769,1938 g=-8,-2,-2
WFI t=148201 a=-3648,-768,1918 g=-1,-4,-2
WFI t=148252 a=-3657,-762,1941 g=0,-2,-6
WFI t=148301 a=-3654,-755,1959 g=5,-1,-6
WFI t=148351 a=-3636,-753,1957 g=-3,-2,-5
WFI t=148401 a=-3653,-758,1949 g=-5,-3,-2
WFI t=148452 a=-3650,-763,1924 g=-5,-3,-3
WFI t=148502 a=-3655,-763,1920 g=0,-2,-8
WFI t=148552 a=-3628,-756,1942 g=3,-2,-5
WFI t=148601 a=-3647,-758,1950 g=-6,-3,-3
WFI t=148652 a=-3648,-758,1937 g=-5,-4,-2
WFI t=148742 a=-3652,-749,1944 g=3,0,-7
WFI t=148827 a=-3649,-748,1958 g=-7,-5,-5
WFI t=148829 a=-3646,-770,1946 g=-4,-3,-2
WFI t=148852 a=-3648,-765,1932 g=-5,-2,-3
WFI t=148902 a=-3662,-763,1917 g=-5,-4,-5
WFI t=148951 a=-3649,-759,1931 g=6,-2,-8
WFI t=149001 a=-3644,-756,1945 g=0,-1,-6
WFI t=149052 a=-3652,-755,1955 g=-9,-3,-2
WFI t=149102 a=-3655,-759,1936 g=-9,-4,-3
WFI t=149151 a=-3657,-762,1932 g=-1,-2,-6
WFI t=149201 a=-3635,-749,1953 g=0,-1,-6
WFI t=149251 a=-3640,-757,1949 g=-6,-3,-5
WFI t=149301 a=-3662,-751,1931 g=-3,-3,-2
WFI t=149351 a=-3660,-762,1935 g=-2,-2,-6
WFI t=149401 a=-3669,-768,1940 g=0,-1,-5
WFI t=149451 a=-3631,-758,1955 g=-7,-2,-5
WFI t=149502 a=-3641,-758,1936 g=-7,-3,-2
WFI t=149551 a=-3667,-755,1922 g=-6,-3,-5
WFI t=149602 a=-3646,-761,1937 g=-3,-2,-8
WFI t=149651 a=-3643,-757,1947 g=-5,-4,-6
WFI t=149701 a=-3650,-759,1942 g=-6,-2,-2
WFI t=149752 a=-3654,-762,1935 g=0,-3,-3
WFI t=149801 a=-3662,-748,1942 g=-1,-3,-6
WFI t=149851 a=-3647,-754,1957 g=3,-2,-7
WFI t=149902 a=-3647,-754,1957 g=-4,-2,-4
WFI t=149951 a=-3655,-771,1939 g=-7,-2,-2
WFI t=150001 a=-3643,-766,1916 g=-3,-2,-5
WFI t=150052 a=-3653,-760,1940 g=1,-3,-8
WFI t=150102 a=-3650,-752,1952 g=1,-4,-6
WFI t=150152 a=-3641,-766,1946 g=-6,-3,-3
WFI t=150202 a=-3660,-757,1921 g=-5,-3,-4
WFI t=150251 a=-3657,-767,1941 g=2,-2,-7
WFI t=150301 a=-3641,-756,1942 g=0,0,-7
WFI t=150352 a=-3651,-760,1946 g=-5,-3,-3
WFI t=150401 a=-3652,-778,1935 g=-6,-4,-4
WFI t=150451 a=-3657,-761,1927 g=-1,-3,-5
WFI t=150502 a=-3657,-760,1936 g=0,-1,-7
WFI t=150552 a=-3653,-760,1948 g=-4,-2,-6
WFI t=150601 a=-3645,-751,1950 g=-3,-2,-3
WFI t=150652 a=-3645,-752,1937 g=-1,-2,-5
WFI t=150701 a=-3644,-758,1944 g=-3,-1,-7
WFI t=150836 a=-3637,-770,1929 g=-7,-5,-4
WFI t=150839 a=-3659,-772,1932 g=-6,-3,-3
WFI t=150851 a=-3647,-763,1917 g=1,-3,-4
WFI t=150901 a=-3649,-760,1945 g=-1,0,-6
WFI t=150951 a=-3646,-753,1966 g=-3,-3,-6
WFI t=151001 a=-3644,-755,1946 g=-4,-3,-2
WFI t=151051 a=-3648,-763,1946 g=-5,-5,-1
WFI t=151102 a=-3662,-762,1936 g=0,-2,-5
WFI t=151151 a=-3660,-758,1940 g=3,-2,-7
WFI t=151201 a=-3635,-754,1952 g=-4,-3,-6
WFI t=151251 a=-3661,-762,1938 g=-5,-3,-4
WFI t=151301 a=-3652,-766,1933 g=-6,-2,-5
WFI t=151351 a=-3654,-767,1943 g=-6,-2,-5
WFI t=151401 a=-3655,-760,1937 g=-1,-3,-6
WFI t=151451 a=-3646,-761,1946 g=-3,-2,-4
WFI t=151502 a=-3657,-769,1925 g=-1,-1,-3
WFI t=151551 a=-3650,-762,1933 g=-3,-1,-6
WFI t=151601 a=-3647,-759,1939 g=2,-1,-6
WFI t=151651 a=-3644,-764,1944 g=-1,-2,-4
WFI t=151702 a=-3642,-759,1938 g=-5,-3,-4
WFI t=151751 a=-3660,-749,1932 g=-2,-1,-5
WFI t=151801 a=-3665,-764,1948 g=-5,-2,-6
WFI t=151851 a=-3655,-761,1951 g=-6,-4,-5
WFI t=151902 a=-3664,-761,1934 g=-5,-2,-4
WFI t=151951 a=-3638,-761,1935 g=-3,-1,-5
WFI t=152001 a=-3639,-762,1933 g=-1,-2,-6
WFI t=152051 a=-3646,-770,1939 g=-7,-5,-6
WFT t=152070 batt_mv=4170 rssi_mcu=0 rssi_bms=-83 mcu=0 bms=116 dropped=0
WFI t=152102 a=-3643,-748,1949 g=-4,-4,-3
WFI t=152152 a=-3650,-756,1927 g=-4,-4,-3
WFI t=152201 a=-3652,-762,1932 g=-3,-2,-6
WFI t=152251 a=-3649,-749,1946 g=-1,-2,-6
WFI t=152302 a=-3651,-757,1936 g=-4,-2,-3
WFI t=152351 a=-3655,-752,1937 g=-6,-2,-4
WFI t=152401 a=-3655,-770,1943 g=-1,-2,-6
WFI t=152451 a=-3648,-762,1928 g=-2,-2,-5
WFI t=152502 a=-3652,-754,1937 g=-3,-3,-5
WFI t=152551 a=-3656,-752,1947 g=0,-1,-4
WFI t=152601 a=-3651,-762,1946 g=2,-2,-4
WFI t=152651 a=-3656,-763,1938 g=-5,-2,-4
WFI t=152701 a=-3643,-766,1946 g=-4,-2,-5
WFI t=152843 a=-3650,-751,1943 g=-1,-3,-4
WFI t=152844 a=-3650,-751,1943 g=-1,-3,-4
WFI t=152851 a=-3645,-759,1944 g=-3,-3,-5
WFI t=152902 a=-3649,-762,1936 g=4,-1,-4
WFI t=152951 a=-3636,-761,1936 g=-4,-2,-4
WFI t=153001 a=-3646,-764,1938 g=-6,-4,-5
WFI t=153051 a=-3656,-763,1944 g=-3,-4,-4
WFI t=153102 a=-3654,-763,1941 g=-4,-3,-7
WFI t=153151 a=-3648,-749,1934 g=-3,-1,-4
WFI t=153201 a=-3658,-756,1940 g=-3,-4,-5
WFI t=153251 a=-3657,-753,1943 g=-4,-1,-5
WFI t=153302 a=-3655,-756,1950 g=-2,-2,-5
WFI t=153352 a=-3659,-768,1937 g=-5,-2,-5
WFI t=153401 a=-3654,-765,1945 g=-6,-1,-5
WFI t=153451 a=-3653,-757,1935 g=-4,-1,-5
WFI t=153508 a=-3642,-757,1938 g=-5,-3,-5
WFI t=153552 a=-3656,-756,1933 g=-1,-2,-5
WFI t=153601 a=-3654,-750,1924 g=-3,-3,-4
WFI t=153651 a=-3649,-760,1935 g=0,-4,-4
WFI t=153701 a=-3657,-765,1943 g=-1,-1,-5
WFI t=153751 a=-3647,-743,1931 g=-4,-2,-5
WFI t=153801 a=-3645,-759,1945 g=-3,-3,-7
WFI t=153851 a=-3637,-767,1931 g=-1,-2,-4
WFI t=153901 a=-3655,-747,1946 g=-1,-2,-4
WFI t=153999 a=-3662,-757,1942 g=-5,-2,-5
WFI t=154071 a=-3646,-763,1946 g=-4,-3,-4
WFI t=154073 a=-3640,-756,1937 g=-5,-2,-4
WFI t=154102 a=-3644,-768,1932 g=-4,-2,-4
WFI t=154151 a=-3635,-761,1946 g=-1,-2,-5
WFI t=154201 a=-3650,-757,1946 g=-5,-1,-5
WFI t=154251 a=-3653,-757,1946 g=1,-2,-5
WFI t=154302 a=-3653,-747,1939 g=-5,-2,-6
WFI t=154351 a=-3656,-769,1940 g=-4,-2,-4
WFI t=154401 a=-3640,-764,1938 g=-3,-2,-5
WFI t=154451 a=-3656,-760,1932 g=-2,-4,-5
WFI t=154502 a=-3668,-770,1940 g=-2,-3,-5
WFI t=154552 a=-3644,-755,1934 g=-4,-2,-5
WFI t=154601 a=-3654,-759,1942 g=1,-1,-4
WFI t=154651 a=-3663,-753,1933 g=-4,-2,-4
WFI t=154702 a=-3651,-767,1944 g=-3,-2,-4
WFI t=154834 a=-3655,-756,1940 g=-6,-4,-5
WFI t=154850 a=-3644,-753,1941 g=2,-4,-4
WFI t=154852 a=-3644,-753,1941 g=2,-4,-4
WFI t=154902 a=-3652,-753,1941 g=-2,-3,-5
WFI t=154951 a=-3648,-756,1937 g=-4,-3,-4
WFI t=155001 a=-3653,-756,1938 g=1,-2,-4
WFI t=155051 a=-3650,-750,1937 g=-4,-2,-5
WFI t=155102 a=-3652,-757,1936 g=1,-2,-4
WFI t=155152 a=-3650,-750,1945 g=-1,-3,-4
WFI t=155201 a=-3650,-751,1931 g=-4,-3,-5
WFI t=155251 a=-3645,-770,1945 g=1,-2,-6
WFI t=155302 a=-3647,-765,1927 g=-4,-3,-4
WFI t=155351 a=-3660,-754,1935 g=1,-1,-6
WFI t=155401 a=-3657,-755,1934 g=-9,-4,-4
WFI t=155452 a=-3659,-767,1922 g=-1,-2,-6
WFI t=155501 a=-3660,-762,1928 g=-1,-3,-4
WFI t=155552 a=-3660,-758,1934 g=-3,-1,-5
WFI t=155601 a=-3636,-756,1937 g=-1,-1,-5
WFI t=155651 a=-3658,-753,1945 g=-1,-1,-6
WFI t=155701 a=-3654,-758,1939 g=2,-1,-5
WFI t=155752 a=-3646,-757,1937 g=-1,-2,-5
WFI t=155801 a=-3663,-763,1935 g=-6,-3,-5
WFI t=155851 a=-3653,-766,1940 g=-4,-2,-5
WFI t=155901 a=-3665,-755,1947 g=-2,-3,-5
WFI t=155952 a=-3646,-751,1928 g=-4,-3,-3
WFI t=156001 a=-3666,-765,1938 g=-1,-2,-4
WFI t=156052 a=-3654,-764,1938 g=1,-2,-5
WFI t=156101 a=-3646,-751,1944 g=-4,-4,-4
WFI t=156152 a=-3658,-759,1940 g=-4,-4,-5
WFI t=156202 a=-3641,-757,1938 g=0,-3,-4
WFI t=156251 a=-3649,-771,1938 g=-1,-2,-3
WFI t=156301 a=-3649,-757,1937 g=-1,-1,-5
WFI t=156352 a=-3654,-753,1938 g=-5,-3,-4
WFI t=156401 a=-3648,-753,1946 g=-1,-1,-5
WFI t=156451 a=-3663,-762,1944 g=-2,-4,-5
WFI t=156501 a=-3654,-750,1934 g=-6,-4,-5
WFI t=156551 a=-3648,-760,1946 g=0,-3,-4
WFI t=156601 a=-3651,-758,1940 g=-3,-3,-3
WFI t=156652 a=-3656,-758,1941 g=-2,-2,-4
WFI t=156701 a=-3646,-757,1931 g=-5,-4,-5
WFI t=156815 a=-3647,-755,1939 g=-7,-2,-5
WFI t=156817 a=-3657,-754,1941 g=-5,-3,-5
WFI t=156852 a=-3649,-759,1933 g=-1,-3,-5
WFI t=156956 a=-3657,-759,1937 g=-6,-4,-6
WFI t=156958 a=-3652,-758,1939 g=-4,-3,-5
WFI t=157001 a=-3647,-762,1931 g=0,-2,-5
WFI t=157051 a=-3653,-759,1937 g=-5,-4,-5
WFI t=157102 a=-3654,-754,1947 g=-1,-2,-4
WFT t=157145 batt_mv=4180 rssi_mcu=0 rssi_bms=-83 mcu=0 bms=116 dropped=0
WFI t=157152 a=-3655,-758,1936 g=-6,-3,-6
WFI t=157201 a=-3661,-764,1948 g=-3,-4,-5
WFI t=157252 a=-3654,-750,1933 g=0,-3,-5
WFI t=157301 a=-3653,-764,1932 g=-1,-3,-4
WFE t=157347 bms stale, no frame for 10078 ms, dropping link
WFI t=157351 a=-3665,-762,1935 g=-3,-5,-4
WFE t=157360 bms link down (stale) after 28 answers in 37960 ms, writes=38 err=0 silent=10 bytes=3612
WFE t=157377 bms disconnected reason=534
WFI t=157402 a=-3665,-759,1935 g=-7,-4,-5
WFI t=157452 a=-3646,-760,1944 g=-5,-2,-4
WFI t=157501 a=-3645,-764,1945 g=-5,-3,-4
WFI t=157551 a=-3650,-761,1943 g=-2,-2,-4
WFI t=157602 a=-3646,-760,1935 g=0,-4,-5
WFI t=157651 a=-3645,-763,1935 g=-3,-3,-5
WFI t=157701 a=-3640,-762,1942 g=-1,-4,-5
WFI t=157751 a=-3651,-765,1944 g=-5,-3,-4
WFI t=157801 a=-3658,-767,1942 g=-6,-3,-4
WFI t=157852 a=-3645,-752,1939 g=0,-1,-5
WFI t=157902 a=-3652,-759,1939 g=-4,-2,-4
WFI t=157951 a=-3662,-760,1940 g=-3,-2,-5
WFI t=158001 a=-3658,-754,1935 g=-1,-3,-5
WFI t=158051 a=-3646,-752,1930 g=-2,-3,-4
WFI t=158102 a=-3652,-768,1939 g=-3,-3,-4
WFI t=158151 a=-3643,-764,1934 g=0,-4,-4
WFI t=158201 a=-3646,-756,1947 g=-3,-3,-6
WFI t=158251 a=-3650,-760,1950 g=-5,-3,-5
WFI t=158302 a=-3644,-753,1932 g=-2,-4,-5
WFI t=158351 a=-3657,-770,1933 g=-7,-3,-4
WFI t=158401 a=-3653,-759,1923 g=-6,-3,-5
WFI t=158451 a=-3648,-765,1941 g=-2,-3,-5
WFI t=158502 a=-3651,-757,1958 g=-3,-2,-6
WFI t=158551 a=-3661,-759,1950 g=-7,-1,-4
WFI t=158601 a=-3648,-766,1933 g=-5,-3,-4
WFI t=158651 a=-3659,-757,1944 g=0,-2,-5
WFI t=158702 a=-3654,-760,1953 g=-2,-2,-5
WFI t=158856 a=-3654,-762,1957 g=-5,-3,-5
WFI t=158872 a=-3649,-759,1943 g=-4,-3,-4
WFI t=158875 a=-3659,-757,1936 g=-4,-2,-6
WFI t=158902 a=-3652,-760,1948 g=-1,-1,-6
WFI t=158951 a=-3649,-761,1941 g=-1,-1,-6
WFI t=159001 a=-3650,-765,1938 g=-1,-3,-4
WFI t=159051 a=-3647,-762,1934 g=-4,-2,-6
WFI t=159102 a=-3655,-766,1937 g=-5,-1,-5
WFI t=159151 a=-3662,-764,1934 g=0,-2,-4
WFI t=159201 a=-3642,-762,1929 g=-2,-1,-5
WFI t=159251 a=-3651,-751,1941 g=-2,-2,-5
WFE t=159288 bms subscribed val=0x0010 cccd=0x0011 ctrl=0x0014 mtu=512 regs=62
WFE t=159289 bms conn itvl=80 latency=0 timeout=600
WFI t=159302 a=-3655,-756,1947 g=2,-2,-4
WFE t=159319 bms conn update force itvl=24 rc=0
WFE t=159320 bms reconnected (attempt 4)
WFE t=159336 bms mtu event mtu=512
WFI t=159352 a=-3642,-755,1953 g=-3,-3,-4
WFI t=159401 a=-3652,-764,1940 g=-1,-3,-5
WFI t=159451 a=-3649,-755,1943 g=-6,-3,-3
WFI t=159502 a=-3645,-759,1926 g=0,-2,-5
WFI t=159551 a=-3650,-762,1943 g=0,-2,-5
WFE t=159590 bms conn update req itvl=12-12 latency=0 timeout=400 via=l2cap
WFR t=159591 src=bms type=0x02 len=129 data=d2037c0ee90ee80ee90ee90ee90ee90ee90ee90ee80ee90ee90eea0eed0eed0eed0eec0eed0eee0eee0eee0eee0eef0eef0eef0eed0eef0eee0eee0000000000000000003d0000000000000000000000000000042d752f02ad0eef0ee8003d003d00000156001c0001001d0000000100010eeb0007000a0000000000000000e619
WFI t=159602 a=-3657,-754,1936 g=-2,-2,-4
WFI t=159651 a=-3659,-760,1939 g=-4,-1,-4
WFI t=159701 a=-3661,-765,1929 g=1,-2,-5
WFI t=159751 a=-3658,-763,1938 g=-4,-3,-6
WFI t=159801 a=-3641,-760,1940 g=-4,-2,-6
WFI t=159851 a=-3655,-766,1941 g=-3,-4,-4
WFI t=159901 a=-3654,-754,1951 g=-1,-2,-3
WFI t=159951 a=-3648,-770,1945 g=0,-1,-5
WFE t=159988 bms conn update status=0 itvl=24 latency=0 timeout=600
WFI t=160001 a=-3661,-749,1938 g=-4,-2,-6
WFI t=160051 a=-3642,-766,1954 g=1,-2,-4
WFI t=160102 a=-3661,-758,1944 g=-4,-3,-6
WFI t=160152 a=-3653,-768,1940 g=-1,0,-4
WFI t=160201 a=-3646,-759,1943 g=-2,-3,-3
WFI t=160251 a=-3660,-763,1940 g=1,-3,-5
WFI t=160301 a=-3652,-764,1952 g=0,-1,-4
WFI t=160351 a=-3648,-757,1943 g=1,-1,-3
WFI t=160402 a=-3649,-763,1945 g=-8,-3,-3
WFI t=160451 a=-3661,-770,1940 g=-4,-2,-5
WFI t=160501 a=-3652,-761,1938 g=-3,-2,-5
WFI t=160552 a=-3650,-769,1948 g=0,-3,-5
WFI t=160601 a=-3652,-764,1939 g=-3,-1,-3
WFR t=160618 src=bms type=0x02 len=129 data=d2037c0ee90ee80ee90ee90ee90ee80ee90ee90ee80ee90ee90eea0eed0eed0eed0eec0eee0eed0eef0eee0eee0eef0eef0eef0eed0eee0eee0eee0000000000000000003d0000000000000000000000000000042d752e02ad0eef0ee8003d003d00000156001c0001001d0000000100010eeb000700150000000000000000c4e2
WFI t=160652 a=-3655,-763,1938 g=-3,-2,-3
WFI t=160701 a=-3649,-746,1926 g=-1,-2,-5
WFI t=160789 a=-3652,-758,1937 g=-5,-2,-6
WFI t=160878 a=-3658,-759,1949 g=-5,-2,-5
WFI t=160880 a=-3652,-756,1936 g=-4,-1,-4
WFI t=160901 a=-3648,-765,1942 g=-3,-3,-6
WFI t=160951 a=-3649,-754,1926 g=-1,-2,-4
WFI t=161002 a=-3647,-757,1939 g=-3,-2,-5
WFI t=161051 a=-3643,-752,1942 g=-1,-2,-5
WFI t=161101 a=-3648,-747,1940 g=-6,-2,-5
WFI t=161152 a=-3649,-761,1941 g=-5,-4,-5
WFI t=161201 a=-3660,-748,1936 g=-7,-3,-6
WFI t=161251 a=-3644,-770,1926 g=0,-3,-4
WFI t=161301 a=-3657,-768,1939 g=0,-1,-7
WFI t=161352 a=-3654,-761,1934 g=-5,-4,-5
WFI t=161402 a=-3663,-752,1949 g=-5,-3,-4
WFI t=161452 a=-3635,-757,1944 g=0,-2,-4
WFI t=161501 a=-3656,-766,1953 g=-2,-2,-3
WFI t=161552 a=-3645,-756,1929 g=-2,-1,-5
WFI t=161601 a=-3656,-762,1939 g=-4,-3,-4
WFR t=161638 src=bms type=0x02 len=129 data=d2037c0ee90ee80ee90ee90ee90ee90ee90ee90ee80ee90ee90eea0eed0eed0eed0eec0eed0eee0eee0eee0eee0eef0eef0eef0eed0eef0eee0eee0000000000000000003d0000000000000000000000000000042d752f02ad0eef0ee8003d003d00000156001c0001001d0000000100010eeb0007000a0000000000000000e619
WFI t=161652 a=-3646,-767,1948 g=0,-2,-4
WFI t=161701 a=-3656,-758,1950 g=1,-1,-5
WFI t=161751 a=-3644,-758,1949 g=-3,-4,-4
WFI t=161802 a=-3663,-752,1937 g=-5,-1,-4
WFI t=161851 a=-3650,-760,1942 g=-7,-1,-4
WFI t=161901 a=-3658,-745,1934 g=-4,-2,-5
WFI t=161951 a=-3661,-759,1945 g=0,-4,-6
WFI t=162001 a=-3652,-767,1943 g=-2,-2,-4
WFI t=162067 a=-3653,-762,1945 g=-3,-3,-3
WFI t=162101 a=-3656,-769,1936 g=-2,-3,-4
WFI t=162151 a=-3654,-762,1945 g=3,-2,-5
WFI t=162202 a=-3646,-754,1954 g=-1,-2,-5
WFT t=162204 batt_mv=4170 rssi_mcu=0 rssi_bms=-77 mcu=0 bms=119 dropped=0
WFI t=162251 a=-3657,-758,1946 g=-2,-4,-4
WFI t=162301 a=-3658,-757,1947 g=-8,-1,-4
WFI t=162351 a=-3651,-759,1944 g=0,-2,-5
WFI t=162402 a=-3662,-767,1944 g=2,-2,-5
WFI t=162452 a=-3648,-758,1943 g=0,-2,-4
WFI t=162502 a=-3647,-764,1944 g=-1,-3,-5
WFI t=162551 a=-3660,-764,1944 g=1,0,-4
WFI t=162601 a=-3652,-750,1944 g=-4,-1,-6
WFR t=162628 src=bms type=0x02 len=129 data=d2037c0ee90ee80ee90ee90ee90ee80ee90ee90ee80ee90ee90eea0eed0eed0eed0eec0eed0eed0eee0eee0eee0eee0eef0eef0eed0eee0eee0eee0000000000000000003d0000000000000000000000000000042d752f02ad0eef0ee8003d003d00000156001c0001001d0000000100010eeb0007000a0000000000000000a304
WFI t=162652 a=-3650,-747,1940 g=-2,-2,-5
WFE t=162688 bms conn update req itvl=15-15 latency=0 timeout=400 via=l2cap
WFI t=162701 a=-3635,-768,1939 g=-4,-4,-4
WFI t=162751 a=-3650,-765,1947 g=1,0,-5
WFI t=162878 a=-3656,-755,1940 g=0,-2,-5
WFI t=162948 a=-3655,-754,1944 g=-2,-2,-4
WFI t=163028 a=-3661,-751,1941 g=-6,-3,-4
WFI t=163043 a=-3647,-751,1945 g=-3,-2,-6
WFI t=163046 a=-3652,-764,1933 g=-1,-1,-6
WFI t=163051 a=-3657,-755,1946 g=-7,-1,-6
WFI t=163102 a=-3644,-748,1947 g=-2,-2,-5
WFI t=163151 a=-3653,-750,1939 g=-6,-2,-5
WFI t=163201 a=-3657,-757,1920 g=1,-3,-5
WFI t=163251 a=-3652,-761,1941 g=-1,-1,-5
WFI t=163302 a=-3649,-759,1952 g=-6,-4,-5
WFI t=163351 a=-3655,-762,1931 g=-6,-2,-4
WFI t=163402 a=-3652,-771,1938 g=0,-2,-5
WFI t=163451 a=-3643,-757,1944 g=-3,-2,-5
WFI t=163502 a=-3645,-748,1946 g=2,-1,-4
WFI t=163552 a=-3660,-762,1932 g=0,-3,-3
WFI t=163601 a=-3655,-770,1929 g=-5,-3,-3
WFI t=163651 a=-3652,-769,1946 g=1,-4,-5
WFI t=163702 a=-3647,-759,1935 g=-2,-3,-5
WFR t=163738 src=bms type=0x02 len=129 data=d2037c0ee90ee90ee90ee90ee90ee90ee90ee90ee80ee90eea0eea0eed0eed0eed0eec0eed0eed0eef0eee0eee0eef0eef0eef0eed0eee0eee0eee0000000000000000003d0000000000000000000000000000042d752f02ad0eef0ee8003d003d00000156001c0001001d0000000100010eeb0007000a000000000000000011ae
WFI t=163752 a=-3650,-773,1948 g=-5,-4,-5
WFI t=163801 a=-3660,-765,1939 g=-5,-3,-6
WFI t=163851 a=-3662,-761,1944 g=-7,-4,-6
WFI t=163902 a=-3644,-749,1948 g=-1,-3,-6
WFI t=163951 a=-3639,-756,1946 g=-4,-2,-5
WFI t=164001 a=-3642,-744,1940 g=-4,-5,-5
WFI t=164051 a=-3643,-771,1941 g=-3,-2,-4
WFI t=164101 a=-3658,-751,1945 g=-4,-1,-6
WFI t=164152 a=-3644,-762,1949 g=-4,-2,-5
WFI t=164201 a=-3645,-770,1945 g=-3,-2,-5
WFI t=164251 a=-3655,-754,1933 g=-2,-2,-4
WFI t=164302 a=-3646,-754,1931 g=3,-2,-4
WFI t=164351 a=-3646,-759,1952 g=1,-2,-5
WFI t=164401 a=-3654,-753,1947 g=-4,-2,-4
WFI t=164451 a=-3642,-757,1947 g=-1,-3,-5
WFI t=164502 a=-3657,-758,1940 g=-1,-2,-4
WFI t=164551 a=-3644,-767,1942 g=1,-1,-5
WFI t=164601 a=-3660,-751,1943 g=-1,-2,-5
WFI t=164651 a=-3650,-755,1941 g=-4,-2,-3
WFI t=164702 a=-3640,-769,1933 g=-5,-2,-4
WFR t=164728 src=bms type=0x02 len=129 data=d2037c0ee90ee90ee90ee90ee90ee80ee90eea0ee80ee90ee90eea0eed0eed0eed0eec0eee0eed0eef0eee0eee0eef0eef0eef0eed0eee0eee0eee0000000000000000003d0000000000000000000000000000042d752f02ad0eef0ee8003d003d00000156001c0001001d0000000100010eeb0007000a00000000000000005e26
WFI t=164752 a=-3667,-761,1932 g=1,-2,-5
WFI t=164829 a=-3655,-760,1948 g=-3,-3,-5
WFI t=164925 a=-3648,-765,1938 g=-8,-2,-6
WFI t=164927 a=-3662,-763,1945 g=-5,-1,-4
WFI t=164951 a=-3647,-769,1944 g=-7,-1,-5
WFI t=165001 a=-3642,-750,1944 g=-2,-3,-5
WFI t=165052 a=-3648,-757,1932 g=-7,-2,-5
WFI t=165101 a=-3658,-771,1939 g=-4,-3,-4
WFI t=165151 a=-3655,-748,1946 g=-1,-2,-3
WFI t=165202 a=-3663,-758,1947 g=-3,-1,-4
WFI t=165251 a=-3658,-755,1940 g=-3,-2,-4
WFI t=165301 a=-3660,-745,1934 g=-4,-3,-6
WFI t=165352 a=-3644,-766,1934 g=-7,-1,-5
WFI t=165401 a=-3649,-770,1942 g=-5,-1,-7
WFI t=165451 a=-3644,-759,1934 g=-7,0,-6
WFI t=165501 a=-3654,-758,1939 g=-1,-1,-4
WFI t=165552 a=-3666,-746,1940 g=-1,-1,-4
WFI t=165601 a=-3645,-767,1944 g=-1,-4,-6
WFI t=165652 a=-3629,-757,1943 g=-5,-3,-5
WFI t=165701 a=-3668,-758,1938 g=-3,-2,-4
WFR t=165748 src=bms type=0x02 len=129 data=d2037c0ee90ee90ee90ee90ee90ee90ee90ee90ee80ee90ee90eea0eed0eed0eed0eec0eed0eed0eee0eee0eee0eee0eef0eef0eed0eee0eee0eee0000000000000000003d0000000000000000000000000000042d752f02ad0eef0ee8003d003d00000156001c0001001d0000000100010eeb0007000a0000000000000000c8b2
WFI t=165752 a=-3657,-768,1944 g=-5,-2,-5
WFI t=165802 a=-3643,-771,1941 g=-3,-2,-6
WFI t=165851 a=-3653,-765,1940 g=5,-3,-4
WFI t=165901 a=-3656,-757,1952 g=0,-3,-4
WFI t=165952 a=-3650,-761,1941 g=-6,-4,-5
WFI t=166002 a=-3655,-760,1949 g=-4,-2,-6
WFI t=166051 a=-3642,-760,1950 g=3,-2,-4
WFI t=166102 a=-3659,-759,1956 g=-3,-4,-4
WFI t=166151 a=-3669,-757,1927 g=-2,-2,-5
WFI t=166201 a=-3661,-780,1936 g=-8,-3,-5
WFI t=166252 a=-3661,-753,1938 g=-2,-4,-4
WFI t=166301 a=-3652,-752,1944 g=0,-2,-4
WFI t=166351 a=-3657,-752,1939 g=0,-2,-3
WFI t=166402 a=-3668,-761,1933 g=-2,-2,-5
WFI t=166451 a=-3653,-752,1938 g=-1,0,-5
WFI t=166501 a=-3645,-753,1945 g=-9,-3,-5
WFI t=166552 a=-3652,-764,1930 g=-7,-3,-4
WFI t=166602 a=-3654,-763,1928 g=-4,-4,-5
WFI t=166651 a=-3649,-757,1942 g=0,-2,-5
WFI t=166702 a=-3648,-757,1941 g=-5,-3,-5
WFR t=166738 src=bms type=0x02 len=129 data=d2037c0ee90ee80ee90ee90ee90ee90ee90eea0ee80ee90ee90eea0eed0eed0eed0eec0eed0eee0eef0eee0eee0eef0eef0eef0eed0eee0eee0eee0000000000000000003d0000000000000000000000000000042d752f02ad0eef0ee8003d003d00000156001c0001001d0000000100010eeb0007000a00000000000000000693
WFI t=166752 a=-3658,-759,1935 g=-3,-2,-4
WFI t=166832 a=-3659,-764,1936 g=-3,-1,-4
WFI t=166919 a=-3659,-764,1954 g=-3,-3,-5
WFI t=166921 a=-3641,-766,1949 g=-3,-2,-4
WFI t=166951 a=-3657,-759,1952 g=-7,-2,-3
WFI t=167002 a=-3650,-759,1954 g=-6,-1,-4
WFI t=167051 a=-3660,-776,1931 g=-4,-3,-5
WFI t=167101 a=-3648,-753,1951 g=0,-2,-6
WFI t=167152 a=-3652,-760,1948 g=-2,-3,-5
WFI t=167201 a=-3654,-764,1937 g=-4,-3,-2
WFI t=167251 a=-3657,-761,1939 g=-3,-2,-4
WFI t=167302 a=-3637,-764,1956 g=0,-2,-5
WFT t=167322 batt_mv=4180 rssi_mcu=0 rssi_bms=-83 mcu=0 bms=124 dropped=0
WFI t=167352 a=-3651,-752,1941 g=-3,-2,-5
WFI t=167401 a=-3664,-758,1935 g=-10,-2,-4
WFI t=167452 a=-3648,-758,1936 g=-6,-5,-4
WFI t=167501 a=-3653,-755,1943 g=-1,-1,-6
WFI t=167552 a=-3648,-759,1949 g=-3,-2,-5
WFI t=167602 a=-3643,-770,1933 g=-6,-3,-3
WFI t=167651 a=-3642,-767,1927 g=-5,-4,-5
WFI t=167701 a=-3643,-769,1931 g=-4,-2,-5
WFI t=167752 a=-3662,-758,1950 g=0,-3,-6
WFR t=167758 src=bms type=0x02 len=129 data=d2037c0ee90ee90ee90ee90ee90ee90ee90ee90ee80ee90ee90eea0eed0eed0eed0eec0eee0eed0eef0eee0eee0eee0eef0eef0eed0eee0eee0eee0000000000000000003d0000000000000000000000000000042d752f02ad0eef0ee8003d003d00000156001c0001001d0000000100010eeb0007000a00000000000000006131
WFI t=167802 a=-3654,-752,1948 g=-3,-3,-5
WFI t=167851 a=-3645,-763,1940 g=-1,-2,-3
WFI t=167902 a=-3660,-774,1936 g=-3,0,-4
WFI t=167952 a=-3662,-764,1941 g=1,-1,-6
WFI t=168001 a=-3646,-748,1942 g=-7,-3,-6
WFI t=168052 a=-3640,-756,1936 g=-5,-2,-4
WFI t=168101 a=-3659,-763,1952 g=-3,-3,-5
WFI t=168151 a=-3647,-769,1927 g=1,-1,-4
WFI t=168202 a=-3644,-757,1942 g=-1,-3,-5
WFI t=168251 a=-3659,-756,1929 g=-6,-3,-5
WFI t=168301 a=-3644,-753,1924 g=0,-1,-4
WFI t=168352 a=-3646,-762,1943 g=-1,0,-6
WFI t=168402 a=-3644,-756,1942 g=-3,-1,-6
WFI t=168451 a=-3666,-755,1927 g=-5,-2,-4
WFI t=168502 a=-3662,-765,1934 g=-2,-3,-4
WFI t=168552 a=-3664,-756,1934 g=-4,-3,-6
WFI t=168602 a=-3648,-749,1948 g=-2,0,-5
WFI t=168652 a=-3657,-751,1945 g=-6,-3,-4
WFI t=168701 a=-3646,-753,1937 g=-4,-4,-4
WFR t=168748 src=bms type=0x02 len=129 data=d2037c0ee90ee80ee90ee90ee90ee90ee90ee90ee80ee90ee90eea0eed0eed0eed0eec0eed0eee0eee0eee0eee0eef0eef0eef0eed0eee0eee0eee0000000000000000003d0000000000000000000000000000042d752f02ad0eef0ee8003d003d00000156001c0001001d0000000100010eeb0007000a0000000000000000b4c8
WFI t=168752 a=-3657,-764,1947 g=-5,-3,-5
WFI t=168847 a=-3653,-760,1952 g=1,0,-5
WFI t=168937 a=-3646,-767,1935 g=3,-2,-4
WFI t=168939 a=-3648,-756,1940 g=-7,-2,-5
WFI t=168952 a=-3656,-758,1931 g=-1,-2,-4
WFI t=169002 a=-3651,-758,1938 g=-4,-2,-6
WFI t=169051 a=-3644,-750,1952 g=1,-3,-6
WFI t=169102 a=-3662,-754,1944 g=-2,-3,-4
WFI t=169151 a=-3652,-766,1948 g=4,-2,-5
WFI t=169202 a=-3648,-767,1937 g=-5,-2,-4
WFI t=169252 a=-3646,-754,1952 g=-2,-2,-5
WFI t=169301 a=-3644,-754,1946 g=-4,-1,-4
WFI t=169351 a=-3647,-761,1947 g=-4,-2,-4
WFI t=169402 a=-3659,-758,1941 g=-4,-2,-4
WFI t=169451 a=-3647,-756,1946 g=-6,-2,-5
WFI t=169501 a=-3645,-752,1939 g=-2,-3,-4
WFI t=169552 a=-3642,-756,1939 g=1,-2,-4
WFI t=169601 a=-3649,-763,1938 g=-1,-2,-3
WFI t=169651 a=-3655,-753,1945 g=-5,-2,-6
WFI t=169702 a=-3650,-769,1946 g=-4,-2,-6
WFI t=169751 a=-3657,-761,1946 g=-6,-2,-5
WFR t=169768 src=bms type=0x02 len=129 data=d2037c0ee90ee80ee90ee90ee90ee90ee90eea0ee80ee80ee90eea0eed0eed0eed0eec0eed0eed0eef0eee0eee0eee0eef0eef0eed0eef0eee0eee0000000000000000003d0000000000000000000000000000042d752f02ad0eef0ee8003d003d00000156001c0001001d0000000100010eeb0007000a000000000000000059d5
WFI t=169801 a=-3650,-758,1926 g=-1,-1,-3
WFI t=169852 a=-3660,-761,1948 g=-2,-2,-4
WFI t=169901 a=-3654,-760,1934 g=-4,-1,-6
WFI t=169951 a=-3651,-758,1938 g=1,-2,-5
WFI t=170002 a=-3658,-761,1951 g=-5,-3,-5
WFI t=170052 a=-3644,-768,1938 g=-1,-2,-5
WFI t=170101 a=-3641,-757,1939 g=-8,-1,-4
WFI t=170152 a=-3657,-754,1942 g=-2,-2,-6
WFI t=170202 a=-3648,-766,1957 g=-2,-2,-5
WFI t=170291 a=-3663,-759,1940 g=-7,-1,-5
WFI t=170302 a=-3653,-767,1929 g=-4,-1,-6
WFI t=170351 a=-3651,-754,1940 g=1,-3,-6
WFI t=170401 a=-3648,-767,1939 g=-4,-1,-5
WFI t=170452 a=-3655,-758,1948 g=-3,-4,-4
WFI t=170501 a=-3642,-767,1932 g=-4,-3,-4
WFI t=170552 a=-3658,-760,1940 g=6,-1,-4
WFI t=170602 a=-3654,-744,1948 g=2,-2,-6
WFI t=170652 a=-3651,-756,1963 g=-3,-2,-4
WFI t=170701 a=-3661,-760,1944 g=0,-4,-3
WFI t=170752 a=-3657,-762,1925 g=-6,-4,-4
WFI t=170801 a=-3653,-769,1924 g=-3,-3,-7
WFR t=170979 src=bms type=0x02 len=129 data=d2037c0ee90ee80ee90ee90ee90ee80ee90ee90ee80ee90ee90eea0eed0eec0eed0eec0eed0eed0eee0eee0eee0eef0eef0eef0eed0eee0eee0eee0000000000000000003d0000000000000000000000000000042d752f02ad0eef0ee8003d003d00000156001c0001001d0000000100010eeb0007000a0000000000000000fc01
WFI t=170993 a=-3661,-765,1934 g=-3,-2,-3
WFI t=171080 a=-3648,-750,1941 g=2,-2,-6
WFI t=171082 a=-3642,-754,1954 g=2,-2,-6
WFI t=171084 a=-3642,-754,1954 g=2,-2,-6
WFI t=171086 a=-3642,-754,1954 g=2,-2,-6
WFI t=171102 a=-3645,-763,1946 g=-2,-3,-5
WFI t=171151 a=-3651,-769,1936 g=-6,-4,-3
WFI t=171202 a=-3650,-767,1925 g=-5,-3,-4
WFI t=171251 a=-3651,-767,1928 g=-2,-3,-6
WFI t=171302 a=-3643,-755,1941 g=6,-2,-6
WFI t=171352 a=-3651,-763,1937 g=-5,-2,-4
WFI t=171401 a=-3650,-762,1938 g=-8,-3,-3
WFI t=171451 a=-3652,-758,1934 g=-1,-3,-6
WFI t=171502 a=-3654,-747,1936 g=6,-1,-7
WFI t=171551 a=-3645,-756,1954 g=-5,-5,-6
WFI t=171602 a=-3656,-751,1926 g=-5,-3,-4
WFI t=171652 a=-3649,-768,1929 g=-2,-2,-3
WFI t=171702 a=-3666,-765,1934 g=2,-2,-6
WFI t=171752 a=-3650,-757,1950 g=-2,-3,-5
WFI t=171802 a=-3652,-761,1935 g=-6,-3,-2
WFR t=171808 src=bms type=0x02 len=129 data=d2037c0ee90ee80ee90ee90ee90ee90ee90ee90ee80ee90ee90eea0eed0eed0eed0eec0eed0eee0eee0eee0eee0eef0eef0eef0eed0eee0eee0eee0000000000000000003d0000000000000000000000000000042d752f02ad0eef0ee8003d003d00000156001c0001001d0000000100010eeb0007000a0000000000000000b4c8
WFI t=171852 a=-3657,-767,1930 g=-3,-3,-4
WFI t=171901 a=-3653,-760,1947 g=-2,-1,-5
WFI t=171952 a=-3654,-756,1944 g=-5,-4,-5
WFI t=172002 a=-3653,-760,1948 g=-3,-2,-3
WFI t=172051 a=-3664,-764,1941 g=-2,-3,-3
WFI t=172102 a=-3660,-752,1926 g=-3,-2,-4
WFI t=172152 a=-3648,-752,1948 g=3,-2,-7
WFI t=172201 a=-3656,-757,1950 g=-6,-1,-4
WFI t=172252 a=-3654,-753,1944 g=-4,-2,-3
WFI t=172301 a=-3643,-770,1937 g=-7,-2,-3
WFI t=172352 a=-3654,-769,1942 g=-3,-1,-6
WFT t=172383 batt_mv=4182 rssi_mcu=0 rssi_bms=-82 mcu=0 bms=129 dropped=0
WFI t=172402 a=-3640,-755,1945 g=-6,-3,-5
WFI t=172451 a=-3665,-756,1938 g=-6,-3,-4
WFI t=172501 a=-3658,-758,1936 g=-4,-1,-5
WFI t=172552 a=-3655,-755,1948 g=2,-2,-6
WFI t=172602 a=-3644,-764,1947 g=-1,-2,-6
WFI t=172651 a=-3650,-753,1950 g=-8,-2,-4
WFI t=172702 a=-3658,-760,1929 g=-1,-2,-2
WFI t=172752 a=-3654,-772,1946 g=-1,-2,-5
WFI t=172801 a=-3658,-759,1933 g=4,-2,-5
WFI t=172932 a=-3655,-762,1946 g=-5,-2,-4
WFR t=172947 src=bms type=0x02 len=129 data=d2037c0ee90ee80ee90ee90ee90ee90ee90ee90ee80ee90ee90eea0eed0eed0eed0eec0eed0eed0eef0eee0eee0eef0eef0eef0eed0eee0eee0eee0000000000000000003d0000000000000000000000000000042d752e02ad0eef0ee8003d003d00000156001c0001001d0000000100010eeb000700150000000000000000a5c5
WFI t=172948 a=-3651,-764,1930 g=-7,-5,-4
WFI t=172952 a=-3645,-764,1933 g=-5,0,-5
WFI t=173002 a=-3641,-762,1940 g=1,-1,-4
WFI t=173051 a=-3647,-772,1944 g=-4,-1,-5
WFI t=173101 a=-3642,-751,1937 g=-9,-3,-4
WFI t=173152 a=-3654,-766,1925 g=-3,-1,-4
WFI t=173202 a=-3659,-756,1928 g=-4,-4,-4
WFI t=173251 a=-3654,-756,1944 g=-4,-3,-6
WFI t=173302 a=-3645,-771,1945 g=-3,-1,-5
WFI t=173351 a=-3650,-757,1942 g=-6,-2,-3
WFI t=173402 a=-3650,-747,1941 g=-3,-4,-5
WFI t=173452 a=-3663,-758,1934 g=-6,-1,-5
WFI t=173501 a=-3655,-753,1936 g=-1,-1,-6
WFI t=173551 a=-3647,-769,1946 g=0,-3,-5
WFI t=173602 a=-3648,-762,1938 g=-4,-2,-4
WFI t=173651 a=-3658,-761,1946 g=-4,-3,-5
WFI t=173701 a=-3652,-765,1932 g=-3,-2,-6
WFI t=173752 a=-3641,-768,1940 g=-3,-2,-5
WFI t=173802 a=-3645,-751,1945 g=1,-2,-4
WFR t=173818 src=bms type=0x02 len=129 data=d2037c0ee90ee80ee90ee90ee90ee90ee90eea0ee80ee90ee90eea0eed0eed0eed0eec0eed0eee0eef0eee0eee0eef0eef0eef0eed0eee0eee0eee0000000000000000003d0000000000000000000000000000042d752f02ad0eef0ee8003d003d00000156001c0001001d0000000100010eeb0007000a00000000000000000693
WFI t=173852 a=-3645,-765,1942 g=-7,-3,-4
WFI t=173902 a=-3653,-755,1936 g=-3,-2,-3
WFI t=173951 a=-3665,-759,1950 g=-5,-3,-4
WFI t=174002 a=-3649,-764,1941 g=-1,0,-4
WFI t=174052 a=-3652,-766,1941 g=-3,-1,-5
WFI t=174101 a=-3659,-754,1949 g=-1,-3,-4
WFI t=174151 a=-3647,-757,1947 g=-1,-1,-5
WFI t=174202 a=-3658,-763,1947 g=-2,-4,-4
WFI t=174251 a=-3658,-766,1929 g=-1,-1,-4
WFI t=174301 a=-3651,-771,1938 g=-6,-3,-5
WFI t=174352 a=-3653,-763,1939 g=-3,-5,-6
WFI t=174401 a=-3655,-754,1946 g=-6,-4,-5
WFI t=174451 a=-3657,-753,1947 g=-9,-4,-4
WFI t=174502 a=-3647,-753,1939 g=-5,-3,-4
WFI t=174551 a=-3649,-771,1934 g=-2,-3,-6
WFI t=174602 a=-3648,-763,1951 g=-4,-4,-5
WFI t=174652 a=-3648,-750,1943 g=-6,-3,-5
WFI t=174701 a=-3659,-767,1932 g=-6,-2,-4
WFI t=174751 a=-3651,-762,1942 g=0,-1,-5
WFI t=174802 a=-3651,-755,1945 g=-1,-1,-5
WFI t=174940 a=-3655,-758,1942 g=-7,-3,-5
WFR t=174955 src=bms type=0x02 len=129 data=d2037c0ee90ee90ee90ee90ee90ee90ee90ee90ee80ee90ee90eea0eed0eed0eed0eec0eed0eed0eee0eee0eee0eee0eef0eef0eed0eee0eee0eee0000000000000000003d0000000000000000000000000000042d752f02ad0eef0ee8003d003d00000156001c0001001d0000000100010eeb0007000a0000000000000000c8b2
WFI t=174956 a=-3646,-774,1926 g=-1,-1,-5
WFI t=174958 a=-3644,-750,1924 g=-4,-2,-6
WFI t=175001 a=-3649,-762,1939 g=-3,-2,-6
WFI t=175052 a=-3659,-747,1942 g=-1,-3,-4
WFI t=175102 a=-3652,-750,1944 g=-7,-3,-3
WFI t=175151 a=-3656,-769,1934 g=-6,-2,-4
WFI t=175201 a=-3659,-760,1936 g=-4,-3,-6
WFI t=175252 a=-3653,-760,1940 g=1,-1,-6
WFI t=175301 a=-3641,-769,1946 g=-5,-3,-4
WFI t=175351 a=-3644,-755,1934 g=-2,-1,-3
WFI t=175402 a=-3654,-755,1937 g=-4,-1,-5
WFI t=175452 a=-3643,-767,1942 g=0,-3,-7
WFI t=175501 a=-3657,-759,1947 g=1,-3,-5
WFI t=175552 a=-3652,-758,1950 g=-12,-2,-3
WFI t=175602 a=-3647,-759,1941 g=-2,-3,-4
WFI t=175652 a=-3650,-763,1933 g=-2,-2,-7
WFI t=175702 a=-3642,-756,1950 g=2,0,-5
WFI t=175751 a=-3639,-755,1950 g=-1,-4,-4
WFI t=175802 a=-3656,-771,1925 g=-8,-2,-6
WFR t=175828 src=bms type=0x02 len=129 data=d2037c0ee90ee80ee90ee90ee90ee90ee90ee90ee80ee90ee90eea0eed0eed0eed0eec0eed0eed0eee0eee0eee0eee0eef0eef0eed0eee0eee0eee0000000000000000003d0000000000000000000000000000042d752f02ad0eef0ee8003d003d00000156001c0001001d0000000100010eeb0007000a00000000000000000522
WFI t=175852 a=-3649,-750,1933 g=-2,0,-6
WFI t=175901 a=-3654,-746,1939 g=-2,-2,-6
WFI t=175951 a=-3661,-767,1946 g=-2,-2,-4
WFI t=176002 a=-3653,-767,1947 g=-9,-3,-4
WFI t=176051 a=-3655,-763,1935 g=-2,-3,-4
WFI t=176101 a=-3645,-762,1934 g=-2,-3,-5
WFI t=176152 a=-3652,-765,1935 g=-6,-2,-5
WFI t=176202 a=-3656,-749,1934 g=1,-1,-4
WFI t=176251 a=-3648,-744,1954 g=2,-1,-4
WFI t=176302 a=-3650,-758,1947 g=-2,0,-5
WFI t=176351 a=-3663,-758,1939 g=-3,-2,-4
WFI t=176402 a=-3645,-758,1929 g=0,-3,-4
WFI t=176452 a=-3662,-748,1936 g=-3,-2,-4
WFI t=176502 a=-3642,-763,1946 g=0,-2,-6
WFI t=176551 a=-3651,-759,1940 g=-5,-3,-5
WFI t=176602 a=-3642,-761,1948 g=-5,-5,-3
WFI t=176651 a=-3662,-751,1940 g=-6,-1,-6
WFI t=176702 a=-3653,-764,1941 g=0,-2,-5
WFI t=176752 a=-3656,-759,1947 g=-2,-2,-5
WFI t=176801 a=-3634,-770,1948 g=-8,-2,-4
WFR t=176818 src=bms type=0x02 len=129 data=d2037c0ee90ee90ee90ee90ee90ee90ee90ee90ee80ee90ee90eea0eed0eed0eed0eec0eed0eed0eee0eee0eee0eef0eef0eee0eed0eee0eee0eee0000000000000000003d0000000000000000000000000000042d752f02ad0eef0ee8003d003d00000156001c0001001d0000000100010eeb0007000a0000000000000000cddb
WFI t=176948 a=-3647,-761,1929 g=0,-3,-6
WFI t=176963 a=-3660,-760,1954 g=-1,-2,-5
WFI t=176966 a=-3643,-763,1940 g=-3,-2,-5
WFI t=177002 a=-3658,-758,1942 g=-6,-3,-4
WFI t=177051 a=-3657,-757,1942 g=-5,-2,-4
WFI t=177101 a=-3662,-768,1933 g=-2,-2,-5
WFI t=177151 a=-3645,-774,1937 g=0,-1,-4
WFI t=177202 a=-3648,-771,1935 g=-7,-4,-5
WFI t=177251 a=-3648,-760,1943 g=-4,-2,-3
WFI t=177301 a=-3659,-761,1934 g=-4,0,-6
WFI t=177352 a=-3640,-771,1943 g=1,-1,-6
WFI t=177401 a=-3647,-763,1956 g=-4,-1,-4
WFT t=177406 batt_mv=4178 rssi_mcu=0 rssi_bms=-83 mcu=0 bms=134 dropped=0
WFI t=177451 a=-3639,-763,1941 g=-6,-1,-4
WFI t=177502 a=-3649,-767,1947 g=-4,-2,-4
WFI t=177551 a=-3658,-756,1948 g=-1,-1,-6
WFI t=177602 a=-3659,-747,1948 g=-2,-3,-5
WFI t=177652 a=-3646,-766,1953 g=0,-4,-3
WFI t=177701 a=-3648,-758,1941 g=-2,-3,-3
WFI t=177751 a=-3657,-770,1923 g=-4,-3,-5
WFI t=177802 a=-3650,-770,1940 g=-3,-1,-7
WFR t=177838 src=bms type=0x02 len=129 data=d2037c0ee90ee80ee90ee90ee90ee90ee90ee90ee80ee90ee90eea0eed0eed0eed0eec0eed0eee0eee0eee0eee0eef0eef0eef0eed0eee0eee0eee0000000000000000003d0000000000000000000000000000042d752f02ad0eef0ee8003d003d00000156001c0001001d0000000100010eeb0007000a0000000000000000b4c8
WFI t=177852 a=-3645,-748,1957 g=1,-3,-6
WFI t=177901 a=-3657,-751,1954 g=-6,-5,-4
WFI t=177952 a=-3656,-766,1931 g=-4,-4,-3
WFI t=178002 a=-3652,-756,1938 g=-2,-3,-6
WFI t=178051 a=-3646,-753,1938 g=-3,-2,-6
WFI t=178102 a=-3651,-767,1942 g=-1,-3,-4
WFI t=178151 a=-3646,-764,1938 g=-4,-4,-4
WFI t=178201 a=-3650,-762,1925 g=0,-3,-4
WFI t=178252 a=-3651,-766,1958 g=-2,-1,-7
WFI t=178301 a=-3640,-767,1945 g=-3,-2,-4
WFI t=178351 a=-3655,-762,1940 g=-8,-4,-4
WFI t=178401 a=-3649,-761,1941 g=1,-2,-6
WFI t=178452 a=-3653,-766,1950 g=-1,-3,-7
WFI t=178501 a=-3646,-757,1952 g=-4,-2,-3
WFI t=178551 a=-3647,-771,1931 g=-7,-3,-3
WFI t=178601 a=-3650,-773,1933 g=-3,-3,-5
WFI t=178652 a=-3642,-757,1948 g=-2,-2,-6
WFI t=178702 a=-3644,-751,1954 g=3,-1,-6
WFI t=178751 a=-3646,-746,1952 g=-7,-1,-3
WFI t=178801 a=-3654,-755,1928 g=-7,-3,-3
WFI t=178960 a=-3658,-756,1948 g=1,-2,-6
WFR t=178960 src=bms type=0x02 len=129 data=d2037c0ee90ee90ee90ee90ee90ee90ee90ee90ee80ee90ee90eea0eed0eed0eed0eec0eed0eed0eee0eee0eed0eee0eef0eef0eec0eee0eee0eee0000000000000000003d0000000000000000000000000000042d752f02ad0eef0ee8003d003d00000156001c0001001d0000000100010eeb0007000a000000000000000060ac
WFI t=179028 a=-3640,-762,1949 g=0,-2,-4
WFI t=179133 a=-3653,-762,1935 g=-8,-3,-4
WFI t=179135 a=-3672,-756,1936 g=-5,-2,-6
WFI t=179137 a=-3672,-756,1936 g=-5,-2,-6
WFI t=179139 a=-3657,-749,1936 g=0,-2,-5
WFI t=179151 a=-3648,-772,1942 g=1,-1,-6
WFI t=179201 a=-3665,-751,1941 g=-4,-2,-6
WFI t=179251 a=-3667,-767,1948 g=-1,0,-5
WFI t=179301 a=-3657,-767,1943 g=-2,-1,-7
WFI t=179351 a=-3641,-757,1948 g=-7,-2,-4
WFI t=179401 a=-3650,-767,1923 g=-3,0,-2
WFI t=179451 a=-3664,-770,1925 g=-5,-4,-3
WFI t=179501 a=-3675,-753,1940 g=5,-4,-7
WFI t=179551 a=-3649,-755,1941 g=2,-3,-7
WFI t=179601 a=-3633,-763,1946 g=-4,-1,-4
WFI t=179652 a=-3652,-758,1944 g=-6,-2,-1
WFI t=179701 a=-3649,-769,1938 g=-6,-2,-6
WFI t=179751 a=-3643,-778,1935 g=1,-3,-7
WFI t=179802 a=-3645,-770,1956 g=-1,-1,-5
WFI t=179851 a=-3639,-761,1946 g=-9,-2,-3
WFR t=179878 src=bms type=0x02 len=129 data=d2037c0ee90ee80ee90ee90ee90ee90ee90eea0ee80ee90ee90eea0eed0eed0eed0eec0eed0eed0eee0eee0eee0eee0eef0eef0eec0eee0eee0eee0000000000000000003d0000000000000000000000000000042d752e02ad0eef0ee8003d003d00000156001c0001001d0000000100010eeb000700150000000000000000af4a
WFI t=179902 a=-3643,-761,1932 g=-4,-2,-2
WFI t=179951 a=-3668,-760,1923 g=-4,-1,-5
WFI t=180001 a=-3682,-746,1935 g=-2,-3,-7
WFI t=180051 a=-3650,-752,1936 g=2,-1,-3
WFI t=180101 a=-3661,-766,1920 g=1,-3,-3
WFI t=180151 a=-3663,-764,1939 g=-1,-1,-7
WFI t=180202 a=-3635,-763,1949 g=5,0,-6
WFI t=180251 a=-3657,-759,1949 g=-5,-5,-4
WFI t=180301 a=-3653,-760,1929 g=-4,-4,-3
WFI t=180351 a=-3639,-758,1928 g=-2,-3,-6
WFI t=180402 a=-3648,-760,1947 g=0,-2,-8
WFI t=180451 a=-3645,-755,1955 g=1,-2,-4
WFI t=180501 a=-3656,-756,1947 g=-8,-2,-2
WFI t=180551 a=-3665,-768,1935 g=-6,-3,-3
WFI t=180602 a=-3660,-761,1928 g=-1,-1,-6
WFI t=180652 a=-3637,-758,1940 g=3,-1,-7
WFI t=180701 a=-3629,-764,1952 g=-5,-2,-4
WFI t=180751 a=-3652,-756,1945 g=-1,-1,-2
WFI t=180802 a=-3641,-760,1943 g=-6,-2,-5
WFI t=180851 a=-3661,-767,1953 g=4,-1,-7
WFR t=180901 src=bms type=0x02 len=129 data=d2037c0ee90ee90ee90ee90ee90ee90ee90ee90ee80ee90ee90eea0eed0eed0eed0eec0eed0eed0eee0eee0eee0eee0eef0eef0eed0eee0eee0eee0000000000000000003d0000000000000000000000000000042d752f02ad0eef0ee8003d003d00000156001c0001001d0000000100010eeb0007000a0000000000000000c8b2
WFI t=180905 a=-3642,-760,1938 g=2,-1,-4
WFI t=181047 a=-3644,-745,1936 g=-10,-4,-3
WFI t=181064 a=-3667,-764,1950 g=-3,-3,-7
WFI t=181067 a=-3662,-757,1948 g=0,-1,-6
WFI t=181101 a=-3660,-772,1951 g=-3,-2,-5
WFI t=181151 a=-3657,-763,1951 g=-9,-3,-4
WFI t=181201 a=-3644,-754,1942 g=-3,-4,-4
WFI t=181251 a=-3649,-760,1933 g=2,-1,-5
WFI t=181301 a=-3655,-761,1945 g=-3,-2,-7
WFI t=181351 a=-3654,-740,1944 g=-11,-3,-5
WFI t=181401 a=-3663,-771,1947 g=-9,-4,-3
WFI t=181451 a=-3648,-774,1937 g=-1,-1,-5
WFI t=181501 a=-3646,-757,1938 g=0,-2,-5
WFI t=181551 a=-3645,-766,1965 g=-4,-3,-4
WFI t=181601 a=-3648,-753,1945 g=-7,-3,-3
WFI t=181651 a=-3655,-763,1923 g=-1,-4,-4
WFI t=181701 a=-3660,-761,1938 g=0,-2,-6
WFI t=181751 a=-3632,-756,1941 g=-3,-4,-6
WFI t=181801 a=-3639,-761,1946 g=2,-2,-5
WFI t=181851 a=-3650,-758,1946 g=-6,-5,-4
WFR t=181889 src=bms type=0x02 len=129 data=d2037c0ee90ee90ee90ee90ee90ee90ee90ee90ee80ee90ee90eea0eed0eec0eed0eec0eed0eed0eee0eee0eed0eee0eef0eee0eed0eee0eee0eee0000000000000000003d0000000000000000000000000000042d752f02ad0eef0ee8003d003d00000156001c0001001d0000000100010eeb0007000a0000000000000000c7fc
WFI t=181902 a=-3651,-762,1943 g=-2,-2,-4
WFI t=181951 a=-3657,-743,1942 g=-1,-1,-6
WFI t=182001 a=-3634,-761,1948 g=-3,-3,-4
WFI t=182051 a=-3661,-759,1949 g=-7,-3,-4
WFI t=182102 a=-3657,-764,1935 g=-3,-2,-4
WFI t=182151 a=-3657,-764,1939 g=2,-1,-5
WFI t=182201 a=-3656,-766,1954 g=-2,-2,-4
WFI t=182251 a=-3649,-761,1951 g=-3,0,-4
WFI t=182302 a=-3644,-760,1935 g=-2,-2,-5
WFI t=182351 a=-3648,-760,1937 g=0,-2,-5
WFI t=182401 a=-3653,-751,1932 g=-2,-3,-6
WFI t=182451 a=-3655,-755,1942 g=-4,-2,-3
WFT t=182468 batt_mv=4180 rssi_mcu=0 rssi_bms=-85 mcu=0 bms=139 dropped=0
WFI t=182502 a=-3655,-774,1950 g=-4,-3,-4
WFI t=182552 a=-3656,-753,1937 g=-2,-2,-5
WFI t=182601 a=-3648,-765,1937 g=-1,-1,-5
WFI t=182651 a=-3643,-752,1948 g=-5,-2,-6
WFI t=182702 a=-3656,-753,1951 g=-1,-1,-2
WFI t=182752 a=-3661,-766,1931 g=3,-2,-5
WFI t=182801 a=-3652,-752,1945 g=-3,-2,-5
WFI t=182851 a=-3655,-754,1940 g=-2,-2,-5
WFR t=182989 src=bms type=0x02 len=129 data=d2037c0ee90ee90ee90ee90ee90ee90ee90ee90ee80ee90ee90eea0eed0eed0eed0eec0eee0eed0eee0eee0eee0eee0eef0eef0eed0eee0eee0eee0000000000000000003d0000000000000000000000000000042d752f02ad0eef0ee8003d003d00000156001c0001001d0000000100010eeb0007000a00000000000000000fb3
WFI t=182990 a=-3654,-765,1931 g=-2,-2,-5
WFI t=182992 a=-3638,-759,1933 g=-1,-1,-5
WFI t=183002 a=-3653,-750,1939 g=-2,-2,-6
WFI t=183051 a=-3645,-750,1948 g=-2,0,-6
WFI t=183101 a=-3640,-759,1944 g=-3,-2,-5
WFI t=183151 a=-3656,-764,1931 g=-2,-2,-4
WFI t=183202 a=-3653,-759,1932 g=-3,-3,-4
WFI t=183251 a=-3669,-765,1934 g=3,-2,-4
WFI t=183301 a=-3660,-753,1944 g=-6,-3,-7
WFI t=183351 a=-3651,-767,1935 g=-2,-3,-4
WFI t=183401 a=-3642,-750,1938 g=-2,-2,-4
WFI t=183452 a=-3660,-765,1953 g=-1,-1,-4
WFI t=183501 a=-3641,-764,1950 g=-6,-1,-6
WFI t=183551 a=-3653,-751,1948 g=-1,-3,-5
WFI t=183601 a=-3656,-766,1941 g=-9,-3,-6
WFI t=183652 a=-3658,-755,1941 g=-4,-3,-4
WFI t=183702 a=-3661,-757,1942 g=-2,-1,-5
WFI t=183751 a=-3643,-755,1935 g=1,-2,-5
WFI t=183801 a=-3647,-757,1938 g=-2,-3,-6
WFI t=183852 a=-3653,-763,1944 g=-4,-3,-4
WFI t=183901 a=-3658,-759,1955 g=-9,-4,-4
WFR t=183929 src=bms type=0x02 len=129 data=d2037c0ee90ee90ee90ee90ee90ee90ee90ee90ee80ee90ee90eea0eed0eed0eed0eec0eed0eed0eee0eee0eee0eef0eef0eef0eed0eee0eee0eee0000000000000000003d0000000000000000000000000000042d752f02ad0eef0ee8003d003d00000156001c0001001d0000000100010eeb0007000a00000000000000008d5a
WFI t=183952 a=-3656,-766,1949 g=-5,-3,-5
WFI t=184001 a=-3646,-760,1934 g=-8,-1,-4
WFI t=184052 a=-3654,-765,1934 g=-1,-3,-5
WFI t=184101 a=-3648,-772,1943 g=0,-2,-4
WFI t=184151 a=-3648,-761,1943 g=-1,-3,-5
WFI t=184201 a=-3657,-764,1944 g=-6,-3,-4
WFI t=184252 a=-3656,-765,1964 g=-5,-3,-4
WFI t=184301 a=-3653,-765,1947 g=0,-3,-3
WFI t=184351 a=-3656,-766,1943 g=-4,-2,-4
WFI t=184401 a=-3649,-755,1941 g=1,-2,-4
WFI t=184452 a=-3647,-771,1933 g=-1,-1,-4
WFI t=184501 a=-3661,-777,1932 g=-2,-1,-5
WFI t=184551 a=-3646,-769,1938 g=1,-3,-5
WFI t=184601 a=-3649,-753,1936 g=-4,-3,-5
WFI t=184652 a=-3654,-758,1946 g=-5,-3,-5
WFI t=184702 a=-3663,-763,1947 g=1,-1,-3
WFI t=184752 a=-3649,-774,1938 g=0,-2,-5
WFI t=184801 a=-3658,-761,1943 g=-2,-3,-5
WFI t=184852 a=-3660,-753,1940 g=-1,-2,-4
WFI t=184982 a=-3654,-765,1948 g=-1,-1,-6
WFR t=184997 src=bms type=0x02 len=129 data=d2037c0ee90ee80ee90ee90ee90ee90ee90ee90ee80ee90ee90eea0eed0eed0eed0eec0eed0eed0eee0eee0eee0eee0eef0eee0eed0eee0eee0eee0000000000000000003d0000000000000000000000000000042d753002ad0eef0ee8003d003d00000156001c0001001d0000000100010eeb0007000000000000000000007488
WFI t=184998 a=-3645,-760,1941 g=-2,-2,-5
WFI t=185001 a=-3658,-752,1941 g=-4,-2,-5
WFI t=185052 a=-3657,-757,1943 g=-3,-3,-5
WFI t=185101 a=-3642,-750,1943 g=-6,-3,-4
WFI t=185151 a=-3656,-763,1933 g=-2,-3,-6
WFI t=185201 a=-3655,-761,1940 g=0,-2,-5
WFI t=185251 a=-3654,-763,1936 g=3,-3,-6
WFI t=185302 a=-3642,-767,1941 g=-2,-3,-5
WFI t=185351 a=-3646,-762,1939 g=-4,-3,-5
WFI t=185401 a=-3658,-762,1936 g=-1,-1,-4
WFI t=185451 a=-3643,-766,1948 g=-4,-3,-6
WFI t=185502 a=-3651,-755,1930 g=-2,-5,-4
WFI t=185551 a=-3640,-772,1942 g=-4,-2,-6
WFI t=185601 a=-3650,-755,1941 g=-4,-1,-5
WFI t=185651 a=-3646,-769,1947 g=0,-3,-3
WFI t=185701 a=-3655,-764,1950 g=-3,-1,-4
WFI t=185752 a=-3656,-757,1938 g=-5,-2,-5
WFI t=185801 a=-3642,-765,1936 g=0,-2,-4
WFI t=185851 a=-3642,-765,1935 g=-4,-2,-5
WFI t=185902 a=-3647,-761,1940 g=-2,-2,-5
WFR t=185939 src=bms type=0x02 len=129 data=d2037c0ee90ee80ee90ee90ee90ee90ee90ee90ee80ee90ee90eea0eed0eed0eed0eec0eed0eee0eee0eee0eee0eee0eef0eef0eed0eee0eee0eee0000000000000000003d0000000000000000000000000000042d752f02ad0eef0ee8003d003d00000156001c0001001d0000000100010eeb0007000a0000000000000000f120
WFI t=185952 a=-3652,-758,1940 g=-3,-2,-6
WFI t=186001 a=-3649,-766,1939 g=-1,-2,-4
WFI t=186051 a=-3654,-765,1931 g=0,-1,-6
WFI t=186102 a=-3653,-764,1952 g=-4,-3,-5
WFI t=186151 a=-3657,-768,1928 g=-5,-4,-4
WFI t=186201 a=-3645,-759,1938 g=-4,-2,-4
WFI t=186251 a=-3645,-765,1946 g=-2,-1,-4
WFI t=186302 a=-3651,-765,1952 g=-4,-1,-4
WFI t=186351 a=-3656,-760,1947 g=-6,-3,-3
WFI t=186401 a=-3663,-762,1936 g=-6,-2,-4
WFI t=186451 a=-3658,-748,1939 g=-6,-2,-5
WFI t=186502 a=-3656,-760,1935 g=0,-2,-6
WFI t=186551 a=-3644,-756,1944 g=-1,-1,-4
WFI t=186601 a=-3654,-762,1940 g=-4,-3,-4
WFI t=186651 a=-3653,-770,1939 g=-2,-2,-5
WFI t=186701 a=-3656,-756,1931 g=-6,-1,-5
WFI t=186765 a=-3659,-751,1945 g=-4,-2,-5
WFI t=186801 a=-3645,-766,1941 g=-1,-2,-5
WFI t=186851 a=-3663,-752,1952 g=1,-2,-5
WFI t=186989 a=-3657,-757,1951 g=-3,-2,-5
WFR t=186990 src=bms type=0x02 len=129 data=d2037c0ee90ee90ee90ee90ee90ee90ee90ee90ee80ee90ee90eea0eed0eec0eed0eec0eed0eee0eee0eee0eee0eef0eef0eee0eed0eee0eee0eee0000000000000000003d0000000000000000000000000000042d752f02ad0eef0ee8003d003d00000156001c0001001d0000000100010eeb0007000a00000000000000002334
WFI t=187059 a=-3660,-757,1946 g=-1,-1,-5
WFI t=187074 a=-3649,-761,1950 g=-3,-3,-5
WFI t=187161 a=-3650,-763,1938 g=-6,-2,-5
WFI t=187163 a=-3648,-762,1946 g=-5,0,-4
WFI t=187165 a=-3660,-760,1938 g=1,-1,-5
WFI t=187201 a=-3649,-769,1945 g=-3,-4,-4
WFI t=187251 a=-3651,-756,1946 g=-3,-3,-5
WFI t=187301 a=-3662,-758,1938 g=0,-1,-3
WFI t=187351 a=-3653,-753,1950 g=1,-1,-5
WFI t=187402 a=-3659,-758,1946 g=-2,-4,-4
WFI t=187451 a=-3651,-766,1936 g=-4,-2,-4
WFI t=187501 a=-3655,-765,1930 g=0,-2,-3
WFT t=187548 batt_mv=4182 rssi_mcu=0 rssi_bms=-84 mcu=0 bms=144 dropped=0
WFI t=187551 a=-3650,-756,1935 g=-4,-3,-5
WFI t=187602 a=-3656,-762,1943 g=-4,-2,-4
WFI t=187651 a=-3650,-761,1941 g=-3,-1,-4
WFI t=187701 a=-3654,-760,1942 g=-1,-3,-6
WFI t=187752 a=-3639,-757,1943 g=-6,-4,-4
WFI t=187802 a=-3661,-756,1947 g=-2,-3,-5
WFI t=187851 a=-3647,-762,1946 g=-3,-2,-4
WFI t=187901 a=-3641,-770,1941 g=0,-3,-4
WFI t=187951 a=-3654,-756,1932 g=-4,-1,-5
WFI t=188001 a=-3649,-751,1941 g=-3,-1,-4
WFI t=188051 a=-3642,-765,1939 g=-6,-3,-5
WFI t=188101 a=-3655,-761,1943 g=-1,-1,-4
WFI t=188151 a=-3650,-763,1945 g=-4,-3,-4
WFI t=188201 a=-3646,-762,1949 g=0,-2,-5
WFI t=188251 a=-3645,-760,1942 g=-3,-2,-5
WFI t=188301 a=-3651,-757,1943 g=-2,-1,-3
WFI t=188351 a=-3644,-764,1954 g=-3,-2,-4
WFI t=188402 a=-3647,-758,1936 g=-3,-3,-5
WFI t=188451 a=-3654,-767,1939 g=-3,-3,-5
WFI t=188501 a=-3656,-763,1940 g=-3,-3,-6
WFI t=188551 a=-3652,-749,1942 g=-3,-4,-3
WFI t=188601 a=-3661,-763,1935 g=-3,-2,-5
WFI t=188651 a=-3653,-767,1943 g=-3,-2,-5
WFI t=188701 a=-3651,-761,1953 g=-1,-1,-4
WFI t=188751 a=-3649,-762,1951 g=-3,-3,-4
WFI t=188801 a=-3653,-758,1943 g=1,-2,-5
WFI t=188851 a=-3647,-751,1945 g=3,-2,-4
WFI t=188934 a=-3652,-761,1937 g=-5,0,-5
WFI t=189031 a=-3656,-755,1951 g=-6,-2,-5
WFI t=189033 a=-3648,-755,1942 g=-3,-2,-5
WFI t=189052 a=-3653,-756,1938 g=-7,-2,-6
WFI t=189101 a=-3651,-762,1943 g=-2,-1,-5
WFI t=189151 a=-3649,-761,1952 g=1,-1,-5
WFI t=189201 a=-3652,-765,1937 g=-5,-2,-5
WFI t=189251 a=-3654,-757,1937 g=0,-2,-4
WFI t=189301 a=-3654,-770,1950 g=-4,-3,-5
WFI t=189351 a=-3650,-749,1937 g=-3,-2,-5
WFI t=189401 a=-3663,-752,1953 g=-4,-2,-4
WFI t=189452 a=-3653,-757,1947 g=-4,-1,-4
WFI t=189501 a=-3657,-754,1944 g=-4,-3,-4
WFI t=189551 a=-3649,-758,1947 g=-2,-3,-6
WFI t=189601 a=-3661,-761,1942 g=3,-2,-5
WFI t=189651 a=-3654,-749,1951 g=-4,-3,-3
WFI t=189701 a=-3653,-764,1953 g=-5,-1,-4
WFI t=189751 a=-3648,-758,1944 g=-2,-3,-4
WFI t=189801 a=-3649,-754,1945 g=-2,-2,-5
WFI t=189852 a=-3645,-760,1947 g=-4,-3,-4
WFI t=189902 a=-3671,-766,1943 g=-7,-5,-5
WFI t=189951 a=-3649,-766,1936 g=0,-3,-6
WFI t=190001 a=-3663,-762,1948 g=0,-3,-4
WFI t=190051 a=-3657,-758,1948 g=-6,-2,-4
WFI t=190102 a=-3666,-742,1940 g=-3,-1,-5
WFI t=190151 a=-3661,-756,1942 g=2,-1,-5
WFI t=190201 a=-3646,-761,1944 g=-2,-3,-4
WFI t=190251 a=-3640,-766,1941 g=-2,-3,-4
WFI t=190302 a=-3650,-761,1941 g=-7,-2,-4
WFI t=190351 a=-3659,-765,1942 g=-1,-3,-5
WFI t=190401 a=-3647,-762,1940 g=-4,-2,-6
WFI t=190451 a=-3646,-761,1944 g=-5,-2,-5
WFI t=190502 a=-3656,-761,1941 g=-2,-2,-4
WFI t=190552 a=-3653,-759,1942 g=-2,-4,-4
WFI t=190601 a=-3638,-760,1947 g=-1,0,-4
WFI t=190651 a=-3652,-760,1943 g=-2,-4,-5
WFI t=190702 a=-3657,-753,1946 g=-2,-3,-5
WFI t=190751 a=-3648,-746,1948 g=-6,-2,-4
WFI t=190801 a=-3672,-774,1944 g=-5,-1,-5
WFI t=190852 a=-3658,-762,1953 g=-3,-2,-4
WFI t=190901 a=-3669,-764,1944 g=-3,-2,-4
WFI t=191035 a=-3660,-755,1931 g=-1,0,-4
WFI t=191037 a=-3651,-759,1946 g=-3,-2,-5
WFI t=191051 a=-3660,-760,1945 g=-5,-3,-5
WFI t=191101 a=-3649,-760,1943 g=-5,-3,-4
WFI t=191151 a=-3646,-758,1932 g=-3,-1,-4
WFI t=191201 a=-3644,-765,1954 g=-5,-3,-4
WFI t=191251 a=-3657,-754,1943 g=0,-1,-4
WFI t=191302 a=-3655,-756,1946 g=2,-2,-4
WFI t=191351 a=-3658,-756,1944 g=-5,-3,-4
WFI t=191401 a=-3664,-768,1945 g=6,-3,-4
WFI t=191451 a=-3654,-762,1937 g=-8,-4,-5
WFI t=191501 a=-3644,-763,1944 g=1,-4,-4
WFI t=191551 a=-3652,-749,1932 g=-1,-2,-5
WFI t=191601 a=-3660,-759,1938 g=2,-3,-5
WFI t=191651 a=-3649,-769,1938 g=-4,-3,-4
WFI t=191702 a=-3648,-756,1945 g=-5,-4,-5
WFI t=191752 a=-3656,-759,1937 g=-2,0,-5
WFI t=191801 a=-3647,-760,1947 g=0,-1,-5
WFI t=191852 a=-3655,-745,1938 g=-2,-2,-6
WFI t=191901 a=-3656,-769,1930 g=-6,-2,-5
WFI t=191952 a=-3652,-761,1943 g=-4,-2,-4
WFI t=192001 a=-3642,-760,1926 g=-6,-2,-5
WFI t=192052 a=-3645,-763,1944 g=-5,-2,-4
WFI t=192101 a=-3643,-759,1936 g=0,-3,-5
WFI t=192152 a=-3657,-765,1941 g=-1,-4,-6
WFI t=192201 a=-3649,-776,1948 g=-4,-2,-4
WFI t=192251 a=-3654,-754,1945 g=-5,-2,-5
WFI t=192301 a=-3654,-768,1945 g=-7,-3,-4
WFI t=192352 a=-3659,-763,1947 g=-1,-2,-5
WFI t=192401 a=-3643,-762,1941 g=-2,-1,-4
WFI t=192451 a=-3650,-753,1949 g=-2,-2,-5
WFI t=192501 a=-3659,-765,1941 g=-4,-3,-4
WFI t=192551 a=-3656,-766,1937 g=-4,-2,-4
WFI t=192601 a=-3657,-762,1948 g=-5,-2,-5
WFT t=192626 batt_mv=4168 rssi_mcu=0 rssi_bms=-82 mcu=0 bms=144 dropped=0
WFI t=192652 a=-3645,-754,1934 g=-2,-2,-5
WFI t=192701 a=-3651,-759,1939 g=-4,-3,-4
WFI t=192751 a=-3656,-769,1946 g=-3,-3,-6
WFI t=192801 a=-3652,-762,1939 g=-6,-3,-6
WFI t=192852 a=-3655,-768,1942 g=-6,-3,-5
WFI t=192901 a=-3640,-762,1941 g=-6,-3,-5
WFI t=192996 a=-3651,-754,1946 g=0,-2,-4
WFI t=193002 a=-3651,-749,1935 g=-1,-1,-6
WFI t=193127 a=-3655,-770,1944 g=-5,-2,-6
WFI t=193129 a=-3666,-769,1947 g=-3,-2,-5
WFI t=193151 a=-3657,-772,1939 g=1,-2,-5
WFI t=193201 a=-3649,-756,1936 g=-1,-1,-4
WFI t=193252 a=-3662,-753,1949 g=-8,-2,-5
WFI t=193301 a=-3652,-766,1936 g=-1,-1,-5
WFI t=193351 a=-3651,-763,1933 g=-8,-3,-4
WFI t=193401 a=-3650,-757,1940 g=-4,-1,-4
WFI t=193452 a=-3657,-770,1944 g=2,-3,-5
WFI t=193501 a=-3640,-752,1947 g=0,-2,-5
WFI t=193551 a=-3647,-763,1932 g=-3,-2,-5
WFI t=193601 a=-3656,-758,1941 g=-4,-3,-4
WFI t=193652 a=-3651,-746,1932 g=-2,-2,-6
WFI t=193702 a=-3649,-767,1938 g=-1,-2,-5
WFI t=193751 a=-3661,-753,1930 g=-4,-3,-5
WFI t=193801 a=-3644,-769,1946 g=-5,-1,-5
WFI t=193852 a=-3660,-768,1927 g=-5,-2,-5
WFI t=193901 a=-3651,-763,1943 g=-3,-3,-5
WFI t=193951 a=-3645,-748,1932 g=1,-2,-4
WFI t=194002 a=-3657,-751,1948 g=-5,-3,-5
WFI t=194052 a=-3645,-754,1942 g=-4,-2,-6
WFI t=194101 a=-3651,-757,1937 g=-2,-3,-4
WFI t=194152 a=-3660,-751,1948 g=-3,-1,-5
WFI t=194201 a=-3654,-768,1944 g=-3,-2,-6
WFI t=194251 a=-3648,-761,1951 g=-3,-2,-4
WFI t=194302 a=-3652,-766,1942 g=-4,-2,-4
WFI t=194351 a=-3655,-767,1936 g=-4,-3,-5
WFI t=194401 a=-3642,-757,1951 g=-4,-4,-4
WFI t=194452 a=-3661,-768,1935 g=-2,-3,-5
WFI t=194501 a=-3647,-761,1940 g=-3,-3,-5
WFI t=194551 a=-3650,-749,1936 g=-3,-3,-5
WFI t=194601 a=-3659,-747,1939 g=-1,-2,-4
WFI t=194651 a=-3662,-758,1955 g=-2,-1,-4
WFI t=194701 a=-3648,-771,1946 g=-1,-1,-5
WFI t=194752 a=-3659,-761,1943 g=-1,-2,-4
WFI t=194801 a=-3654,-757,1936 g=-2,-2,-3
WFI t=194852 a=-3663,-752,1929 g=-2,-4,-6
WFI t=194902 a=-3648,-756,1941 g=-5,-2,-6
WFI t=195034 a=-3650,-775,1935 g=-1,-1,-4
WFI t=195049 a=-3654,-765,1964 g=0,-2,-5
WFI t=195051 a=-3651,-760,1948 g=2,-4,-5
WFI t=195102 a=-3641,-761,1944 g=-3,-1,-3
WFI t=195151 a=-3654,-765,1946 g=-6,-1,-5
WFI t=195201 a=-3658,-756,1939 g=0,-2,-4
WFI t=195251 a=-3654,-761,1943 g=-1,-3,-5
WFI t=195301 a=-3656,-753,1949 g=-5,-3,-5
WFI t=195352 a=-3653,-747,1940 g=-3,0,-4
WFI t=195401 a=-3654,-767,1947 g=-1,-2,-5
WFI t=195451 a=-3651,-761,1935 g=-5,-2,-5
WFI t=195502 a=-3647,-748,1950 g=-4,-2,-5
WFI t=195551 a=-3653,-755,1954 g=-2,-2,-4
WFI t=195601 a=-3654,-763,1938 g=0,-1,-4
WFI t=195652 a=-3643,-762,1944 g=-2,-2,-5
WFI t=195702 a=-3669,-771,1944 g=-5,-2,-5
WFI t=195751 a=-3653,-762,1937 g=0,-2,-4
WFI t=195802 a=-3657,-757,1927 g=-5,-3,-5
WFI t=195852 a=-3646,-749,1942 g=-1,-2,-4
WFI t=195902 a=-3639,-757,1939 g=-5,-2,-5
WFI t=195952 a=-3639,-765,1948 g=-5,-2,-4
WFI t=196001 a=-3650,-751,1956 g=-5,-1,-5
WFI t=196051 a=-3650,-756,1955 g=-2,0,-4
WFI t=196102 a=-3642,-756,1932 g=-1,-2,-6
WFI t=196151 a=-3650,-756,1945 g=-5,-1,-4
WFI t=196201 a=-3636,-762,1937 g=0,-2,-5
WFI t=196251 a=-3643,-771,1943 g=-4,-4,-4
WFI t=196302 a=-3643,-752,1946 g=-9,-2,-6
WFI t=196351 a=-3651,-761,1936 g=2,-1,-4
WFI t=196401 a=-3657,-773,1940 g=-1,-1,-5
WFI t=196451 a=-3657,-750,1943 g=-1,-1,-4
WFI t=196502 a=-3666,-757,1939 g=-7,-2,-6
WFI t=196551 a=-3647,-757,1928 g=-2,-2,-5
WFI t=196601 a=-3646,-761,1945 g=-3,-3,-5
WFI t=196651 a=-3647,-757,1946 g=-5,-3,-5
WFI t=196702 a=-3654,-772,1947 g=-1,-2,-4
WFI t=196751 a=-3654,-757,1947 g=-2,-1,-5
WFI t=196801 a=-3648,-766,1943 g=-4,-2,-4
WFI t=196851 a=-3662,-753,1942 g=-4,-2,-5
WFI t=196901 a=-3654,-762,1950 g=-2,-2,-5
WFI t=197037 a=-3650,-762,1962 g=-4,-2,-5
WFI t=197053 a=-3655,-758,1946 g=-4,-1,-5
WFI t=197055 a=-3650,-758,1934 g=-1,-2,-3
WFE t=197056 bms stale, no frame for 10065 ms, dropping link
WFE t=197069 bms link down (stale) after 28 answers in 37768 ms, writes=38 err=0 silent=10 bytes=3612
WFI t=197118 a=-3652,-760,1944 g=0,-2,-4
WFE t=197129 bms disconnected reason=534
WFI t=197152 a=-3653,-752,1951 g=-1,-1,-5
WFI t=197201 a=-3641,-751,1944 g=-1,-2,-5
WFI t=197251 a=-3647,-752,1944 g=-4,-4,-5
WFI t=197301 a=-3656,-758,1933 g=-5,-2,-4
WFI t=197352 a=-3656,-772,1953 g=1,-1,-4
WFI t=197402 a=-3657,-758,1948 g=-2,-1,-5
WFI t=197451 a=-3657,-753,1938 g=-2,-3,-6
WFI t=197501 a=-3646,-762,1928 g=-2,-2,-4
WFI t=197551 a=-3663,-759,1933 g=-4,-4,-6
WFI t=197601 a=-3647,-766,1951 g=-8,-1,-5
WFI t=197651 a=-3654,-763,1936 g=-6,-4,-5
WFI t=197702 a=-3649,-763,1946 g=-4,-3,-5
WFI t=197752 a=-3658,-754,1929 g=-2,0,-4
WFI t=197801 a=-3654,-758,1934 g=2,-2,-5
WFI t=197851 a=-3651,-762,1929 g=-1,-1,-4
WFI t=197901 a=-3672,-769,1920 g=-1,-1,-4
WFI t=197951 a=-3641,-754,1936 g=-3,-1,-4
WFI t=198002 a=-3634,-765,1936 g=-2,-5,-4
WFI t=198051 a=-3648,-756,1954 g=-3,-1,-5
WFI t=198101 a=-3645,-746,1940 g=-6,-3,-4
WFI t=198151 a=-3662,-756,1938 g=2,-2,-4
WFI t=198202 a=-3644,-760,1940 g=1,-1,-4
WFI t=198251 a=-3638,-759,1930 g=-1,0,-5
WFI t=198301 a=-3642,-763,1936 g=-3,-2,-4
WFI t=198351 a=-3662,-762,1939 g=-4,-3,-4
WFI t=198402 a=-3646,-749,1939 g=2,-2,-3
WFI t=198451 a=-3657,-751,1930 g=-4,-1,-4
WFI t=198501 a=-3649,-756,1928 g=-5,-2,-5
WFI t=198551 a=-3648,-759,1934 g=-3,-2,-5
WFI t=198602 a=-3654,-757,1931 g=-1,-2,-4
WFI t=198651 a=-3656,-771,1931 g=-4,-1,-5
WFI t=198701 a=-3639,-754,1928 g=-5,-2,-5
WFI t=198751 a=-3656,-761,1940 g=0,-3,-4
WFI t=198802 a=-3648,-751,1951 g=3,0,-4
WFI t=198851 a=-3642,-758,1941 g=-4,-3,-5
WFI t=198901 a=-3665,-770,1937 g=-3,-2,-4
WFI t=198978 a=-3664,-772,1943 g=-6,-4,-4
WFI t=199188 a=-3641,-764,1945 g=-1,-3,-5
WFI t=199204 a=-3661,-766,1938 g=-1,-3,-5
WFI t=199207 a=-3659,-750,1942 g=0,0,-4
WFI t=199209 a=-3659,-750,1942 g=0,0,-4
WFI t=199211 a=-3660,-751,1944 g=-5,-2,-4
WFI t=199251 a=-3658,-761,1941 g=2,-1,-5
WFI t=199301 a=-3655,-773,1945 g=-7,0,-5
WFI t=199351 a=-3651,-764,1938 g=-6,-3,-4
WFI t=199401 a=-3646,-768,1925 g=-5,-3,-5
WFI t=199451 a=-3654,-766,1934 g=-7,-3,-6
WFI t=199502 a=-3637,-760,1931 g=-1,-3,-5
WFI t=199551 a=-3648,-754,1944 g=-3,-2,-4
WFI t=199601 a=-3650,-759,1943 g=-1,-3,-5
WFI t=199652 a=-3655,-751,1939 g=-6,-3,-5
WFE t=199690 bms subscribed val=0x0010 cccd=0x0011 ctrl=0x0014 mtu=512 regs=62
WFE t=199692 bms conn itvl=80 latency=0 timeout=600
WFI t=199702 a=-3651,-769,1950 g=-4,-2,-4
WFE t=199721 bms conn update force itvl=24 rc=0
WFE t=199722 bms reconnected (attempt 5)
WFT t=199740 batt_mv=4182 rssi_mcu=0 rssi_bms=-84 mcu=0 bms=144 dropped=0
WFE t=199741 bms mtu event mtu=512
WFE t=199743 bms conn update req itvl=12-12 latency=0 timeout=400 via=l2cap
WFI t=199752 a=-3653,-768,1927 g=-4,-2,-5
WFI t=199801 a=-3657,-760,1939 g=-4,0,-4
WFI t=199851 a=-3653,-764,1939 g=-3,-1,-4
WFI t=199901 a=-3661,-764,1941 g=-2,-1,-4
WFI t=199951 a=-3646,-762,1942 g=-4,-1,-5
WFR t=199989 src=bms type=0x02 len=129 data=d2037c0ee90ee90ee90ee90ee90ee90ee90ee90ee80ee90ee90eea0eec0eed0eed0eec0eed0eed0eef0eee0eee0eef0eef0eef0eed0eee0eee0eee0000000000000000003d0000000000000000000000000000042d752e02ad0eef0ee8003d003d00000156001c0001001d0000000100010eeb000700150000000000000000a378
WFI t=200002 a=-3655,-756,1943 g=0,-2,-4
WFI t=200051 a=-3655,-758,1932 g=-6,-2,-4
WFI t=200101 a=-3647,-762,1935 g=-5,-2,-4
WFI t=200151 a=-3655,-759,1949 g=0,-2,-6
WFI t=200201 a=-3669,-757,1929 g=-3,-2,-5
WFI t=200252 a=-3639,-761,1929 g=-5,-2,-5
WFI t=200301 a=-3655,-756,1947 g=-5,-1,-5
WFI t=200351 a=-3652,-749,1935 g=2,0,-5
WFE t=200389 bms conn update status=0 itvl=24 latency=0 timeout=600
WFI t=200401 a=-3658,-762,1932 g=4,-2,-5
WFI t=200451 a=-3654,-752,1933 g=-1,-3,-4
WFI t=200501 a=-3657,-758,1940 g=-5,-2,-5
WFI t=200551 a=-3655,-761,1933 g=1,-2,-7
WFI t=200601 a=-3649,-761,1939 g=-2,-3,-6
WFI t=200652 a=-3649,-762,1939 g=-2,-2,-3
WFI t=200701 a=-3663,-764,1924 g=-4,-2,-4
WFI t=200751 a=-3654,-767,1941 g=-1,-2,-5
WFI t=200802 a=-3650,-766,1931 g=0,-3,-5
WFI t=200851 a=-3653,-745,1937 g=-4,-3,-5
WFI t=200901 a=-3648,-766,1938 g=-5,-2,-4
WFR t=201062 src=bms type=0x02 len=129 data=d2037c0ee90ee80ee90ee90ee90ee90ee90ee90ee80ee90ee90eea0eed0eed0eed0eec0eed0eed0eee0eee0eee0eee0eef0eef0eed0eee0eee0eee0000000000000000003d0000000000000000000000000000042d752f02ad0eef0ee8003d003d00000156001c0001001d0000000100010eeb0007000a00000000000000000522
WFI t=201077 a=-3655,-764,1937 g=-4,-1,-6
WFI t=201079 a=-3645,-766,1943 g=-3,-2,-3
WFI t=201082 a=-3645,-766,1943 g=-3,-2,-3
WFI t=201101 a=-3645,-750,1947 g=-4,-4,-3
WFI t=201151 a=-3649,-757,1944 g=-5,-2,-3
WFI t=201201 a=-3653,-761,1934 g=-2,-3,-6
WFI t=201251 a=-3666,-768,1944 g=-3,-1,-6
WFI t=201301 a=-3643,-768,1939 g=-4,-3,-6
WFI t=201351 a=-3645,-757,1934 g=-9,-4,-4
WFI t=201401 a=-3654,-771,1923 g=-4,-3,-5
WFI t=201451 a=-3642,-762,1943 g=-1,-2,-6
WFI t=201501 a=-3660,-764,1945 g=-6,-2,-5
WFI t=201551 a=-3650,-756,1939 g=-2,-2,-3
WFI t=201601 a=-3661,-762,1944 g=-3,-2,-6
WFI t=201651 a=-3640,-746,1939 g=-3,-1,-7
WFI t=201703 a=-3651,-758,1938 g=-1,-2,-4
WFI t=201752 a=-3668,-771,1927 g=-1,-2,-4
WFI t=201801 a=-3671,-761,1939 g=-2,-2,-4
WFI t=201851 a=-3652,-758,1934 g=-3,-3,-6
WFI t=201902 a=-3660,-758,1940 g=-1,-1,-5
WFI t=201952 a=-3665,-756,1952 g=-2,-1,-3
WFI t=202001 a=-3651,-756,1941 g=-3,-2,-4
WFI t=202051 a=-3647,-773,1941 g=-2,-2,-3
WFR t=202099 src=bms type=0x02 len=129 data=d2037c0ee90ee80ee90ee90ee90ee90ee90ee90ee80ee90ee90eea0eec0eed0eed0eec0eed0eed0eee0eee0eee0eee0eef0eee0eed0eee0eee0eee0000000000000000003d0000000000000000000000000000042d753002ad0eef0ee8003d003d00000156001c0001001d0000000100010eeb000700000000000000000000bfa5
WFI t=202102 a=-3649,-764,1934 g=-2,-2,-5
WFI t=202152 a=-3650,-766,1932 g=-3,-3,-6
WFI t=202201 a=-3659,-758,1938 g=-7,-2,-6
WFI t=202251 a=-3664,-762,1935 g=-4,-3,-3
WFI t=202301 a=-3659,-756,1942 g=-2,-2,-5
WFI t=202352 a=-3657,-754,1935 g=-3,-2,-6
WFI t=202401 a=-3655,-755,1949 g=-4,-1,-4
WFI t=202451 a=-3642,-768,1944 g=-5,-2,-3
WFI t=202501 a=-3656,-766,1928 g=1,-2,-4
WFI t=202552 a=-3657,-765,1933 g=2,-1,-5
WFI t=202601 a=-3654,-768,1941 g=1,-2,-5
WFI t=202651 a=-3646,-756,1943 g=-5,-1,-4
WFI t=202701 a=-3656,-760,1947 g=-4,-3,-5
WFI t=202751 a=-3666,-767,1944 g=-3,-2,-4
WFI t=202801 a=-3664,-760,1943 g=-2,-2,-6
WFE t=202820 bms conn update req itvl=15-15 latency=0 timeout=400 via=l2cap
WFI t=202852 a=-3654,-755,1936 g=-5,-1,-4
WFI t=202901 a=-3648,-764,1950 g=-2,-1,-5
WFI t=202952 a=-3655,-765,1937 g=2,0,-3
WFI t=203082 a=-3659,-758,1942 g=-4,-1,-5
WFI t=203084 a=-3655,-758,1947 g=-5,-3,-4
WFI t=203102 a=-3653,-759,1942 g=-4,-1,-4
WFI t=203152 a=-3647,-754,1937 g=-5,-2,-5
WFI t=203201 a=-3647,-763,1943 g=-2,-1,-5
WFI t=203251 a=-3654,-763,1947 g=-1,-2,-5
WFR t=203299 src=bms type=0x02 len=129 data=d2037c0ee90ee80ee90ee90ee90ee90ee90ee90ee80ee90ee90eea0eec0eed0eed0eec0eed0eed0eef0eee0eee0eef0eef0eef0eed0eee0eee0eee0000000000000000003d0000000000000000000000000000042d752f02ad0eef0ee8003d003d00000156001c0001001d0000000100010eeb0007000a0000000000000000e565
WFI t=203302 a=-3655,-773,1932 g=-5,-3,-4
WFI t=203351 a=-3648,-765,1938 g=0,-1,-4
WFI t=203401 a=-3658,-757,1929 g=-3,-1,-4
WFI t=203451 a=-3655,-755,1937 g=-1,0,-5
WFI t=203501 a=-3654,-761,1950 g=-5,0,-3
WFI t=203551 a=-3660,-759,1938 g=3,-2,-4
WFI t=203602 a=-3657,-756,1947 g=6,-2,-4
WFI t=203651 a=-3659,-752,1940 g=-4,-3,-6
WFI t=203701 a=-3644,-761,1941 g=2,-3,-4
WFI t=203751 a=-3650,-759,1935 g=0,-2,-4
WFI t=203802 a=-3648,-762,1927 g=-2,-1,-5
WFI t=203851 a=-3657,-765,1933 g=-4,-3,-6
WFI t=203901 a=-3659,-752,1940 g=-5,0,-4
WFI t=203951 a=-3656,-760,1945 g=-1,-1,-4
WFI t=204002 a=-3668,-768,1931 g=0,-1,-5
WFI t=204051 a=-3645,-760,1940 g=-2,-3,-5
WFI t=204102 a=-3654,-764,1939 g=-4,-2,-7
WFI t=204151 a=-3644,-760,1931 g=-5,-3,-5
WFI t=204202 a=-3645,-764,1931 g=-5,-2,-4
WFI t=204251 a=-3653,-763,1941 g=-4,-5,-6
WFI t=204302 a=-3658,-770,1933 g=0,-2,-4
WFR t=204319 src=bms type=0x02 len=129 data=d2037c0ee90ee80ee90ee90ee90ee80ee90ee90ee80ee80ee90eea0eed0eed0eed0eec0eed0eed0eee0eee0eee0eee0eef0eef0eed0eee0eee0eee0000000000000000003d0000000000000000000000000000042d752f02ad0eef0ee7003d003d00000156001c0001001d0000000100010eeb0008000a0000000000000000846c
WFI t=204352 a=-3644,-755,1939 g=-2,-2,-4
WFI t=204401 a=-3653,-747,1931 g=3,-2,-4
WFI t=204451 a=-3654,-756,1943 g=0,-2,-4
WFI t=204501 a=-3654,-755,1935 g=-3,-2,-5
WFI t=204551 a=-3648,-763,1943 g=3,-1,-3
WFI t=204602 a=-3644,-760,1943 g=-2,-2,-5
WFI t=204651 a=-3655,-749,1939 g=0,-2,-5
WFI t=204701 a=-3653,-749,1940 g=-8,-2,-5
WFI t=204751 a=-3641,-751,1939 g=-5,-3,-4
WFI t=204802 a=-3654,-758,1933 g=1,-2,-4
WFI t=204851 a=-3652,-754,1936 g=-1,-1,-5
WFT t=204889 batt_mv=4186 rssi_mcu=0 rssi_bms=-77 mcu=0 bms=149 dropped=0
WFI t=204901 a=-3654,-755,1933 g=-1,-3,-6
WFI t=204951 a=-3646,-759,1943 g=-1,-1,-6
WFI t=205087 a=-3649,-751,1929 g=-7,-3,-5
WFI t=205089 a=-3651,-751,1937 g=-1,-3,-5
WFI t=205102 a=-3652,-751,1944 g=-3,0,-4
WFI t=205151 a=-3647,-771,1933 g=-2,-1,-6
WFI t=205201 a=-3649,-748,1941 g=-3,-1,-5
WFI t=205251 a=-3655,-747,1941 g=-6,-3,-4
WFI t=205301 a=-3650,-767,1931 g=-6,-3,-5
WFR t=205309 src=bms type=0x02 len=129 data=d2037c0ee90ee80ee90ee90ee90ee80ee90ee90ee80ee90ee90eea0eed0eec0eed0eec0eed0eee0eee0eee0eee0eee0eef0eef0eed0eee0eee0eee0000000000000000003d0000000000000000000000000000042d752f02ad0eef0ee8003d003d00000156001c0001001d0000000100010eeb0007000a00000000000000004deb
WFI t=205365 a=-3643,-757,1934 g=0,-1,-5
WFI t=205402 a=-3665,-758,1952 g=-8,-2,-6
WFI t=205454 a=-3652,-761,1936 g=-5,-2,-4
WFI t=205501 a=-3656,-760,1946 g=-8,-1,-5
WFI t=205552 a=-3651,-750,1937 g=0,0,-5
WFI t=205601 a=-3660,-755,1955 g=-4,-1,-5
WFI t=205651 a=-3660,-772,1928 g=-5,-1,-5
WFI t=205701 a=-3650,-762,1927 g=-3,-1,-5
WFI t=205752 a=-3652,-750,1945 g=0,-2,-5
WFI t=205801 a=-3648,-759,1931 g=-2,-1,-4
WFI t=205851 a=-3649,-757,1939 g=-2,-1,-5
WFI t=205901 a=-3659,-755,1934 g=-2,-2,-3
WFI t=205952 a=-3644,-767,1930 g=-2,0,-4
WFI t=206001 a=-3646,-757,1946 g=-4,-1,-5
WFI t=206051 a=-3658,-768,1932 g=-2,-2,-6
WFI t=206102 a=-3645,-755,1935 g=-2,-1,-5
WFI t=206152 a=-3658,-758,1936 g=-1,0,-5
WFI t=206201 a=-3651,-761,1929 g=-4,-1,-4
WFI t=206251 a=-3656,-765,1936 g=-2,-3,-4
WFI t=206301 a=-3655,-754,1937 g=-4,0,-4
WFR t=206329 src=bms type=0x02 len=129 data=d2037c0ee90ee80ee90ee90ee90ee90ee90ee90ee80ee90ee90eea0eed0eed0eed0eec0eed0eed0eee0eee0eee0eee0eef0eef0eed0eee0eee0eee0000000000000000003d0000000000000000000000000000042d752f02ad0eef0ee8003d003d00000156001c0001001d0000000100010eeb0007000a00000000000000000522
WFI t=206352 a=-3657,-747,1940 g=-5,-3,-4
WFI t=206401 a=-3640,-758,1927 g=-2,-3,-4
WFI t=206451 a=-3655,-755,1949 g=-3,-2,-6
WFI t=206501 a=-3651,-758,1938 g=-2,-2,-5
WFI t=206551 a=-3658,-770,1944 g=-7,-1,-5
WFI t=206601 a=-3656,-761,1949 g=-1,-2,-4
WFI t=206651 a=-3655,-754,1943 g=-1,-3,-5
WFI t=206701 a=-3658,-757,1946 g=1,-4,-5
WFI t=206751 a=-3645,-752,1930 g=-8,0,-4
WFI t=206801 a=-3659,-763,1936 g=-1,-2,-4
WFI t=206851 a=-3652,-764,1936 g=-3,-3,-5
WFI t=206901 a=-3651,-762,1951 g=-7,-4,-5
WFI t=206951 a=-3644,-757,1952 g=-2,-2,-5
WFI t=207083 a=-3643,-762,1939 g=-7,-3,-3
WFI t=207166 a=-3646,-746,1928 g=-6,-2,-6
WFI t=207265 a=-3640,-755,1946 g=-1,-2,-5
WFI t=207267 a=-3640,-763,1933 g=-3,-3,-4
WFI t=207270 a=-3640,-763,1933 g=-3,-3,-4
WFI t=207273 a=-3651,-762,1934 g=-5,-2,-4
WFI t=207302 a=-3654,-759,1930 g=-2,-1,-4
WFI t=207351 a=-3648,-749,1932 g=0,-1,-6
WFI t=207401 a=-3650,-767,1936 g=-1,-3,-4
WFI t=207451 a=-3657,-754,1941 g=-8,-2,-3
WFR t=207469 src=bms type=0x02 len=129 data=d2037c0ee90ee80ee90ee90ee90ee90ee90ee90ee80ee90ee90eea0eed0eed0eed0eec0eed0eee0eee0eee0eee0eef0eef0eef0eed0eee0eee0eee0000000000000000003d0000000000000000000000000000042d752f02ad0eef0ee8003d003d00000156001c0001001d0000000100010eeb0007000a0000000000000000b4c8
WFI t=207502 a=-3665,-757,1935 g=-1,-2,-5
WFI t=207551 a=-3635,-756,1940 g=-1,-3,-5
WFI t=207601 a=-3642,-760,1935 g=-1,-2,-5
WFI t=207651 a=-3657,-776,1926 g=-4,-3,-4
WFI t=207701 a=-3657,-769,1939 g=-4,-1,-5
WFI t=207751 a=-3664,-764,1931 g=-5,-3,-4
WFI t=207801 a=-3648,-776,1945 g=-2,-3,-5
WFI t=207851 a=-3654,-763,1936 g=-8,-4,-5
WFI t=207901 a=-3639,-762,1937 g=3,0,-3
WFI t=207951 a=-3653,-759,1936 g=-2,-1,-5
WFI t=208001 a=-3650,-758,1937 g=-3,-2,-4
WFI t=208051 a=-3653,-754,1932 g=-4,-3,-3
WFI t=208101 a=-3649,-770,1935 g=-1,0,-4
WFI t=208151 a=-3649,-767,1943 g=0,-2,-4
WFI t=208201 a=-3645,-764,1935 g=-1,-3,-5
WFI t=208252 a=-3650,-763,1937 g=-2,-2,-4
WFI t=208302 a=-3660,-763,1936 g=-2,-2,-4
WFI t=208352 a=-3662,-766,1930 g=-3,-1,-4
WFI t=208401 a=-3648,-763,1938 g=-5,-2,-4
WFI t=208451 a=-3648,-770,1942 g=-2,-1,-5
WFR t=208489 src=bms type=0x02 len=129 data=d2037c0ee90ee80ee90ee90ee90ee90ee90ee90ee80ee90ee90eea0eed0eed0eee0eec0eed0eed0eee0eee0eee0eef0eef0eef0eed0eee0eee0eee0000000000000000003d0000000000000000000000000000042d752f02ad0eef0ee8003d003d00000156001c0001001d0000000100010eeb0007000a00000000000000002c7e
WFI t=208502 a=-3645,-760,1935 g=-6,-3,-5
WFI t=208551 a=-3641,-764,1936 g=-1,0,-5
WFI t=208601 a=-3652,-756,1939 g=-1,-1,-4
WFI t=208651 a=-3657,-757,1929 g=-2,-1,-3
WFI t=208701 a=-3653,-771,1940 g=-5,-2,-5
WFI t=208752 a=-3643,-762,1939 g=-1,-3,-5
WFI t=208801 a=-3645,-758,1946 g=0,-1,-3
WFI t=208851 a=-3653,-758,1939 g=-8,-3,-5
WFI t=208901 a=-3655,-744,1934 g=-6,-3,-5
WFI t=208952 a=-3654,-760,1940 g=-5,-1,-4
WFI t=209031 a=-3648,-762,1936 g=-2,-2,-4
WFI t=209112 a=-3642,-761,1934 g=-2,-1,-3
WFI t=209114 a=-3647,-762,1937 g=1,-3,-4
WFI t=209151 a=-3651,-758,1926 g=-1,-1,-5
WFI t=209201 a=-3656,-758,1932 g=-2,-1,-5
WFI t=209251 a=-3654,-755,1933 g=-4,-3,-4
WFI t=209302 a=-3640,-751,1942 g=-5,-2,-4
WFI t=209351 a=-3649,-757,1928 g=-3,-3,-5
WFI t=209401 a=-3651,-759,1934 g=-4,-3,-4
WFI t=209451 a=-3649,-760,1932 g=-1,-3,-5
WFI t=209501 a=-3647,-756,1936 g=-1,-3,-4
WFR t=209540 src=bms type=0x02 len=129 data=d2037c0ee90ee80ee90ee90ee90ee80ee90ee90ee80ee90ee90eea0eed0eed0eed0eec0eed0eed0eee0eee0eee0eee0eef0eef0eed0eee0eee0eee0000000000000000003d0000000000000000000000000000042d752f02ad0eef0ee8003d003d00000156001c0001001d0000000100010eeb0007000a0000000000000000a304
WFI t=209552 a=-3661,-763,1930 g=-5,-3,-5
WFI t=209601 a=-3659,-762,1932 g=-4,-3,-6
WFI t=209651 a=-3652,-757,1941 g=-1,-3,-5
WFI t=209701 a=-3650,-750,1942 g=-5,-1,-5
WFI t=209752 a=-3664,-772,1948 g=-4,-1,-5
WFI t=209801 a=-3649,-766,1936 g=-11,-2,-6
WFI t=209851 a=-3650,-761,1930 g=-2,-3,-4
WFI t=209902 a=-3646,-755,1931 g=-4,-2,-4
WFT t=209904 batt_mv=4184 rssi_mcu=0 rssi_bms=-81 mcu=0 bms=154 dropped=0
WFI t=209951 a=-3663,-765,1936 g=-6,-2,-5
WFI t=210001 a=-3647,-768,1947 g=-5,-1,-5
WFI t=210051 a=-3640,-770,1931 g=4,0,-4
WFI t=210101 a=-3654,-758,1935 g=-1,-1,-5
WFI t=210151 a=-3657,-767,1938 g=-6,-3,-6
WFI t=210201 a=-3657,-762,1935 g=-1,0,-5
WFI t=210251 a=-3638,-760,1937 g=-2,-1,-5
WFI t=210301 a=-3654,-760,1935 g=-2,-1,-5
WFI t=210352 a=-3651,-766,1942 g=-3,-2,-4
WFI t=210402 a=-3659,-762,1940 g=-7,-5,-4
WFI t=210451 a=-3655,-759,1942 g=-2,-3,-5
WFI t=210501 a=-3649,-768,1923 g=-11,-1,-7
WFR t=210529 src=bms type=0x02 len=129 data=d2037c0ee90ee80ee90ee90ee90ee90ee90ee90ee80ee90ee90eea0eed0eec0eed0eec0eed0eed0eee0eee0eee0eef0eef0eef0eed0eee0eee0eee0000000000000000003d0000000000000000000000000000042d752e02ad0eef0ee8003d003d00000156001c0001001d0000000100010eeb000700150000000000000000d1aa
WFI t=210552 a=-3658,-755,1930 g=0,-2,-4
WFI t=210602 a=-3656,-754,1932 g=0,-2,-5
WFI t=210651 a=-3650,-760,1940 g=-3,-3,-5
WFI t=210701 a=-3656,-750,1938 g=-2,-1,-3
WFI t=210751 a=-3649,-755,1942 g=-4,-3,-5
WFI t=210802 a=-3642,-767,1934 g=-1,-3,-4
WFI t=210851 a=-3658,-756,1943 g=-1,-2,-5
WFI t=210901 a=-3653,-746,1941 g=-1,-2,-5
WFI t=210951 a=-3656,-755,1938 g=-6,-1,-5
WFI t=211105 a=-3650,-761,1941 g=-2,-2,-4
WFI t=211121 a=-3638,-763,1944 g=-3,-4,-4
WFI t=211123 a=-3658,-770,1944 g=-2,0,-6
WFI t=211151 a=-3647,-757,1924 g=-1,-3,-5
WFI t=211202 a=-3647,-758,1953 g=-4,-2,-5
WFI t=211251 a=-3655,-756,1940 g=-3,-3,-5
WFI t=211301 a=-3654,-762,1944 g=-4,-2,-4
WFI t=211352 a=-3661,-756,1941 g=-2,-2,-4
WFI t=211402 a=-3654,-750,1933 g=0,-1,-4
WFI t=211451 a=-3651,-759,1945 g=-3,-1,-4
WFI t=211501 a=-3663,-769,1948 g=-5,-4,-4
WFR t=211549 src=bms type=0x02 len=129 data=d2037c0ee90ee90ee90ee90ee90ee80ee90ee90ee80ee80ee90eea0eed0eed0eed0eec0eed0eed0eee0eee0eee0eee0eef0eef0eed0eee0eee0eee0000000000000000003d0000000000000000000000000000042d752f02ad0eef0ee8003d003d00000156001c0001001d0000000100010eeb0007000a0000000000000000d2e9
WFI t=211552 a=-3650,-777,1944 g=-4,-2,-5
WFI t=211602 a=-3650,-780,1936 g=-5,-2,-4
WFI t=211651 a=-3647,-767,1934 g=-3,-2,-4
WFI t=211701 a=-3647,-769,1939 g=-4,-2,-4
WFI t=211751 a=-3651,-761,1926 g=0,-2,-4
WFI t=211802 a=-3656,-759,1944 g=-3,-2,-4
WFI t=211851 a=-3661,-765,1936 g=-3,-4,-5
WFI t=211901 a=-3650,-766,1945 g=-1,-1,-5
WFI t=211951 a=-3667,-756,1953 g=-6,-2,-5
WFI t=212002 a=-3660,-753,1941 g=1,-1,-4
WFI t=212052 a=-3662,-753,1934 g=-6,-3,-5
WFI t=212101 a=-3644,-757,1937 g=-3,-2,-6
WFI t=212151 a=-3656,-771,1934 g=-7,-3,-4
WFI t=212201 a=-3655,-772,1939 g=-3,-2,-4
WFI t=212252 a=-3652,-775,1937 g=-5,-5,-5
WFI t=212301 a=-3666,-754,1942 g=-1,-1,-4
WFI t=212352 a=-3656,-760,1933 g=-3,-3,-5
WFI t=212401 a=-3644,-761,1925 g=-3,-2,-4
WFI t=212452 a=-3653,-760,1940 g=0,-2,-5
WFI t=212501 a=-3645,-762,1934 g=-2,-3,-5
WFI t=212552 a=-3644,-756,1941 g=2,-2,-4
WFR t=212569 src=bms type=0x02 len=129 data=d2037c0ee90ee80ee90ee90ee90ee80ee90ee90ee80ee90ee90eea0eed0eed0eed0eec0eed0eed0eee0eee0eee0eee0eef0eee0eed0eee0eee0eee0000000000000000003d0000000000000000000000000000042d752f02ad0eef0ee8003d003d00000156001c0001001d0000000100010eeb0007000a0000000000000000e385
WFI t=212602 a=-3652,-751,1935 g=1,-2,-4
WFI t=212652 a=-3653,-752,1936 g=1,-3,-5
WFI t=212701 a=-3660,-764,1938 g=-4,-3,-5
WFI t=212751 a=-3647,-772,1948 g=-5,-2,-5
WFI t=212801 a=-3651,-766,1952 g=-4,-1,-5
WFI t=212852 a=-3663,-755,1940 g=-2,-2,-4
WFI t=212901 a=-3656,-760,1949 g=-4,-4,-5
WFI t=212951 a=-3653,-767,1936 g=0,-2,-5
WFI t=213035 a=-3648,-756,1941 g=-4,-1,-4
WFI t=213130 a=-3667,-761,1944 g=0,-1,-6
WFI t=213133 a=-3667,-761,1944 g=0,-1,-6
WFI t=213151 a=-3666,-763,1942 g=-2,-2,-6
WFI t=213201 a=-3660,-753,1941 g=1,-1,-4
WFI t=213251 a=-3654,-761,1934 g=-3,-2,-5
WFI t=213301 a=-3657,-758,1934 g=1,-4,-3
WFI t=213352 a=-3661,-757,1936 g=-6,-2,-5
WFI t=213401 a=-3647,-754,1948 g=-4,-3,-5
WFI t=213451 a=-3660,-761,1935 g=-3,-2,-5
WFI t=213501 a=-3650,-761,1941 g=-2,-2,-4
WFI t=213551 a=-3649,-751,1944 g=-4,-3,-4
WFR t=213560 src=bms type=0x02 len=129 data=d2037c0ee90ee80ee90ee90ee90ee90ee90eea0ee80ee90ee90eea0eed0eed0eed0eec0eed0eed0eef0eee0eee0eee0eef0eef0eed0eee0eee0eee0000000000000000003d0000000000000000000000000000042d752f02ad0eef0ee8003d003d00000156001c0001001d0000000100010eeb0007000a0000000000000000b779
WFI t=213613 a=-3645,-754,1933 g=-3,-2,-5
WFI t=213651 a=-3657,-754,1938 g=-6,0,-4
WFI t=213701 a=-3651,-766,1938 g=0,-3,-5
WFI t=213752 a=-3651,-762,1937 g=-2,-4,-4
WFI t=213801 a=-3652,-744,1939 g=4,-2,-4
WFI t=213851 a=-3656,-754,1934 g=-7,-2,-5
WFI t=213901 a=-3653,-762,1929 g=0,-2,-5
WFI t=213951 a=-3650,-765,1935 g=-4,-2,-4
WFI t=214002 a=-3653,-759,1935 g=-5,1,-5
WFI t=214051 a=-3650,-752,1945 g=-3,-1,-5
WFI t=214101 a=-3650,-761,1939 g=-2,-2,-5
WFI t=214151 a=-3651,-749,1933 g=0,-3,-4
WFI t=214202 a=-3650,-764,1943 g=1,-3,-5
WFI t=214251 a=-3652,-767,1932 g=-5,-1,-3
WFI t=214301 a=-3651,-763,1949 g=-3,-1,-4
WFI t=214352 a=-3652,-760,1945 g=-1,-2,-5
WFI t=214401 a=-3661,-752,1937 g=-2,-2,-4
WFI t=214451 a=-3650,-757,1933 g=-1,-1,-5
WFI t=214501 a=-3657,-765,1939 g=1,1,-5
WFR t=214549 src=bms type=0x02 len=129 data=d2037c0ee90ee90ee90ee90ee90ee90ee90ee90ee80ee90ee90eea0eed0eed0eed0eec0eed0eed0eee0eee0eee0eee0eef0eef0eed0eee0eee0eee0000000000000000003d0000000000000000000000000000042d752f02ad0eef0ee8003d003d00000156001c0001001d0000000100010eeb0007000a0000000000000000c8b2
WFI t=214552 a=-3650,-769,1944 g=-4,-1,-3
WFI t=214602 a=-3647,-751,1941 g=-1,0,-4
WFI t=214651 a=-3640,-760,1936 g=-1,-2,-4
WFI t=214701 a=-3657,-758,1937 g=-2,-1,-3
WFI t=214751 a=-3649,-760,1939 g=-3,-3,-5
WFI t=214801 a=-3656,-760,1931 g=-6,-3,-4
WFI t=214851 a=-3664,-766,1927 g=-4,-2,-4
WFI t=214901 a=-3641,-765,1940 g=-3,-1,-5
WFT t=214936 batt_mv=4170 rssi_mcu=0 rssi_bms=-76 mcu=0 bms=159 dropped=0
WFI t=214952 a=-3667,-758,1935 g=-1,-1,-3
WFI t=215002 a=-3649,-761,1923 g=-3,-3,-4
WFI t=215134 a=-3658,-761,1940 g=-2,-1,-5
WFI t=215282 a=-3648,-754,1942 g=-5,-1,-4
WFI t=215284 a=-3666,-761,1945 g=-5,-2,-5
WFI t=215286 a=-3666,-761,1945 g=-5,-2,-5
WFI t=215289 a=-3652,-763,1933 g=-7,-2,-5
WFI t=215301 a=-3651,-772,1943 g=-9,-3,-6
WFI t=215351 a=-3640,-764,1929 g=-3,-3,-4
WFI t=215402 a=-3648,-761,1939 g=0,-3,-6
WFI t=215451 a=-3654,-769,1940 g=-5,-2,-4
WFI t=215501 a=-3644,-766,1931 g=-3,-3,-5
WFI t=215552 a=-3666,-763,1932 g=-4,-2,-4
WFI t=215601 a=-3647,-758,1944 g=-1,-1,-5
WFR t=215630 src=bms type=0x02 len=129 data=d2037c0ee90ee80ee90ee90ee90ee90ee90ee90ee80ee90ee90eea0eed0eed0eed0eec0eed0eed0eef0eee0eee0eee0eef0eef0eed0eee0eee0eee0000000000000000003d0000000000000000000000000000042d752f02ad0eef0ee8003d003d00000156001c0001001d0000000100010eeb0007000a00000000000000006ba0
WFI t=215652 a=-3653,-756,1941 g=0,-1,-5
WFI t=215701 a=-3654,-763,1935 g=-2,-3,-4
WFI t=215751 a=-3648,-766,1930 g=-5,-1,-5
WFI t=215801 a=-3642,-764,1943 g=0,-1,-5
WFI t=215851 a=-3648,-758,1943 g=0,-1,-4
WFI t=215901 a=-3654,-767,1937 g=-3,-3,-5
WFI t=215952 a=-3650,-773,1936 g=0,-3,-5
WFI t=216001 a=-3651,-757,1932 g=2,-3,-5
WFI t=216051 a=-3648,-762,1942 g=0,-2,-4
WFI t=216101 a=-3645,-770,1933 g=-3,-1,-4
WFI t=216151 a=-3658,-758,1939 g=-5,-4,-4
WFI t=216201 a=-3653,-751,1937 g=-7,-3,-6
WFI t=216251 a=-3647,-771,1932 g=-2,-2,-5
WFI t=216301 a=-3655,-759,1939 g=-5,-3,-4
WFI t=216351 a=-3657,-763,1944 g=-6,-3,-3
WFI t=216402 a=-3654,-765,1948 g=0,-1,-5
WFI t=216451 a=-3651,-752,1942 g=-4,-1,-6
WFI t=216501 a=-3637,-753,1934 g=0,-3,-5
WFI t=216552 a=-3648,-765,1945 g=-3,-1,-3
WFI t=216601 a=-3648,-771,1929 g=-2,-3,-3
WFR t=216620 src=bms type=0x02 len=129 data=d2037c0ee90ee80ee90ee90ee90ee80ee90ee90ee80ee80ee90eea0eec0eec0eed0eec0eed0eed0eee0eee0eee0eee0eef0eef0eed0eee0eee0eee0000000000000000003d0000000000000000000000000000042d752f02ad0eef0ee8003d003d00000156001c0001001d0000000100010eeb0007000a0000000000000000ceb9
WFI t=216652 a=-3663,-765,1940 g=-1,0,-6
WFI t=216701 a=-3650,-757,1931 g=-2,-2,-5
WFI t=216752 a=-3663,-757,1949 g=-4,-2,-4
WFI t=216801 a=-3649,-756,1925 g=-4,-4,-3
WFI t=216851 a=-3657,-758,1933 g=-3,-1,-4
WFI t=216901 a=-3660,-760,1943 g=0,-1,-5
WFI t=216951 a=-3643,-764,1938 g=-5,-2,-4
WFI t=217001 a=-3656,-757,1943 g=-6,-5,-5
WFI t=217057 a=-3651,-757,1930 g=-3,-3,-5
WFI t=217102 a=-3656,-756,1940 g=-1,-2,-5
WFI t=217229 a=-3659,-749,1932 g=-4,-3,-5
WFI t=217232 a=-3650,-758,1942 g=-5,-4,-4
WFI t=217251 a=-3641,-760,1945 g=-2,-1,-6
WFI t=217301 a=-3651,-772,1937 g=-5,-2,-6
WFI t=217351 a=-3644,-757,1934 g=-4,-2,-6
WFI t=217401 a=-3645,-766,1941 g=-2,-2,-4
WFI t=217452 a=-3650,-766,1945 g=-6,-3,-4
WFI t=217501 a=-3661,-760,1937 g=0,-2,-4
WFI t=217551 a=-3641,-775,1938 g=-1,-2,-4
WFI t=217601 a=-3656,-747,1947 g=-2,-2,-5
WFR t=217640 src=bms type=0x02 len=129 data=d2037c0ee90ee80ee90ee90ee90ee90ee90eea0ee80ee90ee90eea0eed0eed0eed0eec0eed0eed0eee0eee0eee0eef0eef0eef0eed0eee0eee0eee0000000000000000003d0000000000000000000000000000042d752f02ad0eef0ee8003d003d00000156001c0001001d0000000100010eeb0007000a00000000000000009c13
WFI t=217652 a=-3645,-764,1923 g=2,-1,-4
WFI t=217701 a=-3662,-757,1933 g=0,-2,-5
WFI t=217751 a=-3660,-764,1944 g=1,-2,-5
WFI t=217801 a=-3645,-761,1939 g=-4,-2,-5
WFI t=217852 a=-3654,-766,1930 g=-11,-4,-5
WFI t=217901 a=-3656,-741,1949 g=-7,-4,-5
WFI t=217951 a=-3663,-758,1938 g=-5,-2,-5
WFI t=218001 a=-3662,-772,1947 g=0,-2,-4
WFI t=218051 a=-3645,-754,1940 g=0,-2,-3
WFI t=218101 a=-3653,-745,1954 g=-1,-2,-3
WFI t=218151 a=-3655,-751,1931 g=-3,-2,-4
WFI t=218201 a=-3648,-746,1945 g=-4,-5,-5
WFI t=218251 a=-3655,-762,1943 g=-2,-2,-3
WFI t=218302 a=-3652,-766,1937 g=-9,-3,-5
WFI t=218351 a=-3659,-771,1938 g=-4,-2,-5
WFI t=218401 a=-3647,-768,1941 g=-2,-3,-5
WFI t=218452 a=-3645,-759,1949 g=-7,-2,-5
WFI t=218502 a=-3658,-748,1934 g=-5,-3,-5
WFI t=218551 a=-3659,-757,1941 g=-3,-2,-5
WFI t=218601 a=-3652,-765,1930 g=-6,-1,-5
WFI t=218651 a=-3647,-766,1937 g=-2,0,-5
WFR t=218660 src=bms type=0x02 len=129 data=d2037c0ee90ee80ee90ee90ee90ee90ee90ee90ee80ee90ee90eea0eed0eec0eed0eec0eed0eee0eee0eee0eee0eee0eef0eef0eed0eee0eee0eee0000000000000000003d0000000000000000000000000000042d752f02ad0eef0ee8003d003d00000156001c0001001d0000000100010eeb0007000a0000000000000000ebcd
WFI t=218701 a=-3665,-769,1936 g=-4,-2,-4
WFI t=218751 a=-3645,-759,1948 g=-2,-2,-5
WFI t=218801 a=-3652,-760,1941 g=-5,-3,-4
WFI t=218851 a=-3669,-753,1930 g=-1,-2,-4
WFI t=218902 a=-3655,-764,1934 g=-4,-2,-4
WFI t=218951 a=-3654,-759,1936 g=-1,-2,-4
WFI t=219001 a=-3649,-760,1945 g=-1,-4,-4
WFI t=219070 a=-3638,-756,1936 g=-3,-2,-4
WFI t=219151 a=-3639,-766,1947 g=-4,-2,-5
WFI t=219153 a=-3659,-755,1934 g=-6,-1,-5
WFI t=219202 a=-3664,-753,1943 g=-5,-3,-5
WFI t=219251 a=-3655,-763,1939 g=-5,-2,-4
WFI t=219301 a=-3652,-756,1937 g=-5,-3,-4
WFI t=219351 a=-3643,-769,1943 g=-1,-2,-4
WFI t=219402 a=-3661,-761,1936 g=1,-1,-4
WFI t=219452 a=-3657,-755,1952 g=-3,-3,-4
WFI t=219501 a=-3658,-760,1940 g=-9,-1,-6
WFI t=219551 a=-3655,-757,1936 g=0,-3,-4
WFI t=219602 a=-3643,-764,1943 g=-3,-4,-4
WFR t=219650 src=bms type=0x02 len=129 data=d2037c0ee90ee80ee90ee90ee90ee90ee90ee90ee80ee90ee90eea0eed0eed0eed0eec0eed0eed0eee0eee0eed0eee0eef0eee0eed0eee0eee0eee0000000000000000003d0000000000000000000000000000042d752f02ad0eef0ee8003d003d00000156001c0001001d0000000100010eeb0007000a00000000000000001081
WFI t=219652 a=-3651,-755,1946 g=-1,-2,-5
WFI t=219701 a=-3648,-766,1937 g=-3,-2,-4
WFI t=219751 a=-3652,-763,1933 g=-5,-3,-5
WFI t=219802 a=-3643,-753,1932 g=-7,-4,-5
WFI t=219851 a=-3643,-746,1935 g=-5,-2,-4
WFI t=219901 a=-3658,-751,1932 g=-2,-1,-6
WFI t=219951 a=-3658,-763,1945 g=-2,-3,-4
WFI t=220002 a=-3656,-762,1939 g=-5,-2,-4
WFT t=220026 batt_mv=4180 rssi_mcu=0 rssi_bms=-77 mcu=0 bms=164 dropped=0
WFI t=220052 a=-3644,-749,1936 g=0,-3,-4
WFI t=220101 a=-3654,-751,1943 g=-1,-4,-5
WFI t=220151 a=-3655,-759,1953 g=0,-1,-4
WFI t=220202 a=-3651,-761,1943 g=-7,-3,-5
WFI t=220251 a=-3650,-759,1940 g=0,-2,-4
WFI t=220301 a=-3653,-762,1947 g=-1,-3,-4
WFI t=220351 a=-3653,-746,1943 g=-3,-1,-4
WFI t=220401 a=-3660,-754,1946 g=1,-2,-4
WFI t=220452 a=-3645,-767,1942 g=-3,-4,-4
WFI t=220501 a=-3654,-755,1945 g=-2,-1,-5
WFI t=220551 a=-3650,-760,1930 g=-8,-3,-4
WFI t=220602 a=-3651,-763,1936 g=-6,-3,-5
WFI t=220651 a=-3658,-761,1936 g=-4,-1,-5
WFR t=220670 src=bms type=0x02 len=129 data=d2037c0ee90ee80ee90ee90ee90ee90ee90ee90ee80ee90ee90eea0eec0eec0eed0eec0eed0eed0eee0eee0eee0eee0eef0eee0eec0eee0eee0eee0000000000000000003d0000000000000000000000000000042d752f02ad0eef0ee8003d003d00000156001c0001001d0000000100010eeb0007000a0000000000000000695f
WFI t=220702 a=-3657,-770,1941 g=-1,-3,-6
WFI t=220751 a=-3657,-766,1954 g=-5,-3,-4
WFI t=220801 a=-3658,-763,1936 g=-5,-2,-5
WFI t=220851 a=-3644,-768,1942 g=-4,-1,-3
WFI t=220901 a=-3648,-757,1945 g=-6,-3,-5
WFI t=220951 a=-3642,-757,1949 g=0,-2,-4
WFI t=221001 a=-3658,-771,1940 g=-2,-2,-5
WFI t=221141 a=-3664,-761,1947 g=-1,-3,-5
WFI t=221157 a=-3661,-748,1940 g=-5,-3,-5
WFI t=221159 a=-3645,-757,1940 g=2,-1,-4
WFI t=221201 a=-3653,-770,1944 g=-1,-2,-4
WFI t=221252 a=-3653,-748,1941 g=-5,-2,-5
WFI t=221301 a=-3652,-764,1947 g=3,-1,-5
WFI t=221351 a=-3656,-760,1945 g=-7,-2,-4
WFI t=221401 a=-3651,-759,1936 g=-2,-2,-5
WFI t=221452 a=-3647,-744,1950 g=-4,-4,-4
WFI t=221502 a=-3638,-763,1941 g=-4,0,-4
WFI t=221551 a=-3654,-767,1947 g=-1,-1,-4
WFI t=221601 a=-3651,-762,1943 g=-3,-1,-5
WFI t=221651 a=-3653,-763,1951 g=-1,-1,-4
WFR t=221690 src=bms type=0x02 len=129 data=d2037c0ee90ee80ee90ee90ee90ee80ee90eea0ee80ee90ee90eea0eec0eed0eed0eec0eed0eed0eee0eee0eee0eee0eef0eef0eec0eee0eee0eee0000000000000000003d0000000000000000000000000000042d752f02ad0eef0ee8003d003d00000156001c0001001d0000000100010eeb0007000a000000000000000049cc
WFI t=221743 a=-3659,-754,1931 g=1,-1,-3
WFI t=221751 a=-3650,-759,1941 g=-2,-3,-3
WFI t=221801 a=-3661,-764,1931 g=-5,-4,-4
WFI t=221852 a=-3651,-771,1942 g=-1,-3,-5
WFI t=221901 a=-3656,-750,1948 g=-7,-3,-6
WFI t=221951 a=-3660,-759,1945 g=-5,-1,-3
WFI t=222001 a=-3659,-761,1943 g=-7,-2,-4
WFI t=222051 a=-3648,-751,1944 g=0,-2,-3
WFI t=222101 a=-3654,-755,1947 g=-3,-2,-4
WFI t=222151 a=-3649,-760,1943 g=-3,-2,-5
WFI t=222201 a=-3649,-758,1945 g=-2,-1,-3
WFI t=222251 a=-3652,-748,1941 g=-1,-2,-4
WFI t=222301 a=-3647,-759,1945 g=-2,-1,-4
WFI t=222351 a=-3650,-770,1940 g=1,-2,-4
WFI t=222401 a=-3651,-759,1933 g=0,-1,-5
WFI t=222451 a=-3668,-773,1939 g=-5,0,-5
WFI t=222502 a=-3652,-751,1943 g=-5,-2,-6
WFI t=222551 a=-3648,-760,1953 g=-9,-3,-5
WFI t=222601 a=-3644,-774,1952 g=-7,-3,-5
WFI t=222652 a=-3648,-760,1939 g=-4,-1,-4
WFI t=222701 a=-3653,-759,1958 g=-4,-2,-5
WFR t=222710 src=bms type=0x02 len=129 data=d2037c0ee90ee80ee90ee90ee90ee90ee90eea0ee80ee90ee90eea0eed0eec0eed0eec0eed0eed0eee0eee0eee0eee0eef0eef0eed0eee0eee0eee0000000000000000003d0000000000000000000000000000042d752f02ad0eef0ee8003d003d00000156001c0001001d0000000100010eeb0007000a0000000000000000c316
WFI t=222752 a=-3656,-766,1936 g=-2,-1,-4
WFI t=222801 a=-3657,-751,1936 g=-4,-1,-4
WFI t=222852 a=-3643,-765,1938 g=-7,-2,-5
WFI t=222902 a=-3656,-764,1942 g=0,0,-5
WFI t=222951 a=-3650,-755,1934 g=0,-3,-4
WFI t=223001 a=-3652,-768,1939 g=2,-1,-3
WFI t=223088 a=-3657,-760,1938 g=-2,-4,-5
WFI t=223239 a=-3652,-770,1951 g=-5,-2,-5
WFI t=223331 a=-3673,-763,1941 g=0,-3,-4
WFI t=223334 a=-3643,-750,1931 g=-6,-3,-6
WFI t=223336 a=-3647,-761,1924 g=0,-2,-5
WFI t=223338 a=-3647,-761,1924 g=0,-2,-5
WFI t=223351 a=-3661,-759,1939 g=-4,-2,-5
WFI t=223401 a=-3650,-767,1947 g=-5,-2,-6
WFI t=223451 a=-3655,-769,1949 g=0,-1,-4
WFI t=223501 a=-3662,-766,1938 g=1,-3,-5
WFI t=223552 a=-3654,-765,1941 g=0,-1,-5
WFI t=223601 a=-3668,-761,1942 g=-3,-1,-6
WFI t=223651 a=-3650,-754,1932 g=-6,-2,-5
WFI t=223701 a=-3633,-759,1955 g=-1,-2,-4
WFI t=223752 a=-3649,-773,1945 g=-1,-3,-4
WFR t=223760 src=bms type=0x02 len=129 data=d2037c0ee90ee80ee90ee90ee90ee90ee90eea0ee80ee90ee90eea0eed0eed0eed0eec0eed0eed0eee0eee0eee0eee0eef0eee0eec0eee0eee0eee0000000000000000003d0000000000000000000000000000042d752f02ad0eef0ee8003d003d00000156001c0001001d0000000100010eeb0007000a00000000000000006446
WFI t=223802 a=-3671,-761,1941 g=-2,-1,-4
WFI t=223851 a=-3654,-760,1938 g=-2,-3,-5
WFI t=223901 a=-3654,-762,1936 g=-5,-2,-2
WFI t=223951 a=-3648,-762,1950 g=-2,-2,-4
WFI t=224002 a=-3650,-763,1943 g=-2,-3,-5
WFI t=224051 a=-3637,-764,1940 g=-1,-3,-5
WFI t=224101 a=-3655,-758,1945 g=-2,-2,-4
WFI t=224151 a=-3651,-761,1933 g=-6,-3,-4
WFI t=224202 a=-3651,-766,1944 g=-2,-2,-6
WFI t=224251 a=-3647,-763,1936 g=1,-1,-5
WFI t=224301 a=-3655,-746,1948 g=-2,-3,-5
WFI t=224351 a=-3652,-759,1945 g=-6,-3,-5
WFI t=224402 a=-3652,-764,1950 g=-2,-2,-4
WFI t=224451 a=-3648,-760,1940 g=-1,-2,-5
WFI t=224501 a=-3645,-751,1942 g=0,-2,-4
WFI t=224552 a=-3653,-768,1952 g=-2,-1,-5
WFI t=224602 a=-3635,-761,1942 g=-1,-2,-3
WFI t=224651 a=-3655,-761,1936 g=-2,-3,-5
WFI t=224701 a=-3650,-758,1939 g=2,-2,-5
WFR t=224750 src=bms type=0x02 len=129 data=d2037c0ee90ee80ee90ee90ee90ee90ee90ee90ee70ee90ee90eea0eed0eed0eed0eec0eed0eed0eee0eee0eee0eee0eef0eee0eed0eee0eee0eee0000000000000000003d0000000000000000000000000000042d752f02ad0eef0ee8003d003d00000156001c0001001d0000000100010eeb0007000a0000000000000000d90a
WFI t=224752 a=-3661,-763,1960 g=-7,-2,-3
WFI t=224802 a=-3651,-761,1938 g=-8,-2,-5
WFI t=224851 a=-3662,-759,1950 g=-3,0,-5
WFI t=224901 a=-3644,-767,1940 g=-4,-2,-6
WFI t=224951 a=-3649,-768,1958 g=2,1,-4
WFI t=225002 a=-3641,-766,1950 g=-4,-2,-4
WFI t=225091 a=-3648,-748,1933 g=-2,-2,-4
WFI t=225191 a=-3658,-757,1944 g=-1,-1,-5
WFT t=225192 batt_mv=4172 rssi_mcu=0 rssi_bms=-86 mcu=0 bms=169 dropped=0
WFI t=225193 a=-3649,-754,1940 g=-4,-2,-5
WFI t=225202 a=-3659,-755,1950 g=-1,-2,-3
WFI t=225251 a=-3657,-769,1943 g=-5,-1,-4
WFI t=225301 a=-3658,-761,1918 g=-4,-3,-5
WFI t=225351 a=-3659,-762,1936 g=-2,-2,-5
WFI t=225401 a=-3653,-761,1948 g=-3,-3,-5
WFI t=225451 a=-3653,-769,1942 g=-1,-1,-3
WFI t=225501 a=-3641,-759,1939 g=-5,-3,-5
WFI t=225551 a=-3661,-773,1924 g=0,-1,-5
WFI t=225602 a=-3646,-760,1945 g=-4,-3,-4
WFI t=225652 a=-3640,-761,1942 g=-1,-2,-5
WFI t=225701 a=-3664,-763,1946 g=-1,-2,-4
WFI t=225751 a=-3650,-769,1948 g=-3,-1,-5
WFI t=225801 a=-3653,-760,1948 g=-3,-2,-5
WFR t=225830 src=bms type=0x02 len=129 data=d2037c0ee90ee80ee90ee90ee90ee90ee90ee90ee80ee90ee90eea0eed0eed0eed0eec0eed0eed0eee0eee0eee0eef0eef0eef0eed0eee0eee0eee0000000000000000003d0000000000000000000000000000042d752f02ad0eef0ee8003d003d00000156001c0001001d0000000100010eeb0007000a000000000000000040ca
WFI t=225852 a=-3645,-762,1949 g=-6,-1,-4
WFI t=225901 a=-3643,-755,1934 g=-2,-2,-6
WFI t=225951 a=-3641,-761,1950 g=0,-1,-5
WFI t=226001 a=-3643,-755,1938 g=-3,-1,-6
WFI t=226052 a=-3652,-766,1942 g=0,-2,-5
WFI t=226101 a=-3654,-766,1950 g=-6,-2,-4
WFI t=226151 a=-3663,-762,1937 g=-4,-2,-5
WFI t=226201 a=-3650,-767,1950 g=-3,-3,-5
WFI t=226251 a=-3652,-763,1946 g=-3,-2,-5
WFI t=226301 a=-3647,-757,1946 g=-5,-1,-4
WFI t=226351 a=-3645,-752,1937 g=-5,-3,-5
WFI t=226401 a=-3650,-760,1937 g=-4,-4,-4
WFI t=226451 a=-3647,-757,1945 g=-6,-2,-5
WFI t=226501 a=-3655,-763,1939 g=-5,-2,-4
WFI t=226551 a=-3657,-764,1940 g=-3,-3,-5
WFI t=226602 a=-3655,-764,1934 g=0,-1,-4
WFI t=226652 a=-3653,-750,1941 g=-4,-1,-5
WFI t=226701 a=-3652,-763,1939 g=0,-2,-4
WFI t=226751 a=-3652,-767,1937 g=-2,-1,-5
WFI t=226801 a=-3661,-770,1946 g=2,-3,-4
WFR t=226820 src=bms type=0x02 len=129 data=d2037c0ee90ee80ee90ee90ee90ee80ee90ee90ee80ee90ee90eea0eec0eed0eed0eec0eed0eed0eee0eee0eee0eee0eef0eee0eed0eee0eee0eee0000000000000000003d0000000000000000000000000000042d752f02ad0eef0ee8003d003d00000156001c0001001d0000000100010eeb0007000a000000000000000028a8
WFI t=226852 a=-3658,-761,1951 g=3,0,-5
WFI t=226901 a=-3665,-763,1956 g=0,0,-5
WFI t=226951 a=-3656,-765,1937 g=-5,-2,-5
WFI t=227001 a=-3659,-753,1946 g=1,-2,-5
WFI t=227173 a=-3657,-760,1943 g=-2,-1,-3
WFI t=227188 a=-3649,-764,1940 g=-4,-1,-4
WFI t=227190 a=-3645,-771,1941 g=-3,-2,-4
WFI t=227201 a=-3640,-772,1937 g=1,-2,-5
WFI t=227251 a=-3652,-756,1958 g=-3,-2,-6
WFI t=227301 a=-3660,-755,1949 g=-7,-3,-4
WFI t=227351 a=-3657,-767,1944 g=-1,-2,-4
WFI t=227402 a=-3665,-756,1935 g=0,-1,-4
WFI t=227451 a=-3662,-761,1942 g=-4,-2,-5
WFI t=227501 a=-3662,-768,1943 g=0,0,-4
WFI t=227551 a=-3651,-763,1939 g=-2,0,-3
WFI t=227602 a=-3642,-761,1940 g=-6,0,-4
WFI t=227651 a=-3652,-766,1938 g=0,-2,-5
WFI t=227701 a=-3647,-754,1940 g=1,-2,-6
WFI t=227751 a=-3643,-746,1952 g=-4,-2,-4
WFI t=227801 a=-3659,-752,1946 g=-5,-3,-5
WFI t=227852 a=-3649,-755,1940 g=-2,-2,-6
WFI t=227901 a=-3655,-739,1948 g=1,-4,-4
WFI t=227951 a=-3665,-776,1942 g=-6,-3,-3
WFI t=228001 a=-3656,-752,1951 g=-5,-2,-4
WFI t=228052 a=-3656,-752,1942 g=-1,-2,-5
WFI t=228101 a=-3647,-755,1944 g=-1,-2,-5
WFI t=228151 a=-3650,-757,1955 g=1,-1,-3
WFI t=228201 a=-3652,-757,1947 g=-3,-2,-5
WFI t=228252 a=-3650,-757,1935 g=-3,-2,-4
WFI t=228301 a=-3662,-767,1943 g=0,-1,-5
WFI t=228351 a=-3656,-764,1940 g=-7,-3,-4
WFI t=228401 a=-3642,-765,1941 g=-2,-1,-4
WFI t=228452 a=-3648,-767,1937 g=-3,-2,-3
WFI t=228501 a=-3661,-755,1955 g=0,-2,-4
WFI t=228551 a=-3652,-768,1945 g=-3,-4,-5
WFI t=228601 a=-3653,-751,1952 g=-6,-3,-5
WFI t=228652 a=-3649,-766,1942 g=-7,-2,-5
WFI t=228701 a=-3652,-763,1940 g=2,-1,-4
WFI t=228751 a=-3645,-770,1940 g=-7,-1,-5
WFI t=228801 a=-3664,-758,1944 g=-3,0,-4
WFI t=228852 a=-3656,-766,1953 g=0,-2,-3
WFI t=228901 a=-3650,-773,1938 g=-5,-2,-5
WFI t=228951 a=-3653,-767,1937 g=-4,-3,-4
WFI t=229001 a=-3644,-758,1956 g=-1,-2,-4
WFI t=229052 a=-3660,-773,1945 g=-6,-4,-5
WFI t=229115 a=-3650,-767,1951 g=-4,-2,-5
WFI t=229152 a=-3651,-763,1942 g=-2,-2,-5
WFI t=229287 a=-3667,-757,1942 g=-1,-3,-5
WFI t=229290 a=-3648,-762,1948 g=-4,-1,-4
WFI t=229302 a=-3656,-752,1938 g=-2,-1,-3
WFI t=229351 a=-3664,-771,1948 g=-2,-3,-4
WFI t=229401 a=-3656,-765,1940 g=-2,-1,-4
WFI t=229451 a=-3658,-765,1950 g=-3,0,-4
WFI t=229501 a=-3655,-770,1944 g=-1,-1,-5
WFI t=229551 a=-3654,-755,1940 g=-3,0,-4
WFI t=229601 a=-3654,-761,1946 g=-2,-1,-5
WFI t=229651 a=-3646,-761,1944 g=-6,-2,-5
WFI t=229702 a=-3651,-765,1950 g=0,-1,-4
WFI t=229752 a=-3654,-759,1941 g=-6,-3,-4
WFI t=229801 a=-3663,-750,1950 g=0,-2,-3
WFI t=229851 a=-3646,-763,1949 g=0,-2,-5
WFI t=229901 a=-3658,-767,1949 g=-5,-3,-5
WFI t=229951 a=-3655,-746,1935 g=-3,-1,-5
WFI t=230001 a=-3661,-753,1938 g=-3,-3,-5
WFI t=230051 a=-3657,-758,1946 g=-5,-2,-6
WFI t=230101 a=-3646,-749,1949 g=-1,-1,-5
WFI t=230152 a=-3655,-763,1947 g=-5,-3,-4
WFI t=230201 a=-3647,-755,1941 g=-3,-2,-5
WFI t=230251 a=-3650,-760,1947 g=-5,-2,-5
WFT t=230277 batt_mv=4182 rssi_mcu=0 rssi_bms=-80 mcu=0 bms=171 dropped=0
WFI t=230301 a=-3652,-774,1947 g=-1,-2,-5
WFI t=230352 a=-3661,-759,1934 g=-4,-2,-5
WFI t=230401 a=-3650,-755,1937 g=2,-1,-4
WFI t=230451 a=-3649,-763,1949 g=0,-2,-4
WFI t=230501 a=-3645,-758,1940 g=-2,-1,-4
WFI t=230552 a=-3657,-766,1949 g=0,-3,-5
WFI t=230601 a=-3654,-762,1954 g=-4,-3,-4
WFI t=230651 a=-3665,-753,1942 g=-6,-1,-6
WFI t=230702 a=-3653,-753,1941 g=-3,-2,-4
WFI t=230752 a=-3650,-765,1947 g=3,-3,-4
WFI t=230801 a=-3644,-755,1939 g=-2,-3,-4
WFI t=230860 a=-3648,-754,1944 g=-6,-4,-3
WFI t=230901 a=-3655,-769,1940 g=-8,-3,-5
WFI t=230952 a=-3659,-762,1943 g=-1,-2,-4
WFI t=231001 a=-3646,-750,1942 g=-6,-1,-5
WFI t=231051 a=-3658,-761,1943 g=-2,-2,-4
WFI t=231124 a=-3660,-769,1942 g=-4,-3,-5
WFI t=231268 a=-3657,-759,1950 g=1,0,-4
WFI t=231357 a=-3650,-754,1937 g=-2,-1,-4
WFI t=231359 a=-3646,-765,1943 g=-1,-1,-4
WFI t=231362 a=-3650,-758,1947 g=-2,-3,-5
WFI t=231363 a=-3650,-758,1947 g=-2,-3,-5
WFI t=231401 a=-3655,-771,1943 g=-3,-2,-5
WFI t=231451 a=-3661,-760,1948 g=2,-1,-3
WFI t=231501 a=-3654,-752,1938 g=-3,-2,-3
WFI t=231551 a=-3651,-762,1940 g=-4,-1,-5
WFI t=231602 a=-3659,-756,1941 g=-3,-3,-5
WFI t=231651 a=-3667,-772,1944 g=-2,-2,-5
WFI t=231701 a=-3665,-759,1942 g=-1,-1,-4
WFI t=231752 a=-3648,-762,1943 g=-3,-1,-5
WFI t=231801 a=-3659,-765,1950 g=1,-3,-5
WFI t=231851 a=-3652,-749,1937 g=-5,0,-4
WFI t=231901 a=-3649,-758,1938 g=-2,-1,-4
WFI t=231951 a=-3659,-766,1930 g=-2,0,-5
WFI t=232002 a=-3639,-751,1924 g=-3,-3,-4
WFI t=232051 a=-3662,-762,1942 g=1,0,-5
WFI t=232101 a=-3653,-767,1944 g=-4,-3,-4
WFI t=232151 a=-3658,-774,1943 g=-3,-2,-4
WFI t=232201 a=-3651,-772,1938 g=-2,-4,-6
WFI t=232251 a=-3640,-766,1939 g=-5,-1,-4
WFI t=232301 a=-3658,-756,1941 g=-7,-2,-4
WFI t=232351 a=-3646,-749,1933 g=-3,-1,-3
WFI t=232402 a=-3648,-763,1948 g=-3,-2,-4
WFI t=232451 a=-3659,-766,1941 g=-1,-2,-3
WFI t=232501 a=-3660,-764,1944 g=-5,-2,-4
WFI t=232551 a=-3651,-752,1944 g=-9,-4,-5
WFI t=232601 a=-3663,-766,1942 g=-6,-1,-4
WFI t=232651 a=-3667,-766,1929 g=-6,-2,-5
WFI t=232701 a=-3648,-773,1943 g=-1,-3,-5
WFI t=232752 a=-3664,-759,1938 g=0,-2,-4
WFI t=232802 a=-3642,-745,1940 g=-1,-1,-4
WFI t=232851 a=-3647,-763,1945 g=-6,-1,-4
WFI t=232901 a=-3665,-759,1946 g=-4,-2,-5
WFI t=232951 a=-3663,-754,1934 g=-2,-2,-5
WFI t=233002 a=-3658,-761,1946 g=-1,-1,-5
WFI t=233051 a=-3649,-770,1935 g=-1,-2,-4
WFI t=233140 a=-3644,-757,1939 g=-2,-2,-4
WFI t=233221 a=-3652,-760,1944 g=-1,-2,-6
WFI t=233223 a=-3658,-758,1944 g=-1,-1,-4
WFI t=233252 a=-3656,-763,1933 g=-7,-3,-5
WFI t=233301 a=-3656,-756,1936 g=-4,-5,-6
WFI t=233351 a=-3653,-763,1933 g=-3,-2,-5
WFI t=233401 a=-3662,-756,1943 g=-4,-2,-5
WFI t=233452 a=-3647,-767,1943 g=1,-2,-5
WFI t=233501 a=-3653,-760,1931 g=-6,0,-3
WFI t=233551 a=-3662,-759,1948 g=-3,-3,-5
WFI t=233601 a=-3666,-755,1935 g=-1,-3,-5
WFI t=233652 a=-3644,-762,1944 g=1,-1,-3
WFI t=233701 a=-3652,-769,1940 g=-4,-3,-4
WFI t=233751 a=-3658,-759,1936 g=-4,-3,-4
WFI t=233801 a=-3661,-760,1935 g=-1,-2,-5
WFI t=233852 a=-3642,-759,1945 g=-5,0,-4
WFI t=233901 a=-3662,-765,1939 g=-7,-2,-3
WFI t=233951 a=-3648,-766,1942 g=-7,-3,-4
WFI t=234001 a=-3658,-758,1931 g=0,-1,-5
WFI t=234052 a=-3655,-762,1940 g=-6,-1,-5
WFI t=234101 a=-3653,-766,1941 g=-4,-2,-4
WFI t=234151 a=-3654,-763,1943 g=-5,-1,-4
WFI t=234201 a=-3657,-757,1943 g=-8,-2,-4
WFI t=234252 a=-3645,-776,1940 g=-2,-2,-5
WFI t=234302 a=-3653,-762,1940 g=-6,-1,-4
WFI t=234351 a=-3657,-760,1942 g=-4,-2,-5
WFI t=234401 a=-3652,-765,1927 g=-2,-3,-4
WFI t=234451 a=-3652,-766,1948 g=1,-2,-5
WFI t=234502 a=-3655,-753,1945 g=-3,-2,-4
WFI t=234551 a=-3662,-767,1950 g=-3,-4,-4
WFI t=234601 a=-3663,-766,1938 g=-5,-3,-5
WFI t=234651 a=-3655,-761,1936 g=-6,-3,-5
WFI t=234702 a=-3645,-777,1942 g=-4,-2,-4
WFI t=234751 a=-3652,-764,1950 g=-2,0,-4
WFI t=234801 a=-3652,-768,1936 g=-3,-2,-5
WFI t=234852 a=-3654,-749,1946 g=-6,-2,-6
WFI t=234902 a=-3652,-766,1951 g=-7,-2,-4
WFI t=234951 a=-3651,-762,1936 g=-2,-2,-4
WFI t=235001 a=-3644,-754,1941 g=1,-3,-4
WFI t=235051 a=-3636,-758,1935 g=-1,0,-4
WFI t=235134 a=-3659,-754,1935 g=-5,-3,-4
WFI t=235235 a=-3651,-762,1933 g=-3,-2,-3
WFI t=235237 a=-3653,-762,1939 g=1,0,-5
WFI t=235251 a=-3651,-760,1933 g=-2,-2,-5
WFI t=235302 a=-3650,-754,1936 g=-7,-1,-5
WFI t=235351 a=-3647,-763,1938 g=-4,-1,-5
WFI t=235401 a=-3656,-763,1951 g=-4,-3,-3
WFT t=235423 batt_mv=4182 rssi_mcu=0 rssi_bms=-81 mcu=0 bms=171 dropped=0
WFI t=235451 a=-3647,-766,1937 g=-4,-2,-5
WFI t=235501 a=-3660,-764,1929 g=-1,-1,-3
WFI t=235551 a=-3631,-755,1949 g=1,-2,-5
WFI t=235601 a=-3654,-762,1943 g=-4,-3,-5
WFI t=235651 a=-3659,-763,1939 g=-3,-2,-4
WFI t=235702 a=-3645,-767,1949 g=-3,-2,-4
WFI t=235751 a=-3651,-756,1940 g=-3,-1,-6
WFI t=235801 a=-3657,-762,1934 g=-7,-3,-5
WFI t=235852 a=-3668,-763,1936 g=3,-3,-4
WFI t=235902 a=-3656,-759,1938 g=-6,0,-3
WFI t=235951 a=-3657,-767,1945 g=-4,-1,-4
WFI t=236001 a=-3653,-763,1950 g=-5,-3,-6
WFI t=236051 a=-3657,-759,1942 g=-5,-1,-5
WFI t=236101 a=-3645,-769,1939 g=-2,-1,-4
WFI t=236151 a=-3654,-760,1946 g=-6,-3,-4
WFI t=236201 a=-3658,-759,1931 g=-3,-2,-7
WFI t=236251 a=-3663,-757,1936 g=2,-2,-5
WFI t=236302 a=-3648,-769,1937 g=-5,-2,-4
WFI t=236351 a=-3639,-771,1932 g=-7,-1,-5
WFI t=236401 a=-3668,-767,1941 g=-3,-1,-5
WFI t=236451 a=-3652,-768,1936 g=-2,-3,-5
WFI t=236501 a=-3645,-756,1946 g=-4,-1,-5
WFI t=236551 a=-3662,-771,1943 g=-4,-2,-4
WFI t=236601 a=-3650,-758,1941 g=-3,-2,-5
WFI t=236651 a=-3655,-779,1952 g=1,-1,-6
WFI t=236701 a=-3652,-769,1956 g=0,1,-4
WFI t=236751 a=-3663,-756,1938 g=-3,-3,-4
WFI t=236801 a=-3656,-754,1950 g=-1,-1,-5
WFE t=236828 bms stale, no frame for 10007 ms, dropping link
WFE t=236841 bms link down (stale) after 27 answers in 37138 ms, writes=36 err=0 silent=9 bytes=3483
WFI t=236852 a=-3661,-760,1935 g=-3,-1,-5
WFE t=236870 bms disconnected reason=534
WFI t=236902 a=-3650,-753,1941 g=-6,0,-5
WFI t=236952 a=-3654,-763,1933 g=-3,-1,-4
WFI t=237001 a=-3657,-757,1955 g=-4,-2,-4
WFI t=237051 a=-3662,-753,1950 g=-4,-3,-5
WFI t=237101 a=-3662,-764,1949 g=-3,-1,-5
WFI t=237160 a=-3651,-769,1946 g=0,-2,-2
WFI t=237250 a=-3657,-769,1954 g=-3,-2,-5
WFI t=237253 a=-3651,-752,1941 g=0,-2,-6
WFI t=237302 a=-3648,-758,1945 g=0,-2,-5
WFI t=237351 a=-3650,-768,1926 g=-3,-1,-5
WFI t=237401 a=-3651,-755,1937 g=-4,-2,-4
WFI t=237451 a=-3636,-750,1935 g=-1,-2,-5
WFI t=237502 a=-3652,-768,1936 g=1,-4,-5
WFI t=237551 a=-3659,-755,1947 g=-7,-1,-4
WFI t=237601 a=-3660,-774,1941 g=-7,-2,-6
WFI t=237651 a=-3658,-759,1935 g=-2,-2,-5
WFI t=237702 a=-3669,-756,1942 g=-2,-1,-5
WFI t=237751 a=-3664,-766,1954 g=0,-1,-4
WFI t=237802 a=-3656,-765,1943 g=-6,-3,-6
WFI t=237851 a=-3666,-755,1938 g=-2,-1,-6
WFI t=237902 a=-3647,-756,1926 g=-5,-1,-5
WFI t=237951 a=-3665,-758,1925 g=0,-1,-4
WFI t=238001 a=-3652,-761,1936 g=-3,-2,-5
WFI t=238051 a=-3641,-762,1939 g=-4,-2,-4
WFI t=238102 a=-3659,-747,1923 g=-8,-2,-5
WFI t=238151 a=-3650,-758,1927 g=-2,-1,-4
WFI t=238201 a=-3650,-763,1932 g=1,-1,-6
WFI t=238251 a=-3645,-762,1945 g=-4,0,-4
WFI t=238302 a=-3643,-763,1933 g=-5,-2,-3
WFI t=238351 a=-3660,-757,1935 g=-4,-2,-4
WFI t=238401 a=-3651,-769,1931 g=-10,-1,-6
WFI t=238451 a=-3658,-761,1935 g=0,-2,-5
WFI t=238502 a=-3661,-755,1918 g=-3,-1,-3
WFI t=238551 a=-3653,-763,1934 g=-7,-2,-3
WFI t=238601 a=-3647,-767,1939 g=-2,-1,-4
WFI t=238651 a=-3647,-755,1946 g=-3,-2,-5
WFI t=238702 a=-3650,-754,1930 g=3,-1,-5
WFI t=238751 a=-3649,-756,1944 g=-4,-1,-4
WFI t=238801 a=-3646,-746,1932 g=-1,0,-5
WFI t=238851 a=-3652,-772,1940 g=-5,-1,-7
WFI t=238902 a=-3657,-769,1935 g=-2,-3,-5
WFI t=238951 a=-3653,-754,1939 g=-7,-2,-6
WFI t=239001 a=-3655,-766,1937 g=0,0,-4
WFI t=239051 a=-3665,-750,1938 g=-2,-2,-5
WFI t=239102 a=-3659,-751,1949 g=-2,-3,-4
WFI t=239172 a=-3655,-758,1946 g=-7,-3,-5
WFI t=239253 a=-3657,-763,1939 g=-3,-3,-3
WFI t=239255 a=-3645,-760,1941 g=-1,-2,-5
WFI t=239302 a=-3648,-750,1950 g=4,-1,-4
WFI t=239351 a=-3652,-764,1939 g=-1,-2,-4
WFI t=239401 a=-3662,-768,1946 g=-1,-1,-4
WFI t=239451 a=-3662,-751,1944 g=-1,-2,-4
WFI t=239501 a=-3650,-761,1938 g=-1,-3,-5
WFI t=239552 a=-3650,-766,1940 g=-2,-3,-5
WFE t=239591 bms subscribed val=0x0010 cccd=0x0011 ctrl=0x0014 mtu=512 regs=62
WFE t=239592 bms conn itvl=80 latency=0 timeout=600
WFI t=239601 a=-3655,-746,1941 g=-7,-2,-4
WFE t=239621 bms conn update force itvl=24 rc=0
WFE t=239622 bms reconnected (attempt 6)
WFE t=239638 bms mtu event mtu=512
WFI t=239652 a=-3659,-761,1926 g=-5,-2,-3
WFI t=239701 a=-3654,-768,1940 g=1,-1,-5
WFI t=239752 a=-3659,-750,1939 g=-1,0,-5
WFE t=239791 bms conn update req itvl=12-12 latency=0 timeout=400 via=l2cap
WFI t=239801 a=-3667,-767,1938 g=-1,-1,-4
WFI t=239851 a=-3658,-755,1934 g=-2,-3,-5
WFI t=239901 a=-3663,-756,1939 g=1,-1,-4
WFI t=239952 a=-3660,-763,1941 g=-1,-1,-4
WFR t=239990 src=bms type=0x02 len=129 data=d2037c0ee90ee80ee90ee90ee90ee90ee90ee90ee80ee90ee90eea0eed0eed0eed0eec0eed0eed0eee0eee0eee0eef0eef0eef0eed0eee0eee0eee0000000000000000003d0000000000000000000000000000042d752e02ad0eef0ee8003d003d00000156001c0001001d0000000100010eeb000700150000000000000000cb47
WFI t=240002 a=-3650,-756,1943 g=-2,-2,-4
WFI t=240051 a=-3639,-764,1950 g=-4,-2,-5
WFI t=240101 a=-3658,-754,1939 g=-1,-3,-4
WFI t=240151 a=-3649,-756,1941 g=-5,-1,-4
WFI t=240201 a=-3649,-764,1937 g=-4,-4,-4
WFI t=240251 a=-3660,-757,1939 g=-2,-2,-4
WFE t=240290 bms conn update status=0 itvl=24 latency=0 timeout=600
WFI t=240301 a=-3655,-761,1945 g=-3,-3,-5
WFI t=240352 a=-3664,-756,1939 g=-1,-3,-4
WFI t=240401 a=-3645,-769,1944 g=-5,-1,-4
WFI t=240451 a=-3642,-755,1939 g=-7,-2,-3
WFT t=240492 batt_mv=4180 rssi_mcu=0 rssi_bms=-82 mcu=0 bms=172 dropped=0
WFI t=240541 a=-3655,-764,1939 g=-7,-2,-4
WFI t=240551 a=-3656,-763,1940 g=-3,0,-4
WFI t=240601 a=-3650,-761,1937 g=-2,-2,-6
WFI t=240651 a=-3661,-761,1949 g=-6,-3,-5
WFI t=240702 a=-3650,-764,1947 g=-6,-3,-4
WFI t=240751 a=-3658,-756,1927 g=-3,-3,-4
WFI t=240801 a=-3659,-777,1942 g=-3,-2,-5
WFI t=240851 a=-3652,-756,1941 g=-4,-1,-5
WFI t=240901 a=-3643,-756,1941 g=-4,-2,-4
WFR t=240920 src=bms type=0x02 len=129 data=d2037c0ee90ee80ee90ee90ee90ee90ee90ee90ee80ee80ee90eea0eec0eed0eed0eec0eed0eee0eee0eee0eee0eee0eef0eef0eed0eee0eee0eee0000000000000000003d0000000000000000000000000000042d752f02ad0eef0ee8003d003d00000156001c0001001d0000000100010eeb0007000a00000000000000008670
WFI t=240952 a=-3653,-757,1940 g=-8,-2,-4
WFI t=241002 a=-3660,-753,1948 g=-9,-3,-4
WFI t=241051 a=-3655,-765,1939 g=-4,-3,-5
WFI t=241101 a=-3648,-751,1941 g=-1,0,-5
WFI t=241219 a=-3655,-759,1935 g=-6,-2,-5
WFI t=241223 a=-3652,-765,1934 g=-3,-2,-3
WFI t=241252 a=-3652,-769,1929 g=-4,-2,-3
WFI t=241400 a=-3657,-753,1941 g=1,-2,-5
WFI t=241414 a=-3660,-765,1938 g=-4,-1,-3
WFI t=241506 a=-3636,-760,1944 g=-1,-1,-4
WFI t=241509 a=-3650,-761,1955 g=2,1,-4
WFI t=241512 a=-3660,-768,1948 g=-7,-2,-3
WFI t=241552 a=-3647,-755,1929 g=-4,-2,-5
WFI t=241601 a=-3655,-763,1932 g=-3,-1,-3
WFI t=241651 a=-3659,-766,1932 g=0,-1,-3
WFI t=241701 a=-3662,-755,1933 g=-7,-4,-4
WFI t=241752 a=-3656,-749,1943 g=-3,0,-4
WFI t=241801 a=-3663,-753,1936 g=-2,-2,-4
WFI t=241851 a=-3657,-754,1952 g=1,-3,-5
WFI t=241901 a=-3658,-749,1949 g=-4,-1,-5
WFI t=241952 a=-3645,-755,1939 g=-10,-3,-4
WFR t=241970 src=bms type=0x02 len=129 data=d2037c0ee90ee80ee90ee90ee90ee80ee90ee90ee80ee90ee90eea0eed0eed0eed0eec0eed0eed0eef0eee0eee0eef0eef0eef0eed0eee0eee0eee0000000000000000003d0000000000000000000000000000042d753002ad0eef0ee8003d003d00000156001c0001001d0000000100010eeb000700000000000000000000b945
WFI t=242002 a=-3663,-758,1938 g=-7,-1,-3
WFI t=242051 a=-3659,-758,1941 g=-2,-2,-3
WFI t=242101 a=-3653,-763,1941 g=0,-2,-6
WFI t=242152 a=-3646,-769,1934 g=1,-2,-5
WFI t=242201 a=-3655,-754,1930 g=-2,-3,-5
WFI t=242251 a=-3667,-758,1941 g=0,-1,-4
WFI t=242301 a=-3650,-761,1937 g=3,-2,-5
WFI t=242351 a=-3657,-770,1940 g=-6,-2,-5
WFI t=242401 a=-3650,-761,1927 g=-6,-1,-5
WFI t=242451 a=-3668,-771,1931 g=-2,-1,-4
WFI t=242501 a=-3668,-764,1921 g=-2,-3,-5
WFI t=242552 a=-3660,-767,1928 g=0,-2,-7
WFI t=242601 a=-3658,-752,1948 g=-3,-1,-6
WFI t=242651 a=-3668,-763,1946 g=-5,-1,-4
WFI t=242701 a=-3646,-761,1927 g=-2,-2,-6
WFI t=242752 a=-3650,-750,1937 g=1,-2,-7
WFI t=242801 a=-3650,-760,1949 g=-3,0,-5
WFI t=242851 a=-3648,-759,1949 g=-6,-2,-3
WFE t=242901 bms conn update req itvl=15-15 latency=0 timeout=400 via=l2cap
WFI t=242902 a=-3653,-766,1941 g=0,0,-4
WFI t=242952 a=-3663,-761,1920 g=0,-1,-6
WFR t=242960 src=bms type=0x02 len=129 data=d2037c0ee90ee80ee90ee90ee90ee90ee90ee90ee80ee90ee90eea0eed0eed0eed0eec0eed0eed0eee0eee0eee0eee0eef0eef0eed0eee0eee0eee0000000000000000003d0000000000000000000000000000042d752f02ad0eef0ee8003d003d00000156001c0001001d0000000100010eeb0007000a00000000000000000522
WFI t=243002 a=-3644,-752,1941 g=2,0,-6
WFI t=243051 a=-3656,-762,1951 g=-8,-1,-4
WFI t=243101 a=-3660,-771,1943 g=-5,-1,-2
WFI t=243191 a=-3648,-761,1932 g=-1,-1,-5
WFI t=243288 a=-3642,-767,1949 g=0,-1,-3
WFI t=243290 a=-3659,-758,1940 g=-4,-1,-4
WFI t=243302 a=-3653,-766,1939 g=-6,-1,-4
WFI t=243351 a=-3642,-765,1946 g=-7,-2,-3
WFI t=243401 a=-3664,-761,1937 g=-4,-3,-5
WFI t=243451 a=-3659,-752,1949 g=-2,-3,-5
WFI t=243502 a=-3654,-764,1929 g=-8,-2,-1
WFI t=243551 a=-3662,-761,1932 g=-6,-2,-4
WFI t=243601 a=-3664,-761,1939 g=-3,-1,-5
WFI t=243651 a=-3661,-759,1940 g=-5,-2,-6
WFI t=243701 a=-3645,-764,1945 g=-5,-3,-4
WFI t=243752 a=-3656,-762,1932 g=-4,-2,-2
WFI t=243801 a=-3660,-763,1921 g=-2,-3,-4
WFI t=243851 a=-3651,-751,1937 g=3,-2,-6
WFI t=243902 a=-3638,-744,1951 g=-4,-2,-6
WFI t=243952 a=-3650,-764,1939 g=-8,-3,-3
WFI t=244001 a=-3657,-757,1941 g=-3,-1,-3
WFI t=244051 a=-3658,-773,1932 g=-2,0,-6
WFI t=244101 a=-3655,-757,1947 g=-1,0,-6
WFR t=244130 src=bms type=0x02 len=129 data=d2037c0ee90ee80ee90ee90ee90ee90ee90ee90ee80ee90ee90eea0eed0eec0eed0eec0eed0eed0eef0eee0eee0eee0eef0eee0eed0eee0eee0eee0000000000000000003d0000000000000000000000000000042d752f02ad0eef0ee8003d003d00000156001c0001001d0000000100010eeb0007000a000000000000000031cc
WFI t=244152 a=-3647,-759,1944 g=-9,-1,-4
WFI t=244201 a=-3660,-758,1938 g=-12,-4,-2
WFI t=244251 a=-3652,-768,1942 g=-4,-2,-5
WFI t=244301 a=-3648,-754,1945 g=-7,-2,-7
WFI t=244352 a=-3653,-754,1942 g=-1,-2,-4
WFI t=244401 a=-3648,-753,1952 g=-4,-3,-3
WFI t=244451 a=-3648,-764,1949 g=-6,-1,-4
WFI t=244501 a=-3656,-771,1951 g=2,0,-7
WFI t=244552 a=-3651,-759,1940 g=0,-2,-5
WFI t=244601 a=-3652,-758,1926 g=-7,-4,-3
WFI t=244651 a=-3664,-760,1936 g=-2,0,-3
WFI t=244701 a=-3652,-758,1938 g=2,-1,-5
WFI t=244752 a=-3651,-749,1941 g=-1,-1,-6
WFI t=244801 a=-3646,-764,1938 g=-5,-2,-3
WFI t=244851 a=-3661,-756,1927 g=-5,-2,-4
WFI t=244901 a=-3650,-766,1928 g=-1,-2,-6
WFI t=244952 a=-3660,-757,1936 g=-6,-1,-5
WFI t=245001 a=-3649,-755,1943 g=-1,-3,-4
WFI t=245051 a=-3648,-759,1923 g=-2,-2,-2
WFI t=245101 a=-3657,-756,1928 g=-2,-2,-3
WFI t=245275 a=-3637,-752,1956 g=-4,-2,-5
WFR t=245290 src=bms type=0x02 len=129 data=d2037c0ee90ee80ee90ee90ee90ee80ee90ee90ee80ee90ee90eea0eed0eed0eed0eec0eed0eed0eee0eee0eee0eee0eef0eef0eed0eee0eee0eee0000000000000000003d0000000000000000000000000000042d752f02ad0eef0ee8003d003d00000156001c0001001d0000000100010eeb0007000a0000000000000000a304
WFI t=245291 a=-3655,-765,1946 g=-3,-2,-3
WFI t=245293 a=-3666,-750,1932 g=-7,-4,-4
WFI t=245301 a=-3652,-752,1939 g=-6,-3,-3
WFI t=245351 a=-3660,-753,1935 g=2,0,-5
WFI t=245402 a=-3639,-771,1940 g=2,-3,-5
WFI t=245451 a=-3649,-764,1942 g=-7,-3,-5
WFI t=245501 a=-3661,-770,1940 g=-3,-2,-4
WFT t=245511 batt_mv=4188 rssi_mcu=0 rssi_bms=-76 mcu=0 bms=177 dropped=0
WFI t=245551 a=-3649,-755,1931 g=-6,-1,-6
WFI t=245602 a=-3656,-758,1934 g=-2,-1,-4
WFI t=245651 a=-3657,-761,1932 g=1,-2,-5
WFI t=245701 a=-3652,-768,1939 g=-4,-1,-5
WFI t=245751 a=-3654,-754,1939 g=-2,-1,-5
WFI t=245802 a=-3649,-771,1935 g=-3,-2,-6
WFI t=245851 a=-3641,-764,1941 g=-5,0,-4
WFI t=245901 a=-3651,-756,1933 g=-8,-2,-5
WFI t=245952 a=-3645,-748,1929 g=-1,-2,-4
WFI t=246001 a=-3645,-752,1938 g=-2,-2,-6
WFI t=246052 a=-3644,-754,1934 g=-3,-1,-5
WFI t=246101 a=-3660,-764,1935 g=-7,-2,-4
WFR t=246140 src=bms type=0x02 len=129 data=d2037c0ee90ee80ee90ee90ee90ee80ee90ee90ee80ee90ee90eea0eed0eed0eed0eec0eed0eed0eee0eee0eee0eee0eef0eef0eed0eee0eee0eee0000000000000000003d0000000000000000000000000000042d752f02ad0eef0ee8003d003d00000156001c0001001d0000000100010eeb0007000a0000000000000000a304
WFI t=246152 a=-3641,-768,1926 g=-2,-2,-6
WFI t=246201 a=-3667,-755,1935 g=1,-1,-4
WFI t=246252 a=-3657,-767,1956 g=2,-2,-5
WFI t=246301 a=-3654,-762,1941 g=-8,-2,-4
WFI t=246351 a=-3656,-760,1938 g=-8,-2,-5
WFI t=246401 a=-3658,-765,1938 g=-3,-2,-5
WFI t=246452 a=-3645,-755,1946 g=-5,-2,-4
WFI t=246501 a=-3637,-747,1943 g=-1,-1,-4
WFI t=246551 a=-3656,-762,1943 g=-6,-4,-3
WFI t=246601 a=-3660,-752,1933 g=-4,-5,-5
WFI t=246652 a=-3649,-754,1943 g=-6,-2,-4
WFI t=246701 a=-3658,-756,1937 g=-4,-1,-4
WFI t=246751 a=-3650,-763,1939 g=-2,0,-4
WFI t=246801 a=-3671,-765,1935 g=-2,-1,-5
WFI t=246852 a=-3665,-755,1946 g=-7,-1,-5
WFI t=246901 a=-3655,-766,1933 g=-7,-2,-4
WFI t=246952 a=-3664,-760,1942 g=-4,0,-5
WFI t=247001 a=-3641,-755,1937 g=0,-2,-6
WFI t=247052 a=-3648,-763,1951 g=1,-1,-5
WFI t=247101 a=-3651,-764,1944 g=-5,-4,-3
WFI t=247185 a=-3654,-753,1945 g=-6,-1,-3
WFR t=247276 src=bms type=0x02 len=129 data=d2037c0ee90ee80ee90ee90ee90ee80ee90ee90ee80ee90ee90eea0eed0eed0eed0eec0eed0eed0eee0eee0eee0eef0eef0eef0eed0eee0eee0eee0000000000000000003d0000000000000000000000000000042d752f02ad0eef0ee8003d003d00000156001c0001001d0000000100010eeb0007000a0000000000000000e6ec
WFI t=247290 a=-3665,-753,1927 g=-1,-1,-5
WFI t=247292 a=-3650,-742,1939 g=-4,-2,-5
WFI t=247302 a=-3657,-766,1943 g=0,-2,-4
WFI t=247352 a=-3658,-767,1939 g=-5,-2,-5
WFI t=247401 a=-3647,-756,1937 g=-3,-2,-3
WFI t=247451 a=-3646,-768,1934 g=-3,-3,-5
WFI t=247502 a=-3653,-763,1940 g=-3,-2,-5
WFI t=247552 a=-3658,-758,1935 g=-2,-1,-5
WFI t=247601 a=-3643,-758,1944 g=-6,-3,-4
WFI t=247651 a=-3656,-760,1935 g=-2,-3,-6
WFI t=247701 a=-3654,-762,1933 g=-1,0,-4
WFI t=247752 a=-3653,-761,1936 g=-5,-1,-5
WFI t=247801 a=-3656,-760,1942 g=-2,0,-3
WFI t=247851 a=-3650,-770,1938 g=-2,0,-5
WFI t=247901 a=-3650,-762,1943 g=-3,-1,-6
WFI t=247952 a=-3655,-758,1924 g=-1,-4,-2
WFI t=248001 a=-3653,-764,1941 g=-3,0,-3
WFI t=248051 a=-3664,-764,1928 g=-6,-2,-5
WFI t=248101 a=-3661,-757,1938 g=1,-2,-6
WFR t=248151 src=bms type=0x02 len=129 data=d2037c0ee90ee80ee90ee90ee90ee90ee90ee90ee80ee90ee90eea0eed0eed0eed0eec0eed0eed0eee0eee0eee0eee0eef0eef0eed0eee0eee0eee0000000000000000003d0000000000000000000000000000042d752f02ad0eef0ee8003d003d00000156001c0001001d0000000100010eeb0007000a00000000000000000522
WFI t=248152 a=-3655,-750,1943 g=-3,-2,-5
WFI t=248201 a=-3642,-750,1939 g=-4,-1,-4
WFI t=248251 a=-3658,-768,1933 g=-3,-2,-5
WFI t=248302 a=-3657,-756,1946 g=0,-2,-6
WFI t=248352 a=-3649,-760,1946 g=0,-3,-7
WFI t=248401 a=-3654,-749,1929 g=-3,-1,-3
WFI t=248451 a=-3662,-763,1931 g=-7,-3,-3
WFI t=248501 a=-3661,-769,1933 g=-8,-3,-6
WFI t=248552 a=-3647,-769,1947 g=-3,-2,-6
WFI t=248616 a=-3649,-753,1935 g=-3,-2,-5
WFI t=248651 a=-3658,-770,1937 g=-7,-2,-5
WFI t=248701 a=-3651,-760,1930 g=-5,-3,-4
WFI t=248752 a=-3655,-760,1933 g=-3,-2,-6
WFI t=248801 a=-3649,-752,1948 g=-6,-2,-5
WFI t=248851 a=-3651,-763,1937 g=-3,-2,-4
WFI t=248901 a=-3660,-762,1926 g=2,-2,-4
WFI t=248952 a=-3651,-757,1921 g=-1,-2,-5
WFI t=249001 a=-3655,-751,1944 g=-2,-2,-5
WFI t=249051 a=-3652,-763,1946 g=-1,-4,-3
WFI t=249101 a=-3648,-762,1936 g=-7,-3,-5
WFR t=249141 src=bms type=0x02 len=129 data=d2037c0ee90ee80ee90ee90ee90ee90ee90ee90ee80ee90ee90eea0eed0eed0eed0eec0eed0eee0eee0eee0eee0eef0eef0eef0eed0eee0eee0eee0000000000000000003d0000000000000000000000000000042d753002ad0eef0ee8003d003d00000156001c0001001d0000000100010eeb00070000000000000000000085e3
WFI t=249152 a=-3649,-771,1935 g=-4,0,-4
WFI t=249276 a=-3643,-767,1938 g=0,-2,-4
WFI t=249427 a=-3652,-760,1940 g=-5,-3,-3
WFI t=249443 a=-3654,-754,1943 g=-1,-2,-5
WFI t=249446 a=-3655,-744,1936 g=-2,-2,-4
WFI t=249449 a=-3655,-744,1936 g=-2,-2,-4
WFI t=249452 a=-3649,-776,1931 g=-4,-2,-4
WFI t=249501 a=-3659,-759,1938 g=-9,-1,-3
WFI t=249551 a=-3660,-767,1941 g=-4,-2,-4
WFI t=249601 a=-3651,-749,1927 g=2,0,-5
WFI t=249651 a=-3651,-747,1944 g=0,-1,-5
WFI t=249702 a=-3651,-756,1925 g=-8,-3,-6
WFI t=249751 a=-3647,-756,1940 g=-3,-2,-4
WFI t=249801 a=-3640,-745,1939 g=-6,-2,-4
WFI t=249851 a=-3656,-757,1933 g=-1,-2,-3
WFI t=249902 a=-3654,-757,1938 g=-1,-3,-3
WFI t=249952 a=-3655,-762,1928 g=-3,-1,-4
WFI t=250001 a=-3657,-765,1925 g=-3,-2,-5
WFI t=250051 a=-3645,-778,1929 g=-2,-2,-6
WFI t=250101 a=-3659,-756,1927 g=0,-1,-4
WFI t=250151 a=-3659,-773,1926 g=-5,-1,-3
WFR t=250161 src=bms type=0x02 len=129 data=d2037c0ee90ee80ee90ee90ee90ee80ee90ee90ee80ee80ee90eea0eed0eed0eed0eec0eed0eee0eee0eee0eee0eef0eef0eef0eed0eee0eee0eee0000000000000000003d0000000000000000000000000000042d752f02ad0eef0ee8003d003d00000156001c0001001d0000000100010eeb0007000a0000000000000000ae93
WFI t=250202 a=-3660,-756,1927 g=-3,-2,-4
WFI t=250251 a=-3663,-761,1935 g=-2,-2,-5
WFI t=250302 a=-3652,-764,1939 g=-3,-1,-5
WFI t=250351 a=-3647,-740,1933 g=-2,-2,-4
WFI t=250401 a=-3654,-763,1931 g=-7,-2,-4
WFI t=250451 a=-3652,-759,1938 g=-3,-1,-6
WFI t=250502 a=-3653,-768,1939 g=6,-2,-5
WFT t=250539 batt_mv=4182 rssi_mcu=0 rssi_bms=-76 mcu=0 bms=182 dropped=0
WFI t=250552 a=-3644,-759,1946 g=-4,-1,-4
WFI t=250601 a=-3661,-761,1928 g=-1,-3,-3
WFI t=250651 a=-3662,-765,1924 g=-3,-2,-5
WFI t=250702 a=-3659,-761,1923 g=-1,-2,-5
WFI t=250751 a=-3649,-762,1932 g=2,-1,-5
WFI t=250801 a=-3652,-770,1946 g=-4,-3,-4
WFI t=250851 a=-3652,-758,1924 g=-7,-3,-4
WFI t=250901 a=-3668,-752,1935 g=-2,-2,-6
WFI t=250952 a=-3654,-757,1938 g=-1,-2,-5
WFI t=251001 a=-3648,-761,1933 g=-6,-2,-4
WFI t=251051 a=-3656,-776,1936 g=-3,-3,-4
WFI t=251101 a=-3657,-766,1937 g=-5,-1,-5
WFI t=251151 a=-3657,-760,1942 g=-1,-2,-6
WFR t=251286 src=bms type=0x02 len=129 data=d2037c0ee90ee80ee90ee90ee90ee90ee90ee90ee80ee90ee90eea0eed0eed0eed0eec0eed0eee0eee0eee0eee0eef0eef0eef0eed0eee0eee0eee0000000000000000003d0000000000000000000000000000042d752f02ad0eef0ee8003d003d00000156001c0001001d0000000100010eeb0007000a0000000000000000b4c8
WFI t=251286 a=-3649,-761,1930 g=-5,-2,-3
WFI t=251288 a=-3660,-763,1929 g=-3,-3,-3
WFI t=251302 a=-3649,-755,1933 g=0,-2,-5
WFI t=251351 a=-3656,-755,1938 g=-1,-2,-4
WFI t=251401 a=-3659,-764,1951 g=-3,-1,-4
WFI t=251451 a=-3654,-766,1938 g=-4,-1,-4
WFI t=251501 a=-3662,-760,1938 g=-2,-1,-4
WFI t=251551 a=-3665,-766,1942 g=1,1,-5
WFI t=251601 a=-3658,-760,1930 g=0,-1,-5
WFI t=251651 a=-3656,-755,1941 g=-1,-2,-4
WFI t=251701 a=-3663,-762,1928 g=-2,-2,-3
WFI t=251752 a=-3658,-751,1934 g=-7,-1,-4
WFI t=251801 a=-3649,-764,1923 g=-2,-2,-4
WFI t=251851 a=-3658,-765,1929 g=-3,-2,-4
WFI t=251901 a=-3651,-767,1937 g=-5,-1,-5
WFI t=251952 a=-3653,-769,1941 g=-1,0,-5
WFI t=252001 a=-3660,-763,1918 g=-5,-4,-6
WFI t=252051 a=-3660,-759,1940 g=-4,-1,-3
WFI t=252101 a=-3656,-764,1911 g=-6,-2,-4
WFI t=252152 a=-3662,-769,1933 g=-4,-1,-5
WFR t=252171 src=bms type=0x02 len=129 data=d2037c0ee90ee80ee90ee90ee90ee90ee90ee90ee80ee80ee90eea0eed0eed0eed0eec0eed0eed0eee0eee0eee0eee0eef0eef0eed0eee0eee0eee0000000000000000003d0000000000000000000000000000042d753002ad0eef0ee8003d003d00000156001c0001001d0000000100010eeb0007000000000000000000008874
WFI t=252202 a=-3649,-749,1936 g=-2,-1,-5
WFI t=252251 a=-3664,-763,1935 g=-7,-2,-4
WFI t=252301 a=-3661,-763,1931 g=-8,-3,-4
WFI t=252352 a=-3661,-768,1941 g=-3,-3,-3
WFI t=252401 a=-3653,-764,1928 g=-4,-3,-6
WFI t=252451 a=-3653,-753,1941 g=-2,-4,-5
WFI t=252501 a=-3658,-754,1931 g=-2,-2,-4
WFI t=252551 a=-3655,-763,1934 g=0,-2,-4
WFI t=252601 a=-3651,-769,1930 g=0,-2,-6
WFI t=252651 a=-3659,-762,1936 g=-1,0,-5
WFI t=252701 a=-3658,-766,1938 g=-2,-4,-3
WFI t=252751 a=-3663,-755,1929 g=1,-2,-4
WFI t=252801 a=-3655,-763,1936 g=-1,-1,-5
WFI t=252851 a=-3652,-760,1936 g=0,-2,-5
WFI t=252901 a=-3649,-763,1928 g=-3,-3,-4
WFI t=252952 a=-3659,-762,1931 g=-1,-1,-3
WFI t=253001 a=-3649,-769,1939 g=-1,0,-4
WFI t=253051 a=-3656,-763,1937 g=-6,-2,-5
WFI t=253101 a=-3654,-759,1931 g=0,-3,-4
WFI t=253151 a=-3652,-759,1940 g=-3,-2,-4
WFI t=253202 a=-3661,-755,1958 g=-3,-3,-6
WFR t=253221 src=bms type=0x02 len=129 data=d2037c0ee90ee80ee90ee90ee90ee90ee90ee90ee80ee80ee90eea0eed0eed0eed0eec0eed0eee0eef0eee0eee0eef0eef0eef0eed0eee0eee0eee0000000000000000003d0000000000000000000000000000042d752f02ad0eef0ee8003d003d00000156001c0001001d0000000100010eeb0007000a00000000000000006637
WFI t=253288 a=-3648,-757,1942 g=-6,-3,-4
WFI t=253383 a=-3654,-751,1935 g=-4,-1,-5
WFI t=253385 a=-3658,-761,1940 g=-4,-2,-6
WFI t=253401 a=-3662,-754,1931 g=-3,-2,-4
WFI t=253451 a=-3653,-762,1939 g=-4,0,-4
WFI t=253501 a=-3644,-743,1930 g=-1,-1,-3
WFI t=253551 a=-3646,-751,1931 g=-2,-2,-5
WFI t=253601 a=-3649,-757,1936 g=-3,-1,-6
WFI t=253651 a=-3659,-758,1928 g=-1,-1,-4
WFI t=253701 a=-3641,-760,1940 g=-1,-2,-4
WFI t=253751 a=-3656,-762,1925 g=2,-1,-3
WFI t=253801 a=-3666,-771,1944 g=-6,-2,-5
WFI t=253851 a=-3648,-764,1928 g=-5,0,-5
WFI t=253901 a=-3647,-751,1933 g=-4,-3,-4
WFI t=253951 a=-3659,-769,1938 g=-5,-1,-5
WFI t=254002 a=-3658,-760,1940 g=1,-2,-6
WFI t=254052 a=-3651,-766,1929 g=-3,-3,-5
WFI t=254101 a=-3652,-756,1935 g=-3,-2,-4
WFI t=254151 a=-3654,-760,1936 g=-2,-1,-4
WFI t=254201 a=-3657,-762,1929 g=0,0,-4
WFR t=254211 src=bms type=0x02 len=129 data=d2037c0ee90ee80ee90ee90ee90ee90ee90ee90ee80ee80ee90eea0eed0eed0eed0eec0eed0eed0eef0eee0eee0eef0eef0eef0eed0eee0eee0eee0000000000000000003d0000000000000000000000000000042d752f02ad0eef0ee8003d003d00000156001c0001001d0000000100010eeb0007000a00000000000000009235
WFI t=254252 a=-3650,-764,1931 g=-4,-3,-6
WFI t=254301 a=-3666,-763,1950 g=-1,-1,-5
WFI t=254351 a=-3653,-767,1925 g=-5,-1,-4
WFI t=254401 a=-3649,-772,1931 g=-8,-1,-5
WFI t=254452 a=-3649,-767,1933 g=-5,-1,-6
WFI t=254501 a=-3649,-750,1940 g=-4,-1,-6
WFI t=254551 a=-3652,-759,1924 g=-2,-2,-5
WFI t=254601 a=-3644,-766,1928 g=-4,-1,-5
WFI t=254652 a=-3661,-755,1936 g=-12,-2,-5
WFI t=254701 a=-3658,-769,1934 g=-2,0,-5
WFI t=254751 a=-3644,-763,1931 g=-4,-3,-4
WFI t=254801 a=-3648,-766,1928 g=-6,-3,-5
WFI t=254852 a=-3658,-768,1940 g=-4,-2,-5
WFI t=254901 a=-3658,-774,1937 g=0,-2,-5
WFI t=254951 a=-3654,-763,1930 g=-6,-2,-4
WFI t=255002 a=-3655,-759,1949 g=-1,-2,-3
WFI t=255052 a=-3649,-775,1928 g=-2,-1,-4
WFI t=255101 a=-3646,-757,1934 g=-1,-2,-5
WFI t=255151 a=-3647,-763,1936 g=-1,-1,-4
WFI t=255293 a=-3658,-760,1939 g=-2,-2,-5
WFR t=255308 src=bms type=0x02 len=129 data=d2037c0ee90ee80ee90ee90ee90ee90ee90ee90ee80ee90ee90eea0eed0eed0eed0eec0eed0eed0eee0eee0eee0eee0eef0eef0eed0eee0eee0eee0000000000000000003d0000000000000000000000000000042d752f02ad0eef0ee8003d003d00000156001c0001001d0000000100010eeb0007000a00000000000000000522
WFI t=255310 a=-3645,-754,1939 g=-2,-1,-5
WFI t=255312 a=-3641,-768,1927 g=2,-2,-4
WFI t=255351 a=-3653,-760,1934 g=0,1,-6
WFI t=255401 a=-3659,-771,1936 g=-7,-2,-5
WFI t=255451 a=-3653,-771,1927 g=-1,-2,-5
WFI t=255501 a=-3655,-762,1935 g=1,-2,-5
WFI t=255551 a=-3656,-757,1921 g=-4,-2,-6
WFT t=255577 batt_mv=4184 rssi_mcu=0 rssi_bms=-81 mcu=0 bms=187 dropped=0
WFI t=255601 a=-3650,-746,1930 g=-3,-3,-4
WFI t=255651 a=-3651,-764,1952 g=-6,-2,-4
WFI t=255701 a=-3660,-772,1933 g=-2,-2,-6
WFI t=255752 a=-3656,-754,1933 g=-5,-1,-5
WFI t=255801 a=-3646,-756,1918 g=3,-1,-5
WFI t=255851 a=-3649,-766,1928 g=-3,-2,-4
WFI t=255901 a=-3657,-767,1926 g=-1,-4,-4
WFI t=255951 a=-3661,-749,1929 g=-1,-1,-4
WFI t=256002 a=-3654,-761,1936 g=-6,-2,-5
WFI t=256051 a=-3647,-769,1941 g=-5,0,-4
WFI t=256101 a=-3657,-759,1930 g=-1,0,-4
WFI t=256151 a=-3652,-757,1932 g=-3,0,-6
WFI t=256201 a=-3654,-766,1932 g=-1,-2,-6
WFR t=256221 src=bms type=0x02 len=129 data=d2037c0ee90ee80ee90ee90ee90ee80ee90ee90ee80ee90ee90ee90eed0eed0eed0eec0eed0eee0eee0eee0eee0eef0eef0eef0eed0eee0eee0eee0000000000000000003d0000000000000000000000000000042d752e02ad0eef0ee8003d003d00000156001c0001001d0000000100010eeb0007001500000000000000002015
WFI t=256252 a=-3652,-760,1932 g=-5,-1,-5
WFI t=256301 a=-3658,-764,1929 g=-9,-3,-3
WFI t=256351 a=-3663,-769,1943 g=-5,-3,-4
WFI t=256401 a=-3656,-756,1940 g=-2,-3,-5
WFI t=256451 a=-3652,-752,1934 g=-4,-2,-6
WFI t=256501 a=-3648,-762,1939 g=-3,-2,-4
WFI t=256552 a=-3647,-761,1928 g=-5,-1,-3
WFI t=256601 a=-3665,-752,1913 g=-7,-2,-5
WFI t=256653 a=-3670,-755,1939 g=0,-2,-6
WFI t=256701 a=-3652,-758,1944 g=1,0,-5
WFI t=256753 a=-3648,-763,1941 g=-5,-3,-5
WFI t=256802 a=-3650,-746,1933 g=-5,-1,-4
WFI t=256851 a=-3652,-771,1948 g=-6,-3,-5
WFI t=256901 a=-3667,-747,1938 g=-3,0,-4
WFI t=256951 a=-3653,-755,1937 g=-1,0,-3
WFI t=257002 a=-3658,-777,1927 g=-2,-2,-5
WFI t=257051 a=-3674,-759,1927 g=-3,-1,-4
WFI t=257101 a=-3652,-750,1933 g=-5,-3,-5
WFI t=257151 a=-3648,-770,1944 g=0,-1,-3
WFI t=257304 a=-3667,-743,1930 g=-5,-3,-3
WFI t=257387 a=-3657,-749,1935 g=-4,-2,-4
WFR t=257318 src=bms type=0x02 len=129 data=d2037c0ee90ee90ee90ee90ee90ee80ee90ee90ee80ee90ee90ee90eed0eed0eed0eec0eed0eed0eef0eee0eee0eee0eef0eef0eed0eee0eee0eee0000000000000000003d0000000000000000000000000000042d752f02ad0eef0ee8003d003d00000156001c0001001d0000000100010eeb0007000a0000000000000000b960
WFI t=257480 a=-3651,-767,1930 g=-3,0,-5
WFI t=257482 a=-3664,-767,1941 g=1,-1,-4
WFI t=257484 a=-3664,-767,1941 g=1,-1,-4
WFI t=257486 a=-3664,-767,1941 g=1,-1,-4
WFI t=257502 a=-3649,-751,1932 g=0,-1,-4
WFI t=257551 a=-3656,-770,1933 g=3,-1,-4
WFI t=257601 a=-3662,-769,1914 g=-1,-3,-3
WFI t=257651 a=-3652,-773,1938 g=0,0,-4
WFI t=257702 a=-3650,-763,1942 g=-3,-1,-5
WFI t=257751 a=-3668,-762,1931 g=0,-1,-4
WFI t=257801 a=-3640,-758,1934 g=-5,-3,-4
WFI t=257851 a=-3653,-766,1932 g=-7,-2,-4
WFI t=257902 a=-3653,-771,1929 g=-6,-2,-5
WFI t=257951 a=-3670,-763,1927 g=-1,1,-4
WFI t=258002 a=-3663,-756,1934 g=0,-2,-5
WFI t=258051 a=-3647,-770,1931 g=-4,-2,-5
WFI t=258102 a=-3665,-765,1932 g=-2,-2,-6
WFI t=258151 a=-3642,-762,1932 g=-1,-3,-4
WFI t=258201 a=-3634,-753,1935 g=-2,-1,-4
WFR t=258231 src=bms type=0x02 len=129 data=d2037c0ee90ee80ee90ee90ee90ee90ee90ee90ee80ee90ee90eea0eed0eed0eed0eec0eed0eed0eee0eee0eee0eef0eef0eef0eed0eee0eee0eee0000000000000000003d0000000000000000000000000000042d752f02ad0eef0ee7003d003d00000156001c0001001d0000000100010eeb0008000a0000000000000000dbdf
WFI t=258252 a=-3665,-767,1924 g=-3,-2,-4
WFI t=258301 a=-3658,-771,1934 g=-3,-2,-6
WFI t=258352 a=-3659,-765,1938 g=-2,-1,-4
WFI t=258402 a=-3651,-759,1921 g=-7,-4,-4
WFI t=258451 a=-3652,-771,1926 g=-4,-3,-4
WFI t=258501 a=-3650,-759,1928 g=1,-3,-5
WFI t=258552 a=-3655,-772,1942 g=0,0,-6
WFI t=258601 a=-3645,-763,1941 g=-2,-1,-4
WFI t=258651 a=-3641,-763,1944 g=-6,-1,-4
WFI t=258701 a=-3659,-760,1924 g=-6,-1,-4
WFI t=258752 a=-3665,-746,1927 g=2,-3,-5
WFI t=258801 a=-3661,-762,1924 g=1,-1,-6
WFI t=258851 a=-3664,-767,1940 g=-1,-2,-5
WFI t=258901 a=-3645,-758,1940 g=-4,-3,-5
WFI t=258952 a=-3640,-764,1935 g=-4,-4,-4
WFI t=259002 a=-3651,-768,1936 g=-9,-3,-5
WFI t=259051 a=-3652,-756,1928 g=-6,-2,-5
WFI t=259101 a=-3663,-759,1928 g=-3,-2,-5
WFI t=259152 a=-3648,-764,1932 g=0,-2,-4
WFI t=259240 a=-3654,-764,1944 g=-9,-2,-5
WFR t=259317 src=bms type=0x02 len=129 data=d2037c0ee90ee80ee90ee90ee90ee80ee90eea0ee80ee90ee90ee90eed0eed0eed0eec0eed0eed0eee0eee0eee0eee0eef0eef0eed0eee0eee0eee0000000000000000003d0000000000000000000000000000042d752f02ad0eef0ee8003d003d00000156001c0001001d0000000100010eeb0007000a0000000000000000c6ab
WFI t=259331 a=-3645,-768,1925 g=-3,-1,-5
WFI t=259333 a=-3651,-756,1927 g=-5,-2,-4
WFI t=259351 a=-3657,-760,1930 g=-2,0,-5
WFI t=259401 a=-3654,-765,1924 g=-2,-1,-4
WFI t=259451 a=-3644,-769,1922 g=-7,0,-4
WFI t=259501 a=-3653,-758,1942 g=-1,-1,-4
WFI t=259552 a=-3655,-751,1923 g=-2,-1,-3
WFI t=259601 a=-3656,-767,1933 g=-1,-1,-5
WFI t=259651 a=-3652,-756,1936 g=-4,-3,-4
WFI t=259701 a=-3640,-757,1921 g=-5,-1,-5
WFI t=259751 a=-3656,-764,1931 g=-7,-1,-5
WFI t=259801 a=-3658,-760,1931 g=-2,-1,-5
WFI t=259851 a=-3663,-760,1942 g=-1,-3,-5
WFI t=259901 a=-3647,-760,1922 g=-8,-3,-3
WFI t=259953 a=-3665,-752,1926 g=-3,-1,-4
WFI t=260002 a=-3653,-758,1934 g=-2,-1,-4
WFI t=260051 a=-3657,-766,1936 g=4,-3,-5
WFI t=260101 a=-3655,-755,1935 g=-4,-2,-3
WFI t=260151 a=-3645,-765,1929 g=-7,-2,-3
WFI t=260202 a=-3664,-765,1932 g=-3,0,-3
WFR t=260241 src=bms type=0x02 len=129 data=d2037c0ee90ee80ee90ee90ee90ee90ee90ee90ee80ee90ee90eea0eed0eed0eed0eec0eed0eed0eee0eee0eee0eee0eef0eef0eed0eee0eee0eee0000000000000000003d0000000000000000000000000000042d752f02ad0eef0ee8003d003d00000156001c0001001d0000000100010eeb0007000a00000000000000000522
WFI t=260252 a=-3663,-755,1937 g=-5,-2,-5
WFI t=260301 a=-3655,-767,1939 g=-8,-4,-4
WFI t=260351 a=-3647,-764,1936 g=-4,0,-1
WFI t=260402 a=-3650,-763,1923 g=-6,-3,-5
WFI t=260451 a=-3649,-762,1939 g=0,0,-5
WFI t=260501 a=-3666,-767,1932 g=-2,-3,-6
WFI t=260551 a=-3639,-753,1939 g=-9,-2,-4
WFT t=260601 batt_mv=4176 rssi_mcu=0 rssi_bms=-76 mcu=0 bms=192 dropped=0
WFI t=260602 a=-3644,-757,1918 g=-1,-1,-4
WFI t=260651 a=-3656,-767,1922 g=-4,-5,-4
WFI t=260701 a=-3663,-761,1935 g=-4,-1,-6
WFI t=260751 a=-3650,-757,1942 g=-6,-3,-5
WFI t=260802 a=-3654,-751,1930 g=-7,-3,-5
WFI t=260851 a=-3641,-777,1928 g=-6,-3,-6
WFI t=260901 a=-3653,-763,1938 g=-1,-1,-4
WFI t=260951 a=-3642,-764,1921 g=1,-2,-4
WFI t=261002 a=-3671,-756,1922 g=-3,-2,-4
WFI t=261052 a=-3667,-756,1932 g=-5,-2,-4
WFI t=261101 a=-3657,-750,1930 g=-6,-1,-5
WFI t=261151 a=-3651,-764,1938 g=2,0,-5
WFI t=261202 a=-3657,-776,1942 g=-3,-1,-3
WFR t=261356 src=bms type=0x02 len=129 data=d2037c0ee90ee80ee90ee90ee90ee80ee90ee90ee80ee90ee90eea0eed0eed0eed0eec0eed0eed0eef0eee0eee0eef0eef0eef0eed0eee0eee0eee0000000000000000003d0000000000000000000000000000042d752f02ad0eef0ee8003d003d00000156001c0001001d0000000100010eeb0007000a0000000000000000886e
WFI t=261356 a=-3664,-752,1926 g=-4,0,-4
WFI t=261357 a=-3657,-757,1923 g=-1,-2,-5
WFI t=261359 a=-3657,-757,1923 g=-1,-2,-5
WFI t=261401 a=-3639,-766,1929 g=-1,-2,-4
WFI t=261451 a=-3663,-759,1927 g=-4,-3,-4
WFI t=261501 a=-3649,-756,1935 g=-4,-3,-4
WFI t=261551 a=-3659,-761,1937 g=3,-1,-5
WFI t=261602 a=-3660,-762,1932 g=-5,-1,-5
WFI t=261651 a=-3660,-755,1929 g=0,-1,-4
WFI t=261701 a=-3654,-750,1925 g=-4,-3,-5
WFI t=261751 a=-3658,-772,1929 g=-2,-2,-4
WFI t=261801 a=-3663,-762,1932 g=0,-2,-4
WFI t=261852 a=-3643,-746,1935 g=-2,-1,-6
WFI t=261901 a=-3656,-741,1927 g=-3,-2,-4
WFI t=261951 a=-3662,-751,1925 g=-1,-2,-4
WFI t=262001 a=-3658,-763,1929 g=3,0,-5
WFI t=262052 a=-3649,-764,1924 g=-1,-2,-6
WFI t=262101 a=-3665,-754,1933 g=-5,-1,-3
WFI t=262151 a=-3643,-762,1931 g=-2,-2,-3
WFI t=262201 a=-3651,-761,1929 g=-6,-3,-4
WFR t=262251 src=bms type=0x02 len=129 data=d2037c0ee90ee90ee90ee90ee90ee90ee90ee90ee80ee90ee90eea0eed0eed0eed0eec0eed0eed0eee0eee0eee0eef0eef0eef0eed0eee0eee0eee0000000000000000003d0000000000000000000000000000042d752f02ad0eef0ee8003d003d00000156001c0001001d0000000100010eeb0007000a00000000000000008d5a
WFI t=262252 a=-3636,-756,1930 g=-3,-2,-4
WFI t=262301 a=-3653,-753,1948 g=-8,-2,-5
WFI t=262351 a=-3658,-761,1933 g=-4,-2,-4
WFI t=262401 a=-3651,-763,1930 g=-7,-2,-6
WFI t=262452 a=-3654,-767,1929 g=0,-2,-5
WFI t=262501 a=-3656,-764,1928 g=-3,-2,-4
WFI t=262551 a=-3654,-761,1927 g=0,-1,-4
WFI t=262601 a=-3659,-757,1934 g=-6,-4,-5
WFI t=262651 a=-3667,-761,1931 g=-1,-2,-4
WFI t=262701 a=-3646,-754,1938 g=-4,-2,-5
WFI t=262751 a=-3659,-748,1934 g=-5,-2,-4
WFI t=262801 a=-3650,-763,1939 g=-2,-2,-3
WFI t=262851 a=-3651,-754,1934 g=-2,-2,-4
WFI t=262901 a=-3656,-762,1938 g=-7,-3,-5
WFI t=262951 a=-3652,-755,1931 g=-3,-1,-4
WFI t=263001 a=-3641,-768,1918 g=-2,-2,-3
WFI t=263051 a=-3648,-751,1925 g=-6,-5,-4
WFI t=263101 a=-3649,-759,1934 g=0,-2,-4
WFI t=263151 a=-3658,-759,1935 g=-1,-2,-4
WFI t=263201 a=-3652,-765,1948 g=-1,1,-4
WFI t=263351 a=-3651,-752,1927 g=-5,-2,-4
WFR t=263367 src=bms type=0x02 len=129 data=d2037c0ee90ee80ee90ee90ee90ee80ee90ee90ee80ee80ee90eea0eed0eed0eed0eec0eee0eed0eef0eee0eee0eef0eef0eef0eed0eee0eee0eee0000000000000000003d0000000000000000000000000000042d752f02ad0eef0ee8003d003d00000156001c0001001d0000000100010eeb0007000a0000000000000000f312
WFI t=263368 a=-3651,-765,1937 g=-2,-1,-5
WFI t=263370 a=-3665,-768,1932 g=-2,0,-5
WFI t=263402 a=-3661,-763,1938 g=-2,-1,-5
WFI t=263451 a=-3652,-761,1936 g=-2,-1,-4
WFI t=263501 a=-3647,-758,1940 g=-7,-2,-4
WFI t=263551 a=-3655,-769,1931 g=1,1,-4
WFI t=263601 a=-3665,-768,1924 g=-1,-2,-4
WFI t=263651 a=-3656,-752,1928 g=-1,0,-4
WFI t=263701 a=-3643,-765,1923 g=-6,-3,-5
WFI t=263751 a=-3664,-761,1936 g=-2,-3,-6
WFI t=263801 a=-3651,-757,1938 g=-1,-3,-5
WFI t=263851 a=-3652,-760,1918 g=-4,-1,-4
WFI t=263901 a=-3651,-750,1928 g=1,-3,-3
WFI t=263951 a=-3657,-760,1929 g=-4,-1,-4
WFI t=264001 a=-3669,-763,1925 g=0,-2,-5
WFI t=264052 a=-3639,-758,1928 g=-3,-1,-5
WFI t=264101 a=-3657,-761,1932 g=-3,-1,-4
WFI t=264151 a=-3655,-760,1927 g=-1,-3,-4
WFI t=264202 a=-3650,-752,1942 g=-2,-2,-5
WFR t=264231 src=bms type=0x02 len=129 data=d2037c0ee90ee80ee90ee90ee90ee80ee90ee90ee80ee90ee90eea0eed0eed0eed0eec0eed0eed0eee0eee0eee0eef0eef0eef0eed0eee0eee0eee0000000000000000003d0000000000000000000000000000042d753002ad0eef0ee8003d003d00000156001c0001001d0000000100010eeb000700000000000000000000d7c7
WFI t=264252 a=-3661,-747,1924 g=-4,-3,-4
WFI t=264301 a=-3653,-766,1915 g=-3,-3,-5
WFI t=264351 a=-3649,-756,1937 g=-4,-1,-4
WFI t=264402 a=-3656,-762,1939 g=-1,-1,-6
WFI t=264451 a=-3658,-769,1939 g=-5,-3,-5
WFI t=264501 a=-3666,-753,1923 g=1,-1,-4
WFI t=264551 a=-3651,-761,1926 g=-8,-2,-4
WFI t=264601 a=-3662,-748,1935 g=-2,-3,-5
WFI t=264652 a=-3652,-747,1932 g=-6,-3,-5
WFI t=264701 a=-3645,-763,1936 g=-3,-1,-4
WFI t=264751 a=-3652,-756,1938 g=-6,-1,-3
WFI t=264801 a=-3650,-767,1930 g=-4,-2,-5
WFI t=264852 a=-3650,-763,1932 g=-5,-3,-5
WFI t=264901 a=-3649,-749,1932 g=-4,-2,-4
WFI t=264951 a=-3648,-751,1921 g=-3,-2,-5
WFI t=265018 a=-3664,-759,1932 g=-2,-2,-3
WFI t=265052 a=-3649,-758,1918 g=-3,-3,-5
WFI t=265101 a=-3653,-765,1924 g=-4,0,-5
WFI t=265151 a=-3652,-762,1923 g=-1,0,-3
WFI t=265201 a=-3655,-764,1930 g=-5,-2,-5
WFR t=265252 src=bms type=0x02 len=129 data=d2037c0ee90ee90ee90ee90ee90ee90ee90ee90ee80ee90ee90eea0eec0eed0eed0eec0eed0eed0eee0eee0eee0eee0eef0eef0eed0eee0eee0eee0000000000000000003d0000000000000000000000000000042d752f02ad0eef0ee8003d003d00000156001c0001001d0000000100010eeb0007000a0000000000000000039f
WFI t=265254 a=-3658,-760,1938 g=-4,-3,-4
WFI t=265398 a=-3652,-766,1935 g=-4,-1,-4
WFI t=265478 a=-3652,-768,1934 g=1,-1,-3
WFI t=265575 a=-3655,-768,1932 g=-2,-1,-3
WFI t=265577 a=-3656,-756,1923 g=-2,-4,-5
WFI t=265579 a=-3646,-765,1926 g=-4,-2,-4
WFI t=265582 a=-3646,-765,1926 g=-4,-2,-4
WFI t=265601 a=-3653,-762,1918 g=-4,-1,-6
WFI t=265651 a=-3647,-755,1929 g=-4,0,-3
WFT t=265666 batt_mv=4182 rssi_mcu=0 rssi_bms=-78 mcu=0 bms=197 dropped=0
WFI t=265701 a=-3639,-757,1940 g=-5,-2,-3
WFI t=265751 a=-3658,-761,1935 g=-2,-1,-4
WFI t=265802 a=-3663,-762,1925 g=-3,-2,-5
WFI t=265851 a=-3648,-760,1931 g=1,1,-4
WFI t=265901 a=-3652,-760,1934 g=-4,-2,-5
WFI t=265951 a=-3654,-763,1929 g=-6,-1,-4
WFI t=266001 a=-3657,-764,1934 g=-5,-2,-5
WFI t=266051 a=-3664,-752,1933 g=-2,-3,-4
WFI t=266102 a=-3663,-757,1920 g=-3,-2,-5
WFI t=266151 a=-3657,-770,1949 g=-1,-1,-5
WFI t=266202 a=-3657,-765,1921 g=-5,-1,-5
WFI t=266251 a=-3649,-763,1923 g=-4,-3,-4
WFR t=266301 src=bms type=0x02 len=129 data=d2037c0ee90ee80ee90ee90ee90ee90ee90ee90ee80ee90ee90eea0eec0eed0eed0eec0eee0eee0eee0eee0eee0eef0eef0eef0eed0eee0eee0eee0000000000000000003d0000000000000000000000000000042d753002ad0eef0ee8003d003d00000156001c0001001d0000000100010eeb00070000000000000000000089cf
WFI t=266302 a=-3646,-765,1928 g=-1,-1,-5
WFI t=266351 a=-3657,-760,1928 g=0,-1,-4
WFI t=266401 a=-3645,-760,1918 g=-5,-3,-4
WFI t=266452 a=-3655,-751,1924 g=-4,-2,-5
WFI t=266501 a=-3648,-760,1934 g=-5,-1,-5
WFI t=266551 a=-3644,-762,1924 g=-3,0,-4
WFI t=266601 a=-3662,-758,1941 g=-3,-1,-4
WFI t=266652 a=-3652,-770,1928 g=-1,-1,-3
WFI t=266701 a=-3648,-761,1930 g=-3,-1,-4
WFI t=266751 a=-3656,-755,1934 g=-5,-2,-4
WFI t=266801 a=-3661,-760,1925 g=-3,-1,-4
WFI t=266851 a=-3657,-771,1938 g=-5,-3,-3
WFI t=266901 a=-3663,-766,1925 g=-3,-2,-5
WFI t=266951 a=-3639,-752,1942 g=1,-1,-4
WFI t=267001 a=-3657,-766,1922 g=-2,-2,-4
WFI t=267051 a=-3656,-765,1935 g=-4,-2,-5
WFI t=267102 a=-3650,-761,1913 g=-8,-4,-5
WFI t=267151 a=-3651,-761,1921 g=0,-2,-4
WFI t=267201 a=-3652,-757,1924 g=-4,-3,-5
WFI t=267361 a=-3661,-778,1925 g=-2,-2,-4
WFI t=267376 a=-3655,-746,1931 g=-2,0,-4
WFI t=267378 a=-3656,-766,1928 g=-1,0,-4
WFR t=267381 src=bms type=0x02 len=129 data=d2037c0ee90ee80ee90ee90ee90ee90ee90ee90ee80ee80ee90eea0eed0eed0eed0eec0eed0eee0eee0eee0eee0eef0eef0eef0eed0eee0eee0eee0000000000000000003d0000000000000000000000000000042d752f02ad0eef0ee8003d003d00000156001c0001001d0000000100010eeb0007000a000000000000000008b5
WFI t=267402 a=-3653,-764,1943 g=-2,-1,-5
WFI t=267452 a=-3653,-764,1945 g=-5,-3,-5
WFI t=267501 a=-3655,-760,1940 g=-5,-3,-3
WFI t=267551 a=-3658,-752,1927 g=-10,-2,-5
WFI t=267601 a=-3653,-764,1934 g=-2,1,-5
WFI t=267651 a=-3644,-765,1950 g=4,-2,-4
WFI t=267701 a=-3648,-759,1923 g=-5,-4,-4
WFI t=267751 a=-3648,-764,1915 g=-3,-3,-4
WFI t=267801 a=-3670,-778,1904 g=-4,-1,-5
WFI t=267851 a=-3659,-750,1940 g=-3,-3,-7
WFI t=267901 a=-3663,-758,1955 g=-3,-2,-5
WFI t=267951 a=-3643,-737,1947 g=-7,-2,-4
WFI t=268001 a=-3652,-766,1918 g=-5,-2,-4
WFI t=268051 a=-3662,-762,1918 g=-1,-1,-5
WFI t=268102 a=-3668,-774,1917 g=-1,-2,-6
WFI t=268151 a=-3661,-761,1924 g=-3,-2,-5
WFI t=268201 a=-3666,-774,1932 g=-2,-1,-4
WFI t=268251 a=-3653,-752,1934 g=-4,-1,-3
WFI t=268302 a=-3660,-760,1924 g=-3,-1,-5
WFI t=268351 a=-3641,-761,1943 g=-2,-3,-4
WFI t=268401 a=-3638,-777,1944 g=-5,-2,-5
WFI t=268451 a=-3640,-777,1945 g=-1,-1,-6
WFI t=268502 a=-3648,-778,1947 g=-2,-3,-5
WFI t=268551 a=-3647,-778,1942 g=-8,0,-3
WFI t=268601 a=-3649,-756,1937 g=-5,-2,-1
WFI t=268651 a=-3675,-746,1911 g=-2,-3,-3
WFI t=268701 a=-3683,-750,1909 g=-1,-3,-7
WFI t=268751 a=-3658,-739,1908 g=1,-2,-8
WFI t=268801 a=-3656,-751,1921 g=1,-1,-5
WFI t=268851 a=-3646,-765,1924 g=-2,-3,-3
WFI t=268902 a=-3658,-769,1918 g=-4,-2,-2
WFI t=268951 a=-3670,-778,1928 g=2,-4,-4
WFI t=269001 a=-3644,-758,1939 g=3,-2,-7
WFI t=269051 a=-3643,-759,1960 g=-1,-1,-6
WFI t=269102 a=-3636,-771,1969 g=-4,0,-3
WFI t=269151 a=-3648,-773,1934 g=-7,-2,-2
WFI t=269201 a=-3672,-770,1923 g=-8,-3,-4
WFI t=269281 a=-3657,-745,1911 g=-2,-2,-6
WFI t=269377 a=-3675,-739,1931 g=-5,-3,-4
WFI t=269380 a=-3658,-750,1928 g=-4,-1,-4
WFI t=269401 a=-3676,-757,1944 g=-4,-3,-4
WFI t=269451 a=-3668,-746,1926 g=-4,-2,-5
WFI t=269501 a=-3669,-764,1925 g=-6,-2,-5
WFI t=269551 a=-3641,-762,1917 g=0,-2,-5
WFI t=269601 a=-3646,-778,1935 g=1,0,-6
WFI t=269651 a=-3661,-772,1930 g=-4,-1,-5
WFI t=269701 a=-3645,-763,1938 g=-4,-3,-4
WFI t=269751 a=-3642,-759,1940 g=-5,-4,-3
WFI t=269801 a=-3657,-751,1939 g=-7,-2,-4
WFI t=269851 a=-3659,-759,1918 g=-5,-2,-5
WFI t=269901 a=-3663,-760,1936 g=-3,-1,-6
WFI t=269951 a=-3636,-746,1926 g=-1,-2,-6
WFI t=270001 a=-3645,-764,1939 g=-4,-2,-4
WFI t=270051 a=-3668,-768,1932 g=-11,-3,-5
WFI t=270101 a=-3684,-768,1930 g=0,-1,-5
WFI t=270151 a=-3645,-755,1940 g=-4,-1,-6
WFI t=270201 a=-3649,-745,1947 g=-5,-3,-4
WFI t=270251 a=-3659,-760,1933 g=-2,-3,-4
WFI t=270301 a=-3657,-759,1933 g=-3,0,-4
WFI t=270351 a=-3650,-767,1936 g=-1,-1,-3
WFI t=270401 a=-3648,-769,1922 g=-6,-1,-5
WFI t=270452 a=-3664,-765,1914 g=-3,-2,-4
WFI t=270501 a=-3664,-752,1932 g=-4,-3,-6
WFI t=270551 a=-3651,-767,1935 g=-2,-3,-5
WFI t=270601 a=-3655,-755,1930 g=-4,-2,-5
WFI t=270651 a=-3642,-752,1926 g=-3,-3,-4
WFI t=270701 a=-3649,-756,1913 g=-2,0,-4
WFI t=270751 a=-3650,-768,1939 g=2,-1,-5
WFT t=270765 batt_mv=4184 rssi_mcu=0 rssi_bms=-80 mcu=0 bms=199 dropped=0
WFI t=270801 a=-3644,-768,1929 g=-1,-1,-4
WFI t=270852 a=-3647,-755,1938 g=-6,-2,-4
WFI t=270901 a=-3663,-761,1927 g=-1,-2,-4
WFI t=270951 a=-3650,-759,1929 g=-3,0,-4
WFI t=271001 a=-3652,-769,1947 g=-2,-3,-6
WFI t=271051 a=-3653,-765,1954 g=-1,-1,-4
WFI t=271101 a=-3654,-745,1936 g=-2,-4,-4
WFI t=271151 a=-3662,-764,1914 g=-3,-2,-4
WFI t=271202 a=-3648,-762,1918 g=0,0,-6
WFI t=271252 a=-3649,-758,1926 g=-1,-2,-7
WFI t=271396 a=-3652,-763,1929 g=-7,-1,-3
WFI t=271398 a=-3651,-763,1933 g=-1,-2,-4
WFI t=271401 a=-3655,-760,1922 g=-5,-2,-5
WFI t=271452 a=-3658,-761,1932 g=-2,-1,-8
WFI t=271501 a=-3648,-769,1939 g=-4,-1,-5
WFI t=271551 a=-3657,-772,1924 g=-8,-2,-2
WFI t=271601 a=-3659,-761,1924 g=-4,-3,-2
WFI t=271652 a=-3653,-759,1924 g=-1,-1,-6
WFI t=271701 a=-3644,-762,1939 g=2,0,-6
WFI t=271751 a=-3661,-758,1934 g=-7,-2,-2
WFI t=271801 a=-3666,-771,1936 g=-7,-3,-4
WFI t=271851 a=-3663,-774,1910 g=-6,-2,-9
WFI t=271901 a=-3638,-764,1930 g=7,2,-7
WFI t=271951 a=-3657,-762,1937 g=-3,-1,-3
WFI t=272001 a=-3654,-765,1928 g=-10,-2,-2
WFI t=272051 a=-3657,-771,1943 g=-4,-2,-3
WFI t=272101 a=-3660,-755,1945 g=2,-1,-7
WFI t=272151 a=-3656,-753,1932 g=1,-1,-5
WFI t=272202 a=-3645,-756,1929 g=-6,-4,-4
WFI t=272251 a=-3642,-762,1927 g=0,-1,-5
WFI t=272301 a=-3659,-765,1930 g=-3,-2,-6
WFI t=272351 a=-3655,-765,1937 g=-8,-2,-6
WFI t=272401 a=-3672,-759,1937 g=-13,-4,-2
WFI t=272451 a=-3670,-757,1912 g=-4,-3,-5
WFI t=272501 a=-3648,-766,1921 g=0,1,-6
WFI t=272551 a=-3660,-764,1933 g=3,0,-4
WFI t=272601 a=-3650,-756,1943 g=-7,-2,-3
WFI t=272651 a=-3655,-759,1928 g=-9,-1,-3
WFI t=272701 a=-3657,-758,1923 g=0,-1,-6
WFI t=272751 a=-3637,-766,1934 g=0,0,-8
WFI t=272801 a=-3661,-753,1941 g=0,-1,-4
WFI t=272851 a=-3661,-757,1944 g=-4,-1,-2
WFI t=272901 a=-3663,-762,1918 g=-7,-2,-4
WFI t=272951 a=-3659,-753,1931 g=5,-2,-7
WFI t=273001 a=-3645,-750,1931 g=2,-2,-6
WFI t=273051 a=-3657,-765,1938 g=-3,-3,-3
WFI t=273101 a=-3643,-760,1944 g=-3,-2,-4
WFI t=273151 a=-3651,-757,1940 g=-1,-1,-5
WFI t=273202 a=-3658,-752,1933 g=0,-1,-6
WFI t=273251 a=-3654,-761,1940 g=-8,-3,-4
WFI t=273384 a=-3652,-759,1918 g=-5,-3,-5
WFI t=273387 a=-3659,-749,1931 g=-4,-1,-5
WFI t=273401 a=-3647,-761,1931 g=-2,-1,-4
WFI t=273451 a=-3654,-760,1935 g=-6,-3,-5
WFI t=273501 a=-3650,-778,1933 g=-3,-2,-3
WFI t=273551 a=-3656,-767,1935 g=-4,-1,-4
WFI t=273601 a=-3653,-753,1943 g=0,-2,-5
WFI t=273651 a=-3652,-749,1947 g=-6,-2,-4
WFI t=273701 a=-3659,-754,1924 g=-6,-3,-3
WFI t=273751 a=-3657,-750,1928 g=-4,-2,-4
WFI t=273802 a=-3655,-753,1918 g=0,-1,-6
WFI t=273851 a=-3653,-756,1939 g=-1,-2,-4
WFI t=273901 a=-3652,-756,1944 g=-8,-2,-4
WFI t=273951 a=-3660,-776,1928 g=-6,-3,-4
WFI t=274001 a=-3663,-758,1934 g=4,0,-6
WFI t=274052 a=-3665,-760,1933 g=0,0,-5
WFI t=274101 a=-3646,-760,1927 g=-3,-1,-5
WFI t=274151 a=-3655,-753,1937 g=-1,-1,-3
WFI t=274201 a=-3650,-761,1930 g=-3,-3,-5
WFI t=274252 a=-3658,-767,1937 g=-6,0,-6
WFI t=274301 a=-3659,-758,1940 g=1,-2,-5
WFI t=274351 a=-3668,-768,1938 g=-2,-1,-4
WFI t=274401 a=-3651,-757,1930 g=-6,-3,-4
WFI t=274452 a=-3666,-764,1927 g=-4,-4,-5
WFI t=274501 a=-3654,-769,1937 g=-5,-1,-5
WFI t=274551 a=-3666,-753,1929 g=-6,-2,-5
WFI t=274601 a=-3662,-763,1931 g=-4,-2,-5
WFI t=274651 a=-3649,-757,1921 g=-4,-1,-5
WFI t=274701 a=-3664,-751,1947 g=-4,-2,-6
WFI t=274751 a=-3647,-743,1937 g=-1,-3,-4
WFI t=274801 a=-3647,-766,1936 g=-5,-1,-3
WFI t=274851 a=-3652,-761,1940 g=-3,-1,-4
WFI t=274901 a=-3645,-758,1928 g=-6,-1,-5
WFI t=274951 a=-3659,-769,1935 g=1,1,-5
WFI t=275001 a=-3643,-752,1944 g=-4,-2,-3
WFI t=275052 a=-3654,-757,1926 g=-1,-1,-5
WFI t=275111 a=-3657,-763,1928 g=-3,0,-4
WFI t=275151 a=-3665,-761,1929 g=-6,-2,-5
WFI t=275202 a=-3647,-759,1926 g=2,0,-4
WFI t=275252 a=-3648,-765,1922 g=1,-2,-4
WFI t=275379 a=-3653,-756,1936 g=-4,-2,-4
WFI t=275498 a=-3643,-767,1934 g=-3,-3,-4
WFI t=275500 a=-3661,-756,1931 g=-4,-1,-5
WFI t=275503 a=-3653,-752,1920 g=-3,-1,-4
WFI t=275506 a=-3653,-752,1920 g=-3,-1,-4
WFI t=275631 a=-3647,-753,1924 g=-4,-1,-5
WFI t=275633 a=-3649,-764,1939 g=-3,-4,-4
WFI t=275651 a=-3655,-751,1936 g=-4,-2,-4
WFI t=275701 a=-3649,-757,1934 g=-4,-1,-3
WFI t=275751 a=-3653,-761,1930 g=-4,-2,-4
WFI t=275801 a=-3660,-759,1944 g=-1,-1,-4
WFT t=275851 batt_mv=4184 rssi_mcu=0 rssi_bms=-77 mcu=0 bms=199 dropped=0
WFI t=275853 a=-3665,-763,1935 g=-3,-1,-4
WFI t=275901 a=-3653,-767,1937 g=-2,-2,-5
WFI t=275952 a=-3656,-764,1922 g=-3,-2,-4
WFI t=276001 a=-3652,-762,1926 g=-6,-3,-4
WFI t=276051 a=-3656,-761,1939 g=1,0,-4
WFI t=276101 a=-3653,-763,1939 g=-2,-2,-5
WFI t=276151 a=-3663,-767,1930 g=-5,-2,-5
WFI t=276201 a=-3657,-775,1928 g=-3,-2,-5
WFI t=276252 a=-3650,-759,1933 g=1,-2,-4
WFI t=276302 a=-3643,-767,1936 g=1,-1,-3
WFI t=276352 a=-3647,-761,1930 g=-1,-3,-4
WFI t=276401 a=-3651,-754,1918 g=-4,-1,-5
WFI t=276451 a=-3653,-754,1931 g=0,-1,-6
WFI t=276501 a=-3642,-758,1925 g=-4,-2,-5
WFI t=276551 a=-3650,-759,1938 g=-3,-3,-4
WFI t=276601 a=-3656,-775,1929 g=-8,-4,-5
WFI t=276651 a=-3656,-756,1918 g=-6,-2,-5
WFI t=276701 a=-3658,-766,1929 g=-1,0,-5
WFI t=276751 a=-3652,-760,1932 g=-3,-3,-5
WFI t=276801 a=-3638,-765,1943 g=-7,-1,-3
WFI t=276851 a=-3653,-760,1920 g=-5,-1,-3
WFI t=276901 a=-3675,-764,1924 g=0,0,-5
WFI t=276952 a=-3657,-756,1933 g=-4,-1,-5
WFI t=277002 a=-3662,-765,1935 g=-1,-3,-5
WFE t=277003 stop: user
CAPDUMP_END records=0
wf>  