25

I (1275176) NimBLE: GAP procedure initiated: 
I (1275177)eason=534

wf>  
=== $ capdump 3
capdump 3
CAPHDR seq=3 version=1 unix_start=1788622029 boot_ms=1114299 mcu=c0:0e:37:ae:00:df bms=40:18:03:01:20:e9 note=wildfire idf v6.1
WFR t=0 src=mcu type=0x01 len=16 data=aa9501180080000000000000feff1278
WFR t=1 src=mcu type=0x01 len=16 data=aa962e042f000000000000000000b93c
WFR t=1 src=mcu type=0x01 len=16 data=aa97232c00000000000000000000e694
WFE t=3 capture start seq=3 file=cap0003.wfl unix=1788622029 batt=4190 mv
WFI t=5 a=-1727,-3800,73 g=5,64,-49
WFR t=9 src=mcu type=0x01 len=16 data=aa9807010200000056117eea00007aa4
WFE t=16 tune poll_ms=400 poll_regs=0 stale_ms=10000 miss_probe=3 probe=0 mcu_off=0
WFE t=17 mcu connected addr=c0:0e:37:ae:00:df
WFE t=30 bms connected addr=40:18:03:01:20:e9
WFT t=35 batt_mv=4180 rssi_mcu=-76 rssi_bms=-84 mcu=4 bms=0 dropped=0
WFE t=37 mcu mtu event mtu=247
WFR t=49 src=mcu type=0x01 len=16 data=aa991d00ab04a08c64502748395e1e28
WFE t=49 mcu conn update status=0 itvl=16 latency=0 timeout=100
WFE t=50 bms mtu event mtu=512
WFI t=54 a=-1762,-3812,73 g=11,97,-72
WFE t=63 bms conn update status=0 itvl=12 latency=0 timeout=400
WFR t=69 src=mcu type=0x01 len=16 data=aa9a646464625f5d5b5955010101d546
WFR t=89 src=mcu type=0x01 len=16 data=aa9b0101010100000000fbfbecd30e91
WFI t=104 a=-1815,-3792,68 g=4,21,-19
WFR t=129 src=mcu type=0x01 len=16 data=aa9c01180080000000000000ffff0e21
WFR t=149 src=mcu type=0x01 len=16 data=aa9d2e042f000000000000000000a3b7
WFI t=154 a=-1771,-3810,68 g=-14,-113,69
WFR t=189 src=mcu type=0x01 len=16 data=aa9e232c00000000000000000000fb5d
WFI t=204 a=-1684,-3806,76 g=-7,-93,56
WFR t=209 src=mcu type=0x01 len=16 data=aa9fb5a1b0bfd800000000000000dfe1
WFR t=229 src=mcu type=0x01 len=16 data=aaa000000000020c000035006a00d1bd
WFR t=239 src=bms type=0x02 len=129 data=d2037c0eed0eec0eed0eec0eed0eec0eed0eed0eec0eec0eed0eee0ef10ef10ef10ef00ef10ef10ef20ef20ef20ef20ef30ef30ef10ef20ef20ef20000000000000000003d0000000000000000000000000000042e752f02ae0ef30eec003d003d00000157001c0001001d0000000100010eef0007000a00000000000000008641
WFI t=254 a=-1694,-3833,67 g=5,54,-32
WFR t=269 src=mcu type=0x01 len=16 data=aaa188044a5357583036323430360894
WFR t=289 src=mcu type=0x01 len=16 data=aaa231344e4242463930333500005e71
WFI t=304 a=-1770,-3806,56 g=4,95,-72
WFR t=329 src=mcu type=0x01 len=16 data=aaa301180080000000000000feff5a4e
WFR t=349 src=mcu type=0x01 len=16 data=aaa42e042f000000000000000000ff8e
WFI t=354 a=-1794,-3801,80 g=0,1,-10
WFR t=369 src=mcu type=0x01 len=16 data=aaa5232c00000000000000000000a026
WFI t=404 a=-1730,-3812,75 g=-5,-79,39
WFR t=409 src=mcu type=0x01 len=16 data=aaa6000000000000000000000000b4ce
WFR t=429 src=mcu type=0x01 len=16 data=aaa7000000000000000000000000b64f
WFI t=454 a=-1718,-3819,71 g=2,-32,23
WFR t=469 src=mcu type=0x01 len=16 data=aaa801801b000000400052a8194013c9
WFR t=489 src=mcu type=0x01 len=16 data=aaa9028288135c4488132400ec02f999
WFI t=504 a=-1723,-3802,55 g=-3,33,-20
WFR t=529 src=mcu type=0x01 len=16 data=aaaa01180080000000000100feff467b
WFR t=549 src=mcu type=0x01 len=16 data=aaab2e042f000000000000000000eb81
WFI t=554 a=-1753,-3812,66 g=-5,21,-30
WFR t=569 src=mcu type=0x01 len=16 data=aaac232c00000000000000000000bdef
WFI t=604 a=-1746,-3805,74 g=2,1,-14
WFR t=609 src=mcu type=0x01 len=16 data=aaad0048005f00021000000100801d27
WFR t=629 src=mcu type=0x01 len=16 data=aaae55f04b0b18000000803a40005cef
WFI t=654 a=-1757,-3807,72 g=-5,-3,-10
WFR t=669 src=mcu type=0x01 len=16 data=aaaf08610005460c2f78a00f090076a9
WFR t=674 src=bms type=0x02 len=129 data=d2037c0eed0eec0eed0eec0eed0eec0eed0eed0eec0eec0eed0eee0ef10ef10ef10ef00ef10ef10ef20ef20ef20ef30ef30ef30ef10ef20ef20ef20000000000000000003d0000000000000000000000000000042e752f02ae0ef30eec003d003d00000157001c0001001d0000000100010eef0007000a0000000000000000c3a9
WFR t=689 src=mcu type=0x01 len=16 data=aab001180080000000000000ffff608d
WFI t=704 a=-1780,-3794,50 g=-2,-21,14
WFR t=709 src=mcu type=0x01 len=16 data=aab12e042f000000000000000000cd1b
WFR t=749 src=mcu type=0x01 len=16 data=aab2232c0000000000000000000095f1
WFI t=754 a=-1735,-3804,64 g=0,-19,21
WFR t=769 src=mcu type=0x01 len=16 data=aab3014a02050030000488001b007188
WFI t=804 a=-1722,-3808,73 g=-9,-13,-12
WFR t=830 src=mcu type=0x01 len=16 data=aab400009f0ca90c9a0c540600001589
WFR t=830 src=mcu type=0x01 len=16 data=aab51b00e8517918060eff0ab0008ca8
WFR t=849 src=mcu type=0x01 len=16 data=aab6050804080080cb020122f13fc622
WFI t=854 a=-1740,-3815,70 g=-5,5,-17
WFR t=889 src=mcu type=0x01 len=16 data=aa8001180080000000000000ffff217d
WFI t=904 a=-1732,-3815,52 g=-2,36,-28
WFR t=909 src=mcu type=0x01 len=16 data=aa812e042f0000000000000000008ceb
WFR t=949 src=mcu type=0x01 len=16 data=aa82232c00000000000000000000d401
WFI t=954 a=-1790,-3798,44 g=-3,19,-17
WFR t=969 src=mcu type=0x01 len=16 data=aa83000100011101b70111019f00058c
WFR t=989 src=mcu type=0x01 len=16 data=aa840000090a10560001310051c45a55
WFI t=1004 a=-1748,-3809,73 g=-7,-54,34
WFR t=1029 src=mcu type=0x01 len=16 data=aa8513088003e204080b1000507864d4
WFR t=1049 src=mcu type=0x01 len=16 data=aa868403f4010400a00f8813c003f9eb
WFI t=1054 a=-1705,-3819,72 g=-5,-40,19
WFR t=1079 src=bms type=0x02 len=129 data=d2037c0eed0eec0eed0eec0eed0eec0eed0eed0eec0eec0eed0eee0ef10ef10ef10ef00ef10ef10ef20ef20ef20ef30ef30ef30ef10ef20ef20ef20000000000000000003d0000000000000000000000000000042e752f02ae0ef30eec003d003d00000157001c0001001d0000000100010eef0007000a0000000000000000c3a9
WFR t=1089 src=mcu type=0x01 len=16 data=aa8701180080000000000000ffff2a3a
WFI t=1104 a=-1723,-3801,73 g=1,32,-33
WFR t=1109 src=mcu type=0x01 len=16 data=aa882e042f0000000000000000009122
WFR t=1149 src=mcu type=0x01 len=16 data=aa89232c00000000000000000000ce8a
WFI t=1154 a=-1767,-3806,58 g=2,46,-32
WFR t=1169 src=mcu type=0x01 len=16 data=aa8a480c1c0207284901230020001521
WFR t=1189 src=mcu type=0x01 len=16 data=aa8b40005c03474c775419031a0e80f3
WFI t=1204 a=-1764,-3805,65 g=-3,-3,-1
WFR t=1229 src=mcu type=0x01 len=16 data=aa8c2225bf0420034006b80b3e02672c
WFR t=1249 src=mcu type=0x01 len=16 data=aa8d800c800000006c07102780008244
WFI t=1254 a=-1758,-3809,71 g=-9,-50,23
WFR t=1289 src=mcu type=0x01 len=16 data=aa8e01180080000000000000feff3663
WFI t=1304 a=-1704,-3813,71 g=-6,-37,17
WFR t=1309 src=mcu type=0x01 len=16 data=aa8f2e042f0000000000000000009a65
WFR t=1329 src=mcu type=0x01 len=16 data=aa90232c00000000000000000000edd3
WFI t=1354 a=-1719,-3807,57 g=4,43,-33
WFR t=1369 src=mcu type=0x01 len=16 data=aa910b000f00465a667332000b9ed1a0
WFR t=1389 src=mcu type=0x01 len=16 data=aa92000000000000000000000000fbba
WFI t=1404 a=-1777,-3814,69 g=1,50,-42
WFR t=1429 src=mcu type=0x01 len=16 data=aa93d804480804242c01c003214fe1ad
WFR t=1449 src=mcu type=0x01 len=16 data=aa94f0f465fffffff8080d00412af645
WFI t=1454 a=-1770,-3814,69 g=-3,-27,14
WFR t=1469 src=mcu type=0x01 len=16 data=aa9501180080000000000000ffff13e8
WFR t=1499 src=bms type=0x02 len=129 data=d2037c0eed0eec0eed0eed0eed0eec0eed0eed0eec0eec0eed0eee0ef10ef10ef10ef00ef10ef10ef20ef20ef20ef30ef30ef30ef10ef30ef20ef20000000000000000003d0000000000000000000000000000042e753002ae0ef30eec003d003d00000157001c0001001d0000000100010eef0007000000000000000000006310
WFI t=1505 a=-1710,-3799,62 g=-4,-43,25
WFR t=1509 src=mcu type=0x01 len=16 data=aa962e042f000000000000000000b93c
WFR t=1529 src=mcu type=0x01 len=16 data=aa97232c00000000000000000000e694
WFI t=1554 a=-1734,-3821,63 g=-1,-21,2
WFR t=1569 src=mcu type=0x01 len=16 data=aa9807010200000056117eea00007aa4
WFR t=1589 src=mcu type=0x01 len=16 data=aa991d00ab04a08c64502748395e1e28
WFI t=1604 a=-1732,-3820,61 g=-2,17,-7
WFR t=1629 src=mcu type=0x01 len=16 data=aa9a646464625f5d5b5955010101d546
WFR t=1649 src=mcu type=0x01 len=16 data=aa9b0101010100000000fbfbecd30e91
WFI t=1654 a=-1738,-3813,51 g=2,47,-40
WFR t=1669 src=mcu type=0x01 len=16 data=aa9c01180080000000000000ffff0e21
WFI t=1704 a=-1789,-3804,60 g=-2,1,-14
WFR t=1709 src=mcu type=0x01 len=16 data=aa9d2d042f000000000000000000a7b3
WFR t=1729 src=mcu type=0x01 len=16 data=aa9e232c00000000000000000000fb5d
WFI t=1754 a=-1746,-3803,52 g=-5,-48,32
WFR t=1769 src=mcu type=0x01 len=16 data=aa9fb5a1b0bfd800000000000000dfe1
WFR t=1789 src=mcu type=0x01 len=16 data=aaa000000000020c000035006a00d1bd
WFI t=1804 a=-1723,-3797,49 g=-7,-16,4
WFR t=1809 src=mcu type=0x01 len=16 data=aaa188044a5357583036323430360894
WFR t=1849 src=mcu type=0x01 len=16 data=aaa231344e4242463930333500005e71
WFI t=1854 a=-1756,-3809,72 g=-3,13,-12
WFR t=1869 src=mcu type=0x01 len=16 data=aaa301180080000000000000feff5a4e
WFI t=1904 a=-1729,-3804,61 g=-1,13,-13
WFR t=1904 src=bms type=0x02 len=129 data=d2037c0eed0eec0eed0eed0eed0eec0eed0eed0eec0eec0eed0eee0ef10ef10ef10ef00ef10ef10ef20ef20ef20ef30ef30ef30ef10ef30ef20ef20000000000000000003d0000000000000000000000000000042e753002ae0ef30eec003d003d00000157001c0001001d0000000100010eef0007000000000000000000006310
WFR t=1909 src=mcu type=0x01 len=16 data=aaa42d042f000000000000000000fb8a
WFR t=1962 src=mcu type=0x01 len=16 data=aaa5232c00000000000000000000a026
WFR t=1973 src=mcu type=0x01 len=16 data=aaa6000000000000000000000000b4ce
WFI t=2037 a=-1753,-3809,55 g=-2,10,-22
WFI t=2052 a=-1728,-3812,60 g=0,-31,22
WFR t=2053 src=mcu type=0x01 len=16 data=aaa7000000000000000000000000b64f
WFR t=2053 src=mcu type=0x01 len=16 data=aaa801801b000000400052a8194013c9
WFI t=2054 a=-1714,-3807,50 g=0,-21,17
WFR t=2070 src=mcu type=0x01 len=16 data=aaa9028288135c4488132400ec02f999
WFR t=2070 src=mcu type=0x01 len=16 data=aaaa01180080000000000000feff4787
WFR t=2089 src=mcu type=0x01 len=16 data=aaab2d042f000000000000000000ef85
WFI t=2104 a=-1737,-3800,67 g=-1,5,-14
WFR t=2129 src=mcu type=0x01 len=16 data=aaac232c00000000000000000000bdef
WFR t=2149 src=mcu type=0x01 len=16 data=aaad0048005f00021000000100801d27
WFI t=2154 a=-1753,-3808,72 g=-8,-2,-8
WFR t=2189 src=mcu type=0x01 len=16 data=aaae55f04b0b18000000803a40005cef
WFI t=2204 a=-1726,-3804,51 g=-2,11,-11
WFR t=2209 src=mcu type=0x01 len=16 data=aaaf08610005460c2f78a00f090076a9
WFR t=2249 src=mcu type=0x01 len=16 data=aab001180080000000000000ffff608d
WFI t=2255 a=-1764,-3813,52 g=-7,13,-21
WFR t=2269 src=mcu type=0x01 len=16 data=aab12e042f000000000000000000cd1b
WFR t=2289 src=mcu type=0x01 len=16 data=aab2232c0000000000000000000095f1
WFR t=2294 src=bms type=0x02 len=129 data=d2037c0eed0eec0eed0eed0eed0eec0eed0eed0eec0eec0eed0eee0ef10ef10ef10ef00ef10ef10ef20ef20ef20ef30ef30ef30ef10ef30ef20ef20000000000000000003d0000000000000000000000000000042e753002ae0ef30eec003d003d00000157001c0001001d0000000100010eef0007000000000000000000006310
WFI t=2304 a=-1753,-3805,70 g=-5,-28,17
WFR t=2329 src=mcu type=0x01 len=16 data=aab3014a02050030000488001b007188
WFR t=2349 src=mcu type=0x01 len=16 data=aab400009f0ca90c9a0c540600001589
WFI t=2354 a=-1704,-3802,67 g=-3,-22,9
WFR t=2389 src=mcu type=0x01 len=16 data=aab51b00e8517918060e780ab000a41c
WFI t=2404 a=-1741,-3795,58 g=-6,14,-22
WFR t=2409 src=mcu type=0x01 len=16 data=aab6050804080080cb020122f13fc622
WFR t=2429 src=mcu type=0x01 len=16 data=aa8001180080000000000000ffff217d
WFI t=2474 a=-1746,-3815,54 g=1,7,-7
WFR t=2491 src=mcu type=0x01 len=16 data=aa812e042f0000000000000000008ceb
WFR t=2491 src=mcu type=0x01 len=16 data=aa82232c00000000000000000000d401
WFI t=2506 a=-1733,-3820,62 g=0,8,-10
WFI t=2566 a=-1759,-3813,62 g=-7,-9,-4
WFR t=2570 src=mcu type=0x01 len=16 data=aa83000100011101b70111019f00058c
WFR t=2570 src=mcu type=0x01 len=16 data=aa840000090a10560001310051c45a55
WFR t=2570 src=mcu type=0x01 len=16 data=aa8513088003e204080b1000507864d4
WFI t=2604 a=-1760,-3806,62 g=0,-31,19
WFR t=2609 src=mcu type=0x01 len=16 data=aa868403f4010400a00f8813c003f9eb
WFR t=2629 src=mcu type=0x01 len=16 data=aa8701180080000000000000ffff2a3a
WFI t=2654 a=-1719,-3822,50 g=-4,-2,-4
WFR t=2669 src=mcu type=0x01 len=16 data=aa882e042f0000000000000000009122
WFR t=2689 src=mcu type=0x01 len=16 data=aa89232c00000000000000000000ce8a
WFR t=2699 src=bms type=0x02 len=129 data=d2037c0eed0eec0eed0eec0eed0eec0eed0eed0eec0eec0eed0eee0ef10ef10ef10ef00ef10ef10ef20ef20ef20ef20ef30ef20ef10ef20ef20ef20000000000000000003d0000000000000000000000000000042e752f02ae0ef30eec003d003d00000157001c0001001d0000000100010eef0007000a0000000000000000c6c0
WFI t=2704 a=-1750,-3818,68 g=3,25,-26
WFR t=2709 src=mcu type=0x01 len=16 data=aa8a480c1c0207284901230020001521
WFR t=2749 src=mcu type=0x01 len=16 data=aa8b40005c03474c775419031a0e80f3
WFI t=2754 a=-1755,-3809,61 g=2,8,-8
WFR t=2769 src=mcu type=0x01 len=16 data=aa8c2225bf0420034006b80b3e02672c
WFI t=2804 a=-1745,-3812,57 g=-7,-21,4
WFR t=2809 src=mcu type=0x01 len=16 data=aa8d800c800000006c07102780008244
WFR t=2829 src=mcu type=0x01 len=16 data=aa8e01180080000000000000feff3663
WFI t=2854 a=-1747,-3813,53 g=-7,-13,5
WFR t=2869 src=mcu type=0x01 len=16 data=aa8f2e042f0000000000000000009a65
WFR t=2889 src=mcu type=0x01 len=16 data=aa90232c00000000000000000000edd3
WFI t=2904 a=-1731,-3811,59 g=-2,-2,-7
WFR t=2909 src=mcu type=0x01 len=16 data=aa910b000f00465a667332000b9ed1a0
WFR t=2949 src=mcu type=0x01 len=16 data=aa92000000000000000000000000fbba
WFI t=2954 a=-1746,-3814,56 g=0,2,-9
WFR t=2969 src=mcu type=0x01 len=16 data=aa93d804480804242c01c003214fe1ad
WFI t=3004 a=-1722,-3815,57 g=-7,9,-12
WFR t=3009 src=mcu type=0x01 len=16 data=aa94f0f465fffffff8080d00412af645
WFR t=3029 src=mcu type=0x01 len=16 data=aa9501180080000000000000ffff13e8
WFR t=3049 src=mcu type=0x01 len=16 data=aa962d042f000000000000000000bd38
WFI t=3054 a=-1755,-3808,54 g=-1,5,-11
WFR t=3089 src=mcu type=0x01 len=16 data=aa97232c00000000000000000000e694
WFI t=3104 a=-1761,-3813,44 g=-6,-22,8
WFR t=3109 src=mcu type=0x01 len=16 data=aa9807010200000056117eea00007aa4
WFR t=3119 src=bms type=0x02 len=129 data=d2037c0eed0eec0eed0eec0eed0eec0eed0eed0eec0eec0eed0eee0ef10ef10ef10ef00ef10ef10ef20ef20ef20ef20ef30ef20ef10ef20ef20ef20000000000000000003d0000000000000000000000000000042e752f02ae0ef30eec003d003d00000157001c0001001d0000000100010eef0007000a0000000000000000c6c0
WFR t=3149 src=mcu type=0x01 len=16 data=aa991d00ab04a08c64502748395e1e28
WFI t=3154 a=-1728,-3812,53 g=-4,-18,8
WFR t=3169 src=mcu type=0x01 len=16 data=aa9a646464625f5d5b5955010101d546
WFR t=3189 src=mcu type=0x01 len=16 data=aa9b0101010100000000fbfbecd30e91
WFI t=3204 a=-1742,-3815,61 g=-2,11,-18
WFR t=3229 src=mcu type=0x01 len=16 data=aa9c01180080000000000000ffff0e21
WFR t=3249 src=mcu type=0x01 len=16 data=aa9d2d042f000000000000000000a7b3
WFI t=3254 a=-1756,-3800,58 g=0,8,-11
WFR t=3289 src=mcu type=0x01 len=16 data=aa9e232c00000000000000000000fb5d
WFI t=3305 a=-1749,-3805,47 g=-2,2,-9
WFR t=3309 src=mcu type=0x01 len=16 data=aa9fb5a1b0bfd800000000000000dfe1
WFR t=3349 src=mcu type=0x01 len=16 data=aaa000000000020c000035006a00d1bd
WFI t=3354 a=-1753,-3805,64 g=-10,-11,-5
WFR t=3369 src=mcu type=0x01 len=16 data=aaa188044a5357583036323430360894
WFR t=3389 src=mcu type=0x01 len=16 data=aaa231344e4242463930333500005e71
WFI t=3404 a=-1736,-3811,69 g=-3,-25,15
WFR t=3429 src=mcu type=0x01 len=16 data=aaa301180080000000000000ffff5bde
WFR t=3449 src=mcu type=0x01 len=16 data=aaa42d042f000000000000000000fb8a
WFI t=3454 a=-1734,-3812,74 g=4,4,-8
WFR t=3489 src=mcu type=0x01 len=16 data=aaa5232c00000000000000000000a026
WFI t=3504 a=-1758,-3821,55 g=3,18,-21
WFR t=3509 src=mcu type=0x01 len=16 data=aaa6000000000000000000000000b4ce
WFR t=3524 src=bms type=0x02 len=129 data=d2037c0eed0eec0eed0eed0eed0eec0eed0eed0eec0eed0eed0eee0ef10ef10ef10ef00ef10ef20ef20ef20ef20ef20ef30ef30ef10ef20ef20ef20000000000000000003d0000000000000000000000000000042e752f02ae0ef30eec003d003d00000157001c0001001d0000000100010eef0007000a00000000000000000d7d
WFR t=3529 src=mcu type=0x01 len=16 data=aaa7000000000000000000000000b64f
WFI t=3554 a=-1754,-3814,58 g=-3,-7,2
WFR t=3569 src=mcu type=0x01 len=16 data=aaa801801b000000400052a8194013c9
WFR t=3589 src=mcu type=0x01 len=16 data=aaa9028288135c4488132400ec02f999
WFI t=3604 a=-1723,-3797,53 g=0,1,-6
WFR t=3629 src=mcu type=0x01 len=16 data=aaaa01180080000000000000ffff4617
WFR t=3649 src=mcu type=0x01 len=16 data=aaab2d042f000000000000000000ef85
WFI t=3654 a=-1751,-3803,50 g=-2,0,-9
WFR t=3669 src=mcu type=0x01 len=16 data=aaac232c00000000000000000000bdef
WFI t=3704 a=-1743,-3800,39 g=-3,-26,11
WFR t=3709 src=mcu type=0x01 len=16 data=aaad0048005f00021000000100801d27
WFR t=3729 src=mcu type=0x01 len=16 data=aaae55f04b0b18000000803a40005cef
WFI t=3754 a=-1712,-3829,57 g=-6,-6,-3
WFR t=3769 src=mcu type=0x01 len=16 data=aaaf08610005460c2f78a00f090076a9
WFR t=3789 src=mcu type=0x01 len=16 data=aab001180080000000000000ffff608d
WFI t=3804 a=-1728,-3806,50 g=4,19,-20
WFR t=3829 src=mcu type=0x01 len=16 data=aab12e042f000000000000000000cd1b
WFR t=3849 src=mcu type=0x01 len=16 data=aab2232c0000000000000000000095f1
WFI t=3854 a=-1745,-3819,55 g=-5,8,-10
WFR t=3869 src=mcu type=0x01 len=16 data=aab3014a02050030000488001b007188
WFI t=3904 a=-1743,-3813,57 g=-7,-10,2
WFR t=3909 src=mcu type=0x01 len=16 data=aab400009f0ca90c9a0c540600001589
WFR t=3914 src=bms type=0x02 len=129 data=d2037c0eed0eec0eed0eed0eed0eec0eed0eed0eec0eed0eed0eee0ef10ef10ef10ef00ef10ef20ef20ef20ef20ef20ef30ef30ef10ef20ef20ef20000000000000000003d0000000000000000000000000000042e752f02ae0ef30eec003d003d00000157001c0001001d0000000100010eef0007000a00000000000000000d7d
WFR t=3963 src=mcu type=0x01 len=16 data=aab51b00e8517918060eb40ab0009b4c
WFI t=4036 a=-1745,-3809,48 g=2,-17,6
WFR t=4111 src=mcu type=0x01 len=16 data=aab6050804080080cb020122f13fc622
WFR t=4111 src=mcu type=0x01 len=16 data=aa8001180080000000000000feff20ed
WFR t=4112 src=mcu type=0x01 len=16 data=aa812d042f00000000000000000088ef
WFR t=4112 src=mcu type=0x01 len=16 data=aa82232c00000000000000000000d401
WFR t=4112 src=mcu type=0x01 len=16 data=aa83000100011101b70111019f00058c
WFR t=4112 src=mcu type=0x01 len=16 data=aa840000090a10560001310051c45a55
WFI t=4196 a=-1740,-3793,65 g=-4,-2,-11
WFI t=4211 a=-1757,-3812,54 g=-6,-8,2
WFR t=4212 src=mcu type=0x01 len=16 data=aa8513088003e204080b1000507864d4
WFI t=4213 a=-1749,-3813,48 g=-2,-7,2
WFR t=4213 src=mcu type=0x01 len=16 data=aa868403f4010400a00f8813c003f9eb
WFR t=4213 src=mcu type=0x01 len=16 data=aa8701180080000000000000feff2baa
WFR t=4214 src=mcu type=0x01 len=16 data=aa882e042f0000000000000000009122
WFI t=4215 a=-1742,-3811,31 g=-7,-10,2
WFI t=4217 a=-1742,-3811,31 g=-7,-10,2
WFR t=4249 src=mcu type=0x01 len=16 data=aa89232c00000000000000000000ce8a
WFI t=4254 a=-1743,-3816,53 g=-3,-15,0
WFR t=4269 src=mcu type=0x01 len=16 data=aa8a480c1c0207284901230020001521
WFR t=4289 src=mcu type=0x01 len=16 data=aa8b40005c03474c775419031a0e80f3
WFI t=4304 a=-1730,-3810,55 g=1,-5,-2
WFR t=4329 src=mcu type=0x01 len=16 data=aa8c2225bf0420034006b80b3e02672c
WFR t=4349 src=mcu type=0x01 len=16 data=aa8d800c800000006c07102780008244
WFI t=4354 a=-1727,-3811,46 g=0,13,-19
WFR t=4389 src=mcu type=0x01 len=16 data=aa8e01180080000000000000ffff37f3
WFI t=4404 a=-1764,-3798,46 g=-4,15,-15
WFR t=4409 src=mcu type=0x01 len=16 data=aa8f2e042f0000000000000000009a65
WFR t=4439 src=bms type=0x02 len=129 data=d2037c0eed0eec0eed0eed0eed0eec0eed0eee0eec0eed0eed0eee0ef10ef10ef10ef00ef10ef10ef30ef20ef20ef20ef30ef30ef10ef20ef20ef30000000000000000003d0000000000000000000000000000042e752f02ae0ef30eec003d003d00000157001c0001001d0000000100010eef0007000a000000000000000045f5
WFI t=4454 a=-1771,-3801,37 g=-4,-30,8
WFR t=4470 src=mcu type=0x01 len=16 data=aa90232c00000000000000000000edd3
WFR t=4470 src=mcu type=0x01 len=16 data=aa910b000f00465a667332000b9ed1a0
WFR t=4489 src=mcu type=0x01 len=16 data=aa92000000000000000000000000fbba
WFI t=4504 a=-1723,-3811,60 g=4,-23,14
WFR t=4529 src=mcu type=0x01 len=16 data=aa93d804480804242c01c003214fe1ad
WFR t=4549 src=mcu type=0x01 len=16 data=aa94f0f465fffffff8080d00412af645
WFI t=4554 a=-1725,-3826,57 g=0,22,-25
WFR t=4589 src=mcu type=0x01 len=16 data=aa9501180080000000000000ffff13e8
WFI t=4604 a=-1765,-3802,45 g=0,18,-18
WFR t=4609 src=mcu type=0x01 len=16 data=aa962e042f000000000000000000b93c
WFR t=4629 src=mcu type=0x01 len=16 data=aa97232c00000000000000000000e694
WFI t=4654 a=-1741,-3796,36 g=-2,-12,0
WFR t=4669 src=mcu type=0x01 len=16 data=aa9807010200000056117eea00007aa4
WFR t=4689 src=mcu type=0x01 len=16 data=aa991d00ab04a08c64502748395e1e28
WFI t=4704 a=-1740,-3818,53 g=-7,-13,-2
WFR t=4729 src=mcu type=0x01 len=16 data=aa9a646464625f5d5b5955010101d546
WFR t=4749 src=mcu type=0x01 len=16 data=aa9b0101010100000000fbfbecd30e91
WFI t=4754 a=-1732,-3808,50 g=-5,-11,4
WFR t=4769 src=mcu type=0x01 len=16 data=aa9c01180080000000000000feff0fb1
WFI t=4804 a=-1742,-3814,52 g=2,6,-8
WFR t=4809 src=mcu type=0x01 len=16 data=aa9d2e042f000000000000000000a3b7
WFR t=4814 src=bms type=0x02 len=129 data=d2037c0eed0eec0eed0eed0eed0eec0eed0eee0eec0eed0eed0eee0ef10ef10ef10ef00ef10ef10ef30ef20ef20ef20ef30ef30ef10ef20ef20ef30000000000000000003d0000000000000000000000000000042e752f02ae0ef30eec003d003d00000157001c0001001d0000000100010eef0007000a000000000000000045f5
WFR t=4829 src=mcu type=0x01 len=16 data=aa9e232c00000000000000000000fb5d
WFI t=4854 a=-1746,-3808,54 g=-4,6,-12
WFR t=4869 src=mcu type=0x01 len=16 data=aa9fb5a1b0bfd800000000000000dfe1
WFR t=4889 src=mcu type=0x01 len=16 data=aaa000000000020c000035006a00d1bd
WFI t=4904 a=-1752,-3804,61 g=-4,-6,-6
WFR t=4909 src=mcu type=0x01 len=16 data=aaa188044a5357583036323430360894
WFR t=4949 src=mcu type=0x01 len=16 data=aaa231344e4242463930333500005e71
WFI t=4954 a=-1746,-3810,48 g=-5,-5,-1
WFR t=4969 src=mcu type=0x01 len=16 data=aaa301180080000000000000ffff5bde
WFI t=5004 a=-1746,-3808,52 g=-2,-5,-2
WFR t=5009 src=mcu type=0x01 len=16 data=aaa42e042f000000000000000000ff8e
WFR t=5029 src=mcu type=0x01 len=16 data=aaa5232c00000000000000000000a026
WFI t=5054 a=-1748,-3800,55 g=-5,-10,-2
WFR t=5069 src=mcu type=0x01 len=16 data=aaa6000000000000000000000000b4ce
WFR t=5089 src=mcu type=0x01 len=16 data=aaa7000000000000000000000000b64f
WFI t=5104 a=-1731,-3816,48 g=1,2,-6
WFR t=5109 src=mcu type=0x01 len=16 data=aaa801801b000000400052a8194013c9
WFR t=5149 src=mcu type=0x01 len=16 data=aaa9028288135c4488132400ec02f999
WFI t=5154 a=-1741,-3811,44 g=1,-8,-11
WFR t=5189 src=mcu type=0x01 len=16 data=aaaa01180080000000000000feff4787
WFI t=5204 a=-1738,-3804,51 g=0,13,-4
WFR t=5209 src=mcu type=0x01 len=16 data=aaab2e042f000000000000000000eb81
WFR t=5219 src=bms type=0x02 len=129 data=d2037c0eed0eec0eed0eed0eed0eec0eed0eee0eec0eed0eed0eee0ef10ef10ef10ef00ef10ef10ef30ef20ef20ef20ef30ef30ef10ef20ef20ef30000000000000000003d0000000000000000000000000000042e752f02ae0ef30eec003d003d00000157001c0001001d0000000100010eef0007000a000000000000000045f5
WFT t=5220 batt_mv=4188 rssi_mcu=-75 rssi_bms=-83 mcu=188 bms=13 dropped=0
WFR t=5229 src=mcu type=0x01 len=16 data=aaac232c00000000000000000000bdef
WFI t=5275 a=-1777,-3807,58 g=-4,-10,-7
WFR t=5276 src=mcu type=0x01 len=16 data=aaad0048005f00021000000100801d27
WFR t=5289 src=mcu type=0x01 len=16 data=aaae55f04b0b18000000803a40005cef
WFI t=5304 a=-1750,-3805,52 g=-2,-23,16
WFR t=5309 src=mcu type=0x01 len=16 data=aaaf08610005460c2f78a00f090076a9
WFR t=5349 src=mcu type=0x01 len=16 data=aab001180080000000000000ffff608d
WFI t=5354 a=-1700,-3817,55 g=0,-7,-5
WFR t=5369 src=mcu type=0x01 len=16 data=aab12e042f000000000000000000cd1b
WFR t=5389 src=mcu type=0x01 len=16 data=aab2232c0000000000000000000095f1
WFI t=5404 a=-1749,-3805,58 g=-2,19,-22
WFR t=5429 src=mcu type=0x01 len=16 data=aab3014a02050030000488001b007188
WFR t=5449 src=mcu type=0x01 len=16 data=aab400009f0ca90c9a0c540600001589
WFI t=5454 a=-1753,-3813,58 g=-1,-9,4
WFR t=5489 src=mcu type=0x01 len=16 data=aab51b00e8517918060eb40ab0009b4c
WFI t=5504 a=-1730,-3820,49 g=0,0,-4
WFR t=5509 src=mcu type=0x01 len=16 data=aab6050804080080cb020122f13fc622
WFR t=5549 src=mcu type=0x01 len=16 data=aa8001180080000000000000feff20ed
WFI t=5554 a=-1761,-3809,46 g=-8,0,-12
WFR t=5569 src=mcu type=0x01 len=16 data=aa812e042f0000000000000000008ceb
WFR t=5589 src=mcu type=0x01 len=16 data=aa82232c00000000000000000000d401
WFI t=5604 a=-1743,-3794,52 g=-2,-22,10
WFR t=5629 src=mcu type=0x01 len=16 data=aa83000100011101b70111019f00058c
WFR t=5639 src=bms type=0x02 len=129 data=d2037c0eed0eec0eed0eed0eed0eec0eed0eed0eec0eec0eed0eee0ef10ef10ef10ef00ef10ef10ef20ef20ef20ef20ef30ef30ef10ef20ef20ef20000000000000000003d0000000000000000000000000000042e752e02ae0ef30eec003d003d00000157001c0001001d0000000100010eef000700150000000000000000ce8f
WFR t=5649 src=mcu type=0x01 len=16 data=aa840000090a10560001310051c45a55
WFI t=5654 a=-1726,-3810,50 g=-2,5,-11
WFR t=5689 src=mcu type=0x01 len=16 data=aa8513088003e204080b1000507864d4
WFI t=5704 a=-1764,-3811,46 g=-1,21,-23
WFR t=5709 src=mcu type=0x01 len=16 data=aa868403f4010400a00f8813c003f9eb
WFR t=5729 src=mcu type=0x01 len=16 data=aa8701180080000000000000feff2baa
WFI t=5754 a=-1760,-3792,52 g=-6,-26,9
WFR t=5769 src=mcu type=0x01 len=16 data=aa882e042f0000000000000000009122
WFR t=5789 src=mcu type=0x01 len=16 data=aa89232c00000000000000000000ce8a
WFI t=5804 a=-1699,-3810,61 g=2,-7,3
WFR t=5829 src=mcu type=0x01 len=16 data=aa8a480c1c0207284901230020001521
WFR t=5849 src=mcu type=0x01 len=16 data=aa8b40005c03474c775419031a0e80f3
WFI t=5855 a=-1753,-3806,54 g=-3,8,-19
WFR t=5869 src=mcu type=0x01 len=16 data=aa8c2225bf0420034006b80b3e02672c
WFI t=5905 a=-1763,-3813,57 g=-1,-12,4
WFR t=5909 src=mcu type=0x01 len=16 data=aa8d800c800000006c07102780008244
WFR t=5929 src=mcu type=0x01 len=16 data=aa8e0118008000000000ffffffff37d7
WFI t=6111 a=-1726,-3816,43 g=4,7,-15
WFR t=6125 src=mcu type=0x01 len=16 data=aa8f2e042f0000000000000000009a65
WFR t=6126 src=mcu type=0x01 len=16 data=aa90232c00000000000000000000edd3
WFI t=6189 a=-1726,-3799,49 g=1,-2,-7
WFR t=6190 src=mcu type=0x01 len=16 data=aa910b000f00465a667332000b9ed1a0
WFR t=6190 src=bms type=0x02 len=129 data=d2037c0eed0eec0eed0eed0eed0eec0eed0eed0eec0eec0eed0eee0ef10ef10ef10ef00ef10ef10ef20ef20ef20ef20ef30ef30ef10ef20ef20ef20000000000000000003d0000000000000000000000000000042e752e02ae0ef30eec003d003d00000157001c0001001d0000000100010eef000700150000000000000000ce8f
WFR t=6205 src=mcu type=0x01 len=16 data=aa92000000000000000000000000fbba
WFI t=6205 a=-1743,-3810,56 g=-4,-10,4
WFR t=6205 src=mcu type=0x01 len=16 data=aa93d804480804242c01c003214fe1ad
WFR t=6205 src=mcu type=0x01 len=16 data=aa94f0f465fffffff8080d00412af645
WFR t=6205 src=mcu type=0x01 len=16 data=aa9501180080000000000000ffff13e8
WFR t=6206 src=mcu type=0x01 len=16 data=aa962e042f000000000000000000b93c
WFR t=6206 src=mcu type=0x01 len=16 data=aa97232c00000000000000000000e694
WFI t=6207 a=-1738,-3813,45 g=2,-8,4
WFR t=6209 src=mcu type=0x01 len=16 data=aa9807010200000056117eea00007aa4
WFI t=6209 a=-1738,-3809,41 g=1,-7,3
WFI t=6211 a=-1738,-3809,41 g=1,-7,3
WFR t=6249 src=mcu type=0x01 len=16 data=aa991d00ab04a08c64502748395e1e28
WFI t=6254 a=-1739,-3805,46 g=3,15,-17
WFR t=6269 src=mcu type=0x01 len=16 data=aa9a646464625f5d5b5955010101d546
WFI t=6304 a=-1769,-3801,60 g=3,7,-12
WFR t=6309 src=mcu type=0x01 len=16 data=aa9b0101010100000000fbfbecd30e91
WFR t=6329 src=mcu type=0x01 len=16 data=aa9c01180080000000000000ffff0e21
WFR t=6349 src=mcu type=0x01 len=16 data=aa9d2e042f000000000000000000a3b7
WFI t=6354 a=-1741,-3810,46 g=-8,-27,12
WFR t=6389 src=mcu type=0x01 len=16 data=aa9e232c00000000000000000000fb5d
WFI t=6404 a=-1733,-3807,35 g=-4,-5,-3
WFR t=6409 src=mcu type=0x01 len=16 data=aa9fb5a1b0bfd800000000000000dfe1
WFR t=6449 src=mcu type=0x01 len=16 data=aaa000000000020c000035006a00d1bd
WFI t=6455 a=-1758,-3811,50 g=-2,7,-16
WFR t=6464 src=bms type=0x02 len=129 data=d2037c0eed0eec0eed0eed0eed0eed0eed0eed0eec0eed0eed0eee0ef10ef10ef10ef00ef10ef10ef20ef20ef20ef20ef30ef30ef10ef20ef20ef20000000000000000003d0000000000000000000000000000042e752f02ae0ef30eec003d003d00000157001c0001001d0000000100010eef0007000a00000000000000005f59
WFR t=6469 src=mcu type=0x01 len=16 data=aaa188044a5357583036323430360894
WFR t=6489 src=mcu type=0x01 len=16 data=aaa231344e4242463930333500005e71
WFI t=6504 a=-1752,-3807,50 g=5,5,-4
WFR t=6529 src=mcu type=0x01 len=16 data=aaa301180080000000000000feff5a4e
WFR t=6549 src=mcu type=0x01 len=16 data=aaa42e042f000000000000000000ff8e
WFI t=6554 a=-1735,-3812,45 g=-5,3,-10
WFR t=6589 src=mcu type=0x01 len=16 data=aaa5232c00000000000000000000a026
WFI t=6604 a=-1755,-3813,40 g=-3,-11,-2
WFR t=6609 src=mcu type=0x01 len=16 data=aaa6000000000000000000000000b4ce
WFR t=6649 src=mcu type=0x01 len=16 data=aaa7000000000000000000000000b64f
WFI t=6654 a=-1731,-3811,46 g=-1,-17,6
WFR t=6669 src=mcu type=0x01 len=16 data=aaa801801b000000400052a8194013c9
WFR t=6689 src=mcu type=0x01 len=16 data=aaa9028288135c4488132400ec02f999
WFI t=6704 a=-1727,-3799,43 g=-3,5,-11
WFR t=6729 src=mcu type=0x01 len=16 data=aaaa01180080000000000000feff4787
WFR t=6749 src=mcu type=0x01 len=16 data=aaab2e042f000000000000000000eb81
WFI t=6754 a=-1754,-3807,43 g=-3,4,-11
WFR t=6789 src=mcu type=0x01 len=16 data=aaac232c00000000000000000000bdef
WFI t=6804 a=-1749,-3807,35 g=2,-6,3
WFR t=6809 src=mcu type=0x01 len=16 data=aaad0048005f00021000000100801d27
WFR t=6829 src=mcu type=0x01 len=16 data=aaae55f04b0b18000000803a40005cef
WFI t=6854 a=-1735,-3821,41 g=-1,5,-12
WFR t=6855 src=bms type=0x02 len=129 data=d2037c0eed0eec0eed0eed0eed0eed0eed0eed0eec0eed0eed0eee0ef10ef10ef10ef00ef10ef10ef20ef20ef20ef20ef30ef30ef10ef20ef20ef20000000000000000003d0000000000000000000000000000042e752f02ae0ef30eec003d003d00000157001c0001001d0000000100010eef0007000a00000000000000005f59
WFR t=6869 src=mcu type=0x01 len=16 data=aaaf08610005460c2f78a00f090076a9
WFR t=6889 src=mcu type=0x01 len=16 data=aab001180080000000000000ffff608d
WFI t=6904 a=-1761,-3818,47 g=0,-4,-4
WFR t=6929 src=mcu type=0x01 len=16 data=aab12e042f000000000000000000cd1b
WFR t=6949 src=mcu type=0x01 len=16 data=aab2232c0000000000000000000095f1
WFI t=6954 a=-1729,-3800,39 g=0,-12,4
WFR t=6969 src=mcu type=0x01 len=16 data=aab3014a02050030000488001b007188
WFI t=7004 a=-1742,-3798,48 g=0,8,-13
WFR t=7009 src=mcu type=0x01 len=16 data=aab400009f0ca90c9a0c540600001589
WFR t=7029 src=mcu type=0x01 len=16 data=aab51b00e8517918060e070bb000ec08
WFI t=7055 a=-1769,-3806,47 g=0,3,-10
WFR t=7069 src=mcu type=0x01 len=16 data=aab6050804080080cb020122f13fc622
WFR t=7089 src=mcu type=0x01 len=16 data=aa8001180080000000000000ffff217d
WFI t=7104 a=-1742,-3809,58 g=-5,-9,0
WFR t=7109 src=mcu type=0x01 len=16 data=aa812e042f0000000000000000008ceb
WFR t=7149 src=mcu type=0x01 len=16 data=aa82232c00000000000000000000d401
WFI t=7154 a=-1748,-3800,52 g=-3,-2,-5
WFR t=7169 src=mcu type=0x01 len=16 data=aa83000100011101b70111019f00058c
WFI t=7205 a=-1756,-3812,58 g=1,-14,1
WFR t=7209 src=mcu type=0x01 len=16 data=aa840000090a10560001310051c45a55
WFR t=7229 src=mcu type=0x01 len=16 data=aa8513088003e204080b1000507864d4
WFI t=7254 a=-1724,-3812,49 g=-3,3,-2
WFR t=7259 src=bms type=0x02 len=129 data=d2037c0eed0eec0eed0eed0eed0eed0eed0eed0eec0eed0eed0eee0ef10ef10ef10ef00ef10ef10ef20ef20ef20ef20ef30ef30ef10ef20ef20ef20000000000000000003d0000000000000000000000000000042e752f02ae0ef30eec003d003d00000157001c0001001d0000000100010eef0007000a00000000000000005f59
WFR t=7269 src=mcu type=0x01 len=16 data=aa868403f4010400a00f8813c003f9eb
WFR t=7289 src=mcu type=0x01 len=16 data=aa8701180080000000000000ffff2a3a
WFI t=7304 a=-1742,-3794,44 g=2,10,-15
WFR t=7309 src=mcu type=0x01 len=16 data=aa882e042f0000000000000000009122
WFR t=7349 src=mcu type=0x01 len=16 data=aa89232c00000000000000000000ce8a
WFI t=7354 a=-1750,-3814,56 g=-7,-15,1
WFR t=7369 src=mcu type=0x01 len=16 data=aa8a480c1c0207284901230020001521
WFI t=7405 a=-1726,-3819,47 g=-6,-13,3
WFR t=7409 src=mcu type=0x01 len=16 data=aa8b40005c03474c775419031a0e80f3
WFR t=7429 src=mcu type=0x01 len=16 data=aa8c2225bf0420034006b80b3e02672c
WFR t=7449 src=mcu type=0x01 len=16 data=aa8d800c800000006c07102780008244
WFI t=7454 a=-1732,-3817,37 g=4,21,-21
WFR t=7489 src=mcu type=0x01 len=16 data=aa8e01180080000000000000feff3663
WFI t=7504 a=-1766,-3816,50 g=-6,4,-7
WFR t=7509 src=mcu type=0x01 len=16 data=aa8f2e042f0000000000000000009a65
WFR t=7549 src=mcu type=0x01 len=16 data=aa90232c00000000000000000000edd3
WFI t=7554 a=-1742,-3789,42 g=-3,-23,7
WFR t=7569 src=mcu type=0x01 len=16 data=aa910b000f00465a667332000b9ed1a0
WFR t=7589 src=mcu type=0x01 len=16 data=aa92000000000000000000000000fbba
WFI t=7604 a=-1748,-3815,40 g=-6,-11,-3
WFR t=7629 src=mcu type=0x01 len=16 data=aa93d804480804242c01c003214fe1ad
WFR t=7649 src=mcu type=0x01 len=16 data=aa94f0f465fffffff8080d00412af645
WFI t=7654 a=-1747,-3807,41 g=0,7,-8
WFR t=7679 src=bms type=0x02 len=129 data=d2037c0eed0eec0eed0eec0eed0eec0eed0eed0eec0eec0eed0eee0ef10ef10ef10ef00ef10ef10ef20ef20ef20ef30ef30ef30ef10ef20ef20ef20000000000000000003d0000000000000000000000000000042e752f02ae0ef30eec003d003d00000157001c0001001d0000000100010eef0007000a0000000000000000c3a9
WFR t=7689 src=mcu type=0x01 len=16 data=aa9501180080000000000000ffff13e8
WFI t=7705 a=-1743,-3811,56 g=-3,12,-10
WFR t=7709 src=mcu type=0x01 len=16 data=aa962e042f000000000000000000b93c
WFR t=7749 src=mcu type=0x01 len=16 data=aa97232c00000000000000000000e694
WFI t=7754 a=-1758,-3811,50 g=-3,-11,-5
WFR t=7769 src=mcu type=0x01 len=16 data=aa9807010200000056117eea00007aa4
WFR t=7789 src=mcu type=0x01 len=16 data=aa991d00ab04a08c64502748395e1e28
WFI t=7805 a=-1742,-3804,47 g=-6,-18,5
WFR t=7829 src=mcu type=0x01 len=16 data=aa9a646464625f5d5b5955010101d546
WFR t=7849 src=mcu type=0x01 len=16 data=aa9b0101010100000000fbfbecd30e91
WFI t=7854 a=-1745,-3797,42 g=-5,-2,-7
WFR t=7890 src=mcu type=0x01 len=16 data=aa9c01180080000000000000ffff0e21
WFI t=7904 a=-1742,-3810,52 g=1,13,-12
WFR t=7909 src=mcu type=0x01 len=16 data=aa9d2e042f000000000000000000a3b7
WFR t=7929 src=mcu type=0x01 len=16 data=aa9e232c00000000000000000000fb5d
WFR t=7978 src=mcu type=0x01 len=16 data=aa9fb5a1b0bfd800000000000000dfe1
WFI t=8052 a=-1740,-3804,48 g=2,-11,1
WFR t=8067 src=mcu type=0x01 len=16 data=aaa000000000020c000035006a00d1bd
WFR t=8067 src=mcu type=0x01 len=16 data=aaa188044a5357583036323430360894
WFR t=8067 src=mcu type=0x01 len=16 data=aaa231344e4242463930333500005e71
WFI t=8068 a=-1751,-3799,43 g=-3,-2,-10
WFR t=8069 src=mcu type=0x01 len=16 data=aaa301180080000000000000feff5a4e
WFI t=8070 a=-1749,-3810,44 g=-2,0,-10
WFR t=8084 src=bms type=0x02 len=129 data=d2037c0eed0eec0eed0eec0eed0eec0eed0eed0eec0eec0eed0eee0ef10ef10ef10ef00ef10ef10ef20ef20ef20ef30ef30ef30ef10ef20ef20ef20000000000000000003d0000000000000000000000000000042e752f02ae0ef30eec003d003d00000157001c0001001d0000000100010eef0007000a0000000000000000c3a9
WFI t=8131 a=-1749,-3803,57 g=2,-1,-1
WFR t=8132 src=mcu type=0x01 len=16 data=aaa42e042f000000000000000000ff8e
WFR t=8132 src=mcu type=0x01 len=16 data=aaa5232c00000000000000000000a026
WFI t=8154 a=-1730,-3795,55 g=-4,-5,-2
WFR t=8169 src=mcu type=0x01 len=16 data=aaa6000000000000000000000000b4ce
WFR t=8189 src=mcu type=0x01 len=16 data=aaa7000000000000000000000000b64f
WFI t=8204 a=-1742,-3814,54 g=1,-7,-5
WFR t=8209 src=mcu type=0x01 len=16 data=aaa801801b000000400052a8194013c9
WFR t=8249 src=mcu type=0x01 len=16 data=aaa9028288135c4488132400ec02f999
WFI t=8254 a=-1733,-3816,39 g=3,8,-9
WFR t=8270 src=mcu type=0x01 len=16 data=aaaa01180080000000000000ffff4617
WFI t=8305 a=-1756,-3808,53 g=-4,1,-6
WFR t=8309 src=mcu type=0x01 len=16 data=aaab2e042f000000000000000000eb81
WFR t=8329 src=mcu type=0x01 len=16 data=aaac232c00000000000000000000bdef
WFI t=8354 a=-1724,-3813,51 g=-4,-16,4
WFR t=8369 src=mcu type=0x01 len=16 data=aaad0048005f00021000000100801d27
WFR t=8389 src=mcu type=0x01 len=16 data=aaae55f04b0b18000000803a40005cef
WFI t=8404 a=-1737,-3818,45 g=-5,3,-8
WFR t=8409 src=mcu type=0x01 len=16 data=aaaf08610005460c2f78a00f090076a9
WFR t=8449 src=mcu type=0x01 len=16 data=aab001180080000000000000ffff608d
WFI t=8454 a=-1751,-3816,53 g=-3,0,-8
WFR t=8469 src=mcu type=0x01 len=16 data=aab12d042f000000000000000000c91f
WFR t=8474 src=bms type=0x02 len=129 data=d2037c0eed0eec0eed0eec0eed0eec0eed0eed0eec0eec0eed0eee0ef10ef10ef10ef00ef20ef10ef30ef20ef20ef20ef30ef30ef10ef20ef20ef20000000000000000003d0000000000000000000000000000042e752f02ae0ef30eec003d003d00000157001c0001001d0000000100010eef0007000a00000000000000002fc2
WFI t=8504 a=-1742,-3808,41 g=-3,-5,0
WFR t=8509 src=mcu type=0x01 len=16 data=aab2232c0000000000000000000095f1
WFR t=8529 src=mcu type=0x01 len=16 data=aab3014a02050030000488001b007188
WFR t=8550 src=mcu type=0x01 len=16 data=aab400009f0ca90c9a0c540600001589
WFI t=8554 a=-1738,-3815,56 g=-5,-10,-3
WFR t=8589 src=mcu type=0x01 len=16 data=aab51b00e8517918060eb00ab0009a7c
WFI t=8605 a=-1736,-3808,33 g=-1,-7,-2
WFR t=8609 src=mcu type=0x01 len=16 data=aab6050804080080cb020122f13fc622
WFR t=8649 src=mcu type=0x01 len=16 data=aa8001180080000000000000ffff217d
WFI t=8654 a=-1750,-3807,48 g=-2,1,-8
WFR t=8669 src=mcu type=0x01 len=16 data=aa812d042f00000000000000000088ef
WFR t=8689 src=mcu type=0x01 len=16 data=aa82232c00000000000000000000d401
WFI t=8704 a=-1732,-3803,46 g=-7,0,-8
WFR t=8729 src=mcu type=0x01 len=16 data=aa83000100011101b70111019f00058c
WFR t=8749 src=mcu type=0x01 len=16 data=aa840000090a10560001310051c45a55
WFI t=8754 a=-1756,-3816,47 g=-3,-7,0
WFR t=8789 src=mcu type=0x01 len=16 data=aa8513088003e204080b1000507864d4
WFI t=8804 a=-1731,-3815,44 g=-3,-2,-8
WFR t=8809 src=mcu type=0x01 len=16 data=aa868403f4010400a00f8813c003f9eb
WFR t=8850 src=mcu type=0x01 len=16 data=aa8701180080000000000000ffff2a3a
WFI t=8854 a=-1745,-3800,58 g=-4,-1,-6
WFR t=8869 src=mcu type=0x01 len=16 data=aa882d042f0000000000000000009526
WFR t=8879 src=bms type=0x02 len=129 data=d2037c0eed0eec0eed0eec0eed0eec0eed0eed0eec0eec0eed0eee0ef10ef10ef10ef00ef20ef10ef30ef20ef20ef20ef30ef30ef10ef20ef20ef20000000000000000003d0000000000000000000000000000042e752f02ae0ef30eec003d003d00000157001c0001001d0000000100010eef0007000a00000000000000002fc2
WFR t=8889 src=mcu type=0x01 len=16 data=aa89232c00000000000000000000ce8a
WFI t=8904 a=-1746,-3802,39 g=-1,-9,-1
WFR t=8929 src=mcu type=0x01 len=16 data=aa8a480c1c0207284901230020001521
WFR t=8949 src=mcu type=0x01 len=16 data=aa8b40005c03474c775419031a0e80f3
WFI t=8954 a=-1737,-3808,43 g=2,7,-6
WFR t=8989 src=mcu type=0x01 len=16 data=aa8c2225bf0420034006b80b3e02672c
WFI t=9004 a=-1757,-3806,43 g=-2,-12,-4
WFR t=9009 src=mcu type=0x01 len=16 data=aa8d800c800000006c07102780008244
WFR t=9030 src=mcu type=0x01 len=16 data=aa8e01180080000000000000ffff37f3
WFI t=9054 a=-1737,-3815,56 g=-5,-10,2
WFR t=9069 src=mcu type=0x01 len=16 data=aa8f2d042f0000000000000000009e61
WFR t=9089 src=mcu type=0x01 len=16 data=aa90232c00000000000000000000edd3
WFI t=9104 a=-1736,-3807,46 g=0,10,-12
WFR t=9129 src=mcu type=0x01 len=16 data=aa910b000f00465a667332000b9ed1a0
WFI t=9154 a=-1756,-3807,36 g=0,5,-12
WFR t=9170 src=mcu type=0x01 len=16 data=aa92000000000000000000000000fbba
WFR t=9170 src=mcu type=0x01 len=16 data=aa93d804480804242c01c003214fe1ad
WFI t=9204 a=-1748,-3811,44 g=-7,-16,3
WFR t=9209 src=mcu type=0x01 len=16 data=aa94f0f465fffffff8080d00412af645
WFR t=9229 src=mcu type=0x01 len=16 data=aa9501180080000000000000feff1278
WFI t=9254 a=-1722,-3812,34 g=-6,-1,-6
WFR t=9270 src=mcu type=0x01 len=16 data=aa962e042f000000000000000000b93c
WFR t=9289 src=mcu type=0x01 len=16 data=aa97232c00000000000000000000e694
WFR t=9299 src=bms type=0x02 len=129 data=d2037c0eed0eec0eed0eec0eed0eec0eed0eed0eec0eec0eed0eee0ef10ef10ef10ef00ef20ef10ef30ef20ef20ef20ef30ef30ef10ef20ef20ef20000000000000000003d0000000000000000000000000000042e752f02ae0ef30eec003d003d00000157001c0001001d0000000100010eef0007000a00000000000000002fc2
WFI t=9304 a=-1753,-3807,50 g=-3,-5,-8
WFR t=9309 src=mcu type=0x01 len=16 data=aa9807010200000056117eea00007aa4
WFR t=9349 src=mcu type=0x01 len=16 data=aa991d00ab04a08c64502748395e1e28
WFI t=9354 a=-1737,-3804,54 g=-2,-5,3
WFR t=9369 src=mcu type=0x01 len=16 data=aa9a646464625f5d5b5955010101d546
WFI t=9404 a=-1737,-3810,42 g=-5,6,-13
WFR t=9409 src=mcu type=0x01 len=16 data=aa9b0101010100000000fbfbecd30e91
WFR t=9429 src=mcu type=0x01 len=16 data=aa9c01180080000000000000ffff0e21
WFI t=9454 a=-1763,-3802,47 g=-5,-9,-5
WFR t=9469 src=mcu type=0x01 len=16 data=aa9d2d042f000000000000000000a7b3
WFR t=9489 src=mcu type=0x01 len=16 data=aa9e232c00000000000000000000fb5d
WFI t=9504 a=-1733,-3817,42 g=-5,-13,7
WFR t=9509 src=mcu type=0x01 len=16 data=aa9fb5a1b0bfd800000000000000dfe1
WFR t=9549 src=mcu type=0x01 len=16 data=aaa000000000020c000035006a00d1bd
WFI t=9554 a=-1749,-3809,37 g=-8,-1,-11
WFR t=9569 src=mcu type=0x01 len=16 data=aaa188044a5357583036323430360894
WFI t=9604 a=-1758,-3809,38 g=5,2,-4
WFR t=9609 src=mcu type=0x01 len=16 data=aaa231344e4242463930333500005e71
WFR t=9630 src=mcu type=0x01 len=16 data=aaa301180080000000000000ffff5bde
WFR t=9649 src=mcu type=0x01 len=16 data=aaa42e042f000000000000000000ff8e
WFI t=9654 a=-1725,-3817,51 g=-2,-6,-6
WFR t=9689 src=mcu type=0x01 len=16 data=aaa5232c00000000000000000000a026
WFI t=9704 a=-1742,-3798,43 g=0,3,-7
WFR t=9704 src=bms type=0x02 len=129 data=d2037c0eed0eec0eed0eed0eed0eec0eed0eed0eec0eec0eed0eee0ef10ef10ef10ef00ef10ef10ef20ef20ef20ef20ef30ef30ef10ef20ef20ef20000000000000000003d0000000000000000000000000000042e752f02ae0ef30eec003d003d00000157001c0001001d0000000100010eef0007000a00000000000000004502
WFR t=9709 src=mcu type=0x01 len=16 data=aaa6000000000000000000000000b4ce
WFR t=9749 src=mcu type=0x01 len=16 data=aaa7000000000000000000000000b64f
WFI t=9754 a=-1748,-3812,41 g=-5,-9,-2
WFR t=9769 src=mcu type=0x01 len=16 data=aaa801801b000000400052a8194013c9
WFR t=9789 src=mcu type=0x01 len=16 data=aaa9028288135c4488132400ec02f999
WFI t=9804 a=-1736,-3804,43 g=-3,3,-6
WFR t=9830 src=mcu type=0x01 len=16 data=aaaa01180080000000000000ffff4617
WFR t=9849 src=mcu type=0x01 len=16 data=aaab2e042f000000000000000000eb81
WFI t=9854 a=-1760,-3807,54 g=-5,-4,-8
WFR t=9889 src=mcu type=0x01 len=16 data=aaac232c00000000000000000000bdef
WFI t=9904 a=-1735,-3804,51 g=-3,-6,3
WFR t=9909 src=mcu type=0x01 len=16 data=aaad0048005f00021000000100801d27
WFR t=9949 src=mcu type=0x01 len=16 data=aaae55f04b0b18000000803a40005cef
WFR t=9984 src=mcu type=0x01 len=16 data=aaaf08610005460c2f78a00f090076a9
WFI t=10062 a=-1773,-3807,48 g=-1,-1,-8
WFI t=10188 a=-1727,-3804,60 g=-3,-5,0
WFR t=10191 src=mcu type=0x01 len=16 data=aab001180080000000000000ffff608d
WFR t=10192 src=mcu type=0x01 len=16 data=aab12e042f000000000000000000cd1b
WFR t=10192 src=mcu type=0x01 len=16 data=aab2232c0000000000000000000095f1
WFR t=10193 src=mcu type=0x01 len=16 data=aab3014a02050030000488001b007188
WFR t=10194 src=bms type=0x02 len=129 data=d2037c0eed0eec0eed0eed0eed0eec0eed0eed0eec0eec0eed0eee0ef10ef10ef10ef00ef10ef10ef20ef20ef20ef20ef30ef30ef10ef20ef20ef20000000000000000003d0000000000000000000000000000042e752f02ae0ef30eec003d003d00000157001c0001001d0000000100010eef0007000a00000000000000004502
WFR t=10194 src=mcu type=0x01 len=16 data=aab400009f0ca90c9a0c540600001589
WFR t=10195 src=mcu type=0x01 len=16 data=aab51b00e8517918060ead0ab0009c10
WFR t=10195 src=mcu type=0x01 len=16 data=aab6050804080080cb020122f13fc622
WFR t=10196 src=mcu type=0x01 len=16 data=aa8001180080000000000000ffff217d
WFI t=10199 a=-1747,-3810,55 g=3,-23,12
WFI t=10202 a=-1734,-3811,32 g=-2,-21,14
WFI t=10206 a=-1724,-3810,47 g=-2,-21,8
WFI t=10209 a=-1719,-3810,45 g=-3,-21,7
WFR t=10231 src=mcu type=0x01 len=16 data=aa812e042f0000000000000000008ceb
WFI t=10316 a=-1759,-3802,53 g=-2,4,-6
WFR t=10316 src=mcu type=0x01 len=16 data=aa82232c00000000000000000000d401
WFR t=10316 src=mcu type=0x01 len=16 data=aa83000100011101b70111019f00058c
WFR t=10317 src=mcu type=0x01 len=16 data=aa840000090a10560001310051c45a55
WFI t=10318 a=-1756,-3826,50 g=-1,-7,1
WFR t=10329 src=mcu type=0x01 len=16 data=aa8513088003e204080b1000507864d4
WFT t=10340 batt_mv=4200 rssi_mcu=-78 rssi_bms=-85 mcu=370 bms=25 dropped=0
WFI t=10354 a=-1738,-3816,52 g=-1,-15,1
WFR t=10369 src=mcu type=0x01 len=16 data=aa868403f4010400a00f8813c003f9eb
WFR t=10390 src=mcu type=0x01 len=16 data=aa8701180080000000000000ffff2a3a
WFI t=10404 a=-1750,-3814,34 g=-2,6,-12
WFR t=10410 src=mcu type=0x01 len=16 data=aa882e042f0000000000000000009122
WFR t=10449 src=mcu type=0x01 len=16 data=aa89232c00000000000000000000ce8a
WFI t=10454 a=-1765,-3808,53 g=0,-17,2
WFR t=10469 src=mcu type=0x01 len=16 data=aa8a480c1c0207284901230020001521
WFI t=10505 a=-1715,-3822,51 g=2,4,-2
WFR t=10509 src=mcu type=0x01 len=16 data=aa8b40005c03474c775419031a0e80f3
WFR t=10529 src=mcu type=0x01 len=16 data=aa8c2225bf0420034006b80b3e02672c
WFI t=10554 a=-1754,-3798,56 g=-3,8,-19
WFR t=10559 src=bms type=0x02 len=129 data=d2037c0eed0eec0eed0eed0eed0eec0eed0eed0eec0eec0eed0eee0ef10ef10ef10ef00ef10ef20ef20ef20ef20ef30ef30ef30ef10ef20ef20ef20000000000000000003d0000000000000000000000000000042e752f02ae0ef30eec003d003d00000157001c0001001d0000000100010eef0007000a0000000000000000f4e8
WFR t=10569 src=mcu type=0x01 len=16 data=aa8d800c800000006c07102780008244
WFR t=10590 src=mcu type=0x01 len=16 data=aa8e0118008000000000ffffffff37d7
WFI t=10604 a=-1752,-3803,42 g=5,-13,7
WFR t=10609 src=mcu type=0x01 len=16 data=aa8f2e042f0000000000000000009a65
WFR t=10650 src=mcu type=0x01 len=16 data=aa90232c00000000000000000000edd3
WFI t=10654 a=-1720,-3802,34 g=-5,-5,-6
WFR t=10669 src=mcu type=0x01 len=16 data=aa910b000f00465a667332000b9ed1a0
WFI t=10704 a=-1764,-3815,55 g=-2,4,-11
WFR t=10709 src=mcu type=0x01 len=16 data=aa92000000000000000000000000fbba
WFR t=10729 src=mcu type=0x01 len=16 data=aa93d804480804242c01c003214fe1ad
WFR t=10749 src=mcu type=0x01 len=16 data=aa94f0f465fffffff8080d00412af645
WFI t=10754 a=-1744,-3810,42 g=0,-13,5
WFR t=10790 src=mcu type=0x01 len=16 data=aa9501180080000000000000ffff13e8
WFI t=10805 a=-1727,-3823,51 g=-5,-1,-8
WFR t=10809 src=mcu type=0x01 len=16 data=aa962e042f000000000000000000b93c
WFI t=10862 a=-1764,-3819,48 g=0,-1,-8
WFR t=10870 src=mcu type=0x01 len=16 data=aa97232c00000000000000000000e694
WFR t=10870 src=mcu type=0x01 len=16 data=aa9807010200000056117eea00007aa4
WFR t=10889 src=mcu type=0x01 len=16 data=aa991d00ab04a08c64502748395e1e28
WFI t=10904 a=-1752,-3798,59 g=0,-16,5
WFR t=10929 src=mcu type=0x01 len=16 data=aa9a646464625f5d5b5955010101d546
WFR t=10949 src=mcu type=0x01 len=16 data=aa9b0101010100000000fbfbecd30e91
WFI t=10954 a=-1727,-3816,50 g=-2,-8,-2
WFR t=10964 src=bms type=0x02 len=129 data=d2037c0eed0eec0eed0eed0eed0eec0eed0eed0eec0eec0eed0eee0ef10ef10ef10ef00ef10ef20ef20ef20ef20ef30ef30ef30ef10ef20ef20ef20000000000000000003d0000000000000000000000000000042e752f02ae0ef30eec003d003d00000157001c0001001d0000000100010eef0007000a0000000000000000f4e8
WFR t=10990 src=mcu type=0x01 len=16 data=aa9c0118008000000000fffffeff0f95
WFI t=11005 a=-1733,-3805,50 g=-1,11,-10
WFR t=11010 src=mcu type=0x01 len=16 data=aa9d2e042f000000000000000000a3b7
WFR t=11029 src=mcu type=0x01 len=16 data=aa9e232c00000000000000000000fb5d
WFI t=11054 a=-1747,-3806,39 g=-3,3,-6
WFR t=11069 src=mcu type=0x01 len=16 data=aa9fb5a1b0bfd800000000000000dfe1
WFR t=11089 src=mcu type=0x01 len=16 data=aaa000000000020c000035006a00d1bd
WFI t=11105 a=-1736,-3806,36 g=-3,-2,-4
WFR t=11129 src=mcu type=0x01 len=16 data=aaa188044a5357583036323430360894
WFR t=11149 src=mcu type=0x01 len=16 data=aaa231344e4242463930333500005e71
WFI t=11154 a=-1740,-3809,47 g=-4,-10,-2
WFR t=11190 src=mcu type=0x01 len=16 data=aaa301180080000000000000ffff5bde
WFI t=11204 a=-1738,-3815,42 g=0,-1,0
WFR t=11209 src=mcu type=0x01 len=16 data=aaa42d042f000000000000000000fb8a
WFR t=11229 src=mcu type=0x01 len=16 data=aaa5232c00000000000000000000a026
WFI t=11254 a=-1741,-3802,39 g=-3,4,-9
WFR t=11269 src=mcu type=0x01 len=16 data=aaa6000000000000000000000000b4ce
WFR t=11289 src=mcu type=0x01 len=16 data=aaa7000000000000000000000000b64f
WFI t=11305 a=-1753,-3812,43 g=-4,-4,-5
WFR t=11329 src=mcu type=0x01 len=16 data=aaa801801b000000400052a8194013c9
WFR t=11349 src=mcu type=0x01 len=16 data=aaa9028288135c4488132400ec02f999
WFI t=11354 a=-1739,-3833,43 g=-4,-4,-4
WFR t=11355 src=bms type=0x02 len=129 data=d2037c0eed0eec0eed0eed0eed0eec0eed0eed0eec0eec0eed0eee0ef10ef10ef10ef00ef10ef20ef20ef20ef20ef30ef30ef30ef10ef20ef20ef20000000000000000003d0000000000000000000000000000042e752f02ae0ef30eec003d003d00000157001c0001001d0000000100010eef0007000a0000000000000000f4e8
WFR t=11370 src=mcu type=0x01 len=16 data=aaaa01180080000000000000feff4787
WFI t=11404 a=-1738,-3813,48 g=-1,5,-10
WFR t=11409 src=mcu type=0x01 len=16 data=aaab2e042f000000000000000000eb81
WFR t=11429 src=mcu type=0x01 len=16 data=aaac232c00000000000000000000bdef
WFI t=11454 a=-1743,-3810,44 g=-2,-3,-3
WFR t=11469 src=mcu type=0x01 len=16 data=aaad0048005f00021000000100801d27
WFR t=11490 src=mcu type=0x01 len=16 data=aaae55f04b0b18000000803a40005cef
WFI t=11504 a=-1753,-3804,38 g=-1,-12,2
WFR t=11509 src=mcu type=0x01 len=16 data=aaaf08610005460c2f78a00f090076a9
WFR t=11550 src=mcu type=0x01 len=16 data=aab001180080000000000000ffff608d
WFI t=11554 a=-1737,-3802,54 g=-9,-1,-7
WFR t=11569 src=mcu type=0x01 len=16 data=aab12d042f000000000000000000c91f
WFI t=11604 a=-1749,-3803,55 g=-1,6,-9
WFR t=11609 src=mcu type=0x01 len=16 data=aab2232c0000000000000000000095f1
WFR t=11629 src=mcu type=0x01 len=16 data=aab3014a02050030000488001b007188
WFI t=11654 a=-1740,-3823,46 g=-2,-9,0
WFR t=11669 src=mcu type=0x01 len=16 data=aab400009f0ca90c9a0c540600001589
WFR t=11689 src=mcu type=0x01 len=16 data=aab51b00e8517918060ead0ab0009c10
WFI t=11704 a=-1721,-3817,56 g=-4,-4,-3
WFR t=11710 src=mcu type=0x01 len=16 data=aab6050804080080cb020122f13fc622
WFR t=11750 src=mcu type=0x01 len=16 data=aa8001180080000000000100feff2111
WFI t=11754 a=-1743,-3812,43 g=-3,6,-11
WFR t=11759 src=bms type=0x02 len=129 data=d2037c0eed0eec0eed0eed0eed0eec0eed0eed0eeb0eec0eed0eee0ef10ef10ef10ef00ef10ef10ef20ef20ef10ef20ef30ef20ef10ef20ef20ef20000000000000000003d0000000000000000000000000000042e752f02ae0ef30eeb003d003d00000157001c0001001d0000000100010eef0008000a0000000000000000b451
WFR t=11769 src=mcu type=0x01 len=16 data=aa812e042f0000000000000000008ceb
WFI t=11804 a=-1759,-3816,46 g=-5,-10,1
WFR t=11809 src=mcu type=0x01 len=16 data=aa82232c00000000000000000000d401
WFR t=11829 src=mcu type=0x01 len=16 data=aa83000100011101b70111019f00058c
WFR t=11849 src=mcu type=0x01 len=16 data=aa840000090a10560001310051c45a55
WFI t=11854 a=-1725,-3819,47 g=-8,-9,-1
WFR t=11889 src=mcu type=0x01 len=16 data=aa8513088003e204080b1000507864d4
WFI t=11904 a=-1740,-3803,40 g=0,8,-14
WFR t=11910 src=mcu type=0x01 len=16 data=aa868403f4010400a00f8813c003f9eb
WFR t=11950 src=mcu type=0x01 len=16 data=aa870118008000000000ffffffff2a1e
WFI t=11954 a=-1751,-3820,49 g=-5,-5,-3
WFI t=12215 a=-1750,-3795,41 g=-3,-7,-5
WFR t=12231 src=mcu type=0x01 len=16 data=aa882e042f0000000000000000009122
WFI t=12231 a=-1770,-3820,43 g=-5,10,-17
WFR t=12231 src=mcu type=0x01 len=16 data=aa89232c00000000000000000000ce8a
WFR t=12231 src=mcu type=0x01 len=16 data=aa8a480c1c0207284901230020001521
WFR t=12231 src=mcu type=0x01 len=16 data=aa8b40005c03474c775419031a0e80f3
WFR t=12231 src=mcu type=0x01 len=16 data=aa8c2225bf0420034006b80b3e02672c
WFR t=12232 src=mcu type=0x01 len=16 data=aa8d800c800000006c07102780008244
WFR t=12232 src=mcu type=0x01 len=16 data=aa8e0118008000000000ffffffff37d7
WFR t=12232 src=bms type=0x02 len=129 data=d2037c0eed0eec0eed0eed0eed0eec0eed0eed0eeb0eec0eed0eee0ef10ef10ef10ef00ef10ef10ef20ef20ef10ef20ef30ef20ef10ef20ef20ef20000000000000000003d0000000000000000000000000000042e752f02ae0ef30eeb003d003d00000157001c0001001d0000000100010eef0008000a0000000000000000b451
WFR t=12232 src=mcu type=0x01 len=16 data=aa8f2e042f0000000000000000009a65
WFR t=12233 src=mcu type=0x01 len=16 data=aa90232c00000000000000000000edd3
WFI t=12233 a=-1769,-3815,47 g=-5,-1,-8
WFR t=12233 src=mcu type=0x01 len=16 data=aa910b000f00465a667332000b9ed1a0
WFI t=12235 a=-1769,-3815,47 g=-5,-1,-8
WFI t=12237 a=-1779,-3813,47 g=2,-7,-5
WFR t=12249 src=mcu type=0x01 len=16 data=aa92000000000000000000000000fbba
WFI t=12254 a=-1760,-3812,51 g=-6,-21,5
WFR t=12289 src=mcu type=0x01 len=16 data=aa93d804480804242c01c003214fe1ad
WFI t=12304 a=-1718,-3809,51 g=4,-19,9
WFR t=12309 src=mcu type=0x01 len=16 data=aa94f0f465fffffff8080d00412af645
WFR t=12330 src=mcu type=0x01 len=16 data=aa9501180080000000000000ffff13e8
WFI t=12354 a=-1738,-3810,41 g=0,14,-18
WFR t=12370 src=mcu type=0x01 len=16 data=aa962e042f000000000000000000b93c
WFR t=12389 src=mcu type=0x01 len=16 data=aa97232c00000000000000000000e694
WFI t=12404 a=-1743,-3813,35 g=-1,2,-6
WFR t=12429 src=mcu type=0x01 len=16 data=aa9807010200000056117eea00007aa4
WFR t=12450 src=mcu type=0x01 len=16 data=aa991d00ab04a08c64502748395e1e28
WFI t=12454 a=-1714,-3807,39 g=-1,-4,1
WFR t=12469 src=mcu type=0x01 len=16 data=aa9a646464625f5d5b5955010101d546
WFI t=12504 a=-1750,-3815,41 g=-4,1,-12
WFR t=12509 src=mcu type=0x01 len=16 data=aa9b0101010100000000fbfbecd30e91
WFR t=12530 src=mcu type=0x01 len=16 data=aa9c01180080000000000000ffff0e21
WFI t=12554 a=-1753,-3795,41 g=-5,-19,6
WFR t=12570 src=mcu type=0x01 len=16 data=aa9d2e042f000000000000000000a3b7
WFR t=12589 src=mcu type=0x01 len=16 data=aa9e232c00000000000000000000fb5d
WFI t=12604 a=-1723,-3800,33 g=1,1,-2
WFR t=12609 src=mcu type=0x01 len=16 data=aa9fb5a1b0bfd800000000000000dfe1
WFR t=12649 src=mcu type=0x01 len=16 data=aaa000000000020c000035006a00d1bd
WFI t=12654 a=-1754,-3812,42 g=-4,16,-20
WFR t=12660 src=bms type=0x02 len=129 data=d2037c0eed0eec0eed0eed0eed0eec0eed0eed0eec0eec0eed0eee0ef10ef10ef10ef00ef10ef10ef20ef20ef20ef20ef30ef30ef10ef20ef20ef20000000000000000003d0000000000000000000000000000042e752f02ae0ef30eec003d003d00000157001c0001001d0000000100010eef0007000a00000000000000004502
WFR t=12669 src=mcu type=0x01 len=16 data=aaa188044a5357583036323430360894
WFI t=12704 a=-1770,-3817,50 g=-1,-16,7
WFR t=12709 src=mcu type=0x01 len=16 data=aaa231344e4242463930333500005e71
WFR t=12730 src=mcu type=0x01 len=16 data=aaa30118008000000000fffffeff5a6a
WFR t=12750 src=mcu type=0x01 len=16 data=aaa42e042f000000000000000000ff8e
WFI t=12754 a=-1712,-3812,48 g=-2,-12,0
WFR t=12789 src=mcu type=0x01 len=16 data=aaa5232c00000000000000000000a026
WFI t=12804 a=-1751,-3810,47 g=-3,7,-16
WFR t=12809 src=mcu type=0x01 len=16 data=aaa6000000000000000000000000b4ce
WFI t=12854 a=-1767,-3812,51 g=-5,-8,1
WFR t=12870 src=mcu type=0x01 len=16 data=aaa7000000000000000000000000b64f
WFR t=12871 src=mcu type=0x01 len=16 data=aaa801801b000000400052a8194013c9
WFI t=12904 a=-1714,-3818,46 g=-1,5,-8
WFR t=12909 src=mcu type=0x01 len=16 data=aaa9028288135c4488132400ec02f999
WFR t=12930 src=mcu type=0x01 len=16 data=aaaa01180080000000000000ffff4617
WFR t=12949 src=mcu type=0x01 len=16 data=aaab2e042f000000000000000000eb81
WFI t=12954 a=-1761,-3804,57 g=-3,-3,-10
WFR t=12989 src=mcu type=0x01 len=16 data=aaac232c00000000000000000000bdef
WFI t=13004 a=-1738,-3809,47 g=1,-14,7
WFR t=13009 src=mcu type=0x01 len=16 data=aaad0048005f00021000000100801d27
WFR t=13019 src=bms type=0x02 len=129 data=d2037c0eed0eec0eed0eed0eed0eec0eed0eed0eec0eec0eed0eee0ef10ef10ef10ef00ef10ef10ef20ef20ef20ef20ef30ef30ef10ef20ef20ef20000000000000000003d0000000000000000000000000000042e752f02ae0ef30eec003d003d00000157001c0001001d0000000100010eef0007000a00000000000000004502
WFR t=13049 src=mcu type=0x01 len=16 data=aaae55f04b0b18000000803a40005cef
WFI t=13054 a=-1733,-3823,63 g=-4,5,-13
WFR t=13069 src=mcu type=0x01 len=16 data=aaaf08610005460c2f78a00f090076a9
WFR t=13090 src=mcu type=0x01 len=16 data=aab001180080000000000000ffff608d
WFI t=13104 a=-1759,-3811,36 g=-4,3,-7
WFR t=13130 src=mcu type=0x01 len=16 data=aab12e042f000000000000000000cd1b
WFR t=13149 src=mcu type=0x01 len=16 data=aab2232c0000000000000000000095f1
WFI t=13154 a=-1731,-3814,48 g=-3,-13,6
WFR t=13189 src=mcu type=0x01 len=16 data=aab3014a02050030000488001b007188
WFI t=13204 a=-1725,-3811,38 g=-2,2,-12
WFR t=13209 src=mcu type=0x01 len=16 data=aab400009f0ca90c9a0c540600001589
WFR t=13230 src=mcu type=0x01 len=16 data=aab51b00e8517918060ebc0ab000992c
WFI t=13254 a=-1761,-3807,41 g=-1,-2,-7
WFR t=13269 src=mcu type=0x01 len=16 data=aab6050804080080cb020122f13fc622
WFR t=13290 src=mcu type=0x01 len=16 data=aa8001180080000000000000ffff217d
WFI t=13304 a=-1741,-3813,37 g=0,-11,5
WFR t=13330 src=mcu type=0x01 len=16 data=aa812e042f0000000000000000008ceb
WFR t=13349 src=mcu type=0x01 len=16 data=aa82232c00000000000000000000d401
WFI t=13354 a=-1727,-3814,44 g=-5,7,-15
WFR t=13389 src=mcu type=0x01 len=16 data=aa83000100011101b70111019f00058c
WFI t=13404 a=-1761,-3791,45 g=-8,-2,-3
WFR t=13410 src=mcu type=0x01 len=16 data=aa840000090a10560001310051c45a55
WFR t=13429 src=mcu type=0x01 len=16 data=aa8513088003e204080b1000507864d4
WFR t=13439 src=bms type=0x02 len=129 data=d2037c0eed0eec0eed0eec0eed0eed0eed0eed0eec0eec0eed0eee0ef10ef10ef10ef00ef10ef10ef30ef20ef10ef20ef30ef30ef10ef20ef20ef20000000000000000003d0000000000000000000000000000042e752f02ae0ef30eec003d003d00000157001c0001001d0000000100010eef0007000a00000000000000001bc7
WFI t=13454 a=-1741,-3803,45 g=-4,-10,0
WFR t=13470 src=mcu type=0x01 len=16 data=aa868403f4010400a00f8813c003f9eb
WFR t=13490 src=mcu type=0x01 len=16 data=aa8701180080000000000000feff2baa
WFI t=13504 a=-1748,-3808,47 g=-8,0,-10
WFR t=13530 src=mcu type=0x01 len=16 data=aa882e042f0000000000000000009122
WFR t=13549 src=mcu type=0x01 len=16 data=aa89232c00000000000000000000ce8a
WFI t=13554 a=-1748,-3810,50 g=-3,-6,0
WFR t=13569 src=mcu type=0x01 len=16 data=aa8a480c1c0207284901230020001521
WFI t=13614 a=-1726,-3816,51 g=-1,7,-8
WFR t=13614 src=mcu type=0x01 len=16 data=aa8b40005c03474c775419031a0e80f3
WFR t=13629 src=mcu type=0x01 len=16 data=aa8c2225bf0420034006b80b3e02672c
WFI t=13654 a=-1763,-3807,32 g=-7,3,-12
WFR t=13669 src=mcu type=0x01 len=16 data=aa8d800c800000006c07102780008244
WFR t=13690 src=mcu type=0x01 len=16 data=aa8e01180080000000000000feff3663
WFI t=13704 a=-1746,-3816,41 g=-3,-22,10
WFR t=13710 src=mcu type=0x01 len=16 data=aa8f2e042f0000000000000000009a65
WFR t=13749 src=mcu type=0x01 len=16 data=aa90232c00000000000000000000edd3
WFI t=13754 a=-1731,-3804,53 g=-1,1,-6
WFR t=13770 src=mcu type=0x01 len=16 data=aa910b000f00465a667332000b9ed1a0
WFI t=13804 a=-1744,-3808,51 g=-1,16,-19
WFR t=13809 src=mcu type=0x01 len=16 data=aa92000000000000000000000000fbba
WFR t=13830 src=mcu type=0x01 len=16 data=aa93d804480804242c01c003214fe1ad
WFR t=13845 src=bms type=0x02 len=129 data=d2037c0eed0eec0eed0eec0eed0eed0eed0eed0eec0eec0eed0eee0ef10ef10ef10ef00ef10ef10ef30ef20ef10ef20ef30ef30ef10ef20ef20ef20000000000000000003d0000000000000000000000000000042e752f02ae0ef30eec003d003d00000157001c0001001d0000000100010eef0007000a00000000000000001bc7
WFR t=13849 src=mcu type=0x01 len=16 data=aa94f0f465fffffff8080d00412af645
WFI t=13854 a=-1759,-3810,48 g=-1,-7,2
WFR t=13890 src=mcu type=0x01 len=16 data=aa950118008000000000ffffffff13cc
WFI t=13904 a=-1739,-3805,38 g=-8,-16,2
WFR t=13910 src=mcu type=0x01 len=16 data=aa962e042f000000000000000000b93c
WFR t=13950 src=mcu type=0x01 len=16 data=aa97232c00000000000000000000e694
WFI t=13954 a=-1744,-3816,49 g=-5,0,-6
WFR t=13969 src=mcu type=0x01 len=16 data=aa9807010200000056117eea00007aa4
WFR t=14083 src=mcu type=0x01 len=16 data=aa991d00ab04a08c64502748395e1e28
WFR t=14083 src=mcu type=0x01 len=16 data=aa9a646464625f5d5b5955010101d546
WFR t=14084 src=mcu type=0x01 len=16 data=aa9b0101010100000000fbfbecd30e91
WFI t=14098 a=-1740,-3809,47 g=0,4,-6
WFI t=14234 a=-1737,-3811,43 g=-3,0,-4
WFR t=14249 src=mcu type=0x01 len=16 data=aa9c01180080000000000000feff0fb1
WFR t=14250 src=mcu type=0x01 len=16 data=aa9d2e042f000000000000000000a3b7
WFI t=14250 a=-1763,-3810,53 g=-1,1,-6
WFR t=14250 src=mcu type=0x01 len=16 data=aa9e232c00000000000000000000fb5d
WFR t=14250 src=mcu type=0x01 len=16 data=aa9fb5a1b0bfd800000000000000dfe1
WFR t=14250 src=mcu type=0x01 len=16 data=aaa000000000020c000035006a00d1bd
WFR t=14250 src=mcu type=0x01 len=16 data=aaa188044a5357583036323430360894
WFR t=14250 src=mcu type=0x01 len=16 data=aaa231344e4242463930333500005e71
WFI t=14252 a=-1752,-3816,51 g=-3,0,-4
WFI t=14254 a=-1734,-3816,45 g=-1,-2,-1
WFI t=14257 a=-1734,-3816,45 g=-1,-2,-1
WFR t=14290 src=mcu type=0x01 len=16 data=aaa301180080000000000000ffff5bde
WFI t=14304 a=-1736,-3807,39 g=-6,-8,-4
WFR t=14310 src=mcu type=0x01 len=16 data=aaa42e042f000000000000000000ff8e
WFR t=14329 src=mcu type=0x01 len=16 data=aaa5232c00000000000000000000a026
WFI t=14354 a=-1763,-3814,36 g=0,1,-5
WFR t=14370 src=mcu type=0x01 len=16 data=aaa6000000000000000000000000b4ce
WFR t=14389 src=mcu type=0x01 len=16 data=aaa7000000000000000000000000b64f
WFR t=14399 src=bms type=0x02 len=129 data=d2037c0eed0eec0eed0eed0eed0eec0eed0eed0eec0eec0eed0eee0ef10ef10ef10ef00ef10ef20ef30ef20ef20ef20ef30ef30ef10ef20ef20ef20000000000000000003d0000000000000000000000000000042e752f02ae0ef30eec003d003d00000157001c0001001d0000000100010eef0007000a0000000000000000df82
WFI t=14404 a=-1738,-3810,39 g=-6,6,-8
WFR t=14430 src=mcu type=0x01 len=16 data=aaa801801b000000400052a8194013c9
WFR t=14449 src=mcu type=0x01 len=16 data=aaa9028288135c4488132400ec02f999
WFI t=14454 a=-1748,-3806,49 g=-4,-5,-6
WFR t=14490 src=mcu type=0x01 len=16 data=aaaa01180080000000000000feff4787
WFI t=14504 a=-1749,-3816,50 g=-2,-8,1
WFR t=14510 src=mcu type=0x01 len=16 data=aaab2d042f000000000000000000ef85
WFR t=14529 src=mcu type=0x01 len=16 data=aaac232c00000000000000000000bdef
WFI t=14554 a=-1734,-3812,50 g=-2,7,-9
WFR t=14569 src=mcu type=0x01 len=16 data=aaad0048005f00021000000100801d27
WFI t=14604 a=-1761,-3814,35 g=-9,0,-9
WFR t=14610 src=mcu type=0x01 len=16 data=aaae55f04b0b18000000803a40005cef
WFR t=14629 src=mcu type=0x01 len=16 data=aaaf08610005460c2f78a00f090076a9
WFR t=14650 src=mcu type=0x01 len=16 data=aab001180080000000000000ffff608d
WFI t=14654 a=-1743,-3811,31 g=0,-13,5
WFR t=14670 src=mcu type=0x01 len=16 data=aab12d042f000000000000000000c91f
WFI t=14704 a=-1726,-3806,39 g=-8,-5,-5
WFR t=14710 src=mcu type=0x01 len=16 data=aab2232c0000000000000000000095f1
WFR t=14730 src=mcu type=0x01 len=16 data=aab3014a02050030000488001b007188
WFI t=14754 a=-1761,-3810,45 g=0,10,-10
WFR t=14770 src=mcu type=0x01 len=16 data=aab400009f0ca90c9a0c540600001589
WFR t=14790 src=mcu type=0x01 len=16 data=aab51b00e8517918060eee0ab0008994
WFI t=14804 a=-1744,-3803,46 g=-4,2,-8
WFR t=14805 src=bms type=0x02 len=129 data=d2037c0eed0eec0eed0eed0eed0eec0eed0eed0eec0eec0eed0eee0ef10ef10ef10ef00ef10ef20ef30ef20ef20ef20ef30ef30ef10ef20ef20ef20000000000000000003d0000000000000000000000000000042e752f02ae0ef30eec003d003d00000157001c0001001d0000000100010eef0007000a0000000000000000df82
WFR t=14809 src=mcu type=0x01 len=16 data=aab6050804080080cb020122f13fc622
WFR t=14850 src=mcu type=0x01 len=16 data=aa8001180080000000000000ffff217d
WFI t=14854 a=-1741,-3810,38 g=-4,-2,-5
WFR t=14870 src=mcu type=0x01 len=16 data=aa812e042f0000000000000000008ceb
WFI t=14904 a=-1748,-3811,42 g=-2,-10,2
WFR t=14910 src=mcu type=0x01 len=16 data=aa82232c00000000000000000000d401
WFR t=14929 src=mcu type=0x01 len=16 data=aa83000100011101b70111019f00058c
WFR t=14949 src=mcu type=0x01 len=16 data=aa840000090a10560001310051c45a55
WFI t=14954 a=-1743,-3814,38 g=-1,-13,2
WFR t=14990 src=mcu type=0x01 len=16 data=aa8513088003e204080b1000507864d4
WFI t=15004 a=-1739,-3807,41 g=-4,3,-2
WFR t=15010 src=mcu type=0x01 len=16 data=aa868403f4010400a00f8813c003f9eb
WFR t=15050 src=mcu type=0x01 len=16 data=aa8701180080000000000000ffff2a3a
WFI t=15054 a=-1746,-3800,39 g=-3,2,-10
WFR t=15070 src=mcu type=0x01 len=16 data=aa882e042f0000000000000000009122
WFI t=15104 a=-1740,-3811,68 g=-2,22,16
WFR t=15110 src=mcu type=0x01 len=16 data=aa89232c00000000000000000000ce8a
WFR t=15129 src=mcu type=0x01 len=16 data=aa8a480c1c0207284901230020001521
WFR t=15150 src=mcu type=0x01 len=16 data=aa8b40005c03474c775419031a0e80f3
WFI t=15154 a=-1737,-3803,11 g=-1,47,-24
WFR t=15190 src=mcu type=0x01 len=16 data=aa8c2225bf0420034006b80b3e02672c
WFR t=15195 src=bms type=0x02 len=129 data=d2037c0eed0eec0eed0eed0eed0eec0eed0eed0eec0eec0eed0eee0ef10ef10ef10ef00ef10ef20ef30ef20ef20ef20ef30ef30ef10ef20ef20ef20000000000000000003d0000000000000000000000000000042e752f02ae0ef30eec003d003d00000157001c0001001d0000000100010eef0007000a0000000000000000df82
WFI t=15204 a=-1789,-3816,55 g=-5,1,-3
WFR t=15210 src=mcu type=0x01 len=16 data=aa8d800c800000006c07102780008244
WFR t=15250 src=mcu type=0x01 len=16 data=aa8e0118008000000000ffffffff37d7
WFI t=15254 a=-1721,-3809,24 g=-7,-49,10
WFR t=15270 src=mcu type=0x01 len=16 data=aa8f2e042f0000000000000000009a65
WFR t=15289 src=mcu type=0x01 len=16 data=aa90232c00000000000000000000edd3
WFI t=15304 a=-1737,-3815,51 g=-1,-25,-25
WFR t=15330 src=mcu type=0x01 len=16 data=aa910b000f00465a667332000b9ed1a0
WFR t=15349 src=mcu type=0x01 len=16 data=aa92000000000000000000000000fbba
WFI t=15354 a=-1770,-3804,38 g=-8,-32,-11
WFT t=15383 batt_mv=4182 rssi_mcu=-76 rssi_bms=-83 mcu=548 bms=37 dropped=0
WFR t=15390 src=mcu type=0x01 len=16 data=aa93d804480804242c01c003214fe1ad
WFI t=15404 a=-1729,-3817,46 g=-3,-18,5
WFR t=15430 src=mcu type=0x01 len=16 data=aa94f0f465fffffff8080d00412af645
WFR t=15430 src=mcu type=0x01 len=16 data=aa9501180080000000000000ffff13e8
WFI t=15454 a=-1751,-3811,52 g=-5,-13,-15
WFR t=15470 src=mcu type=0x01 len=16 data=aa962e042f000000000000000000b93c
WFR t=15490 src=mcu type=0x01 len=16 data=aa97232c00000000000000000000e694
WFI t=15504 a=-1755,-3822,47 g=3,13,5
WFR t=15530 src=mcu type=0x01 len=16 data=aa9807010200000056117eea00007aa4
WFR t=15550 src=mcu type=0x01 len=16 data=aa991d00ab04a08c64502748395e1e28
WFI t=15554 a=-1723,-3815,41 g=-4,5,-12
WFR t=15590 src=mcu type=0x01 len=16 data=aa9a646464625f5d5b5955010101d546
WFR t=15600 src=bms type=0x02 len=129 data=d2037c0eed0eec0eed0eed0eed0eec0eed0eed0eec0eec0eed0eee0ef10ef10ef10ef00ef10ef10ef20ef20ef20ef20ef30ef30ef10ef20ef20ef20000000000000000003d0000000000000000000000000000042e753002ae0ef30eec003d003d00000157001c0001001d0000000100010eef0007000000000000000000007429
WFI t=15604 a=-1748,-3809,52 g=4,27,-6
WFR t=15610 src=mcu type=0x01 len=16 data=aa9b0101010100000000fbfbecd30e91
WFR t=15630 src=mcu type=0x01 len=16 data=aa9c01180080000000000000ffff0e21
WFI t=15654 a=-1758,-3810,39 g=-12,-35,1
WFR t=15670 src=mcu type=0x01 len=16 data=aa9d2e042f000000000000000000a3b7
WFR t=15690 src=mcu type=0x01 len=16 data=aa9e232c00000000000000000000fb5d
WFI t=15704 a=-1719,-3809,48 g=2,-27,12
WFR t=15730 src=mcu type=0x01 len=16 data=aa9fb5a1b0bfd800000000000000dfe1
WFR t=15750 src=mcu type=0x01 len=16 data=aaa000000000020c000035006a00d1bd
WFI t=15754 a=-1725,-3815,51 g=-5,4,-22
WFR t=15770 src=mcu type=0x01 len=16 data=aaa188044a5357583036323430360894
WFI t=15804 a=-1763,-3812,67 g=4,33,-20
WFR t=15810 src=mcu type=0x01 len=16 data=aaa231344e4242463930333500005e71
WFR t=15830 src=mcu type=0x01 len=16 data=aaa301180080000000000000feff5a4e
WFI t=15854 a=-1750,-3812,36 g=-3,11,-7
WFR t=15870 src=mcu type=0x01 len=16 data=aaa42e042f000000000000000000ff8e
WFR t=15890 src=mcu type=0x01 len=16 data=aaa5232c00000000000000000000a026
WFI t=15904 a=-1758,-3806,40 g=2,-19,8
WFR t=15910 src=mcu type=0x01 len=16 data=aaa6000000000000000000000000b4ce
WFR t=15950 src=mcu type=0x01 len=16 data=aaa7000000000000000000000000b64f
WFI t=15954 a=-1736,-3806,38 g=-3,-38,22
WFR t=15970 src=mcu type=0x01 len=16 data=aaa801801b000000400052a8194013c9
WFI t=16108 a=-1724,-3808,38 g=0,28,-29
WFR t=16108 src=mcu type=0x01 len=16 data=aaa9028288135c4488132400ec02f999
WFR t=16109 src=mcu type=0x01 len=16 data=aaaa01180080000000000000feff4787
WFI t=16110 a=-1773,-3805,42 g=-3,-7,-2
WFR t=16110 src=bms type=0x02 len=129 data=d2037c0eed0eec0eed0eed0eed0eec0eed0eed0eec0eec0eed0eee0ef10ef10ef10ef00ef10ef10ef20ef20ef20ef20ef30ef30ef10ef20ef20ef20000000000000000003d0000000000000000000000000000042e753002ae0ef30eec003d003d00000157001c0001001d0000000100010eef0007000000000000000000007429
WFR t=16110 src=mcu type=0x01 len=16 data=aaab2e042f000000000000000000eb81
WFR t=16110 src=mcu type=0x01 len=16 data=aaac232c00000000000000000000bdef
WFR t=16110 src=mcu type=0x01 len=16 data=aaad0048005f00021000000100801d27
WFI t=16112 a=-1754,-3804,49 g=-4,-15,1
WFR t=16150 src=mcu type=0x01 len=16 data=aaae55f04b0b18000000803a40005cef
WFI t=16154 a=-1745,-3815,43 g=-6,-41,11
WFR t=16170 src=mcu type=0x01 len=16 data=aaaf08610005460c2f78a00f090076a9
WFI t=16204 a=-1740,-3814,46 g=3,-6,5
WFR t=16210 src=mcu type=0x01 len=16 data=aab001180080000000000000ffff608d
WFR t=16230 src=mcu type=0x01 len=16 data=aab12e042f000000000000000000cd1b
WFR t=16250 src=mcu type=0x01 len=16 data=aab2232c0000000000000000000095f1
WFI t=16254 a=-1730,-3809,53 g=3,10,-15
WFR t=16290 src=mcu type=0x01 len=16 data=aab3014a02050030000488001b007188
WFI t=16304 a=-1745,-3806,31 g=1,28,-15
WFR t=16310 src=mcu type=0x01 len=16 data=aab400009f0ca90c9a0c540600001589
WFR t=16350 src=mcu type=0x01 len=16 data=aab51b00e8517918060efd0ab0008d10
WFI t=16354 a=-1753,-3819,35 g=-2,5,-12
WFR t=16402 src=mcu type=0x01 len=16 data=aab6050804080080cb020122f13fc622
WFR t=16403 src=mcu type=0x01 len=16 data=aa8001180080000000000000ffff217d
WFI t=16414 a=-1740,-3813,35 g=-5,-31,15
WFR t=16425 src=bms type=0x02 len=129 data=d2037c0eed0eec0eed0eed0eed0eec0eed0eed0eec0eed0eed0eee0ef10ef10ef10ef00ef10ef10ef20ef20ef20ef30ef30ef30ef10ef20ef20ef20000000000000000003d0000000000000000000000000000042e752f02ae0ef30eec003d003d00000157001c0001001d0000000100010eef0007000a0000000000000000bc97
WFR t=16430 src=mcu type=0x01 len=16 data=aa812e042f0000000000000000008ceb
WFR t=16450 src=mcu type=0x01 len=16 data=aa82232c00000000000000000000d401
WFI t=16454 a=-1725,-3802,47 g=-6,-26,7
WFR t=16490 src=mcu type=0x01 len=16 data=aa83000100011101b70111019f00058c
WFI t=16504 a=-1737,-3812,44 g=0,5,-15
WFR t=16510 src=mcu type=0x01 len=16 data=aa840000090a10560001310051c45a55
WFR t=16530 src=mcu type=0x01 len=16 data=aa8513088003e204080b1000507864d4
WFI t=16554 a=-1746,-3803,48 g=-2,14,-14
WFR t=16570 src=mcu type=0x01 len=16 data=aa868403f4010400a00f8813c003f9eb
WFR t=16590 src=mcu type=0x01 len=16 data=aa8701180080000000000000ffff2a3a
WFI t=16605 a=-1750,-3806,41 g=-3,24,-16
WFR t=16630 src=mcu type=0x01 len=16 data=aa882e042f0000000000000000009122
WFR t=16650 src=mcu type=0x01 len=16 data=aa89232c00000000000000000000ce8a
WFI t=16654 a=-1771,-3817,29 g=-1,0,-5
WFR t=16690 src=mcu type=0x01 len=16 data=aa8a480c1c0207284901230020001521
WFI t=16704 a=-1742,-3820,34 g=-6,-36,22
WFR t=16710 src=mcu type=0x01 len=16 data=aa8b40005c03474c775419031a0e80f3
WFR t=16730 src=mcu type=0x01 len=16 data=aa8c2225bf0420034006b80b3e02672c
WFI t=16754 a=-1710,-3803,42 g=-11,-13,0
WFR t=16770 src=mcu type=0x01 len=16 data=aa8d800c800000006c07102780008244
WFR t=16790 src=mcu type=0x01 len=16 data=aa8e0118008000000000ffffffff37d7
WFI t=16804 a=-1750,-3820,44 g=0,22,-25
WFR t=16815 src=bms type=0x02 len=129 data=d2037c0eed0eec0eed0eed0eed0eec0eed0eed0eec0eed0eed0eee0ef10ef10ef10ef00ef10ef10ef20ef20ef20ef30ef30ef30ef10ef20ef20ef20000000000000000003d0000000000000000000000000000042e752f02ae0ef30eec003d003d00000157001c0001001d0000000100010eef0007000a0000000000000000bc97
WFR t=16830 src=mcu type=0x01 len=16 data=aa8f2e042f0000000000000000009a65
WFR t=16850 src=mcu type=0x01 len=16 data=aa90232c00000000000000000000edd3
WFI t=16854 a=-1753,-3812,41 g=4,16,-14
WFR t=16870 src=mcu type=0x01 len=16 data=aa910b000f00465a667332000b9ed1a0
WFI t=16904 a=-1735,-3808,38 g=-7,3,-4
WFR t=16910 src=mcu type=0x01 len=16 data=aa92000000000000000000000000fbba
WFR t=16930 src=mcu type=0x01 len=16 data=aa93d804480804242c01c003214fe1ad
WFI t=16954 a=-1770,-3806,38 g=-2,-26,7
WFR t=16970 src=mcu type=0x01 len=16 data=aa94f0f465fffffff8080d00412af645
WFR t=16990 src=mcu type=0x01 len=16 data=aa9501180080000000000000feff1278
WFI t=17005 a=-1738,-3807,40 g=-4,-25,12
WFR t=17010 src=mcu type=0x01 len=16 data=aa962e042f000000000000000000b93c
WFR t=17050 src=mcu type=0x01 len=16 data=aa97232c00000000000000000000e694
WFI t=17055 a=-1729,-3817,51 g=-7,6,-16
WFR t=17070 src=mcu type=0x01 len=16 data=aa9807010200000056117eea00007aa4
WFI t=17104 a=-1765,-3811,40 g=-4,30,-29
WFR t=17110 src=mcu type=0x01 len=16 data=aa991d00ab04a08c64502748395e1e28
WFR t=17130 src=mcu type=0x01 len=16 data=aa9a646464625f5d5b5955010101d546
WFI t=17154 a=-1771,-3800,33 g=-3,0,-9
WFR t=17170 src=mcu type=0x01 len=16 data=aa9b0101010100000000fbfbecd30e91
WFR t=17190 src=mcu type=0x01 len=16 data=aa9c01180080000000000000feff0fb1
WFI t=17204 a=-1750,-3806,35 g=-4,-30,10
WFR t=17210 src=mcu type=0x01 len=16 data=aa9d2e042f000000000000000000a3b7
WFR t=17220 src=bms type=0x02 len=129 data=d2037c0eed0eec0eed0eed0eed0eec0eed0eed0eec0eed0eed0eee0ef10ef10ef10ef00ef10ef10ef20ef20ef20ef30ef30ef30ef10ef20ef20ef20000000000000000003d0000000000000000000000000000042e752f02ae0ef30eec003d003d00000157001c0001001d0000000100010eef0007000a0000000000000000bc97
WFR t=17250 src=mcu type=0x01 len=16 data=aa9e232c00000000000000000000fb5d
WFI t=17254 a=-1732,-3816,47 g=-1,-22,10
WFR t=17270 src=mcu type=0x01 len=16 data=aa9fb5a1b0bfd800000000000000dfe1
WFI t=17304 a=-1725,-3817,38 g=-2,10,-10
WFR t=17310 src=mcu type=0x01 len=16 data=aaa000000000020c000035006a00d1bd
WFR t=17330 src=mcu type=0x01 len=16 data=aaa188044a5357583036323430360894
WFR t=17350 src=mcu type=0x01 len=16 data=aaa231344e4242463930333500005e71
WFI t=17354 a=-1754,-3807,50 g=-4,16,-20
WFR t=17390 src=mcu type=0x01 len=16 data=aaa301180080000000000000ffff5bde
WFI t=17404 a=-1752,-3807,37 g=0,14,-10
WFR t=17410 src=mcu type=0x01 len=16 data=aaa42d042f000000000000000000fb8a
WFR t=17450 src=mcu type=0x01 len=16 data=aaa5232c00000000000000000000a026
WFI t=17454 a=-1756,-3806,49 g=-3,-19,1
WFR t=17470 src=mcu type=0x01 len=16 data=aaa6000000000000000000000000b4ce
WFR t=17490 src=mcu type=0x01 len=16 data=aaa7000000000000000000000000b64f
WFI t=17504 a=-1745,-3808,42 g=-6,-30,15
WFR t=17530 src=mcu type=0x01 len=16 data=aaa801801b000000400052a8194013c9
WFR t=17550 src=mcu type=0x01 len=16 data=aaa9028288135c4488132400ec02f999
WFI t=17554 a=-1715,-3810,47 g=-8,0,-5
WFR t=17590 src=mcu type=0x01 len=16 data=aaaa01180080000000000000ffff4617
WFI t=17604 a=-1748,-3812,39 g=-4,16,-22
WFR t=17610 src=mcu type=0x01 len=16 data=aaab2d042f000000000000000000ef85
WFR t=17625 src=bms type=0x02 len=129 data=d2037c0eed0eec0eed0eed0eed0eec0eed0eed0eec0eed0eed0eee0ef10ef10ef10ef00ef10ef10ef20ef20ef20ef30ef20ef30ef10ef20ef20ef20000000000000000003d0000000000000000000000000000042e752f02ae0ef30eec003d003d00000157001c0001001d0000000100010eef0007000a00000000000000004d37
WFR t=17630 src=mcu type=0x01 len=16 data=aaac232c00000000000000000000bdef
WFI t=17655 a=-1738,-3811,47 g=0,3,-8
WFR t=17670 src=mcu type=0x01 len=16 data=aaad0048005f00021000000100801d27
WFR t=17690 src=mcu type=0x01 len=16 data=aaae55f04b0b18000000803a40005cef
WFI t=17704 a=-1740,-3814,41 g=0,-4,-4
WFR t=17730 src=mcu type=0x01 len=16 data=aaaf08610005460c2f78a00f090076a9
WFR t=17750 src=mcu type=0x01 len=16 data=aab001180080000000000000feff611d
WFI t=17754 a=-1746,-3807,43 g=-1,-17,4
WFR t=17790 src=mcu type=0x01 len=16 data=aab12e042f000000000000000000cd1b
WFI t=17804 a=-1728,-3804,35 g=-2,-13,6
WFR t=17810 src=mcu type=0x01 len=16 data=aab2232c0000000000000000000095f1
WFR t=17830 src=mcu type=0x01 len=16 data=aab3014a02050030000488001b007188
WFI t=17854 a=-1733,-3812,55 g=-8,8,-18
WFR t=17870 src=mcu type=0x01 len=16 data=aab400009f0ca90c9a0c540600001589
WFR t=17890 src=mcu type=0x01 len=16 data=aab51b00e8517918060efd0ab0008d10
WFI t=17904 a=-1745,-3816,45 g=-3,2,-10
WFR t=17930 src=mcu type=0x01 len=16 data=aab6050804080080cb020122f13fc622
WFR t=17950 src=mcu type=0x01 len=16 data=aa8001180080000000000000ffff217d
WFI t=17954 a=-1726,-3805,42 g=5,0,-2
WFR t=17970 src=mcu type=0x01 len=16 data=aa812d042f00000000000000000088ef
WFR t=18026 src=mcu type=0x01 len=16 data=aa82232c00000000000000000000d401
WFR t=18026 src=bms type=0x02 len=129 data=d2037c0eed0eec0eed0eed0eed0eec0eed0eed0eec0eed0eed0eee0ef10ef10ef10ef00ef10ef10ef20ef20ef20ef30ef20ef30ef10ef20ef20ef20000000000000000003d0000000000000000000000000000042e752f02ae0ef30eec003d003d00000157001c0001001d0000000100010eef0007000a00000000000000004d37
WFI t=18102 a=-1746,-3802,46 g=-2,-4,-7
WFR t=18102 src=mcu type=0x01 len=16 data=aa83000100011101b70111019f00058c
WFI t=18151 a=-1721,-3800,42 g=0,-16,9
WFR t=18151 src=mcu type=0x01 len=16 data=aa840000090a10560001310051c45a55
WFR t=18152 src=mcu type=0x01 len=16 data=aa8513088003e204080b1000507864d4
WFR t=18160 src=mcu type=0x01 len=16 data=aa868403f4010400a00f8813c003f9eb
WFR t=18162 src=mcu type=0x01 len=16 data=aa8701180080000000000000ffff2a3a
WFI t=18164 a=-1731,-3804,43 g=-5,18,-21
WFI t=18166 a=-1743,-3810,37 g=-3,21,-23
WFR t=18171 src=mcu type=0x01 len=16 data=aa882d042f0000000000000000009526
WFI t=18271 a=-1735,-3812,55 g=0,-10,2
WFI t=18350 a=-1728,-3815,41 g=-3,-10,0
WFR t=18351 src=mcu type=0x01 len=16 data=aa89232c00000000000000000000ce8a
WFR t=18351 src=mcu type=0x01 len=16 data=aa8a480c1c0207284901230020001521
WFR t=18352 src=mcu type=0x01 len=16 data=aa8b40005c03474c775419031a0e80f3
WFI t=18352 a=-1762,-3817,42 g=-6,-21,6
WFR t=18352 src=mcu type=0x01 len=16 data=aa8c2225bf0420034006b80b3e02672c
WFR t=18353 src=mcu type=0x01 len=16 data=aa8d800c800000006c07102780008244
WFR t=18353 src=mcu type=0x01 len=16 data=aa8e01180080000000000000feff3663
WFI t=18354 a=-1762,-3817,42 g=-6,-21,6
WFR t=18370 src=mcu type=0x01 len=16 data=aa8f2d042f0000000000000000009e61
WFI t=18404 a=-1713,-3819,37 g=-1,7,-5
WFR t=18410 src=mcu type=0x01 len=16 data=aa90232c00000000000000000000edd3
WFR t=18430 src=mcu type=0x01 len=16 data=aa910b000f00465a667332000b9ed1a0
WFR t=18450 src=mcu type=0x01 len=16 data=aa92000000000000000000000000fbba
WFI t=18454 a=-1766,-3821,39 g=-5,18,-23
WFR t=18490 src=mcu type=0x01 len=16 data=aa93d804480804242c01c003214fe1ad
WFI t=18504 a=-1762,-3809,41 g=-3,-10,2
WFR t=18510 src=mcu type=0x01 len=16 data=aa94f0f465fffffff8080d00412af645
WFR t=18550 src=mcu type=0x01 len=16 data=aa9501180080000000000000feff1278
WFI t=18554 a=-1747,-3821,36 g=-1,-19,4
WFR t=18555 src=bms type=0x02 len=129 data=d2037c0eed0eec0eed0eed0eed0eec0eed0eed0eec0eec0eed0eee0ef10ef10ef10ef00ef10ef10ef30ef20ef20ef20ef30ef30ef10ef20ef20ef20000000000000000003d0000000000000000000000000000042e752f02ae0ef30eec003d003d00000157001c0001001d0000000100010eef0007000a00000000000000002b80
WFR t=18570 src=mcu type=0x01 len=16 data=aa962d042f000000000000000000bd38
WFR t=18590 src=mcu type=0x01 len=16 data=aa97232c00000000000000000000e694
WFI t=18604 a=-1738,-3817,36 g=-3,6,-10
WFR t=18630 src=mcu type=0x01 len=16 data=aa9807010200000056117eea00007aa4
WFR t=18650 src=mcu type=0x01 len=16 data=aa991d00ab04a08c64502748395e1e28
WFI t=18654 a=-1745,-3816,36 g=-2,2,-12
WFR t=18690 src=mcu type=0x01 len=16 data=aa9a646464625f5d5b5955010101d546
WFI t=18704 a=-1750,-3795,48 g=-4,-8,-2
WFR t=18710 src=mcu type=0x01 len=16 data=aa9b0101010100000000fbfbecd30e91
WFR t=18730 src=mcu type=0x01 len=16 data=aa9c01180080000000000000feff0fb1
WFI t=18754 a=-1733,-3816,30 g=-1,-1,-8
WFR t=18770 src=mcu type=0x01 len=16 data=aa9d2d042f000000000000000000a7b3
WFR t=18790 src=mcu type=0x01 len=16 data=aa9e232c00000000000000000000fb5d
WFI t=18804 a=-1744,-3817,53 g=-7,-6,-3
WFR t=18830 src=mcu type=0x01 len=16 data=aa9fb5a1b0bfd800000000000000dfe1
WFR t=18850 src=mcu type=0x01 len=16 data=aaa000000000020c000035006a00d1bd
WFI t=18854 a=-1747,-3823,41 g=1,-8,6
WFR t=18870 src=mcu type=0x01 len=16 data=aaa188044a5357583036323430360894
WFI t=18904 a=-1738,-3809,47 g=-9,-6,-6
WFR t=18910 src=mcu type=0x01 len=16 data=aaa231344e4242463930333500005e71
WFR t=18930 src=mcu type=0x01 len=16 data=aaa301180080000000000000ffff5bde
WFI t=18954 a=-1744,-3809,33 g=-1,1,-1
WFR t=18960 src=bms type=0x02 len=129 data=d2037c0eed0eec0eed0eed0eed0eec0eed0eed0eec0eec0eed0eee0ef10ef10ef10ef00ef10ef10ef30ef20ef20ef20ef30ef30ef10ef20ef20ef20000000000000000003d0000000000000000000000000000042e752f02ae0ef30eec003d003d00000157001c0001001d0000000100010eef0007000a00000000000000002b80
WFR t=18970 src=mcu type=0x01 len=16 data=aaa42d042f000000000000000000fb8a
WFR t=18990 src=mcu type=0x01 len=16 data=aaa5232c00000000000000000000a026
WFI t=19004 a=-1734,-3807,41 g=0,9,-8
WFR t=19030 src=mcu type=0x01 len=16 data=aaa6000000000000000000000000b4ce
WFR t=19050 src=mcu type=0x01 len=16 data=aaa7000000000000000000000000b64f
WFI t=19054 a=-1753,-3807,44 g=-5,-1,-10
WFR t=19070 src=mcu type=0x01 len=16 data=aaa801801b000000400052a8194013c9
WFI t=19104 a=-1746,-3815,35 g=-1,-14,2
WFR t=19110 src=mcu type=0x01 len=16 data=aaa9028288135c4488132400ec02f999
WFR t=19130 src=mcu type=0x01 len=16 data=aaaa01180080000000000000ffff4617
WFI t=19154 a=-1733,-3819,61 g=-1,-12,0
WFR t=19170 src=mcu type=0x01 len=16 data=aaab2d042f000000000000000000ef85
WFR t=19190 src=mcu type=0x01 len=16 data=aaac232c00000000000000000000bdef
WFI t=19204 a=-1740,-3805,44 g=-7,1,-11
WFR t=19210 src=mcu type=0x01 len=16 data=aaad0048005f00021000000100801d27
WFR t=19255 src=mcu type=0x01 len=16 data=aaae55f04b0b18000000803a40005cef
WFI t=19256 a=-1754,-3803,41 g=2,-1,-8
WFR t=19270 src=mcu type=0x01 len=16 data=aaaf08610005460c2f78a00f090076a9
WFI t=19304 a=-1744,-3808,42 g=-3,-13,4
WFR t=19310 src=mcu type=0x01 len=16 data=aab001180080000000000000ffff608d
WFR t=19330 src=mcu type=0x01 len=16 data=aab12d042f000000000000000000c91f
WFR t=19335 src=bms type=0x02 len=129 data=d2037c0eed0eec0eed0eed0eed0eec0eed0eed0eec0eec0eed0eee0ef10ef10ef10ef00ef10ef10ef30ef20ef20ef20ef30ef30ef10ef20ef20ef20000000000000000003d0000000000000000000000000000042e752f02ae0ef30eec003d003d00000157001c0001001d0000000100010eef0007000a00000000000000002b80
WFR t=19350 src=mcu type=0x01 len=16 data=aab2232c0000000000000000000095f1
WFI t=19354 a=-1743,-3799,32 g=-3,-10,1
WFR t=19390 src=mcu type=0x01 len=16 data=aab3014a02050030000488001b007188
WFI t=19404 a=-1751,-3799,44 g=-1,-1,-2
WFR t=19410 src=mcu type=0x01 len=16 data=aab400009f0ca90c9a0c540600001589
WFR t=19450 src=mcu type=0x01 len=16 data=aab51b00e8517918060e030bb000ed38
WFI t=19454 a=-1739,-3814,45 g=-4,11,-13
WFR t=19470 src=mcu type=0x01 len=16 data=aab6050804080080cb020122f13fc622
WFI t=19504 a=-1762,-3810,44 g=-7,-1,-5
WFR t=19510 src=mcu type=0x01 len=16 data=aa8001180080000000000000ffff217d
WFR t=19530 src=mcu type=0x01 len=16 data=aa812d042f00000000000000000088ef
WFR t=19550 src=mcu type=0x01 len=16 data=aa82232c00000000000000000000d401
WFI t=19554 a=-1742,-3802,40 g=0,-1,2
WFR t=19590 src=mcu type=0x01 len=16 data=aa83000100011101b70111019f00058c
WFI t=19604 a=-1755,-3794,54 g=-4,-10,-13
WFR t=19610 src=mcu type=0x01 len=16 data=aa840000090a10560001310051c45a55
WFR t=19650 src=mcu type=0x01 len=16 data=aa8513088003e204080b1000507864d4
WFI t=19654 a=-1768,-3811,45 g=-3,-15,11
WFR t=19670 src=mcu type=0x01 len=16 data=aa868403f4010400a00f8813c003f9eb
WFR t=19690 src=mcu type=0x01 len=16 data=aa870118008000000000fffffeff2b8e
WFI t=19704 a=-1711,-3799,39 g=-1,-5,1
WFR t=19730 src=mcu type=0x01 len=16 data=aa882e042f0000000000000000009122
WFR t=19750 src=mcu type=0x01 len=16 data=aa89232c00000000000000000000ce8a
WFI t=19754 a=-1731,-3828,40 g=2,43,-38
WFR t=19755 src=bms type=0x02 len=129 data=d2037c0eed0eec0eed0eec0eed0eec0eed0eed0eec0eec0eed0eee0ef10ef10ef10ef00ef10ef20ef20ef20ef20ef20ef30ef30ef10ef20ef20ef20000000000000000003d0000000000000000000000000000042e752f02ae0ef30eec003d003d00000157001c0001001d0000000100010eef0007000a00000000000000007243
WFR t=19790 src=mcu type=0x01 len=16 data=aa8a480c1c0207284901230020001521
WFI t=19804 a=-1795,-3804,43 g=-3,6,-18
WFR t=19810 src=mcu type=0x01 len=16 data=aa8b40005c03474c775419031a0e80f3
WFR t=19830 src=mcu type=0x01 len=16 data=aa8c2225bf0420034006b80b3e02672c
WFI t=19854 a=-1760,-3806,14 g=-5,-47,25
WFR t=19870 src=mcu type=0x01 len=16 data=aa8d800c800000006c07102780008244
WFR t=19890 src=mcu type=0x01 len=16 data=aa8e01180080000000000000feff3663
WFI t=19904 a=-1709,-3820,30 g=-4,-12,0
WFR t=19930 src=mcu type=0x01 len=16 data=aa8f2e042f0000000000000000009a65
WFR t=19950 src=mcu type=0x01 len=16 data=aa90232c00000000000000000000edd3
WFI t=19954 a=-1753,-3820,57 g=-1,18,-18
WFR t=19970 src=mcu type=0x01 len=16 data=aa910b000f00465a667332000b9ed1a0
WFI t=20103 a=-1731,-3814,52 g=-5,8,-14
WFI t=20173 a=-1787,-3811,21 g=-4,-16,-4
WFI t=20252 a=-1714,-3802,42 g=-2,-8,10
WFR t=20252 src=mcu type=0x01 len=16 data=aa92000000000000000000000000fbba
WFR t=20267 src=mcu type=0x01 len=16 data=aa93d804480804242c01c003214fe1ad
WFR t=20267 src=mcu type=0x01 len=16 data=aa94f0f465fffffff8080d00412af645
WFR t=20268 src=mcu type=0x01 len=16 data=aa950118008000000000ffffffff13cc
WFI t=20268 a=-1760,-3801,56 g=-2,-9,-9
WFR t=20269 src=mcu type=0x01 len=16 data=aa962e042f000000000000000000b93c
WFR t=20270 src=bms type=0x02 len=129 data=d2037c0eed0eec0eed0eec0eed0eec0eed0eed0eec0eec0eed0eee0ef10ef10ef10ef00ef10ef20ef20ef20ef20ef20ef30ef30ef10ef20ef20ef20000000000000000003d0000000000000000000000000000042e752f02ae0ef30eec003d003d00000157001c0001001d0000000100010eef0007000a00000000000000007243
WFI t=20270 a=-1749,-3814,48 g=-4,-11,-4
WFR t=20270 src=mcu type=0x01 len=16 data=aa97232c00000000000000000000e694
WFR t=20270 src=mcu type=0x01 len=16 data=aa9807010200000056117eea00007aa4
WFR t=20271 src=mcu type=0x01 len=16 data=aa991d00ab04a08c64502748395e1e28
WFR t=20271 src=mcu type=0x01 len=16 data=aa9a646464625f5d5b5955010101d546
WFR t=20271 src=mcu type=0x01 len=16 data=aa9b0101010100000000fbfbecd30e91
WFI t=20272 a=-1749,-3814,48 g=-4,-11,-4
WFR t=20290 src=mcu type=0x01 len=16 data=aa9c01180080000000000000ffff0e21
WFI t=20304 a=-1718,-3803,31 g=0,-1,-6
WFR t=20310 src=mcu type=0x01 len=16 data=aa9d2e042f000000000000000000a3b7
WFR t=20350 src=mcu type=0x01 len=16 data=aa9e232c00000000000000000000fb5d
WFI t=20354 a=-1756,-3816,44 g=-2,29,-29
WFR t=20370 src=mcu type=0x01 len=16 data=aa9fb5a1b0bfd800000000000000dfe1
WFI t=20404 a=-1779,-3807,42 g=-1,-11,0
WFR t=20410 src=mcu type=0x01 len=16 data=aaa000000000020c000035006a00d1bd
WFR t=20430 src=mcu type=0x01 len=16 data=aaa188044a5357583036323430360894
WFR t=20450 src=mcu type=0x01 len=16 data=aaa231344e4242463930333500005e71
WFI t=20454 a=-1736,-3809,50 g=0,-39,28
WFR t=20490 src=mcu type=0x01 len=16 data=aaa301180080000000000000feff5a4e
WFI t=20504 a=-1718,-3820,44 g=0,-5,-7
WFR t=20510 src=mcu type=0x01 len=16 data=aaa42e042f000000000000000000ff8e
WFR t=20550 src=mcu type=0x01 len=16 data=aaa5232c00000000000000000000a026
WFI t=20554 a=-1755,-3810,33 g=-1,33,-25
WFR t=20570 src=mcu type=0x01 len=16 data=aaa6000000000000000000000000b4ce
WFT t=20580 batt_mv=4194 rssi_mcu=-77 rssi_bms=-83 mcu=733 bms=49 dropped=0
WFR t=20595 src=bms type=0x02 len=129 data=d2037c0eed0eec0eed0eed0eed0eec0eed0eed0eec0eec0eed0eee0ef10ef10ef10ef00ef10ef10ef30ef20ef20ef30ef30ef30ef10ef20ef20ef20000000000000000003d0000000000000000000000000000042e752e02ae0ef30eec003d003d00000157001c0001001d0000000100010eef000700150000000000000000e5e5
WFI t=20604 a=-1761,-3826,46 g=0,13,-12
WFR t=20610 src=mcu type=0x01 len=16 data=aaa7000000000000000000000000b64f
WFR t=20630 src=mcu type=0x01 len=16 data=aaa801801b000000400052a8194013c9
WFR t=20650 src=mcu type=0x01 len=16 data=aaa9028288135c4488132400ec02f999
WFI t=20654 a=-1747,-3811,48 g=-2,-8,-3
WFR t=20690 src=mcu type=0x01 len=16 data=aaaa01180080000000000000ffff4617
WFI t=20704 a=-1746,-3812,39 g=-11,-37,11
WFR t=20710 src=mcu type=0x01 len=16 data=aaab2e042f000000000000000000eb81
WFR t=20750 src=mcu type=0x01 len=16 data=aaac232c00000000000000000000bdef
WFI t=20754 a=-1708,-3813,29 g=0,-8,8
WFR t=20770 src=mcu type=0x01 len=16 data=aaad0048005f00021000000100801d27
WFR t=20790 src=mcu type=0x01 len=16 data=aaae55f04b0b18000000803a40005cef
WFI t=20804 a=-1732,-3819,47 g=-2,23,-26
WFR t=20830 src=mcu type=0x01 len=16 data=aaaf08610005460c2f78a00f090076a9
WFR t=20850 src=mcu type=0x01 len=16 data=aab001180080000000000000ffff608d
WFI t=20854 a=-1759,-3812,40 g=-1,21,-16
WFR t=20890 src=mcu type=0x01 len=16 data=aab12e042f000000000000000000cd1b
WFI t=20904 a=-1744,-3803,44 g=-2,-11,-1
WFR t=20910 src=mcu type=0x01 len=16 data=aab2232c0000000000000000000095f1
WFR t=20930 src=mcu type=0x01 len=16 data=aab3014a02050030000488001b007188
WFI t=20954 a=-1747,-3818,23 g=-1,-9,3
WFR t=20970 src=mcu type=0x01 len=16 data=aab400009f0ca90c9a0c540600001589
WFR t=20985 src=bms type=0x02 len=129 data=d2037c0eed0eec0eed0eed0eed0eec0eed0eed0eec0eec0eed0eee0ef10ef10ef10ef00ef10ef10ef30ef20ef20ef30ef30ef30ef10ef20ef20ef20000000000000000003d0000000000000000000000000000042e752e02ae0ef30eec003d003d00000157001c0001001d0000000100010eef000700150000000000000000e5e5
WFR t=20990 src=mcu type=0x01 len=16 data=aab51b00e8517918060edb0ab0008658
WFI t=21004 a=-1753,-3799,36 g=-3,-18,8
WFR t=21030 src=mcu type=0x01 len=16 data=aab6050804080080cb020122f13fc622
WFR t=21050 src=mcu type=0x01 len=16 data=aa8001180080000000000000ffff217d
WFI t=21054 a=-1700,-3808,54 g=0,-1,-2
WFR t=21070 src=mcu type=0x01 len=16 data=aa812e042f0000000000000000008ceb
WFI t=21105 a=-1747,-3815,49 g=-5,16,-26
WFR t=21110 src=mcu type=0x01 len=16 data=aa82232c00000000000000000000d401
WFR t=21130 src=mcu type=0x01 len=16 data=aa83000100011101b70111019f00058c
WFI t=21154 a=-1755,-3808,30 g=-3,9,-12
WFR t=21170 src=mcu type=0x01 len=16 data=aa840000090a10560001310051c45a55
WFR t=21190 src=mcu type=0x01 len=16 data=aa8513088003e204080b1000507864d4
WFI t=21204 a=-1752,-3811,30 g=1,-13,4
WFR t=21230 src=mcu type=0x01 len=16 data=aa868403f4010400a00f8813c003f9eb
WFR t=21250 src=mcu type=0x01 len=16 data=aa8701180080000000000000ffff2a3a
WFI t=21254 a=-1740,-3810,46 g=-3,-10,4
WFR t=21270 src=mcu type=0x01 len=16 data=aa882e042f0000000000000000009122
WFI t=21304 a=-1740,-3806,53 g=-6,-21,4
WFR t=21310 src=mcu type=0x01 len=16 data=aa89232c00000000000000000000ce8a
WFR t=21330 src=mcu type=0x01 len=16 data=aa8a480c1c0207284901230020001521
WFI t=21354 a=-1712,-3819,41 g=-1,11,-11
WFR t=21370 src=mcu type=0x01 len=16 data=aa8b40005c03474c775419031a0e80f3
WFR t=21390 src=mcu type=0x01 len=16 data=aa8c2225bf0420034006b80b3e02672c
WFI t=21405 a=-1741,-3808,34 g=-3,25,-30
WFR t=21405 src=bms type=0x02 len=129 data=d2037c0eed0eec0eed0eed0eed0eec0eed0eee0eeb0eec0eed0eee0ef10ef10ef10ef00ef10ef10ef20ef20ef20ef20ef30ef30ef10ef20ef20ef20000000000000000003d0000000000000000000000000000042e752f02ae0ef30eeb003d003d00000157001c0001001d0000000100010eef0008000a00000000000000007d2b
WFR t=21410 src=mcu type=0x01 len=16 data=aa8d800c800000006c07102780008244
WFI t=21454 a=-1774,-3811,30 g=5,7,-4
WFR t=21471 src=mcu type=0x01 len=16 data=aa8e01180080000000000000ffff37f3
WFR t=21471 src=mcu type=0x01 len=16 data=aa8f2e042f0000000000000000009a65
WFI t=21504 a=-1744,-3811,47 g=-9,-31,13
WFR t=21510 src=mcu type=0x01 len=16 data=aa90232c00000000000000000000edd3
WFR t=21530 src=mcu type=0x01 len=16 data=aa910b000f00465a667332000b9ed1a0
WFR t=21550 src=mcu type=0x01 len=16 data=aa92000000000000000000000000fbba
WFI t=21554 a=-1722,-3802,38 g=-4,-22,5
WFR t=21590 src=mcu type=0x01 len=16 data=aa93d804480804242c01c003214fe1ad
WFI t=21604 a=-1721,-3810,51 g=-3,8,-8
WFR t=21610 src=mcu type=0x01 len=16 data=aa94f0f465fffffff8080d00412af645
WFR t=21650 src=mcu type=0x01 len=16 data=aa9501180080000000000000feff1278
WFI t=21654 a=-1736,-3818,24 g=0,25,-23
WFR t=21670 src=mcu type=0x01 len=16 data=aa962d042f000000000000000000bd38
WFR t=21690 src=mcu type=0x01 len=16 data=aa97232c00000000000000000000e694
WFI t=21704 a=-1771,-3813,46 g=4,13,-11
WFR t=21730 src=mcu type=0x01 len=16 data=aa9807010200000056117eea00007aa4
WFR t=21750 src=mcu type=0x01 len=16 data=aa991d00ab04a08c64502748395e1e28
WFI t=21754 a=-1748,-3813,52 g=-5,-22,8
WFR t=21790 src=mcu type=0x01 len=16 data=aa9a646464625f5d5b5955010101d546
WFR t=21795 src=bms type=0x02 len=129 data=d2037c0eed0eec0eed0eed0eed0eec0eed0eee0eeb0eec0eed0eee0ef10ef10ef10ef00ef10ef10ef20ef20ef20ef20ef30ef30ef10ef20ef20ef20000000000000000003d0000000000000000000000000000042e752f02ae0ef30eeb003d003d00000157001c0001001d0000000100010eef0008000a00000000000000007d2b
WFI t=21804 a=-1740,-3812,42 g=-6,-32,14
WFR t=21810 src=mcu type=0x01 len=16 data=aa9b0101010100000000fbfbecd30e91
WFR t=21850 src=mcu type=0x01 len=16 data=aa9c01180080000000000000ffff0e21
WFI t=21854 a=-1730,-3816,44 g=0,2,-7
WFR t=21870 src=mcu type=0x01 len=16 data=aa9d2d042f000000000000000000a7b3
WFR t=21890 src=mcu type=0x01 len=16 data=aa9e232c00000000000000000000fb5d
WFI t=21904 a=-1752,-3818,40 g=3,28,-24
WFR t=21930 src=mcu type=0x01 len=16 data=aa9fb5a1b0bfd800000000000000dfe1
WFR t=21983 src=mcu type=0x01 len=16 data=aaa000000000020c000035006a00d1bd
WFR t=21993 src=mcu type=0x01 len=16 data=aaa188044a5357583036323430360894
WFR t=22032 src=mcu type=0x01 len=16 data=aaa231344e4242463930333500005e71
WFI t=22033 a=-1757,-3812,49 g=-3,-14,1
WFI t=22110 a=-1735,-3812,38 g=-5,-22,11
WFI t=22255 a=-1728,-3813,37 g=2,5,-13
WFR t=22270 src=mcu type=0x01 len=16 data=aaa301180080000000000000ffff5bde
WFR t=22270 src=mcu type=0x01 len=16 data=aaa42d042f000000000000000000fb8a
WFR t=22270 src=mcu type=0x01 len=16 data=aaa5232c00000000000000000000a026
WFR t=22270 src=mcu type=0x01 len=16 data=aaa6000000000000000000000000b4ce
WFR t=22270 src=mcu type=0x01 len=16 data=aaa7000000000000000000000000b64f
WFR t=22271 src=mcu type=0x01 len=16 data=aaa801801b000000400052a8194013c9
WFR t=22271 src=mcu type=0x01 len=16 data=aaa9028288135c4488132400ec02f999
WFI t=22271 a=-1748,-3824,34 g=-2,-10,-2
WFR t=22271 src=mcu type=0x01 len=16 data=aaaa01180080000000000000ffff4617
WFI t=22273 a=-1740,-3804,48 g=-3,-11,4
WFR t=22273 src=bms type=0x02 len=129 data=d2037c0eed0eec0eed0eed0eed0eec0eed0eee0eeb0eec0eed0eee0ef10ef10ef10ef00ef10ef10ef20ef20ef20ef20ef30ef30ef10ef20ef20ef20000000000000000003d0000000000000000000000000000042e752f02ae0ef30eeb003d003d00000157001c0001001d0000000100010eef0008000a00000000000000007d2b
WFI t=22275 a=-1740,-3804,48 g=-3,-11,4
WFI t=22277 a=-1748,-3810,39 g=-2,-11,5
WFR t=22291 src=mcu type=0x01 len=16 data=aaab2d042f000000000000000000ef85
WFR t=22291 src=mcu type=0x01 len=16 data=aaac232c00000000000000000000bdef
WFI t=22304 a=-1737,-3808,47 g=-3,-18,8
WFR t=22330 src=mcu type=0x01 len=16 data=aaad0048005f00021000000100801d27
WFR t=22350 src=mcu type=0x01 len=16 data=aaae55f04b0b18000000803a40005cef
WFI t=22354 a=-1734,-3799,38 g=-1,-2,-2
WFR t=22370 src=mcu type=0x01 len=16 data=aaaf08610005460c2f78a00f090076a9
WFI t=22404 a=-1743,-3803,42 g=-4,1,-12
WFR t=22410 src=mcu type=0x01 len=16 data=aab001180080000000000000ffff608d
WFR t=22430 src=mcu type=0x01 len=16 data=aab12d042f000000000000000000c91f
WFI t=22454 a=-1740,-3808,50 g=0,1,-7
WFR t=22470 src=mcu type=0x01 len=16 data=aab2232c0000000000000000000095f1
WFR t=22490 src=mcu type=0x01 len=16 data=aab3014a02050030000488001b007188
WFI t=22504 a=-1741,-3814,39 g=-2,1,-12
WFR t=22510 src=mcu type=0x01 len=16 data=aab400009f0ca90c9a0c540600001589
WFR t=22550 src=mcu type=0x01 len=16 data=aab51b00e8517918060ed10ab0008580
WFI t=22554 a=-1743,-3820,28 g=-2,-3,0
WFR t=22570 src=mcu type=0x01 len=16 data=aab6050804080080cb020122f13fc622
WFI t=22604 a=-1749,-3807,34 g=-3,-16,1
WFR t=22610 src=mcu type=0x01 len=16 data=aa8001180080000000000000ffff217d
WFR t=22630 src=mcu type=0x01 len=16 data=aa812d042f00000000000000000088ef
WFR t=22650 src=mcu type=0x01 len=16 data=aa82232c00000000000000000000d401
WFI t=22654 a=-1731,-3812,42 g=-4,-9,0
WFR t=22690 src=mcu type=0x01 len=16 data=aa83000100011101b70111019f00058c
WFI t=22704 a=-1730,-3813,34 g=-4,4,-12
WFR t=22710 src=mcu type=0x01 len=16 data=aa840000090a10560001310051c45a55
WFR t=22725 src=bms type=0x02 len=129 data=d2037c0eed0eec0eed0eed0eed0eec0eed0eed0eec0eec0eed0eed0ef10ef10ef10ef00ef20ef10ef30ef20ef20ef30ef30ef30ef10ef20ef20ef20000000000000000003d0000000000000000000000000000042e752f02ae0ef30eec003d003d00000157001c0001001d0000000100010eef0007000a0000000000000000101f
WFR t=22750 src=mcu type=0x01 len=16 data=aa8513088003e204080b1000507864d4
WFI t=22754 a=-1739,-3811,42 g=-7,7,-14
WFR t=22770 src=mcu type=0x01 len=16 data=aa868403f4010400a00f8813c003f9eb
WFR t=22790 src=mcu type=0x01 len=16 data=aa8701180080000000000000ffff2a3a
WFI t=22804 a=-1737,-3813,34 g=-2,3,-6
WFR t=22830 src=mcu type=0x01 len=16 data=aa882d042f0000000000000000009526
WFR t=22850 src=mcu type=0x01 len=16 data=aa89232c00000000000000000000ce8a
WFI t=22854 a=-1753,-3816,45 g=-3,-17,4
WFR t=22890 src=mcu type=0x01 len=16 data=aa8a480c1c0207284901230020001521
WFI t=22904 a=-1731,-3802,37 g=-4,-14,4
WFR t=22910 src=mcu type=0x01 len=16 data=aa8b40005c03474c775419031a0e80f3
WFR t=22950 src=mcu type=0x01 len=16 data=aa8c2225bf0420034006b80b3e02672c
WFI t=22954 a=-1732,-3818,36 g=-1,9,-11
WFR t=22970 src=mcu type=0x01 len=16 data=aa8d800c800000006c07102780008244
WFR t=22990 src=mcu type=0x01 len=16 data=aa8e01180080000000000000feff3663
WFI t=23004 a=-1748,-3815,42 g=1,16,-14
WFR t=23030 src=mcu type=0x01 len=16 data=aa8f2d042f0000000000000000009e61
WFR t=23050 src=mcu type=0x01 len=16 data=aa90232c00000000000000000000edd3
WFI t=23054 a=-1754,-3813,41 g=-6,-9,-2
WFR t=23090 src=mcu type=0x01 len=16 data=aa910b000f00465a667332000b9ed1a0
WFI t=23104 a=-1737,-3814,26 g=-2,-14,3
WFR t=23110 src=mcu type=0x01 len=16 data=aa92000000000000000000000000fbba
WFR t=23115 src=bms type=0x02 len=129 data=d2037c0eed0eec0eed0eed0eed0eec0eed0eed0eec0eec0eed0eed0ef10ef10ef10ef00ef20ef10ef30ef20ef20ef30ef30ef30ef10ef20ef20ef20000000000000000003d0000000000000000000000000000042e752f02ae0ef30eec003d003d00000157001c0001001d0000000100010eef0007000a0000000000000000101f
WFR t=23130 src=mcu type=0x01 len=16 data=aa93d804480804242c01c003214fe1ad
WFI t=23154 a=-1737,-3818,41 g=-2,-7,-3
WFR t=23170 src=mcu type=0x01 len=16 data=aa94f0f465fffffff8080d00412af645
WFR t=23190 src=mcu type=0x01 len=16 data=aa9501180080000000000000ffff13e8
WFI t=23204 a=-1733,-3809,42 g=-2,2,-8
WFR t=23230 src=mcu type=0x01 len=16 data=aa962d042f000000000000000000bd38
WFR t=23250 src=mcu type=0x01 len=16 data=aa97232c00000000000000000000e694
WFI t=23254 a=-1737,-3819,34 g=-2,10,-11
WFR t=23270 src=mcu type=0x01 len=16 data=aa9807010200000056117eea00007aa4
WFI t=23304 a=-1737,-3817,36 g=-5,5,-8
WFR t=23310 src=mcu type=0x01 len=16 data=aa991d00ab04a08c64502748395e1e28
WFR t=23330 src=mcu type=0x01 len=16 data=aa9a646464625f5d5b5955010101d546
WFI t=23354 a=-1749,-3809,40 g=-5,-12,0
WFR t=23370 src=mcu type=0x01 len=16 data=aa9b0101010100000000fbfbecd30e91
WFR t=23390 src=mcu type=0x01 len=16 data=aa9c01180080000000000000ffff0e21
WFI t=23404 a=-1739,-3803,39 g=-5,-8,-1
WFR t=23430 src=mcu type=0x01 len=16 data=aa9d2d042f000000000000000000a7b3
WFR t=23450 src=mcu type=0x01 len=16 data=aa9e232c00000000000000000000fb5d
WFI t=23454 a=-1749,-3818,49 g=-3,-4,-6
WFR t=23470 src=mcu type=0x01 len=16 data=aa9fb5a1b0bfd800000000000000dfe1
WFI t=23504 a=-1723,-3811,45 g=-3,0,-8
WFR t=23510 src=mcu type=0x01 len=16 data=aaa000000000020c000035006a00d1bd
WFR t=23530 src=mcu type=0x01 len=16 data=aaa188044a5357583036323430360894
WFR t=23535 src=bms type=0x02 len=129 data=d2037c0eed0eec0eed0eed0eed0eec0eed0eed0eec0eec0eed0eee0ef10ef10ef10ef00ef10ef10ef20ef20ef20ef30ef30ef30ef10ef20ef20ef30000000000000000003d0000000000000000000000000000042e752f02ae0ef30eec003d003d00000157001c0001001d0000000100010eef0007000a00000000000000000e3b
WFI t=23554 a=-1743,-3812,42 g=-7,10,-12
WFR t=23570 src=mcu type=0x01 len=16 data=aaa231344e4242463930333500005e71
WFR t=23590 src=mcu type=0x01 len=16 data=aaa301180080000000000000ffff5bde
WFI t=23604 a=-1744,-3816,21 g=-2,2,-4
WFR t=23610 src=mcu type=0x01 len=16 data=aaa42d042f000000000000000000fb8a
WFR t=23650 src=mcu type=0x01 len=16 data=aaa5232c00000000000000000000a026
WFI t=23654 a=-1752,-3815,61 g=-6,-16,6
WFR t=23670 src=mcu type=0x01 len=16 data=aaa6000000000000000000000000b4ce
WFI t=23704 a=-1723,-3813,45 g=-6,-13,0
WFR t=23710 src=mcu type=0x01 len=16 data=aaa7000000000000000000000000b64f
WFR t=23730 src=mcu type=0x01 len=16 data=aaa801801b000000400052a8194013c9
WFR t=23750 src=mcu type=0x01 len=16 data=aaa9028288135c4488132400ec02f999
WFI t=23754 a=-1735,-3824,43 g=-5,3,-11
WFR t=23790 src=mcu type=0x01 len=16 data=aaaa01180080000000000000ffff4617
WFI t=23804 a=-1736,-3808,48 g=0,7,-13
WFR t=23810 src=mcu type=0x01 len=16 data=aaab2d042f000000000000000000ef85
WFR t=23850 src=mcu type=0x01 len=16 data=aaac232c00000000000000000000bdef
WFI t=23854 a=-1742,-3821,39 g=0,3,-8
WFR t=23870 src=mcu type=0x01 len=16 data=aaad0048005f00021000000100801d27
WFR t=23890 src=mcu type=0x01 len=16 data=aaae55f04b0b18000000803a40005cef
WFI t=23904 a=-1749,-3830,44 g=-3,-15,3
WFR t=23925 src=bms type=0x02 len=129 data=d2037c0eed0eec0eed0eed0eed0eec0eed0eed0eec0eec0eed0eee0ef10ef10ef10ef00ef10ef10ef20ef20ef20ef30ef30ef30ef10ef20ef20ef30000000000000000003d0000000000000000000000000000042e752f02ae0ef30eec003d003d00000157001c0001001d0000000100010eef0007000a00000000000000000e3b
WFR t=23930 src=mcu type=0x01 len=16 data=aaaf08610005460c2f78a00f090076a9
WFR t=23950 src=mcu type=0x01 len=16 data=aab001180080000000000000feff611d
WFI t=23955 a=-1743,-3823,47 g=-1,-15,6
WFR t=23990 src=mcu type=0x01 len=16 data=aab12d042f000000000000000000c91f
WFI t=24004 a=-1721,-3810,47 g=-5,3,-9
WFR t=24059 src=mcu type=0x01 len=16 data=aab2232c0000000000000000000095f1
WFR t=24128 src=mcu type=0x01 len=16 data=aab3014a02050030000488001b007188
WFR t=24145 src=mcu type=0x01 len=16 data=aab400009f0ca90c9a0c540600001589
WFR t=24145 src=mcu type=0x01 len=16 data=aab51b00e8517918060e0b0bb000ef58
WFR t=24145 src=mcu type=0x01 len=16 data=aab6050804080080cb020122f13fc622
WFI t=24146 a=-1742,-3817,46 g=-7,-12,1
WFI t=24148 a=-1737,-3814,43 g=-3,-13,3
WFR t=24150 src=mcu type=0x01 len=16 data=aa800118008000000000ffffffff2159
WFI t=24154 a=-1736,-3805,40 g=-7,-12,3
WFR t=24190 src=mcu type=0x01 len=16 data=aa812e042f0000000000000000008ceb
WFI t=24204 a=-1738,-3820,48 g=-4,-10,-2
WFR t=24210 src=mcu type=0x01 len=16 data=aa82232c00000000000000000000d401
WFR t=24230 src=mcu type=0x01 len=16 data=aa83000100011101b70111019f00058c
WFI t=24254 a=-1734,-3823,32 g=3,3,-1
WFR t=24270 src=mcu type=0x01 len=16 data=aa840000090a10560001310051c45a55
WFR t=24290 src=mcu type=0x01 len=16 data=aa8513088003e204080b1000507864d4
WFI t=24304 a=-1722,-3813,37 g=-7,11,-14
WFR t=24330 src=mcu type=0x01 len=16 data=aa868403f4010400a00f8813c003f9eb
WFR t=24345 src=bms type=0x02 len=129 data=d2037c0eed0eec0eed0eed0eed0eec0eed0eed0eec0eec0eed0eee0ef10ef10ef10ef00ef10ef10ef20ef20ef20ef30ef30ef30ef10ef20ef20ef30000000000000000003d0000000000000000000000000000042e752f02ae0ef30eec003d003d00000157001c0001001d0000000100010eef0007000a00000000000000000e3b
WFR t=24350 src=mcu type=0x01 len=16 data=aa870118008000000000ffffffff2a1e
WFI t=24354 a=-1745,-3810,42 g=1,5,-9
WFR t=24370 src=mcu type=0x01 len=16 data=aa882e042f0000000000000000009122
WFI t=24404 a=-1743,-3814,40 g=-2,-20,4
WFR t=24410 src=mcu type=0x01 len=16 data=aa89232c00000000000000000000ce8a
WFR t=24430 src=mcu type=0x01 len=16 data=aa8a480c1c0207284901230020001521
WFI t=24454 a=-1725,-3807,45 g=-7,-10,0
WFR t=24470 src=mcu type=0x01 len=16 data=aa8b40005c03474c775419031a0e80f3
WFR t=24490 src=mcu type=0x01 len=16 data=aa8c2225bf0420034006b80b3e02672c
WFI t=24504 a=-1741,-3812,49 g=-3,11,-12
WFR t=24530 src=mcu type=0x01 len=16 data=aa8d800c800000006c07102780008244
WFR t=24550 src=mcu type=0x01 len=16 data=aa8e01180080000000000000ffff37f3
WFI t=24554 a=-1750,-3823,36 g=-5,-1,-7
WFR t=24570 src=mcu type=0x01 len=16 data=aa8f2e042f0000000000000000009a65
WFI t=24604 a=-1732,-3803,39 g=-3,-4,0
WFR t=24610 src=mcu type=0x01 len=16 data=aa90232c00000000000000000000edd3
WFR t=24630 src=mcu type=0x01 len=16 data=aa910b000f00465a667332000b9ed1a0
WFI t=24654 a=-1743,-3815,53 g=3,-4,-9
WFR t=24670 src=mcu type=0x01 len=16 data=aa92000000000000000000000000fbba
WFR t=24690 src=mcu type=0x01 len=16 data=aa93d804480804242c01c003214fe1ad
WFI t=24704 a=-1750,-3819,43 g=0,-2,0
WFR t=24710 src=mcu type=0x01 len=16 data=aa94f0f465fffffff8080d00412af645
WFR t=24735 src=bms type=0x02 len=129 data=d2037c0eed0eec0eed0eed0eed0eec0eed0eed0eec0eec0eed0eed0ef10ef10ef10ef00ef10ef10ef20ef20ef20ef20ef30ef30ef10ef20ef20ef20000000000000000003d0000000000000000000000000000042e753002ae0ef30eec003d003d00000157001c0001001d0000000100010eef000700000000000000000000cd5f
WFI t=24794 a=-1739,-3811,44 g=-1,-2,-7
WFR t=24795 src=mcu type=0x01 len=16 data=aa9501180080000000000000feff1278
WFR t=24795 src=mcu type=0x01 len=16 data=aa962d042f000000000000000000bd38
WFI t=24804 a=-1753,-3812,30 g=-1,3,-6
WFR t=24810 src=mcu type=0x01 len=16 data=aa97232c00000000000000000000e694
WFR t=24830 src=mcu type=0x01 len=16 data=aa9807010200000056117eea00007aa4
WFR t=24850 src=mcu type=0x01 len=16 data=aa991d00ab04a08c64502748395e1e28
WFI t=24854 a=-1741,-3811,42 g=-4,2,-8
WFR t=24890 src=mcu type=0x01 len=16 data=aa9a646464625f5d5b5955010101d546
WFI t=24904 a=-1743,-3808,36 g=-7,1,-5
WFR t=24910 src=mcu type=0x01 len=16 data=aa9b0101010100000000fbfbecd30e91
WFR t=24950 src=mcu type=0x01 len=16 data=aa9c01180080000000000000ffff0e21
WFI t=24954 a=-1742,-3811,47 g=-1,-11,-1
WFR t=24970 src=mcu type=0x01 len=16 data=aa9d2d042f000000000000000000a7b3
WFR t=24990 src=mcu type=0x01 len=16 data=aa9e232c00000000000000000000fb5d
WFI t=25005 a=-1737,-3813,39 g=-6,-6,-3
WFR t=25030 src=mcu type=0x01 len=16 data=aa9fb5a1b0bfd800000000000000dfe1
WFR t=25050 src=mcu type=0x01 len=16 data=aaa000000000020c000035006a00d1bd
WFI t=25054 a=-1738,-3806,40 g=-6,2,-6
WFR t=25090 src=mcu type=0x01 len=16 data=aaa188044a5357583036323430360894
WFI t=25104 a=-1740,-3801,39 g=-3,5,-10
WFR t=25110 src=mcu type=0x01 len=16 data=aaa231344e4242463930333500005e71
WFI t=25154 a=-1747,-3829,45 g=-5,0,-6
WFR t=25171 src=mcu type=0x01 len=16 data=aaa301180080000000000000ffff5bde
WFR t=25171 src=mcu type=0x01 len=16 data=aaa42e042f000000000000000000ff8e
WFR t=25185 src=bms type=0x02 len=129 data=d2037c0eed0eec0eed0eed0eed0eec0eed0eed0eec0eec0eed0eed0ef10ef10ef10ef00ef10ef10ef20ef20ef20ef20ef30ef30ef10ef20ef20ef20000000000000000003d0000000000000000000000000000042e753002ae0ef30eec003d003d00000157001c0001001d0000000100010eef000700000000000000000000cd5f
WFR t=25190 src=mcu type=0x01 len=16 data=aaa5232c00000000000000000000a026
WFI t=25204 a=-1729,-3823,46 g=-2,-4,-3
WFR t=25230 src=mcu type=0x01 len=16 data=aaa6000000000000000000000000b4ce
WFR t=25250 src=mcu type=0x01 len=16 data=aaa7000000000000000000000000b64f
WFI t=25254 a=-1738,-3814,43 g=-5,-12,0
WFR t=25290 src=mcu type=0x01 len=16 data=aaa801801b000000400052a8194013c9
WFI t=25304 a=-1723,-3814,34 g=-1,1,-3
WFR t=25310 src=mcu type=0x01 len=16 data=aaa9028288135c4488132400ec02f999
WFR t=25330 src=mcu type=0x01 len=16 data=aaaa01180080000000000000ffff4617
WFI t=25354 a=-1729,-3816,48 g=1,7,-12
WFR t=25370 src=mcu type=0x01 len=16 data=aaab2e042f000000000000000000eb81
WFR t=25390 src=mcu type=0x01 len=16 data=aaac232c00000000000000000000bdef
WFI t=25404 a=-1744,-3807,46 g=0,-2,-5
WFR t=25430 src=mcu type=0x01 len=16 data=aaad0048005f00021000000100801d27
WFR t=25450 src=mcu type=0x01 len=16 data=aaae55f04b0b18000000803a40005cef
WFI t=25454 a=-1741,-3816,50 g=-3,-6,-1
WFR t=25470 src=mcu type=0x01 len=16 data=aaaf08610005460c2f78a00f090076a9
WFI t=25504 a=-1729,-3814,46 g=-1,5,-10
WFR t=25510 src=mcu type=0x01 len=16 data=aab001180080000000000000ffff608d
WFR t=25530 src=mcu type=0x01 len=16 data=aab12d042f000000000000000000c91f
WFI t=25554 a=-1744,-3808,41 g=-3,1,-6
WFR t=25570 src=mcu type=0x01 len=16 data=aab2232c0000000000000000000095f1
WFR t=25590 src=mcu type=0x01 len=16 data=aab3014a02050030000488001b007188
WFT t=25593 batt_mv=4196 rssi_mcu=-72 rssi_bms=-83 mcu=911 bms=61 dropped=0
WFI t=25605 a=-1750,-3812,47 g=-4,-17,0
WFR t=25605 src=bms type=0x02 len=129 data=d2037c0eed0eec0eed0eed0eed0eec0eed0eed0eec0eed0eed0eee0ef10ef10ef10ef00ef10ef10ef20ef20ef20ef30ef30ef30ef10ef20ef20ef20000000000000000003d0000000000000000000000000000042e752f02ae0ef30eec003d003d00000157001c0001001d0000000100010eef0007000a0000000000000000bc97
WFR t=25630 src=mcu type=0x01 len=16 data=aab400009f0ca90c9a0c540600001589
WFR t=25650 src=mcu type=0x01 len=16 data=aab51b00e8517918060e0b0bb000ef58
WFI t=25654 a=-1725,-3812,41 g=-1,-6,-3
WFR t=25670 src=mcu type=0x01 len=16 data=aab6050804080080cb020122f13fc622
WFI t=25704 a=-1731,-3812,41 g=-2,6,-12
WFR t=25710 src=mcu type=0x01 len=16 data=aa8001180080000000000000ffff217d
WFR t=25730 src=mcu type=0x01 len=16 data=aa812d042f00000000000000000088ef
WFI t=25754 a=-1749,-3812,40 g=-2,6,-7
WFR t=25770 src=mcu type=0x01 len=16 data=aa82232c00000000000000000000d401
WFR t=25790 src=mcu type=0x01 len=16 data=aa83000100011101b70111019f00058c
WFI t=25804 a=-1738,-3801,35 g=-3,-8,0
WFR t=25810 src=mcu type=0x01 len=16 data=aa840000090a10560001310051c45a55
WFR t=25850 src=mcu type=0x01 len=16 data=aa8513088003e204080b1000507864d4
WFI t=25854 a=-1725,-3803,39 g=-2,-7,-1
WFR t=25870 src=mcu type=0x01 len=16 data=aa868403f4010400a00f8813c003f9eb
WFI t=25904 a=-1730,-3823,44 g=-5,-6,-5
WFR t=25910 src=mcu type=0x01 len=16 data=aa8701180080000000000000feff2baa
WFR t=25930 src=mcu type=0x01 len=16 data=aa882d042f0000000000000000009526
WFR t=25950 src=mcu type=0x01 len=16 data=aa89232c00000000000000000000ce8a
WFI t=25954 a=-1754,-3808,53 g=2,-6,-4
WFR t=25990 src=mcu type=0x01 len=16 data=aa8a480c1c0207284901230020001521
WFR t=25995 src=bms type=0x02 len=129 data=d2037c0eed0eec0eed0eed0eed0eec0eed0eed0eec0eed0eed0eee0ef10ef10ef10ef00ef10ef10ef20ef20ef20ef30ef30ef30ef10ef20ef20ef20000000000000000003d0000000000000000000000000000042e752f02ae0ef30eec003d003d00000157001c0001001d0000000100010eef0007000a0000000000000000bc97
WFI t=26004 a=-1728,-3833,51 g=-1,8,-6
WFR t=26010 src=mcu type=0x01 len=16 data=aa8b40005c03474c775419031a0e80f3
WFR t=26090 src=mcu type=0x01 len=16 data=aa8c2225bf0420034006b80b3e02672c
WFR t=26090 src=mcu type=0x01 len=16 data=aa8d800c800000006c07102780008244
WFR t=26091 src=mcu type=0x01 len=16 data=aa8e0118008000000000ffffffff37d7
WFI t=26092 a=-1743,-3817,49 g=-2,-11,0
WFI t=26106 a=-1748,-3815,48 g=-3,-14,3
WFR t=26131 src=mcu type=0x01 len=16 data=aa8f2d042f0000000000000000009e61
WFR t=26206 src=mcu type=0x01 len=16 data=aa90232c00000000000000000000edd3
WFR t=26206 src=mcu type=0x01 len=16 data=aa910b000f00465a667332000b9ed1a0
WFI t=26281 a=-1746,-3820,36 g=-1,10,-13
WFI t=26372 a=-1747,-3814,44 g=-4,-7,2
WFR t=26373 src=mcu type=0x01 len=16 data=aa92000000000000000000000000fbba
WFR t=26373 src=mcu type=0x01 len=16 data=aa93d804480804242c01c003214fe1ad
WFR t=26373 src=mcu type=0x01 len=16 data=aa94f0f465fffffff8080d00412af645
WFR t=26373 src=mcu type=0x01 len=16 data=aa9501180080000000000000ffff13e8
WFR t=26374 src=mcu type=0x01 len=16 data=aa962d042f000000000000000000bd38
WFI t=26374 a=-1730,-3813,30 g=-1,1,-6
WFR t=26374 src=mcu type=0x01 len=16 data=aa97232c00000000000000000000e694
WFI t=26376 a=-1730,-3813,30 g=-1,1,-6
WFI t=26378 a=-1736,-3819,36 g=0,0,-5
WFR t=26390 src=mcu type=0x01 len=16 data=aa9807010200000056117eea00007aa4
WFI t=26404 a=-1741,-3810,38 g=-2,-4,-4
WFR t=26410 src=mcu type=0x01 len=16 data=aa991d00ab04a08c64502748395e1e28
WFR t=26415 src=bms type=0x02 len=129 data=d2037c0eed0eec0eed0eed0eed0eec0eed0eed0eec0eec0eed0eee0ef10ef10ef10ef00ef10ef10ef30ef20ef20ef20ef30ef30ef10ef30ef20ef30000000000000000003d0000000000000000000000000000042e752f02ae0ef30eec003d003d00000157001c0001001d0000000100010eef0007000a00000000000000007780
WFR t=26430 src=mcu type=0x01 len=16 data=aa9a646464625f5d5b5955010101d546
WFI t=26454 a=-1733,-3826,32 g=-2,-2,-3
WFR t=26470 src=mcu type=0x01 len=16 data=aa9b0101010100000000fbfbecd30e91
WFR t=26490 src=mcu type=0x01 len=16 data=aa9c01180080000000000000ffff0e21
WFI t=26504 a=-1736,-3819,37 g=-3,0,-11
WFR t=26530 src=mcu type=0x01 len=16 data=aa9d2e042f000000000000000000a3b7
WFR t=26550 src=mcu type=0x01 len=16 data=aa9e232c00000000000000000000fb5d
WFI t=26554 a=-1731,-3808,44 g=-4,1,-6
WFR t=26590 src=mcu type=0x01 len=16 data=aa9fb5a1b0bfd800000000000000dfe1
WFI t=26604 a=-1750,-3809,43 g=-3,-8,-2
WFR t=26610 src=mcu type=0x01 len=16 data=aaa000000000020c000035006a00d1bd
WFR t=26630 src=mcu type=0x01 len=16 data=aaa188044a5357583036323430360894
WFI t=26654 a=-1730,-3806,52 g=-5,1,-1
WFR t=26670 src=mcu type=0x01 len=16 data=aaa231344e4242463930333500005e71
WFR t=26690 src=mcu type=0x01 len=16 data=aaa301180080000000000000ffff5bde
WFI t=26704 a=-1736,-3808,47 g=-1,-7,-4
WFR t=26730 src=mcu type=0x01 len=16 data=aaa42e042f000000000000000000ff8e
WFR t=26750 src=mcu type=0x01 len=16 data=aaa5232c00000000000000000000a026
WFI t=26754 a=-1743,-3815,46 g=-4,-5,-3
WFR t=26770 src=mcu type=0x01 len=16 data=aaa6000000000000000000000000b4ce
WFI t=26804 a=-1735,-3820,40 g=-1,2,-7
WFR t=26805 src=bms type=0x02 len=129 data=d2037c0eed0eec0eed0eed0eed0eec0eed0eed0eec0eec0eed0eee0ef10ef10ef10ef00ef10ef10ef30ef20ef20ef20ef30ef30ef10ef30ef20ef30000000000000000003d0000000000000000000000000000042e752f02ae0ef30eec003d003d00000157001c0001001d0000000100010eef0007000a00000000000000007780
WFR t=26810 src=mcu type=0x01 len=16 data=aaa7000000000000000000000000b64f
WFR t=26830 src=mcu type=0x01 len=16 data=aaa801801b000000400052a8194013c9
WFI t=26854 a=-1738,-3808,38 g=2,3,-10
WFR t=26870 src=mcu type=0x01 len=16 data=aaa9028288135c4488132400ec02f999
WFR t=26890 src=mcu type=0x01 len=16 data=aaaa01180080000000000000ffff4617
WFI t=26904 a=-1749,-3812,47 g=-5,-3,-1
WFR t=26910 src=mcu type=0x01 len=16 data=aaab2e042f000000000000000000eb81
WFR t=26950 src=mcu type=0x01 len=16 data=aaac232c00000000000000000000bdef
WFI t=26954 a=-1738,-3816,39 g=-3,-10,-1
WFR t=26970 src=mcu type=0x01 len=16 data=aaad0048005f00021000000100801d27
WFI t=27004 a=-1737,-3825,48 g=2,-7,-2
WFR t=27010 src=mcu type=0x01 len=16 data=aaae55f04b0b18000000803a40005cef
WFR t=27030 src=mcu type=0x01 len=16 data=aaaf08610005460c2f78a00f090076a9
WFR t=27050 src=mcu type=0x01 len=16 data=aab001180080000000000000ffff608d
WFI t=27054 a=-1729,-3810,52 g=3,10,-7
WFR t=27090 src=mcu type=0x01 len=16 data=aab12e042f000000000000000000cd1b
WFI t=27104 a=-1747,-3822,51 g=-1,4,-11
WFR t=27110 src=mcu type=0x01 len=16 data=aab2232c0000000000000000000095f1
WFR t=27150 src=mcu type=0x01 len=16 data=aab3014a02050030000488001b007188
WFI t=27154 a=-1742,-3817,38 g=-1,-7,2
WFR t=27170 src=mcu type=0x01 len=16 data=aab400009f0ca90c9a0c540600001589
WFR t=27190 src=mcu type=0x01 len=16 data=aab51b00e8517918060ebe0ab0009894
WFI t=27204 a=-1733,-3816,50 g=-4,-7,-4
WFR t=27230 src=mcu type=0x01 len=16 data=aab6050804080080cb020122f13fc622
WFR t=27250 src=mcu type=0x01 len=16 data=aa8001180080000000000000feff20ed
WFI t=27254 a=-1742,-3803,34 g=-4,-2,-5
WFR t=27290 src=mcu type=0x01 len=16 data=aa812e042f0000000000000000008ceb
WFI t=27304 a=-1741,-3812,47 g=0,-3,-4
WFR t=27310 src=mcu type=0x01 len=16 data=aa82232c00000000000000000000d401
WFR t=27350 src=mcu type=0x01 len=16 data=aa83000100011101b70111019f00058c
WFI t=27354 a=-1736,-3823,38 g=-2,2,-7
WFR t=27370 src=mcu type=0x01 len=16 data=aa840000090a10560001310051c45a55
WFR t=27390 src=mcu type=0x01 len=16 data=aa8513088003e204080b1000507864d4
WFI t=27404 a=-1739,-3811,36 g=0,9,-8
WFR t=27430 src=mcu type=0x01 len=16 data=aa868403f4010400a00f8813c003f9eb
WFR t=27450 src=mcu type=0x01 len=16 data=aa870118008000000000ffffffff2a1e
WFI t=27454 a=-1739,-3813,42 g=0,-9,-2
WFR t=27490 src=mcu type=0x01 len=16 data=aa882e042f0000000000000000009122
WFI t=27504 a=-1737,-3809,41 g=-6,-12,1
WFR t=27510 src=mcu type=0x01 len=16 data=aa89232c00000000000000000000ce8a
WFR t=27530 src=mcu type=0x01 len=16 data=aa8a480c1c0207284901230020001521
WFI t=27554 a=-1728,-3808,38 g=-1,2,-8
WFR t=27570 src=mcu type=0x01 len=16 data=aa8b40005c03474c775419031a0e80f3
WFR t=27590 src=mcu type=0x01 len=16 data=aa8c2225bf0420034006b80b3e02672c
WFI t=27604 a=-1753,-3811,40 g=-3,-6,-6
WFR t=27660 src=mcu type=0x01 len=16 data=aa8d800c800000006c07102780008244
WFR t=27661 src=mcu type=0x01 len=16 data=aa8e01180080000000000000ffff37f3
WFI t=27661 a=-1726,-3805,38 g=-6,5,-3
WFR t=27670 src=mcu type=0x01 len=16 data=aa8f2e042f0000000000000000009a65
WFI t=27704 a=-1759,-3811,35 g=0,3,-10
WFR t=27710 src=mcu type=0x01 len=16 data=aa90232c00000000000000000000edd3
WFR t=27730 src=mcu type=0x01 len=16 data=aa910b000f00465a667332000b9ed1a0
WFI t=27754 a=-1743,-3800,41 g=-3,-3,1
WFR t=27770 src=mcu type=0x01 len=16 data=aa92000000000000000000000000fbba
WFR t=27790 src=mcu type=0x01 len=16 data=aa93d804480804242c01c003214fe1ad
WFI t=27804 a=-1731,-3811,36 g=-4,-15,-1
WFR t=27810 src=mcu type=0x01 len=16 data=aa94f0f465fffffff8080d00412af645
WFR t=27850 src=mcu type=0x01 len=16 data=aa9501180080000000000000ffff13e8
WFI t=27854 a=-1742,-3815,36 g=-1,4,-6
WFR t=27871 src=mcu type=0x01 len=16 data=aa962e042f000000000000000000b93c
WFI t=27904 a=-1741,-3820,49 g=0,1,-12
WFR t=27910 src=mcu type=0x01 len=16 data=aa97232c00000000000000000000e694
WFR t=27930 src=mcu type=0x01 len=16 data=aa9807010200000056117eea00007aa4
WFI t=27954 a=-1741,-3800,53 g=1,0,-4
WFR t=27970 src=mcu type=0x01 len=16 data=aa991d00ab04a08c64502748395e1e28
WFR t=27990 src=mcu type=0x01 len=16 data=aa9a646464625f5d5b5955010101d546
WFI t=28004 a=-1737,-3806,37 g=-2,-6,-2
WFR t=28010 src=mcu type=0x01 len=16 data=aa9b0101010100000000fbfbecd30e91
WFI t=28130 a=-1749,-3814,41 g=-3,-11,2
WFR t=28282 src=mcu type=0x01 len=16 data=aa9c01180080000000000000ffff0e21
WFR t=28282 src=mcu type=0x01 len=16 data=aa9d2e042f000000000000000000a3b7
WFR t=28282 src=mcu type=0x01 len=16 data=aa9e232c00000000000000000000fb5d
WFR t=28282 src=mcu type=0x01 len=16 data=aa9fb5a1b0bfd800000000000000dfe1
WFR t=28282 src=mcu type=0x01 len=16 data=aaa000000000020c000035006a00d1bd
WFR t=28282 src=mcu type=0x01 len=16 data=aaa188044a5357583036323430360894
WFR t=28283 src=mcu type=0x01 len=16 data=aaa231344e4242463930333500005e71
WFI t=28297 a=-1739,-3818,52 g=-2,12,-15
WFR t=28299 src=mcu type=0x01 len=16 data=aaa301180080000000000000ffff5bde
WFR t=28299 src=mcu type=0x01 len=16 data=aaa42e042f000000000000000000ff8e
WFR t=28299 src=mcu type=0x01 len=16 data=aaa5232c00000000000000000000a026
WFI t=28300 a=-1736,-3823,39 g=-6,2,-10
WFI t=28302 a=-1736,-3823,39 g=-6,2,-10
WFI t=28305 a=-1728,-3829,44 g=-1,5,-9
WFI t=28307 a=-1728,-3829,44 g=-1,5,-9
WFR t=28330 src=mcu type=0x01 len=16 data=aaa6000000000000000000000000b4ce
WFR t=28350 src=mcu type=0x01 len=16 data=aaa7000000000000000000000000b64f
WFI t=28354 a=-1749,-3812,50 g=-3,5,-5
WFR t=28390 src=mcu type=0x01 len=16 data=aaa801801b000000400052a8194013c9
WFI t=28404 a=-1736,-3805,40 g=0,-1,-2
WFR t=28410 src=mcu type=0x01 len=16 data=aaa9028288135c4488132400ec02f999
WFR t=28450 src=mcu type=0x01 len=16 data=aaaa01180080000000000000ffff4617
WFI t=28455 a=-1744,-3809,56 g=-1,0,-11
WFR t=28470 src=mcu type=0x01 len=16 data=aaab2e042f000000000000000000eb81
WFR t=28490 src=mcu type=0x01 len=16 data=aaac232c00000000000000000000bdef
WFI t=28504 a=-1759,-3820,38 g=-9,-16,0
WFR t=28530 src=mcu type=0x01 len=16 data=aaad0048005f00021000000100801d27
WFR t=28550 src=mcu type=0x01 len=16 data=aaae55f04b0b18000000803a40005cef
WFI t=28554 a=-1724,-3815,44 g=-1,-7,0
WFR t=28590 src=mcu type=0x01 len=16 data=aaaf08610005460c2f78a00f090076a9
WFI t=28604 a=-1745,-3829,38 g=1,10,-12
WFR t=28610 src=mcu type=0x01 len=16 data=aab001180080000000000000ffff608d
WFR t=28630 src=mcu type=0x01 len=16 data=aab12e042f000000000000000000cd1b
WFI t=28654 a=-1739,-3804,47 g=-3,8,-8
WFR t=28670 src=mcu type=0x01 len=16 data=aab2232c0000000000000000000095f1
WFR t=28690 src=mcu type=0x01 len=16 data=aab3014a02050030000488001b007188
WFI t=28704 a=-1746,-3807,43 g=-1,-8,-2
WFR t=28730 src=mcu type=0x01 len=16 data=aab400009f0ca90c9a0c540600001589
WFR t=28750 src=mcu type=0x01 len=16 data=aab51b00e8517918060ebb0ab0009858
WFI t=28755 a=-1743,-3808,37 g=-5,-10,-2
WFR t=28770 src=mcu type=0x01 len=16 data=aab6050804080080cb020122f13fc622
WFI t=28804 a=-1733,-3808,41 g=-4,-7,-3
WFR t=28810 src=mcu type=0x01 len=16 data=aa8001180080000000000000ffff217d
WFR t=28830 src=mcu type=0x01 len=16 data=aa812e042f0000000000000000008ceb
WFI t=28854 a=-1734,-3808,32 g=2,-1,-5
WFR t=28870 src=mcu type=0x01 len=16 data=aa82232c00000000000000000000d401
WFR t=28890 src=mcu type=0x01 len=16 data=aa83000100011101b70111019f00058c
WFI t=28904 a=-1736,-3820,48 g=-2,2,-5
WFR t=28910 src=mcu type=0x01 len=16 data=aa840000090a10560001310051c45a55
WFR t=28950 src=mcu type=0x01 len=16 data=aa8513088003e204080b1000507864d4
WFI t=28954 a=-1744,-3805,39 g=-3,1,-5
WFR t=28970 src=mcu type=0x01 len=16 data=aa868403f4010400a00f8813c003f9eb
WFI t=29004 a=-1755,-3813,38 g=-5,2,-8
WFR t=29010 src=mcu type=0x01 len=16 data=aa8701180080000000000000ffff2a3a
WFR t=29030 src=mcu type=0x01 len=16 data=aa882e042f0000000000000000009122
WFI t=29055 a=-1756,-3817,40 g=-6,-10,-1
WFR t=29070 src=mcu type=0x01 len=16 data=aa89232c00000000000000000000ce8a
WFR t=29090 src=mcu type=0x01 len=16 data=aa8a480c1c0207284901230020001521
WFI t=29105 a=-1744,-3814,37 g=-3,-8,-1
WFR t=29110 src=mcu type=0x01 len=16 data=aa8b40005c03474c775419031a0e80f3
WFR t=29151 src=mcu type=0x01 len=16 data=aa8c2225bf0420034006b80b3e02672c
WFI t=29154 a=-1733,-3810,37 g=2,5,-10
WFR t=29170 src=mcu type=0x01 len=16 data=aa8d800c800000006c07102780008244
WFI t=29204 a=-1749,-3811,25 g=-1,4,-7
WFR t=29210 src=mcu type=0x01 len=16 data=aa8e01180080000000000000ffff37f3
WFR t=29230 src=mcu type=0x01 len=16 data=aa8f2e042f0000000000000000009a65
WFR t=29250 src=mcu type=0x01 len=16 data=aa90232c00000000000000000000edd3
WFI t=29254 a=-1744,-3816,17 g=-3,-10,2
WFR t=29290 src=mcu type=0x01 len=16 data=aa910b000f00465a667332000b9ed1a0
WFI t=29304 a=-1744,-3815,44 g=-1,-9,0
WFR t=29310 src=mcu type=0x01 len=16 data=aa92000000000000000000000000fbba
WFR t=29350 src=mcu type=0x01 len=16 data=aa93d804480804242c01c003214fe1ad
WFI t=29355 a=-1752,-3808,38 g=-6,0,-8
WFR t=29370 src=mcu type=0x01 len=16 data=aa94f0f465fffffff8080d00412af645
WFR t=29390 src=mcu type=0x01 len=16 data=aa9501180080000000000000ffff13e8
WFI t=29404 a=-1744,-3816,52 g=-3,2,-8
WFR t=29430 src=mcu type=0x01 len=16 data=aa962e042f000000000000000000b93c
WFR t=29450 src=mcu type=0x01 len=16 data=aa97232c00000000000000000000e694
WFI t=29454 a=-1745,-3811,45 g=-1,-3,-4
WFR t=29490 src=mcu type=0x01 len=16 data=aa9807010200000056117eea00007aa4
WFI t=29504 a=-1734,-3819,46 g=-5,-10,-1
WFR t=29510 src=mcu type=0x01 len=16 data=aa991d00ab04a08c64502748395e1e28
WFR t=29550 src=mcu type=0x01 len=16 data=aa9a646464625f5d5b5955010101d546
WFI t=29554 a=-1737,-3812,33 g=-1,1,-4
WFR t=29570 src=mcu type=0x01 len=16 data=aa9b0101010100000000fbfbecd30e91
WFR t=29590 src=mcu type=0x01 len=16 data=aa9c01180080000000000000ffff0e21
WFI t=29604 a=-1751,-3821,43 g=-6,1,-8
WFR t=29630 src=mcu type=0x01 len=16 data=aa9d2e042f000000000000000000a3b7
WFR t=29650 src=mcu type=0x01 len=16 data=aa9e232c00000000000000000000fb5d
WFI t=29654 a=-1743,-3805,40 g=-6,-2,-3
WFR t=29690 src=mcu type=0x01 len=16 data=aa9fb5a1b0bfd800000000000000dfe1
WFI t=29704 a=-1746,-3830,33 g=-2,-1,-5
WFR t=29710 src=mcu type=0x01 len=16 data=aaa000000000020c000035006a00d1bd
WFR t=29730 src=mcu type=0x01 len=16 data=aaa188044a5357583036323430360894
WFI t=29754 a=-1731,-3811,30 g=5,1,-5
WFR t=29770 src=mcu type=0x01 len=16 data=aaa231344e4242463930333500005e71
WFR t=29790 src=mcu type=0x01 len=16 data=aaa301180080000000000000feff5a4e
WFI t=29804 a=-1749,-3815,48 g=-6,-6,-2
WFR t=29830 src=mcu type=0x01 len=16 data=aaa42e042f000000000000000000ff8e
WFR t=29850 src=mcu type=0x01 len=16 data=aaa5232c00000000000000000000a026
WFI t=29854 a=-1734,-3819,42 g=1,1,-5
WFR t=29870 src=mcu type=0x01 len=16 data=aaa6000000000000000000000000b4ce
WFI t=29904 a=-1750,-3805,51 g=-7,-4,-6
WFR t=29910 src=mcu type=0x01 len=16 data=aaa7000000000000000000000000b64f
WFR t=29930 src=mcu type=0x01 len=16 data=aaa801801b000000400052a8194013c9
WFI t=29954 a=-1739,-3821,40 g=-2,-12,1
WFR t=29970 src=mcu type=0x01 len=16 data=aaa9028288135c4488132400ec02f999
WFR t=29990 src=mcu type=0x01 len=16 data=aaaa01180080000000000000ffff4617
WFI t=30004 a=-1731,-3817,42 g=-2,6,-9
WFR t=30010 src=mcu type=0x01 len=16 data=aaab2e042f000000000000000000eb81
WFI t=30080 a=-1756,-3831,43 g=1,9,-8
WFR t=30159 src=mcu type=0x01 len=16 data=aaac232c00000000000000000000bdef
WFR t=30159 src=mcu type=0x01 len=16 data=aaad0048005f00021000000100801d27
WFR t=30159 src=mcu type=0x01 len=16 data=aaae55f04b0b18000000803a40005cef
WFR t=30160 src=mcu type=0x01 len=16 data=aaaf08610005460c2f78a00f090076a9
WFI t=30160 a=-1741,-3812,40 g=0,-21,5
WFI t=30162 a=-1729,-3820,39 g=-4,-18,3
WFR t=30170 src=mcu type=0x01 len=16 data=aab00118008000000000ffffffff60a9
WFR t=30190 src=mcu type=0x01 len=16 data=aab12e042f000000000000000000cd1b
WFI t=30204 a=-1725,-3827,42 g=-1,3,-5
WFR t=30210 src=mcu type=0x01 len=16 data=aab2232c0000000000000000000095f1
WFR t=30250 src=mcu type=0x01 len=16 data=aab3014a02050030000488001b007188
WFI t=30254 a=-1739,-3809,40 g=0,14,-15
WFR t=30270 src=mcu type=0x01 len=16 data=aab400009f0ca90c9a0c540600001589
WFI t=30304 a=-1759,-3817,47 g=-3,1,-5
WFR t=30310 src=mcu type=0x01 len=16 data=aab51b00e8517918060ec20ab0008104
WFR t=30330 src=mcu type=0x01 len=16 data=aab6050804080080cb020122f13fc622
WFR t=30350 src=mcu type=0x01 len=16 data=aa8001180080000000000000feff20ed
WFI t=30354 a=-1748,-3801,17 g=-5,-19,0
WFR t=30391 src=mcu type=0x01 len=16 data=aa812e042f0000000000000000008ceb
WFI t=30404 a=-1744,-3814,39 g=2,-14,1
WFR t=30410 src=mcu type=0x01 len=16 data=aa82232c00000000000000000000d401
WFR t=30450 src=mcu type=0x01 len=16 data=aa83000100011101b70111019f00058c
WFI t=30454 a=-1735,-3809,45 g=-2,8,-9
WFR t=30470 src=mcu type=0x01 len=16 data=aa840000090a10560001310051c45a55
WFR t=30490 src=mcu type=0x01 len=16 data=aa8513088003e204080b1000507864d4
WFI t=30504 a=-1750,-3821,40 g=-3,11,-14
WFR t=30530 src=mcu type=0x01 len=16 data=aa868403f4010400a00f8813c003f9eb
WFR t=30550 src=mcu type=0x01 len=16 data=aa8701180080000000000000ffff2a3a
WFI t=30554 a=-1749,-3819,39 g=-6,2,-4
WFR t=30590 src=mcu type=0x01 len=16 data=aa882e042f0000000000000000009122
WFI t=30604 a=-1742,-3820,33 g=-6,-11,-2
WFR t=30610 src=mcu type=0x01 len=16 data=aa89232c00000000000000000000ce8a
WFR t=30630 src=mcu type=0x01 len=16 data=aa8a480c1c0207284901230020001521
WFI t=30654 a=-1734,-3807,37 g=-3,-9,2
WFR t=30670 src=mcu type=0x01 len=16 data=aa8b40005c03474c775419031a0e80f3
WFR t=30690 src=mcu type=0x01 len=16 data=aa8c2225bf0420034006b80b3e02672c
WFI t=30704 a=-1730,-3812,47 g=-3,-1,-9
WFR t=30730 src=mcu type=0x01 len=16 data=aa8d800c800000006c07102780008244
WFR t=30750 src=mcu type=0x01 len=16 data=aa8e01180080000000000000ffff37f3
WFI t=30754 a=-1750,-3817,31 g=-4,8,-12
WFT t=30767 batt_mv=4190 rssi_mcu=-74 rssi_bms=-85 mcu=1094 bms=65 dropped=0
WFR t=30790 src=mcu type=0x01 len=16 data=aa8f2e042f0000000000000000009a65
WFI t=30804 a=-1754,-3803,38 g=-2,-6,-4
WFR t=30811 src=mcu type=0x01 len=16 data=aa90232c00000000000000000000edd3
WFR t=30830 src=mcu type=0x01 len=16 data=aa910b000f00465a667332000b9ed1a0
WFI t=30854 a=-1737,-3823,35 g=-3,0,-3
WFR t=30891 src=mcu type=0x01 len=16 data=aa92000000000000000000000000fbba
WFR t=30891 src=mcu type=0x01 len=16 data=aa93d804480804242c01c003214fe1ad
WFI t=30904 a=-1749,-3808,40 g=-5,-4,-5
WFR t=30930 src=mcu type=0x01 len=16 data=aa94f0f465fffffff8080d00412af645
WFR t=30950 src=mcu type=0x01 len=16 data=aa9501180080000000000000feff1278
WFI t=30954 a=-1737,-3810,44 g=-1,-12,6
WFR t=30970 src=mcu type=0x01 len=16 data=aa962e042f000000000000000000b93c
WFI t=31004 a=-1719,-3810,48 g=-4,-3,-5
WFR t=31010 src=mcu type=0x01 len=16 data=aa97232c00000000000000000000e694
WFR t=31030 src=mcu type=0x01 len=16 data=aa9807010200000056117eea00007aa4
WFI t=31054 a=-1743,-3813,41 g=-1,11,-14
WFR t=31070 src=mcu type=0x01 len=16 data=aa991d00ab04a08c64502748395e1e28
WFR t=31090 src=mcu type=0x01 len=16 data=aa9a646464625f5d5b5955010101d546
WFI t=31104 a=-1740,-3799,42 g=0,-7,-2
WFR t=31110 src=mcu type=0x01 len=16 data=aa9b0101010100000000fbfbecd30e91
WFR t=31150 src=mcu type=0x01 len=16 data=aa9c01180080000000000000ffff0e21
WFI t=31154 a=-1743,-3820,38 g=1,-3,-2
WFR t=31171 src=mcu type=0x01 len=16 data=aa9d2e042f000000000000000000a3b7
WFI t=31204 a=-1745,-3818,34 g=-6,-4,-6
WFR t=31210 src=mcu type=0x01 len=16 data=aa9e232c00000000000000000000fb5d
WFR t=31230 src=mcu type=0x01 len=16 data=aa9fb5a1b0bfd800000000000000dfe1
WFI t=31254 a=-1747,-3816,43 g=-3,-3,1
WFR t=31270 src=mcu type=0x01 len=16 data=aaa000000000020c000035006a00d1bd
WFR t=31290 src=mcu type=0x01 len=16 data=aaa188044a5357583036323430360894
WFR t=31346 src=mcu type=0x01 len=16 data=aaa231344e4242463930333500005e71
WFI t=31346 a=-1739,-3826,27 g=0,13,-12
WFR t=31351 src=mcu type=0x01 len=16 data=aaa301180080000000000000feff5a4e
WFI t=31354 a=-1735,-3813,43 g=-1,9,-10
WFR t=31370 src=mcu type=0x01 len=16 data=aaa42e042f000000000000000000ff8e
WFI t=31404 a=-1733,-3813,45 g=-5,-15,2
WFR t=31410 src=mcu type=0x01 len=16 data=aaa5232c00000000000000000000a026
WFR t=31430 src=mcu type=0x01 len=16 data=aaa6000000000000000000000000b4ce
WFR t=31450 src=mcu type=0x01 len=16 data=aaa7000000000000000000000000b64f
WFI t=31454 a=-1717,-3813,35 g=-3,-5,0
WFR t=31490 src=mcu type=0x01 len=16 data=aaa801801b000000400052a8194013c9
WFI t=31504 a=-1745,-3810,43 g=-7,3,-12
WFR t=31510 src=mcu type=0x01 len=16 data=aaa9028288135c4488132400ec02f999
WFR t=31550 src=mcu type=0x01 len=16 data=aaaa01180080000000000000ffff4617
WFI t=31554 a=-1745,-3813,42 g=3,10,-5
WFR t=31570 src=mcu type=0x01 len=16 data=aaab2e042f000000000000000000eb81
WFR t=31590 src=mcu type=0x01 len=16 data=aaac232c00000000000000000000bdef
WFI t=31604 a=-1742,-3816,48 g=-8,-10,-5
WFR t=31630 src=mcu type=0x01 len=16 data=aaad0048005f00021000000100801d27
WFR t=31650 src=mcu type=0x01 len=16 data=aaae55f04b0b18000000803a40005cef
WFI t=31654 a=-1732,-3807,42 g=1,-6,2
WFI t=31704 a=-1742,-3801,39 g=-5,-8,-4
WFR t=31711 src=mcu type=0x01 len=16 data=aaaf08610005460c2f78a00f090076a9
WFR t=31711 src=mcu type=0x01 len=16 data=aab001180080000000000000ffff608d
WFR t=31730 src=mcu type=0x01 len=16 data=aab12e042f000000000000000000cd1b
WFI t=31754 a=-1732,-3816,34 g=-5,9,-5
WFR t=31770 src=mcu type=0x01 len=16 data=aab2232c0000000000000000000095f1
WFR t=31790 src=mcu type=0x01 len=16 data=aab3014a02050030000488001b007188
WFI t=31804 a=-1752,-3815,41 g=-1,3,-10
WFR t=31830 src=mcu type=0x01 len=16 data=aab400009f0ca90c9a0c540600001589
WFR t=31850 src=mcu type=0x01 len=16 data=aab51b00e8517918060ec20ab0008104
WFI t=31854 a=-1749,-3811,49 g=-2,-4,-1
WFR t=31890 src=mcu type=0x01 len=16 data=aab6050804080080cb020122f13fc622
WFI t=31904 a=-1740,-3795,47 g=-3,-12,1
WFR t=31910 src=mcu type=0x01 len=16 data=aa8001180080000000000000ffff217d
WFR t=31930 src=mcu type=0x01 len=16 data=aa812e042f0000000000000000008ceb
WFI t=31954 a=-1740,-3802,37 g=2,6,-6
WFR t=31970 src=mcu type=0x01 len=16 data=aa82232c00000000000000000000d401
WFR t=31990 src=mcu type=0x01 len=16 data=aa83000100011101b70111019f00058c
WFI t=32004 a=-1748,-3818,35 g=-9,-7,-7
WFR t=32030 src=mcu type=0x01 len=16 data=aa840000090a10560001310051c45a55
WFI t=32156 a=-1738,-3803,44 g=-4,-10,-5
WFR t=32229 src=mcu type=0x01 len=16 data=aa8513088003e204080b1000507864d4
WFR t=32229 src=mcu type=0x01 len=16 data=aa868403f4010400a00f8813c003f9eb
WFI t=32306 a=-1743,-3800,25 g=-3,10,-7
WFR t=32321 src=mcu type=0x01 len=16 data=aa8701180080000000000000ffff2a3a
WFR t=32321 src=mcu type=0x01 len=16 data=aa882d042f0000000000000000009526
WFR t=32321 src=mcu type=0x01 len=16 data=aa89232c00000000000000000000ce8a
WFR t=32322 src=mcu type=0x01 len=16 data=aa8a480c1c0207284901230020001521
WFR t=32322 src=mcu type=0x01 len=16 data=aa8b40005c03474c775419031a0e80f3
WFR t=32322 src=mcu type=0x01 len=16 data=aa8c2225bf0420034006b80b3e02672c
WFR t=32322 src=mcu type=0x01 len=16 data=aa8d800c800000006c07102780008244
WFI t=32322 a=-1739,-3803,48 g=-5,-8,-5
WFR t=32322 src=mcu type=0x01 len=16 data=aa8e01180080000000000000ffff37f3
WFI t=32324 a=-1737,-3816,55 g=-1,2,-5
WFI t=32326 a=-1745,-3814,47 g=0,3,-7
WFI t=32328 a=-1745,-3814,47 g=0,3,-7
WFR t=32330 src=mcu type=0x01 len=16 data=aa8f2e042f0000000000000000009a65
WFI t=32354 a=-1740,-3818,28 g=1,7,-7
WFR t=32370 src=mcu type=0x01 len=16 data=aa90232c00000000000000000000edd3
WFR t=32390 src=mcu type=0x01 len=16 data=aa910b000f00465a667332000b9ed1a0
WFI t=32404 a=-1745,-3812,33 g=2,3,-8
WFR t=32410 src=mcu type=0x01 len=16 data=aa92000000000000000000000000fbba
WFR t=32450 src=mcu type=0x01 len=16 data=aa93d804480804242c01c003214fe1ad
WFI t=32454 a=-1743,-3806,33 g=-1,-8,-1
WFR t=32470 src=mcu type=0x01 len=16 data=aa94f0f465fffffff8080d00412af645
WFI t=32504 a=-1734,-3804,67 g=0,-9,2
WFR t=32511 src=mcu type=0x01 len=16 data=aa950118008000000000ffffffff13cc
WFR t=32530 src=mcu type=0x01 len=16 data=aa962d042f000000000000000000bd38
WFR t=32550 src=mcu type=0x01 len=16 data=aa97232c00000000000000000000e694
WFI t=32554 a=-1730,-3815,33 g=-3,-2,-6
WFR t=32590 src=mcu type=0x01 len=16 data=aa9807010200000056117eea00007aa4
WFI t=32604 a=-1754,-3814,48 g=-9,-2,-8
WFR t=32610 src=mcu type=0x01 len=16 data=aa991d00ab04a08c64502748395e1e28
WFR t=32650 src=mcu type=0x01 len=16 data=aa9a646464625f5d5b5955010101d546
WFI t=32654 a=-1739,-3799,45 g=0,-8,1
WFR t=32670 src=mcu type=0x01 len=16 data=aa9b0101010100000000fbfbecd30e91
WFR t=32690 src=mcu type=0x01 len=16 data=aa9c01180080000000000000ffff0e21
WFI t=32704 a=-1728,-3804,37 g=-6,-3,-6
WFR t=32730 src=mcu type=0x01 len=16 data=aa9d2d042f000000000000000000a7b3
WFR t=32750 src=mcu type=0x01 len=16 data=aa9e232c00000000000000000000fb5d
WFI t=32754 a=-1754,-3822,52 g=0,7,-9
WFR t=32790 src=mcu type=0x01 len=16 data=aa9fb5a1b0bfd800000000000000dfe1
WFI t=32804 a=-1741,-3824,35 g=-2,-3,-4
WFR t=32810 src=mcu type=0x01 len=16 data=aaa000000000020c000035006a00d1bd
WFR t=32830 src=mcu type=0x01 len=16 data=aaa188044a5357583036323430360894
WFI t=32854 a=-1754,-3820,56 g=-1,-12,4
WFR t=32870 src=mcu type=0x01 len=16 data=aaa231344e4242463930333500005e71
WFR t=32891 src=mcu type=0x01 len=16 data=aaa301180080000000000000ffff5bde
WFI t=32904 a=-1736,-3814,46 g=-5,-4,-6
WFR t=32930 src=mcu type=0x01 len=16 data=aaa42d042f000000000000000000fb8a
WFR t=32950 src=mcu type=0x01 len=16 data=aaa5232c00000000000000000000a026
WFI t=32954 a=-1746,-3817,67 g=-7,-7,-6
WFR t=32990 src=mcu type=0x01 len=16 data=aaa6000000000000000000000000b4ce
WFI t=33004 a=-1741,-3811,46 g=3,6,1
WFR t=33010 src=mcu type=0x01 len=16 data=aaa7000000000000000000000000b64f
WFR t=33030 src=mcu type=0x01 len=16 data=aaa801801b000000400052a8194013c9
WFI t=33054 a=-1774,-3812,36 g=2,11,-2
WFR t=33070 src=mcu type=0x01 len=16 data=aaa9028288135c4488132400ec02f999
WFR t=33091 src=mcu type=0x01 len=16 data=aaaa01180080000000000000ffff4617
WFI t=33104 a=-1767,-3795,36 g=2,-15,26
WFR t=33130 src=mcu type=0x01 len=16 data=aaab2d042f000000000000000000ef85
WFR t=33150 src=mcu type=0x01 len=16 data=aaac232c00000000000000000000bdef
WFI t=33154 a=-1756,-3813,49 g=2,-61,40
WFR t=33170 src=mcu type=0x01 len=16 data=aaad0048005f00021000000100801d27
WFI t=33204 a=-1748,-3807,79 g=0,-31,38
WFR t=33210 src=mcu type=0x01 len=16 data=aaae55f04b0b18000000803a40005cef
WFR t=33230 src=mcu type=0x01 len=16 data=aaaf08610005460c2f78a00f090076a9
WFI t=33254 a=-1838,-3827,23 g=20,9,78
WFR t=33271 src=mcu type=0x01 len=16 data=aab001180080000000000000ffff608d
WFR t=33290 src=mcu type=0x01 len=16 data=aab12d042f000000000000000000c91f
WFI t=33304 a=-1864,-3764,61 g=-18,-54,108
WFR t=33310 src=mcu type=0x01 len=16 data=aab2232c0000000000000000000095f1
WFR t=33350 src=mcu type=0x01 len=16 data=aab3014a02050030000488001b007188
WFI t=33354 a=-1858,-3783,137 g=43,-84,198
WFR t=33371 src=mcu type=0x01 len=16 data=aab400009f0ca90c9a0c540600001589
WFI t=33404 a=-1838,-3740,44 g=53,-58,220
WFR t=33410 src=mcu type=0x01 len=16 data=aab51b00e8517918060e080bb000ef1c
WFR t=33451 src=mcu type=0x01 len=16 data=aab6050804080080cb020122f13fc622
WFR t=33451 src=mcu type=0x01 len=16 data=aa8001180080000000000000feff20ed
WFI t=33454 a=-1803,-3745,117 g=6,-46,157
WFR t=33490 src=mcu type=0x01 len=16 data=aa812d042f00000000000000000088ef
WFI t=33504 a=-1859,-3725,67 g=26,-14,59
WFR t=33510 src=mcu type=0x01 len=16 data=aa82232c00000000000000000000d401
WFR t=33550 src=mcu type=0x01 len=16 data=aa83000100011101b70111019f00058c
WFI t=33554 a=-1936,-3715,109 g=29,-18,7
WFR t=33570 src=mcu type=0x01 len=16 data=aa840000090a10560001310051c45a55
WFI t=33604 a=-2005,-3698,96 g=32,-99,30
WFR t=33610 src=mcu type=0x01 len=16 data=aa8513088003e204080b1000507864d4
WFR t=33630 src=mcu type=0x01 len=16 data=aa868403f4010400a00f8813c003f9eb
WFR t=33651 src=mcu type=0x01 len=16 data=aa8701180080000000000000ffff2a3a
WFI t=33654 a=-1902,-3722,137 g=-18,-36,85
WFR t=33691 src=mcu type=0x01 len=16 data=aa882d042f0000000000000000009526
WFI t=33704 a=-1793,-3710,97 g=-4,41,-6
WFR t=33710 src=mcu type=0x01 len=16 data=aa89232c00000000000000000000ce8a
WFR t=33750 src=mcu type=0x01 len=16 data=aa8a480c1c0207284901230020001521
WFI t=33754 a=-1764,-3698,41 g=-91,56,-204
WFR t=33770 src=mcu type=0x01 len=16 data=aa8b40005c03474c775419031a0e80f3
WFR t=33790 src=mcu type=0x01 len=16 data=aa8c2225bf0420034006b80b3e02672c
WFI t=33804 a=-1805,-3776,128 g=-70,148,-342
WFR t=33830 src=mcu type=0x01 len=16 data=aa8d800c800000006c07102780008244
WFR t=33851 src=mcu type=0x01 len=16 data=aa8e01180080000000000000ffff37f3
WFI t=33854 a=-1913,-3803,85 g=-15,105,-370
WFR t=33890 src=mcu type=0x01 len=16 data=aa8f2d042f0000000000000000009e61
WFI t=33904 a=-2123,-3843,128 g=51,30,-112
WFR t=33910 src=mcu type=0x01 len=16 data=aa90232c00000000000000000000edd3
WFR t=33930 src=mcu type=0x01 len=16 data=aa910b000f00465a667332000b9ed1a0
WFI t=33954 a=-1898,-3772,26 g=19,-57,165
WFR t=33970 src=mcu type=0x01 len=16 data=aa92000000000000000000000000fbba
WFR t=33991 src=mcu type=0x01 len=16 data=aa93d804480804242c01c003214fe1ad
WFI t=34004 a=-1854,-3818,113 g=-15,-122,261
WFR t=34030 src=mcu type=0x01 len=16 data=aa94f0f465fffffff8080d00412af645
WFR t=34051 src=mcu type=0x01 len=16 data=aa9501180080000000000000ffff13e8
WFI t=34054 a=-1763,-3759,64 g=-20,-65,217
WFR t=34146 src=mcu type=0x01 len=16 data=aa962d042f000000000000000000bd38
WFR t=34147 src=mcu type=0x01 len=16 data=aa97232c00000000000000000000e694
WFR t=34147 src=mcu type=0x01 len=16 data=aa9807010200000056117eea00007aa4
WFI t=34149 a=-1577,-3786,17 g=-95,60,-223
WFI t=34156 a=-1564,-3786,4 g=-104,74,-282
WFR t=34173 src=mcu type=0x01 len=16 data=aa991d00ab04a08c64502748395e1e28
WFR t=34267 src=mcu type=0x01 len=16 data=aa9a646464625f5d5b5955010101d546
WFR t=34267 src=mcu type=0x01 len=16 data=aa9b0101010100000000fbfbecd30e91
WFR t=34267 src=mcu type=0x01 len=16 data=aa9c01180080000000000000ffff0e21
WFI t=34268 a=-1970,-3838,15 g=23,295,-212
WFR t=34270 src=mcu type=0x01 len=16 data=aa9d2d042f000000000000000000a7b3
WFI t=34271 a=-1926,-3818,55 g=19,269,-130
WFI t=34304 a=-1856,-3755,0 g=-10,37,-55
WFR t=34310 src=mcu type=0x01 len=16 data=aa9e232c00000000000000000000fb5d
WFR t=34330 src=mcu type=0x01 len=16 data=aa9fb5a1b0bfd800000000000000dfe1
WFI t=34354 a=-1789,-3786,-42 g=4,-64,28
WFR t=34370 src=mcu type=0x01 len=16 data=aaa000000000020c000035006a00d1bd
WFR t=34390 src=mcu type=0x01 len=16 data=aaa188044a5357583036323430360894
WFI t=34404 a=-1780,-3796,56 g=-32,-241,104
WFR t=34410 src=mcu type=0x01 len=16 data=aaa231344e4242463930333500005e71
WFR t=34451 src=mcu type=0x01 len=16 data=aaa301180080000000000000ffff5bde
WFI t=34454 a=-1729,-3754,-18 g=10,2,137
WFR t=34471 src=mcu type=0x01 len=16 data=aaa42d042f000000000000000000fb8a
WFI t=34504 a=-1504,-3853,52 g=-33,-127,-45
WFR t=34510 src=mcu type=0x01 len=16 data=aaa5232c00000000000000000000a026
WFR t=34530 src=mcu type=0x01 len=16 data=aaa6000000000000000000000000b4ce
WFR t=34550 src=mcu type=0x01 len=16 data=aaa7000000000000000000000000b64f
WFI t=34554 a=-1752,-3803,-25 g=7,246,-183
WFR t=34590 src=mcu type=0x01 len=16 data=aaa801801b000000400052a8194013c9
WFI t=34604 a=-1863,-3785,-45 g=8,48,-11
WFR t=34610 src=mcu type=0x01 len=16 data=aaa9028288135c4488132400ec02f999
WFR t=34651 src=mcu type=0x01 len=16 data=aaaa01180080000000000000ffff4617
WFI t=34654 a=-1711,-3816,-5 g=-12,-124,42
WFR t=34670 src=mcu type=0x01 len=16 data=aaab2d042f000000000000000000ef85
WFI t=34704 a=-1703,-3833,-9 g=1,-36,1
WFR t=34711 src=mcu type=0x01 len=16 data=aaac232c00000000000000000000bdef
WFR t=34730 src=mcu type=0x01 len=16 data=aaad0048005f00021000000100801d27
WFR t=34750 src=mcu type=0x01 len=16 data=aaae55f04b0b18000000803a40005cef
WFI t=34754 a=-1758,-3811,-11 g=-14,-23,4
WFR t=34790 src=mcu type=0x01 len=16 data=aaaf08610005460c2f78a00f090076a9
WFI t=34804 a=-1690,-3819,-13 g=3,37,3
WFR t=34811 src=mcu type=0x01 len=16 data=aab001180080000000000000ffff608d
WFR t=34850 src=mcu type=0x01 len=16 data=aab12d042f000000000000000000c91f
WFI t=34854 a=-1733,-3816,-18 g=-12,39,-60
WFR t=34906 src=mcu type=0x01 len=16 data=aab2232c0000000000000000000095f1
WFR t=34906 src=mcu type=0x01 len=16 data=aab3014a02050030000488001b007188
WFI t=34916 a=-1778,-3814,-34 g=1,0,-19
WFR t=34930 src=mcu type=0x01 len=16 data=aab400009f0ca90c9a0c540600001589
WFR t=34950 src=mcu type=0x01 len=16 data=aab51b00e8517918060ee10ab0008a80
WFI t=34954 a=-1710,-3837,-28 g=-6,-34,16
WFR t=34990 src=mcu type=0x01 len=16 data=aab6050804080080cb020122f13fc622
WFI t=35004 a=-1712,-3826,10 g=-5,19,-21
WFR t=35011 src=mcu type=0x01 len=16 data=aa8001180080000000000000feff20ed
WFR t=35030 src=mcu type=0x01 len=16 data=aa812d042f00000000000000000088ef
WFI t=35054 a=-1782,-3815,-6 g=-8,-30,4
WFR t=35070 src=mcu type=0x01 len=16 data=aa82232c00000000000000000000d401
WFR t=35090 src=mcu type=0x01 len=16 data=aa83000100011101b70111019f00058c
WFI t=35104 a=-1716,-3817,-8 g=-5,-66,44
WFR t=35131 src=mcu type=0x01 len=16 data=aa840000090a10560001310051c45a55
WFR t=35150 src=mcu type=0x01 len=16 data=aa8513088003e204080b1000507864d4
WFI t=35154 a=-1671,-3815,-31 g=-3,8,-25
WFR t=35190 src=mcu type=0x01 len=16 data=aa868403f4010400a00f8813c003f9eb
WFI t=35204 a=-1749,-3820,0 g=7,69,-43
WFR t=35211 src=mcu type=0x01 len=16 data=aa8701180080000000000000ffff2a3a
WFR t=35230 src=mcu type=0x01 len=16 data=aa882d042f0000000000000000009526
WFI t=35254 a=-1733,-3816,-24 g=-4,39,-35
WFR t=35270 src=mcu type=0x01 len=16 data=aa89232c00000000000000000000ce8a
WFR t=35290 src=mcu type=0x01 len=16 data=aa8a480c1c0207284901230020001521
WFI t=35304 a=-1756,-3831,7 g=-5,-4,2
WFR t=35330 src=mcu type=0x01 len=16 data=aa8b40005c03474c775419031a0e80f3
WFR t=35350 src=mcu type=0x01 len=16 data=aa8c2225bf0420034006b80b3e02672c
WFI t=35354 a=-1731,-3825,-25 g=-15,-63,14
WFR t=35370 src=mcu type=0x01 len=16 data=aa8d800c800000006c07102780008244
WFI t=35404 a=-1685,-3815,-6 g=0,-34,8
WFR t=35411 src=mcu type=0x01 len=16 data=aa8e01180080000000000000feff3663
WFR t=35431 src=mcu type=0x01 len=16 data=aa8f2d042f0000000000000000009e61
WFI t=35454 a=-1652,-3808,-24 g=-2,61,-56
WFR t=35470 src=mcu type=0x01 len=16 data=aa90232c00000000000000000000edd3
WFR t=35490 src=mcu type=0x01 len=16 data=aa910b000f00465a667332000b9ed1a0
WFI t=35504 a=-1691,-3834,-2 g=6,81,-22
WFR t=35510 src=mcu type=0x01 len=16 data=aa92000000000000000000000000fbba
WFR t=35551 src=mcu type=0x01 len=16 data=aa93d804480804242c01c003214fe1ad
WFI t=35554 a=-1715,-3836,-27 g=-1,81,-44
WFR t=35570 src=mcu type=0x01 len=16 data=aa94f0f465fffffff8080d00412af645
WFI t=35604 a=-1748,-3828,-28 g=2,56,-19
WFR t=35611 src=mcu type=0x01 len=16 data=aa9501180080000000000000ffff13e8
WFR t=35630 src=mcu type=0x01 len=16 data=aa962d042f000000000000000000bd38
WFR t=35650 src=mcu type=0x01 len=16 data=aa97232c00000000000000000000e694
WFI t=35654 a=-1732,-3821,-46 g=-1,1,13
WFR t=35690 src=mcu type=0x01 len=16 data=aa9807010200000056117eea00007aa4
WFI t=35704 a=-1689,-3821,-24 g=-3,-21,24
WFR t=35710 src=mcu type=0x01 len=16 data=aa991d00ab04a08c64502748395e1e28
WFR t=35751 src=mcu type=0x01 len=16 data=aa9a646464625f5d5b5955010101d546
WFI t=35754 a=-1685,-3825,-33 g=-1,5,-3
WFR t=35771 src=mcu type=0x01 len=16 data=aa9b0101010100000000fbfbecd30e91
WFI t=35804 a=-1709,-3838,-30 g=-5,20,-15
WFR t=35811 src=mcu type=0x01 len=16 data=aa9c0118008000000000ffffffff0e05
WFR t=35830 src=mcu type=0x01 len=16 data=aa9d2e042f000000000000000000a3b7
WFR t=35850 src=mcu type=0x01 len=16 data=aa9e232c00000000000000000000fb5d
WFI t=35854 a=-1692,-3828,-31 g=-2,25,-22
WFT t=35867 batt_mv=4186 rssi_mcu=-70 rssi_bms=-83 mcu=1275 bms=65 dropped=0
WFR t=35890 src=mcu type=0x01 len=16 data=aa9fb5a1b0bfd800000000000000dfe1
WFI t=35904 a=-1706,-3838,-35 g=-9,0,-21
WFR t=35911 src=mcu type=0x01 len=16 data=aaa000000000020c000035006a00d1bd
WFR t=35950 src=mcu type=0x01 len=16 data=aaa188044a5357583036323430360894
WFI t=35954 a=-1723,-3830,-40 g=-2,-18,-2
WFR t=35971 src=mcu type=0x01 len=16 data=aaa231344e4242463930333500005e71
WFI t=36004 a=-1712,-3839,-33 g=-4,-40,11
WFR t=36011 src=mcu type=0x01 len=16 data=aaa30118008000000000fffffeff5a6a
WFR t=36031 src=mcu type=0x01 len=16 data=aaa42d042f000000000000000000fb8a
WFR t=36050 src=mcu type=0x01 len=16 data=aaa5232c00000000000000000000a026
WFI t=36054 a=-1677,-3831,-30 g=-4,-4,5
WFI t=36184 a=-1711,-3835,-23 g=-1,25,-20
WFR t=36185 src=mcu type=0x01 len=16 data=aaa6000000000000000000000000b4ce
WFR t=36185 src=mcu type=0x01 len=16 data=aaa7000000000000000000000000b64f
WFR t=36185 src=mcu type=0x01 len=16 data=aaa801801b000000400052a8194013c9
WFI t=36258 a=-1704,-3826,-26 g=-7,-7,-7
WFR t=36258 src=mcu type=0x01 len=16 data=aaa9028288135c4488132400ec02f999
WFR t=36258 src=mcu type=0x01 len=16 data=aaaa01180080000000000000feff4787
WFI t=36335 a=-1705,-3824,-44 g=-2,7,-6
WFR t=36350 src=mcu type=0x01 len=16 data=aaab2d042f000000000000000000ef85
WFI t=36351 a=-1708,-3835,-30 g=-3,-12,12
WFR t=36352 src=mcu type=0x01 len=16 data=aaac232c00000000000000000000bdef
WFR t=36352 src=mcu type=0x01 len=16 data=aaad0048005f00021000000100801d27
WFR t=36352 src=mcu type=0x01 len=16 data=aaae55f04b0b18000000803a40005cef
WFR t=36352 src=mcu type=0x01 len=16 data=aaaf08610005460c2f78a00f090076a9
WFI t=36353 a=-1685,-3839,-30 g=3,-5,10
WFI t=36355 a=-1685,-3833,-39 g=-2,-3,6
WFR t=36371 src=mcu type=0x01 len=16 data=aab00118008000000000ffffffff60a9
WFR t=36391 src=mcu type=0x01 len=16 data=aab12d042f000000000000000000c91f
WFI t=36404 a=-1690,-3846,-24 g=-1,14,-23
WFR t=36430 src=mcu type=0x01 len=16 data=aab2232c0000000000000000000095f1
WFR t=36450 src=mcu type=0x01 len=16 data=aab3014a02050030000488001b007188
WFI t=36454 a=-1732,-3817,-43 g=-2,6,-14
WFR t=36470 src=mcu type=0x01 len=16 data=aab400009f0ca90c9a0c540600001589
WFI t=36504 a=-1690,-3830,-35 g=-1,-19,10
WFR t=36511 src=mcu type=0x01 len=16 data=aab51b00e8517918060e8d0ab00097d0
WFR t=36530 src=mcu type=0x01 len=16 data=aab6050804080080cb020122f13fc622
WFI t=36554 a=-1684,-3825,-32 g=1,-1,-7
WFR t=36571 src=mcu type=0x01 len=16 data=aa8001180080000000000000ffff217d
WFR t=36590 src=mcu type=0x01 len=16 data=aa812d042f00000000000000000088ef
WFI t=36604 a=-1715,-3825,-21 g=-3,-13,1
WFR t=36610 src=mcu type=0x01 len=16 data=aa82232c00000000000000000000d401
WFR t=36650 src=mcu type=0x01 len=16 data=aa83000100011101b70111019f00058c
WFI t=36654 a=-1681,-3832,-38 g=-4,-15,6
WFR t=36670 src=mcu type=0x01 len=16 data=aa840000090a10560001310051c45a55
WFI t=36704 a=-1696,-3840,-46 g=6,34,-17
WFR t=36710 src=mcu type=0x01 len=16 data=aa8513088003e204080b1000507864d4
WFR t=36730 src=mcu type=0x01 len=16 data=aa868403f4010400a00f8813c003f9eb
WFR t=36751 src=mcu type=0x01 len=16 data=aa8701180080000000000000ffff2a3a
WFI t=36754 a=-1742,-3852,-45 g=-7,-1,-9
WFR t=36791 src=mcu type=0x01 len=16 data=aa882d042f0000000000000000009526
WFI t=36804 a=-1690,-3829,-32 g=1,-21,26
WFR t=36811 src=mcu type=0x01 len=16 data=aa89232c00000000000000000000ce8a
WFR t=36850 src=mcu type=0x01 len=16 data=aa8a480c1c0207284901230020001521
WFI t=36854 a=-1684,-3830,-43 g=-3,-3,-5
WFR t=36871 src=mcu type=0x01 len=16 data=aa8b40005c03474c775419031a0e80f3
WFE t=36877 bms stale, no frame for 10070 ms, dropping link
WFE t=36890 bms link down (stale) after 65 answers in 37362 ms, writes=89 err=0 silent=24 bytes=8385
WFE t=36903 bms disconnected reason=534
WFI t=36904 a=-1701,-3829,-43 g=0,36,-20
WFR t=36934 src=mcu type=0x01 len=16 data=aa8c2225bf0420034006b80b3e02672c
WFR t=36934 src=mcu type=0x01 len=16 data=aa8d800c800000006c07102780008244
WFR t=36950 src=mcu type=0x01 len=16 data=aa8e01180080000000000000ffff37f3
WFI t=36954 a=-1715,-3820,-43 g=-2,-6,-15
WFR t=36991 src=mcu type=0x01 len=16 data=aa8f2d042f0000000000000000009e61
WFI t=37004 a=-1694,-3827,-34 g=-3,-4,0
WFR t=37010 src=mcu type=0x01 len=16 data=aa90232c00000000000000000000edd3
WFR t=37050 src=mcu type=0x01 len=16 data=aa910b000f00465a667332000b9ed1a0
WFI t=37054 a=-1711,-3830,-23 g=-7,-25,-7
WFR t=37070 src=mcu type=0x01 len=16 data=aa92000000000000000000000000fbba
WFR t=37090 src=mcu type=0x01 len=16 data=aa93d804480804242c01c003214fe1ad
WFI t=37104 a=-1708,-3831,-23 g=-7,-16,9
WFR t=37130 src=mcu type=0x01 len=16 data=aa94f0f465fffffff8080d00412af645
WFR t=37150 src=mcu type=0x01 len=16 data=aa9501180080000000000000ffff13e8
WFI t=37154 a=-1681,-3831,-43 g=0,11,-13
WFR t=37191 src=mcu type=0x01 len=16 data=aa962d042f000000000000000000bd38
WFI t=37204 a=-1724,-3816,-33 g=-1,18,-19
WFR t=37211 src=mcu type=0x01 len=16 data=aa97232c00000000000000000000e694
WFR t=37231 src=mcu type=0x01 len=16 data=aa9807010200000056117eea00007aa4
WFI t=37254 a=-1688,-3842,-40 g=-1,-2,4
WFR t=37271 src=mcu type=0x01 len=16 data=aa991d00ab04a08c64502748395e1e28
WFR t=37291 src=mcu type=0x01 len=16 data=aa9a646464625f5d5b5955010101d546
WFI t=37304 a=-1689,-3839,-38 g=-9,-2,-11
WFR t=37331 src=mcu type=0x01 len=16 data=aa9b0101010100000000fbfbecd30e91
WFR t=37351 src=mcu type=0x01 len=16 data=aa9c01180080000000000000ffff0e21
WFI t=37354 a=-1719,-3819,-40 g=-5,-5,-3
WFR t=37371 src=mcu type=0x01 len=16 data=aa9d2d042f000000000000000000a7b3
WFI t=37404 a=-1697,-3832,-41 g=0,-14,7
WFR t=37411 src=mcu type=0x01 len=16 data=aa9e232c00000000000000000000fb5d
WFR t=37431 src=mcu type=0x01 len=16 data=aa9fb5a1b0bfd800000000000000dfe1
WFI t=37454 a=-1703,-3827,-26 g=-1,-1,-12
WFR t=37471 src=mcu type=0x01 len=16 data=aaa000000000020c000035006a00d1bd
WFR t=37491 src=mcu type=0x01 len=16 data=aaa188044a5357583036323430360894
WFI t=37504 a=-1709,-3831,-25 g=10,31,-4
WFR t=37531 src=mcu type=0x01 len=16 data=aaa231344e4242463930333500005e71
WFR t=37551 src=mcu type=0x01 len=16 data=aaa301180080000000000000ffff5bde
WFI t=37554 a=-1766,-3826,-40 g=-3,-42,32
WFR t=37571 src=mcu type=0x01 len=16 data=aaa42d042f000000000000000000fb8a
WFI t=37604 a=-1743,-3811,-32 g=0,-119,96
WFR t=37611 src=mcu type=0x01 len=16 data=aaa5232c00000000000000000000a026
WFR t=37631 src=mcu type=0x01 len=16 data=aaa6000000000000000000000000b4ce
WFI t=37654 a=-1720,-3817,-34 g=4,-80,78
WFR t=37671 src=mcu type=0x01 len=16 data=aaa7000000000000000000000000b64f
WFR t=37691 src=mcu type=0x01 len=16 data=aaa801801b000000400052a8194013c9
WFI t=37704 a=-1727,-3835,43 g=-18,-58,4
WFR t=37711 src=mcu type=0x01 len=16 data=aaa9028288135c4488132400ec02f999
WFR t=37751 src=mcu type=0x01 len=16 data=aaaa01180080000000000000ffff4617
WFI t=37754 a=-1706,-3797,-8 g=-9,-36,10
WFR t=37771 src=mcu type=0x01 len=16 data=aaab2d042f000000000000000000ef85
WFI t=37804 a=-1691,-3814,-19 g=-1,49,-28
WFR t=37811 src=mcu type=0x01 len=16 data=aaac232c00000000000000000000bdef
WFR t=37831 src=mcu type=0x01 len=16 data=aaad0048005f00021000000100801d27
WFR t=37851 src=mcu type=0x01 len=16 data=aaae55f04b0b18000000803a40005cef
WFI t=37854 a=-1771,-3813,-28 g=-5,70,-76
WFR t=37891 src=mcu type=0x01 len=16 data=aaaf08610005460c2f78a00f090076a9
WFI t=37904 a=-1811,-3810,-13 g=-16,-81,-10
WFR t=37911 src=mcu type=0x01 len=16 data=aab001180080000000000000feff611d
WFR t=37951 src=mcu type=0x01 len=16 data=aab12d042f000000000000000000c91f
WFI t=37954 a=-1679,-3816,-8 g=-9,-100,25
WFR t=37971 src=mcu type=0x01 len=16 data=aab2232c0000000000000000000095f1
WFI t=38004 a=-1695,-3839,8 g=-13,24,-56
WFR t=38011 src=mcu type=0x01 len=16 data=aab3014a02050030000488001b007188
WFR t=38031 src=mcu type=0x01 len=16 data=aab400009f0ca90c9a0c540600001589
WFR t=38051 src=mcu type=0x01 len=16 data=aab51b00e8517918060e8d0ab00097d0
WFI t=38054 a=-1757,-3823,3 g=8,81,-39
WFR t=38091 src=mcu type=0x01 len=16 data=aab6050804080080cb020122f13fc622
WFR t=38198 src=mcu type=0x01 len=16 data=aa8001180080000000000000feff20ed
WFI t=38213 a=-1745,-3819,-20 g=-17,-49,6
WFI t=38215 a=-1681,-3828,3 g=4,-16,30
WFI t=38217 a=-1681,-3828,3 g=4,-16,30
WFR t=38233 src=mcu type=0x01 len=16 data=aa812d042f00000000000000000088ef
WFR t=38233 src=mcu type=0x01 len=16 data=aa82232c00000000000000000000d401
WFR t=38233 src=mcu type=0x01 len=16 data=aa83000100011101b70111019f00058c
WFR t=38233 src=mcu type=0x01 len=16 data=aa840000090a10560001310051c45a55
WFR t=38251 src=mcu type=0x01 len=16 data=aa8513088003e204080b1000507864d4
WFI t=38289 a=-1675,-3822,8 g=4,101,-21
WFI t=38304 a=-1782,-3804,-36 g=1,70,-39
WFR t=38311 src=mcu type=0x01 len=16 data=aa868403f4010400a00f8813c003f9eb
WFR t=38311 src=mcu type=0x01 len=16 data=aa8701180080000000000000ffff2a3a
WFR t=38331 src=mcu type=0x01 len=16 data=aa882d042f0000000000000000009526
WFI t=38354 a=-1772,-3807,-19 g=-8,-55,34
WFR t=38371 src=mcu type=0x01 len=16 data=aa89232c00000000000000000000ce8a
WFR t=38391 src=mcu type=0x01 len=16 data=aa8a480c1c0207284901230020001521
WFI t=38404 a=-1625,-3825,-10 g=2,-30,5
WFR t=38431 src=mcu type=0x01 len=16 data=aa8b40005c03474c775419031a0e80f3
WFR t=38451 src=mcu type=0x01 len=16 data=aa8c2225bf0420034006b80b3e02672c
WFI t=38454 a=-1715,-3850,-6 g=-1,56,-68
WFR t=38471 src=mcu type=0x01 len=16 data=aa8d800c800000006c07102780008244
WFI t=38504 a=-1762,-3825,-8 g=4,29,-14
WFR t=38511 src=mcu type=0x01 len=16 data=aa8e01180080000000000000ffff37f3
WFR t=38531 src=mcu type=0x01 len=16 data=aa8f2d042f0000000000000000009e61
WFI t=38554 a=-1710,-3823,-18 g=-5,-31,-3
WFR t=38571 src=mcu type=0x01 len=16 data=aa90232c00000000000000000000edd3
WFR t=38591 src=mcu type=0x01 len=16 data=aa910b000f00465a667332000b9ed1a0
WFI t=38604 a=-1730,-3827,-5 g=-3,-33,-1
WFR t=38631 src=mcu type=0x01 len=16 data=aa92000000000000000000000000fbba
WFR t=38651 src=mcu type=0x01 len=16 data=aa93d804480804242c01c003214fe1ad
WFI t=38654 a=-1700,-3831,-2 g=-4,-21,-6
WFR t=38671 src=mcu type=0x01 len=16 data=aa94f0f465fffffff8080d00412af645
WFI t=38704 a=-1683,-3821,-12 g=7,44,-19
WFR t=38711 src=mcu type=0x01 len=16 data=aa9501180080000000000000feff1278
WFR t=38731 src=mcu type=0x01 len=16 data=aa962d042f000000000000000000bd38
WFI t=38754 a=-1710,-3820,-46 g=7,61,-25
WFR t=38771 src=mcu type=0x01 len=16 data=aa97232c00000000000000000000e694
WFR t=38791 src=mcu type=0x01 len=16 data=aa9807010200000056117eea00007aa4
WFI t=38804 a=-1754,-3837,-5 g=-4,12,-10
WFR t=38811 src=mcu type=0x01 len=16 data=aa991d00ab04a08c64502748395e1e28
WFR t=38851 src=mcu type=0x01 len=16 data=aa9a646464625f5d5b5955010101d546
WFI t=38854 a=-1715,-3821,-8 g=-4,-17,9
WFR t=38871 src=mcu type=0x01 len=16 data=aa9b0101010100000000fbfbecd30e91
WFI t=38904 a=-1689,-3825,-18 g=-7,-25,-3
WFR t=38911 src=mcu type=0x01 len=16 data=aa9c01180080000000000000ffff0e21
WFR t=38931 src=mcu type=0x01 len=16 data=aa9d2d042f000000000000000000a7b3
WFR t=38951 src=mcu type=0x01 len=16 data=aa9e232c00000000000000000000fb5d
WFI t=38954 a=-1701,-3831,-31 g=-1,8,-15
WFR t=38991 src=mcu type=0x01 len=16 data=aa9fb5a1b0bfd800000000000000dfe1
WFI t=39004 a=-1711,-3820,-34 g=-3,18,-17
WFR t=39011 src=mcu type=0x01 len=16 data=aaa000000000020c000035006a00d1bd
WFR t=39051 src=mcu type=0x01 len=16 data=aaa188044a5357583036323430360894
WFI t=39054 a=-1725,-3830,-28 g=-4,-8,-3
WFR t=39071 src=mcu type=0x01 len=16 data=aaa231344e4242463930333500005e71
WFI t=39104 a=-1706,-3822,-9 g=-3,-28,6
WFR t=39111 src=mcu type=0x01 len=16 data=aaa301180080000000000000ffff5bde
WFR t=39131 src=mcu type=0x01 len=16 data=aaa42d042f000000000000000000fb8a
WFR t=39151 src=mcu type=0x01 len=16 data=aaa5232c00000000000000000000a026
WFI t=39154 a=-1678,-3832,-18 g=1,6,-3
WFR t=39191 src=mcu type=0x01 len=16 data=aaa6000000000000000000000000b4ce
WFI t=39204 a=-1718,-3833,-29 g=3,32,-25
WFR t=39211 src=mcu type=0x01 len=16 data=aaa7000000000000000000000000b64f
WFR t=39251 src=mcu type=0x01 len=16 data=aaa801801b000000400052a8194013c9
WFI t=39254 a=-1722,-3834,-35 g=-6,17,-6
WFR t=39271 src=mcu type=0x01 len=16 data=aaa9028288135c4488132400ec02f999
WFR t=39291 src=mcu type=0x01 len=16 data=aaaa01180080000000000000ffff4617
WFI t=39304 a=-1712,-3818,-19 g=-7,-18,-2
WFR t=39331 src=mcu type=0x01 len=16 data=aaab2d042f000000000000000000ef85
WFR t=39351 src=mcu type=0x01 len=16 data=aaac232c00000000000000000000bdef
WFI t=39354 a=-1704,-3812,-20 g=-4,-14,-3
WFR t=39391 src=mcu type=0x01 len=16 data=aaad0048005f00021000000100801d27
WFI t=39404 a=-1697,-3828,-12 g=2,3,-4
WFR t=39411 src=mcu type=0x01 len=16 data=aaae55f04b0b18000000803a40005cef
WFR t=39431 src=mcu type=0x01 len=16 data=aaaf08610005460c2f78a00f090076a9
WFI t=39454 a=-1716,-3833,-34 g=-2,0,-2
WFR t=39471 src=mcu type=0x01 len=16 data=aab001180080000000000000feff611d
WFR t=39491 src=mcu type=0x01 len=16 data=aab12d042f000000000000000000c91f
WFI t=39504 a=-1704,-3828,-15 g=2,5,-3
WFR t=39531 src=mcu type=0x01 len=16 data=aab2232c0000000000000000000095f1
WFR t=39551 src=mcu type=0x01 len=16 data=aab3014a02050030000488001b007188
WFI t=39554 a=-1723,-3831,-22 g=5,13,-7
WFR t=39571 src=mcu type=0x01 len=16 data=aab400009f0ca90c9a0c540600001589
WFI t=39604 a=-1700,-3834,-7 g=-2,-18,11
WFR t=39611 src=mcu type=0x01 len=16 data=aab51b00e8517918060eba0ab00099a4
WFR t=39631 src=mcu type=0x01 len=16 data=aab6050804080080cb020122f13fc622
WFI t=39654 a=-1686,-3831,-28 g=-7,4,-8
WFR t=39671 src=mcu type=0x01 len=16 data=aa8001180080000000000000ffff217d
WFR t=39691 src=mcu type=0x01 len=16 data=aa812d042f00000000000000000088ef
WFI t=39704 a=-1700,-3841,-16 g=-3,21,-24
WFE t=39716 bms subscribed val=0x0010 cccd=0x0011 ctrl=0x0014 mtu=512 regs=62
WFE t=39717 bms conn itvl=80 latency=0 timeout=600
WFE t=39729 bms reconnected (attempt 1)
WFR t=39731 src=mcu type=0x01 len=16 data=aa82232c00000000000000000000d401
WFE t=39735 bms mtu event mtu=512
WFR t=39751 src=mcu type=0x01 len=16 data=aa83000100011101b70111019f00058c
WFI t=39754 a=-1723,-3817,-25 g=-3,8,-1
WFR t=39771 src=mcu type=0x01 len=16 data=aa840000090a10560001310051c45a55
WFI t=39804 a=-1688,-3843,5 g=-5,-23,13
WFR t=39811 src=mcu type=0x01 len=16 data=aa8513088003e204080b1000507864d4
WFR t=39831 src=mcu type=0x01 len=16 data=aa868403f4010400a00f8813c003f9eb
WFI t=39854 a=-1710,-3816,-30 g=-1,-21,8
WFR t=39871 src=mcu type=0x01 len=16 data=aa870118008000000000ffffffff2a1e
WFR t=39891 src=mcu type=0x01 len=16 data=aa882d042f0000000000000000009526
WFI t=39904 a=-1740,-3824,-8 g=-2,-33,18
WFR t=39911 src=mcu type=0x01 len=16 data=aa89232c00000000000000000000ce8a
WFE t=39915 bms conn update status=0 itvl=12 latency=0 timeout=400
WFR t=39951 src=mcu type=0x01 len=16 data=aa8a480c1c0207284901230020001521
WFI t=39954 a=-1691,-3842,-16 g=13,11,33
WFR t=39971 src=mcu type=0x01 len=16 data=aa8b40005c03474c775419031a0e80f3
WFI t=40004 a=-1728,-3806,-30 g=-8,-4,2
WFR t=40006 src=bms type=0x02 len=129 data=d2037c0eec0eec0eed0eec0eed0eec0eed0eed0eec0eec0eed0eee0ef10ef10ef10ef00ef10ef10ef20ef20ef20ef20ef30ef20ef10ef20ef20ef20000000000000000003d0000000000000000000000000000042e752f02ae0ef30eec003d003d00000157001c0001001d0000000100010eef0007000a0000000000000000923c
WFR t=40011 src=mcu type=0x01 len=16 data=aa8c2225bf0420034006b80b3e02672c
WFR t=40031 src=mcu type=0x01 len=16 data=aa8d800c800000006c07102780008244
WFR t=40051 src=mcu type=0x01 len=16 data=aa8e01180080000000000000feff3663
WFI t=40054 a=-1710,-3822,-2 g=11,40,19
WFR t=40091 src=mcu type=0x01 len=16 data=aa8f2d042f0000000000000000009e61
WFI t=40209 a=-1779,-3811,-41 g=-14,-28,-10
WFI t=40378 a=-1656,-3811,-28 g=-11,-19,-15
WFR t=40379 src=mcu type=0x01 len=16 data=aa90232c00000000000000000000edd3
WFR t=40379 src=mcu type=0x01 len=16 data=aa910b000f00465a667332000b9ed1a0
WFR t=40380 src=mcu type=0x01 len=16 data=aa92000000000000000000000000fbba
WFR t=40380 src=mcu type=0x01 len=16 data=aa93d804480804242c01c003214fe1ad
WFR t=40380 src=mcu type=0x01 len=16 data=aa94f0f465fffffff8080d00412af645
WFR t=40380 src=mcu type=0x01 len=16 data=aa9501180080000000000000ffff13e8
WFI t=40381 a=-1684,-3845,-23 g=2,20,-16
WFR t=40381 src=mcu type=0x01 len=16 data=aa962d042f000000000000000000bd38
WFR t=40381 src=mcu type=0x01 len=16 data=aa97232c00000000000000000000e694
WFR t=40381 src=mcu type=0x01 len=16 data=aa9807010200000056117eea00007aa4
WFR t=40382 src=bms type=0x02 len=129 data=d2037c0eec0eec0eed0eec0eed0eec0eed0eed0eec0eec0eed0eee0ef10ef10ef10ef00ef10ef10ef20ef20ef20ef20ef30ef20ef10ef20ef20ef20000000000000000003d0000000000000000000000000000042e752f02ae0ef30eec003d003d00000157001c0001001d0000000100010eef0007000a0000000000000000923c
WFR t=40382 src=mcu type=0x01 len=16 data=aa991d00ab04a08c64502748395e1e28
WFI t=40383 a=-1663,-3849,-27 g=4,29,-19
WFI t=40385 a=-1663,-3849,-27 g=4,29,-19
WFI t=40387 a=-1654,-3843,-31 g=1,37,-22
WFR t=40391 src=mcu type=0x01 len=16 data=aa9a646464625f5d5b5955010101d546
WFI t=40404 a=-1662,-3829,-37 g=4,58,-36
WFR t=40431 src=mcu type=0x01 len=16 data=aa9b0101010100000000fbfbecd30e91
WFR t=40451 src=mcu type=0x01 len=16 data=aa9c0118008000000000ffffffff0e05
WFI t=40454 a=-1741,-3821,-10 g=4,66,-43
WFR t=40491 src=mcu type=0x01 len=16 data=aa9d2d042f000000000000000000a7b3
WFI t=40504 a=-1800,-3816,-37 g=-9,-99,57
WFR t=40511 src=mcu type=0x01 len=16 data=aa9e232c00000000000000000000fb5d
WFR t=40531 src=mcu type=0x01 len=16 data=aa9fb5a1b0bfd800000000000000dfe1
WFI t=40554 a=-1624,-3835,-17 g=1,-123,85
WFR t=40571 src=mcu type=0x01 len=16 data=aaa000000000020c000035006a00d1bd
WFR t=40591 src=mcu type=0x01 len=16 data=aaa188044a5357583036323430360894
WFI t=40604 a=-1608,-3773,-82 g=-12,-4,-39
WFR t=40631 src=mcu type=0x01 len=16 data=aaa231344e4242463930333500005e71
WFR t=40651 src=mcu type=0x01 len=16 data=aaa301180080000000000000ffff5bde
WFI t=40654 a=-1740,-3814,-23 g=8,175,-67
WFR t=40671 src=mcu type=0x01 len=16 data=aaa42d042f000000000000000000fb8a
WFI t=40704 a=-1760,-3847,32 g=0,14,-6
WFR t=40711 src=mcu type=0x01 len=16 data=aaa5232c00000000000000000000a026
WFR t=40731 src=mcu type=0x01 len=16 data=aaa6000000000000000000000000b4ce
WFI t=40754 a=-1705,-3859,-29 g=-12,-91,26
WFR t=40771 src=mcu type=0x01 len=16 data=aaa7000000000000000000000000b64f
WFR t=40786 src=bms type=0x02 len=129 data=d2037c0eec0eec0eed0eed0eed0eec0eed0eed0eeb0eec0eed0eee0ef10ef10ef10ef00ef10ef10ef20ef20ef20ef20ef30ef30ef10ef20ef20ef20000000000000000003d0000000000000000000000000000042e752f02ae0ef30eeb003d003d00000157001c0001001d0000000100010eef0008000a0000000000000000f50e
WFR t=40791 src=mcu type=0x01 len=16 data=aaa801801b000000400052a8194013c9
WFI t=40804 a=-1689,-3821,-40 g=-15,-105,22
WFR t=40831 src=mcu type=0x01 len=16 data=aaa9028288135c4488132400ec02f999
WFR t=40851 src=mcu type=0x01 len=16 data=aaaa01180080000000000100feff467b
WFI t=40854 a=-1670,-3834,-18 g=-3,-22,5
WFR t=40871 src=mcu type=0x01 len=16 data=aaab2d042f000000000000000000ef85
WFI t=40904 a=-1697,-3835,-36 g=-3,53,-45
WFR t=40911 src=mcu type=0x01 len=16 data=aaac232c00000000000000000000bdef
WFR t=40931 src=mcu type=0x01 len=16 data=aaad0048005f00021000000100801d27
WFI t=40954 a=-1745,-3834,-27 g=-11,11,-27
WFR t=40971 src=mcu type=0x01 len=16 data=aaae55f04b0b18000000803a40005cef
WFT t=40973 batt_mv=4190 rssi_mcu=-72 rssi_bms=-84 mcu=1456 bms=68 dropped=0
WFR t=40991 src=mcu type=0x01 len=16 data=aaaf08610005460c2f78a00f090076a9
WFI t=41004 a=-1696,-3835,-18 g=-4,-37,17
WFR t=41011 src=mcu type=0x01 len=16 data=aab001180080000000000000ffff608d
WFR t=41051 src=mcu type=0x01 len=16 data=aab12d042f000000000000000000c91f
WFI t=41054 a=-1682,-3831,-19 g=-2,2,3
WFR t=41071 src=mcu type=0x01 len=16 data=aab2232c0000000000000000000095f1
WFI t=41104 a=-1710,-3826,-26 g=-7,5,-2
WFR t=41111 src=mcu type=0x01 len=16 data=aab3014a02050030000488001b007188
WFR t=41131 src=mcu type=0x01 len=16 data=aab400009f0ca90c9a0c540600001589
WFR t=41151 src=mcu type=0x01 len=16 data=aab51b00e8517918060e420bb000f904
WFI t=41154 a=-1684,-3824,-6 g=-1,22,-5
WFR t=41191 src=mcu type=0x01 len=16 data=aab6050804080080cb020122f13fc622
WFI t=41204 a=-1700,-3836,-27 g=0,26,-36
WFR t=41206 src=bms type=0x02 len=129 data=d2037c0eec0eec0eed0eed0eed0eec0eed0eed0eeb0eec0eed0eee0ef10ef10ef10ef00ef10ef10ef20ef20ef20ef20ef30ef30ef10ef20ef20ef20000000000000000003d0000000000000000000000000000042e752f02ae0ef30eeb003d003d00000157001c0001001d0000000100010eef0008000a0000000000000000f50e
WFR t=41211 src=mcu type=0x01 len=16 data=aa8001180080000000000000feff20ed
WFI t=41263 a=-1751,-3821,-27 g=-5,-28,3
WFR t=41265 src=mcu type=0x01 len=16 data=aa812d042f00000000000000000088ef
WFR t=41271 src=mcu type=0x01 len=16 data=aa82232c00000000000000000000d401
WFR t=41291 src=mcu type=0x01 len=16 data=aa83000100011101b70111019f00058c
WFI t=41304 a=-1675,-3825,-40 g=0,-39,23
WFR t=41331 src=mcu type=0x01 len=16 data=aa840000090a10560001310051c45a55
WFR t=41351 src=mcu type=0x01 len=16 data=aa8513088003e204080b1000507864d4
WFI t=41354 a=-1701,-3842,-13 g=-3,-9,-7
WFR t=41391 src=mcu type=0x01 len=16 data=aa868403f4010400a00f8813c003f9eb
WFI t=41404 a=-1703,-3825,-14 g=-6,21,-5
WFR t=41411 src=mcu type=0x01 len=16 data=aa8701180080000000000000feff2baa
WFR t=41451 src=mcu type=0x01 len=16 data=aa882d042f0000000000000000009526
WFI t=41454 a=-1699,-3820,-38 g=-1,4,-14
WFR t=41471 src=mcu type=0x01 len=16 data=aa89232c00000000000000000000ce8a
WFR t=41491 src=mcu type=0x01 len=16 data=aa8a480c1c0207284901230020001521
WFI t=41504 a=-1714,-3833,-36 g=3,18,-15
WFR t=41531 src=mcu type=0x01 len=16 data=aa8b40005c03474c775419031a0e80f3
WFR t=41551 src=mcu type=0x01 len=16 data=aa8c2225bf0420034006b80b3e02672c
WFI t=41554 a=-1710,-3836,-19 g=-6,8,-8
WFR t=41591 src=mcu type=0x01 len=16 data=aa8d800c800000006c07102780008244
WFR t=41596 src=bms type=0x02 len=129 data=d2037c0eed0eec0eed0eed0eed0eec0eed0eed0eec0eec0eed0eed0ef10ef10ef10ef00ef10ef10ef20ef20ef10ef30ef30ef30ef10ef20ef20ef20000000000000000003d0000000000000000000000000000042e752f02ae0ef30eec003d003d00000157001c0001001d0000000100010eef0007000a0000000000000000ecbe
WFI t=41604 a=-1714,-3840,-24 g=-2,-23,6
WFR t=41611 src=mcu type=0x01 len=16 data=aa8e01180080000000000000ffff37f3
WFR t=41631 src=mcu type=0x01 len=16 data=aa8f2d042f0000000000000000009e61
WFI t=41654 a=-1685,-3841,-23 g=-6,-14,2
WFR t=41671 src=mcu type=0x01 len=16 data=aa90232c00000000000000000000edd3
WFR t=41691 src=mcu type=0x01 len=16 data=aa910b000f00465a667332000b9ed1a0
WFI t=41704 a=-1701,-3841,-28 g=-4,-6,-18
WFR t=41731 src=mcu type=0x01 len=16 data=aa92000000000000000000000000fbba
WFR t=41751 src=mcu type=0x01 len=16 data=aa93d804480804242c01c003214fe1ad
WFI t=41754 a=-1705,-3824,-30 g=0,18,-7
WFR t=41771 src=mcu type=0x01 len=16 data=aa94f0f465fffffff8080d00412af645
WFI t=41804 a=-1692,-3834,-29 g=-4,17,-13
WFR t=41811 src=mcu type=0x01 len=16 data=aa9501180080000000000000ffff13e8
WFR t=41831 src=mcu type=0x01 len=16 data=aa962d042f000000000000000000bd38
WFI t=41854 a=-1725,-3834,-16 g=-2,1,-1
WFR t=41871 src=mcu type=0x01 len=16 data=aa97232c00000000000000000000e694
WFR t=41891 src=mcu type=0x01 len=16 data=aa9807010200000056117eea00007aa4
WFI t=41904 a=-1705,-3830,-26 g=-5,-39,19
WFR t=41931 src=mcu type=0x01 len=16 data=aa991d00ab04a08c64502748395e1e28
WFR t=41951 src=mcu type=0x01 len=16 data=aa9a646464625f5d5b5955010101d546
WFI t=41954 a=-1673,-3822,-21 g=0,-6,-4
WFR t=41971 src=mcu type=0x01 len=16 data=aa9b0101010100000000fbfbecd30e91
WFR t=41986 src=bms type=0x02 len=129 data=d2037c0eed0eec0eed0eed0eed0eec0eed0eed0eec0eec0eed0eed0ef10ef10ef10ef00ef10ef10ef20ef20ef10ef30ef30ef30ef10ef20ef20ef20000000000000000003d0000000000000000000000000000042e752f02ae0ef30eec003d003d00000157001c0001001d0000000100010eef0007000a0000000000000000ecbe
WFI t=42004 a=-1704,-3843,-13 g=-5,33,-34
WFR t=42011 src=mcu type=0x01 len=16 data=aa9c01180080000000000000feff0fb1
WFR t=42031 src=mcu type=0x01 len=16 data=aa9d2d042f000000000000000000a7b3
WFI t=42054 a=-1714,-3820,-44 g=2,24,-18
WFR t=42071 src=mcu type=0x01 len=16 data=aa9e232c00000000000000000000fb5d
WFR t=42091 src=mcu type=0x01 len=16 data=aa9fb5a1b0bfd800000000000000dfe1
WFI t=42136 a=-1720,-3836,-29 g=-4,-28,8
WFR t=42210 src=mcu type=0x01 len=16 data=aaa000000000020c000035006a00d1bd
WFR t=42211 src=mcu type=0x01 len=16 data=aaa188044a5357583036323430360894
WFR t=42211 src=mcu type=0x01 len=16 data=aaa231344e4242463930333500005e71
WFI t=42258 a=-1700,-3820,-15 g=0,-3,-1
WFR t=42260 src=mcu type=0x01 len=16 data=aaa301180080000000000000ffff5bde
WFR t=42261 src=mcu type=0x01 len=16 data=aaa42d042f000000000000000000fb8a
WFI t=42263 a=-1670,-3830,-32 g=2,33,-15
WFR t=42268 src=mcu type=0x01 len=16 data=aaa5232c00000000000000000000a026
WFI t=42272 a=-1678,-3834,-43 g=-3,33,-23
WFR t=42292 src=mcu type=0x01 len=16 data=aaa6000000000000000000000000b4ce
WFI t=42305 a=-1704,-3836,-30 g=1,26,-30
WFI t=42442 a=-1717,-3828,-39 g=-4,-15,3
WFR t=42364 src=mcu type=0x01 len=16 data=aaa7000000000000000000000000b64f
WFR t=42457 src=mcu type=0x01 len=16 data=aaa801801b000000400052a8194013c9
WFR t=42458 src=mcu type=0x01 len=16 data=aaa9028288135c4488132400ec02f999
WFR t=42458 src=mcu type=0x01 len=16 data=aaaa01180080000000000000feff4787
WFI t=42458 a=-1693,-3839,-21 g=-3,-16,4
WFR t=42459 src=mcu type=0x01 len=16 data=aaab2d042f000000000000000000ef85
WFR t=42459 src=mcu type=0x01 len=16 data=aaac232c00000000000000000000bdef
WFI t=42461 a=-1701,-3821,-29 g=-2,-15,4
WFR t=42466 src=bms type=0x02 len=129 data=d2037c0eed0eec0eed0eec0eed0eec0eed0eed0eec0eec0eed0eed0ef10ef10ef10ef00ef10ef10ef20ef20ef20ef20ef30ef30ef10ef20ef20ef20000000000000000003d0000000000000000000000000000042e752f02ae0ef30eec003d003d00000157001c0001001d0000000100010eef0007000a00000000000000003f37
WFR t=42491 src=mcu type=0x01 len=16 data=aaad0048005f00021000000100801d27
WFI t=42504 a=-1678,-3829,-35 g=6,13,-5
WFR t=42511 src=mcu type=0x01 len=16 data=aaae55f04b0b18000000803a40005cef
WFR t=42551 src=mcu type=0x01 len=16 data=aaaf08610005460c2f78a00f090076a9
WFI t=42554 a=-1699,-3829,-40 g=-2,13,-21
WFR t=42571 src=mcu type=0x01 len=16 data=aab00118008000000000ffffffff60a9
WFR t=42591 src=mcu type=0x01 len=16 data=aab12d042f000000000000000000c91f
WFI t=42604 a=-1709,-3836,-23 g=-2,-5,-4
WFR t=42631 src=mcu type=0x01 len=16 data=aab2232c0000000000000000000095f1
WFR t=42651 src=mcu type=0x01 len=16 data=aab3014a02050030000488001b007188
WFI t=42654 a=-1704,-3842,-27 g=-6,-13,-2
WFR t=42691 src=mcu type=0x01 len=16 data=aab400009f0ca90c9a0c540600001589
WFI t=42704 a=-1704,-3836,-22 g=-5,-11,-5
WFR t=42711 src=mcu type=0x01 len=16 data=aab51b00e8517918060ef50ab0008f70
WFR t=42731 src=mcu type=0x01 len=16 data=aab6050804080080cb020122f13fc622
WFI t=42754 a=-1691,-3824,-43 g=2,13,-2
WFR t=42771 src=mcu type=0x01 len=16 data=aa8001180080000000000000ffff217d
WFR t=42791 src=mcu type=0x01 len=16 data=aa812d042f00000000000000000088ef
WFI t=42804 a=-1701,-3841,-24 g=-8,7,-20
WFR t=42831 src=mcu type=0x01 len=16 data=aa82232c00000000000000000000d401
WFI t=42854 a=-1715,-3835,-39 g=-7,-15,0
WFR t=42856 src=bms type=0x02 len=129 data=d2037c0eed0eec0eed0eec0eed0eec0eed0eed0eec0eec0eed0eed0ef10ef10ef10ef00ef10ef10ef20ef20ef20ef20ef30ef30ef10ef20ef20ef20000000000000000003d0000000000000000000000000000042e752f02ae0ef30eec003d003d00000157001c0001001d0000000100010eef0007000a00000000000000003f37
WFR t=42872 src=mcu type=0x01 len=16 data=aa83000100011101b70111019f00058c
WFR t=42872 src=mcu type=0x01 len=16 data=aa840000090a10560001310051c45a55
WFI t=42904 a=-1675,-3836,-28 g=4,-4,14
WFR t=42911 src=mcu type=0x01 len=16 data=aa8513088003e204080b1000507864d4
WFR t=42931 src=mcu type=0x01 len=16 data=aa868403f4010400a00f8813c003f9eb
WFI t=42954 a=-1706,-3835,-6 g=-4,8,-19
WFR t=42971 src=mcu type=0x01 len=16 data=aa8701180080000000000000feff2baa
WFR t=42991 src=mcu type=0x01 len=16 data=aa882d042f0000000000000000009526
WFI t=43004 a=-1713,-3845,-20 g=0,-6,6
WFR t=43011 src=mcu type=0x01 len=16 data=aa89232c00000000000000000000ce8a
WFR t=43051 src=mcu type=0x01 len=16 data=aa8a480c1c0207284901230020001521
WFI t=43054 a=-1686,-3830,-39 g=-10,-22,6
WFR t=43071 src=mcu type=0x01 len=16 data=aa8b40005c03474c775419031a0e80f3
WFI t=43104 a=-1703,-3827,-48 g=3,10,-10
WFR t=43111 src=mcu type=0x01 len=16 data=aa8c2225bf0420034006b80b3e02672c
WFR t=43131 src=mcu type=0x01 len=16 data=aa8d800c800000006c07102780008244
WFI t=43154 a=-1701,-3830,-42 g=1,8,-7
WFR t=43171 src=mcu type=0x01 len=16 data=aa8e01180080000000000000ffff37f3
WFR t=43191 src=mcu type=0x01 len=16 data=aa8f2d042f0000000000000000009e61
WFI t=43204 a=-1704,-3842,-32 g=-5,-2,-4
WFR t=43211 src=mcu type=0x01 len=16 data=aa90232c00000000000000000000edd3
WFR t=43251 src=mcu type=0x01 len=16 data=aa910b000f00465a667332000b9ed1a0
WFI t=43254 a=-1714,-3837,-34 g=-1,2,-6
WFR t=43271 src=mcu type=0x01 len=16 data=aa92000000000000000000000000fbba
WFR t=43276 src=bms type=0x02 len=129 data=d2037c0eed0eec0eed0eec0eed0eec0eed0eed0eec0eec0eed0eed0ef10ef10ef10ef00ef10ef10ef20ef20ef20ef20ef30ef30ef10ef20ef20ef20000000000000000003d0000000000000000000000000000042e752f02ae0ef30eec003d003d00000157001c0001001d0000000100010eef0007000a00000000000000003f37
WFI t=43304 a=-1711,-3834,-28 g=-11,-16,0
WFR t=43311 src=mcu type=0x01 len=16 data=aa93d804480804242c01c003214fe1ad
WFR t=43331 src=mcu type=0x01 len=16 data=aa94f0f465fffffff8080d00412af645
WFR t=43351 src=mcu type=0x01 len=16 data=aa9501180080000000000000ffff13e8
WFI t=43354 a=-1684,-3825,-45 g=-4,-9,2
WFR t=43391 src=mcu type=0x01 len=16 data=aa962d042f000000000000000000bd38
WFI t=43404 a=-1693,-3826,-40 g=-6,14,-15
WFR t=43411 src=mcu type=0x01 len=16 data=aa97232c00000000000000000000e694
WFR t=43451 src=mcu type=0x01 len=16 data=aa9807010200000056117eea00007aa4
WFI t=43454 a=-1717,-3830,-38 g=-5,4,-13
WFR t=43471 src=mcu type=0x01 len=16 data=aa991d00ab04a08c64502748395e1e28
WFR t=43491 src=mcu type=0x01 len=16 data=aa9a646464625f5d5b5955010101d546
WFI t=43504 a=-1692,-3844,-33 g=-6,-14,6
WFR t=43531 src=mcu type=0x01 len=16 data=aa9b0101010100000000fbfbecd30e91
WFR t=43551 src=mcu type=0x01 len=16 data=aa9c01180080000000000000feff0fb1
WFI t=43554 a=-1690,-3830,-36 g=-7,-9,-4
WFR t=43591 src=mcu type=0x01 len=16 data=aa9d2d042f000000000000000000a7b3
WFI t=43604 a=-1704,-3831,-36 g=-1,-11,-4
WFR t=43611 src=mcu type=0x01 len=16 data=aa9e232c00000000000000000000fb5d
WFR t=43651 src=mcu type=0x01 len=16 data=aa9fb5a1b0bfd800000000000000dfe1
WFI t=43654 a=-1676,-3832,-31 g=3,12,0
WFR t=43666 src=bms type=0x02 len=129 data=d2037c0eec0eec0eed0eed0eed0eec0eed0eee0eeb0eec0eed0eee0ef10ef10ef10ef00ef10ef10ef30ef20ef20ef20ef30ef30ef10ef20ef20ef20000000000000000003d0000000000000000000000000000042e752f02ae0ef30eeb003d003d00000157001c0001001d0000000100010eef0008000a00000000000000004755
WFR t=43671 src=mcu type=0x01 len=16 data=aaa000000000020c000035006a00d1bd
WFR t=43691 src=mcu type=0x01 len=16 data=aaa188044a5357583036323430360894
WFI t=43704 a=-1702,-3843,-33 g=-8,28,-35
WFR t=43731 src=mcu type=0x01 len=16 data=aaa231344e4242463930333500005e71
WFR t=43751 src=mcu type=0x01 len=16 data=aaa301180080000000000000ffff5bde
WFI t=43754 a=-1724,-3826,-50 g=-2,8,-5
WFR t=43791 src=mcu type=0x01 len=16 data=aaa42d042f000000000000000000fb8a
WFI t=43804 a=-1693,-3843,-21 g=-3,-39,15
WFR t=43811 src=mcu type=0x01 len=16 data=aaa5232c00000000000000000000a026
WFR t=43831 src=mcu type=0x01 len=16 data=aaa6000000000000000000000000b4ce
WFI t=43854 a=-1687,-3838,-27 g=-1,-11,1
WFR t=43871 src=mcu type=0x01 len=16 data=aaa7000000000000000000000000b64f
WFR t=43891 src=mcu type=0x01 len=16 data=aaa801801b000000400052a8194013c9
WFI t=43904 a=-1697,-3833,-47 g=-5,17,-14
WFR t=43931 src=mcu type=0x01 len=16 data=aaa9028288135c4488132400ec02f999
WFR t=43951 src=mcu type=0x01 len=16 data=aaaa01180080000000000000feff4787
WFI t=43954 a=-1703,-3820,-38 g=-2,3,-8
WFR t=43971 src=mcu type=0x01 len=16 data=aaab2d042f000000000000000000ef85
WFI t=44004 a=-1679,-3821,-14 g=-2,11,-6
WFR t=44011 src=mcu type=0x01 len=16 data=aaac232c00000000000000000000bdef
WFI t=44062 a=-1723,-3843,-36 g=-4,-16,-7
WFR t=44072 src=mcu type=0x01 len=16 data=aaad0048005f00021000000100801d27
WFR t=44072 src=mcu type=0x01 len=16 data=aaae55f04b0b18000000803a40005cef
WFR t=44086 src=bms type=0x02 len=129 data=d2037c0eec0eec0eed0eed0eed0eec0eed0eee0eeb0eec0eed0eee0ef10ef10ef10ef00ef10ef10ef30ef20ef20ef20ef30ef30ef10ef20ef20ef20000000000000000003d0000000000000000000000000000042e752f02ae0ef30eeb003d003d00000157001c0001001d0000000100010eef0008000a00000000000000004755
WFR t=44091 src=mcu type=0x01 len=16 data=aaaf08610005460c2f78a00f090076a9
WFI t=44104 a=-1710,-3820,-23 g=0,-16,17
WFR t=44111 src=mcu type=0x01 len=16 data=aab00118008000000000ffffffff60a9
WFI t=44228 a=-1685,-3826,-50 g=-4,11,-12
WFR t=44301 src=mcu type=0x01 len=16 data=aab12d042f000000000000000000c91f
WFR t=44301 src=mcu type=0x01 len=16 data=aab2232c0000000000000000000095f1
WFR t=44301 src=mcu type=0x01 len=16 data=aab3014a02050030000488001b007188
WFR t=44301 src=mcu type=0x01 len=16 data=aab400009f0ca90c9a0c540600001589
WFR t=44302 src=mcu type=0x01 len=16 data=aab51b00e8517918060e8e0ab0009794
WFR t=44302 src=mcu type=0x01 len=16 data=aab6050804080080cb020122f13fc622
WFI t=44380 a=-1715,-3834,-31 g=-3,-6,-3
WFR t=44396 src=mcu type=0x01 len=16 data=aa8001180080000000000000feff20ed
WFI t=44396 a=-1690,-3821,-48 g=0,-2,2
WFR t=44396 src=mcu type=0x01 len=16 data=aa812d042f00000000000000000088ef
WFR t=44397 src=mcu type=0x01 len=16 data=aa82232c00000000000000000000d401
WFI t=44398 a=-1697,-3808,-48 g=0,-1,-5
WFI t=44400 a=-1697,-3808,-48 g=0,-1,-5
WFI t=44404 a=-1691,-3825,-47 g=-4,-3,-6
WFR t=44411 src=mcu type=0x01 len=16 data=aa83000100011101b70111019f00058c
WFR t=44431 src=mcu type=0x01 len=16 data=aa840000090a10560001310051c45a55
WFR t=44451 src=mcu type=0x01 len=16 data=aa8513088003e204080b1000507864d4
WFI t=44454 a=-1719,-3798,-45 g=-5,-10,2
WFR t=44491 src=mcu type=0x01 len=16 data=aa868403f4010400a00f8813c003f9eb
WFI t=44504 a=-1675,-3824,-26 g=-3,-20,28
WFR t=44506 src=bms type=0x02 len=129 data=d2037c0eed0eec0eed0eed0eed0eec0eed0eed0eec0eec0eed0eee0ef10ef10ef10ef00ef10ef10ef20ef20ef20ef30ef30ef30ef10ef20ef20ef20000000000000000003d0000000000000000000000000000042e752f02ae0ef30eec003d003d00000157001c0001001d0000000100010eef0007000a000000000000000000ea
WFR t=44511 src=mcu type=0x01 len=16 data=aa8701180080000000000000feff2baa
WFR t=44551 src=mcu type=0x01 len=16 data=aa882d042f0000000000000000009526
WFI t=44554 a=-1683,-3829,-18 g=-2,18,-29
WFR t=44571 src=mcu type=0x01 len=16 data=aa89232c00000000000000000000ce8a
WFR t=44591 src=mcu type=0x01 len=16 data=aa8a480c1c0207284901230020001521
WFI t=44604 a=-1724,-3830,-28 g=-1,28,-20
WFR t=44631 src=mcu type=0x01 len=16 data=aa8b40005c03474c775419031a0e80f3
WFR t=44651 src=mcu type=0x01 len=16 data=aa8c2225bf0420034006b80b3e02672c
WFI t=44654 a=-1686,-3817,-69 g=-5,-7,-14
WFR t=44691 src=mcu type=0x01 len=16 data=aa8d800c800000006c07102780008244
WFI t=44704 a=-1701,-3818,-65 g=-3,4,-13
WFR t=44711 src=mcu type=0x01 len=16 data=aa8e01180080000000000000ffff37f3
WFR t=44751 src=mcu type=0x01 len=16 data=aa8f2e042f0000000000000000009a65
WFI t=44754 a=-1713,-3829,-35 g=-3,-12,6
WFR t=44771 src=mcu type=0x01 len=16 data=aa90232c00000000000000000000edd3
WFR t=44791 src=mcu type=0x01 len=16 data=aa910b000f00465a667332000b9ed1a0
WFI t=44804 a=-1692,-3847,-21 g=1,-26,18
WFR t=44831 src=mcu type=0x01 len=16 data=aa92000000000000000000000000fbba
WFR t=44851 src=mcu type=0x01 len=16 data=aa93d804480804242c01c003214fe1ad
WFI t=44854 a=-1656,-3819,-51 g=-1,36,-20
WFR t=44891 src=mcu type=0x01 len=16 data=aa94f0f465fffffff8080d00412af645
WFR t=44896 src=bms type=0x02 len=129 data=d2037c0eed0eec0eed0eed0eed0eec0eed0eed0eec0eec0eed0eee0ef10ef10ef10ef00ef10ef10ef20ef20ef20ef30ef30ef30ef10ef20ef20ef20000000000000000003d0000000000000000000000000000042e752f02ae0ef30eec003d003d00000157001c0001001d0000000100010eef0007000a000000000000000000ea
WFI t=44904 a=-1720,-3818,-47 g=-2,45,-36
WFR t=44911 src=mcu type=0x01 len=16 data=aa9501180080000000000000ffff13e8
WFR t=44931 src=mcu type=0x01 len=16 data=aa962d042f000000000000000000bd38
WFI t=44954 a=-1717,-3831,-37 g=-3,-13,-2
WFR t=44971 src=mcu type=0x01 len=16 data=aa97232c00000000000000000000e694
WFR t=44991 src=mcu type=0x01 len=16 data=aa9807010200000056117eea00007aa4
WFI t=45004 a=-1689,-3836,-19 g=-8,-48,24
WFR t=45031 src=mcu type=0x01 len=16 data=aa991d00ab04a08c64502748395e1e28
WFR t=45051 src=mcu type=0x01 len=16 data=aa9a646464625f5d5b5955010101d546
WFI t=45054 a=-1671,-3834,-26 g=-1,-20,4
WFR t=45071 src=mcu type=0x01 len=16 data=aa9b0101010100000000fbfbecd30e91
WFI t=45104 a=-1688,-3857,-14 g=0,29,-14
WFR t=45111 src=mcu type=0x01 len=16 data=aa9c01180080000000000000feff0fb1
WFR t=45131 src=mcu type=0x01 len=16 data=aa9d2d042f000000000000000000a7b3
WFI t=45154 a=-1698,-3838,-44 g=-6,37,-32
WFR t=45171 src=mcu type=0x01 len=16 data=aa9e232c00000000000000000000fb5d
WFR t=45191 src=mcu type=0x01 len=16 data=aa9fb5a1b0bfd800000000000000dfe1
WFI t=45204 a=-1728,-3829,-39 g=0,-3,-7
WFR t=45211 src=mcu type=0x01 len=16 data=aaa000000000020c000035006a00d1bd
WFR t=45251 src=mcu type=0x01 len=16 data=aaa188044a5357583036323430360894
WFI t=45254 a=-1669,-3833,-42 g=3,-17,10
WFR t=45271 src=mcu type=0x01 len=16 data=aaa231344e4242463930333500005e71
WFI t=45304 a=-1680,-3850,-32 g=-1,7,-16
WFR t=45311 src=mcu type=0x01 len=16 data=aaa301180080000000000000ffff5bde
WFR t=45316 src=bms type=0x02 len=129 data=d2037c0eed0eec0eed0eed0eed0eec0eed0eed0eec0eec0eed0eee0ef10ef10ef10ef00ef10ef10ef20ef20ef20ef30ef30ef30ef10ef20ef20ef20000000000000000003d0000000000000000000000000000042e752f02ae0ef30eec003d003d00000157001c0001001d0000000100010eef0007000a000000000000000000ea
WFR t=45331 src=mcu type=0x01 len=16 data=aaa42d042f000000000000000000fb8a
WFI t=45354 a=-1697,-3827,-41 g=2,5,-2
WFR t=45371 src=mcu type=0x01 len=16 data=aaa5232c00000000000000000000a026
WFR t=45391 src=mcu type=0x01 len=16 data=aaa6000000000000000000000000b4ce
WFI t=45404 a=-1693,-3833,-30 g=-7,-28,6
WFR t=45431 src=mcu type=0x01 len=16 data=aaa7000000000000000000000000b64f
WFR t=45451 src=mcu type=0x01 len=16 data=aaa801801b000000400052a8194013c9
WFI t=45454 a=-1707,-3841,-30 g=-9,-30,5
WFR t=45471 src=mcu type=0x01 len=16 data=aaa9028288135c4488132400ec02f999
WFI t=45504 a=-1667,-3827,-39 g=-2,4,-8
WFR t=45511 src=mcu type=0x01 len=16 data=aaaa01180080000000000000feff4787
WFR t=45531 src=mcu type=0x01 len=16 data=aaab2d042f000000000000000000ef85
WFR t=45551 src=mcu type=0x01 len=16 data=aaac232c00000000000000000000bdef
WFI t=45554 a=-1711,-3821,-30 g=-2,10,-9
WFR t=45591 src=mcu type=0x01 len=16 data=aaad0048005f00021000000100801d27
WFI t=45604 a=-1707,-3815,-45 g=-3,6,-3
WFR t=45611 src=mcu type=0x01 len=16 data=aaae55f04b0b18000000803a40005cef
WFR t=45651 src=mcu type=0x01 len=16 data=aaaf08610005460c2f78a00f090076a9
WFI t=45654 a=-1723,-3832,-36 g=-4,-35,0
WFR t=45671 src=mcu type=0x01 len=16 data=aab001180080000000000000ffff608d
WFR t=45691 src=mcu type=0x01 len=16 data=aab12d042f000000000000000000c91f
WFI t=45704 a=-1673,-3822,-44 g=1,-7,9
WFR t=45706 src=bms type=0x02 len=129 data=d2037c0eed0eec0eed0eed0eed0eec0eed0eed0eec0eec0eed0eee0ef10ef10ef10ef00ef10ef10ef20ef20ef20ef20ef30ef30ef10ef20ef20ef20000000000000000003d0000000000000000000000000000042e752e02ae0ef30eec003d003d00000157001c0001001d0000000100010eef000700150000000000000000ce8f
WFR t=45731 src=mcu type=0x01 len=16 data=aab2232c0000000000000000000095f1
WFR t=45751 src=mcu type=0x01 len=16 data=aab3014a02050030000488001b007188
WFI t=45754 a=-1707,-3819,-19 g=-5,22,-23
WFR t=45791 src=mcu type=0x01 len=16 data=aab400009f0ca90c9a0c540600001589
WFI t=45804 a=-1705,-3825,-9 g=-3,-3,5
WFR t=45811 src=mcu type=0x01 len=16 data=aab51b00e8517918060e8e0ab0009794
WFR t=45851 src=mcu type=0x01 len=16 data=aab6050804080080cb020122f13fc622
WFI t=45854 a=-1660,-3828,-44 g=-6,2,-2
WFR t=45871 src=mcu type=0x01 len=16 data=aa8001180080000000000000feff20ed
WFR t=45891 src=mcu type=0x01 len=16 data=aa812d042f00000000000000000088ef
WFI t=45904 a=-1700,-3828,-34 g=-5,23,-28
WFR t=45931 src=mcu type=0x01 len=16 data=aa82232c00000000000000000000d401
WFR t=45951 src=mcu type=0x01 len=16 data=aa83000100011101b70111019f00058c
WFI t=45954 a=-1714,-3836,-3 g=-5,-22,1
WFR t=45991 src=mcu type=0x01 len=16 data=aa840000090a10560001310051c45a55
WFI t=46004 a=-1684,-3834,-25 g=-3,-40,16
WFR t=46011 src=mcu type=0x01 len=16 data=aa8513088003e204080b1000507864d4
WFR t=46031 src=mcu type=0x01 len=16 data=aa868403f4010400a00f8813c003f9eb
WFI t=46054 a=-1696,-3841,-40 g=-8,-26,-2
WFR t=46071 src=mcu type=0x01 len=16 data=aa8701180080000000000000feff2baa
WFR t=46091 src=mcu type=0x01 len=16 data=aa882d042f0000000000000000009526
WFI t=46104 a=-1692,-3833,-32 g=3,33,-7
WFT t=46120 batt_mv=4198 rssi_mcu=-74 rssi_bms=-83 mcu=1638 bms=80 dropped=0
WFR t=46126 src=bms type=0x02 len=129 data=d2037c0eed0eec0eed0eed0eed0eec0eed0eed0eec0eec0eed0eee0ef10ef10ef10ef00ef10ef10ef20ef20ef20ef20ef30ef30ef10ef20ef20ef20000000000000000003d0000000000000000000000000000042e752e02ae0ef30eec003d003d00000157001c0001001d0000000100010eef000700150000000000000000ce8f
WFR t=46131 src=mcu type=0x01 len=16 data=aa89232c00000000000000000000ce8a
WFI t=46244 a=-1710,-3840,-2 g=-10,8,-23
WFR t=46259 src=mcu type=0x01 len=16 data=aa8a480c1c0207284901230020001521
WFR t=46259 src=mcu type=0x01 len=16 data=aa8b40005c03474c775419031a0e80f3
WFR t=46259 src=mcu type=0x01 len=16 data=aa8c2225bf0420034006b80b3e02672c
WFR t=46260 src=mcu type=0x01 len=16 data=aa8d800c800000006c07102780008244
WFI t=46260 a=-1710,-3831,-36 g=-11,-32,4
WFI t=46262 a=-1702,-3824,-46 g=-9,-33,4
WFR t=46271 src=mcu type=0x01 len=16 data=aa8e01180080000000000000ffff37f3
WFR t=46291 src=mcu type=0x01 len=16 data=aa8f2d042f0000000000000000009e61
WFI t=46304 a=-1708,-3815,-51 g=2,1,9
WFR t=46311 src=mcu type=0x01 len=16 data=aa90232c00000000000000000000edd3
WFR t=46351 src=mcu type=0x01 len=16 data=aa910b000f00465a667332000b9ed1a0
WFI t=46354 a=-1695,-3823,-34 g=-3,-6,-10
WFR t=46371 src=mcu type=0x01 len=16 data=aa92000000000000000000000000fbba
WFI t=46404 a=-1712,-3842,-20 g=5,7,-3
WFR t=46411 src=mcu type=0x01 len=16 data=aa93d804480804242c01c003214fe1ad
WFR t=46431 src=mcu type=0x01 len=16 data=aa94f0f465fffffff8080d00412af645
WFI t=46454 a=-1683,-3832,-27 g=-6,-2,-8
WFR t=46471 src=mcu type=0x01 len=16 data=aa950118008000000000ffffffff13cc
WFR t=46491 src=mcu type=0x01 len=16 data=aa962d042f000000000000000000bd38
WFI t=46504 a=-1710,-3823,-49 g=6,32,-18
WFR t=46511 src=mcu type=0x01 len=16 data=aa97232c00000000000000000000e694
WFR t=46516 src=bms type=0x02 len=129 data=d2037c0eed0eec0eed0eec0eed0eec0eed0eed0eec0eec0eed0eee0ef10ef10ef10ef00ef10ef10ef30ef20ef20ef30ef30ef30ef10ef20ef20ef30000000000000000003d0000000000000000000000000000042e752f02ae0ef30eec003d003d00000157001c0001001d0000000100010eef0007000a0000000000000000a3fa
WFR t=46551 src=mcu type=0x01 len=16 data=aa9807010200000056117eea00007aa4
WFI t=46554 a=-1726,-3825,-35 g=-3,-5,-8
WFR t=46571 src=mcu type=0x01 len=16 data=aa991d00ab04a08c64502748395e1e28
WFI t=46604 a=-1682,-3837,-20 g=-5,-30,15
WFR t=46611 src=mcu type=0x01 len=16 data=aa9a646464625f5d5b5955010101d546
WFR t=46631 src=mcu type=0x01 len=16 data=aa9b0101010100000000fbfbecd30e91
WFR t=46651 src=mcu type=0x01 len=16 data=aa9c01180080000000000000ffff0e21
WFI t=46654 a=-1687,-3848,-20 g=-9,-40,5
WFR t=46691 src=mcu type=0x01 len=16 data=aa9d2d042f000000000000000000a7b3
WFI t=46704 a=-1684,-3821,-57 g=0,17,-6
WFR t=46711 src=mcu type=0x01 len=16 data=aa9e232c00000000000000000000fb5d
WFR t=46751 src=mcu type=0x01 len=16 data=aa9fb5a1b0bfd800000000000000dfe1
WFI t=46754 a=-1700,-3844,-29 g=-4,23,-24
WFI t=46807 a=-1706,-3831,-38 g=3,14,-9
WFR t=46811 src=mcu type=0x01 len=16 data=aaa000000000020c000035006a00d1bd
WFR t=46812 src=mcu type=0x01 len=16 data=aaa188044a5357583036323430360894
WFR t=46831 src=mcu type=0x01 len=16 data=aaa231344e4242463930333500005e71
WFR t=46851 src=mcu type=0x01 len=16 data=aaa301180080000000000000feff5a4e
WFI t=46854 a=-1718,-3826,-8 g=-6,-35,11
WFR t=46891 src=mcu type=0x01 len=16 data=aaa42d042f000000000000000000fb8a
WFI t=46905 a=-1676,-3829,-38 g=-5,-29,16
WFR t=46911 src=mcu type=0x01 len=16 data=aaa5232c00000000000000000000a026
WFR t=46936 src=bms type=0x02 len=129 data=d2037c0eed0eec0eed0eec0eed0eec0eed0eed0eec0eec0eed0eee0ef10ef10ef10ef00ef10ef10ef30ef20ef20ef30ef30ef30ef10ef20ef20ef30000000000000000003d0000000000000000000000000000042e752f02ae0ef30eec003d003d00000157001c0001001d0000000100010eef0007000a0000000000000000a3fa
WFR t=46951 src=mcu type=0x01 len=16 data=aaa6000000000000000000000000b4ce
WFI t=46954 a=-1693,-3822,-39 g=0,13,-15
WFR t=46971 src=mcu type=0x01 len=16 data=aaa7000000000000000000000000b64f
WFR t=46991 src=mcu type=0x01 len=16 data=aaa801801b000000400052a8194013c9
WFI t=47004 a=-1698,-3830,-32 g=1,33,-17
WFR t=47031 src=mcu type=0x01 len=16 data=aaa9028288135c4488132400ec02f999
WFR t=47051 src=mcu type=0x01 len=16 data=aaaa01180080000000000000feff4787
WFI t=47054 a=-1712,-3836,-14 g=2,-7,-7
WFR t=47091 src=mcu type=0x01 len=16 data=aaab2d042f000000000000000000ef85
WFI t=47104 a=-1697,-3831,-44 g=-10,-26,9
WFR t=47111 src=mcu type=0x01 len=16 data=aaac232c00000000000000000000bdef
WFR t=47131 src=mcu type=0x01 len=16 data=aaad0048005f00021000000100801d27
WFI t=47154 a=-1687,-3825,-57 g=-5,-13,-4
WFR t=47171 src=mcu type=0x01 len=16 data=aaae55f04b0b18000000803a40005cef
WFR t=47191 src=mcu type=0x01 len=16 data=aaaf08610005460c2f78a00f090076a9
WFI t=47204 a=-1696,-3820,-42 g=-7,14,-10
WFR t=47231 src=mcu type=0x01 len=16 data=aab001180080000000000000ffff608d
WFR t=47251 src=mcu type=0x01 len=16 data=aab12d042f000000000000000000c91f
WFI t=47254 a=-1696,-3833,-2 g=-8,1,-8
WFR t=47271 src=mcu type=0x01 len=16 data=aab2232c0000000000000000000095f1
WFI t=47304 a=-1688,-3827,-28 g=-4,0,-6
WFR t=47311 src=mcu type=0x01 len=16 data=aab3014a02050030000488001b007188
WFR t=47326 src=bms type=0x02 len=129 data=d2037c0eed0eec0eed0eec0eed0eec0eed0eed0eec0eec0eed0eee0ef10ef10ef10ef00ef10ef10ef30ef20ef20ef30ef30ef30ef10ef20ef20ef30000000000000000003d0000000000000000000000000000042e752f02ae0ef30eec003d003d00000157001c0001001d0000000100010eef0007000a0000000000000000a3fa
WFR t=47331 src=mcu type=0x01 len=16 data=aab400009f0ca90c9a0c540600001589
WFI t=47354 a=-1714,-3835,-33 g=-2,6,-6
WFR t=47371 src=mcu type=0x01 len=16 data=aab51b00e8517918060edb0ab0008658
WFR t=47391 src=mcu type=0x01 len=16 data=aab6050804080080cb020122f13fc622
WFI t=47404 a=-1693,-3826,-47 g=-2,11,-6
WFR t=47411 src=mcu type=0x01 len=16 data=aa8001180080000000000000ffff217d
WFR t=47451 src=mcu type=0x01 len=16 data=aa812d042f00000000000000000088ef
WFI t=47454 a=-1703,-3840,-12 g=-9,-22,2
WFR t=47471 src=mcu type=0x01 len=16 data=aa82232c00000000000000000000d401
WFI t=47504 a=-1677,-3831,-26 g=-7,-11,-3
WFR t=47511 src=mcu type=0x01 len=16 data=aa83000100011101b70111019f00058c
WFR t=47531 src=mcu type=0x01 len=16 data=aa840000090a10560001310051c45a55
WFI t=47554 a=-1691,-3845,-22 g=-4,-5,-15
WFR t=47571 src=mcu type=0x01 len=16 data=aa8513088003e204080b1000507864d4
WFR t=47591 src=mcu type=0x01 len=16 data=aa868403f4010400a00f8813c003f9eb
WFI t=47604 a=-1711,-3836,-60 g=2,16,-10
WFR t=47611 src=mcu type=0x01 len=16 data=aa8701180080000000000000ffff2a3a
WFR t=47651 src=mcu type=0x01 len=16 data=aa882d042f0000000000000000009526
WFI t=47654 a=-1711,-3830,-26 g=-4,-3,1
WFR t=47671 src=mcu type=0x01 len=16 data=aa89232c00000000000000000000ce8a
WFI t=47704 a=-1690,-3814,-58 g=0,-5,5
WFR t=47711 src=mcu type=0x01 len=16 data=aa8a480c1c0207284901230020001521
WFR t=47731 src=mcu type=0x01 len=16 data=aa8b40005c03474c775419031a0e80f3
WFR t=47746 src=bms type=0x02 len=129 data=d2037c0eed0eec0eed0eec0eec0eec0eed0eed0eec0eec0eed0eee0ef10ef10ef10ef00ef10ef10ef20ef20ef20ef30ef30ef30ef10ef20ef20ef20000000000000000003d0000000000000000000000000000042e753002ae0ef30eec003d003d00000157001c0001001d0000000100010eef00070000000000000000000008f8
WFR t=47751 src=mcu type=0x01 len=16 data=aa8c2225bf0420034006b80b3e02672c
WFI t=47754 a=-1712,-3833,-26 g=-9,-26,6
WFR t=47791 src=mcu type=0x01 len=16 data=aa8d800c800000006c07102780008244
WFI t=47804 a=-1674,-3838,-50 g=-4,4,-13
WFR t=47811 src=mcu type=0x01 len=16 data=aa8e01180080000000000000ffff37f3
WFR t=47851 src=mcu type=0x01 len=16 data=aa8f2d042f0000000000000000009e61
WFI t=47854 a=-1704,-3829,-18 g=-4,15,-26
WFR t=47871 src=mcu type=0x01 len=16 data=aa90232c00000000000000000000edd3
WFR t=47891 src=mcu type=0x01 len=16 data=aa910b000f00465a667332000b9ed1a0
WFI t=47904 a=-1711,-3828,-22 g=-3,-3,-2
WFR t=47931 src=mcu type=0x01 len=16 data=aa92000000000000000000000000fbba
WFR t=47951 src=mcu type=0x01 len=16 data=aa93d804480804242c01c003214fe1ad
WFI t=47954 a=-1710,-3836,-34 g=-6,-24,12
WFR t=47991 src=mcu type=0x01 len=16 data=aa94f0f465fffffff8080d00412af645
WFI t=48004 a=-1707,-3835,-43 g=-7,-10,12
WFR t=48011 src=mcu type=0x01 len=16 data=aa9501180080000000000000ffff13e8
WFR t=48051 src=mcu type=0x01 len=16 data=aa962d042f000000000000000000bd38
WFI t=48054 a=-1690,-3827,-27 g=1,14,-17
WFR t=48071 src=mcu type=0x01 len=16 data=aa97232c00000000000000000000e694
WFR t=48091 src=mcu type=0x01 len=16 data=aa9807010200000056117eea00007aa4
WFI t=48104 a=-1704,-3842,-29 g=-3,14,-18
WFR t=48131 src=mcu type=0x01 len=16 data=aa991d00ab04a08c64502748395e1e28
WFR t=48137 src=bms type=0x02 len=129 data=d2037c0eed0eec0eed0eec0eec0eec0eed0eed0eec0eec0eed0eee0ef10ef10ef10ef00ef10ef10ef20ef20ef20ef30ef30ef30ef10ef20ef20ef20000000000000000003d0000000000000000000000000000042e753002ae0ef30eec003d003d00000157001c0001001d0000000100010eef00070000000000000000000008f8
WFI t=48255 a=-1708,-3829,-34 g=-3,-17,1
WFR t=48325 src=mcu type=0x01 len=16 data=aa9a646464625f5d5b5955010101d546
WFR t=48340 src=mcu type=0x01 len=16 data=aa9b0101010100000000fbfbecd30e91
WFR t=48341 src=mcu type=0x01 len=16 data=aa9c01180080000000000000ffff0e21
WFR t=48341 src=mcu type=0x01 len=16 data=aa9d2d042f000000000000000000a7b3
WFR t=48341 src=mcu type=0x01 len=16 data=aa9e232c00000000000000000000fb5d
WFR t=48341 src=mcu type=0x01 len=16 data=aa9fb5a1b0bfd800000000000000dfe1
WFR t=48341 src=mcu type=0x01 len=16 data=aaa000000000020c000035006a00d1bd
WFI t=48343 a=-1691,-3841,-36 g=1,3,4
WFR t=48426 src=mcu type=0x01 len=16 data=aaa188044a5357583036323430360894
WFR t=48427 src=mcu type=0x01 len=16 data=aaa231344e4242463930333500005e71
WFR t=48427 src=mcu type=0x01 len=16 data=aaa301180080000000000000feff5a4e
WFI t=48427 a=-1699,-3846,-38 g=-7,-25,-1
WFI t=48429 a=-1699,-3830,-39 g=-6,-19,-1
WFR t=48431 src=mcu type=0x01 len=16 data=aaa42d042f000000000000000000fb8a
WFI t=48432 a=-1699,-3830,-39 g=-6,-19,-1
WFI t=48434 a=-1694,-3839,-42 g=-4,-18,-3
WFI t=48454 a=-1696,-3821,-35 g=-3,-5,-8
WFR t=48471 src=mcu type=0x01 len=16 data=aaa5232c00000000000000000000a026
WFR t=48491 src=mcu type=0x01 len=16 data=aaa6000000000000000000000000b4ce
WFI t=48504 a=-1690,-3823,-31 g=0,25,-16
WFR t=48511 src=mcu type=0x01 len=16 data=aaa7000000000000000000000000b64f
WFR t=48551 src=mcu type=0x01 len=16 data=aaa801801b000000400052a8194013c9
WFI t=48554 a=-1719,-3837,-26 g=-9,-3,-3
WFR t=48556 src=bms type=0x02 len=129 data=d2037c0eed0eec0eed0eed0eed0eec0eed0eed0eec0eec0eed0eed0ef10ef10ef10ef00ef10ef10ef20ef20ef20ef30ef30ef30ef10ef20ef20ef20000000000000000003d0000000000000000000000000000042e752f02ae0ef30eec003d003d00000157001c0001001d0000000100010eef0007000a0000000000000000b99c
WFR t=48571 src=mcu type=0x01 len=16 data=aaa9028288135c4488132400ec02f999
WFI t=48604 a=-1702,-3818,-28 g=-1,-34,22
WFR t=48611 src=mcu type=0x01 len=16 data=aaaa01180080000000000000ffff4617
WFR t=48631 src=mcu type=0x01 len=16 data=aaab2d042f000000000000000000ef85
WFI t=48654 a=-1678,-3828,-44 g=-4,5,-10
WFR t=48671 src=mcu type=0x01 len=16 data=aaac232c00000000000000000000bdef
WFR t=48691 src=mcu type=0x01 len=16 data=aaad0048005f00021000000100801d27
WFI t=48704 a=-1703,-3816,-41 g=-3,31,-25
WFR t=48711 src=mcu type=0x01 len=16 data=aaae55f04b0b18000000803a40005cef
WFR t=48751 src=mcu type=0x01 len=16 data=aaaf08610005460c2f78a00f090076a9
WFI t=48754 a=-1710,-3824,-33 g=-5,-13,0
WFR t=48771 src=mcu type=0x01 len=16 data=aab001180080000000000100feff60e1
WFI t=48804 a=-1687,-3830,-30 g=-3,-21,8
WFR t=48811 src=mcu type=0x01 len=16 data=aab12d042f000000000000000000c91f
WFR t=48831 src=mcu type=0x01 len=16 data=aab2232c0000000000000000000095f1
WFR t=48851 src=mcu type=0x01 len=16 data=aab3014a02050030000488001b007188
WFI t=48854 a=-1691,-3836,-38 g=1,5,-10
WFR t=48891 src=mcu type=0x01 len=16 data=aab400009f0ca90c9a0c540600001589
WFI t=48904 a=-1696,-3842,-38 g=-1,14,-8
WFR t=48911 src=mcu type=0x01 len=16 data=aab51b00e8517918060e760ab000a6f4
WFR t=48946 src=bms type=0x02 len=129 data=d2037c0eed0eec0eed0eed0eed0eec0eed0eed0eec0eec0eed0eed0ef10ef10ef10ef00ef10ef10ef20ef20ef20ef30ef30ef30ef10ef20ef20ef20000000000000000003d0000000000000000000000000000042e752f02ae0ef30eec003d003d00000157001c0001001d0000000100010eef0007000a0000000000000000b99c
WFR t=48951 src=mcu type=0x01 len=16 data=aab6050804080080cb020122f13fc622
WFI t=48954 a=-1695,-3845,-32 g=-9,-6,-9
WFR t=48971 src=mcu type=0x01 len=16 data=aa8001180080000000000000ffff217d
WFR t=48991 src=mcu type=0x01 len=16 data=aa812d042f00000000000000000088ef
WFI t=49004 a=-1690,-3810,-35 g=-2,10,0
WFR t=49031 src=mcu type=0x01 len=16 data=aa82232c00000000000000000000d401
WFR t=49051 src=mcu type=0x01 len=16 data=aa83000100011101b70111019f00058c
WFI t=49054 a=-1705,-3833,-31 g=-12,-15,-6
WFR t=49091 src=mcu type=0x01 len=16 data=aa840000090a10560001310051c45a55
WFI t=49104 a=-1699,-3839,-35 g=-4,-3,8
WFR t=49111 src=mcu type=0x01 len=16 data=aa8513088003e204080b1000507864d4
WFR t=49131 src=mcu type=0x01 len=16 data=aa868403f4010400a00f8813c003f9eb
WFI t=49154 a=-1700,-3830,-41 g=-5,-10,-13
WFR t=49171 src=mcu type=0x01 len=16 data=aa8701180080000000000000feff2baa
WFR t=49191 src=mcu type=0x01 len=16 data=aa882e042f0000000000000000009122
WFI t=49204 a=-1711,-3842,-26 g=2,1,0
WFR t=49231 src=mcu type=0x01 len=16 data=aa89232c00000000000000000000ce8a
WFR t=49251 src=mcu type=0x01 len=16 data=aa8a480c1c0207284901230020001521
WFI t=49254 a=-1690,-3826,-49 g=-5,-10,-9
WFR t=49291 src=mcu type=0x01 len=16 data=aa8b40005c03474c775419031a0e80f3
WFI t=49304 a=-1722,-3834,-34 g=-3,1,-3
WFR t=49311 src=mcu type=0x01 len=16 data=aa8c2225bf0420034006b80b3e02672c
WFR t=49331 src=mcu type=0x01 len=16 data=aa8d800c800000006c07102780008244
WFR t=49336 src=bms type=0x02 len=129 data=d2037c0eed0eec0eed0eed0eed0eec0eed0eed0eec0eec0eed0eed0ef10ef10ef10ef00ef10ef10ef20ef20ef20ef30ef30ef30ef10ef20ef20ef20000000000000000003d0000000000000000000000000000042e752f02ae0ef30eec003d003d00000157001c0001001d0000000100010eef0007000a0000000000000000b99c
WFI t=49354 a=-1707,-3838,-42 g=-10,-19,-8
WFR t=49371 src=mcu type=0x01 len=16 data=aa8e01180080000000000000ffff37f3
WFR t=49391 src=mcu type=0x01 len=16 data=aa8f2d042f0000000000000000009e61
WFI t=49404 a=-1688,-3830,-46 g=3,23,-6
WFR t=49431 src=mcu type=0x01 len=16 data=aa90232c00000000000000000000edd3
WFR t=49451 src=mcu type=0x01 len=16 data=aa910b000f00465a667332000b9ed1a0
WFI t=49454 a=-1711,-3830,-35 g=-6,8,-18
WFR t=49471 src=mcu type=0x01 len=16 data=aa92000000000000000000000000fbba
WFI t=49504 a=-1706,-3828,-44 g=-3,-16,14
WFR t=49511 src=mcu type=0x01 len=16 data=aa93d804480804242c01c003214fe1ad
WFR t=49531 src=mcu type=0x01 len=16 data=aa94f0f465fffffff8080d00412af645
WFI t=49555 a=-1682,-3831,-47 g=-4,-34,6
WFR t=49571 src=mcu type=0x01 len=16 data=aa9501180080000000000000feff1278
WFR t=49632 src=mcu type=0x01 len=16 data=aa962d042f000000000000000000bd38
WFR t=49633 src=mcu type=0x01 len=16 data=aa97232c00000000000000000000e694
WFI t=49633 a=-1702,-3827,-46 g=-2,29,-22
WFR t=49651 src=mcu type=0x01 len=16 data=aa9807010200000056117eea00007aa4
WFI t=49654 a=-1714,-3827,-17 g=-8,0,-19
WFR t=49671 src=mcu type=0x01 len=16 data=aa991d00ab04a08c64502748395e1e28
WFI t=49764 a=-1672,-3844,-33 g=-9,-16,-5
WFI t=49802 a=-1694,-3832,-21 g=1,3,-9
WFR t=49803 src=bms type=0x02 len=129 data=d2037c0eed0eec0eed0eec0eed0eec0eed0eed0eec0eec0eed0eed0ef10ef10ef10ef00ef10ef10ef30ef20ef20ef30ef30ef20ef10ef20ef20ef20000000000000000003d0000000000000000000000000000042e752f02ae0ef30eec003d003d00000157001c0001001d0000000100010eef0007000a000000000000000054dc
WFR t=49803 src=mcu type=0x01 len=16 data=aa9a646464625f5d5b5955010101d546
WFR t=49804 src=mcu type=0x01 len=16 data=aa9b0101010100000000fbfbecd30e91
WFR t=49805 src=mcu type=0x01 len=16 data=aa9c01180080000000000000ffff0e21
WFR t=49806 src=mcu type=0x01 len=16 data=aa9d2d042f000000000000000000a7b3
WFI t=49810 a=-1708,-3829,-42 g=4,17,-9
WFR t=49812 src=mcu type=0x01 len=16 data=aa9e232c00000000000000000000fb5d
WFI t=49921 a=-1684,-3836,-44 g=-4,-2,-11
WFR t=49921 src=mcu type=0x01 len=16 data=aa9fb5a1b0bfd800000000000000dfe1
WFR t=49921 src=mcu type=0x01 len=16 data=aaa000000000020c000035006a00d1bd
WFR t=49922 src=mcu type=0x01 len=16 data=aaa188044a5357583036323430360894
WFI t=49923 a=-1710,-3835,-43 g=-7,-8,-14
WFR t=49931 src=mcu type=0x01 len=16 data=aaa231344e4242463930333500005e71
WFR t=49951 src=mcu type=0x01 len=16 data=aaa301180080000000000000ffff5bde
WFI t=49954 a=-1714,-3817,-23 g=-1,-7,-3
WFR t=49991 src=mcu type=0x01 len=16 data=aaa42d042f000000000000000000fb8a
WFI t=50004 a=-1683,-3832,-46 g=1,-7,-3
WFR t=50011 src=mcu type=0x01 len=16 data=aaa5232c00000000000000000000a026
WFR t=50051 src=mcu type=0x01 len=16 data=aaa6000000000000000000000000b4ce
WFI t=50054 a=-1710,-3832,-34 g=-1,3,-8
WFR t=50071 src=mcu type=0x01 len=16 data=aaa7000000000000000000000000b64f
WFR t=50091 src=mcu type=0x01 len=16 data=aaa801801b000000400052a8194013c9
WFI t=50104 a=-1696,-3829,-50 g=-2,3,-8
WFR t=50131 src=mcu type=0x01 len=16 data=aaa9028288135c4488132400ec02f999
WFR t=50151 src=mcu type=0x01 len=16 data=aaaa01180080000000000000ffff4617
WFI t=50154 a=-1716,-3839,-34 g=-1,2,-5
WFR t=50288 src=bms type=0x02 len=129 data=d2037c0eed0eec0eed0eec0eed0eec0eed0eed0eec0eec0eed0eed0ef10ef10ef10ef00ef10ef10ef30ef20ef20ef30ef30ef20ef10ef20ef20ef20000000000000000003d0000000000000000000000000000042e752f02ae0ef30eec003d003d00000157001c0001001d0000000100010eef0007000a000000000000000054dc
WFR t=50289 src=mcu type=0x01 len=16 data=aaab2d042f000000000000000000ef85
WFR t=50289 src=mcu type=0x01 len=16 data=aaac232c00000000000000000000bdef
WFR t=50289 src=mcu type=0x01 len=16 data=aaad0048005f00021000000100801d27
WFR t=50289 src=mcu type=0x01 len=16 data=aaae55f04b0b18000000803a40005cef
WFI t=50289 a=-1698,-3841,-38 g=-2,0,1
WFR t=50291 src=mcu type=0x01 len=16 data=aaaf08610005460c2f78a00f090076a9
WFI t=50291 a=-1703,-3834,-39 g=-3,-1,-4
WFI t=50304 a=-1691,-3821,-49 g=3,-1,0
WFR t=50331 src=mcu type=0x01 len=16 data=aab001180080000000000000feff611d
WFR t=50351 src=mcu type=0x01 len=16 data=aab12d042f000000000000000000c91f
WFI t=50354 a=-1700,-3843,-26 g=-5,9,-10
WFR t=50391 src=mcu type=0x01 len=16 data=aab2232c0000000000000000000095f1
WFI t=50404 a=-1710,-3830,-44 g=-3,-8,-8
WFR t=50411 src=mcu type=0x01 len=16 data=aab3014a02050030000488001b007188
WFR t=50431 src=mcu type=0x01 len=16 data=aab400009f0ca90c9a0c540600001589
WFI t=50454 a=-1695,-3833,-40 g=-2,-5,2
WFR t=50471 src=mcu type=0x01 len=16 data=aab51b00e8517918060ef809b0007ddc
WFR t=50491 src=mcu type=0x01 len=16 data=aab6050804080080cb020122f13fc622
WFI t=50504 a=-1692,-3833,-49 g=-2,-7,-6
WFR t=50552 src=mcu type=0x01 len=16 data=aa8001180080000000000000feff20ed
WFR t=50553 src=mcu type=0x01 len=16 data=aa812d042f00000000000000000088ef
WFI t=50554 a=-1697,-3820,-38 g=4,10,-4
WFR t=50571 src=mcu type=0x01 len=16 data=aa82232c00000000000000000000d401
WFR t=50596 src=bms type=0x02 len=129 data=d2037c0eed0eec0eed0eed0eed0eec0eed0eed0eec0eec0eed0eee0ef10ef10ef10ef00ef10ef10ef20ef20ef20ef20ef30ef30ef10ef20ef20ef20000000000000000003d0000000000000000000000000000042e752f02ae0ef30eec003d003d00000157001c0001001d0000000100010eef0007000a00000000000000004502
WFI t=50604 a=-1696,-3846,-48 g=-3,0,-9
WFR t=50611 src=mcu type=0x01 len=16 data=aa83000100011101b70111019f00058c
WFR t=50631 src=mcu type=0x01 len=16 data=aa840000090a10560001310051c45a55
WFI t=50654 a=-1706,-3826,-42 g=3,3,1
WFR t=50671 src=mcu type=0x01 len=16 data=aa8513088003e204080b1000507864d4
WFR t=50691 src=mcu type=0x01 len=16 data=aa868403f4010400a00f8813c003f9eb
WFI t=50704 a=-1679,-3846,-27 g=-8,-2,-7
WFR t=50711 src=mcu type=0x01 len=16 data=aa8701180080000000000100feff2a56
WFR t=50751 src=mcu type=0x01 len=16 data=aa882d042f0000000000000000009526
WFI t=50754 a=-1700,-3824,-53 g=8,22,-14
WFR t=50771 src=mcu type=0x01 len=16 data=aa89232c00000000000000000000ce8a
WFI t=50804 a=-1703,-3839,-35 g=-9,-11,-4
WFR t=50811 src=mcu type=0x01 len=16 data=aa8a480c1c0207284901230020001521
WFR t=50831 src=mcu type=0x01 len=16 data=aa8b40005c03474c775419031a0e80f3
WFI t=50854 a=-1696,-3827,-47 g=-5,-28,8
WFR t=50871 src=mcu type=0x01 len=16 data=aa8c2225bf0420034006b80b3e02672c
WFR t=50891 src=mcu type=0x01 len=16 data=aa8d800c800000006c07102780008244
WFI t=50904 a=-1690,-3834,-41 g=-5,-13,0
WFR t=50911 src=mcu type=0x01 len=16 data=aa8e01180080000000000000ffff37f3
WFR t=50951 src=mcu type=0x01 len=16 data=aa8f2d042f0000000000000000009e61
WFI t=50954 a=-1686,-3832,-35 g=2,23,-15
WFR t=50971 src=mcu type=0x01 len=16 data=aa90232c00000000000000000000edd3
WFR t=50986 src=bms type=0x02 len=129 data=d2037c0eed0eec0eed0eed0eed0eec0eed0eed0eec0eec0eed0eee0ef10ef10ef10ef00ef10ef10ef20ef20ef20ef20ef30ef30ef10ef20ef20ef20000000000000000003d0000000000000000000000000000042e752f02ae0ef30eec003d003d00000157001c0001001d0000000100010eef0007000a00000000000000004502
WFI t=51004 a=-1713,-3834,-33 g=0,21,-13
WFR t=51011 src=mcu type=0x01 len=16 data=aa910b000f00465a667332000b9ed1a0
WFR t=51031 src=mcu type=0x01 len=16 data=aa92000000000000000000000000fbba
WFR t=51051 src=mcu type=0x01 len=16 data=aa93d804480804242c01c003214fe1ad
WFI t=51054 a=-1707,-3839,-53 g=-6,-13,1
WFR t=51091 src=mcu type=0x01 len=16 data=aa94f0f465fffffff8080d00412af645
WFI t=51104 a=-1696,-3824,-50 g=0,-19,8
WFR t=51111 src=mcu type=0x01 len=16 data=aa9501180080000000000000ffff13e8
WFR t=51151 src=mcu type=0x01 len=16 data=aa962d042f000000000000000000bd38
WFI t=51154 a=-1702,-3828,-40 g=-2,-18,0
WFR t=51171 src=mcu type=0x01 len=16 data=aa97232c00000000000000000000e694
WFR t=51191 src=mcu type=0x01 len=16 data=aa9807010200000056117eea00007aa4
WFI t=51205 a=-1694,-3837,-43 g=-2,10,-8
WFT t=51206 batt_mv=4186 rssi_mcu=-71 rssi_bms=-81 mcu=1819 bms=93 dropped=0
WFR t=51231 src=mcu type=0x01 len=16 data=aa991d00ab04a08c64502748395e1e28
WFR t=51251 src=mcu type=0x01 len=16 data=aa9a646464625f5d5b5955010101d546
WFI t=51254 a=-1706,-3829,-30 g=-7,-1,-15
WFR t=51291 src=mcu type=0x01 len=16 data=aa9b0101010100000000fbfbecd30e91
WFI t=51304 a=-1712,-3825,-44 g=-4,-1,1
WFR t=51311 src=mcu type=0x01 len=16 data=aa9c01180080000000000000feff0fb1
WFR t=51331 src=mcu type=0x01 len=16 data=aa9d2d042f000000000000000000a7b3
WFI t=51354 a=-1701,-3845,-41 g=-1,-13,0
WFR t=51371 src=mcu type=0x01 len=16 data=aa9e232c00000000000000000000fb5d
WFR t=51391 src=mcu type=0x01 len=16 data=aa9fb5a1b0bfd800000000000000dfe1
WFI t=51404 a=-1675,-3833,-23 g=-7,-4,-1
WFR t=51406 src=bms type=0x02 len=129 data=d2037c0eed0eec0eed0eec0eed0eec0eed0eed0eec0eec0eed0eed0ef10ef10ef10ef00ef10ef10ef20ef20ef20ef20ef30ef30ef10ef20ef20ef20000000000000000003d0000000000000000000000000000042e752f02ae0ef30eec003d003d00000157001c0001001d0000000100010eef0007000a00000000000000003f37
WFR t=51431 src=mcu type=0x01 len=16 data=aaa000000000020c000035006a00d1bd
WFR t=51451 src=mcu type=0x01 len=16 data=aaa188044a5357583036323430360894
WFI t=51454 a=-1681,-3832,-38 g=0,17,-12
WFR t=51491 src=mcu type=0x01 len=16 data=aaa231344e4242463930333500005e71
WFI t=51504 a=-1716,-3847,-32 g=-8,-7,-10
WFR t=51511 src=mcu type=0x01 len=16 data=aaa301180080000000000000feff5a4e
WFR t=51531 src=mcu type=0x01 len=16 data=aaa42d042f000000000000000000fb8a
WFI t=51554 a=-1709,-3834,-37 g=3,-18,5
WFR t=51571 src=mcu type=0x01 len=16 data=aaa5232c00000000000000000000a026
WFR t=51591 src=mcu type=0x01 len=16 data=aaa6000000000000000000000000b4ce
WFI t=51604 a=-1696,-3843,-39 g=-3,-13,-1
WFR t=51631 src=mcu type=0x01 len=16 data=aaa7000000000000000000000000b64f
WFR t=51651 src=mcu type=0x01 len=16 data=aaa801801b000000400052a8194013c9
WFI t=51654 a=-1697,-3834,-54 g=3,10,-9
WFR t=51671 src=mcu type=0x01 len=16 data=aaa9028288135c4488132400ec02f999
WFI t=51704 a=-1711,-3827,-46 g=-1,3,-4
WFR t=51711 src=mcu type=0x01 len=16 data=aaaa01180080000000000000ffff4617
WFR t=51731 src=mcu type=0x01 len=16 data=aaab2d042f000000000000000000ef85
WFI t=51754 a=-1689,-3812,-48 g=-2,4,-3
WFR t=51771 src=mcu type=0x01 len=16 data=aaac232c00000000000000000000bdef
WFR t=51791 src=mcu type=0x01 len=16 data=aaad0048005f00021000000100801d27
WFR t=51796 src=bms type=0x02 len=129 data=d2037c0eed0eec0eed0eec0eed0eec0eed0eed0eec0eec0eed0eed0ef10ef10ef10ef00ef10ef10ef20ef20ef20ef20ef30ef30ef10ef20ef20ef20000000000000000003d0000000000000000000000000000042e752f02ae0ef30eec003d003d00000157001c0001001d0000000100010eef0007000a00000000000000003f37
WFI t=51804 a=-1708,-3838,-37 g=3,12,-8
WFR t=51811 src=mcu type=0x01 len=16 data=aaae55f04b0b18000000803a40005cef
WFR t=51851 src=mcu type=0x01 len=16 data=aaaf08610005460c2f78a00f090076a9
WFI t=51854 a=-1710,-3842,-39 g=-4,-10,-5
WFR t=51871 src=mcu type=0x01 len=16 data=aab001180080000000000000ffff608d
WFI t=51904 a=-1696,-3829,-33 g=1,-15,3
WFR t=51911 src=mcu type=0x01 len=16 data=aab12d042f000000000000000000c91f
WFR t=51931 src=mcu type=0x01 len=16 data=aab2232c0000000000000000000095f1
WFI t=51954 a=-1693,-3815,-48 g=-6,1,-12
WFR t=51971 src=mcu type=0x01 len=16 data=aab3014a02050030000488001b007188
WFR t=51991 src=mcu type=0x01 len=16 data=aab400009f0ca90c9a0c540600001589
WFI t=52004 a=-1713,-3835,-42 g=1,7,-8
WFR t=52011 src=mcu type=0x01 len=16 data=aab51b00e8517918060ef809b0007ddc
WFR t=52051 src=mcu type=0x01 len=16 data=aab6050804080080cb020122f13fc622
WFI t=52054 a=-1698,-3834,-30 g=6,1,-3
WFR t=52071 src=mcu type=0x01 len=16 data=aa8001180080000000000000feff20ed
WFI t=52104 a=-1700,-3849,-39 g=-1,-4,-8
WFR t=52111 src=mcu type=0x01 len=16 data=aa812d042f00000000000000000088ef
WFR t=52131 src=mcu type=0x01 len=16 data=aa82232c00000000000000000000d401
WFR t=52151 src=mcu type=0x01 len=16 data=aa83000100011101b70111019f00058c
WFI t=52154 a=-1692,-3825,-29 g=-5,-10,1
WFR t=52204 src=mcu type=0x01 len=16 data=aa840000090a10560001310051c45a55
WFR t=52214 src=mcu type=0x01 len=16 data=aa8513088003e204080b1000507864d4
WFI t=52285 a=-1687,-3830,-42 g=-2,3,-4
WFR t=52301 src=bms type=0x02 len=129 data=d2037c0eed0eec0eed0eec0eed0eec0eed0eed0eec0eec0eed0eed0ef10ef10ef10ef00ef10ef10ef20ef20ef20ef20ef30ef30ef10ef20ef20ef20000000000000000003d0000000000000000000000000000042e752f02ae0ef30eec003d003d00000157001c0001001d0000000100010eef0007000a00000000000000003f37
WFR t=52301 src=mcu type=0x01 len=16 data=aa868403f4010400a00f8813c003f9eb
WFR t=52301 src=mcu type=0x01 len=16 data=aa8701180080000000000000feff2baa
WFI t=52301 a=-1705,-3839,-33 g=-2,1,-5
WFR t=52302 src=mcu type=0x01 len=16 data=aa882d042f0000000000000000009526
WFI t=52305 a=-1703,-3822,-34 g=-1,1,1
WFI t=52368 a=-1688,-3825,-55 g=-4,10,-12
WFR t=52372 src=mcu type=0x01 len=16 data=aa89232c00000000000000000000ce8a
WFR t=52372 src=mcu type=0x01 len=16 data=aa8a480c1c0207284901230020001521
WFR t=52391 src=mcu type=0x01 len=16 data=aa8b40005c03474c775419031a0e80f3
WFI t=52404 a=-1711,-3827,-38 g=-5,9,-7
WFR t=52411 src=mcu type=0x01 len=16 data=aa8c2225bf0420034006b80b3e02672c
WFR t=52431 src=mcu type=0x01 len=16 data=aa8d800c800000006c07102780008244
WFI t=52454 a=-1699,-3827,-48 g=-3,-7,3
WFR t=52472 src=mcu type=0x01 len=16 data=aa8e01180080000000000000ffff37f3
WFR t=52491 src=mcu type=0x01 len=16 data=aa8f2d042f0000000000000000009e61
WFI t=52504 a=-1692,-3842,-41 g=-1,-10,-3
WFR t=52531 src=mcu type=0x01 len=16 data=aa90232c00000000000000000000edd3
WFR t=52551 src=mcu type=0x01 len=16 data=aa910b000f00465a667332000b9ed1a0
WFI t=52554 a=-1700,-3832,-43 g=-5,-3,-7
WFR t=52591 src=mcu type=0x01 len=16 data=aa92000000000000000000000000fbba
WFI t=52604 a=-1711,-3833,-46 g=-3,0,-10
WFR t=52606 src=bms type=0x02 len=129 data=d2037c0eec0eec0eed0eec0eed0eec0eed0eed0eeb0eec0eed0eed0ef10ef10ef10ef00ef10ef10ef20ef20ef20ef30ef30ef30ef10ef20ef20ef20000000000000000003d0000000000000000000000000000042e752f02ae0ef30eec003d003d00000157001c0001001d0000000100010eef0007000a00000000000000003807
WFR t=52611 src=mcu type=0x01 len=16 data=aa93d804480804242c01c003214fe1ad
WFR t=52631 src=mcu type=0x01 len=16 data=aa94f0f465fffffff8080d00412af645
WFI t=52654 a=-1711,-3839,-49 g=-8,-8,3
WFR t=52671 src=mcu type=0x01 len=16 data=aa9501180080000000000000ffff13e8
WFR t=52691 src=mcu type=0x01 len=16 data=aa962d042f000000000000000000bd38
WFI t=52704 a=-1692,-3827,-45 g=-2,-10,2
WFR t=52731 src=mcu type=0x01 len=16 data=aa97232c00000000000000000000e694
WFR t=52751 src=mcu type=0x01 len=16 data=aa9807010200000056117eea00007aa4
WFI t=52754 a=-1705,-3836,-24 g=-7,-19,4
WFR t=52771 src=mcu type=0x01 len=16 data=aa991d00ab04a08c64502748395e1e28
WFI t=52804 a=-1669,-3838,-38 g=-3,12,-11
WFR t=52811 src=mcu type=0x01 len=16 data=aa9a646464625f5d5b5955010101d546
WFR t=52831 src=mcu type=0x01 len=16 data=aa9b0101010100000000fbfbecd30e91
WFI t=52854 a=-1727,-3822,-56 g=0,36,-37
WFR t=52871 src=mcu type=0x01 len=16 data=aa9c01180080000000000000ffff0e21
WFR t=52891 src=mcu type=0x01 len=16 data=aa9d2d042f000000000000000000a7b3
WFI t=52904 a=-1747,-3831,-48 g=-1,-15,14
WFR t=52911 src=mcu type=0x01 len=16 data=aa9e232c00000000000000000000fb5d
WFR t=52951 src=mcu type=0x01 len=16 data=aa9fb5a1b0bfd800000000000000dfe1
WFI t=52954 a=-1649,-3838,-57 g=-6,-33,10
WFR t=52971 src=mcu type=0x01 len=16 data=aaa000000000020c000035006a00d1bd
WFI t=53004 a=-1684,-3833,-33 g=2,25,-23
WFR t=53011 src=mcu type=0x01 len=16 data=aaa188044a5357583036323430360894
WFR t=53026 src=bms type=0x02 len=129 data=d2037c0eec0eec0eed0eec0eed0eec0eed0eed0eeb0eec0eed0eed0ef10ef10ef10ef00ef10ef10ef20ef20ef20ef30ef30ef30ef10ef20ef20ef20000000000000000003d0000000000000000000000000000042e752f02ae0ef30eec003d003d00000157001c0001001d0000000100010eef0007000a00000000000000003807
WFR t=53031 src=mcu type=0x01 len=16 data=aaa231344e4242463930333500005e71
WFI t=53054 a=-1705,-3833,-40 g=-4,4,-10
WFR t=53072 src=mcu type=0x01 len=16 data=aaa30118008000000000ffffffff5bfa
WFI t=53104 a=-1693,-3829,-63 g=6,18,-15
WFR t=53112 src=mcu type=0x01 len=16 data=aaa42d042f000000000000000000fb8a
WFR t=53112 src=mcu type=0x01 len=16 data=aaa5232c00000000000000000000a026
WFR t=53151 src=mcu type=0x01 len=16 data=aaa6000000000000000000000000b4ce
WFI t=53154 a=-1719,-3839,-13 g=1,-4,-2
WFR t=53171 src=mcu type=0x01 len=16 data=aaa7000000000000000000000000b64f
WFI t=53204 a=-1699,-3822,-63 g=0,-36,11
WFR t=53211 src=mcu type=0x01 len=16 data=aaa801801b000000400052a8194013c9
WFR t=53231 src=mcu type=0x01 len=16 data=aaa9028288135c4488132400ec02f999
WFR t=53252 src=mcu type=0x01 len=16 data=aaaa01180080000000000000ffff4617
WFI t=53254 a=-1707,-3830,-18 g=-10,-55,21
WFR t=53291 src=mcu type=0x01 len=16 data=aaab2d042f000000000000000000ef85
WFI t=53304 a=-1639,-3833,-69 g=4,24,-17
WFR t=53311 src=mcu type=0x01 len=16 data=aaac232c00000000000000000000bdef
WFR t=53351 src=mcu type=0x01 len=16 data=aaad0048005f00021000000100801d27
WFI t=53354 a=-1735,-3821,-13 g=-4,26,-33
WFR t=53371 src=mcu type=0x01 len=16 data=aaae55f04b0b18000000803a40005cef
WFR t=53391 src=mcu type=0x01 len=16 data=aaaf08610005460c2f78a00f090076a9
WFI t=53404 a=-1673,-3826,-61 g=6,11,-1
WFR t=53416 src=bms type=0x02 len=129 data=d2037c0eed0eec0eed0eec0eed0eec0eed0eed0eeb0eec0eed0eed0ef10ef10ef10ef00ef10ef10ef30ef20ef20ef20ef30ef30ef10ef20ef20ef30000000000000000003d0000000000000000000000000000042e752e02ae0ef30eeb003d003d00000157001c0001001d0000000100010eef0008001500000000000000003019
WFR t=53432 src=mcu type=0x01 len=16 data=aab00118008000000000ffffffff60a9
WFR t=53451 src=mcu type=0x01 len=16 data=aab12d042f000000000000000000c91f
WFI t=53454 a=-1704,-3836,-33 g=-6,-4,-8
WFR t=53491 src=mcu type=0x01 len=16 data=aab2232c0000000000000000000095f1
WFI t=53504 a=-1717,-3828,-49 g=-4,-13,10
WFR t=53511 src=mcu type=0x01 len=16 data=aab3014a02050030000488001b007188
WFR t=53531 src=mcu type=0x01 len=16 data=aab400009f0ca90c9a0c540600001589
WFI t=53554 a=-1689,-3827,-39 g=-7,-21,9
WFR t=53571 src=mcu type=0x01 len=16 data=aab51b00e8517918060e050bb000edb0
WFR t=53591 src=mcu type=0x01 len=16 data=aab6050804080080cb020122f13fc622
WFI t=53604 a=-1666,-3825,-37 g=8,18,-15
WFR t=53631 src=mcu type=0x01 len=16 data=aa8001180080000000000000feff20ed
WFR t=53651 src=mcu type=0x01 len=16 data=aa812d042f00000000000000000088ef
WFI t=53654 a=-1710,-3822,-39 g=-2,13,-25
WFR t=53691 src=mcu type=0x01 len=16 data=aa82232c00000000000000000000d401
WFI t=53704 a=-1701,-3834,-53 g=0,-3,-6
WFR t=53711 src=mcu type=0x01 len=16 data=aa83000100011101b70111019f00058c
WFR t=53731 src=mcu type=0x01 len=16 data=aa840000090a10560001310051c45a55
WFI t=53754 a=-1721,-3823,-68 g=-6,-6,2
WFR t=53771 src=mcu type=0x01 len=16 data=aa8513088003e204080b1000507864d4
WFR t=53791 src=mcu type=0x01 len=16 data=aa868403f4010400a00f8813c003f9eb
WFI t=53804 a=-1716,-3822,-47 g=-5,-24,17
WFR t=53831 src=mcu type=0x01 len=16 data=aa8701180080000000000000feff2baa
WFR t=53836 src=bms type=0x02 len=129 data=d2037c0eed0eec0eed0eec0eed0eec0eed0eed0eeb0eec0eed0eed0ef10ef10ef10ef00ef10ef10ef30ef20ef20ef20ef30ef30ef10ef20ef20ef30000000000000000003d0000000000000000000000000000042e752e02ae0ef30eeb003d003d00000157001c0001001d0000000100010eef0008001500000000000000003019
WFR t=53851 src=mcu type=0x01 len=16 data=aa882d042f0000000000000000009526
WFI t=53854 a=-1677,-3840,-42 g=-9,-16,10
WFR t=53871 src=mcu type=0x01 len=16 data=aa89232c00000000000000000000ce8a
WFI t=53904 a=-1680,-3829,-31 g=-5,13,-24
WFR t=53911 src=mcu type=0x01 len=16 data=aa8a480c1c0207284901230020001521
WFR t=53931 src=mcu type=0x01 len=16 data=aa8b40005c03474c775419031a0e80f3
WFI t=53954 a=-1715,-3835,-58 g=0,20,-30
WFR t=53972 src=mcu type=0x01 len=16 data=aa8c2225bf0420034006b80b3e02672c
WFR t=53991 src=mcu type=0x01 len=16 data=aa8d800c800000006c07102780008244
WFI t=54004 a=-1714,-3836,-49 g=-2,-6,-6
WFR t=54012 src=mcu type=0x01 len=16 data=aa8e01180080000000000000ffff37f3
WFR t=54051 src=mcu type=0x01 len=16 data=aa8f2d042f0000000000000000009e61
WFI t=54054 a=-1708,-3822,-42 g=-3,-32,16
WFR t=54071 src=mcu type=0x01 len=16 data=aa90232c00000000000000000000edd3
WFI t=54104 a=-1686,-3832,-32 g=-5,-38,18
WFR t=54111 src=mcu type=0x01 len=16 data=aa910b000f00465a667332000b9ed1a0
WFR t=54131 src=mcu type=0x01 len=16 data=aa92000000000000000000000000fbba
WFI t=54154 a=-1675,-3828,-30 g=7,4,-2
WFR t=54171 src=mcu type=0x01 len=16 data=aa93d804480804242c01c003214fe1ad
WFI t=54300 a=-1698,-3817,-48 g=5,60,-40
WFI t=54370 a=-1707,-3835,-30 g=-3,-30,19
WFI t=54446 a=-1675,-3819,-31 g=-5,-21,10
WFR t=54447 src=mcu type=0x01 len=16 data=aa94f0f465fffffff8080d00412af645
WFI t=54462 a=-1716,-3826,-31 g=-5,3,-17
WFR t=54462 src=mcu type=0x01 len=16 data=aa9501180080000000000000feff1278
WFR t=54463 src=bms type=0x02 len=129 data=d2037c0eed0eec0eed0eec0eed0eec0eed0eed0eeb0eec0eed0eed0ef10ef10ef10ef00ef10ef10ef30ef20ef20ef20ef30ef30ef10ef20ef20ef30000000000000000003d0000000000000000000000000000042e752e02ae0ef30eeb003d003d00000157001c0001001d0000000100010eef0008001500000000000000003019
WFR t=54463 src=mcu type=0x01 len=16 data=aa962d042f000000000000000000bd38
WFR t=54463 src=mcu type=0x01 len=16 data=aa97232c00000000000000000000e694
WFR t=54463 src=mcu type=0x01 len=16 data=aa9807010200000056117eea00007aa4
WFR t=54463 src=mcu type=0x01 len=16 data=aa991d00ab04a08c64502748395e1e28
WFR t=54464 src=mcu type=0x01 len=16 data=aa9a646464625f5d5b5955010101d546
WFI t=54464 a=-1709,-3837,-37 g=0,1,-13
WFR t=54464 src=mcu type=0x01 len=16 data=aa9b0101010100000000fbfbecd30e91
WFR t=54465 src=mcu type=0x01 len=16 data=aa9c01180080000000000000ffff0e21
WFR t=54465 src=mcu type=0x01 len=16 data=aa9d2d042f000000000000000000a7b3
WFI t=54466 a=-1715,-3837,-46 g=-3,0,-10
WFR t=54472 src=mcu type=0x01 len=16 data=aa9e232c00000000000000000000fb5d
WFR t=54491 src=mcu type=0x01 len=16 data=aa9fb5a1b0bfd800000000000000dfe1
WFI t=54504 a=-1693,-3838,-41 g=1,-9,-9
WFR t=54531 src=mcu type=0x01 len=16 data=aaa000000000020c000035006a00d1bd
WFR t=54551 src=mcu type=0x01 len=16 data=aaa188044a5357583036323430360894
WFI t=54554 a=-1696,-3829,-36 g=-9,8,-11
WFR t=54591 src=mcu type=0x01 len=16 data=aaa231344e4242463930333500005e71
WFI t=54604 a=-1712,-3835,-46 g=-3,-7,0
WFR t=54612 src=mcu type=0x01 len=16 data=aaa30118008000000000fffffeff5a6a
WFR t=54631 src=mcu type=0x01 len=16 data=aaa42d042f000000000000000000fb8a
WFI t=54654 a=-1688,-3826,-51 g=0,2,13
WFR t=54671 src=mcu type=0x01 len=16 data=aaa5232c00000000000000000000a026
WFR t=54691 src=mcu type=0x01 len=16 data=aaa6000000000000000000000000b4ce
WFI t=54704 a=-1699,-3837,-39 g=-6,-16,-6
WFR t=54706 src=bms type=0x02 len=129 data=d2037c0eed0eec0eed0eec0eed0eec0eed0eed0eeb0eec0eed0eed0ef10ef10ef10ef00ef10ef10ef20ef20ef20ef20ef30ef30ef10ef20ef20ef20000000000000000003d0000000000000000000000000000042e752f02ae0ef30eec003d003d00000157001c0001001d0000000100010eef0007000a00000000000000002913
WFR t=54731 src=mcu type=0x01 len=16 data=aaa7000000000000000000000000b64f
WFR t=54751 src=mcu type=0x01 len=16 data=aaa801801b000000400052a8194013c9
WFI t=54754 a=-1709,-3841,-37 g=2,-1,0
WFR t=54791 src=mcu type=0x01 len=16 data=aaa9028288135c4488132400ec02f999
WFI t=54804 a=-1675,-3830,-64 g=0,13,-23
WFR t=54812 src=mcu type=0x01 len=16 data=aaaa01180080000000000000ffff4617
WFR t=54851 src=mcu type=0x01 len=16 data=aaab2d042f000000000000000000ef85
WFI t=54854 a=-1729,-3824,-48 g=0,22,-18
WFR t=54871 src=mcu type=0x01 len=16 data=aaac232c00000000000000000000bdef
WFR t=54891 src=mcu type=0x01 len=16 data=aaad0048005f00021000000100801d27
WFI t=54904 a=-1699,-3831,-67 g=-7,-35,13
WFR t=54931 src=mcu type=0x01 len=16 data=aaae55f04b0b18000000803a40005cef
WFR t=54951 src=mcu type=0x01 len=16 data=aaaf08610005460c2f78a00f090076a9
WFI t=54954 a=-1687,-3845,-27 g=0,-28,9
WFR t=54972 src=mcu type=0x01 len=16 data=aab001180080000000000000ffff608d
WFI t=55004 a=-1686,-3839,-43 g=-2,4,-14
WFR t=55011 src=mcu type=0x01 len=16 data=aab12d042f000000000000000000c91f
WFR t=55031 src=mcu type=0x01 len=16 data=aab2232c0000000000000000000095f1
WFI t=55054 a=-1684,-3846,-41 g=0,37,-22
WFR t=55071 src=mcu type=0x01 len=16 data=aab3014a02050030000488001b007188
WFR t=55091 src=mcu type=0x01 len=16 data=aab400009f0ca90c9a0c540600001589
WFR t=55098 src=bms type=0x02 len=129 data=d2037c0eed0eec0eed0eec0eed0eec0eed0eed0eeb0eec0eed0eed0ef10ef10ef10ef00ef10ef10ef20ef20ef20ef20ef30ef30ef10ef20ef20ef20000000000000000003d0000000000000000000000000000042e752f02ae0ef30eec003d003d00000157001c0001001d0000000100010eef0007000a00000000000000002913
WFI t=55141 a=-1702,-3832,-47 g=-11,18,-20
WFR t=55152 src=mcu type=0x01 len=16 data=aab51b00e8517918060e730ab000a638
WFR t=55152 src=mcu type=0x01 len=16 data=aab6050804080080cb020122f13fc622
WFI t=55154 a=-1727,-3838,-47 g=0,-11,7
WFR t=55172 src=mcu type=0x01 len=16 data=aa8001180080000000000000ffff217d
WFI t=55204 a=-1710,-3840,-39 g=-5,-51,20
WFR t=55211 src=mcu type=0x01 len=16 data=aa812d042f00000000000000000088ef
WFR t=55231 src=mcu type=0x01 len=16 data=aa82232c00000000000000000000d401
WFI t=55254 a=-1661,-3844,-31 g=-7,-26,14
WFR t=55271 src=mcu type=0x01 len=16 data=aa83000100011101b70111019f00058c
WFR t=55291 src=mcu type=0x01 len=16 data=aa840000090a10560001310051c45a55
WFR t=55368 src=mcu type=0x01 len=16 data=aa8513088003e204080b1000507864d4
WFR t=55369 src=mcu type=0x01 len=16 data=aa868403f4010400a00f8813c003f9eb
WFI t=55443 a=-1690,-3829,-39 g=-3,40,-26
WFR t=55458 src=mcu type=0x01 len=16 data=aa8701180080000000000000feff2baa
WFR t=55458 src=mcu type=0x01 len=16 data=aa882d042f0000000000000000009526
WFR t=55459 src=mcu type=0x01 len=16 data=aa89232c00000000000000000000ce8a
WFI t=55459 a=-1717,-3828,-63 g=2,-8,5
WFR t=55459 src=mcu type=0x01 len=16 data=aa8a480c1c0207284901230020001521
WFI t=55461 a=-1722,-3847,-44 g=-5,-16,16
WFI t=55463 a=-1701,-3842,-50 g=-4,-13,17
WFR t=55491 src=mcu type=0x01 len=16 data=aa8b40005c03474c775419031a0e80f3
WFI t=55504 a=-1674,-3840,-50 g=-8,-28,8
WFR t=55511 src=mcu type=0x01 len=16 data=aa8c2225bf0420034006b80b3e02672c
WFR t=55551 src=mcu type=0x01 len=16 data=aa8d800c800000006c07102780008244
WFI t=55554 a=-1689,-3826,-62 g=-4,-19,0
WFR t=55572 src=mcu type=0x01 len=16 data=aa8e01180080000000000000feff3663
WFR t=55591 src=mcu type=0x01 len=16 data=aa8f2e042f0000000000000000009a65
WFI t=55604 a=-1700,-3822,-29 g=-4,-17,0
WFR t=55606 src=bms type=0x02 len=129 data=d2037c0eec0eec0eed0eec0eec0eec0eed0eed0eeb0eec0eed0eed0ef10ef10ef10ef00ef10ef10ef20ef20ef20ef20ef30ef30ef10ef20ef20ef20000000000000000003d0000000000000000000000000000042e752f02ae0ef30eeb003d003d00000157001c0001001d0000000100010eef0008000a00000000000000007541
WFR t=55631 src=mcu type=0x01 len=16 data=aa90232c00000000000000000000edd3
WFR t=55651 src=mcu type=0x01 len=16 data=aa910b000f00465a667332000b9ed1a0
WFI t=55654 a=-1674,-3836,-44 g=-11,-28,-19
WFR t=55691 src=mcu type=0x01 len=16 data=aa92000000000000000000000000fbba
WFI t=55704 a=-1700,-3847,-55 g=10,89,-43
WFR t=55711 src=mcu type=0x01 len=16 data=aa93d804480804242c01c003214fe1ad
WFR t=55731 src=mcu type=0x01 len=16 data=aa94f0f465fffffff8080d00412af645
WFI t=55754 a=-1682,-3847,-15 g=-9,-10,-27
WFR t=55772 src=mcu type=0x01 len=16 data=aa9501180080000000000000ffff13e8
WFR t=55791 src=mcu type=0x01 len=16 data=aa962d042f000000000000000000bd38
WFI t=55804 a=-1737,-3824,-45 g=3,-12,29
WFR t=55831 src=mcu type=0x01 len=16 data=aa97232c00000000000000000000e694
WFR t=55851 src=mcu type=0x01 len=16 data=aa9807010200000056117eea00007aa4
WFI t=55854 a=-1678,-3789,-100 g=-20,-97,38
WFR t=55892 src=mcu type=0x01 len=16 data=aa991d00ab04a08c64502748395e1e28
WFI t=55904 a=-1640,-3795,-87 g=6,31,-2
WFR t=55911 src=mcu type=0x01 len=16 data=aa9a646464625f5d5b5955010101d546
WFR t=55931 src=mcu type=0x01 len=16 data=aa9b0101010100000000fbfbecd30e91
WFI t=55954 a=-1711,-3830,-64 g=2,79,-52
WFR t=55972 src=mcu type=0x01 len=16 data=aa9c01180080000000000000ffff0e21
WFR t=55991 src=mcu type=0x01 len=16 data=aa9d2d042f000000000000000000a7b3
WFR t=55996 src=bms type=0x02 len=129 data=d2037c0eec0eec0eed0eec0eec0eec0eed0eed0eeb0eec0eed0eed0ef10ef10ef10ef00ef10ef10ef20ef20ef20ef20ef30ef30ef10ef20ef20ef20000000000000000003d0000000000000000000000000000042e752f02ae0ef30eeb003d003d00000157001c0001001d0000000100010eef0008000a00000000000000007541
WFI t=56004 a=-1719,-3852,-15 g=8,26,-13
WFR t=56031 src=mcu type=0x01 len=16 data=aa9e232c00000000000000000000fb5d
WFR t=56051 src=mcu type=0x01 len=16 data=aa9fb5a1b0bfd800000000000000dfe1
WFI t=56054 a=-1717,-3847,-57 g=-14,-52,6
WFR t=56071 src=mcu type=0x01 len=16 data=aaa000000000020c000035006a00d1bd
WFI t=56104 a=-1698,-3834,-55 g=1,-32,28
WFR t=56111 src=mcu type=0x01 len=16 data=aaa188044a5357583036323430360894
WFR t=56131 src=mcu type=0x01 len=16 data=aaa231344e4242463930333500005e71
WFI t=56154 a=-1661,-3836,-39 g=-6,-18,1
WFR t=56172 src=mcu type=0x01 len=16 data=aaa301180080000000000000ffff5bde
WFR t=56192 src=mcu type=0x01 len=16 data=aaa42d042f000000000000000000fb8a
WFR t=56239 src=mcu type=0x01 len=16 data=aaa5232c00000000000000000000a026
WFI t=56319 a=-1682,-3848,-63 g=3,46,-47
WFR t=56335 src=mcu type=0x01 len=16 data=aaa6000000000000000000000000b4ce
WFR t=56335 src=mcu type=0x01 len=16 data=aaa7000000000000000000000000b64f
WFR t=56335 src=mcu type=0x01 len=16 data=aaa801801b000000400052a8194013c9
WFR t=56335 src=mcu type=0x01 len=16 data=aaa9028288135c4488132400ec02f999
WFI t=56335 a=-1729,-3811,-71 g=2,-32,15
WFI t=56338 a=-1713,-3838,-22 g=4,-34,23
WFR t=56352 src=mcu type=0x01 len=16 data=aaaa01180080000000000000ffff4617
WFI t=56354 a=-1685,-3842,-44 g=-10,-60,31
WFT t=56381 batt_mv=4196 rssi_mcu=-71 rssi_bms=-81 mcu=2002 bms=105 dropped=0
WFR t=56392 src=mcu type=0x01 len=16 data=aaab2d042f000000000000000000ef85
WFR t=56401 src=bms type=0x02 len=129 data=d2037c0eec0eec0eed0eec0eed0eec0eec0eed0eeb0eec0eed0eee0ef10ef10ef10ef00ef10ef10ef20ef20ef20ef20ef30ef30ef10ef20ef20ef20000000000000000003d0000000000000000000000000000042e752f02ae0ef30eeb003d003d00000157001c0001001d0000000100010eef0008000a000000000000000040bb
WFI t=56404 a=-1663,-3858,-1 g=-4,-38,14
WFR t=56411 src=mcu type=0x01 len=16 data=aaac232c00000000000000000000bdef
WFR t=56451 src=mcu type=0x01 len=16 data=aaad0048005f00021000000100801d27
WFI t=56454 a=-1690,-3844,-32 g=-7,-15,4
WFR t=56471 src=mcu type=0x01 len=16 data=aaae55f04b0b18000000803a40005cef
WFI t=56504 a=-1674,-3831,-54 g=0,19,-20
WFR t=56511 src=mcu type=0x01 len=16 data=aaaf08610005460c2f78a00f090076a9
WFR t=56532 src=mcu type=0x01 len=16 data=aab00118008000000000fffffeff6139
WFR t=56552 src=mcu type=0x01 len=16 data=aab12d042f000000000000000000c91f
WFI t=56554 a=-1710,-3819,-70 g=2,53,-34
WFR t=56591 src=mcu type=0x01 len=16 data=aab2232c0000000000000000000095f1
WFI t=56604 a=-1729,-3822,-59 g=-4,-14,7
WFR t=56611 src=mcu type=0x01 len=16 data=aab3014a02050030000488001b007188
WFR t=56651 src=mcu type=0x01 len=16 data=aab400009f0ca90c9a0c540600001589
WFI t=56654 a=-1695,-3840,-28 g=-1,-58,42
WFR t=56671 src=mcu type=0x01 len=16 data=aab51b00e8517918060ee90ab00088e0
WFR t=56691 src=mcu type=0x01 len=16 data=aab6050804080080cb020122f13fc622
WFI t=56704 a=-1644,-3845,-63 g=-8,-26,0
WFR t=56732 src=mcu type=0x01 len=16 data=aa8001180080000000000000ffff217d
WFR t=56751 src=mcu type=0x01 len=16 data=aa812d042f00000000000000000088ef
WFI t=56754 a=-1688,-3824,-36 g=-4,26,-38
WFR t=56792 src=mcu type=0x01 len=16 data=aa82232c00000000000000000000d401
WFI t=56804 a=-1735,-3831,-46 g=-2,9,-9
WFR t=56807 src=bms type=0x02 len=129 data=d2037c0eec0eec0eed0eec0eed0eec0eec0eed0eeb0eec0eed0eee0ef10ef10ef10ef00ef10ef10ef20ef20ef20ef20ef30ef30ef10ef20ef20ef20000000000000000003d0000000000000000000000000000042e752f02ae0ef30eeb003d003d00000157001c0001001d0000000100010eef0008000a000000000000000040bb
WFR t=56811 src=mcu type=0x01 len=16 data=aa83000100011101b70111019f00058c
WFR t=56831 src=mcu type=0x01 len=16 data=aa840000090a10560001310051c45a55
WFI t=56854 a=-1673,-3804,-72 g=-3,0,0
WFR t=56871 src=mcu type=0x01 len=16 data=aa8513088003e204080b1000507864d4
WFR t=56891 src=mcu type=0x01 len=16 data=aa868403f4010400a00f8813c003f9eb
WFI t=56904 a=-1717,-3832,-76 g=-5,-1,-14
WFR t=56932 src=mcu type=0x01 len=16 data=aa8701180080000000000000ffff2a3a
WFR t=56951 src=mcu type=0x01 len=16 data=aa882d042f0000000000000000009526
WFI t=56954 a=-1691,-3817,-60 g=1,-14,26
WFR t=56991 src=mcu type=0x01 len=16 data=aa89232c00000000000000000000ce8a
WFI t=57004 a=-1660,-3843,-33 g=-6,-7,-8
WFR t=57011 src=mcu type=0x01 len=16 data=aa8a480c1c0207284901230020001521
WFR t=57031 src=mcu type=0x01 len=16 data=aa8b40005c03474c775419031a0e80f3
WFI t=57054 a=-1693,-3845,-26 g=2,41,-34
WFR t=57071 src=mcu type=0x01 len=16 data=aa8c2225bf0420034006b80b3e02672c
WFR t=57091 src=mcu type=0x01 len=16 data=aa8d800c800000006c07102780008244
WFI t=57104 a=-1741,-3841,-33 g=-4,2,0
WFR t=57132 src=mcu type=0x01 len=16 data=aa8e01180080000000000000ffff37f3
WFR t=57152 src=mcu type=0x01 len=16 data=aa8f2d042f0000000000000000009e61
WFI t=57154 a=-1668,-3836,-60 g=-8,-58,34
WFR t=57171 src=mcu type=0x01 len=16 data=aa90232c00000000000000000000edd3
WFR t=57197 src=bms type=0x02 len=129 data=d2037c0eec0eec0eed0eec0eed0eec0eec0eed0eeb0eec0eed0eee0ef10ef10ef10ef00ef10ef10ef20ef20ef20ef20ef30ef30ef10ef20ef20ef20000000000000000003d0000000000000000000000000000042e752f02ae0ef30eeb003d003d00000157001c0001001d0000000100010eef0008000a000000000000000040bb
WFI t=57204 a=-1684,-3820,-41 g=1,-1,-8
WFR t=57211 src=mcu type=0x01 len=16 data=aa910b000f00465a667332000b9ed1a0
WFR t=57231 src=mcu type=0x01 len=16 data=aa92000000000000000000000000fbba
WFI t=57254 a=-1705,-3816,-40 g=-2,23,-29
WFR t=57271 src=mcu type=0x01 len=16 data=aa93d804480804242c01c003214fe1ad
WFR t=57291 src=mcu type=0x01 len=16 data=aa94f0f465fffffff8080d00412af645
WFI t=57304 a=-1702,-3852,-36 g=2,30,-7
WFR t=57312 src=mcu type=0x01 len=16 data=aa9501180080000000000000feff1278
WFR t=57352 src=mcu type=0x01 len=16 data=aa962d042f000000000000000000bd38
WFI t=57354 a=-1700,-3844,-32 g=-5,10,-17
WFR t=57371 src=mcu type=0x01 len=16 data=aa97232c00000000000000000000e694
WFI t=57405 a=-1744,-3846,-39 g=-2,-43,16
WFR t=57411 src=mcu type=0x01 len=16 data=aa9807010200000056117eea00007aa4
WFR t=57431 src=mcu type=0x01 len=16 data=aa991d00ab04a08c64502748395e1e28
WFR t=57451 src=mcu type=0x01 len=16 data=aa9a646464625f5d5b5955010101d546
WFI t=57454 a=-1666,-3845,-72 g=-3,-58,37
WFR t=57491 src=mcu type=0x01 len=16 data=aa9b0101010100000000fbfbecd30e91
WFI t=57504 a=-1640,-3833,-49 g=3,28,-21
WFR t=57512 src=mcu type=0x01 len=16 data=aa9c01180080000000000000ffff0e21
WFR t=57552 src=mcu type=0x01 len=16 data=aa9d2d042f000000000000000000a7b3
WFI t=57554 a=-1709,-3839,-29 g=1,53,-41
WFR t=57571 src=mcu type=0x01 len=16 data=aa9e232c00000000000000000000fb5d
WFR t=57587 src=bms type=0x02 len=129 data=d2037c0eec0eec0eed0eed0eed0eec0eed0eed0eeb0eec0eed0eee0ef10ef10ef10ef00ef10ef10ef20ef20ef20ef20ef30ef30ef10ef20ef20ef20000000000000000003d0000000000000000000000000000042e753002ae0ef30eeb003d003d00000157001c0001001d0000000100010eef000800000000000000000000c425
WFI t=57604 a=-1719,-3845,-45 g=-1,-8,4
WFR t=57612 src=mcu type=0x01 len=16 data=aa9fb5a1b0bfd800000000000000dfe1
WFR t=57631 src=mcu type=0x01 len=16 data=aaa000000000020c000035006a00d1bd
WFR t=57651 src=mcu type=0x01 len=16 data=aaa188044a5357583036323430360894
WFI t=57654 a=-1696,-3845,-71 g=-9,-40,6
WFR t=57691 src=mcu type=0x01 len=16 data=aaa231344e4242463930333500005e71
WFI t=57704 a=-1702,-3841,-51 g=0,-10,16
WFR t=57712 src=mcu type=0x01 len=16 data=aaa301180080000000000000ffff5bde
WFR t=57752 src=mcu type=0x01 len=16 data=aaa42d042f000000000000000000fb8a
WFI t=57754 a=-1655,-3854,-17 g=-1,-3,-3
WFR t=57771 src=mcu type=0x01 len=16 data=aaa5232c00000000000000000000a026
WFR t=57791 src=mcu type=0x01 len=16 data=aaa6000000000000000000000000b4ce
WFI t=57804 a=-1696,-3853,-10 g=3,18,-23
WFR t=57831 src=mcu type=0x01 len=16 data=aaa7000000000000000000000000b64f
WFR t=57851 src=mcu type=0x01 len=16 data=aaa801801b000000400052a8194013c9
WFI t=57855 a=-1717,-3830,-68 g=-9,-22,-8
WFR t=57891 src=mcu type=0x01 len=16 data=aaa9028288135c4488132400ec02f999
WFI t=57904 a=-1702,-3834,-68 g=-10,-42,1
WFR t=57912 src=mcu type=0x01 len=16 data=aaaa01180080000000000000ffff4617
WFI t=57966 a=-1674,-3826,-40 g=-5,-6,11
WFR t=57972 src=mcu type=0x01 len=16 data=aaab2d042f000000000000000000ef85
WFR t=57972 src=mcu type=0x01 len=16 data=aaac232c00000000000000000000bdef
WFR t=57991 src=mcu type=0x01 len=16 data=aaad0048005f00021000000100801d27
WFI t=58005 a=-1663,-3847,-31 g=1,43,-13
WFR t=58007 src=bms type=0x02 len=129 data=d2037c0eec0eec0eed0eed0eed0eec0eed0eed0eeb0eec0eed0eee0ef10ef10ef10ef00ef10ef10ef20ef20ef20ef20ef30ef30ef10ef20ef20ef20000000000000000003d0000000000000000000000000000042e753002ae0ef30eeb003d003d00000157001c0001001d0000000100010eef000800000000000000000000c425
WFR t=58032 src=mcu type=0x01 len=16 data=aaae55f04b0b18000000803a40005cef
WFR t=58051 src=mcu type=0x01 len=16 data=aaaf08610005460c2f78a00f090076a9
WFI t=58054 a=-1734,-3841,-45 g=-6,13,-15
WFR t=58092 src=mcu type=0x01 len=16 data=aab001180080000000000000ffff608d
WFI t=58104 a=-1700,-3828,-51 g=-1,-28,13
WFR t=58112 src=mcu type=0x01 len=16 data=aab12d042f000000000000000000c91f
WFR t=58131 src=mcu type=0x01 len=16 data=aab2232c0000000000000000000095f1
WFI t=58154 a=-1671,-3841,-33 g=-3,-16,-6
WFR t=58172 src=mcu type=0x01 len=16 data=aab3014a02050030000488001b007188
WFR t=58191 src=mcu type=0x01 len=16 data=aab400009f0ca90c9a0c540600001589
WFI t=58204 a=-1700,-3843,-26 g=1,22,-15
WFR t=58255 src=mcu type=0x01 len=16 data=aab51b00e8517918060ee90ab00088e0
WFR t=58255 src=mcu type=0x01 len=16 data=aab6050804080080cb020122f13fc622
WFI t=58258 a=-1720,-3838,-55 g=-6,-2,-8
WFR t=58273 src=mcu type=0x01 len=16 data=aa8001180080000000000000ffff217d
WFI t=58470 a=-1692,-3842,-61 g=-2,-9,3
WFR t=58471 src=mcu type=0x01 len=16 data=aa812d042f00000000000000000088ef
WFR t=58471 src=mcu type=0x01 len=16 data=aa82232c00000000000000000000d401
WFR t=58471 src=mcu type=0x01 len=16 data=aa83000100011101b70111019f00058c
WFI t=58548 a=-1712,-3837,-48 g=-2,6,-2
WFI t=58563 a=-1728,-3826,-43 g=-4,-21,4
WFR t=58563 src=mcu type=0x01 len=16 data=aa840000090a10560001310051c45a55
WFR t=58563 src=mcu type=0x01 len=16 data=aa8513088003e204080b1000507864d4
WFR t=58564 src=bms type=0x02 len=129 data=d2037c0eed0eec0eed0eec0eed0eec0eed0eed0eec0eec0eed0eee0ef10ef10ef10ef00ef10ef10ef20ef20ef20ef20ef30ef30ef10ef20ef20ef20000000000000000003d0000000000000000000000000000042e752f02ae0ef30eec003d003d00000157001c0001001d0000000100010eef0007000a00000000000000008641
WFR t=58564 src=mcu type=0x01 len=16 data=aa868403f4010400a00f8813c003f9eb
WFR t=58564 src=mcu type=0x01 len=16 data=aa8701180080000000000000feff2baa
WFR t=58564 src=mcu type=0x01 len=16 data=aa882d042f0000000000000000009526
WFR t=58565 src=mcu type=0x01 len=16 data=aa89232c00000000000000000000ce8a
WFI t=58565 a=-1715,-3831,-43 g=-7,-31,10
WFR t=58565 src=mcu type=0x01 len=16 data=aa8a480c1c0207284901230020001521
WFI t=58567 a=-1715,-3831,-43 g=-7,-31,10
WFI t=58569 a=-1711,-3834,-44 g=-5,-34,11
WFR t=58592 src=mcu type=0x01 len=16 data=aa8b40005c03474c775419031a0e80f3
WFI t=58604 a=-1682,-3842,-13 g=-2,-26,9
WFR t=58611 src=mcu type=0x01 len=16 data=aa8c2225bf0420034006b80b3e02672c
WFR t=58651 src=mcu type=0x01 len=16 data=aa8d800c800000006c07102780008244
WFI t=58654 a=-1671,-3823,-37 g=-1,21,-25
WFR t=58672 src=mcu type=0x01 len=16 data=aa8e01180080000000000000ffff37f3
WFI t=58704 a=-1726,-3831,-54 g=2,32,-22
WFR t=58712 src=mcu type=0x01 len=16 data=aa8f2d042f0000000000000000009e61
WFR t=58731 src=mcu type=0x01 len=16 data=aa90232c00000000000000000000edd3
WFR t=58751 src=mcu type=0x01 len=16 data=aa910b000f00465a667332000b9ed1a0
WFI t=58754 a=-1715,-3823,-53 g=2,-20,11
WFR t=58787 src=bms type=0x02 len=129 data=d2037c0eed0eec0eed0eec0eed0eec0eed0eed0eec0eec0eed0eee0ef10ef10ef10ef00ef10ef10ef20ef20ef20ef20ef30ef30ef10ef20ef20ef20000000000000000003d0000000000000000000000000000042e752f02ae0ef30eec003d003d00000157001c0001001d0000000100010eef0007000a00000000000000008641
WFR t=58791 src=mcu type=0x01 len=16 data=aa92000000000000000000000000fbba
WFI t=58804 a=-1683,-3837,-34 g=-6,-30,8
WFR t=58812 src=mcu type=0x01 len=16 data=aa93d804480804242c01c003214fe1ad
WFR t=58851 src=mcu type=0x01 len=16 data=aa94f0f465fffffff8080d00412af645
WFI t=58854 a=-1699,-3833,-43 g=-2,-2,0
WFR t=58872 src=mcu type=0x01 len=16 data=aa9501180080000000000000ffff13e8
WFR t=58892 src=mcu type=0x01 len=16 data=aa962d042f000000000000000000bd38
WFI t=58904 a=-1691,-3820,-54 g=-4,7,-13
WFR t=58931 src=mcu type=0x01 len=16 data=aa97232c00000000000000000000e694
WFR t=58951 src=mcu type=0x01 len=16 data=aa9807010200000056117eea00007aa4
WFI t=58954 a=-1700,-3836,-49 g=-5,18,-19
WFR t=58992 src=mcu type=0x01 len=16 data=aa991d00ab04a08c64502748395e1e28
WFI t=59004 a=-1719,-3823,-55 g=-3,-3,-6
WFR t=59012 src=mcu type=0x01 len=16 data=aa9a646464625f5d5b5955010101d546
WFR t=59031 src=mcu type=0x01 len=16 data=aa9b0101010100000000fbfbecd30e91
WFI t=59054 a=-1693,-3835,-34 g=-5,-37,16
WFR t=59072 src=mcu type=0x01 len=16 data=aa9c01180080000000000000ffff0e21
WFR t=59092 src=mcu type=0x01 len=16 data=aa9d2d042f000000000000000000a7b3
WFI t=59104 a=-1682,-3830,-46 g=-4,-17,8
WFR t=59132 src=mcu type=0x01 len=16 data=aa9e232c00000000000000000000fb5d
WFR t=59151 src=mcu type=0x01 len=16 data=aa9fb5a1b0bfd800000000000000dfe1
WFI t=59154 a=-1700,-3844,-33 g=-7,13,-18
WFR t=59192 src=mcu type=0x01 len=16 data=aaa000000000020c000035006a00d1bd
WFI t=59204 a=-1695,-3823,-50 g=-5,15,-17
WFR t=59207 src=bms type=0x02 len=129 data=d2037c0eed0eec0eed0eec0eed0eec0eed0eed0eec0eec0eed0eee0ef10ef10ef10ef00ef10ef10ef20ef20ef20ef20ef30ef30ef10ef20ef20ef20000000000000000003d0000000000000000000000000000042e752f02ae0ef30eec003d003d00000157001c0001001d0000000100010eef0007000a00000000000000008641
WFR t=59211 src=mcu type=0x01 len=16 data=aaa188044a5357583036323430360894
WFR t=59231 src=mcu type=0x01 len=16 data=aaa231344e4242463930333500005e71
WFI t=59254 a=-1711,-3826,-37 g=0,2,-6
WFR t=59272 src=mcu type=0x01 len=16 data=aaa301180080000000000000feff5a4e
WFR t=59292 src=mcu type=0x01 len=16 data=aaa42d042f000000000000000000fb8a
WFI t=59304 a=-1707,-3836,-25 g=-2,-24,-7
WFR t=59331 src=mcu type=0x01 len=16 data=aaa5232c00000000000000000000a026
WFR t=59351 src=mcu type=0x01 len=16 data=aaa6000000000000000000000000b4ce
WFI t=59354 a=-1706,-3845,-18 g=-1,-18,7
WFR t=59372 src=mcu type=0x01 len=16 data=aaa7000000000000000000000000b64f
WFI t=59405 a=-1689,-3816,-70 g=-6,2,-12
WFR t=59412 src=mcu type=0x01 len=16 data=aaa801801b000000400052a8194013c9
WFR t=59432 src=mcu type=0x01 len=16 data=aaa9028288135c4488132400ec02f999
WFI t=59454 a=-1716,-3824,-45 g=-4,0,1
WFR t=59472 src=mcu type=0x01 len=16 data=aaaa01180080000000000000feff4787
WFR t=59492 src=mcu type=0x01 len=16 data=aaab2d042f000000000000000000ef85
WFI t=59504 a=-1675,-3821,-49 g=-1,-2,5
WFR t=59511 src=mcu type=0x01 len=16 data=aaac232c00000000000000000000bdef
WFR t=59552 src=mcu type=0x01 len=16 data=aaad0048005f00021000000100801d27
WFI t=59554 a=-1703,-3844,-21 g=-2,19,-22
WFR t=59572 src=mcu type=0x01 len=16 data=aaae55f04b0b18000000803a40005cef
WFR t=59597 src=bms type=0x02 len=129 data=d2037c0eec0eec0eed0eec0eec0eec0eed0eed0eec0eec0eed0eee0ef10ef10ef10ef00ef10ef20ef30ef20ef20ef20ef30ef30ef10ef20ef20ef20000000000000000003d0000000000000000000000000000042e752e02ae0ef30eec003d003d00000157001c0001001d0000000100010eef00070015000000000000000039ca
WFI t=59604 a=-1713,-3833,-44 g=-1,10,-14
WFR t=59612 src=mcu type=0x01 len=16 data=aaaf08610005460c2f78a00f090076a9
WFR t=59632 src=mcu type=0x01 len=16 data=aab001180080000000000100feff60e1
WFR t=59652 src=mcu type=0x01 len=16 data=aab12d042f000000000000000000c91f
WFI t=59655 a=-1707,-3842,-34 g=-4,-25,6
WFR t=59692 src=mcu type=0x01 len=16 data=aab2232c0000000000000000000095f1
WFI t=59704 a=-1686,-3822,-36 g=-6,-18,2
WFR t=59711 src=mcu type=0x01 len=16 data=aab3014a02050030000488001b007188
WFR t=59751 src=mcu type=0x01 len=16 data=aab400009f0ca90c9a0c540600001589
WFI t=59754 a=-1689,-3846,-56 g=-5,-7,1
WFR t=59772 src=mcu type=0x01 len=16 data=aab51b00e8517918060eb80ab000981c
WFI t=59804 a=-1683,-3836,-50 g=-6,12,-6
WFR t=59812 src=mcu type=0x01 len=16 data=aab6050804080080cb020122f13fc622
WFR t=59832 src=mcu type=0x01 len=16 data=aa8001180080000000000000ffff217d
WFR t=59852 src=mcu type=0x01 len=16 data=aa812d042f00000000000000000088ef
WFI t=59854 a=-1707,-3843,-36 g=-8,27,-22
WFR t=59892 src=mcu type=0x01 len=16 data=aa82232c00000000000000000000d401
WFI t=59904 a=-1732,-3836,-43 g=-7,-15,0
WFR t=59912 src=mcu type=0x01 len=16 data=aa83000100011101b70111019f00058c
WFI t=59954 a=-1680,-3840,-42 g=-4,-24,12
WFR t=59972 src=mcu type=0x01 len=16 data=aa840000090a10560001310051c45a55
WFR t=59972 src=mcu type=0x01 len=16 data=aa8513088003e204080b1000507864d4
WFR t=59991 src=mcu type=0x01 len=16 data=aa868403f4010400a00f8813c003f9eb
WFI t=60004 a=-1703,-3819,-41 g=-8,3,-19
WFR t=60017 src=bms type=0x02 len=129 data=d2037c0eec0eec0eed0eec0eec0eec0eed0eed0eec0eec0eed0eee0ef10ef10ef10ef00ef10ef20ef30ef20ef20ef20ef30ef30ef10ef20ef20ef20000000000000000003d0000000000000000000000000000042e752e02ae0ef30eec003d003d00000157001c0001001d0000000100010eef00070015000000000000000039ca
WFR t=60032 src=mcu type=0x01 len=16 data=aa8701180080000000000000ffff2a3a
WFR t=60052 src=mcu type=0x01 len=16 data=aa882d042f0000000000000000009526
WFI t=60054 a=-1719,-3841,-42 g=5,8,-4
WFR t=60092 src=mcu type=0x01 len=16 data=aa89232c00000000000000000000ce8a
WFI t=60104 a=-1682,-3834,-41 g=-2,-1,-1
WFR t=60112 src=mcu type=0x01 len=16 data=aa8a480c1c0207284901230020001521
WFR t=60131 src=mcu type=0x01 len=16 data=aa8b40005c03474c775419031a0e80f3
WFI t=60154 a=-1706,-3842,-43 g=-4,-1,-9
WFR t=60172 src=mcu type=0x01 len=16 data=aa8c2225bf0420034006b80b3e02672c
WFR t=60191 src=mcu type=0x01 len=16 data=aa8d800c800000006c07102780008244
WFI t=60204 a=-1709,-3832,-45 g=0,-3,6
WFR t=60257 src=mcu type=0x01 len=16 data=aa8e01180080000000000000ffff37f3
WFI t=60335 a=-1697,-3830,-43 g=-1,-2,-5
WFR t=60350 src=mcu type=0x01 len=16 data=aa8f2d042f0000000000000000009e61
WFR t=60350 src=mcu type=0x01 len=16 data=aa90232c00000000000000000000edd3
WFR t=60351 src=mcu type=0x01 len=16 data=aa910b000f00465a667332000b9ed1a0
WFI t=60351 a=-1697,-3840,-31 g=-4,1,-8
WFR t=60351 src=mcu type=0x01 len=16 data=aa92000000000000000000000000fbba
WFI t=60355 a=-1685,-3832,-40 g=-9,-11,-7
WFR t=60372 src=mcu type=0x01 len=16 data=aa93d804480804242c01c003214fe1ad
WFR t=60392 src=mcu type=0x01 len=16 data=aa94f0f465fffffff8080d00412af645
WFI t=60404 a=-1700,-3829,-31 g=-1,-21,4
WFR t=60408 src=bms type=0x02 len=129 data=d2037c0eed0eec0eed0eec0eed0eec0eed0eed0eec0eec0eed0eee0ef10ef10ef10ef00ef10ef10ef20ef20ef20ef20ef30ef30ef10ef20ef20ef20000000000000000003d0000000000000000000000000000042e752f02ae0ef30eec003d003d00000157001c0001001d0000000100010eef0007000a00000000000000008641
WFR t=60432 src=mcu type=0x01 len=16 data=aa9501180080000000000000ffff13e8
WFR t=60452 src=mcu type=0x01 len=16 data=aa962d042f000000000000000000bd38
WFI t=60454 a=-1689,-3841,-47 g=0,6,-3
WFR t=60472 src=mcu type=0x01 len=16 data=aa97232c00000000000000000000e694
WFI t=60504 a=-1704,-3840,-38 g=-9,16,-19
WFR t=60512 src=mcu type=0x01 len=16 data=aa9807010200000056117eea00007aa4
WFR t=60531 src=mcu type=0x01 len=16 data=aa991d00ab04a08c64502748395e1e28
WFI t=60554 a=-1705,-3835,-45 g=-4,2,4
WFR t=60572 src=mcu type=0x01 len=16 data=aa9a646464625f5d5b5955010101d546
WFR t=60591 src=mcu type=0x01 len=16 data=aa9b0101010100000000fbfbecd30e91
WFI t=60604 a=-1693,-3840,-33 g=-5,-16,-2
WFR t=60612 src=mcu type=0x01 len=16 data=aa9c01180080000000000000ffff0e21
WFR t=60652 src=mcu type=0x01 len=16 data=aa9d2d042f000000000000000000a7b3
WFI t=60654 a=-1703,-3826,-42 g=-8,-10,-2
WFR t=60704 src=mcu type=0x01 len=16 data=aa9e232c00000000000000000000fb5d
WFI t=60714 a=-1690,-3812,-44 g=-2,9,-10
WFR t=60715 src=mcu type=0x01 len=16 data=aa9fb5a1b0bfd800000000000000dfe1
WFR t=60732 src=mcu type=0x01 len=16 data=aaa000000000020c000035006a00d1bd
WFR t=60752 src=mcu type=0x01 len=16 data=aaa188044a5357583036323430360894
WFI t=60754 a=-1708,-3834,-31 g=-1,12,-14
WFR t=60792 src=mcu type=0x01 len=16 data=aaa231344e4242463930333500005e71
WFI t=60804 a=-1704,-3840,-45 g=-6,3,-4
WFR t=60812 src=mcu type=0x01 len=16 data=aaa301180080000000000000ffff5bde
WFR t=60842 src=bms type=0x02 len=129 data=d2037c0eed0eec0eed0eec0eed0eec0eed0eed0eec0eec0eed0eee0ef10ef10ef10ef00ef10ef10ef20ef20ef20ef20ef30ef30ef10ef20ef20ef20000000000000000003d0000000000000000000000000000042e752f02ae0ef30eec003d003d00000157001c0001001d0000000100010eef0007000a00000000000000008641
WFR t=60852 src=mcu type=0x01 len=16 data=aaa42d042f000000000000000000fb8a
WFI t=60854 a=-1691,-3832,-37 g=-2,-19,0
WFR t=60872 src=mcu type=0x01 len=16 data=aaa5232c00000000000000000000a026
WFI t=60904 a=-1695,-3836,-34 g=-5,-7,6
WFR t=60912 src=mcu type=0x01 len=16 data=aaa6000000000000000000000000b4ce
WFR t=60932 src=mcu type=0x01 len=16 data=aaa7000000000000000000000000b64f
WFR t=60952 src=mcu type=0x01 len=16 data=aaa801801b000000400052a8194013c9
WFI t=60954 a=-1691,-3842,-48 g=0,4,-12
WFI t=61064 a=-1688,-3838,-39 g=-1,1,-4
WFI t=61123 a=-1689,-3827,-40 g=-1,0,-6
WFI t=61137 a=-1716,-3829,-45 g=-6,-5,-8
WFR t=61138 src=mcu type=0x01 len=16 data=aaa9028288135c4488132400ec02f999
WFR t=61139 src=mcu type=0x01 len=16 data=aaaa01180080000000000000ffff4617
WFR t=61140 src=mcu type=0x01 len=16 data=aaab2d042f000000000000000000ef85
WFR t=61140 src=mcu type=0x01 len=16 data=aaac232c00000000000000000000bdef
WFR t=61141 src=mcu type=0x01 len=16 data=aaad0048005f00021000000100801d27
WFR t=61141 src=mcu type=0x01 len=16 data=aaae55f04b0b18000000803a40005cef
WFR t=61152 src=mcu type=0x01 len=16 data=aaaf08610005460c2f78a00f090076a9
WFI t=61154 a=-1701,-3845,-40 g=-5,-6,3
WFR t=61192 src=mcu type=0x01 len=16 data=aab001180080000000000000feff611d
WFI t=61204 a=-1675,-3853,-33 g=-6,-6,-4
WFR t=61212 src=mcu type=0x01 len=16 data=aab12d042f000000000000000000c91f
WFR t=61232 src=mcu type=0x01 len=16 data=aab2232c0000000000000000000095f1
WFI t=61254 a=-1700,-3832,-41 g=-3,2,-8
WFR t=61272 src=mcu type=0x01 len=16 data=aab3014a02050030000488001b007188
WFR t=61277 src=bms type=0x02 len=129 data=d2037c0eed0eec0eed0eec0eed0eec0eed0eed0eec0eec0eed0eee0ef10ef10ef10ef00ef10ef10ef20ef20ef20ef20ef30ef30ef10ef20ef20ef20000000000000000003d0000000000000000000000000000042e752f02ae0ef30eec003d003d00000157001c0001001d0000000100010eef0007000a00000000000000008641
WFR t=61292 src=mcu type=0x01 len=16 data=aab400009f0ca90c9a0c540600001589
WFI t=61304 a=-1691,-3842,-44 g=0,4,-5
WFR t=61332 src=mcu type=0x01 len=16 data=aab51b00e8517918060e930ab00091f8
WFR t=61352 src=mcu type=0x01 len=16 data=aab6050804080080cb020122f13fc622
WFI t=61354 a=-1708,-3828,-34 g=-5,0,-6
WFR t=61392 src=mcu type=0x01 len=16 data=aa8001180080000000000000ffff217d
WFI t=61404 a=-1695,-3828,-47 g=2,-4,-1
WFR t=61412 src=mcu type=0x01 len=16 data=aa812d042f00000000000000000088ef
WFR t=61432 src=mcu type=0x01 len=16 data=aa82232c00000000000000000000d401
WFI t=61454 a=-1689,-3837,-29 g=1,-5,-2
WFR t=61472 src=mcu type=0x01 len=16 data=aa83000100011101b70111019f00058c
WFR t=61492 src=mcu type=0x01 len=16 data=aa840000090a10560001310051c45a55
WFI t=61504 a=-1696,-3826,-47 g=0,-5,-2
WFT t=61528 batt_mv=4182 rssi_mcu=-71 rssi_bms=-87 mcu=2184 bms=118 dropped=0
WFR t=61532 src=mcu type=0x01 len=16 data=aa8513088003e204080b1000507864d4
WFR t=61552 src=mcu type=0x01 len=16 data=aa868403f4010400a00f8813c003f9eb
WFI t=61554 a=-1691,-3845,-45 g=-5,3,-6
WFR t=61572 src=mcu type=0x01 len=16 data=aa8701180080000000000000ffff2a3a
WFI t=61604 a=-1698,-3835,-40 g=-6,3,-12
WFR t=61612 src=mcu type=0x01 len=16 data=aa882d042f0000000000000000009526
WFR t=61632 src=mcu type=0x01 len=16 data=aa89232c00000000000000000000ce8a
WFI t=61654 a=-1701,-3830,-37 g=-5,3,-6
WFR t=61672 src=mcu type=0x01 len=16 data=aa8a480c1c0207284901230020001521
WFR t=61692 src=mcu type=0x01 len=16 data=aa8b40005c03474c775419031a0e80f3
WFI t=61704 a=-1711,-3824,-39 g=-7,-17,2
WFR t=61712 src=mcu type=0x01 len=16 data=aa8c2225bf0420034006b80b3e02672c
WFR t=61742 src=bms type=0x02 len=129 data=d2037c0eed0eec0eed0eed0eec0eec0eed0eed0eec0eec0eed0eed0ef10ef10ef10ef00ef10ef10ef20ef20ef20ef20ef30ef30ef10ef20ef20ef20000000000000000003d0000000000000000000000000000042e752f02ae0ef30eec003d003d00000157001c0001001d0000000100010eef0007000a0000000000000000060e
WFR t=61752 src=mcu type=0x01 len=16 data=aa8d800c800000006c07102780008244
WFI t=61754 a=-1684,-3836,-45 g=2,-10,5
WFR t=61772 src=mcu type=0x01 len=16 data=aa8e01180080000000000000ffff37f3
WFI t=61804 a=-1696,-3839,-51 g=-4,5,-12
WFR t=61812 src=mcu type=0x01 len=16 data=aa8f2d042f0000000000000000009e61
WFR t=61832 src=mcu type=0x01 len=16 data=aa90232c00000000000000000000edd3
WFR t=61852 src=mcu type=0x01 len=16 data=aa910b000f00465a667332000b9ed1a0
WFI t=61854 a=-1700,-3835,-40 g=3,18,-11
WFR t=61892 src=mcu type=0x01 len=16 data=aa92000000000000000000000000fbba
WFI t=61905 a=-1707,-3839,-44 g=-5,-2,-8
WFR t=61912 src=mcu type=0x01 len=16 data=aa93d804480804242c01c003214fe1ad
WFR t=61952 src=mcu type=0x01 len=16 data=aa94f0f465fffffff8080d00412af645
WFI t=61954 a=-1701,-3831,-59 g=-4,-25,5
WFR t=61972 src=mcu type=0x01 len=16 data=aa9501180080000000000000ffff13e8
WFI t=62004 a=-1680,-3831,-43 g=-9,-17,8
WFR t=62012 src=mcu type=0x01 len=16 data=aa962d042f000000000000000000bd38
WFR t=62032 src=mcu type=0x01 len=16 data=aa97232c00000000000000000000e694
WFR t=62052 src=mcu type=0x01 len=16 data=aa9807010200000056117eea00007aa4
WFI t=62055 a=-1683,-3839,-39 g=-1,18,-15
WFR t=62092 src=mcu type=0x01 len=16 data=aa991d00ab04a08c64502748395e1e28
WFI t=62104 a=-1722,-3836,-43 g=-4,14,-14
WFR t=62112 src=mcu type=0x01 len=16 data=aa9a646464625f5d5b5955010101d546
WFR t=62147 src=bms type=0x02 len=129 data=d2037c0eed0eec0eed0eed0eec0eec0eed0eed0eec0eec0eed0eed0ef10ef10ef10ef00ef10ef10ef20ef20ef20ef20ef30ef30ef10ef20ef20ef20000000000000000003d0000000000000000000000000000042e752f02ae0ef30eec003d003d00000157001c0001001d0000000100010eef0007000a0000000000000000060e
WFR t=62151 src=mcu type=0x01 len=16 data=aa9b0101010100000000fbfbecd30e91
WFI t=62154 a=-1701,-3816,-56 g=-3,-15,2
WFR t=62172 src=mcu type=0x01 len=16 data=aa9c01180080000000000000ffff0e21
WFR t=62192 src=mcu type=0x01 len=16 data=aa9d2d042f000000000000000000a7b3
WFI t=62205 a=-1700,-3838,-38 g=-3,-14,0
WFR t=62341 src=mcu type=0x01 len=16 data=aa9e232c00000000000000000000fb5d
WFR t=62341 src=mcu type=0x01 len=16 data=aa9fb5a1b0bfd800000000000000dfe1
WFR t=62342 src=mcu type=0x01 len=16 data=aaa000000000020c000035006a00d1bd
WFR t=62342 src=mcu type=0x01 len=16 data=aaa188044a5357583036323430360894
WFR t=62342 src=mcu type=0x01 len=16 data=aaa231344e4242463930333500005e71
WFI t=62357 a=-1694,-3843,-42 g=0,7,-7
WFI t=62359 a=-1683,-3842,-42 g=-4,-5,-3
WFI t=62361 a=-1683,-3842,-42 g=-4,-5,-3
WFR t=62372 src=mcu type=0x01 len=16 data=aaa301180080000000000000ffff5bde
WFR t=62392 src=mcu type=0x01 len=16 data=aaa42d042f000000000000000000fb8a
WFI t=62404 a=-1690,-3836,-52 g=-2,-9,-4
WFR t=62432 src=mcu type=0x01 len=16 data=aaa5232c00000000000000000000a026
WFR t=62452 src=mcu type=0x01 len=16 data=aaa6000000000000000000000000b4ce
WFI t=62454 a=-1690,-3822,-40 g=-1,-1,-5
WFR t=62472 src=mcu type=0x01 len=16 data=aaa7000000000000000000000000b64f
WFI t=62504 a=-1695,-3834,-39 g=-1,14,-11
WFR t=62512 src=mcu type=0x01 len=16 data=aaa801801b000000400052a8194013c9
WFR t=62532 src=mcu type=0x01 len=16 data=aaa9028288135c4488132400ec02f999
WFI t=62554 a=-1710,-3836,-44 g=-7,-6,-5
WFR t=62572 src=mcu type=0x01 len=16 data=aaaa01180080000000000000ffff4617
WFR t=62592 src=mcu type=0x01 len=16 data=aaab2d042f000000000000000000ef85
WFR t=62597 src=bms type=0x02 len=129 data=d2037c0eed0eec0eed0eec0eed0eec0eed0eed0eec0eec0eed0eee0ef10ef10ef10ef00ef10ef10ef20ef20ef20ef20ef30ef20ef10ef30ef20ef20000000000000000003d0000000000000000000000000000042e752f02ae0ef30eec003d003d00000157001c0001001d0000000100010eef0007000a00000000000000009411
WFI t=62604 a=-1694,-3834,-53 g=-2,-14,7
WFR t=62632 src=mcu type=0x01 len=16 data=aaac232c00000000000000000000bdef
WFR t=62652 src=mcu type=0x01 len=16 data=aaad0048005f00021000000100801d27
WFI t=62654 a=-1696,-3837,-43 g=-12,-5,-10
WFR t=62672 src=mcu type=0x01 len=16 data=aaae55f04b0b18000000803a40005cef
WFI t=62704 a=-1711,-3825,-41 g=-1,21,-10
WFR t=62712 src=mcu type=0x01 len=16 data=aaaf08610005460c2f78a00f090076a9
WFR t=62732 src=mcu type=0x01 len=16 data=aab001180080000000000000feff611d
WFI t=62754 a=-1704,-3834,-47 g=-11,-3,-8
WFR t=62772 src=mcu type=0x01 len=16 data=aab12d042f000000000000000000c91f
WFR t=62792 src=mcu type=0x01 len=16 data=aab2232c0000000000000000000095f1
WFI t=62805 a=-1700,-3829,-39 g=-1,-9,6
WFR t=62812 src=mcu type=0x01 len=16 data=aab3014a02050030000488001b007188
WFR t=62852 src=mcu type=0x01 len=16 data=aab400009f0ca90c9a0c540600001589
WFI t=62854 a=-1688,-3836,-44 g=1,-14,-4
WFR t=62872 src=mcu type=0x01 len=16 data=aab51b00e8517918060ebb0ab0009858
WFI t=62904 a=-1687,-3837,-51 g=-1,5,-3
WFR t=62912 src=mcu type=0x01 len=16 data=aab6050804080080cb020122f13fc622
WFR t=62932 src=mcu type=0x01 len=16 data=aa8001180080000000000000ffff217d
WFR t=62952 src=mcu type=0x01 len=16 data=aa812d042f00000000000000000088ef
WFI t=62954 a=-1694,-3843,-48 g=-4,15,-17
WFR t=62987 src=bms type=0x02 len=129 data=d2037c0eed0eec0eed0eec0eed0eec0eed0eed0eec0eec0eed0eee0ef10ef10ef10ef00ef10ef10ef20ef20ef20ef20ef30ef20ef10ef30ef20ef20000000000000000003d0000000000000000000000000000042e752f02ae0ef30eec003d003d00000157001c0001001d0000000100010eef0007000a00000000000000009411
WFR t=62992 src=mcu type=0x01 len=16 data=aa82232c00000000000000000000d401
WFI t=63004 a=-1723,-3817,-48 g=-3,4,-8
WFR t=63012 src=mcu type=0x01 len=16 data=aa83000100011101b70111019f00058c
WFR t=63052 src=mcu type=0x01 len=16 data=aa840000090a10560001310051c45a55
WFI t=63054 a=-1689,-3827,-37 g=-3,-24,7
WFR t=63072 src=mcu type=0x01 len=16 data=aa8513088003e204080b1000507864d4
WFI t=63104 a=-1685,-3836,-38 g=0,-5,-2
WFR t=63112 src=mcu type=0x01 len=16 data=aa868403f4010400a00f8813c003f9eb
WFR t=63132 src=mcu type=0x01 len=16 data=aa8701180080000000000000feff2baa
WFR t=63152 src=mcu type=0x01 len=16 data=aa882d042f0000000000000000009526
WFI t=63154 a=-1686,-3835,-39 g=-3,12,-11
WFR t=63192 src=mcu type=0x01 len=16 data=aa89232c00000000000000000000ce8a
WFI t=63204 a=-1696,-3828,-45 g=2,6,-7
WFR t=63212 src=mcu type=0x01 len=16 data=aa8a480c1c0207284901230020001521
WFR t=63252 src=mcu type=0x01 len=16 data=aa8b40005c03474c775419031a0e80f3
WFI t=63255 a=-1697,-3839,-29 g=-6,-11,-3
WFR t=63272 src=mcu type=0x01 len=16 data=aa8c2225bf0420034006b80b3e02672c
WFR t=63292 src=mcu type=0x01 len=16 data=aa8d800c800000006c07102780008244
WFI t=63304 a=-1693,-3836,-44 g=-3,-4,-1
WFR t=63332 src=mcu type=0x01 len=16 data=aa8e01180080000000000000ffff37f3
WFR t=63352 src=mcu type=0x01 len=16 data=aa8f2d042f0000000000000000009e61
WFI t=63354 a=-1704,-3841,-44 g=-5,1,-8
WFR t=63392 src=mcu type=0x01 len=16 data=aa90232c00000000000000000000edd3
WFI t=63404 a=-1690,-3824,-43 g=-4,7,-7
WFR t=63407 src=bms type=0x02 len=129 data=d2037c0eec0eec0eed0eec0eed0eec0eed0eed0eec0eec0eed0eee0ef10ef10ef10ef00ef10ef10ef20ef20ef20ef30ef30ef30ef10ef20ef20ef20000000000000000003d0000000000000000000000000000042e753002ae0ef30eec003d003d00000157001c0001001d0000000100010eef000700000000000000000000a67e
WFR t=63412 src=mcu type=0x01 len=16 data=aa910b000f00465a667332000b9ed1a0
WFR t=63459 src=mcu type=0x01 len=16 data=aa92000000000000000000000000fbba
WFI t=63469 a=-1703,-3833,-52 g=-4,-16,0
WFR t=63472 src=mcu type=0x01 len=16 data=aa93d804480804242c01c003214fe1ad
WFR t=63492 src=mcu type=0x01 len=16 data=aa94f0f465fffffff8080d00412af645
WFI t=63504 a=-1676,-3822,-46 g=-5,-9,3
WFR t=63532 src=mcu type=0x01 len=16 data=aa9501180080000000000000ffff13e8
WFR t=63552 src=mcu type=0x01 len=16 data=aa962d042f000000000000000000bd38
WFI t=63554 a=-1693,-3829,-44 g=-4,11,-14
WFR t=63572 src=mcu type=0x01 len=16 data=aa97232c00000000000000000000e694
WFI t=63604 a=-1722,-3827,-40 g=-11,6,-11
WFR t=63612 src=mcu type=0x01 len=16 data=aa9807010200000056117eea00007aa4
WFR t=63632 src=mcu type=0x01 len=16 data=aa991d00ab04a08c64502748395e1e28
WFI t=63654 a=-1695,-3828,-39 g=-2,-6,4
WFR t=63672 src=mcu type=0x01 len=16 data=aa9a646464625f5d5b5955010101d546
WFR t=63692 src=mcu type=0x01 len=16 data=aa9b0101010100000000fbfbecd30e91
WFI t=63704 a=-1698,-3830,-51 g=-2,-13,-2
WFR t=63732 src=mcu type=0x01 len=16 data=aa9c01180080000000000000ffff0e21
WFR t=63752 src=mcu type=0x01 len=16 data=aa9d2d042f000000000000000000a7b3
WFI t=63754 a=-1689,-3825,-42 g=-1,-8,1
WFR t=63772 src=mcu type=0x01 len=16 data=aa9e232c00000000000000000000fb5d
WFR t=63797 src=bms type=0x02 len=129 data=d2037c0eec0eec0eed0eec0eed0eec0eed0eed0eec0eec0eed0eee0ef10ef10ef10ef00ef10ef10ef20ef20ef20ef30ef30ef30ef10ef20ef20ef20000000000000000003d0000000000000000000000000000042e753002ae0ef30eec003d003d00000157001c0001001d0000000100010eef000700000000000000000000a67e
WFI t=63804 a=-1689,-3840,-45 g=1,6,-8
WFR t=63812 src=mcu type=0x01 len=16 data=aa9fb5a1b0bfd800000000000000dfe1
WFR t=63832 src=mcu type=0x01 len=16 data=aaa000000000020c000035006a00d1bd
WFI t=63854 a=-1714,-3826,-41 g=0,18,-15
WFR t=63872 src=mcu type=0x01 len=16 data=aaa188044a5357583036323430360894
WFR t=63892 src=mcu type=0x01 len=16 data=aaa231344e4242463930333500005e71
WFI t=63904 a=-1710,-3817,-45 g=-3,-3,-3
WFR t=63912 src=mcu type=0x01 len=16 data=aaa301180080000000000000feff5a4e
WFR t=63952 src=mcu type=0x01 len=16 data=aaa42d042f000000000000000000fb8a
WFI t=63954 a=-1694,-3825,-49 g=-6,-23,6
WFR t=63972 src=mcu type=0x01 len=16 data=aaa5232c00000000000000000000a026
WFI t=64004 a=-1699,-3829,-48 g=-2,-8,1
WFR t=64012 src=mcu type=0x01 len=16 data=aaa6000000000000000000000000b4ce
WFR t=64032 src=mcu type=0x01 len=16 data=aaa7000000000000000000000000b64f
WFR t=64052 src=mcu type=0x01 len=16 data=aaa801801b000000400052a8194013c9
WFI t=64054 a=-1697,-3840,-37 g=0,14,-13
WFR t=64092 src=mcu type=0x01 len=16 data=aaa9028288135c4488132400ec02f999
WFI t=64104 a=-1720,-3824,-24 g=0,17,-13
WFR t=64112 src=mcu type=0x01 len=16 data=aaaa01180080000000000000ffff4617
WFR t=64152 src=mcu type=0x01 len=16 data=aaab2d042f000000000000000000ef85
WFI t=64154 a=-1713,-3833,-53 g=-1,-14,1
WFR t=64172 src=mcu type=0x01 len=16 data=aaac232c00000000000000000000bdef
WFR t=64187 src=bms type=0x02 len=129 data=d2037c0eec0eec0eed0eec0eed0eec0eed0eed0eec0eec0eed0eee0ef10ef10ef10ef00ef10ef10ef20ef20ef20ef30ef30ef30ef10ef20ef20ef20000000000000000003d0000000000000000000000000000042e753002ae0ef30eec003d003d00000157001c0001001d0000000100010eef000700000000000000000000a67e
WFI t=64204 a=-1689,-3838,-49 g=-3,-15,5
WFR t=64212 src=mcu type=0x01 len=16 data=aaad0048005f00021000000100801d27
WFR t=64262 src=mcu type=0x01 len=16 data=aaae55f04b0b18000000803a40005cef
WFI t=64340 a=-1695,-3831,-48 g=-10,-4,-10
WFR t=64340 src=mcu type=0x01 len=16 data=aaaf08610005460c2f78a00f090076a9
WFR t=64405 src=mcu type=0x01 len=16 data=aab001180080000000000000ffff608d
WFR t=64405 src=mcu type=0x01 len=16 data=aab12d042f000000000000000000c91f
WFR t=64406 src=mcu type=0x01 len=16 data=aab2232c0000000000000000000095f1
WFR t=64406 src=mcu type=0x01 len=16 data=aab3014a02050030000488001b007188
WFR t=64407 src=mcu type=0x01 len=16 data=aab400009f0ca90c9a0c540600001589
WFI t=64407 a=-1690,-3840,-51 g=-2,-4,-6
WFI t=64488 a=-1683,-3827,-37 g=1,-2,-2
WFR t=64503 src=mcu type=0x01 len=16 data=aab51b00e8517918060ef50ab0008f70
WFR t=64503 src=mcu type=0x01 len=16 data=aab6050804080080cb020122f13fc622
WFR t=64504 src=mcu type=0x01 len=16 data=aa8001180080000000000000ffff217d
WFI t=64504 a=-1698,-3841,-41 g=-7,0,-5
WFI t=64506 a=-1698,-3833,-44 g=-1,5,-4
WFI t=64508 a=-1698,-3833,-44 g=-1,5,-4
WFR t=64512 src=mcu type=0x01 len=16 data=aa812d042f00000000000000000088ef
WFR t=64532 src=mcu type=0x01 len=16 data=aa82232c00000000000000000000d401
WFI t=64554 a=-1697,-3830,-32 g=1,1,-6
WFR t=64572 src=mcu type=0x01 len=16 data=aa83000100011101b70111019f00058c
WFR t=64592 src=mcu type=0x01 len=16 data=aa840000090a10560001310051c45a55
WFI t=64604 a=-1693,-3839,-49 g=1,2,-3
WFR t=64622 src=bms type=0x02 len=129 data=d2037c0eed0eec0eed0eec0eed0eec0eed0eed0eec0eec0eed0eed0ef10ef10ef10ef00ef10ef10ef20ef20ef20ef20ef30ef20ef10ef20ef20ef20000000000000000003d0000000000000000000000000000042e752f02ae0ef30eec003d003d00000157001c0001001d0000000100010eef0007000a00000000000000007fb6
WFR t=64632 src=mcu type=0x01 len=16 data=aa8513088003e204080b1000507864d4
WFR t=64652 src=mcu type=0x01 len=16 data=aa868403f4010400a00f8813c003f9eb
WFI t=64654 a=-1699,-3835,-31 g=-4,-5,-5
WFR t=64672 src=mcu type=0x01 len=16 data=aa8701180080000000000100feff2a56
WFI t=64704 a=-1702,-3836,-44 g=-7,-2,-5
WFR t=64712 src=mcu type=0x01 len=16 data=aa882d042f0000000000000000009526
WFR t=64732 src=mcu type=0x01 len=16 data=aa89232c00000000000000000000ce8a
WFI t=64754 a=-1691,-3838,-43 g=1,6,-6
WFR t=64772 src=mcu type=0x01 len=16 data=aa8a480c1c0207284901230020001521
WFR t=64792 src=mcu type=0x01 len=16 data=aa8b40005c03474c775419031a0e80f3
WFI t=64804 a=-1705,-3839,-48 g=0,10,-9
WFR t=64832 src=mcu type=0x01 len=16 data=aa8c2225bf0420034006b80b3e02672c
WFR t=64852 src=mcu type=0x01 len=16 data=aa8d800c800000006c07102780008244
WFI t=64854 a=-1718,-3824,-38 g=-5,-15,-1
WFR t=64872 src=mcu type=0x01 len=16 data=aa8e01180080000000000000feff3663
WFI t=64904 a=-1668,-3836,-45 g=-6,-4,4
WFR t=64912 src=mcu type=0x01 len=16 data=aa8f2d042f0000000000000000009e61
WFR t=64932 src=mcu type=0x01 len=16 data=aa90232c00000000000000000000edd3
WFI t=64954 a=-1694,-3823,-49 g=-5,5,-17
WFR t=64972 src=mcu type=0x01 len=16 data=aa910b000f00465a667332000b9ed1a0
WFR t=64992 src=mcu type=0x01 len=16 data=aa92000000000000000000000000fbba
WFI t=65004 a=-1721,-3839,-44 g=1,-4,2
WFR t=65012 src=mcu type=0x01 len=16 data=aa93d804480804242c01c003214fe1ad
WFR t=65027 src=bms type=0x02 len=129 data=d2037c0eed0eec0eed0eec0eed0eec0eed0eed0eec0eec0eed0eed0ef10ef10ef10ef00ef10ef10ef20ef20ef20ef20ef30ef20ef10ef20ef20ef20000000000000000003d0000000000000000000000000000042e752f02ae0ef30eec003d003d00000157001c0001001d0000000100010eef0007000a00000000000000007fb6
WFR t=65052 src=mcu type=0x01 len=16 data=aa94f0f465fffffff8080d00412af645
WFI t=65054 a=-1688,-3831,-47 g=-3,-12,-4
WFR t=65072 src=mcu type=0x01 len=16 data=aa9501180080000000000000ffff13e8
WFI t=65104 a=-1704,-3833,-48 g=-2,12,-10
WFR t=65112 src=mcu type=0x01 len=16 data=aa962d042f000000000000000000bd38
WFR t=65132 src=mcu type=0x01 len=16 data=aa97232c00000000000000000000e694
WFR t=65152 src=mcu type=0x01 len=16 data=aa9807010200000056117eea00007aa4
WFI t=65154 a=-1701,-3827,-48 g=-6,4,-10
WFR t=65192 src=mcu type=0x01 len=16 data=aa991d00ab04a08c64502748395e1e28
WFI t=65204 a=-1703,-3818,-46 g=-6,-19,2
WFR t=65213 src=mcu type=0x01 len=16 data=aa9a646464625f5d5b5955010101d546
WFR t=65252 src=mcu type=0x01 len=16 data=aa9b0101010100000000fbfbecd30e91
WFI t=65254 a=-1683,-3842,-50 g=-3,-9,2
WFR t=65272 src=mcu type=0x01 len=16 data=aa9c01180080000000000000ffff0e21
WFI t=65304 a=-1696,-3835,-47 g=-6,-3,-11
WFR t=65312 src=mcu type=0x01 len=16 data=aa9d2d042f000000000000000000a7b3
WFR t=65332 src=mcu type=0x01 len=16 data=aa9e232c00000000000000000000fb5d
WFR t=65352 src=mcu type=0x01 len=16 data=aa9fb5a1b0bfd800000000000000dfe1
WFI t=65354 a=-1708,-3834,-47 g=0,10,-4
WFR t=65392 src=mcu type=0x01 len=16 data=aaa000000000020c000035006a00d1bd
WFI t=65404 a=-1691,-3823,-52 g=-1,0,-7
WFR t=65412 src=mcu type=0x01 len=16 data=aaa188044a5357583036323430360894
WFR t=65417 src=bms type=0x02 len=129 data=d2037c0eed0eec0eed0eed0eed0eec0eed0eed0eeb0eec0eed0eee0ef10ef10ef10ef00ef10ef10ef20ef20ef20ef20ef30ef30ef10ef20ef20ef20000000000000000003d0000000000000000000000000000042e752f02ae0ef30eec003d003d00000157001c0001001d0000000100010eef0007000a00000000000000005326
WFR t=65452 src=mcu type=0x01 len=16 data=aaa231344e4242463930333500005e71
WFI t=65454 a=-1712,-3826,-58 g=0,-3,0
WFR t=65472 src=mcu type=0x01 len=16 data=aaa301180080000000000000ffff5bde
WFR t=65492 src=mcu type=0x01 len=16 data=aaa42d042f000000000000000000fb8a
WFI t=65504 a=-1702,-3835,-36 g=-4,-9,3
WFR t=65532 src=mcu type=0x01 len=16 data=aaa5232c00000000000000000000a026
WFR t=65552 src=mcu type=0x01 len=16 data=aaa6000000000000000000000000b4ce
WFI t=65555 a=-1690,-3829,-50 g=-5,7,-7
WFR t=65592 src=mcu type=0x01 len=16 data=aaa7000000000000000000000000b64f
WFI t=65604 a=-1713,-3837,-51 g=-3,9,-10
WFR t=65612 src=mcu type=0x01 len=16 data=aaa801801b000000400052a8194013c9
WFR t=65632 src=mcu type=0x01 len=16 data=aaa9028288135c4488132400ec02f999
WFI t=65654 a=-1707,-3841,-52 g=-5,3,-3
WFR t=65672 src=mcu type=0x01 len=16 data=aaaa01180080000000000100feff467b
WFR t=65692 src=mcu type=0x01 len=16 data=aaab2d042f000000000000000000ef85
WFI t=65704 a=-1707,-3822,-47 g=-6,-8,-5
WFR t=65732 src=mcu type=0x01 len=16 data=aaac232c00000000000000000000bdef
WFR t=65752 src=mcu type=0x01 len=16 data=aaad0048005f00021000000100801d27
WFI t=65754 a=-1686,-3830,-47 g=-3,0,-4
WFR t=65772 src=mcu type=0x01 len=16 data=aaae55f04b0b18000000803a40005cef
WFI t=65804 a=-1697,-3820,-66 g=1,-1,-8
WFR t=65812 src=mcu type=0x01 len=16 data=aaaf08610005460c2f78a00f090076a9
WFR t=65822 src=bms type=0x02 len=129 data=d2037c0eed0eec0eed0eed0eed0eec0eed0eed0eeb0eec0eed0eee0ef10ef10ef10ef00ef10ef10ef20ef20ef20ef20ef30ef30ef10ef20ef20ef20000000000000000003d0000000000000000000000000000042e752f02ae0ef30eec003d003d00000157001c0001001d0000000100010eef0007000a00000000000000005326
WFR t=65832 src=mcu type=0x01 len=16 data=aab001180080000000000000ffff608d
WFI t=65854 a=-1716,-3828,-50 g=-4,-28,8
WFR t=65872 src=mcu type=0x01 len=16 data=aab12d042f000000000000000000c91f
WFR t=65892 src=mcu type=0x01 len=16 data=aab2232c0000000000000000000095f1
WFI t=65904 a=-1682,-3837,-33 g=-6,-20,3
WFR t=65932 src=mcu type=0x01 len=16 data=aab3014a02050030000488001b007188
WFR t=65952 src=mcu type=0x01 len=16 data=aab400009f0ca90c9a0c540600001589
WFI t=65954 a=-1681,-3834,-53 g=3,29,-20
WFR t=65972 src=mcu type=0x01 len=16 data=aab51b00e8517918060ef50ab0008f70
WFI t=66004 a=-1709,-3822,-43 g=-3,24,-14
WFR t=66012 src=mcu type=0x01 len=16 data=aab6050804080080cb020122f13fc622
WFR t=66032 src=mcu type=0x01 len=16 data=aa8001180080000000000000ffff217d
WFI t=66054 a=-1707,-3826,-56 g=-3,-16,7
WFR t=66072 src=mcu type=0x01 len=16 data=aa812d042f00000000000000000088ef
WFR t=66092 src=mcu type=0x01 len=16 data=aa82232c00000000000000000000d401
WFI t=66104 a=-1692,-3831,-49 g=-9,-28,8
WFR t=66112 src=mcu type=0x01 len=16 data=aa83000100011101b70111019f00058c
WFR t=66152 src=mcu type=0x01 len=16 data=aa840000090a10560001310051c45a55
WFI t=66154 a=-1687,-3838,-46 g=-7,-5,-5
WFR t=66172 src=mcu type=0x01 len=16 data=aa8513088003e204080b1000507864d4
WFI t=66204 a=-1696,-3840,-48 g=-3,1,-12
WFR t=66212 src=mcu type=0x01 len=16 data=aa868403f4010400a00f8813c003f9eb
WFR t=66232 src=mcu type=0x01 len=16 data=aa8701180080000000000000ffff2a3a
WFR t=66242 src=bms type=0x02 len=129 data=d2037c0eed0eec0eed0eed0eed0eec0eed0eed0eeb0eec0eed0eee0ef10ef10ef10ef00ef10ef10ef20ef20ef20ef20ef30ef30ef10ef20ef20ef20000000000000000003d0000000000000000000000000000042e752f02ae0ef30eec003d003d00000157001c0001001d0000000100010eef0007000a00000000000000005326
WFR t=66279 src=mcu type=0x01 len=16 data=aa882d042f0000000000000000009526
WFI t=66280 a=-1694,-3841,-68 g=2,20,-12
WFR t=66293 src=mcu type=0x01 len=16 data=aa89232c00000000000000000000ce8a
WFI t=66305 a=-1718,-3829,-45 g=-1,7,-13
WFR t=66313 src=mcu type=0x01 len=16 data=aa8a480c1c0207284901230020001521
WFI t=66399 a=-1717,-3839,-48 g=-3,-19,12
WFR t=66475 src=mcu type=0x01 len=16 data=aa8b40005c03474c775419031a0e80f3
WFR t=66475 src=mcu type=0x01 len=16 data=aa8c2225bf0420034006b80b3e02672c
WFR t=66475 src=mcu type=0x01 len=16 data=aa8d800c800000006c07102780008244
WFR t=66476 src=mcu type=0x01 len=16 data=aa8e01180080000000000000ffff37f3
WFR t=66476 src=mcu type=0x01 len=16 data=aa8f2d042f0000000000000000009e61
WFI t=66628 a=-1706,-3828,-56 g=-2,20,-17
WFR t=66643 src=mcu type=0x01 len=16 data=aa90232c00000000000000000000edd3
WFR t=66643 src=mcu type=0x01 len=16 data=aa910b000f00465a667332000b9ed1a0
WFR t=66643 src=mcu type=0x01 len=16 data=aa92000000000000000000000000fbba
WFR t=66644 src=mcu type=0x01 len=16 data=aa93d804480804242c01c003214fe1ad
WFR t=66644 src=mcu type=0x01 len=16 data=aa94f0f465fffffff8080d00412af645
WFR t=66644 src=mcu type=0x01 len=16 data=aa9501180080000000000000ffff13e8
WFI t=66644 a=-1693,-3833,-44 g=0,-10,4
WFI t=66646 a=-1699,-3831,-45 g=-7,-8,3
WFI t=66648 a=-1699,-3831,-45 g=-7,-8,3
WFI t=66650 a=-1689,-3832,-51 g=0,-8,1
WFR t=66652 src=mcu type=0x01 len=16 data=aa962d042f000000000000000000bd38
WFI t=66654 a=-1693,-3832,-57 g=-3,-7,2
WFR t=66677 src=bms type=0x02 len=129 data=d2037c0eed0eec0eed0eed0eed0eec0eed0eed0eec0eec0eed0eee0ef10ef10ef10ef00ef10ef10ef20ef20ef20ef20ef30ef30ef10ef20ef20ef20000000000000000003d0000000000000000000000000000042e752f02ae0ef30eeb003d003d00000157001c0001001d0000000100010eef0008000a0000000000000000b7d6
WFT t=66679 batt_mv=4202 rssi_mcu=-71 rssi_bms=-84 mcu=2367 bms=131 dropped=0
WFR t=66692 src=mcu type=0x01 len=16 data=aa97232c00000000000000000000e694
WFI t=66704 a=-1690,-3834,-50 g=-5,6,-4
WFR t=66712 src=mcu type=0x01 len=16 data=aa9807010200000056117eea00007aa4
WFR t=66732 src=mcu type=0x01 len=16 data=aa991d00ab04a08c64502748395e1e28
WFI t=66754 a=-1706,-3838,-40 g=-7,-14,-9
WFR t=66772 src=mcu type=0x01 len=16 data=aa9a646464625f5d5b5955010101d546
WFR t=66792 src=mcu type=0x01 len=16 data=aa9b0101010100000000fbfbecd30e91
WFI t=66804 a=-1700,-3835,-49 g=-5,-28,2
WFR t=66832 src=mcu type=0x01 len=16 data=aa9c01180080000000000000ffff0e21
WFR t=66852 src=mcu type=0x01 len=16 data=aa9d2d042f000000000000000000a7b3
WFI t=66854 a=-1686,-3831,-49 g=1,11,-14
WFR t=66872 src=mcu type=0x01 len=16 data=aa9e232c00000000000000000000fb5d
WFI t=66904 a=-1711,-3841,-43 g=0,20,-15
WFR t=66912 src=mcu type=0x01 len=16 data=aa9fb5a1b0bfd800000000000000dfe1
WFR t=66932 src=mcu type=0x01 len=16 data=aaa000000000020c000035006a00d1bd
WFI t=66954 a=-1708,-3830,-47 g=-3,-13,12
WFR t=66972 src=mcu type=0x01 len=16 data=aaa188044a5357583036323430360894
WFR t=66992 src=mcu type=0x01 len=16 data=aaa231344e4242463930333500005e71
WFI t=67004 a=-1686,-3831,-50 g=-5,-20,7
WFR t=67032 src=mcu type=0x01 len=16 data=aaa301180080000000000000ffff5bde
WFR t=67052 src=mcu type=0x01 len=16 data=aaa42d042f000000000000000000fb8a
WFI t=67054 a=-1684,-3829,-31 g=-3,4,-12
WFR t=67072 src=mcu type=0x01 len=16 data=aaa5232c00000000000000000000a026
WFR t=67082 src=bms type=0x02 len=129 data=d2037c0eed0eec0eed0eed0eed0eec0eed0eed0eec0eec0eed0eee0ef10ef10ef10ef00ef10ef10ef20ef20ef20ef20ef30ef30ef10ef20ef20ef20000000000000000003d0000000000000000000000000000042e752f02ae0ef30eeb003d003d00000157001c0001001d0000000100010eef0008000a0000000000000000b7d6
WFI t=67104 a=-1698,-3825,-42 g=-4,4,-14
WFR t=67112 src=mcu type=0x01 len=16 data=aaa6000000000000000000000000b4ce
WFR t=67132 src=mcu type=0x01 len=16 data=aaa7000000000000000000000000b64f
WFI t=67154 a=-1708,-3833,-57 g=-10,-1,-7
WFR t=67172 src=mcu type=0x01 len=16 data=aaa801801b000000400052a8194013c9
WFR t=67192 src=mcu type=0x01 len=16 data=aaa9028288135c4488132400ec02f999
WFI t=67204 a=-1696,-3837,-50 g=-3,4,-7
WFR t=67212 src=mcu type=0x01 len=16 data=aaaa01180080000000000000ffff4617
WFR t=67252 src=mcu type=0x01 len=16 data=aaab2d042f000000000000000000ef85
WFI t=67254 a=-1734,-3844,-34 g=-5,-21,2
WFR t=67272 src=mcu type=0x01 len=16 data=aaac232c00000000000000000000bdef
WFI t=67304 a=-1695,-3835,-33 g=1,-27,20
WFR t=67312 src=mcu type=0x01 len=16 data=aaad0048005f00021000000100801d27
WFR t=67332 src=mcu type=0x01 len=16 data=aaae55f04b0b18000000803a40005cef
WFR t=67352 src=mcu type=0x01 len=16 data=aaaf08610005460c2f78a00f090076a9
WFI t=67354 a=-1660,-3833,-47 g=-3,22,-17
WFR t=67392 src=mcu type=0x01 len=16 data=aab001180080000000000100feff60e1
WFI t=67404 a=-1711,-3826,-46 g=3,43,-22
WFR t=67412 src=mcu type=0x01 len=16 data=aab12d042f000000000000000000c91f
WFR t=67452 src=mcu type=0x01 len=16 data=aab2232c0000000000000000000095f1
WFI t=67454 a=-1707,-3827,-32 g=0,9,-2
WFR t=67472 src=mcu type=0x01 len=16 data=aab3014a02050030000488001b007188
WFI t=67504 a=-1709,-3836,-42 g=-4,-35,9
WFR t=67512 src=mcu type=0x01 len=16 data=aab400009f0ca90c9a0c540600001589
WFR t=67532 src=mcu type=0x01 len=16 data=aab51b00e8517918060ec20ab0008104
WFR t=67552 src=mcu type=0x01 len=16 data=aab6050804080080cb020122f13fc622
WFI t=67554 a=-1674,-3837,-54 g=-3,-10,2
WFR t=67592 src=mcu type=0x01 len=16 data=aa8001180080000000000000ffff217d
WFI t=67604 a=-1702,-3827,-45 g=-3,5,-16
WFR t=67612 src=mcu type=0x01 len=16 data=aa812d042f00000000000000000088ef
WFR t=67652 src=mcu type=0x01 len=16 data=aa82232c00000000000000000000d401
WFI t=67654 a=-1703,-3831,-57 g=-1,7,-12
WFR t=67672 src=mcu type=0x01 len=16 data=aa83000100011101b70111019f00058c
WFR t=67692 src=mcu type=0x01 len=16 data=aa840000090a10560001310051c45a55
WFI t=67704 a=-1720,-3832,-44 g=1,-28,-4
WFR t=67732 src=mcu type=0x01 len=16 data=aa8513088003e204080b1000507864d4
WFR t=67752 src=mcu type=0x01 len=16 data=aa868403f4010400a00f8813c003f9eb
WFI t=67754 a=-1693,-3834,-52 g=-1,-5,7
WFR t=67792 src=mcu type=0x01 len=16 data=aa8701180080000000000000feff2baa
WFI t=67804 a=-1700,-3824,-47 g=-4,22,-16
WFR t=67812 src=mcu type=0x01 len=16 data=aa882d042f0000000000000000009526
WFR t=67832 src=mcu type=0x01 len=16 data=aa89232c00000000000000000000ce8a
WFI t=67854 a=-1721,-3827,-52 g=4,13,-5
WFR t=67872 src=mcu type=0x01 len=16 data=aa8a480c1c0207284901230020001521
WFR t=67892 src=mcu type=0x01 len=16 data=aa8b40005c03474c775419031a0e80f3
WFI t=67904 a=-1700,-3827,-54 g=-8,-21,7
WFR t=67932 src=mcu type=0x01 len=16 data=aa8c2225bf0420034006b80b3e02672c
WFR t=67952 src=mcu type=0x01 len=16 data=aa8d800c800000006c07102780008244
WFI t=67954 a=-1690,-3826,-38 g=-3,-27,-4
WFR t=67972 src=mcu type=0x01 len=16 data=aa8e01180080000000000000ffff37f3
WFI t=68004 a=-1695,-3840,-41 g=-3,5,-6
WFR t=68012 src=mcu type=0x01 len=16 data=aa8f2d042f0000000000000000009e61
WFR t=68032 src=mcu type=0x01 len=16 data=aa90232c00000000000000000000edd3
WFI t=68054 a=-1685,-3824,-46 g=-2,20,-17
WFR t=68072 src=mcu type=0x01 len=16 data=aa910b000f00465a667332000b9ed1a0
WFR t=68092 src=mcu type=0x01 len=16 data=aa92000000000000000000000000fbba
WFI t=68105 a=-1722,-3824,-45 g=-1,1,-9
WFR t=68132 src=mcu type=0x01 len=16 data=aa93d804480804242c01c003214fe1ad
WFR t=68152 src=mcu type=0x01 len=16 data=aa94f0f465fffffff8080d00412af645
WFI t=68154 a=-1697,-3835,-42 g=-3,-31,13
WFR t=68172 src=mcu type=0x01 len=16 data=aa9501180080000000000000ffff13e8
WFI t=68204 a=-1676,-3839,-45 g=-7,-9,-6
WFR t=68212 src=mcu type=0x01 len=16 data=aa962d042f000000000000000000bd38
WFR t=68232 src=mcu type=0x01 len=16 data=aa97232c00000000000000000000e694
WFI t=68254 a=-1709,-3826,-49 g=1,29,-18
WFR t=68272 src=mcu type=0x01 len=16 data=aa9807010200000056117eea00007aa4
WFR t=68292 src=mcu type=0x01 len=16 data=aa991d00ab04a08c64502748395e1e28
WFI t=68304 a=-1718,-3828,-51 g=1,15,-10
WFR t=68312 src=mcu type=0x01 len=16 data=aa9a646464625f5d5b5955010101d546
WFR t=68352 src=mcu type=0x01 len=16 data=aa9b0101010100000000fbfbecd30e91
WFI t=68354 a=-1717,-3832,-42 g=-7,-28,9
WFR t=68372 src=mcu type=0x01 len=16 data=aa9c01180080000000000000ffff0e21
WFR t=68416 src=mcu type=0x01 len=16 data=aa9d2d042f000000000000000000a7b3
WFI t=68426 a=-1683,-3833,-50 g=-6,-19,-2
WFR t=68506 src=mcu type=0x01 len=16 data=aa9e232c00000000000000000000fb5d
WFR t=68506 src=mcu type=0x01 len=16 data=aa9fb5a1b0bfd800000000000000dfe1
WFR t=68506 src=mcu type=0x01 len=16 data=aaa000000000020c000035006a00d1bd
WFI t=68508 a=-1696,-3839,-48 g=3,23,-17
WFI t=68510 a=-1699,-3829,-62 g=1,19,-17
WFR t=68512 src=mcu type=0x01 len=16 data=aaa188044a5357583036323430360894
WFR t=68552 src=mcu type=0x01 len=16 data=aaa231344e4242463930333500005e71
WFI t=68554 a=-1717,-3831,-32 g=-4,-1,-4
WFR t=68572 src=mcu type=0x01 len=16 data=aaa301180080000000000000ffff5bde
WFI t=68604 a=-1704,-3840,-57 g=-5,-26,7
WFR t=68612 src=mcu type=0x01 len=16 data=aaa42d042f000000000000000000fb8a
WFR t=68632 src=mcu type=0x01 len=16 data=aaa5232c00000000000000000000a026
WFR t=68652 src=mcu type=0x01 len=16 data=aaa6000000000000000000000000b4ce
WFI t=68654 a=-1682,-3832,-35 g=-5,0,3
WFR t=68692 src=mcu type=0x01 len=16 data=aaa7000000000000000000000000b64f
WFI t=68704 a=-1685,-3818,-41 g=-4,17,-18
WFR t=68712 src=mcu type=0x01 len=16 data=aaa801801b000000400052a8194013c9
WFR t=68752 src=mcu type=0x01 len=16 data=aaa9028288135c4488132400ec02f999
WFI t=68754 a=-1706,-3843,-40 g=-7,14,-9
WFR t=68772 src=mcu type=0x01 len=16 data=aaaa0118008000000000ffffffff4633
WFR t=68792 src=mcu type=0x01 len=16 data=aaab2d042f000000000000000000ef85
WFI t=68804 a=-1699,-3843,-43 g=-5,-11,-5
WFR t=68832 src=mcu type=0x01 len=16 data=aaac232c00000000000000000000bdef
WFR t=68852 src=mcu type=0x01 len=16 data=aaad0048005f00021000000100801d27
WFI t=68854 a=-1703,-3825,-37 g=1,-9,3
WFR t=68892 src=mcu type=0x01 len=16 data=aaae55f04b0b18000000803a40005cef
WFI t=68904 a=-1694,-3840,-42 g=-4,-15,0
WFR t=68912 src=mcu type=0x01 len=16 data=aaaf08610005460c2f78a00f090076a9
WFR t=68932 src=mcu type=0x01 len=16 data=aab001180080000000000000feff611d
WFI t=68954 a=-1692,-3835,-45 g=-4,7,-4
WFR t=68972 src=mcu type=0x01 len=16 data=aab12d042f000000000000000000c91f
WFR t=68992 src=mcu type=0x01 len=16 data=aab2232c0000000000000000000095f1
WFI t=69004 a=-1708,-3834,-45 g=-5,2,-11
WFR t=69032 src=mcu type=0x01 len=16 data=aab3014a02050030000488001b007188
WFR t=69052 src=mcu type=0x01 len=16 data=aab400009f0ca90c9a0c540600001589
WFI t=69054 a=-1709,-3823,-28 g=5,8,-3
WFR t=69072 src=mcu type=0x01 len=16 data=aab51b00e8517918060e740ab000a74c
WFI t=69104 a=-1698,-3832,-38 g=-5,-2,-10
WFR t=69112 src=mcu type=0x01 len=16 data=aab6050804080080cb020122f13fc622
WFR t=69132 src=mcu type=0x01 len=16 data=aa8001180080000000000000ffff217d
WFI t=69154 a=-1702,-3824,-38 g=1,14,-1
WFR t=69172 src=mcu type=0x01 len=16 data=aa812d042f00000000000000000088ef
WFR t=69192 src=mcu type=0x01 len=16 data=aa82232c00000000000000000000d401
WFI t=69204 a=-1702,-3829,-49 g=-12,-17,-3
WFR t=69232 src=mcu type=0x01 len=16 data=aa83000100011101b70111019f00058c
WFR t=69252 src=mcu type=0x01 len=16 data=aa840000090a10560001310051c45a55
WFI t=69254 a=-1703,-3839,-30 g=-2,-16,3
WFR t=69272 src=mcu type=0x01 len=16 data=aa8513088003e204080b1000507864d4
WFI t=69304 a=-1704,-3835,-45 g=-6,-44,-5
WFR t=69312 src=mcu type=0x01 len=16 data=aa868403f4010400a00f8813c003f9eb
WFR t=69332 src=mcu type=0x01 len=16 data=aa8701180080000000000000ffff2a3a
WFI t=69354 a=-1685,-3844,-39 g=0,-25,14
WFR t=69372 src=mcu type=0x01 len=16 data=aa882d042f0000000000000000009526
WFR t=69392 src=mcu type=0x01 len=16 data=aa89232c00000000000000000000ce8a
WFI t=69404 a=-1655,-3833,-47 g=-2,28,-26
WFR t=69412 src=mcu type=0x01 len=16 data=aa8a480c1c0207284901230020001521
WFR t=69452 src=mcu type=0x01 len=16 data=aa8b40005c03474c775419031a0e80f3
WFI t=69454 a=-1723,-3832,-37 g=-1,69,-31
WFR t=69472 src=mcu type=0x01 len=16 data=aa8c2225bf0420034006b80b3e02672c
WFI t=69504 a=-1729,-3837,-50 g=-8,-4,9
WFR t=69512 src=mcu type=0x01 len=16 data=aa8d800c800000006c07102780008244
WFR t=69532 src=mcu type=0x01 len=16 data=aa8e01180080000000000000ffff37f3
WFR t=69552 src=mcu type=0x01 len=16 data=aa8f2d042f0000000000000000009e61
WFI t=69554 a=-1698,-3835,-49 g=-5,-43,25
WFR t=69612 src=mcu type=0x01 len=16 data=aa90232c00000000000000000000edd3
WFR t=69613 src=mcu type=0x01 len=16 data=aa910b000f00465a667332000b9ed1a0
WFI t=69614 a=-1676,-3827,-32 g=-6,-5,-6
WFR t=69652 src=mcu type=0x01 len=16 data=aa92000000000000000000000000fbba
WFI t=69654 a=-1695,-3828,-46 g=0,22,-20
WFR t=69672 src=mcu type=0x01 len=16 data=aa93d804480804242c01c003214fe1ad
WFI t=69704 a=-1709,-3834,-56 g=-1,14,-19
WFR t=69712 src=mcu type=0x01 len=16 data=aa94f0f465fffffff8080d00412af645
WFR t=69732 src=mcu type=0x01 len=16 data=aa9501180080000000000000ffff13e8
WFR t=69752 src=mcu type=0x01 len=16 data=aa962d042f000000000000000000bd38
WFI t=69754 a=-1714,-3831,-52 g=-5,-9,-4
WFR t=69792 src=mcu type=0x01 len=16 data=aa97232c00000000000000000000e694
WFI t=69804 a=-1706,-3824,-42 g=-3,-23,11
WFR t=69812 src=mcu type=0x01 len=16 data=aa9807010200000056117eea00007aa4
WFR t=69852 src=mcu type=0x01 len=16 data=aa991d00ab04a08c64502748395e1e28
WFI t=69854 a=-1683,-3841,-45 g=4,-1,8
WFR t=69872 src=mcu type=0x01 len=16 data=aa9a646464625f5d5b5955010101d546
WFR t=69892 src=mcu type=0x01 len=16 data=aa9b0101010100000000fbfbecd30e91
WFI t=69904 a=-1686,-3834,-38 g=3,14,-13
WFR t=69932 src=mcu type=0x01 len=16 data=aa9c01180080000000000000feff0fb1
WFR t=69952 src=mcu type=0x01 len=16 data=aa9d2d042f000000000000000000a7b3
WFI t=69954 a=-1714,-3835,-37 g=-5,7,-12
WFR t=69992 src=mcu type=0x01 len=16 data=aa9e232c00000000000000000000fb5d
WFI t=70004 a=-1697,-3838,-42 g=-1,-4,-8
WFR t=70012 src=mcu type=0x01 len=16 data=aa9fb5a1b0bfd800000000000000dfe1
WFR t=70052 src=mcu type=0x01 len=16 data=aaa000000000020c000035006a00d1bd
WFI t=70054 a=-1701,-3837,-44 g=-1,-8,-7
WFR t=70072 src=mcu type=0x01 len=16 data=aaa188044a5357583036323430360894
WFR t=70092 src=mcu type=0x01 len=16 data=aaa231344e4242463930333500005e71
WFI t=70104 a=-1698,-3842,-42 g=-1,-5,4
WFR t=70132 src=mcu type=0x01 len=16 data=aaa301180080000000000000ffff5bde
WFR t=70152 src=mcu type=0x01 len=16 data=aaa42d042f000000000000000000fb8a
WFI t=70154 a=-1689,-3838,-41 g=-7,4,-3
WFR t=70172 src=mcu type=0x01 len=16 data=aaa5232c00000000000000000000a026
WFI t=70204 a=-1704,-3839,-42 g=-4,10,-7
WFR t=70212 src=mcu type=0x01 len=16 data=aaa6000000000000000000000000b4ce
WFR t=70232 src=mcu type=0x01 len=16 data=aaa7000000000000000000000000b64f
WFI t=70254 a=-1696,-3834,-52 g=2,8,-8
WFR t=70272 src=mcu type=0x01 len=16 data=aaa801801b000000400052a8194013c9
WFR t=70292 src=mcu type=0x01 len=16 data=aaa9028288135c4488132400ec02f999
WFI t=70304 a=-1709,-3842,-48 g=-1,-15,-6
WFR t=70332 src=mcu type=0x01 len=16 data=aaaa01180080000000000000ffff4617
WFR t=70352 src=mcu type=0x01 len=16 data=aaab2d042f000000000000000000ef85
WFI t=70354 a=-1692,-3832,-48 g=1,-14,3
WFR t=70372 src=mcu type=0x01 len=16 data=aaac232c00000000000000000000bdef
WFR t=70429 src=mcu type=0x01 len=16 data=aaad0048005f00021000000100801d27
WFI t=70507 a=-1698,-3832,-30 g=-4,8,-15
WFR t=70507 src=mcu type=0x01 len=16 data=aaae55f04b0b18000000803a40005cef
WFR t=70577 src=mcu type=0x01 len=16 data=aaaf08610005460c2f78a00f090076a9
WFR t=70578 src=mcu type=0x01 len=16 data=aab001180080000000000100feff60e1
WFR t=70578 src=mcu type=0x01 len=16 data=aab12d042f000000000000000000c91f
WFR t=70578 src=mcu type=0x01 len=16 data=aab2232c0000000000000000000095f1
WFR t=70578 src=mcu type=0x01 len=16 data=aab3014a02050030000488001b007188
WFI t=70579 a=-1687,-3824,-47 g=-5,-5,1
WFI t=70675 a=-1694,-3829,-41 g=2,1,0
WFR t=70676 src=mcu type=0x01 len=16 data=aab400009f0ca90c9a0c540600001589
WFR t=70677 src=mcu type=0x01 len=16 data=aab51b00e8517918060e230bb000e6f8
WFR t=70677 src=mcu type=0x01 len=16 data=aab6050804080080cb020122f13fc622
WFI t=70677 a=-1715,-3835,-51 g=-1,2,-9
WFI t=70679 a=-1715,-3835,-51 g=-1,2,-9
WFI t=70681 a=-1700,-3835,-50 g=-3,1,-8
WFR t=70692 src=mcu type=0x01 len=16 data=aa8001180080000000000000ffff217d
WFI t=70704 a=-1703,-3831,-47 g=-2,-2,-5
WFR t=70712 src=mcu type=0x01 len=16 data=aa812d042f00000000000000000088ef
WFR t=70752 src=mcu type=0x01 len=16 data=aa82232c00000000000000000000d401
WFI t=70754 a=-1700,-3829,-53 g=-8,-9,-6
WFR t=70772 src=mcu type=0x01 len=16 data=aa83000100011101b70111019f00058c
WFI t=70804 a=-1706,-3836,-48 g=0,-10,-3
WFR t=70812 src=mcu type=0x01 len=16 data=aa840000090a10560001310051c45a55
WFR t=70832 src=mcu type=0x01 len=16 data=aa8513088003e204080b1000507864d4
WFR t=70852 src=mcu type=0x01 len=16 data=aa868403f4010400a00f8813c003f9eb
WFI t=70854 a=-1691,-3845,-53 g=2,-1,1
WFR t=70892 src=mcu type=0x01 len=16 data=aa8701180080000000000000ffff2a3a
WFI t=70904 a=-1687,-3828,-36 g=-2,8,-13
WFR t=70912 src=mcu type=0x01 len=16 data=aa882d042f0000000000000000009526
WFR t=70952 src=mcu type=0x01 len=16 data=aa89232c00000000000000000000ce8a
WFI t=70954 a=-1698,-3832,-42 g=0,7,-3
WFR t=70972 src=mcu type=0x01 len=16 data=aa8a480c1c0207284901230020001521
WFR t=70992 src=mcu type=0x01 len=16 data=aa8b40005c03474c775419031a0e80f3
WFI t=71004 a=-1697,-3828,-58 g=1,-11,-2
WFR t=71032 src=mcu type=0x01 len=16 data=aa8c2225bf0420034006b80b3e02672c
WFR t=71052 src=mcu type=0x01 len=16 data=aa8d800c800000006c07102780008244
WFI t=71054 a=-1694,-3843,-45 g=-5,-15,0
WFR t=71092 src=mcu type=0x01 len=16 data=aa8e01180080000000000100feff379f
WFI t=71104 a=-1678,-3820,-45 g=-3,8,-10
WFR t=71112 src=mcu type=0x01 len=16 data=aa8f2d042f0000000000000000009e61
WFR t=71132 src=mcu type=0x01 len=16 data=aa90232c00000000000000000000edd3
WFI t=71154 a=-1713,-3834,-33 g=-4,-3,-11
WFR t=71172 src=mcu type=0x01 len=16 data=aa910b000f00465a667332000b9ed1a0
WFR t=71192 src=mcu type=0x01 len=16 data=aa92000000000000000000000000fbba
WFI t=71204 a=-1691,-3833,-35 g=2,-19,8
WFR t=71232 src=mcu type=0x01 len=16 data=aa93d804480804242c01c003214fe1ad
WFR t=71252 src=mcu type=0x01 len=16 data=aa94f0f465fffffff8080d00412af645
WFI t=71254 a=-1698,-3823,-49 g=-4,-5,-7
WFR t=71272 src=mcu type=0x01 len=16 data=aa9501180080000000000000ffff13e8
WFI t=71304 a=-1689,-3839,-38 g=0,17,-7
WFR t=71312 src=mcu type=0x01 len=16 data=aa962d042f000000000000000000bd38
WFR t=71332 src=mcu type=0x01 len=16 data=aa97232c00000000000000000000e694
WFI t=71354 a=-1676,-3843,-38 g=-2,14,-12
WFR t=71372 src=mcu type=0x01 len=16 data=aa9807010200000056117eea00007aa4
WFR t=71392 src=mcu type=0x01 len=16 data=aa991d00ab04a08c64502748395e1e28
WFI t=71404 a=-1716,-3834,-36 g=-1,-1,-1
WFR t=71432 src=mcu type=0x01 len=16 data=aa9a646464625f5d5b5955010101d546
WFR t=71452 src=mcu type=0x01 len=16 data=aa9b0101010100000000fbfbecd30e91
WFI t=71454 a=-1706,-3830,-45 g=-5,-14,3
WFR t=71472 src=mcu type=0x01 len=16 data=aa9c01180080000000000000ffff0e21
WFI t=71504 a=-1703,-3832,-31 g=-1,2,-3
WFR t=71512 src=mcu type=0x01 len=16 data=aa9d2d042f000000000000000000a7b3
WFR t=71532 src=mcu type=0x01 len=16 data=aa9e232c00000000000000000000fb5d
WFI t=71554 a=-1692,-3822,-34 g=-1,4,-10
WFR t=71572 src=mcu type=0x01 len=16 data=aa9fb5a1b0bfd800000000000000dfe1
WFR t=71592 src=mcu type=0x01 len=16 data=aaa000000000020c000035006a00d1bd
WFI t=71604 a=-1717,-3834,-43 g=-8,-14,-10
WFR t=71612 src=mcu type=0x01 len=16 data=aaa188044a5357583036323430360894
WFR t=71652 src=mcu type=0x01 len=16 data=aaa231344e4242463930333500005e71
WFI t=71655 a=-1716,-3821,-41 g=-2,-45,16
WFR t=71672 src=mcu type=0x01 len=16 data=aaa301180080000000000000feff5a4e
WFI t=71704 a=-1676,-3837,-58 g=1,-21,0
WFR t=71712 src=mcu type=0x01 len=16 data=aaa42d042f000000000000000000fb8a
WFR t=71732 src=mcu type=0x01 len=16 data=aaa5232c00000000000000000000a026
WFR t=71752 src=mcu type=0x01 len=16 data=aaa6000000000000000000000000b4ce
WFI t=71754 a=-1691,-3842,-32 g=5,29,-23
WFR t=71792 src=mcu type=0x01 len=16 data=aaa7000000000000000000000000b64f
WFI t=71804 a=-1705,-3837,-52 g=4,39,-18
WFT t=71807 batt_mv=4188 rssi_mcu=-71 rssi_bms=-83 mcu=2549 bms=132 dropped=0
WFR t=71812 src=mcu type=0x01 len=16 data=aaa801801b000000400052a8194013c9
WFR t=71852 src=mcu type=0x01 len=16 data=aaa9028288135c4488132400ec02f999
WFI t=71854 a=-1716,-3830,-43 g=-5,-16,4
WFR t=71872 src=mcu type=0x01 len=16 data=aaaa01180080000000000000feff4787
WFR t=71892 src=mcu type=0x01 len=16 data=aaab2d042f000000000000000000ef85
WFI t=71904 a=-1682,-3822,-46 g=-7,-34,17
WFR t=71932 src=mcu type=0x01 len=16 data=aaac232c00000000000000000000bdef
WFR t=71952 src=mcu type=0x01 len=16 data=aaad0048005f00021000000100801d27
WFI t=71954 a=-1687,-3834,-35 g=-7,-10,-3
WFR t=71992 src=mcu type=0x01 len=16 data=aaae55f04b0b18000000803a40005cef
WFI t=72004 a=-1693,-3836,-46 g=0,29,-22
WFR t=72012 src=mcu type=0x01 len=16 data=aaaf08610005460c2f78a00f090076a9
WFR t=72052 src=mcu type=0x01 len=16 data=aab00118008000000000ffffffff60a9
WFI t=72054 a=-1724,-3833,-33 g=-5,15,-15
WFR t=72072 src=mcu type=0x01 len=16 data=aab12d042f000000000000000000c91f
WFR t=72092 src=mcu type=0x01 len=16 data=aab2232c0000000000000000000095f1
WFI t=72104 a=-1706,-3815,-57 g=-9,-18,1
WFR t=72132 src=mcu type=0x01 len=16 data=aab3014a02050030000488001b007188
WFR t=72152 src=mcu type=0x01 len=16 data=aab400009f0ca90c9a0c540600001589
WFI t=72154 a=-1701,-3822,-32 g=-3,-29,13
WFR t=72192 src=mcu type=0x01 len=16 data=aab51b00e8517918060e230bb000e6f8
WFI t=72204 a=-1671,-3828,-38 g=-2,9,-4
WFR t=72212 src=mcu type=0x01 len=16 data=aab6050804080080cb020122f13fc622
WFR t=72232 src=mcu type=0x01 len=16 data=aa8001180080000000000000ffff217d
WFI t=72254 a=-1704,-3837,-39 g=1,26,-21
WFR t=72272 src=mcu type=0x01 len=16 data=aa812d042f00000000000000000088ef
WFR t=72292 src=mcu type=0x01 len=16 data=aa82232c00000000000000000000d401
WFI t=72304 a=-1710,-3833,-50 g=-2,5,-6
WFR t=72332 src=mcu type=0x01 len=16 data=aa83000100011101b70111019f00058c
WFR t=72352 src=mcu type=0x01 len=16 data=aa840000090a10560001310051c45a55
WFI t=72354 a=-1696,-3854,-40 g=-5,-12,-3
WFR t=72372 src=mcu type=0x01 len=16 data=aa8513088003e204080b1000507864d4
WFI t=72507 a=-1680,-3843,-23 g=2,-20,13
WFR t=72522 src=mcu type=0x01 len=16 data=aa868403f4010400a00f8813c003f9eb
WFR t=72523 src=mcu type=0x01 len=16 data=aa8701180080000000000000ffff2a3a
WFR t=72523 src=mcu type=0x01 len=16 data=aa882d042f0000000000000000009526
WFI t=72523 a=-1700,-3842,-33 g=-5,26,-28
WFR t=72523 src=mcu type=0x01 len=16 data=aa89232c00000000000000000000ce8a
WFI t=72525 a=-1717,-3837,-25 g=1,39,-21
WFR t=72532 src=mcu type=0x01 len=16 data=aa8a480c1c0207284901230020001521
WFR t=72552 src=mcu type=0x01 len=16 data=aa8b40005c03474c775419031a0e80f3
WFI t=72555 a=-1714,-3828,-46 g=8,34,-10
WFR t=72572 src=mcu type=0x01 len=16 data=aa8c2225bf0420034006b80b3e02672c
WFI t=72604 a=-1715,-3829,-30 g=-4,-26,2
WFR t=72612 src=mcu type=0x01 len=16 data=aa8d800c800000006c07102780008244
WFR t=72632 src=mcu type=0x01 len=16 data=aa8e01180080000000000000feff3663
WFI t=72654 a=-1666,-3830,-40 g=1,-4,12
WFR t=72672 src=mcu type=0x01 len=16 data=aa8f2d042f0000000000000000009e61
WFR t=72692 src=mcu type=0x01 len=16 data=aa90232c00000000000000000000edd3
WFI t=72704 a=-1697,-3826,-29 g=-5,-5,-17
WFR t=72712 src=mcu type=0x01 len=16 data=aa910b000f00465a667332000b9ed1a0
WFR t=72752 src=mcu type=0x01 len=16 data=aa92000000000000000000000000fbba
WFI t=72754 a=-1696,-3829,-39 g=1,15,-1
WFR t=72772 src=mcu type=0x01 len=16 data=aa93d804480804242c01c003214fe1ad
WFI t=72804 a=-1692,-3832,-42 g=-11,-6,-15
WFR t=72812 src=mcu type=0x01 len=16 data=aa94f0f465fffffff8080d00412af645
WFR t=72832 src=mcu type=0x01 len=16 data=aa9501180080000000000000ffff13e8
WFR t=72852 src=mcu type=0x01 len=16 data=aa962d042f000000000000000000bd38
WFI t=72854 a=-1703,-3841,-36 g=3,6,-4
WFR t=72892 src=mcu type=0x01 len=16 data=aa97232c00000000000000000000e694
WFI t=72904 a=-1692,-3826,-40 g=-2,-7,0
WFR t=72912 src=mcu type=0x01 len=16 data=aa9807010200000056117eea00007aa4
WFR t=72952 src=mcu type=0x01 len=16 data=aa991d00ab04a08c64502748395e1e28
WFI t=72954 a=-1699,-3829,-29 g=-1,-3,-2
WFR t=72972 src=mcu type=0x01 len=16 data=aa9a646464625f5d5b5955010101d546
WFR t=72992 src=mcu type=0x01 len=16 data=aa9b0101010100000000fbfbecd30e91
WFI t=73004 a=-1707,-3845,-37 g=1,4,-3
WFR t=73032 src=mcu type=0x01 len=16 data=aa9c01180080000000000100feff0e4d
WFR t=73052 src=mcu type=0x01 len=16 data=aa9d2d042f000000000000000000a7b3
WFI t=73054 a=-1703,-3829,-37 g=-6,-21,-2
WFR t=73092 src=mcu type=0x01 len=16 data=aa9e232c00000000000000000000fb5d
WFI t=73104 a=-1691,-3836,-47 g=0,-2,-5
WFR t=73112 src=mcu type=0x01 len=16 data=aa9fb5a1b0bfd800000000000000dfe1
WFR t=73158 src=mcu type=0x01 len=16 data=aaa000000000020c000035006a00d1bd
WFI t=73168 a=-1703,-3835,-27 g=-1,7,-10
WFR t=73172 src=mcu type=0x01 len=16 data=aaa188044a5357583036323430360894
WFR t=73192 src=mcu type=0x01 len=16 data=aaa231344e4242463930333500005e71
WFI t=73204 a=-1698,-3822,-61 g=0,18,-5
WFR t=73232 src=mcu type=0x01 len=16 data=aaa301180080000000000000ffff5bde
WFR t=73252 src=mcu type=0x01 len=16 data=aaa42d042f000000000000000000fb8a
WFI t=73254 a=-1719,-3834,-36 g=-2,-10,-1
WFR t=73292 src=mcu type=0x01 len=16 data=aaa5232c00000000000000000000a026
WFI t=73304 a=-1693,-3837,-43 g=0,-7,7
WFR t=73312 src=mcu type=0x01 len=16 data=aaa6000000000000000000000000b4ce
WFR t=73332 src=mcu type=0x01 len=16 data=aaa7000000000000000000000000b64f
WFI t=73354 a=-1687,-3846,-38 g=0,-4,-12
WFR t=73372 src=mcu type=0x01 len=16 data=aaa801801b000000400052a8194013c9
WFR t=73392 src=mcu type=0x01 len=16 data=aaa9028288135c4488132400ec02f999
WFI t=73404 a=-1698,-3838,-32 g=-2,15,-12
WFR t=73432 src=mcu type=0x01 len=16 data=aaaa01180080000000000000feff4787
WFR t=73452 src=mcu type=0x01 len=16 data=aaab2d042f000000000000000000ef85
WFI t=73454 a=-1721,-3837,-35 g=-2,-6,-7
WFR t=73472 src=mcu type=0x01 len=16 data=aaac232c00000000000000000000bdef
WFI t=73504 a=-1698,-3837,-39 g=-5,-15,6
WFR t=73512 src=mcu type=0x01 len=16 data=aaad0048005f00021000000100801d27
WFR t=73532 src=mcu type=0x01 len=16 data=aaae55f04b0b18000000803a40005cef
WFI t=73554 a=-1681,-3846,-36 g=0,-8,0
WFR t=73572 src=mcu type=0x01 len=16 data=aaaf08610005460c2f78a00f090076a9
WFR t=73592 src=mcu type=0x01 len=16 data=aab001180080000000000000ffff608d
WFI t=73604 a=-1696,-3845,-36 g=2,4,-9
WFR t=73632 src=mcu type=0x01 len=16 data=aab12d042f000000000000000000c91f
WFR t=73652 src=mcu type=0x01 len=16 data=aab2232c0000000000000000000095f1
WFI t=73654 a=-1706,-3843,-35 g=1,9,-5
WFR t=73672 src=mcu type=0x01 len=16 data=aab3014a02050030000488001b007188
WFI t=73704 a=-1703,-3828,-46 g=-8,-2,-9
WFR t=73712 src=mcu type=0x01 len=16 data=aab400009f0ca90c9a0c540600001589
WFR t=73732 src=mcu type=0x01 len=16 data=aab51b00e8517918060eb40ab0009b4c
WFI t=73754 a=-1707,-3825,-41 g=-7,-9,1
WFR t=73772 src=mcu type=0x01 len=16 data=aab6050804080080cb020122f13fc622
WFR t=73792 src=mcu type=0x01 len=16 data=aa800118008000000000ffffffff2159
WFI t=73804 a=-1688,-3850,-37 g=2,-12,0
WFR t=73812 src=mcu type=0x01 len=16 data=aa812d042f00000000000000000088ef
WFR t=73852 src=mcu type=0x01 len=16 data=aa82232c00000000000000000000d401
WFI t=73854 a=-1702,-3831,-53 g=-8,-2,-5
WFR t=73872 src=mcu type=0x01 len=16 data=aa83000100011101b70111019f00058c
WFI t=73904 a=-1696,-3833,-41 g=-7,0,-7
WFR t=73912 src=mcu type=0x01 len=16 data=aa840000090a10560001310051c45a55
WFR t=73932 src=mcu type=0x01 len=16 data=aa8513088003e204080b1000507864d4
WFR t=73952 src=mcu type=0x01 len=16 data=aa868403f4010400a00f8813c003f9eb
WFI t=73954 a=-1712,-3825,-53 g=1,0,-7
WFR t=73992 src=mcu type=0x01 len=16 data=aa8701180080000000000000ffff2a3a
WFI t=74004 a=-1702,-3838,-53 g=0,-7,3
WFR t=74013 src=mcu type=0x01 len=16 data=aa882d042f0000000000000000009526
WFR t=74052 src=mcu type=0x01 len=16 data=aa89232c00000000000000000000ce8a
WFI t=74054 a=-1696,-3839,-49 g=1,0,2
WFR t=74072 src=mcu type=0x01 len=16 data=aa8a480c1c0207284901230020001521
WFR t=74092 src=mcu type=0x01 len=16 data=aa8b40005c03474c775419031a0e80f3
WFI t=74104 a=-1695,-3833,-67 g=0,35,-23
WFR t=74132 src=mcu type=0x01 len=16 data=aa8c2225bf0420034006b80b3e02672c
WFR t=74152 src=mcu type=0x01 len=16 data=aa8d800c800000006c07102780008244
WFI t=74154 a=-1739,-3846,-29 g=1,8,-5
WFR t=74192 src=mcu type=0x01 len=16 data=aa8e01180080000000000000ffff37f3
WFI t=74204 a=-1682,-3832,-55 g=-7,-31,3
WFR t=74212 src=mcu type=0x01 len=16 data=aa8f2d042f0000000000000000009e61
WFR t=74252 src=mcu type=0x01 len=16 data=aa90232c00000000000000000000edd3
WFI t=74254 a=-1690,-3835,-34 g=-1,-1,-3
WFR t=74272 src=mcu type=0x01 len=16 data=aa910b000f00465a667332000b9ed1a0
WFR t=74292 src=mcu type=0x01 len=16 data=aa92000000000000000000000000fbba
WFI t=74304 a=-1687,-3824,-44 g=-5,6,-20
WFR t=74332 src=mcu type=0x01 len=16 data=aa93d804480804242c01c003214fe1ad
WFR t=74352 src=mcu type=0x01 len=16 data=aa94f0f465fffffff8080d00412af645
WFI t=74354 a=-1716,-3830,-44 g=2,-5,-3
WFR t=74392 src=mcu type=0x01 len=16 data=aa9501180080000000000000feff1278
WFI t=74404 a=-1679,-3813,-45 g=-2,-7,7
WFR t=74489 src=mcu type=0x01 len=16 data=aa962d042f000000000000000000bd38
WFR t=74489 src=mcu type=0x01 len=16 data=aa97232c00000000000000000000e694
WFR t=74489 src=mcu type=0x01 len=16 data=aa9807010200000056117eea00007aa4
WFR t=74493 src=mcu type=0x01 len=16 data=aa991d00ab04a08c64502748395e1e28
WFI t=74494 a=-1701,-3830,-44 g=-1,-7,5
WFI t=74506 a=-1719,-3834,-42 g=-3,-11,5
WFR t=74534 src=mcu type=0x01 len=16 data=aa9a646464625f5d5b5955010101d546
WFR t=74747 src=mcu type=0x01 len=16 data=aa9b0101010100000000fbfbecd30e91
WFR t=74748 src=mcu type=0x01 len=16 data=aa9c01180080000000000000feff0fb1
WFR t=74748 src=mcu type=0x01 len=16 data=aa9d2d042f000000000000000000a7b3
WFR t=74748 src=mcu type=0x01 len=16 data=aa9e232c00000000000000000000fb5d
WFR t=74748 src=mcu type=0x01 len=16 data=aa9fb5a1b0bfd800000000000000dfe1
WFR t=74748 src=mcu type=0x01 len=16 data=aaa000000000020c000035006a00d1bd
WFR t=74748 src=mcu type=0x01 len=16 data=aaa188044a5357583036323430360894
WFI t=74749 a=-1715,-3841,-34 g=-2,11,-19
WFR t=74765 src=mcu type=0x01 len=16 data=aaa231344e4242463930333500005e71
WFI t=74766 a=-1678,-3832,-44 g=-4,9,-5
WFI t=74769 a=-1678,-3832,-44 g=-4,9,-5
WFI t=74771 a=-1685,-3817,-37 g=-5,11,-7
WFR t=74773 src=mcu type=0x01 len=16 data=aaa301180080000000000000ffff5bde
WFI t=74774 a=-1685,-3817,-37 g=-5,11,-7
WFI t=74804 a=-1702,-3838,-35 g=1,12,-14
WFR t=74812 src=mcu type=0x01 len=16 data=aaa42d042f000000000000000000fb8a
WFR t=74832 src=mcu type=0x01 len=16 data=aaa5232c00000000000000000000a026
WFI t=74854 a=-1707,-3837,-36 g=-2,3,-6
WFR t=74872 src=mcu type=0x01 len=16 data=aaa6000000000000000000000000b4ce
WFR t=74892 src=mcu type=0x01 len=16 data=aaa7000000000000000000000000b64f
WFI t=74904 a=-1698,-3831,-32 g=-4,-13,3
WFR t=74912 src=mcu type=0x01 len=16 data=aaa801801b000000400052a8194013c9
WFR t=74952 src=mcu type=0x01 len=16 data=aaa9028288135c4488132400ec02f999
WFI t=74954 a=-1680,-3827,-31 g=0,-12,-5
WFR t=74972 src=mcu type=0x01 len=16 data=aaaa01180080000000000000feff4787
WFI t=75004 a=-1696,-3846,-41 g=1,9,-2
WFR t=75012 src=mcu type=0x01 len=16 data=aaab2d042f000000000000000000ef85
WFR t=75032 src=mcu type=0x01 len=16 data=aaac232c00000000000000000000bdef
WFR t=75052 src=mcu type=0x01 len=16 data=aaad0048005f00021000000100801d27
WFI t=75054 a=-1696,-3837,-56 g=2,8,-15
WFR t=75092 src=mcu type=0x01 len=16 data=aaae55f04b0b18000000803a40005cef
WFI t=75104 a=-1716,-3836,-36 g=-7,-11,2
WFR t=75112 src=mcu type=0x01 len=16 data=aaaf08610005460c2f78a00f090076a9
WFR t=75152 src=mcu type=0x01 len=16 data=aab001180080000000000000ffff608d
WFI t=75155 a=-1675,-3835,-57 g=-5,1,-2
WFR t=75172 src=mcu type=0x01 len=16 data=aab12d042f000000000000000000c91f
WFR t=75192 src=mcu type=0x01 len=16 data=aab2232c0000000000000000000095f1
WFI t=75204 a=-1707,-3842,-30 g=-4,8,-16
WFR t=75232 src=mcu type=0x01 len=16 data=aab3014a02050030000488001b007188
WFR t=75252 src=mcu type=0x01 len=16 data=aab400009f0ca90c9a0c540600001589
WFI t=75254 a=-1697,-3830,-48 g=-4,-12,5
WFR t=75292 src=mcu type=0x01 len=16 data=aab51b00e8517918060e650ab000a270
WFI t=75304 a=-1690,-3832,-41 g=-5,-12,-2
WFR t=75312 src=mcu type=0x01 len=16 data=aab6050804080080cb020122f13fc622
WFR t=75352 src=mcu type=0x01 len=16 data=aa8001180080000000000000ffff217d
WFI t=75354 a=-1703,-3832,-51 g=0,5,-10
WFR t=75372 src=mcu type=0x01 len=16 data=aa812d042f00000000000000000088ef
WFR t=75392 src=mcu type=0x01 len=16 data=aa82232c00000000000000000000d401
WFI t=75404 a=-1704,-3837,-47 g=3,7,-5
WFR t=75432 src=mcu type=0x01 len=16 data=aa83000100011101b70111019f00058c
WFR t=75452 src=mcu type=0x01 len=16 data=aa840000090a10560001310051c45a55
WFI t=75454 a=-1702,-3832,-34 g=-3,1,-7
WFR t=75492 src=mcu type=0x01 len=16 data=aa8513088003e204080b1000507864d4
WFI t=75504 a=-1701,-3825,-55 g=-1,2,-2
WFR t=75512 src=mcu type=0x01 len=16 data=aa868403f4010400a00f8813c003f9eb
WFR t=75532 src=mcu type=0x01 len=16 data=aa8701180080000000000000ffff2a3a
WFI t=75554 a=-1689,-3832,-41 g=-3,-18,0
WFR t=75572 src=mcu type=0x01 len=16 data=aa882d042f0000000000000000009526
WFR t=75592 src=mcu type=0x01 len=16 data=aa89232c00000000000000000000ce8a
WFI t=75604 a=-1694,-3843,-45 g=1,-6,-4
WFR t=75632 src=mcu type=0x01 len=16 data=aa8a480c1c0207284901230020001521
WFR t=75652 src=mcu type=0x01 len=16 data=aa8b40005c03474c775419031a0e80f3
WFI t=75654 a=-1696,-3838,-36 g=1,17,-14
WFR t=75672 src=mcu type=0x01 len=16 data=aa8c2225bf0420034006b80b3e02672c
WFI t=75704 a=-1720,-3840,-44 g=-6,3,-10
WFR t=75712 src=mcu type=0x01 len=16 data=aa8d800c800000006c07102780008244
WFR t=75732 src=mcu type=0x01 len=16 data=aa8e01180080000000000000feff3663
WFI t=75754 a=-1699,-3843,-37 g=-2,-22,8
WFR t=75772 src=mcu type=0x01 len=16 data=aa8f2d042f0000000000000000009e61
WFR t=75792 src=mcu type=0x01 len=16 data=aa90232c00000000000000000000edd3
WFI t=75804 a=-1678,-3842,-45 g=0,-2,-2
WFR t=75813 src=mcu type=0x01 len=16 data=aa910b000f00465a667332000b9ed1a0
WFR t=75852 src=mcu type=0x01 len=16 data=aa92000000000000000000000000fbba
WFI t=75854 a=-1700,-3835,-23 g=0,5,-11
WFR t=75872 src=mcu type=0x01 len=16 data=aa93d804480804242c01c003214fe1ad
WFI t=75904 a=-1689,-3830,-41 g=-3,-2,-2
WFR t=75912 src=mcu type=0x01 len=16 data=aa94f0f465fffffff8080d00412af645
WFR t=75933 src=mcu type=0x01 len=16 data=aa9501180080000000000000feff1278
WFI t=75954 a=-1696,-3834,-35 g=-11,-10,-9
WFR t=75972 src=mcu type=0x01 len=16 data=aa962d042f000000000000000000bd38
WFR t=75992 src=mcu type=0x01 len=16 data=aa97232c00000000000000000000e694
WFI t=76004 a=-1697,-3838,-45 g=1,-6,-2
WFR t=76012 src=mcu type=0x01 len=16 data=aa9807010200000056117eea00007aa4
WFR t=76052 src=mcu type=0x01 len=16 data=aa991d00ab04a08c64502748395e1e28
WFI t=76055 a=-1692,-3830,-49 g=0,4,-3
WFR t=76072 src=mcu type=0x01 len=16 data=aa9a646464625f5d5b5955010101d546
WFI t=76104 a=-1715,-3849,-36 g=-7,4,-10
WFR t=76112 src=mcu type=0x01 len=16 data=aa9b0101010100000000fbfbecd30e91
WFR t=76132 src=mcu type=0x01 len=16 data=aa9c01180080000000000000ffff0e21
WFR t=76152 src=mcu type=0x01 len=16 data=aa9d2d042f000000000000000000a7b3
WFI t=76154 a=-1707,-3822,-47 g=-3,-5,5
WFR t=76192 src=mcu type=0x01 len=16 data=aa9e232c00000000000000000000fb5d
WFI t=76204 a=-1687,-3838,-46 g=-2,-20,-1
WFR t=76212 src=mcu type=0x01 len=16 data=aa9fb5a1b0bfd800000000000000dfe1
WFR t=76252 src=mcu type=0x01 len=16 data=aaa000000000020c000035006a00d1bd
WFI t=76254 a=-1701,-3836,-38 g=1,5,-7
WFR t=76272 src=mcu type=0x01 len=16 data=aaa188044a5357583036323430360894
WFR t=76292 src=mcu type=0x01 len=16 data=aaa231344e4242463930333500005e71
WFI t=76304 a=-1700,-3845,-47 g=-3,11,-15
WFR t=76332 src=mcu type=0x01 len=16 data=aaa301180080000000000000ffff5bde
WFR t=76352 src=mcu type=0x01 len=16 data=aaa42d042f000000000000000000fb8a
WFI t=76354 a=-1709,-3826,-50 g=-3,-2,-3
WFR t=76392 src=mcu type=0x01 len=16 data=aaa5232c00000000000000000000a026
WFI t=76404 a=-1683,-3827,-48 g=-5,-6,6
WFR t=76412 src=mcu type=0x01 len=16 data=aaa6000000000000000000000000b4ce
WFI t=76553 a=-1697,-3825,-38 g=-3,-8,-6
WFR t=76553 src=mcu type=0x01 len=16 data=aaa7000000000000000000000000b64f
WFR t=76553 src=mcu type=0x01 len=16 data=aaa801801b000000400052a8194013c9
WFR t=76553 src=mcu type=0x01 len=16 data=aaa9028288135c4488132400ec02f999
WFR t=76554 src=mcu type=0x01 len=16 data=aaaa01180080000000000000ffff4617
WFR t=76554 src=mcu type=0x01 len=16 data=aaab2d042f000000000000000000ef85
WFI t=76555 a=-1684,-3823,-64 g=0,31,-24
WFI t=76557 a=-1684,-3823,-64 g=0,31,-24
WFR t=76592 src=mcu type=0x01 len=16 data=aaac232c00000000000000000000bdef
WFI t=76604 a=-1731,-3832,-47 g=-4,2,-9
WFR t=76612 src=mcu type=0x01 len=16 data=aaad0048005f00021000000100801d27
WFR t=76632 src=mcu type=0x01 len=16 data=aaae55f04b0b18000000803a40005cef
WFI t=76654 a=-1699,-3834,-53 g=-9,-40,18
WFR t=76672 src=mcu type=0x01 len=16 data=aaaf08610005460c2f78a00f090076a9
WFR t=76692 src=mcu type=0x01 len=16 data=aab001180080000000000000feff611d
WFI t=76704 a=-1671,-3837,-52 g=-1,-19,0
WFR t=76758 src=mcu type=0x01 len=16 data=aab12d042f000000000000000000c91f
WFR t=76758 src=mcu type=0x01 len=16 data=aab2232c0000000000000000000095f1
WFI t=76758 a=-1691,-3839,-56 g=-1,33,-20
WFR t=76772 src=mcu type=0x01 len=16 data=aab3014a02050030000488001b007188
WFI t=76804 a=-1708,-3829,-42 g=-4,8,-18
WFR t=76812 src=mcu type=0x01 len=16 data=aab400009f0ca90c9a0c540600001589
WFR t=76832 src=mcu type=0x01 len=16 data=aab51b00e8517918060e8e0ab0009794
WFI t=76854 a=-1687,-3818,-54 g=-3,-10,7
WFR t=76872 src=mcu type=0x01 len=16 data=aab6050804080080cb020122f13fc622
WFR t=76893 src=mcu type=0x01 len=16 data=aa8001180080000000000000ffff217d
WFI t=76904 a=-1696,-3834,-46 g=-6,-14,-5
WFR t=76912 src=mcu type=0x01 len=16 data=aa812d042f00000000000000000088ef
WFI t=76954 a=-1707,-3835,-42 g=-4,0,0
WFR t=76973 src=mcu type=0x01 len=16 data=aa82232c00000000000000000000d401
WFR t=76973 src=mcu type=0x01 len=16 data=aa83000100011101b70111019f00058c
WFT t=76983 batt_mv=4204 rssi_mcu=-71 rssi_bms=-83 mcu=2733 bms=132 dropped=0
WFI t=77004 a=-1697,-3839,-46 g=-6,-9,-3
WFR t=77012 src=mcu type=0x01 len=16 data=aa840000090a10560001310051c45a55
WFR t=77032 src=mcu type=0x01 len=16 data=aa8513088003e204080b1000507864d4
WFI t=77054 a=-1702,-3825,-48 g=-2,10,-13
WFR t=77072 src=mcu type=0x01 len=16 data=aa868403f4010400a00f8813c003f9eb
WFR t=77092 src=mcu type=0x01 len=16 data=aa8701180080000000000000ffff2a3a
WFI t=77104 a=-1711,-3824,-55 g=1,1,-7
WFR t=77112 src=mcu type=0x01 len=16 data=aa882d042f0000000000000000009526
WFR t=77152 src=mcu type=0x01 len=16 data=aa89232c00000000000000000000ce8a
WFI t=77154 a=-1706,-3834,-42 g=-6,-16,1
WFR t=77172 src=mcu type=0x01 len=16 data=aa8a480c1c0207284901230020001521
WFE t=77185 bms stale, no frame for 10101 ms, dropping link
WFE t=77198 bms link down (stale) after 67 answers in 37469 ms, writes=91 err=0 silent=24 bytes=8643
WFI t=77204 a=-1697,-3836,-48 g=4,4,-2
WFE t=77208 bms disconnected reason=534
WFR t=77239 src=mcu type=0x01 len=16 data=aa8b40005c03474c775419031a0e80f3
WFR t=77240 src=mcu type=0x01 len=16 data=aa8c2225bf0420034006b80b3e02672c
WFR t=77252 src=mcu type=0x01 len=16 data=aa8d800c800000006c07102780008244
WFI t=77254 a=-1707,-3847,-42 g=-1,6,-11
WFR t=77292 src=mcu type=0x01 len=16 data=aa8e01180080000000000000ffff37f3
WFI t=77304 a=-1706,-3834,-39 g=1,-10,0
WFR t=77312 src=mcu type=0x01 len=16 data=aa8f2d042f0000000000000000009e61
WFR t=77352 src=mcu type=0x01 len=16 data=aa90232c00000000000000000000edd3
WFI t=77355 a=-1697,-3831,-42 g=-4,-9,-4
WFR t=77372 src=mcu type=0x01 len=16 data=aa910b000f00465a667332000b9ed1a0
WFR t=77393 src=mcu type=0x01 len=16 data=aa92000000000000000000000000fbba
WFI t=77404 a=-1688,-3830,-28 g=0,10,-10
WFR t=77432 src=mcu type=0x01 len=16 data=aa93d804480804242c01c003214fe1ad
WFR t=77452 src=mcu type=0x01 len=16 data=aa94f0f465fffffff8080d00412af645
WFI t=77454 a=-1693,-3836,-52 g=-5,4,-6
WFR t=77493 src=mcu type=0x01 len=16 data=aa9501180080000000000000ffff13e8
WFI t=77504 a=-1696,-3833,-55 g=-2,-12,2
WFR t=77512 src=mcu type=0x01 len=16 data=aa962d042f000000000000000000bd38
WFR t=77552 src=mcu type=0x01 len=16 data=aa97232c00000000000000000000e694
WFI t=77554 a=-1689,-3838,-50 g=-8,-14,2
WFR t=77572 src=mcu type=0x01 len=16 data=aa9807010200000056117eea00007aa4
WFR t=77592 src=mcu type=0x01 len=16 data=aa991d00ab04a08c64502748395e1e28
WFI t=77604 a=-1685,-3832,-50 g=0,7,-12
WFR t=77632 src=mcu type=0x01 len=16 data=aa9a646464625f5d5b5955010101d546
WFR t=77652 src=mcu type=0x01 len=16 data=aa9b0101010100000000fbfbecd30e91
WFI t=77654 a=-1707,-3837,-53 g=-7,18,-13
WFR t=77693 src=mcu type=0x01 len=16 data=aa9c01180080000000000000feff0fb1
WFI t=77704 a=-1705,-3832,-53 g=-5,-4,-8
WFR t=77712 src=mcu type=0x01 len=16 data=aa9d2d042f000000000000000000a7b3
WFR t=77732 src=mcu type=0x01 len=16 data=aa9e232c00000000000000000000fb5d
WFI t=77754 a=-1703,-3833,-49 g=-8,-25,8
WFR t=77772 src=mcu type=0x01 len=16 data=aa9fb5a1b0bfd800000000000000dfe1
WFR t=77792 src=mcu type=0x01 len=16 data=aaa000000000020c000035006a00d1bd
WFI t=77804 a=-1652,-3830,-41 g=2,-8,1
WFI t=77883 a=-1699,-3835,-50 g=-1,16,-15
WFI t=77956 a=-1702,-3838,-45 g=-4,-11,1
WFR t=77956 src=mcu type=0x01 len=16 data=aaa188044a5357583036323430360894
WFR t=77957 src=mcu type=0x01 len=16 data=aaa231344e4242463930333500005e71
WFR t=77957 src=mcu type=0x01 len=16 data=aaa301180080000000000000feff5a4e
WFI t=77960 a=-1698,-3836,-40 g=-5,-12,-1
WFR t=77963 src=mcu type=0x01 len=16 data=aaa42d042f000000000000000000fb8a
WFR t=77963 src=mcu type=0x01 len=16 data=aaa5232c00000000000000000000a026
WFR t=77972 src=mcu type=0x01 len=16 data=aaa6000000000000000000000000b4ce
WFR t=77992 src=mcu type=0x01 len=16 data=aaa7000000000000000000000000b64f
WFI t=78004 a=-1695,-3827,-43 g=1,-5,-1
WFR t=78012 src=mcu type=0x01 len=16 data=aaa801801b000000400052a8194013c9
WFR t=78052 src=mcu type=0x01 len=16 data=aaa9028288135c4488132400ec02f999
WFI t=78054 a=-1693,-3844,-32 g=2,-3,-3
WFR t=78073 src=mcu type=0x01 len=16 data=aaaa01180080000000000100feff467b
WFI t=78104 a=-1695,-3823,-50 g=-1,2,-7
WFR t=78112 src=mcu type=0x01 len=16 data=aaab2d042f000000000000000000ef85
WFR t=78132 src=mcu type=0x01 len=16 data=aaac232c00000000000000000000bdef
WFI t=78154 a=-1703,-3829,-50 g=-3,-7,-6
WFR t=78173 src=mcu type=0x01 len=16 data=aaad0048005f00021000000100801d27
WFR t=78192 src=mcu type=0x01 len=16 data=aaae55f04b0b18000000803a40005cef
WFI t=78204 a=-1692,-3845,-41 g=3,5,-6
WFR t=78212 src=mcu type=0x01 len=16 data=aaaf08610005460c2f78a00f090076a9
WFR t=78253 src=mcu type=0x01 len=16 data=aab001180080000000000000ffff608d
WFI t=78254 a=-1703,-3838,-45 g=-2,8,-11
WFR t=78272 src=mcu type=0x01 len=16 data=aab12d042f000000000000000000c91f
WFI t=78304 a=-1702,-3838,-47 g=1,-3,3
WFR t=78312 src=mcu type=0x01 len=16 data=aab2232c0000000000000000000095f1
WFR t=78332 src=mcu type=0x01 len=16 data=aab3014a02050030000488001b007188
WFR t=78352 src=mcu type=0x01 len=16 data=aab400009f0ca90c9a0c540600001589
WFI t=78354 a=-1688,-3845,-35 g=-4,-16,3
WFR t=78393 src=mcu type=0x01 len=16 data=aab51b00e8517918060e8e0ab0009794
WFI t=78404 a=-1689,-3832,-31 g=-2,-4,-6
WFR t=78412 src=mcu type=0x01 len=16 data=aab6050804080080cb020122f13fc622
WFI t=78554 a=-1711,-3830,-44 g=0,5,-16
WFR t=78570 src=mcu type=0x01 len=16 data=aa8001180080000000000100feff2111
WFR t=78570 src=mcu type=0x01 len=16 data=aa812d042f00000000000000000088ef
WFI t=78570 a=-1691,-3825,-33 g=-5,-17,4
WFR t=78570 src=mcu type=0x01 len=16 data=aa82232c00000000000000000000d401
WFR t=78571 src=mcu type=0x01 len=16 data=aa83000100011101b70111019f00058c
WFI t=78573 a=-1690,-3829,-44 g=-7,-18,3
WFR t=78577 src=mcu type=0x01 len=16 data=aa840000090a10560001310051c45a55
WFR t=78593 src=mcu type=0x01 len=16 data=aa8513088003e204080b1000507864d4
WFI t=78604 a=-1700,-3830,-35 g=-8,-12,1
WFR t=78612 src=mcu type=0x01 len=16 data=aa868403f4010400a00f8813c003f9eb
WFR t=78653 src=mcu type=0x01 len=16 data=aa8701180080000000000000feff2baa
WFI t=78654 a=-1690,-3835,-57 g=2,8,-5
WFR t=78672 src=mcu type=0x01 len=16 data=aa882d042f0000000000000000009526
WFR t=78692 src=mcu type=0x01 len=16 data=aa89232c00000000000000000000ce8a
WFI t=78704 a=-1696,-3841,-37 g=1,16,-12
WFR t=78732 src=mcu type=0x01 len=16 data=aa8a480c1c0207284901230020001521
WFR t=78752 src=mcu type=0x01 len=16 data=aa8b40005c03474c775419031a0e80f3
WFI t=78754 a=-1695,-3832,-46 g=-7,2,-10
WFR t=78793 src=mcu type=0x01 len=16 data=aa8c2225bf0420034006b80b3e02672c
WFI t=78804 a=-1698,-3839,-39 g=-6,-10,5
WFR t=78812 src=mcu type=0x01 len=16 data=aa8d800c800000006c07102780008244
WFR t=78833 src=mcu type=0x01 len=16 data=aa8e01180080000000000000ffff37f3
WFI t=78854 a=-1684,-3838,-50 g=-3,-16,-1
WFR t=78873 src=mcu type=0x01 len=16 data=aa8f2d042f0000000000000000009e61
WFR t=78892 src=mcu type=0x01 len=16 data=aa90232c00000000000000000000edd3
WFI t=78904 a=-1690,-3832,-42 g=0,10,-5
WFR t=78932 src=mcu type=0x01 len=16 data=aa910b000f00465a667332000b9ed1a0
WFR t=78952 src=mcu type=0x01 len=16 data=aa92000000000000000000000000fbba
WFI t=78954 a=-1699,-3838,-41 g=-9,4,-13
WFR t=78972 src=mcu type=0x01 len=16 data=aa93d804480804242c01c003214fe1ad
WFI t=79004 a=-1708,-3835,-45 g=-1,3,-3
WFR t=79012 src=mcu type=0x01 len=16 data=aa94f0f465fffffff8080d00412af645
WFR t=79033 src=mcu type=0x01 len=16 data=aa9501180080000000000000ffff13e8
WFI t=79054 a=-1685,-3819,-37 g=-7,-11,-3
WFR t=79073 src=mcu type=0x01 len=16 data=aa962d042f000000000000000000bd38
WFR t=79092 src=mcu type=0x01 len=16 data=aa97232c00000000000000000000e694
WFI t=79104 a=-1693,-3833,-60 g=0,4,-2
WFR t=79112 src=mcu type=0x01 len=16 data=aa9807010200000056117eea00007aa4
WFR t=79152 src=mcu type=0x01 len=16 data=aa991d00ab04a08c64502748395e1e28
WFI t=79154 a=-1694,-3831,-49 g=-4,10,-8
WFR t=79172 src=mcu type=0x01 len=16 data=aa9a646464625f5d5b5955010101d546
WFI t=79204 a=-1700,-3839,-46 g=-5,-7,-4
WFR t=79212 src=mcu type=0x01 len=16 data=aa9b0101010100000000fbfbecd30e91
WFR t=79233 src=mcu type=0x01 len=16 data=aa9c01180080000000000000feff0fb1
WFI t=79254 a=-1695,-3839,-32 g=-3,-11,4
WFR t=79273 src=mcu type=0x01 len=16 data=aa9d2d042f000000000000000000a7b3
WFR t=79292 src=mcu type=0x01 len=16 data=aa9e232c00000000000000000000fb5d
WFI t=79304 a=-1690,-3835,-44 g=-6,-8,-11
WFR t=79312 src=mcu type=0x01 len=16 data=aa9fb5a1b0bfd800000000000000dfe1
WFR t=79352 src=mcu type=0x01 len=16 data=aaa000000000020c000035006a00d1bd
WFI t=79354 a=-1699,-3838,-41 g=2,17,-6
WFR t=79372 src=mcu type=0x01 len=16 data=aaa188044a5357583036323430360894
WFI t=79404 a=-1720,-3849,-41 g=-7,-13,-4
WFR t=79413 src=mcu type=0x01 len=16 data=aaa231344e4242463930333500005e71
WFR t=79439 src=mcu type=0x01 len=16 data=aaa301180080000000000000ffff5bde
WFR t=79453 src=mcu type=0x01 len=16 data=aaa42d042f000000000000000000fb8a
WFI t=79455 a=-1686,-3832,-53 g=-2,-4,9
WFR t=79492 src=mcu type=0x01 len=16 data=aaa5232c00000000000000000000a026
WFI t=79504 a=-1699,-3838,-41 g=-9,-10,-9
WFR t=79512 src=mcu type=0x01 len=16 data=aaa6000000000000000000000000b4ce
WFR t=79552 src=mcu type=0x01 len=16 data=aaa7000000000000000000000000b64f
WFI t=79554 a=-1698,-3820,-46 g=-1,7,0
WFR t=79572 src=mcu type=0x01 len=16 data=aaa801801b000000400052a8194013c9
WFR t=79592 src=mcu type=0x01 len=16 data=aaa9028288135c4488132400ec02f999
WFI t=79604 a=-1678,-3842,-41 g=-6,12,-18
WFR t=79633 src=mcu type=0x01 len=16 data=aaaa01180080000000000000ffff4617
WFR t=79653 src=mcu type=0x01 len=16 data=aaab2d042f000000000000000000ef85
WFI t=79655 a=-1719,-3829,-51 g=-4,3,-10
WFR t=79692 src=mcu type=0x01 len=16 data=aaac232c00000000000000000000bdef
WFI t=79704 a=-1706,-3816,-49 g=-5,-28,12
WFR t=79712 src=mcu type=0x01 len=16 data=aaad0048005f00021000000100801d27
WFR t=79752 src=mcu type=0x01 len=16 data=aaae55f04b0b18000000803a40005cef
WFI t=79754 a=-1682,-3827,-37 g=-7,-17,1
WFR t=79772 src=mcu type=0x01 len=16 data=aaaf08610005460c2f78a00f090076a9
WFR t=79793 src=mcu type=0x01 len=16 data=aab001180080000000000000ffff608d
WFI t=79804 a=-1694,-3823,-34 g=-5,10,-11
WFE t=79818 bms subscribed val=0x0010 cccd=0x0011 ctrl=0x0014 mtu=512 regs=62
WFE t=79819 bms conn itvl=80 latency=0 timeout=600
WFE t=79832 bms reconnected (attempt 2)
WFR t=79833 src=mcu type=0x01 len=16 data=aab12d042f000000000000000000c91f
WFE t=79837 bms mtu event mtu=512
WFR t=79853 src=mcu type=0x01 len=16 data=aab2232c0000000000000000000095f1
WFI t=79855 a=-1711,-3841,-28 g=-2,10,-13
WFR t=79892 src=mcu type=0x01 len=16 data=aab3014a02050030000488001b007188
WFI t=79904 a=-1703,-3836,-39 g=-8,-13,-4
WFR t=79948 src=mcu type=0x01 len=16 data=aab400009f0ca90c9a0c540600001589
WFR t=79948 src=mcu type=0x01 len=16 data=aab51b00e8517918060ec70ab00081c8
WFI t=79960 a=-1693,-3845,-43 g=1,11,-6
WFR t=79972 src=mcu type=0x01 len=16 data=aab6050804080080cb020122f13fc622
WFR t=79993 src=mcu type=0x01 len=16 data=aa8001180080000000000000ffff217d
WFI t=80004 a=-1694,-3840,-33 g=-5,17,-15
WFR t=80033 src=mcu type=0x01 len=16 data=aa812d042f00000000000000000088ef
WFR t=80053 src=mcu type=0x01 len=16 data=aa82232c00000000000000000000d401
WFI t=80055 a=-1723,-3831,-56 g=-6,-10,-4
WFR t=80072 src=mcu type=0x01 len=16 data=aa83000100011101b70111019f00058c
WFI t=80104 a=-1701,-3838,-31 g=-9,-46,17
WFR t=80112 src=mcu type=0x01 len=16 data=aa840000090a10560001310051c45a55
WFR t=80118 src=bms type=0x02 len=129 data=d2037c0eec0eec0eed0eec0eed0eec0eed0eed0eeb0eec0eed0eee0ef10ef10ef10ef00ef10ef10ef20ef20ef20ef20ef20ef30ef10ef20ef20ef20000000000000000003d0000000000000000000000000000042e752f02ae0ef30eeb003d003d00000157001c0001001d0000000100010eef0008000a0000000000000000c7ed
WFE t=80119 bms conn update status=0 itvl=12 latency=0 timeout=400
WFR t=80133 src=mcu type=0x01 len=16 data=aa8513088003e204080b1000507864d4
WFI t=80154 a=-1685,-3835,-44 g=-7,-31,-3
WFR t=80172 src=mcu type=0x01 len=16 data=aa868403f4010400a00f8813c003f9eb
WFR t=80193 src=mcu type=0x01 len=16 data=aa8701180080000000000000feff2baa
WFI t=80204 a=-1697,-3830,-34 g=4,41,-22
WFR t=80213 src=mcu type=0x01 len=16 data=aa882d042f0000000000000000009526
WFR t=80253 src=mcu type=0x01 len=16 data=aa89232c00000000000000000000ce8a
WFI t=80255 a=-1705,-3824,-54 g=-7,20,-22
WFR t=80272 src=mcu type=0x01 len=16 data=aa8a480c1c0207284901230020001521
WFI t=80304 a=-1700,-3828,-32 g=-2,-9,16
WFR t=80313 src=mcu type=0x01 len=16 data=aa8b40005c03474c775419031a0e80f3
WFR t=80332 src=mcu type=0x01 len=16 data=aa8c2225bf0420034006b80b3e02672c
WFI t=80354 a=-1677,-3829,-46 g=-9,-21,1
WFR t=80373 src=mcu type=0x01 len=16 data=aa8d800c800000006c07102780008244
WFR t=80393 src=mcu type=0x01 len=16 data=aa8e01180080000000000000ffff37f3
WFI t=80404 a=-1720,-3838,-33 g=-4,-1,-7
WFR t=80413 src=mcu type=0x01 len=16 data=aa8f2d042f0000000000000000009e61
WFR t=80452 src=mcu type=0x01 len=16 data=aa90232c00000000000000000000edd3
WFI t=80454 a=-1696,-3836,-40 g=-2,-7,-7
WFR t=80634 src=mcu type=0x01 len=16 data=aa910b000f00465a667332000b9ed1a0
WFR t=80634 src=mcu type=0x01 len=16 data=aa92000000000000000000000000fbba
WFR t=80634 src=bms type=0x02 len=129 data=d2037c0eed0eec0eed0eed0eed0eec0eed0eed0eeb0eec0eed0eee0ef00ef10ef10ef00ef10ef10ef20ef20ef20ef20ef30ef30ef10ef20ef20ef20000000000000000003d0000000000000000000000000000042e753002ae0ef30eeb003d003d00000157001c0001001d0000000100010eef0008000000000000000000005bf4
WFR t=80649 src=mcu type=0x01 len=16 data=aa93d804480804242c01c003214fe1ad
WFR t=80649 src=mcu type=0x01 len=16 data=aa94f0f465fffffff8080d00412af645
WFI t=80715 a=-1703,-3818,-60 g=-6,-10,-3
WFR t=80731 src=mcu type=0x01 len=16 data=aa9501180080000000000000ffff13e8
WFI t=80731 a=-1687,-3837,-34 g=-6,4,-6
WFR t=80733 src=mcu type=0x01 len=16 data=aa962d042f000000000000000000bd38
WFR t=80733 src=mcu type=0x01 len=16 data=aa97232c00000000000000000000e694
WFI t=80733 a=-1694,-3836,-36 g=-1,5,-11
WFR t=80733 src=mcu type=0x01 len=16 data=aa9807010200000056117eea00007aa4
WFR t=80734 src=mcu type=0x01 len=16 data=aa991d00ab04a08c64502748395e1e28
WFR t=80734 src=mcu type=0x01 len=16 data=aa9a646464625f5d5b5955010101d546
WFI t=80736 a=-1690,-3841,-48 g=-3,5,-13
WFI t=80738 a=-1690,-3841,-48 g=-3,5,-13
WFR t=80753 src=mcu type=0x01 len=16 data=aa9b0101010100000000fbfbecd30e91
WFI t=80754 a=-1689,-3823,-39 g=-1,9,-15
WFR t=80793 src=mcu type=0x01 len=16 data=aa9c01180080000000000000ffff0e21
WFI t=80804 a=-1709,-3826,-36 g=0,8,-6
WFR t=80813 src=mcu type=0x01 len=16 data=aa9d2d042f000000000000000000a7b3
WFR t=80853 src=mcu type=0x01 len=16 data=aa9e232c00000000000000000000fb5d
WFI t=80854 a=-1720,-3828,-44 g=-2,-11,-1
WFR t=80872 src=mcu type=0x01 len=16 data=aa9fb5a1b0bfd800000000000000dfe1
WFR t=80892 src=mcu type=0x01 len=16 data=aaa000000000020c000035006a00d1bd
WFI t=80904 a=-1696,-3842,-44 g=-8,-15,3
WFR t=80932 src=mcu type=0x01 len=16 data=aaa188044a5357583036323430360894
WFR t=80953 src=mcu type=0x01 len=16 data=aaa231344e4242463930333500005e71
WFI t=80954 a=-1709,-3841,-30 g=-1,-16,-4
WFR t=80988 src=bms type=0x02 len=129 data=d2037c0eed0eec0eed0eed0eed0eec0eed0eed0eeb0eec0eed0eee0ef00ef10ef10ef00ef10ef10ef20ef20ef20ef20ef30ef30ef10ef20ef20ef20000000000000000003d0000000000000000000000000000042e753002ae0ef30eeb003d003d00000157001c0001001d0000000100010eef0008000000000000000000005bf4
WFR t=80993 src=mcu type=0x01 len=16 data=aaa301180080000000000000feff5a4e
WFI t=81004 a=-1694,-3828,-42 g=-5,1,-3
WFR t=81013 src=mcu type=0x01 len=16 data=aaa42d042f000000000000000000fb8a
WFR t=81032 src=mcu type=0x01 len=16 data=aaa5232c00000000000000000000a026
WFI t=81054 a=-1688,-3836,-40 g=-5,16,-16
WFR t=81072 src=mcu type=0x01 len=16 data=aaa6000000000000000000000000b4ce
WFR t=81092 src=mcu type=0x01 len=16 data=aaa7000000000000000000000000b64f
WFI t=81104 a=-1720,-3820,-44 g=1,10,-6
WFR t=81132 src=mcu type=0x01 len=16 data=aaa801801b000000400052a8194013c9
WFR t=81153 src=mcu type=0x01 len=16 data=aaa9028288135c4488132400ec02f999
WFI t=81154 a=-1697,-3833,-38 g=-6,-11,11
WFR t=81173 src=mcu type=0x01 len=16 data=aaaa01180080000000000000ffff4617
WFI t=81204 a=-1691,-3828,-44 g=-1,-1,-9
WFR t=81213 src=mcu type=0x01 len=16 data=aaab2d042f000000000000000000ef85
WFR t=81232 src=mcu type=0x01 len=16 data=aaac232c00000000000000000000bdef
WFI t=81254 a=-1715,-3835,-33 g=-7,-9,-7
WFR t=81273 src=mcu type=0x01 len=16 data=aaad0048005f00021000000100801d27
WFR t=81292 src=mcu type=0x01 len=16 data=aaae55f04b0b18000000803a40005cef
WFI t=81304 a=-1675,-3825,-54 g=-3,-5,-4
WFR t=81313 src=mcu type=0x01 len=16 data=aaaf08610005460c2f78a00f090076a9
WFR t=81353 src=mcu type=0x01 len=16 data=aab001180080000000000000ffff608d
WFI t=81354 a=-1707,-3830,-45 g=-7,3,-13
WFR t=81373 src=mcu type=0x01 len=16 data=aab12d042f000000000000000000c91f
WFI t=81404 a=-1710,-3834,-50 g=-5,-7,8
WFR t=81408 src=bms type=0x02 len=129 data=d2037c0eed0eec0eed0eed0eed0eec0eed0eed0eec0eec0eed0eee0ef10ef00ef10ef00ef10ef10ef20ef20ef20ef20ef30ef30ef10ef20ef20ef20000000000000000003d0000000000000000000000000000042e752f02ae0ef30eec003d003d00000157001c0001001d0000000100010eef0007000a00000000000000005fef
WFR t=81412 src=mcu type=0x01 len=16 data=aab2232c0000000000000000000095f1
WFR t=81432 src=mcu type=0x01 len=16 data=aab3014a02050030000488001b007188
WFI t=81454 a=-1690,-3843,-35 g=-6,-25,10
WFR t=81472 src=mcu type=0x01 len=16 data=aab400009f0ca90c9a0c540600001589
WFR t=81492 src=mcu type=0x01 len=16 data=aab51b00e8517918060ef10ab0008e40
WFI t=81504 a=-1688,-3828,-39 g=-1,4,-5
WFR t=81513 src=mcu type=0x01 len=16 data=aab6050804080080cb020122f13fc622
WFR t=81553 src=mcu type=0x01 len=16 data=aa8001180080000000000000feff20ed
WFI t=81554 a=-1698,-3834,-48 g=-2,38,-28
WFR t=81573 src=mcu type=0x01 len=16 data=aa812d042f00000000000000000088ef
WFI t=81604 a=-1733,-3823,-55 g=-2,0,-12
WFR t=81612 src=mcu type=0x01 len=16 data=aa82232c00000000000000000000d401
WFR t=81633 src=mcu type=0x01 len=16 data=aa83000100011101b70111019f00058c
WFR t=81652 src=mcu type=0x01 len=16 data=aa840000090a10560001310051c45a55
WFI t=81654 a=-1694,-3827,-45 g=-5,-27,20
WFR t=81693 src=mcu type=0x01 len=16 data=aa8513088003e204080b1000507864d4
WFI t=81704 a=-1699,-3834,-35 g=-7,-38,3
WFR t=81712 src=mcu type=0x01 len=16 data=aa868403f4010400a00f8813c003f9eb
WFR t=81753 src=mcu type=0x01 len=16 data=aa8701180080000000000000ffff2a3a
WFI t=81754 a=-1676,-3832,-37 g=1,12,1
WFR t=81773 src=mcu type=0x01 len=16 data=aa882d042f0000000000000000009526
WFR t=81792 src=mcu type=0x01 len=16 data=aa89232c00000000000000000000ce8a
WFR t=81798 src=bms type=0x02 len=129 data=d2037c0eed0eec0eed0eed0eed0eec0eed0eed0eec0eec0eed0eee0ef10ef00ef10ef00ef10ef10ef20ef20ef20ef20ef30ef30ef10ef20ef20ef20000000000000000003d0000000000000000000000000000042e752f02ae0ef30eec003d003d00000157001c0001001d0000000100010eef0007000a00000000000000005fef
WFI t=81804 a=-1706,-3835,-41 g=-1,28,-21
WFR t=81833 src=mcu type=0x01 len=16 data=aa8a480c1c0207284901230020001521
WFR t=81852 src=mcu type=0x01 len=16 data=aa8b40005c03474c775419031a0e80f3
WFI t=81854 a=-1723,-3833,-45 g=-3,9,-7
WFR t=81892 src=mcu type=0x01 len=16 data=aa8c2225bf0420034006b80b3e02672c
WFI t=81904 a=-1702,-3826,-27 g=-8,-51,22
WFR t=81912 src=mcu type=0x01 len=16 data=aa8d800c800000006c07102780008244
WFR t=81953 src=mcu type=0x01 len=16 data=aa8e01180080000000000000ffff37f3
WFI t=81954 a=-1666,-3837,-39 g=1,-3,2
WFR t=81973 src=mcu type=0x01 len=16 data=aa8f2d042f0000000000000000009e61
WFR t=81993 src=mcu type=0x01 len=16 data=aa90232c00000000000000000000edd3
WFI t=82004 a=-1707,-3832,-39 g=3,25,-25
WFR t=82033 src=mcu type=0x01 len=16 data=aa910b000f00465a667332000b9ed1a0
WFR t=82053 src=mcu type=0x01 len=16 data=aa92000000000000000000000000fbba
WFI t=82054 a=-1723,-3808,-49 g=-2,2,1
WFR t=82093 src=mcu type=0x01 len=16 data=aa93d804480804242c01c003214fe1ad
WFI t=82104 a=-1720,-3829,-50 g=-10,-52,15
WFR t=82113 src=mcu type=0x01 len=16 data=aa94f0f465fffffff8080d00412af645
WFR t=82133 src=mcu type=0x01 len=16 data=aa9501180080000000000000feff1278
WFI t=82154 a=-1687,-3824,-33 g=3,-3,12
WFR t=82173 src=mcu type=0x01 len=16 data=aa962d042f000000000000000000bd38
WFT t=82178 batt_mv=4198 rssi_mcu=-75 rssi_bms=-83 mcu=2917 bms=137 dropped=0
WFR t=82193 src=mcu type=0x01 len=16 data=aa97232c00000000000000000000e694
WFR t=82203 src=bms type=0x02 len=129 data=d2037c0eed0eec0eed0eed0eed0eec0eed0eed0eec0eec0eed0eee0ef10ef00ef10ef00ef10ef10ef20ef20ef20ef20ef30ef30ef10ef20ef20ef20000000000000000003d0000000000000000000000000000042e752f02ae0ef30eec003d003d00000157001c0001001d0000000100010eef0007000a00000000000000005fef
WFI t=82205 a=-1727,-3831,-43 g=-3,-2,-10
WFR t=82233 src=mcu type=0x01 len=16 data=aa9807010200000056117eea00007aa4
WFR t=82252 src=mcu type=0x01 len=16 data=aa991d00ab04a08c64502748395e1e28
WFI t=82254 a=-1714,-3820,-43 g=8,5,11
WFR t=82273 src=mcu type=0x01 len=16 data=aa9a646464625f5d5b5955010101d546
WFI t=82304 a=-1707,-3825,-30 g=-5,-9,-14
WFR t=82313 src=mcu type=0x01 len=16 data=aa9b0101010100000000fbfbecd30e91
WFR t=82333 src=mcu type=0x01 len=16 data=aa9c01180080000000000000ffff0e21
WFI t=82354 a=-1699,-3846,-37 g=-4,3,-16
WFR t=82373 src=mcu type=0x01 len=16 data=aa9d2d042f000000000000000000a7b3
WFR t=82393 src=mcu type=0x01 len=16 data=aa9e232c00000000000000000000fb5d
WFI t=82404 a=-1714,-3848,-20 g=-5,5,-25
WFR t=82413 src=mcu type=0x01 len=16 data=aa9fb5a1b0bfd800000000000000dfe1
WFR t=82453 src=mcu type=0x01 len=16 data=aaa000000000020c000035006a00d1bd
WFI t=82454 a=-1705,-3824,-51 g=0,35,-31
WFI t=82551 a=-1758,-3831,-46 g=-4,-8,-4
WFR t=82554 src=mcu type=0x01 len=16 data=aaa188044a5357583036323430360894
WFR t=82555 src=mcu type=0x01 len=16 data=aaa231344e4242463930333500005e71
WFR t=82555 src=mcu type=0x01 len=16 data=aaa301180080000000000000ffff5bde
WFI t=82561 a=-1699,-3826,-36 g=-4,-61,44
WFR t=82573 src=mcu type=0x01 len=16 data=aaa42d042f000000000000000000fb8a
WFR t=82593 src=mcu type=0x01 len=16 data=aaa5232c00000000000000000000a026
WFI t=82673 a=-1651,-3851,-49 g=-18,-26,-58
WFR t=82674 src=bms type=0x02 len=129 data=d2037c0eed0eec0eed0eec0eed0eec0eed0eed0eeb0eec0eed0eee0ef10ef10ef10ef00ef10ef10ef20ef20ef20ef20ef30ef30ef10ef20ef20ef20000000000000000003d0000000000000000000000000000042e752e02ae0ef30eeb003d003d00000157001c0001001d0000000100010eef000800150000000000000000e93c
WFR t=82674 src=mcu type=0x01 len=16 data=aaa6000000000000000000000000b4ce
WFR t=82674 src=mcu type=0x01 len=16 data=aaa7000000000000000000000000b64f
WFI t=82674 a=-1693,-3859,-4 g=11,92,-53
WFR t=82674 src=mcu type=0x01 len=16 data=aaa801801b000000400052a8194013c9
WFR t=82736 src=mcu type=0x01 len=16 data=aaa9028288135c4488132400ec02f999
WFR t=82737 src=mcu type=0x01 len=16 data=aaaa01180080000000000000ffff4617
WFI t=82738 a=-1760,-3838,-38 g=-7,17,-35
WFR t=82753 src=mcu type=0x01 len=16 data=aaab2d042f000000000000000000ef85
WFI t=82754 a=-1758,-3815,-67 g=9,-13,8
WFR t=82793 src=mcu type=0x01 len=16 data=aaac232c00000000000000000000bdef
WFI t=82804 a=-1700,-3836,-2 g=-9,-112,44
WFR t=82813 src=mcu type=0x01 len=16 data=aaad0048005f00021000000100801d27
WFR t=82853 src=mcu type=0x01 len=16 data=aaae55f04b0b18000000803a40005cef
WFI t=82854 a=-1680,-3845,-21 g=11,28,33
WFR t=82893 src=mcu type=0x01 len=16 data=aaaf08610005460c2f78a00f090076a9
WFR t=82894 src=mcu type=0x01 len=16 data=aab001180080000000000000ffff608d
WFI t=82904 a=-1666,-3828,-71 g=-24,-34,-39
WFR t=82933 src=mcu type=0x01 len=16 data=aab12d042f000000000000000000c91f
WFR t=82953 src=mcu type=0x01 len=16 data=aab2232c0000000000000000000095f1
WFI t=82954 a=-1726,-3836,-62 g=7,115,-54
WFR t=82993 src=mcu type=0x01 len=16 data=aab3014a02050030000488001b007188
WFR t=82998 src=bms type=0x02 len=129 data=d2037c0eed0eec0eed0eec0eed0eec0eed0eed0eeb0eec0eed0eee0ef10ef10ef10ef00ef10ef10ef20ef20ef20ef20ef30ef30ef10ef20ef20ef20000000000000000003d0000000000000000000000000000042e752e02ae0ef30eeb003d003d00000157001c0001001d0000000100010eef000800150000000000000000e93c
WFI t=83004 a=-1759,-3845,-10 g=-6,-21,13
WFR t=83013 src=mcu type=0x01 len=16 data=aab400009f0ca90c9a0c540600001589
WFR t=83053 src=mcu type=0x01 len=16 data=aab51b00e8517918060e6e0ab000a054
WFI t=83054 a=-1667,-3852,-12 g=-4,-78,41
WFR t=83073 src=mcu type=0x01 len=16 data=aab6050804080080cb020122f13fc622
WFI t=83104 a=-1648,-3831,-68 g=-7,-15,-27
WFR t=83113 src=mcu type=0x01 len=16 data=aa8001180080000000000000ffff217d
WFR t=83133 src=mcu type=0x01 len=16 data=aa812d042f00000000000000000088ef
WFR t=83153 src=mcu type=0x01 len=16 data=aa82232c00000000000000000000d401
WFI t=83154 a=-1736,-3841,-44 g=0,35,-26
WFR t=83193 src=mcu type=0x01 len=16 data=aa83000100011101b70111019f00058c
WFI t=83204 a=-1691,-3834,-70 g=6,21,-18
WFR t=83213 src=mcu type=0x01 len=16 data=aa840000090a10560001310051c45a55
WFR t=83233 src=mcu type=0x01 len=16 data=aa8513088003e204080b1000507864d4
WFI t=83254 a=-1722,-3848,-21 g=-7,-45,-2
WFR t=83273 src=mcu type=0x01 len=16 data=aa868403f4010400a00f8813c003f9eb
WFR t=83293 src=mcu type=0x01 len=16 data=aa8701180080000000000000ffff2a3a
WFI t=83304 a=-1666,-3836,-26 g=-9,-47,30
WFR t=83333 src=mcu type=0x01 len=16 data=aa882d042f0000000000000000009526
WFR t=83353 src=mcu type=0x01 len=16 data=aa89232c00000000000000000000ce8a
WFI t=83355 a=-1666,-3837,-54 g=-7,8,-19
WFR t=83373 src=mcu type=0x01 len=16 data=aa8a480c1c0207284901230020001521
WFI t=83404 a=-1721,-3830,-49 g=3,77,-32
WFR t=83413 src=mcu type=0x01 len=16 data=aa8b40005c03474c775419031a0e80f3
WFR t=83418 src=bms type=0x02 len=129 data=d2037c0eed0eec0eed0eed0eed0eec0eed0eed0eec0eec0eed0eee0ef10ef10ef10ef00ef10ef10ef20ef20ef20ef20ef30ef30ef10ef20ef20ef20000000000000000003d0000000000000000000000000000042e752f02ae0ef30eec003d003d00000157001c0001001d0000000100010eef0007000a00000000000000004502
WFR t=83433 src=mcu type=0x01 len=16 data=aa8c2225bf0420034006b80b3e02672c
WFI t=83454 a=-1733,-3845,-34 g=-4,-21,-2
WFR t=83473 src=mcu type=0x01 len=16 data=aa8d800c800000006c07102780008244
WFR t=83493 src=mcu type=0x01 len=16 data=aa8e01180080000000000000ffff37f3
WFI t=83504 a=-1687,-3843,-32 g=-3,-56,21
WFI t=83588 a=-1694,-3843,-27 g=0,20,-26
WFR t=83647 src=mcu type=0x01 len=16 data=aa8f2d042f0000000000000000009e61
WFR t=83647 src=mcu type=0x01 len=16 data=aa90232c00000000000000000000edd3
WFR t=83647 src=mcu type=0x01 len=16 data=aa910b000f00465a667332000b9ed1a0
WFR t=83648 src=mcu type=0x01 len=16 data=aa92000000000000000000000000fbba
WFR t=83648 src=mcu type=0x01 len=16 data=aa93d804480804242c01c003214fe1ad
WFI t=83664 a=-1698,-3816,-42 g=-4,8,8
WFI t=83666 a=-1682,-3813,-62 g=0,-4,6
WFR t=83673 src=mcu type=0x01 len=16 data=aa94f0f465fffffff8080d00412af645
WFR t=83693 src=mcu type=0x01 len=16 data=aa9501180080000000000000ffff13e8
WFI t=83704 a=-1710,-3838,-41 g=-3,-21,-6
WFR t=83713 src=mcu type=0x01 len=16 data=aa962d042f000000000000000000bd38
WFR t=83753 src=mcu type=0x01 len=16 data=aa97232c00000000000000000000e694
WFI t=83755 a=-1688,-3835,-48 g=4,8,2
WFR t=83773 src=mcu type=0x01 len=16 data=aa9807010200000056117eea00007aa4
WFI t=83804 a=-1693,-3831,-50 g=-1,19,-28
WFR t=83813 src=mcu type=0x01 len=16 data=aa991d00ab04a08c64502748395e1e28
WFR t=83833 src=mcu type=0x01 len=16 data=aa9a646464625f5d5b5955010101d546
WFR t=83853 src=mcu type=0x01 len=16 data=aa9b0101010100000000fbfbecd30e91
WFI t=83854 a=-1724,-3834,-34 g=0,30,-11
WFR t=83868 src=bms type=0x02 len=129 data=d2037c0eed0eec0eed0eed0eed0eec0eed0eed0eec0eec0eed0eee0ef10ef10ef10ef00ef10ef10ef20ef20ef20ef20ef30ef30ef10ef20ef20ef20000000000000000003d0000000000000000000000000000042e752f02ae0ef30eec003d003d00000157001c0001001d0000000100010eef0007000a00000000000000004502
WFR t=83893 src=mcu type=0x01 len=16 data=aa9c01180080000000000000ffff0e21
WFI t=83904 a=-1697,-3841,-53 g=-2,-11,1
WFR t=83913 src=mcu type=0x01 len=16 data=aa9d2d042f000000000000000000a7b3
WFR t=83953 src=mcu type=0x01 len=16 data=aa9e232c00000000000000000000fb5d
WFI t=83954 a=-1719,-3840,-54 g=-4,-37,6
WFR t=83973 src=mcu type=0x01 len=16 data=aa9fb5a1b0bfd800000000000000dfe1
WFR t=83993 src=mcu type=0x01 len=16 data=aaa000000000020c000035006a00d1bd
WFI t=84004 a=-1676,-3836,-48 g=-2,-11,3
WFR t=84033 src=mcu type=0x01 len=16 data=aaa188044a5357583036323430360894
WFR t=84053 src=mcu type=0x01 len=16 data=aaa231344e4242463930333500005e71
WFI t=84054 a=-1689,-3841,-52 g=0,35,-38
WFR t=84093 src=mcu type=0x01 len=16 data=aaa301180080000000000100feff5bb2
WFI t=84104 a=-1727,-3844,-47 g=3,24,-10
WFR t=84113 src=mcu type=0x01 len=16 data=aaa42d042f000000000000000000fb8a
WFR t=84133 src=mcu type=0x01 len=16 data=aaa5232c00000000000000000000a026
WFI t=84154 a=-1698,-3828,-39 g=-3,-32,15
WFR t=84173 src=mcu type=0x01 len=16 data=aaa6000000000000000000000000b4ce
WFR t=84193 src=mcu type=0x01 len=16 data=aaa7000000000000000000000000b64f
WFI t=84204 a=-1694,-3839,-50 g=-2,-19,10
WFR t=84233 src=mcu type=0x01 len=16 data=aaa801801b000000400052a8194013c9
WFR t=84253 src=mcu type=0x01 len=16 data=aaa9028288135c4488132400ec02f999
WFI t=84254 a=-1676,-3835,-42 g=2,7,-3
WFR t=84288 src=bms type=0x02 len=129 data=d2037c0eed0eec0eed0eed0eed0eec0eed0eed0eec0eec0eed0eee0ef10ef10ef10ef00ef10ef10ef20ef20ef20ef20ef30ef30ef10ef20ef20ef20000000000000000003d0000000000000000000000000000042e752f02ae0ef30eec003d003d00000157001c0001001d0000000100010eef0007000a00000000000000004502
WFR t=84293 src=mcu type=0x01 len=16 data=aaaa01180080000000000000feff4787
WFI t=84304 a=-1680,-3841,-40 g=0,28,-17
WFR t=84313 src=mcu type=0x01 len=16 data=aaab2d042f000000000000000000ef85
WFR t=84333 src=mcu type=0x01 len=16 data=aaac232c00000000000000000000bdef
WFI t=84354 a=-1704,-3818,-48 g=-7,3,-13
WFR t=84373 src=mcu type=0x01 len=16 data=aaad0048005f00021000000100801d27
WFR t=84393 src=mcu type=0x01 len=16 data=aaae55f04b0b18000000803a40005cef
WFI t=84404 a=-1695,-3837,-55 g=-9,-17,-2
WFR t=84454 src=mcu type=0x01 len=16 data=aaaf08610005460c2f78a00f090076a9
WFR t=84454 src=mcu type=0x01 len=16 data=aab001180080000000000000feff611d
WFI t=84456 a=-1693,-3846,-58 g=-7,-14,-4
WFR t=84473 src=mcu type=0x01 len=16 data=aab12d042f000000000000000000c91f
WFI t=84530 a=-1686,-3842,-33 g=1,-4,0
WFR t=84609 src=mcu type=0x01 len=16 data=aab2232c0000000000000000000095f1
WFR t=84610 src=mcu type=0x01 len=16 data=aab3014a02050030000488001b007188
WFR t=84610 src=mcu type=0x01 len=16 data=aab400009f0ca90c9a0c540600001589
WFR t=84610 src=mcu type=0x01 len=16 data=aab51b00e8517918060eb50ab0009ab0
WFI t=84611 a=-1707,-3820,-42 g=0,6,-3
WFR t=84613 src=mcu type=0x01 len=16 data=aab6050804080080cb020122f13fc622
WFI t=84614 a=-1707,-3820,-42 g=0,6,-3
WFR t=84653 src=mcu type=0x01 len=16 data=aa8001180080000000000000ffff217d
WFI t=84655 a=-1713,-3819,-64 g=-1,8,-6
WFR t=84663 src=bms type=0x02 len=129 data=d2037c0eed0eec0eed0eec0eed0eec0eed0eed0eec0eec0eed0eee0ef10ef10ef10ef00ef10ef10ef20ef20ef10ef20ef30ef30ef10ef20ef20ef20000000000000000003d0000000000000000000000000000042e752f02ae0ef30eeb003d003d00000157001c0001001d0000000100010eef0008000a000000000000000021b7
WFR t=84673 src=mcu type=0x01 len=16 data=aa812d042f00000000000000000088ef
WFI t=84704 a=-1704,-3838,-46 g=-3,6,-9
WFR t=84713 src=mcu type=0x01 len=16 data=aa82232c00000000000000000000d401
WFR t=84733 src=mcu type=0x01 len=16 data=aa83000100011101b70111019f00058c
WFI t=84754 a=-1691,-3829,-56 g=-4,2,-4
WFR t=84773 src=mcu type=0x01 len=16 data=aa840000090a10560001310051c45a55
WFR t=84793 src=mcu type=0x01 len=16 data=aa8513088003e204080b1000507864d4
WFI t=84804 a=-1690,-3834,-43 g=0,-11,-6
WFR t=84813 src=mcu type=0x01 len=16 data=aa868403f4010400a00f8813c003f9eb
WFR t=84853 src=mcu type=0x01 len=16 data=aa8701180080000000000000ffff2a3a
WFI t=84855 a=-1679,-3833,-55 g=1,-9,-1
WFR t=84873 src=mcu type=0x01 len=16 data=aa882d042f0000000000000000009526
WFI t=84904 a=-1684,-3827,-58 g=-4,2,-9
WFR t=84913 src=mcu type=0x01 len=16 data=aa89232c00000000000000000000ce8a
WFR t=84933 src=mcu type=0x01 len=16 data=aa8a480c1c0207284901230020001521
WFR t=84953 src=mcu type=0x01 len=16 data=aa8b40005c03474c775419031a0e80f3
WFI t=84955 a=-1697,-3837,-36 g=-5,5,-8
WFR t=84993 src=mcu type=0x01 len=16 data=aa8c2225bf0420034006b80b3e02672c
WFI t=85004 a=-1690,-3831,-49 g=3,-10,-1
WFR t=85013 src=mcu type=0x01 len=16 data=aa8d800c800000006c07102780008244
WFR t=85053 src=mcu type=0x01 len=16 data=aa8e01180080000000000000ffff37f3
WFI t=85055 a=-1681,-3844,-49 g=3,6,-7
WFR t=85073 src=mcu type=0x01 len=16 data=aa8f2d042f0000000000000000009e61
WFR t=85083 src=bms type=0x02 len=129 data=d2037c0eed0eec0eed0eec0eed0eec0eed0eed0eec0eec0eed0eee0ef10ef10ef10ef00ef10ef10ef20ef20ef10ef20ef30ef30ef10ef20ef20ef20000000000000000003d0000000000000000000000000000042e752f02ae0ef30eeb003d003d00000157001c0001001d0000000100010eef0008000a000000000000000021b7
WFR t=85093 src=mcu type=0x01 len=16 data=aa90232c00000000000000000000edd3
WFI t=85104 a=-1695,-3836,-68 g=1,13,-12
WFR t=85133 src=mcu type=0x01 len=16 data=aa910b000f00465a667332000b9ed1a0
WFR t=85153 src=mcu type=0x01 len=16 data=aa92000000000000000000000000fbba
WFI t=85154 a=-1712,-3835,-49 g=-2,-14,4
WFR t=85193 src=mcu type=0x01 len=16 data=aa93d804480804242c01c003214fe1ad
WFI t=85204 a=-1673,-3834,-49 g=-2,-8,2
WFR t=85213 src=mcu type=0x01 len=16 data=aa94f0f465fffffff8080d00412af645
WFR t=85233 src=mcu type=0x01 len=16 data=aa9501180080000000000100feff1384
WFI t=85254 a=-1698,-3844,-33 g=0,-5,-8
WFR t=85273 src=mcu type=0x01 len=16 data=aa962d042f000000000000000000bd38
WFR t=85293 src=mcu type=0x01 len=16 data=aa97232c00000000000000000000e694
WFI t=85304 a=-1675,-3841,-61 g=1,19,-10
WFR t=85333 src=mcu type=0x01 len=16 data=aa9807010200000056117eea00007aa4
WFR t=85353 src=mcu type=0x01 len=16 data=aa991d00ab04a08c64502748395e1e28
WFI t=85355 a=-1718,-3846,-42 g=-7,2,-17
WFR t=85393 src=mcu type=0x01 len=16 data=aa9a646464625f5d5b5955010101d546
WFI t=85404 a=-1693,-3835,-57 g=-6,-6,5
WFR t=85413 src=mcu type=0x01 len=16 data=aa9b0101010100000000fbfbecd30e91
WFR t=85433 src=mcu type=0x01 len=16 data=aa9c01180080000000000000ffff0e21
WFI t=85454 a=-1684,-3836,-41 g=-1,-19,1
WFR t=85473 src=mcu type=0x01 len=16 data=aa9d2d042f000000000000000000a7b3
WFR t=85488 src=bms type=0x02 len=129 data=d2037c0eed0eec0eed0eed0eed0eec0eed0eed0eec0eec0eed0eee0ef10ef10ef10ef00ef10ef20ef20ef20ef10ef20ef30ef30ef10ef20ef20ef20000000000000000003d0000000000000000000000000000042e752f02ae0ef30eec003d003d00000157001c0001001d0000000100010eef0007000a0000000000000000e422
WFR t=85526 src=mcu type=0x01 len=16 data=aa9e232c00000000000000000000fb5d
WFI t=85536 a=-1680,-3836,-54 g=-4,14,-5
WFR t=85536 src=mcu type=0x01 len=16 data=aa9fb5a1b0bfd800000000000000dfe1
WFR t=85552 src=mcu type=0x01 len=16 data=aaa000000000020c000035006a00d1bd
WFI t=85554 a=-1683,-3831,-47 g=-1,12,-15
WFR t=85573 src=mcu type=0x01 len=16 data=aaa188044a5357583036323430360894
WFI t=85604 a=-1688,-3837,-47 g=0,41,-18
WFR t=85613 src=mcu type=0x01 len=16 data=aaa231344e4242463930333500005e71
WFR t=85633 src=mcu type=0x01 len=16 data=aaa301180080000000000000feff5a4e
WFI t=85654 a=-1709,-3824,-58 g=-4,10,-9
WFR t=85673 src=mcu type=0x01 len=16 data=aaa42d042f000000000000000000fb8a
WFR t=85693 src=mcu type=0x01 len=16 data=aaa5232c00000000000000000000a026
WFI t=85704 a=-1717,-3832,-64 g=-10,-49,31
WFR t=85713 src=mcu type=0x01 len=16 data=aaa6000000000000000000000000b4ce
WFR t=85753 src=mcu type=0x01 len=16 data=aaa7000000000000000000000000b64f
WFI t=85755 a=-1673,-3837,-49 g=-7,-41,26
WFR t=85773 src=mcu type=0x01 len=16 data=aaa801801b000000400052a8194013c9
WFI t=85804 a=-1656,-3841,-44 g=-3,55,-25
WFR t=85813 src=mcu type=0x01 len=16 data=aaa9028288135c4488132400ec02f999
WFR t=85833 src=mcu type=0x01 len=16 data=aaaa01180080000000000000ffff4617
WFI t=85854 a=-1738,-3830,-48 g=-8,49,-35
WFR t=85873 src=mcu type=0x01 len=16 data=aaab2d042f000000000000000000ef85
WFR t=85878 src=bms type=0x02 len=129 data=d2037c0eed0eec0eed0eed0eed0eec0eed0eed0eec0eec0eed0eee0ef10ef10ef10ef00ef10ef20ef20ef20ef10ef20ef30ef30ef10ef20ef20ef20000000000000000003d0000000000000000000000000000042e752f02ae0ef30eec003d003d00000157001c0001001d0000000100010eef0007000a0000000000000000e422
WFR t=85893 src=mcu type=0x01 len=16 data=aaac232c00000000000000000000bdef
WFI t=85904 a=-1715,-3833,-61 g=-3,-29,15
WFR t=85913 src=mcu type=0x01 len=16 data=aaad0048005f00021000000100801d27
WFR t=85953 src=mcu type=0x01 len=16 data=aaae55f04b0b18000000803a40005cef
WFI t=85954 a=-1676,-3827,-61 g=-8,-47,15
WFR t=85973 src=mcu type=0x01 len=16 data=aaaf08610005460c2f78a00f090076a9
WFI t=86004 a=-1680,-3849,-48 g=1,7,-10
WFR t=86013 src=mcu type=0x01 len=16 data=aab001180080000000000000ffff608d
WFR t=86033 src=mcu type=0x01 len=16 data=aab12d042f000000000000000000c91f
WFR t=86053 src=mcu type=0x01 len=16 data=aab2232c0000000000000000000095f1
WFI t=86054 a=-1714,-3827,-42 g=-1,9,-19
WFR t=86093 src=mcu type=0x01 len=16 data=aab3014a02050030000488001b007188
WFI t=86104 a=-1710,-3819,-63 g=-6,-24,-1
WFR t=86113 src=mcu type=0x01 len=16 data=aab400009f0ca90c9a0c540600001589
WFR t=86153 src=mcu type=0x01 len=16 data=aab51b00e8517918060eb50ab0009ab0
WFI t=86154 a=-1722,-3829,-39 g=-12,-75,22
WFR t=86193 src=mcu type=0x01 len=16 data=aab6050804080080cb020122f13fc622
WFR t=86194 src=mcu type=0x01 len=16 data=aa8001180080000000000000ffff217d
WFI t=86204 a=-1648,-3822,-26 g=4,-15,19
WFR t=86233 src=mcu type=0x01 len=16 data=aa812d042f00000000000000000088ef
WFR t=86253 src=mcu type=0x01 len=16 data=aa82232c00000000000000000000d401
WFI t=86254 a=-1677,-3838,-14 g=-17,27,-37
WFR t=86283 src=bms type=0x02 len=129 data=d2037c0eed0eec0eed0eed0eed0eec0eed0eed0eec0eec0eed0eee0ef10ef10ef10ef00ef10ef20ef20ef20ef10ef20ef30ef30ef10ef20ef20ef20000000000000000003d0000000000000000000000000000042e752f02ae0ef30eec003d003d00000157001c0001001d0000000100010eef0007000a0000000000000000e422
WFR t=86293 src=mcu type=0x01 len=16 data=aa83000100011101b70111019f00058c
WFI t=86304 a=-1712,-3822,-36 g=6,60,-15
WFR t=86313 src=mcu type=0x01 len=16 data=aa840000090a10560001310051c45a55
WFR t=86333 src=mcu type=0x01 len=16 data=aa8513088003e204080b1000507864d4
WFI t=86354 a=-1718,-3829,-70 g=-9,-37,-12
WFR t=86373 src=mcu type=0x01 len=16 data=aa868403f4010400a00f8813c003f9eb
WFR t=86393 src=mcu type=0x01 len=16 data=aa8701180080000000000000feff2baa
WFI t=86404 a=-1729,-3839,-54 g=-2,-80,37
WFR t=86433 src=mcu type=0x01 len=16 data=aa882d042f0000000000000000009526
WFR t=86453 src=mcu type=0x01 len=16 data=aa89232c00000000000000000000ce8a
WFI t=86454 a=-1707,-3852,-25 g=7,12,45
WFR t=86493 src=mcu type=0x01 len=16 data=aa8a480c1c0207284901230020001521
WFI t=86625 a=-1689,-3828,-59 g=-4,22,-10
WFR t=86703 src=mcu type=0x01 len=16 data=aa8b40005c03474c775419031a0e80f3
WFR t=86703 src=mcu type=0x01 len=16 data=aa8c2225bf0420034006b80b3e02672c
WFR t=86703 src=mcu type=0x01 len=16 data=aa8d800c800000006c07102780008244
WFI t=86798 a=-1734,-3817,-33 g=3,23,-12
WFR t=86799 src=mcu type=0x01 len=16 data=aa8e01180080000000000000ffff37f3
WFR t=86799 src=mcu type=0x01 len=16 data=aa8f2d042f0000000000000000009e61
WFR t=86799 src=mcu type=0x01 len=16 data=aa90232c00000000000000000000edd3
WFI t=86800 a=-1722,-3809,-71 g=-1,-13,6
WFR t=86801 src=mcu type=0x01 len=16 data=aa910b000f00465a667332000b9ed1a0
WFR t=86801 src=mcu type=0x01 len=16 data=aa92000000000000000000000000fbba
WFR t=86801 src=bms type=0x02 len=129 data=d2037c0eed0eec0eed0eed0eed0eec0eed0eed0eec0eed0eed0eee0ef10ef10ef10ef00ef10ef10ef20ef20ef10ef20ef30ef30ef10ef20ef20ef20000000000000000003d0000000000000000000000000000042e752e02ae0ef30eec003d003d00000157001c0001001d0000000100010eef00070015000000000000000027d0
WFI t=86802 a=-1722,-3809,-71 g=-1,-13,6
WFI t=86804 a=-1717,-3830,-52 g=6,-15,13
WFI t=86806 a=-1717,-3830,-52 g=6,-15,13
WFI t=86808 a=-1715,-3830,-49 g=-1,-18,15
WFR t=86813 src=mcu type=0x01 len=16 data=aa93d804480804242c01c003214fe1ad
WFR t=86814 src=mcu type=0x01 len=16 data=aa94f0f465fffffff8080d00412af645
WFR t=86815 src=mcu type=0x01 len=16 data=aa9501180080000000000000ffff13e8
WFR t=86815 src=mcu type=0x01 len=16 data=aa962d042f000000000000000000bd38
WFR t=86853 src=mcu type=0x01 len=16 data=aa97232c00000000000000000000e694
WFI t=86855 a=-1719,-3833,-60 g=17,69,22
WFR t=86873 src=mcu type=0x01 len=16 data=aa9807010200000056117eea00007aa4
WFI t=86904 a=-1682,-3854,-23 g=2,-7,1
WFR t=86913 src=mcu type=0x01 len=16 data=aa991d00ab04a08c64502748395e1e28
WFR t=86933 src=mcu type=0x01 len=16 data=aa9a646464625f5d5b5955010101d546
WFI t=86954 a=-1696,-3854,-50 g=-7,-14,-29
WFR t=86973 src=mcu type=0x01 len=16 data=aa9b0101010100000000fbfbecd30e91
WFR t=86993 src=mcu type=0x01 len=16 data=aa9c01180080000000000000ffff0e21
WFI t=87004 a=-1670,-3845,-34 g=-3,35,-44
WFR t=87013 src=mcu type=0x01 len=16 data=aa9d2d042f000000000000000000a7b3
WFR t=87053 src=mcu type=0x01 len=16 data=aa9e232c00000000000000000000fb5d
WFI t=87055 a=-1713,-3856,-51 g=-4,81,-62
WFR t=87073 src=mcu type=0x01 len=16 data=aa9fb5a1b0bfd800000000000000dfe1
WFI t=87104 a=-1735,-3843,-44 g=0,-11,6
WFR t=87113 src=mcu type=0x01 len=16 data=aaa000000000020c000035006a00d1bd
WFR t=87123 src=bms type=0x02 len=129 data=d2037c0eed0eec0eed0eed0eed0eec0eed0eed0eec0eed0eed0eee0ef10ef10ef10ef00ef10ef10ef20ef20ef10ef20ef30ef30ef10ef20ef20ef20000000000000000003d0000000000000000000000000000042e752e02ae0ef30eec003d003d00000157001c0001001d0000000100010eef00070015000000000000000027d0
WFR t=87133 src=mcu type=0x01 len=16 data=aaa188044a5357583036323430360894
WFR t=87153 src=mcu type=0x01 len=16 data=aaa231344e4242463930333500005e71
WFI t=87154 a=-1666,-3844,-51 g=-12,-74,22
WFR t=87193 src=mcu type=0x01 len=16 data=aaa301180080000000000000feff5a4e
WFI t=87204 a=-1648,-3831,-35 g=-4,-8,-15
WFR t=87213 src=mcu type=0x01 len=16 data=aaa42d042f000000000000000000fb8a
WFR t=87253 src=mcu type=0x01 len=16 data=aaa5232c00000000000000000000a026
WFI t=87254 a=-1664,-3851,-55 g=-2,83,-51
WFR t=87273 src=mcu type=0x01 len=16 data=aaa6000000000000000000000000b4ce
WFR t=87293 src=mcu type=0x01 len=16 data=aaa7000000000000000000000000b64f
WFI t=87304 a=-1634,-3842,-10 g=-2,66,-4
WFT t=87311 batt_mv=4186 rssi_mcu=-76 rssi_bms=-85 mcu=3099 bms=150 dropped=0
WFR t=87333 src=mcu type=0x01 len=16 data=aaa801801b000000400052a8194013c9
WFR t=87353 src=mcu type=0x01 len=16 data=aaa9028288135c4488132400ec02f999
WFI t=87355 a=-1684,-3842,-67 g=5,84,-34
WFR t=87393 src=mcu type=0x01 len=16 data=aaaa01180080000000000000ffff4617
WFI t=87404 a=-1712,-3852,-51 g=-3,24,-1
WFR t=87413 src=mcu type=0x01 len=16 data=aaab2d042f000000000000000000ef85
WFR t=87433 src=mcu type=0x01 len=16 data=aaac232c00000000000000000000bdef
WFI t=87454 a=-1614,-3854,-83 g=5,30,-3
WFR t=87473 src=mcu type=0x01 len=16 data=aaad0048005f00021000000100801d27
WFR t=87493 src=mcu type=0x01 len=16 data=aaae55f04b0b18000000803a40005cef
WFI t=87504 a=-1691,-3847,-73 g=-5,48,-26
WFR t=87528 src=bms type=0x02 len=129 data=d2037c0eed0eec0eed0eed0eed0eec0eed0eed0eec0eec0eed0eee0ef10ef00ef10ef00ef10ef10ef20ef20ef10ef20ef20ef20ef10ef20ef20ef20000000000000000003d0000000000000000000000000000042e752f02ae0ef30eec003d003d00000157001c0001001d0000000100010eef0007000a0000000000000000bbec
WFR t=87533 src=mcu type=0x01 len=16 data=aaaf08610005460c2f78a00f090076a9
WFR t=87553 src=mcu type=0x01 len=16 data=aab00118008000000000ffffffff60a9
WFI t=87555 a=-1713,-3854,-88 g=-1,-24,10
WFR t=87593 src=mcu type=0x01 len=16 data=aab12d042f000000000000000000c91f
WFI t=87604 a=-1691,-3850,-28 g=-8,-98,54
WFR t=87613 src=mcu type=0x01 len=16 data=aab2232c0000000000000000000095f1
WFR t=87633 src=mcu type=0x01 len=16 data=aab3014a02050030000488001b007188
WFI t=87654 a=-1617,-3836,-89 g=20,78,32
WFR t=87673 src=mcu type=0x01 len=16 data=aab400009f0ca90c9a0c540600001589
WFR t=87693 src=mcu type=0x01 len=16 data=aab51b00e8517918060eeb0ab0008958
WFI t=87704 a=-1626,-3859,-43 g=-30,-82,-82
WFR t=87733 src=mcu type=0x01 len=16 data=aab6050804080080cb020122f13fc622
WFR t=87753 src=mcu type=0x01 len=16 data=aa8001180080000000000000feff20ed
WFI t=87754 a=-1742,-3814,-126 g=4,97,-43
WFR t=87773 src=mcu type=0x01 len=16 data=aa812d042f00000000000000000088ef
WFI t=87804 a=-1725,-3839,-71 g=-1,-28,21
WFR t=87813 src=mcu type=0x01 len=16 data=aa82232c00000000000000000000d401
WFR t=87833 src=mcu type=0x01 len=16 data=aa83000100011101b70111019f00058c
WFI t=87854 a=-1642,-3861,-43 g=2,-63,37
WFR t=87873 src=mcu type=0x01 len=16 data=aa840000090a10560001310051c45a55
WFR t=87893 src=mcu type=0x01 len=16 data=aa8513088003e204080b1000507864d4
WFI t=87904 a=-1631,-3821,-68 g=1,-3,13
WFR t=87913 src=mcu type=0x01 len=16 data=aa868403f4010400a00f8813c003f9eb
WFR t=87918 src=bms type=0x02 len=129 data=d2037c0eed0eec0eed0eed0eed0eec0eed0eed0eec0eec0eed0eee0ef10ef00ef10ef00ef10ef10ef20ef20ef10ef20ef20ef20ef10ef20ef20ef20000000000000000003d0000000000000000000000000000042e752f02ae0ef30eec003d003d00000157001c0001001d0000000100010eef0007000a0000000000000000bbec
WFR t=87953 src=mcu type=0x01 len=16 data=aa8701180080000000000000feff2baa
WFI t=87955 a=-1648,-3847,-66 g=-7,2,-35
WFR t=87973 src=mcu type=0x01 len=16 data=aa882d042f0000000000000000009526
WFI t=88004 a=-1699,-3865,-34 g=4,38,-22
WFR t=88013 src=mcu type=0x01 len=16 data=aa89232c00000000000000000000ce8a
WFR t=88033 src=mcu type=0x01 len=16 data=aa8a480c1c0207284901230020001521
WFR t=88053 src=mcu type=0x01 len=16 data=aa8b40005c03474c775419031a0e80f3
WFI t=88054 a=-1680,-3853,-67 g=-4,-17,-6
WFR t=88093 src=mcu type=0x01 len=16 data=aa8c2225bf0420034006b80b3e02672c
WFI t=88104 a=-1650,-3833,-85 g=-2,4,-2
WFR t=88113 src=mcu type=0x01 len=16 data=aa8d800c800000006c07102780008244
WFR t=88153 src=mcu type=0x01 len=16 data=aa8e01180080000000000000ffff37f3
WFI t=88155 a=-1668,-3834,-86 g=-6,33,-26
WFR t=88173 src=mcu type=0x01 len=16 data=aa8f2d042f0000000000000000009e61
WFI t=88204 a=-1705,-3837,-72 g=-5,-17,-2
WFR t=88213 src=mcu type=0x01 len=16 data=aa90232c00000000000000000000edd3
WFR t=88233 src=mcu type=0x01 len=16 data=aa910b000f00465a667332000b9ed1a0
WFR t=88253 src=mcu type=0x01 len=16 data=aa92000000000000000000000000fbba
WFI t=88254 a=-1633,-3845,-66 g=3,-18,16
WFR t=88305 src=mcu type=0x01 len=16 data=aa93d804480804242c01c003214fe1ad
WFI t=88315 a=-1666,-3861,-61 g=-4,24,-27
WFR t=88316 src=mcu type=0x01 len=16 data=aa94f0f465fffffff8080d00412af645
WFR t=88323 src=bms type=0x02 len=129 data=d2037c0eed0eec0eed0eed0eed0eec0eed0eed0eec0eec0eed0eee0ef10ef00ef10ef00ef10ef10ef20ef20ef10ef20ef20ef20ef10ef20ef20ef20000000000000000003d0000000000000000000000000000042e752f02ae0ef30eec003d003d00000157001c0001001d0000000100010eef0007000a0000000000000000bbec
WFR t=88353 src=mcu type=0x01 len=16 data=aa9501180080000000000000feff1278
WFI t=88354 a=-1711,-3845,-77 g=-4,5,-8
WFR t=88373 src=mcu type=0x01 len=16 data=aa962d042f000000000000000000bd38
WFR t=88393 src=mcu type=0x01 len=16 data=aa97232c00000000000000000000e694
WFI t=88404 a=-1658,-3842,-77 g=-8,-24,21
WFR t=88433 src=mcu type=0x01 len=16 data=aa9807010200000056117eea00007aa4
WFR t=88453 src=mcu type=0x01 len=16 data=aa991d00ab04a08c64502748395e1e28
WFI t=88454 a=-1626,-3836,-79 g=-1,19,-14
WFR t=88493 src=mcu type=0x01 len=16 data=aa9a646464625f5d5b5955010101d546
WFI t=88504 a=-1697,-3843,-69 g=-7,20,-24
WFR t=88513 src=mcu type=0x01 len=16 data=aa9b0101010100000000fbfbecd30e91
WFR t=88548 src=mcu type=0x01 len=16 data=aa9c01180080000000000000ffff0e21
WFI t=88719 a=-1682,-3843,-72 g=-5,-4,-9
WFR t=88720 src=mcu type=0x01 len=16 data=aa9d2d042f000000000000000000a7b3
WFR t=88786 src=mcu type=0x01 len=16 data=aa9e232c00000000000000000000fb5d
WFR t=88786 src=mcu type=0x01 len=16 data=aa9fb5a1b0bfd800000000000000dfe1
WFR t=88787 src=mcu type=0x01 len=16 data=aaa000000000020c000035006a00d1bd
WFI t=88802 a=-1676,-3859,-53 g=-2,4,0
WFR t=88802 src=mcu type=0x01 len=16 data=aaa188044a5357583036323430360894
WFR t=88803 src=mcu type=0x01 len=16 data=aaa231344e4242463930333500005e71
WFR t=88803 src=mcu type=0x01 len=16 data=aaa301180080000000000000ffff5bde
WFR t=88803 src=mcu type=0x01 len=16 data=aaa42d042f000000000000000000fb8a
WFR t=88804 src=bms type=0x02 len=129 data=d2037c0eed0eec0eed0eed0eed0eec0eed0eed0eec0eed0eed0eee0ef10ef10ef10ef00ef10ef10ef20ef20ef20ef20ef30ef30ef10ef20ef20ef20000000000000000003d0000000000000000000000000000042e752f02ae0ef30eec003d003d00000157001c0001001d0000000100010eef0007000a0000000000000000f97f
WFR t=88804 src=mcu type=0x01 len=16 data=aaa5232c00000000000000000000a026
WFI t=88804 a=-1648,-3871,-65 g=3,11,1
WFI t=88806 a=-1644,-3869,-73 g=2,9,0
WFI t=88809 a=-1644,-3869,-73 g=2,9,0
WFI t=88811 a=-1641,-3855,-80 g=-2,7,-2
WFR t=88833 src=mcu type=0x01 len=16 data=aaa6000000000000000000000000b4ce
WFR t=88853 src=mcu type=0x01 len=16 data=aaa7000000000000000000000000b64f
WFI t=88854 a=-1655,-3839,-92 g=-4,-5,-15
WFR t=88873 src=mcu type=0x01 len=16 data=aaa801801b000000400052a8194013c9
WFI t=88904 a=-1660,-3834,-79 g=-1,-6,6
WFR t=88913 src=mcu type=0x01 len=16 data=aaa9028288135c4488132400ec02f999
WFR t=88933 src=mcu type=0x01 len=16 data=aaaa01180080000000000000ffff4617
WFI t=88954 a=-1640,-3855,-74 g=1,15,-11
WFR t=88973 src=mcu type=0x01 len=16 data=aaab2d042f000000000000000000ef85
WFR t=88993 src=mcu type=0x01 len=16 data=aaac232c00000000000000000000bdef
WFI t=89004 a=-1673,-3849,-83 g=-5,27,-21
WFR t=89013 src=mcu type=0x01 len=16 data=aaad0048005f00021000000100801d27
WFR t=89053 src=mcu type=0x01 len=16 data=aaae55f04b0b18000000803a40005cef
WFI t=89054 a=-1675,-3840,-82 g=-4,-5,-1
WFR t=89073 src=mcu type=0x01 len=16 data=aaaf08610005460c2f78a00f090076a9
WFI t=89104 a=-1661,-3853,-80 g=-2,-11,1
WFR t=89113 src=mcu type=0x01 len=16 data=aab001180080000000000000ffff608d
WFR t=89133 src=mcu type=0x01 len=16 data=aab12d042f000000000000000000c91f
WFR t=89153 src=mcu type=0x01 len=16 data=aab2232c0000000000000000000095f1
WFI t=89154 a=-1639,-3844,-57 g=-4,-9,2
WFR t=89193 src=mcu type=0x01 len=16 data=aab3014a02050030000488001b007188
WFI t=89204 a=-1633,-3850,-88 g=-2,7,-10
WFR t=89208 src=bms type=0x02 len=129 data=d2037c0eed0eec0eed0eed0eed0eec0eed0eed0eec0eed0eed0eee0ef10ef10ef10ef00ef10ef10ef20ef20ef20ef20ef30ef30ef10ef20ef20ef20000000000000000003d0000000000000000000000000000042e752f02ae0ef30eec003d003d00000157001c0001001d0000000100010eef0007000a0000000000000000f97f
WFR t=89213 src=mcu type=0x01 len=16 data=aab400009f0ca90c9a0c540600001589
WFR t=89253 src=mcu type=0x01 len=16 data=aab51b00e8517918060eb50ab0009ab0
WFI t=89254 a=-1653,-3845,-75 g=-5,13,-13
WFR t=89273 src=mcu type=0x01 len=16 data=aab6050804080080cb020122f13fc622
WFI t=89304 a=-1645,-3854,-105 g=0,35,-16
WFR t=89313 src=mcu type=0x01 len=16 data=aa8001180080000000000000feff20ed
WFR t=89333 src=mcu type=0x01 len=16 data=aa812d042f00000000000000000088ef
WFR t=89353 src=mcu type=0x01 len=16 data=aa82232c00000000000000000000d401
WFI t=89354 a=-1660,-3850,-84 g=0,17,-14
WFR t=89393 src=mcu type=0x01 len=16 data=aa83000100011101b70111019f00058c
WFI t=89404 a=-1639,-3861,-69 g=0,23,-10
WFR t=89413 src=mcu type=0x01 len=16 data=aa840000090a10560001310051c45a55
WFR t=89453 src=mcu type=0x01 len=16 data=aa8513088003e204080b1000507864d4
WFI t=89454 a=-1654,-3855,-93 g=-7,6,-14
WFR t=89473 src=mcu type=0x01 len=16 data=aa868403f4010400a00f8813c003f9eb
WFR t=89493 src=mcu type=0x01 len=16 data=aa8701180080000000000000ffff2a3a
WFI t=89504 a=-1666,-3864,-85 g=1,-7,4
WFR t=89533 src=mcu type=0x01 len=16 data=aa882d042f0000000000000000009526
WFR t=89553 src=mcu type=0x01 len=16 data=aa89232c00000000000000000000ce8a
WFI t=89554 a=-1638,-3849,-89 g=-3,-4,3
WFR t=89593 src=mcu type=0x01 len=16 data=aa8a480c1c0207284901230020001521
WFR t=89598 src=bms type=0x02 len=129 data=d2037c0eed0eec0eed0eed0eed0eec0eed0eed0eec0eec0eed0eee0ef10ef10ef10ef00ef10ef10ef20ef20ef20ef20ef30ef30ef10ef20ef20ef20000000000000000003d0000000000000000000000000000042e752f02ae0ef30eec003d003d00000157001c0001001d0000000100010eef0007000a00000000000000004502
WFI t=89604 a=-1648,-3866,-79 g=-8,-18,-5
WFR t=89613 src=mcu type=0x01 len=16 data=aa8b40005c03474c775419031a0e80f3
WFR t=89633 src=mcu type=0x01 len=16 data=aa8c2225bf0420034006b80b3e02672c
WFI t=89654 a=-1636,-3861,-90 g=0,-5,2
WFR t=89673 src=mcu type=0x01 len=16 data=aa8d800c800000006c07102780008244
WFR t=89693 src=mcu type=0x01 len=16 data=aa8e01180080000000000000ffff37f3
WFI t=89704 a=-1635,-3852,-81 g=-4,21,-20
WFR t=89733 src=mcu type=0x01 len=16 data=aa8f2d042f0000000000000000009e61
WFR t=89753 src=mcu type=0x01 len=16 data=aa90232c00000000000000000000edd3
WFI t=89754 a=-1646,-3853,-100 g=-6,21,-14
WFR t=89793 src=mcu type=0x01 len=16 data=aa910b000f00465a667332000b9ed1a0
WFI t=89804 a=-1655,-3863,-79 g=-6,-9,3
WFR t=89813 src=mcu type=0x01 len=16 data=aa92000000000000000000000000fbba
WFR t=89833 src=mcu type=0x01 len=16 data=aa93d804480804242c01c003214fe1ad
WFI t=89854 a=-1623,-3867,-81 g=-3,0,-5
WFR t=89873 src=mcu type=0x01 len=16 data=aa94f0f465fffffff8080d00412af645
WFR t=89893 src=mcu type=0x01 len=16 data=aa9501180080000000000000ffff13e8
WFI t=89904 a=-1659,-3857,-66 g=-6,-5,-14
WFR t=89933 src=mcu type=0x01 len=16 data=aa962d042f000000000000000000bd38
WFR t=89953 src=mcu type=0x01 len=16 data=aa97232c00000000000000000000e694
WFI t=89954 a=-1676,-3846,-100 g=-3,-18,6
WFR t=89973 src=mcu type=0x01 len=16 data=aa9807010200000056117eea00007aa4
WFR t=89988 src=bms type=0x02 len=129 data=d2037c0eed0eec0eed0eed0eed0eec0eed0eed0eec0eec0eed0eee0ef10ef10ef10ef00ef10ef10ef20ef20ef20ef20ef30ef30ef10ef20ef20ef20000000000000000003d0000000000000000000000000000042e752f02ae0ef30eec003d003d00000157001c0001001d0000000100010eef0007000a00000000000000004502
WFI t=90004 a=-1621,-3861,-85 g=-3,-3,2
WFR t=90013 src=mcu type=0x01 len=16 data=aa991d00ab04a08c64502748395e1e28
WFR t=90033 src=mcu type=0x01 len=16 data=aa9a646464625f5d5b5955010101d546
WFI t=90054 a=-1619,-3862,-80 g=5,52,-22
WFR t=90073 src=mcu type=0x01 len=16 data=aa9b0101010100000000fbfbecd30e91
WFR t=90093 src=mcu type=0x01 len=16 data=aa9c01180080000000000000feff0fb1
WFI t=90104 a=-1673,-3863,-77 g=-4,10,-18
WFR t=90113 src=mcu type=0x01 len=16 data=aa9d2d042f000000000000000000a7b3
WFR t=90153 src=mcu type=0x01 len=16 data=aa9e232c00000000000000000000fb5d
WFI t=90154 a=-1651,-3861,-88 g=-9,-23,10
WFR t=90173 src=mcu type=0x01 len=16 data=aa9fb5a1b0bfd800000000000000dfe1
WFI t=90204 a=-1626,-3856,-101 g=2,-7,-6
WFR t=90213 src=mcu type=0x01 len=16 data=aaa000000000020c000035006a00d1bd
WFR t=90233 src=mcu type=0x01 len=16 data=aaa188044a5357583036323430360894
WFR t=90253 src=mcu type=0x01 len=16 data=aaa231344e4242463930333500005e71
WFI t=90254 a=-1653,-3867,-80 g=2,19,-13
WFR t=90293 src=mcu type=0x01 len=16 data=aaa301180080000000000000feff5a4e
WFI t=90304 a=-1655,-3854,-83 g=-3,-7,4
WFR t=90313 src=mcu type=0x01 len=16 data=aaa42d042f000000000000000000fb8a
WFR t=90353 src=mcu type=0x01 len=16 data=aaa5232c00000000000000000000a026
WFI t=90354 a=-1638,-3854,-91 g=3,2,-4
WFR t=90373 src=mcu type=0x01 len=16 data=aaa6000000000000000000000000b4ce
WFI t=90404 a=-1673,-3848,-100 g=-5,-7,-12
WFR t=90413 src=mcu type=0x01 len=16 data=aaa7000000000000000000000000b64f
WFR t=90423 src=bms type=0x02 len=129 data=d2037c0eed0eec0eed0eec0eed0eec0eed0eed0eec0eec0eed0eee0ef00ef10ef10eef0ef10ef10ef20ef20ef10ef20ef30ef30ef10ef20ef20ef20000000000000000003d0000000000000000000000000000042e752f02ae0ef30eec003d003d00000157001c0001001d0000000100010eef0007000a0000000000000000df7b
WFR t=90433 src=mcu type=0x01 len=16 data=aaa801801b000000400052a8194013c9
WFR t=90453 src=mcu type=0x01 len=16 data=aaa9028288135c4488132400ec02f999
WFI t=90454 a=-1650,-3843,-63 g=1,-21,17
WFR t=90493 src=mcu type=0x01 len=16 data=aaaa01180080000000000000feff4787
WFI t=90504 a=-1598,-3865,-69 g=1,5,-8
WFR t=90513 src=mcu type=0x01 len=16 data=aaab2d042f000000000000000000ef85
WFR t=90560 src=mcu type=0x01 len=16 data=aaac232c00000000000000000000bdef
WFI t=90561 a=-1655,-3854,-85 g=0,33,-26
WFR t=90575 src=mcu type=0x01 len=16 data=aaad0048005f00021000000100801d27
WFR t=90594 src=mcu type=0x01 len=16 data=aaae55f04b0b18000000803a40005cef
WFI t=90715 a=-1628,-3859,-89 g=-3,-36,22
WFR t=90730 src=mcu type=0x01 len=16 data=aaaf08610005460c2f78a00f090076a9
WFI t=90730 a=-1662,-3851,-86 g=-2,30,-35
WFR t=90731 src=mcu type=0x01 len=16 data=aab001180080000000000000ffff608d
WFR t=90731 src=mcu type=0x01 len=16 data=aab12d042f000000000000000000c91f
WFR t=90731 src=mcu type=0x01 len=16 data=aab2232c0000000000000000000095f1
WFI t=90732 a=-1687,-3856,-90 g=-6,25,-29
WFR t=90733 src=mcu type=0x01 len=16 data=aab3014a02050030000488001b007188
WFI t=90754 a=-1685,-3848,-80 g=-8,3,-5
WFR t=90773 src=mcu type=0x01 len=16 data=aab400009f0ca90c9a0c540600001589
WFR t=90793 src=mcu type=0x01 len=16 data=aab51b00e8517918060ee50ab0008bb0
WFI t=90804 a=-1626,-3858,-98 g=-3,-9,8
WFR t=90833 src=mcu type=0x01 len=16 data=aab6050804080080cb020122f13fc622
WFR t=90853 src=mcu type=0x01 len=16 data=aa8001180080000000000000ffff217d
WFI t=90854 a=-1641,-3861,-84 g=-3,29,-23
WFR t=90858 src=bms type=0x02 len=129 data=d2037c0eed0eec0eed0eec0eed0eec0eed0eed0eec0eec0eed0eee0ef00ef10ef10eef0ef10ef10ef20ef20ef10ef20ef30ef30ef10ef20ef20ef20000000000000000003d0000000000000000000000000000042e752f02ae0ef30eec003d003d00000157001c0001001d0000000100010eef0007000a0000000000000000df7b
WFR t=90893 src=mcu type=0x01 len=16 data=aa812d042f00000000000000000088ef
WFI t=90904 a=-1680,-3850,-66 g=-10,-27,3
WFR t=90913 src=mcu type=0x01 len=16 data=aa82232c00000000000000000000d401
WFR t=90933 src=mcu type=0x01 len=16 data=aa83000100011101b70111019f00058c
WFI t=90954 a=-1611,-3859,-83 g=-5,-28,21
WFR t=90973 src=mcu type=0x01 len=16 data=aa840000090a10560001310051c45a55
WFR t=90993 src=mcu type=0x01 len=16 data=aa8513088003e204080b1000507864d4
WFI t=91004 a=-1617,-3857,-104 g=-2,36,-37
WFR t=91054 src=mcu type=0x01 len=16 data=aa868403f4010400a00f8813c003f9eb
WFR t=91054 src=mcu type=0x01 len=16 data=aa8701180080000000000000ffff2a3a
WFI t=91056 a=-1714,-3859,-86 g=1,12,-12
WFR t=91073 src=mcu type=0x01 len=16 data=aa882d042f0000000000000000009526
WFI t=91104 a=-1646,-3851,-88 g=-5,-32,21
WFR t=91113 src=mcu type=0x01 len=16 data=aa89232c00000000000000000000ce8a
WFR t=91133 src=mcu type=0x01 len=16 data=aa8a480c1c0207284901230020001521
WFI t=91154 a=-1627,-3867,-81 g=-8,-7,-10
WFR t=91173 src=mcu type=0x01 len=16 data=aa8b40005c03474c775419031a0e80f3
WFR t=91193 src=mcu type=0x01 len=16 data=aa8c2225bf0420034006b80b3e02672c
WFI t=91204 a=-1655,-3845,-95 g=3,26,-11
WFR t=91213 src=mcu type=0x01 len=16 data=aa8d800c800000006c07102780008244
WFR t=91253 src=mcu type=0x01 len=16 data=aa8e01180080000000000000ffff37f3
WFI t=91254 a=-1654,-3843,-101 g=-5,-6,-8
WFR t=91263 src=bms type=0x02 len=129 data=d2037c0eed0eec0eed0eec0eed0eec0eed0eed0eec0eec0eed0eee0ef00ef10ef10eef0ef10ef10ef20ef20ef10ef20ef30ef30ef10ef20ef20ef20000000000000000003d0000000000000000000000000000042e752f02ae0ef30eec003d003d00000157001c0001001d0000000100010eef0007000a0000000000000000df7b
WFR t=91273 src=mcu type=0x01 len=16 data=aa8f2d042f0000000000000000009e61
WFI t=91304 a=-1651,-3857,-88 g=-2,-10,5
WFR t=91313 src=mcu type=0x01 len=16 data=aa90232c00000000000000000000edd3
WFR t=91333 src=mcu type=0x01 len=16 data=aa910b000f00465a667332000b9ed1a0
WFR t=91353 src=mcu type=0x01 len=16 data=aa92000000000000000000000000fbba
WFI t=91354 a=-1644,-3846,-90 g=0,-2,-7
WFR t=91393 src=mcu type=0x01 len=16 data=aa93d804480804242c01c003214fe1ad
WFI t=91404 a=-1654,-3852,-101 g=-1,1,-6
WFR t=91413 src=mcu type=0x01 len=16 data=aa94f0f465fffffff8080d00412af645
WFR t=91453 src=mcu type=0x01 len=16 data=aa9501180080000000000000feff1278
WFI t=91454 a=-1640,-3857,-97 g=3,-4,1
WFR t=91473 src=mcu type=0x01 len=16 data=aa962d042f000000000000000000bd38
WFI t=91504 a=-1633,-3852,-86 g=-5,3,-12
WFR t=91513 src=mcu type=0x01 len=16 data=aa97232c00000000000000000000e694
WFR t=91533 src=mcu type=0x01 len=16 data=aa9807010200000056117eea00007aa4
WFR t=91553 src=mcu type=0x01 len=16 data=aa991d00ab04a08c64502748395e1e28
WFI t=91554 a=-1657,-3861,-99 g=-1,0,-5
WFR t=91593 src=mcu type=0x01 len=16 data=aa9a646464625f5d5b5955010101d546
WFI t=91604 a=-1642,-3852,-83 g=-5,-5,-1
WFR t=91613 src=mcu type=0x01 len=16 data=aa9b0101010100000000fbfbecd30e91
WFR t=91653 src=mcu type=0x01 len=16 data=aa9c01180080000000000000feff0fb1
WFI t=91654 a=-1650,-3852,-106 g=-5,1,-8
WFR t=91673 src=mcu type=0x01 len=16 data=aa9d2d042f000000000000000000a7b3
WFR t=91683 src=bms type=0x02 len=129 data=d2037c0eed0eec0eed0eed0eed0eec0eed0eed0eec0eec0eed0eee0ef10ef10ef10ef00ef10ef10ef20ef20ef10ef20ef30ef20ef10ef20ef20ef20000000000000000003d0000000000000000000000000000042e752f02ae0ef30eec003d003d00000157001c0001001d0000000100010eef0007000a000000000000000050a1
WFR t=91693 src=mcu type=0x01 len=16 data=aa9e232c00000000000000000000fb5d
WFI t=91704 a=-1648,-3852,-81 g=-1,-6,2
WFR t=91733 src=mcu type=0x01 len=16 data=aa9fb5a1b0bfd800000000000000dfe1
WFR t=91753 src=mcu type=0x01 len=16 data=aaa000000000020c000035006a00d1bd
WFI t=91754 a=-1628,-3864,-79 g=-2,0,-6
WFR t=91793 src=mcu type=0x01 len=16 data=aaa188044a5357583036323430360894
WFI t=91804 a=-1638,-3865,-91 g=-5,9,-19
WFR t=91813 src=mcu type=0x01 len=16 data=aaa231344e4242463930333500005e71
WFR t=91833 src=mcu type=0x01 len=16 data=aaa301180080000000000000ffff5bde
WFI t=91854 a=-1674,-3851,-104 g=-5,-18,5
WFR t=91873 src=mcu type=0x01 len=16 data=aaa42d042f000000000000000000fb8a
WFR t=91893 src=mcu type=0x01 len=16 data=aaa5232c00000000000000000000a026
WFI t=91904 a=-1623,-3842,-86 g=-9,-11,5
WFR t=91933 src=mcu type=0x01 len=16 data=aaa6000000000000000000000000b4ce
WFR t=91953 src=mcu type=0x01 len=16 data=aaa7000000000000000000000000b64f
WFI t=91954 a=-1643,-3861,-86 g=2,35,-24
WFR t=91993 src=mcu type=0x01 len=16 data=aaa801801b000000400052a8194013c9
WFI t=92004 a=-1673,-3860,-83 g=-9,-14,-4
WFR t=92013 src=mcu type=0x01 len=16 data=aaa9028288135c4488132400ec02f999
WFR t=92033 src=mcu type=0x01 len=16 data=aaaa01180080000000000000ffff4617
WFI t=92054 a=-1626,-3858,-93 g=-4,-36,25
WFR t=92073 src=mcu type=0x01 len=16 data=aaab2d042f000000000000000000ef85
WFR t=92088 src=bms type=0x02 len=129 data=d2037c0eed0eec0eed0eed0eed0eec0eed0eed0eec0eec0eed0eee0ef10ef10ef10ef00ef10ef10ef20ef20ef10ef20ef30ef20ef10ef20ef20ef20000000000000000003d0000000000000000000000000000042e752f02ae0ef30eec003d003d00000157001c0001001d0000000100010eef0007000a000000000000000050a1
WFR t=92093 src=mcu type=0x01 len=16 data=aaac232c00000000000000000000bdef
WFI t=92104 a=-1613,-3850,-101 g=-2,14,-23
WFR t=92133 src=mcu type=0x01 len=16 data=aaad0048005f00021000000100801d27
WFR t=92153 src=mcu type=0x01 len=16 data=aaae55f04b0b18000000803a40005cef
WFI t=92154 a=-1658,-3853,-90 g=5,31,-24
WFR t=92173 src=mcu type=0x01 len=16 data=aaaf08610005460c2f78a00f090076a9
WFI t=92204 a=-1659,-3853,-91 g=-2,-31,11
WFR t=92213 src=mcu type=0x01 len=16 data=aab001180080000000000000ffff608d
WFR t=92233 src=mcu type=0x01 len=16 data=aab12d042f000000000000000000c91f
WFI t=92254 a=-1615,-3850,-93 g=-5,-17,9
WFR t=92273 src=mcu type=0x01 len=16 data=aab2232c0000000000000000000095f1
WFR t=92293 src=mcu type=0x01 len=16 data=aab3014a02050030000488001b007188
WFI t=92304 a=-1630,-3860,-82 g=-2,23,-19
WFR t=92313 src=mcu type=0x01 len=16 data=aab400009f0ca90c9a0c540600001589
WFR t=92353 src=mcu type=0x01 len=16 data=aab51b00e8517918060ee50ab0008bb0
WFI t=92354 a=-1670,-3863,-81 g=-6,-3,-10
WFR t=92373 src=mcu type=0x01 len=16 data=aab6050804080080cb020122f13fc622
WFI t=92404 a=-1629,-3869,-85 g=-1,-15,11
WFR t=92413 src=mcu type=0x01 len=16 data=aa8001180080000000000000ffff217d
WFR t=92433 src=mcu type=0x01 len=16 data=aa812d042f00000000000000000088ef
WFR t=92453 src=mcu type=0x01 len=16 data=aa82232c00000000000000000000d401
WFI t=92454 a=-1617,-3864,-95 g=1,17,-17
WFT t=92470 batt_mv=4186 rssi_mcu=-70 rssi_bms=-83 mcu=3282 bms=162 dropped=0
WFR t=92478 src=bms type=0x02 len=129 data=d2037c0eed0eec0eed0eed0eed0eec0eed0eed0eec0eec0eed0eee0ef10ef10ef10ef00ef10ef10ef20ef20ef20ef20ef30ef20ef10ef20ef20ef20000000000000000003d0000000000000000000000000000042e752f02ae0ef20eec003d003d00000157001c0001001d0000000100010eef0006000a00000000000000001def
WFR t=92493 src=mcu type=0x01 len=16 data=aa83000100011101b70111019f00058c
WFI t=92504 a=-1673,-3860,-85 g=-3,10,-13
WFR t=92513 src=mcu type=0x01 len=16 data=aa840000090a10560001310051c45a55
WFR t=92567 src=mcu type=0x01 len=16 data=aa8513088003e204080b1000507864d4
WFI t=92649 a=-1629,-3861,-98 g=-7,-8,4
WFR t=92719 src=mcu type=0x01 len=16 data=aa868403f4010400a00f8813c003f9eb
WFR t=92720 src=mcu type=0x01 len=16 data=aa8701180080000000000000ffff2a3a
WFR t=92720 src=mcu type=0x01 len=16 data=aa882d042f0000000000000000009526
WFR t=92720 src=mcu type=0x01 len=16 data=aa89232c00000000000000000000ce8a
WFR t=92720 src=mcu type=0x01 len=16 data=aa8a480c1c0207284901230020001521
WFR t=92720 src=mcu type=0x01 len=16 data=aa8b40005c03474c775419031a0e80f3
WFI t=92800 a=-1659,-3869,-88 g=2,10,-8
WFR t=92816 src=mcu type=0x01 len=16 data=aa8c2225bf0420034006b80b3e02672c
WFR t=92816 src=mcu type=0x01 len=16 data=aa8d800c800000006c07102780008244
WFR t=92816 src=mcu type=0x01 len=16 data=aa8e01180080000000000000ffff37f3
WFI t=92817 a=-1652,-3847,-91 g=-3,31,-28
WFI t=92819 a=-1667,-3861,-83 g=3,31,-25
WFI t=92822 a=-1659,-3861,-79 g=1,27,-24
WFI t=92824 a=-1659,-3861,-79 g=1,27,-24
WFR t=92833 src=mcu type=0x01 len=16 data=aa8f2d042f0000000000000000009e61
WFR t=92853 src=mcu type=0x01 len=16 data=aa90232c00000000000000000000edd3
WFI t=92854 a=-1688,-3834,-86 g=-4,-10,-5
WFR t=92893 src=mcu type=0x01 len=16 data=aa910b000f00465a667332000b9ed1a0
WFI t=92904 a=-1623,-3849,-84 g=-3,-23,14
WFR t=92913 src=mcu type=0x01 len=16 data=aa92000000000000000000000000fbba
WFR t=92933 src=mcu type=0x01 len=16 data=aa93d804480804242c01c003214fe1ad
WFI t=92954 a=-1630,-3859,-90 g=-1,2,-17
WFR t=92973 src=mcu type=0x01 len=16 data=aa94f0f465fffffff8080d00412af645
WFR t=92988 src=bms type=0x02 len=129 data=d2037c0eed0eec0eed0eed0eed0eec0eed0eed0eec0eec0eed0eee0ef10ef10ef10ef00ef10ef10ef20ef20ef20ef20ef30ef20ef10ef20ef20ef20000000000000000003d0000000000000000000000000000042e752f02ae0ef20eec003d003d00000157001c0001001d0000000100010eef0006000a00000000000000001def
WFR t=92993 src=mcu type=0x01 len=16 data=aa9501180080000000000000ffff13e8
WFI t=93004 a=-1662,-3845,-84 g=-7,-2,2
WFR t=93034 src=mcu type=0x01 len=16 data=aa962d042f000000000000000000bd38
WFR t=93053 src=mcu type=0x01 len=16 data=aa97232c00000000000000000000e694
WFI t=93054 a=-1626,-3856,-88 g=4,-7,1
WFR t=93093 src=mcu type=0x01 len=16 data=aa9807010200000056117eea00007aa4
WFI t=93104 a=-1626,-3849,-78 g=0,14,-17
WFR t=93113 src=mcu type=0x01 len=16 data=aa991d00ab04a08c64502748395e1e28
WFR t=93133 src=mcu type=0x01 len=16 data=aa9a646464625f5d5b5955010101d546
WFI t=93154 a=-1657,-3864,-88 g=-7,-7,-5
WFR t=93173 src=mcu type=0x01 len=16 data=aa9b0101010100000000fbfbecd30e91
WFR t=93193 src=mcu type=0x01 len=16 data=aa9c01180080000000000000feff0fb1
WFI t=93204 a=-1648,-3841,-82 g=1,-15,5
WFR t=93233 src=mcu type=0x01 len=16 data=aa9d2d042f000000000000000000a7b3
WFR t=93253 src=mcu type=0x01 len=16 data=aa9e232c00000000000000000000fb5d
WFI t=93254 a=-1629,-3849,-86 g=-1,-2,-6
WFR t=93273 src=mcu type=0x01 len=16 data=aa9fb5a1b0bfd800000000000000dfe1
WFI t=93304 a=-1655,-3861,-90 g=3,15,-11
WFR t=93313 src=mcu type=0x01 len=16 data=aaa000000000020c000035006a00d1bd
WFR t=93333 src=mcu type=0x01 len=16 data=aaa188044a5357583036323430360894
WFI t=93354 a=-1654,-3844,-97 g=-4,-8,-5
WFR t=93373 src=mcu type=0x01 len=16 data=aaa231344e4242463930333500005e71
WFR t=93393 src=mcu type=0x01 len=16 data=aaa301180080000000000000feff5a4e
WFI t=93404 a=-1648,-3862,-83 g=-2,-30,12
WFR t=93413 src=mcu type=0x01 len=16 data=aaa42d042f000000000000000000fb8a
WFR t=93423 src=bms type=0x02 len=129 data=d2037c0eed0eec0eed0eec0eed0eec0eed0eed0eec0eec0eed0eee0ef10ef10ef10ef00ef10ef10ef20ef20ef20ef20ef30ef30ef10ef20ef20ef20000000000000000003d0000000000000000000000000000042e752f02ae0ef30eec003d003d00000157001c0001001d0000000100010eef0007000a00000000000000008641
WFR t=93453 src=mcu type=0x01 len=16 data=aaa5232c00000000000000000000a026
WFI t=93454 a=-1609,-3857,-96 g=-1,10,-8
WFR t=93473 src=mcu type=0x01 len=16 data=aaa6000000000000000000000000b4ce
WFI t=93504 a=-1659,-3851,-98 g=-1,29,-28
WFR t=93513 src=mcu type=0x01 len=16 data=aaa7000000000000000000000000b64f
WFR t=93533 src=mcu type=0x01 len=16 data=aaa801801b000000400052a8194013c9
WFR t=93553 src=mcu type=0x01 len=16 data=aaa9028288135c4488132400ec02f999
WFI t=93554 a=-1666,-3852,-87 g=-6,-24,12
WFR t=93593 src=mcu type=0x01 len=16 data=aaaa01180080000000000000ffff4617
WFI t=93604 a=-1630,-3852,-94 g=-6,-35,12
WFR t=93613 src=mcu type=0x01 len=16 data=aaab2d042f000000000000000000ef85
WFR t=93653 src=mcu type=0x01 len=16 data=aaac232c00000000000000000000bdef
WFI t=93655 a=-1643,-3843,-86 g=-3,-1,-7
WFR t=93673 src=mcu type=0x01 len=16 data=aaad0048005f00021000000100801d27
WFI t=93704 a=-1632,-3829,-96 g=-3,15,-10
WFR t=93713 src=mcu type=0x01 len=16 data=aaae55f04b0b18000000803a40005cef
WFR t=93733 src=mcu type=0x01 len=16 data=aaaf08610005460c2f78a00f090076a9
WFR t=93753 src=mcu type=0x01 len=16 data=aab00118008000000000ffffffff60a9
WFI t=93754 a=-1644,-3851,-95 g=-7,9,-11
WFR t=93793 src=mcu type=0x01 len=16 data=aab12d042f000000000000000000c91f
WFI t=93804 a=-1642,-3845,-92 g=-9,-2,-6
WFR t=93813 src=mcu type=0x01 len=16 data=aab2232c0000000000000000000095f1
WFR t=93843 src=bms type=0x02 len=129 data=d2037c0eed0eec0eed0eec0eed0eec0eed0eed0eec0eec0eed0eee0ef10ef10ef10ef00ef10ef10ef20ef20ef20ef20ef30ef30ef10ef20ef20ef20000000000000000003d0000000000000000000000000000042e752f02ae0ef30eec003d003d00000157001c0001001d0000000100010eef0007000a00000000000000008641
WFR t=93853 src=mcu type=0x01 len=16 data=aab3014a02050030000488001b007188
WFI t=93854 a=-1670,-3839,-81 g=-8,-41,6
WFR t=93902 src=mcu type=0x01 len=16 data=aab400009f0ca90c9a0c540600001589
WFR t=93902 src=mcu type=0x01 len=16 data=aab51b00e8517918060ea60ab0009e34
WFI t=93904 a=-1607,-3847,-85 g=1,-13,15
WFR t=93933 src=mcu type=0x01 len=16 data=aab6050804080080cb020122f13fc622
WFR t=93953 src=mcu type=0x01 len=16 data=aa8001180080000000000000ffff217d
WFI t=93954 a=-1629,-3860,-78 g=-2,48,-36
WFR t=93993 src=mcu type=0x01 len=16 data=aa812d042f00000000000000000088ef
WFI t=94004 a=-1691,-3849,-88 g=-5,19,-19
WFR t=94013 src=mcu type=0x01 len=16 data=aa82232c00000000000000000000d401
WFR t=94033 src=mcu type=0x01 len=16 data=aa83000100011101b70111019f00058c
WFI t=94054 a=-1649,-3856,-87 g=0,-40,22
WFR t=94073 src=mcu type=0x01 len=16 data=aa840000090a10560001310051c45a55
WFR t=94093 src=mcu type=0x01 len=16 data=aa8513088003e204080b1000507864d4
WFI t=94104 a=-1622,-3862,-95 g=-5,-19,-7
WFR t=94133 src=mcu type=0x01 len=16 data=aa868403f4010400a00f8813c003f9eb
WFR t=94153 src=mcu type=0x01 len=16 data=aa8701180080000000000000feff2baa
WFI t=94154 a=-1656,-3859,-81 g=-2,8,-6
WFR t=94193 src=mcu type=0x01 len=16 data=aa882d042f0000000000000000009526
WFI t=94204 a=-1624,-3849,-92 g=2,17,-6
WFR t=94213 src=mcu type=0x01 len=16 data=aa89232c00000000000000000000ce8a
WFR t=94233 src=mcu type=0x01 len=16 data=aa8a480c1c0207284901230020001521
WFR t=94248 src=bms type=0x02 len=129 data=d2037c0eed0eec0eed0eec0eed0eec0eed0eed0eec0eec0eed0eee0ef10ef10ef10ef00ef10ef10ef20ef20ef20ef20ef30ef30ef10ef20ef20ef20000000000000000003d0000000000000000000000000000042e752f02ae0ef30eec003d003d00000157001c0001001d0000000100010eef0007000a00000000000000008641
WFI t=94254 a=-1644,-3856,-98 g=-11,9,-18
WFR t=94273 src=mcu type=0x01 len=16 data=aa8b40005c03474c775419031a0e80f3
WFR t=94293 src=mcu type=0x01 len=16 data=aa8c2225bf0420034006b80b3e02672c
WFI t=94304 a=-1664,-3862,-95 g=-7,-29,6
WFR t=94333 src=mcu type=0x01 len=16 data=aa8d800c800000006c07102780008244
WFR t=94353 src=mcu type=0x01 len=16 data=aa8e01180080000000000000ffff37f3
WFI t=94354 a=-1623,-3858,-92 g=-1,-23,11
WFR t=94373 src=mcu type=0x01 len=16 data=aa8f2d042f0000000000000000009e61
WFI t=94404 a=-1623,-3869,-88 g=1,33,-20
WFR t=94413 src=mcu type=0x01 len=16 data=aa90232c00000000000000000000edd3
WFR t=94433 src=mcu type=0x01 len=16 data=aa910b000f00465a667332000b9ed1a0
WFI t=94454 a=-1666,-3863,-90 g=1,30,-25
WFR t=94473 src=mcu type=0x01 len=16 data=aa92000000000000000000000000fbba
WFR t=94493 src=mcu type=0x01 len=16 data=aa93d804480804242c01c003214fe1ad
WFI t=94504 a=-1673,-3855,-82 g=-2,-42,14
WFR t=94513 src=mcu type=0x01 len=16 data=aa94f0f465fffffff8080d00412af645
WFI t=94652 a=-1606,-3856,-74 g=-2,3,-8
WFI t=94803 a=-1660,-3849,-77 g=0,17,1
WFR t=94818 src=mcu type=0x01 len=16 data=aa9501180080000000000000ffff13e8
WFR t=94819 src=mcu type=0x01 len=16 data=aa962d042f000000000000000000bd38
WFR t=94819 src=mcu type=0x01 len=16 data=aa97232c00000000000000000000e694
WFR t=94819 src=mcu type=0x01 len=16 data=aa9807010200000056117eea00007aa4
WFI t=94819 a=-1629,-3856,-83 g=-3,-52,29
WFR t=94819 src=bms type=0x02 len=129 data=d2037c0eed0eec0eed0eed0eed0eec0eed0eed0eec0eec0eed0eee0ef00ef00ef10ef00ef10ef10ef20ef20ef10ef20ef20ef20ef10ef20ef20ef20000000000000000003d0000000000000000000000000000042e752e02ae0ef20eec003d003d00000157001c0001001d0000000100010eef000600150000000000000000e320
WFR t=94819 src=mcu type=0x01 len=16 data=aa991d00ab04a08c64502748395e1e28
WFR t=94820 src=mcu type=0x01 len=16 data=aa9a646464625f5d5b5955010101d546
WFR t=94820 src=mcu type=0x01 len=16 data=aa9b0101010100000000fbfbecd30e91
WFR t=94820 src=mcu type=0x01 len=16 data=aa9c01180080000000000000feff0fb1
WFR t=94820 src=mcu type=0x01 len=16 data=aa9d2d042f000000000000000000a7b3
WFR t=94820 src=mcu type=0x01 len=16 data=aa9e232c00000000000000000000fb5d
WFI t=94821 a=-1630,-3851,-84 g=-5,-39,26
WFI t=94823 a=-1630,-3851,-84 g=-5,-39,26
WFI t=94827 a=-1609,-3867,-79 g=-2,-33,23
WFR t=94833 src=mcu type=0x01 len=16 data=aa9fb5a1b0bfd800000000000000dfe1
WFR t=94853 src=mcu type=0x01 len=16 data=aaa000000000020c000035006a00d1bd
WFI t=94855 a=-1599,-3854,-83 g=-1,9,-13
WFR t=94893 src=mcu type=0x01 len=16 data=aaa188044a5357583036323430360894
WFI t=94904 a=-1667,-3851,-80 g=-4,51,-36
WFR t=94913 src=mcu type=0x01 len=16 data=aaa231344e4242463930333500005e71
WFR t=94953 src=mcu type=0x01 len=16 data=aaa301180080000000000000ffff5bde
WFI t=94954 a=-1671,-3848,-101 g=1,11,-6
WFR t=94973 src=mcu type=0x01 len=16 data=aaa42d042f000000000000000000fb8a
WFR t=94993 src=mcu type=0x01 len=16 data=aaa5232c00000000000000000000a026
WFI t=95004 a=-1668,-3848,-84 g=-8,-53,9
WFR t=95033 src=mcu type=0x01 len=16 data=aaa6000000000000000000000000b4ce
WFR t=95053 src=mcu type=0x01 len=16 data=aaa7000000000000000000000000b64f
WFI t=95054 a=-1637,-3867,-81 g=0,-44,24
WFR t=95088 src=bms type=0x02 len=129 data=d2037c0eed0eec0eed0eed0eed0eec0eed0eed0eec0eec0eed0eee0ef00ef00ef10ef00ef10ef10ef20ef20ef10ef20ef20ef20ef10ef20ef20ef20000000000000000003d0000000000000000000000000000042e752e02ae0ef20eec003d003d00000157001c0001001d0000000100010eef000600150000000000000000e320
WFR t=95093 src=mcu type=0x01 len=16 data=aaa801801b000000400052a8194013c9
WFI t=95104 a=-1612,-3849,-96 g=-7,-3,-8
WFR t=95113 src=mcu type=0x01 len=16 data=aaa9028288135c4488132400ec02f999
WFR t=95133 src=mcu type=0x01 len=16 data=aaaa01180080000000000000feff4787
WFI t=95154 a=-1648,-3850,-87 g=3,59,-27
WFR t=95173 src=mcu type=0x01 len=16 data=aaab2d042f000000000000000000ef85
WFR t=95193 src=mcu type=0x01 len=16 data=aaac232c00000000000000000000bdef
WFI t=95204 a=-1677,-3875,-86 g=-10,15,-25
WFR t=95233 src=mcu type=0x01 len=16 data=aaad0048005f00021000000100801d27
WFR t=95253 src=mcu type=0x01 len=16 data=aaae55f04b0b18000000803a40005cef
WFI t=95254 a=-1674,-3839,-86 g=-2,-47,20
WFR t=95273 src=mcu type=0x01 len=16 data=aaaf08610005460c2f78a00f090076a9
WFI t=95304 a=-1623,-3856,-98 g=-8,-37,16
WFR t=95313 src=mcu type=0x01 len=16 data=aab001180080000000000000feff611d
WFR t=95333 src=mcu type=0x01 len=16 data=aab12d042f000000000000000000c91f
WFI t=95354 a=-1632,-3863,-91 g=1,30,-21
WFR t=95373 src=mcu type=0x01 len=16 data=aab2232c0000000000000000000095f1
WFR t=95393 src=mcu type=0x01 len=16 data=aab3014a02050030000488001b007188
WFI t=95404 a=-1687,-3854,-103 g=-1,19,-15
WFR t=95433 src=mcu type=0x01 len=16 data=aab400009f0ca90c9a0c540600001589
WFR t=95453 src=mcu type=0x01 len=16 data=aab51b00e8517918060eaa0ab0009d64
WFI t=95454 a=-1636,-3851,-100 g=1,-3,3
WFR t=95463 src=bms type=0x02 len=129 data=d2037c0eed0eec0eed0eec0eed0eec0eed0eed0eec0eec0eed0eee0ef00ef10ef10ef00ef10ef10ef20ef20ef20ef20ef30ef20ef10ef20ef20ef20000000000000000003d0000000000000000000000000000042e752f02ae0ef30eec003d003d00000157001c0001001d0000000100010eef0007000a00000000000000000ded
WFR t=95473 src=mcu type=0x01 len=16 data=aab6050804080080cb020122f13fc622
WFI t=95504 a=-1645,-3869,-87 g=-5,-10,-10
WFR t=95513 src=mcu type=0x01 len=16 data=aa8001180080000000000000ffff217d
WFR t=95533 src=mcu type=0x01 len=16 data=aa812d042f00000000000000000088ef
WFI t=95554 a=-1668,-3850,-81 g=-3,-21,6
WFR t=95573 src=mcu type=0x01 len=16 data=aa82232c00000000000000000000d401
WFR t=95593 src=mcu type=0x01 len=16 data=aa83000100011101b70111019f00058c
WFI t=95604 a=-1625,-3854,-83 g=0,0,3
WFR t=95613 src=mcu type=0x01 len=16 data=aa840000090a10560001310051c45a55
WFR t=95653 src=mcu type=0x01 len=16 data=aa8513088003e204080b1000507864d4
WFI t=95654 a=-1653,-3862,-95 g=-2,37,-27
WFR t=95673 src=mcu type=0x01 len=16 data=aa868403f4010400a00f8813c003f9eb
WFI t=95704 a=-1678,-3862,-86 g=-7,-9,-4
WFR t=95713 src=mcu type=0x01 len=16 data=aa8701180080000000000000ffff2a3a
WFR t=95733 src=mcu type=0x01 len=16 data=aa882d042f0000000000000000009526
WFR t=95753 src=mcu type=0x01 len=16 data=aa89232c00000000000000000000ce8a
WFI t=95754 a=-1623,-3864,-86 g=-7,-36,18
WFR t=95793 src=mcu type=0x01 len=16 data=aa8a480c1c0207284901230020001521
WFI t=95804 a=-1627,-3866,-107 g=-1,10,-18
WFR t=95813 src=mcu type=0x01 len=16 data=aa8b40005c03474c775419031a0e80f3
WFR t=95853 src=mcu type=0x01 len=16 data=aa8c2225bf0420034006b80b3e02672c
WFI t=95854 a=-1674,-3861,-84 g=-3,10,-14
WFR t=95873 src=mcu type=0x01 len=16 data=aa8d800c800000006c07102780008244
WFR t=95883 src=bms type=0x02 len=129 data=d2037c0eed0eec0eed0eec0eed0eec0eed0eed0eec0eec0eed0eee0ef00ef10ef10ef00ef10ef10ef20ef20ef20ef20ef30ef20ef10ef20ef20ef20000000000000000003d0000000000000000000000000000042e752f02ae0ef30eec003d003d00000157001c0001001d0000000100010eef0007000a00000000000000000ded
WFI t=95904 a=-1630,-3851,-111 g=-3,-3,5
WFR t=95913 src=mcu type=0x01 len=16 data=aa8e01180080000000000000ffff37f3
WFR t=95933 src=mcu type=0x01 len=16 data=aa8f2d042f0000000000000000009e61
WFR t=95953 src=mcu type=0x01 len=16 data=aa90232c00000000000000000000edd3
WFI t=95954 a=-1664,-3854,-90 g=-7,-9,-11
WFR t=95993 src=mcu type=0x01 len=16 data=aa910b000f00465a667332000b9ed1a0
WFI t=96004 a=-1653,-3854,-97 g=2,0,-3
WFR t=96013 src=mcu type=0x01 len=16 data=aa92000000000000000000000000fbba
WFR t=96053 src=mcu type=0x01 len=16 data=aa93d804480804242c01c003214fe1ad
WFI t=96054 a=-1639,-3858,-86 g=-4,-10,-6
WFR t=96073 src=mcu type=0x01 len=16 data=aa94f0f465fffffff8080d00412af645
WFR t=96094 src=mcu type=0x01 len=16 data=aa9501180080000000000000ffff13e8
WFI t=96104 a=-1654,-3847,-84 g=-1,-4,2
WFR t=96133 src=mcu type=0x01 len=16 data=aa962d042f000000000000000000bd38
WFR t=96153 src=mcu type=0x01 len=16 data=aa97232c00000000000000000000e694
WFI t=96154 a=-1653,-3852,-78 g=-7,-24,3
WFR t=96193 src=mcu type=0x01 len=16 data=aa9807010200000056117eea00007aa4
WFI t=96204 a=-1644,-3846,-78 g=-4,-10,7
WFR t=96213 src=mcu type=0x01 len=16 data=aa991d00ab04a08c64502748395e1e28
WFR t=96233 src=mcu type=0x01 len=16 data=aa9a646464625f5d5b5955010101d546
WFI t=96254 a=-1625,-3851,-85 g=-5,32,-26
WFR t=96273 src=mcu type=0x01 len=16 data=aa9b0101010100000000fbfbecd30e91
WFR t=96288 src=bms type=0x02 len=129 data=d2037c0eed0eec0eed0eec0eed0eec0eed0eed0eec0eec0eed0eee0ef00ef10ef10ef00ef10ef10ef20ef20ef20ef20ef30ef20ef10ef20ef20ef20000000000000000003d0000000000000000000000000000042e752f02ae0ef30eec003d003d00000157001c0001001d0000000100010eef0007000a00000000000000000ded
WFR t=96293 src=mcu type=0x01 len=16 data=aa9c01180080000000000000feff0fb1
WFI t=96304 a=-1687,-3849,-85 g=-3,6,-19
WFR t=96333 src=mcu type=0x01 len=16 data=aa9d2d042f000000000000000000a7b3
WFR t=96353 src=mcu type=0x01 len=16 data=aa9e232c00000000000000000000fb5d
WFI t=96354 a=-1645,-3850,-91 g=-2,-33,21
WFR t=96373 src=mcu type=0x01 len=16 data=aa9fb5a1b0bfd800000000000000dfe1
WFI t=96404 a=-1627,-3849,-89 g=-8,-11,-4
WFR t=96413 src=mcu type=0x01 len=16 data=aaa000000000020c000035006a00d1bd
WFR t=96433 src=mcu type=0x01 len=16 data=aaa188044a5357583036323430360894
WFI t=96454 a=-1663,-3856,-77 g=-1,31,-12
WFR t=96473 src=mcu type=0x01 len=16 data=aaa231344e4242463930333500005e71
WFR t=96494 src=mcu type=0x01 len=16 data=aaa301180080000000000000ffff5bde
WFI t=96504 a=-1657,-3849,-87 g=0,2,-10
WFR t=96533 src=mcu type=0x01 len=16 data=aaa42d042f000000000000000000fb8a
WFR t=96553 src=mcu type=0x01 len=16 data=aaa5232c00000000000000000000a026
WFI t=96554 a=-1654,-3852,-73 g=-4,-21,9
WFR t=96665 src=mcu type=0x01 len=16 data=aaa6000000000000000000000000b4ce
WFR t=96665 src=mcu type=0x01 len=16 data=aaa7000000000000000000000000b64f
WFR t=96665 src=mcu type=0x01 len=16 data=aaa801801b000000400052a8194013c9
WFI t=96680 a=-1644,-3860,-88 g=3,25,-14
WFR t=96681 src=mcu type=0x01 len=16 data=aaa9028288135c4488132400ec02f999
WFR t=96681 src=bms type=0x02 len=129 data=d2037c0eed0eec0eed0eed0eed0eec0eed0eed0eec0eec0eed0eee0ef10ef10ef10eef0ef10ef10ef20ef20ef10ef20ef30ef20ef10ef20ef20ef20000000000000000003d0000000000000000000000000000042e752f02ae0ef30eec003d003d00000157001c0001001d0000000100010eef0007000a00000000000000009794
WFI t=96682 a=-1657,-3844,-106 g=1,16,-7
WFR t=96693 src=mcu type=0x01 len=16 data=aaaa01180080000000000000ffff4617
WFI t=96745 a=-1632,-3849,-76 g=-3,6,-3
WFR t=96754 src=mcu type=0x01 len=16 data=aaab2d042f000000000000000000ef85
WFI t=96754 a=-1640,-3860,-84 g=-1,11,-7
WFR t=96754 src=mcu type=0x01 len=16 data=aaac232c00000000000000000000bdef
WFR t=96773 src=mcu type=0x01 len=16 data=aaad0048005f00021000000100801d27
WFI t=96804 a=-1674,-3859,-85 g=-10,-38,-2
WFR t=96813 src=mcu type=0x01 len=16 data=aaae55f04b0b18000000803a40005cef
WFR t=96833 src=mcu type=0x01 len=16 data=aaaf08610005460c2f78a00f090076a9
WFR t=96853 src=mcu type=0x01 len=16 data=aab001180080000000000000ffff608d
WFI t=96854 a=-1613,-3859,-92 g=6,-6,17
WFR t=96893 src=mcu type=0x01 len=16 data=aab12d042f000000000000000000c91f
WFI t=96904 a=-1633,-3849,-88 g=-7,24,-35
WFR t=96913 src=mcu type=0x01 len=16 data=aab2232c0000000000000000000095f1
WFR t=96953 src=mcu type=0x01 len=16 data=aab3014a02050030000488001b007188
WFI t=96954 a=-1661,-3853,-92 g=-1,25,-6
WFR t=96973 src=mcu type=0x01 len=16 data=aab400009f0ca90c9a0c540600001589
WFI t=97004 a=-1648,-3855,-95 g=-7,-41,8
WFR t=97013 src=mcu type=0x01 len=16 data=aab51b00e8517918060eb00ab0009a7c
WFR t=97033 src=mcu type=0x01 len=16 data=aab6050804080080cb020122f13fc622
WFR t=97053 src=mcu type=0x01 len=16 data=aa8001180080000000000000feff20ed
WFI t=97054 a=-1647,-3853,-94 g=-2,-17,7
WFR t=97083 src=bms type=0x02 len=129 data=d2037c0eed0eec0eed0eed0eed0eec0eed0eed0eec0eec0eed0eee0ef10ef10ef10eef0ef10ef10ef20ef20ef10ef20ef30ef20ef10ef20ef20ef20000000000000000003d0000000000000000000000000000042e752f02ae0ef30eec003d003d00000157001c0001001d0000000100010eef0007000a00000000000000009794
WFR t=97093 src=mcu type=0x01 len=16 data=aa812d042f00000000000000000088ef
WFI t=97104 a=-1644,-3848,-86 g=-6,6,-13
WFR t=97113 src=mcu type=0x01 len=16 data=aa82232c00000000000000000000d401
WFR t=97153 src=mcu type=0x01 len=16 data=aa83000100011101b70111019f00058c
WFI t=97154 a=-1673,-3865,-72 g=-6,5,-8
WFR t=97173 src=mcu type=0x01 len=16 data=aa840000090a10560001310051c45a55
WFR t=97193 src=mcu type=0x01 len=16 data=aa8513088003e204080b1000507864d4
WFI t=97204 a=-1655,-3868,-79 g=-6,-4,1
WFR t=97233 src=mcu type=0x01 len=16 data=aa868403f4010400a00f8813c003f9eb
WFR t=97253 src=mcu type=0x01 len=16 data=aa8701180080000000000000feff2baa
WFI t=97254 a=-1648,-3857,-92 g=-5,5,-12
WFR t=97293 src=mcu type=0x01 len=16 data=aa882d042f0000000000000000009526
WFI t=97304 a=-1682,-3867,-94 g=1,-18,-4
WFR t=97313 src=mcu type=0x01 len=16 data=aa89232c00000000000000000000ce8a
WFR t=97333 src=mcu type=0x01 len=16 data=aa8a480c1c0207284901230020001521
WFI t=97354 a=-1638,-3850,-77 g=0,-17,13
WFR t=97373 src=mcu type=0x01 len=16 data=aa8b40005c03474c775419031a0e80f3
WFR t=97393 src=mcu type=0x01 len=16 data=aa8c2225bf0420034006b80b3e02672c
WFI t=97404 a=-1633,-3853,-79 g=1,23,-19
WFR t=97433 src=mcu type=0x01 len=16 data=aa8d800c800000006c07102780008244
WFR t=97453 src=mcu type=0x01 len=16 data=aa8e01180080000000000000feff3663
WFI t=97454 a=-1672,-3855,-101 g=-7,14,-20
WFR t=97473 src=mcu type=0x01 len=16 data=aa8f2d042f0000000000000000009e61
WFT t=97488 batt_mv=4188 rssi_mcu=-70 rssi_bms=-81 mcu=3460 bms=174 dropped=0
WFR t=97503 src=bms type=0x02 len=129 data=d2037c0eed0eec0eed0eec0eed0eec0eed0eed0eec0eec0eed0eee0ef00ef10ef10ef00ef10ef10ef20ef20ef20ef20ef30ef30ef10ef20ef20ef20000000000000000003d0000000000000000000000000000042e752f02ae0ef30eec003d003d00000157001c0001001d0000000100010eef0007000a00000000000000004d6c
WFI t=97504 a=-1650,-3853,-84 g=-10,-41,19
WFR t=97513 src=mcu type=0x01 len=16 data=aa90232c00000000000000000000edd3
WFR t=97533 src=mcu type=0x01 len=16 data=aa910b000f00465a667332000b9ed1a0
WFI t=97554 a=-1619,-3856,-92 g=0,-13,-1
WFR t=97573 src=mcu type=0x01 len=16 data=aa92000000000000000000000000fbba
WFR t=97593 src=mcu type=0x01 len=16 data=aa93d804480804242c01c003214fe1ad
WFI t=97604 a=-1658,-3855,-70 g=-1,27,-22
WFR t=97633 src=mcu type=0x01 len=16 data=aa94f0f465fffffff8080d00412af645
WFR t=97653 src=mcu type=0x01 len=16 data=aa9501180080000000000000ffff13e8
WFI t=97654 a=-1664,-3843,-95 g=3,-1,-6
WFR t=97673 src=mcu type=0x01 len=16 data=aa962d042f000000000000000000bd38
WFI t=97704 a=-1646,-3858,-78 g=-5,-7,6
WFR t=97713 src=mcu type=0x01 len=16 data=aa97232c00000000000000000000e694
WFR t=97733 src=mcu type=0x01 len=16 data=aa9807010200000056117eea00007aa4
WFI t=97754 a=-1653,-3852,-90 g=0,9,-18
WFR t=97773 src=mcu type=0x01 len=16 data=aa991d00ab04a08c64502748395e1e28
WFR t=97793 src=mcu type=0x01 len=16 data=aa9a646464625f5d5b5955010101d546
WFI t=97804 a=-1674,-3847,-62 g=-7,-18,3
WFR t=97813 src=mcu type=0x01 len=16 data=aa9b0101010100000000fbfbecd30e91
WFR t=97853 src=mcu type=0x01 len=16 data=aa9c01180080000000000000feff0fb1
WFI t=97854 a=-1612,-3855,-106 g=0,-1,6
WFR t=97873 src=mcu type=0x01 len=16 data=aa9d2d042f000000000000000000a7b3
WFI t=97904 a=-1681,-3851,-86 g=-1,6,-27
WFR t=97908 src=bms type=0x02 len=129 data=d2037c0eed0eec0eed0eec0eed0eec0eed0eed0eec0eec0eed0eee0ef00ef10ef10ef00ef10ef10ef20ef20ef20ef20ef30ef30ef10ef20ef20ef20000000000000000003d0000000000000000000000000000042e752f02ae0ef30eec003d003d00000157001c0001001d0000000100010eef0007000a00000000000000004d6c
WFR t=97913 src=mcu type=0x01 len=16 data=aa9e232c00000000000000000000fb5d
WFR t=97933 src=mcu type=0x01 len=16 data=aa9fb5a1b0bfd800000000000000dfe1
WFR t=97953 src=mcu type=0x01 len=16 data=aaa000000000020c000035006a00d1bd
WFI t=97954 a=-1651,-3850,-98 g=-2,-9,13
WFR t=97993 src=mcu type=0x01 len=16 data=aaa188044a5357583036323430360894
WFI t=98004 a=-1631,-3853,-87 g=-4,-20,0
WFR t=98013 src=mcu type=0x01 len=16 data=aaa231344e4242463930333500005e71
WFR t=98053 src=mcu type=0x01 len=16 data=aaa301180080000000000000feff5a4e
WFI t=98054 a=-1652,-3846,-86 g=2,20,-16
WFR t=98073 src=mcu type=0x01 len=16 data=aaa42d042f000000000000000000fb8a
WFI t=98104 a=-1670,-3857,-74 g=-3,0,-8
WFR t=98113 src=mcu type=0x01 len=16 data=aaa5232c00000000000000000000a026
WFR t=98133 src=mcu type=0x01 len=16 data=aaa6000000000000000000000000b4ce
WFR t=98153 src=mcu type=0x01 len=16 data=aaa7000000000000000000000000b64f
WFI t=98154 a=-1641,-3855,-99 g=-5,-14,5
WFR t=98193 src=mcu type=0x01 len=16 data=aaa801801b000000400052a8194013c9
WFI t=98204 a=-1626,-3848,-81 g=-11,-3,-8
WFR t=98213 src=mcu type=0x01 len=16 data=aaa9028288135c4488132400ec02f999
WFR t=98253 src=mcu type=0x01 len=16 data=aaaa01180080000000000000ffff4617
WFI t=98254 a=-1666,-3854,-62 g=-3,-3,-5
WFR t=98273 src=mcu type=0x01 len=16 data=aaab2d042f000000000000000000ef85
WFR t=98293 src=mcu type=0x01 len=16 data=aaac232c00000000000000000000bdef
WFR t=98298 src=bms type=0x02 len=129 data=d2037c0eed0eec0eed0eec0eed0eec0eed0eed0eec0eec0eed0eee0ef00ef10ef10ef00ef10ef10ef20ef20ef20ef20ef30ef30ef10ef20ef20ef20000000000000000003d0000000000000000000000000000042e752f02ae0ef30eec003d003d00000157001c0001001d0000000100010eef0007000a00000000000000004d6c
WFI t=98304 a=-1632,-3846,-93 g=0,-1,5
WFR t=98333 src=mcu type=0x01 len=16 data=aaad0048005f00021000000100801d27
WFR t=98353 src=mcu type=0x01 len=16 data=aaae55f04b0b18000000803a40005cef
WFI t=98354 a=-1632,-3846,-65 g=-3,9,-16
WFR t=98393 src=mcu type=0x01 len=16 data=aaaf08610005460c2f78a00f090076a9
WFI t=98404 a=-1664,-3855,-89 g=-3,-5,-2
WFR t=98414 src=mcu type=0x01 len=16 data=aab001180080000000000000ffff608d
WFR t=98433 src=mcu type=0x01 len=16 data=aab12d042f000000000000000000c91f
WFI t=98454 a=-1640,-3859,-80 g=-8,-16,9
WFR t=98473 src=mcu type=0x01 len=16 data=aab2232c0000000000000000000095f1
WFR t=98493 src=mcu type=0x01 len=16 data=aab3014a02050030000488001b007188
WFI t=98504 a=-1657,-3843,-90 g=0,14,-17
WFR t=98533 src=mcu type=0x01 len=16 data=aab400009f0ca90c9a0c540600001589
WFR t=98553 src=mcu type=0x01 len=16 data=aab51b00e8517918060eb00ab0009a7c
WFI t=98554 a=-1680,-3860,-86 g=-8,-6,-1
WFR t=98596 src=mcu type=0x01 len=16 data=aab6050804080080cb020122f13fc622
WFI t=98644 a=-1639,-3855,-75 g=-4,-1,-12
WFR t=98657 src=mcu type=0x01 len=16 data=aa8001180080000000000000ffff217d
WFR t=98658 src=mcu type=0x01 len=16 data=aa812d042f00000000000000000088ef
WFI t=98661 a=-1640,-3868,-80 g=-1,21,-9
WFR t=98676 src=mcu type=0x01 len=16 data=aa82232c00000000000000000000d401
WFI t=98836 a=-1675,-3853,-85 g=-4,-30,15
WFI t=98917 a=-1621,-3869,-91 g=0,8,-19
WFR t=98932 src=mcu type=0x01 len=16 data=aa83000100011101b70111019f00058c
WFR t=98932 src=bms type=0x02 len=129 data=d2037c0eed0eec0eed0eed0eed0eec0eed0eed0eec0eec0eed0eee0ef10ef10ef10ef00ef10ef10ef20ef20ef20ef30ef30ef30ef10ef20ef20ef20000000000000000003d0000000000000000000000000000042e752e02ae0ef30eec003d003d00000157001c0001001d0000000100010eef0007001500000000000000008b67
WFR t=98933 src=mcu type=0x01 len=16 data=aa840000090a10560001310051c45a55
WFR t=98933 src=mcu type=0x01 len=16 data=aa8513088003e204080b1000507864d4
WFR t=98933 src=mcu type=0x01 len=16 data=aa868403f4010400a00f8813c003f9eb
WFI t=98933 a=-1673,-3855,-104 g=-3,0,-3
WFR t=98933 src=mcu type=0x01 len=16 data=aa8701180080000000000000feff2baa
WFR t=98934 src=mcu type=0x01 len=16 data=aa882d042f0000000000000000009526
WFR t=98934 src=mcu type=0x01 len=16 data=aa89232c00000000000000000000ce8a
WFR t=98934 src=mcu type=0x01 len=16 data=aa8a480c1c0207284901230020001521
WFR t=98934 src=mcu type=0x01 len=16 data=aa8b40005c03474c775419031a0e80f3
WFI t=98935 a=-1659,-3853,-88 g=-8,-18,3
WFI t=98937 a=-1661,-3843,-88 g=-4,-22,4
WFR t=98953 src=mcu type=0x01 len=16 data=aa8c2225bf0420034006b80b3e02672c
WFI t=98954 a=-1651,-3857,-79 g=-2,-23,6
WFR t=98973 src=mcu type=0x01 len=16 data=aa8d800c800000006c07102780008244
WFI t=99004 a=-1638,-3850,-84 g=-5,-9,-4
WFR t=99013 src=mcu type=0x01 len=16 data=aa8e01180080000000000000ffff37f3
WFR t=99033 src=mcu type=0x01 len=16 data=aa8f2d042f0000000000000000009e61
WFR t=99053 src=mcu type=0x01 len=16 data=aa90232c00000000000000000000edd3
WFI t=99054 a=-1666,-3861,-88 g=-8,-7,-5
WFR t=99093 src=mcu type=0x01 len=16 data=aa910b000f00465a667332000b9ed1a0
WFI t=99104 a=-1633,-3854,-95 g=0,1,0
WFR t=99113 src=mcu type=0x01 len=16 data=aa92000000000000000000000000fbba
WFR t=99153 src=mcu type=0x01 len=16 data=aa93d804480804242c01c003214fe1ad
WFI t=99154 a=-1629,-3846,-71 g=-4,22,-20
WFR t=99173 src=mcu type=0x01 len=16 data=aa94f0f465fffffff8080d00412af645
WFR t=99198 src=bms type=0x02 len=129 data=d2037c0eed0eec0eed0eed0eed0eec0eed0eed0eec0eec0eed0eee0ef10ef10ef10ef00ef10ef10ef20ef20ef20ef30ef30ef30ef10ef20ef20ef20000000000000000003d0000000000000000000000000000042e752e02ae0ef30eec003d003d00000157001c0001001d0000000100010eef0007001500000000000000008b67
WFI t=99204 a=-1675,-3848,-96 g=-1,2,-12
WFR t=99214 src=mcu type=0x01 len=16 data=aa9501180080000000000000feff1278
WFR t=99233 src=mcu type=0x01 len=16 data=aa962d042f000000000000000000bd38
WFR t=99253 src=mcu type=0x01 len=16 data=aa97232c00000000000000000000e694
WFI t=99254 a=-1670,-3852,-84 g=-3,-45,23
WFR t=99293 src=mcu type=0x01 len=16 data=aa9807010200000056117eea00007aa4
WFI t=99304 a=-1607,-3847,-90 g=-5,-6,1
WFR t=99313 src=mcu type=0x01 len=16 data=aa991d00ab04a08c64502748395e1e28
WFR t=99353 src=mcu type=0x01 len=16 data=aa9a646464625f5d5b5955010101d546
WFI t=99355 a=-1662,-3839,-80 g=-4,41,-29
WFR t=99373 src=mcu type=0x01 len=16 data=aa9b0101010100000000fbfbecd30e91
WFR t=99394 src=mcu type=0x01 len=16 data=aa9c01180080000000000000ffff0e21
WFI t=99404 a=-1673,-3840,-89 g=-6,-9,3
WFR t=99433 src=mcu type=0x01 len=16 data=aa9d2d042f000000000000000000a7b3
WFI t=99495 a=-1633,-3860,-89 g=0,-31,12
WFR t=99496 src=mcu type=0x01 len=16 data=aa9e232c00000000000000000000fb5d
WFR t=99496 src=mcu type=0x01 len=16 data=aa9fb5a1b0bfd800000000000000dfe1
WFI t=99504 a=-1635,-3853,-75 g=-5,10,-15
WFR t=99513 src=mcu type=0x01 len=16 data=aaa000000000020c000035006a00d1bd
WFR t=99533 src=mcu type=0x01 len=16 data=aaa188044a5357583036323430360894
WFI t=99554 a=-1649,-3850,-81 g=-2,14,-9
WFR t=99573 src=mcu type=0x01 len=16 data=aaa231344e4242463930333500005e71
WFR t=99588 src=bms type=0x02 len=129 data=d2037c0eed0eec0eed0eed0eed0eec0eed0eed0eec0eec0eed0eee0ef10ef00ef10ef00ef10ef10ef20ef20ef20ef20ef30ef30ef10ef20ef20ef20000000000000000003d0000000000000000000000000000042e753002ae0ef30eec003d003d00000157001c0001001d0000000100010eef0007000000000000000000006ec4
WFR t=99593 src=mcu type=0x01 len=16 data=aaa301180080000000000000ffff5bde
WFI t=99604 a=-1645,-3853,-86 g=-5,-4,-2
WFR t=99634 src=mcu type=0x01 len=16 data=aaa42d042f000000000000000000fb8a
WFR t=99653 src=mcu type=0x01 len=16 data=aaa5232c00000000000000000000a026
WFI t=99654 a=-1646,-3869,-88 g=0,-4,-7
WFR t=99673 src=mcu type=0x01 len=16 data=aaa6000000000000000000000000b4ce
WFI t=99704 a=-1649,-3853,-95 g=-2,-10,-2
WFR t=99713 src=mcu type=0x01 len=16 data=aaa7000000000000000000000000b64f
WFR t=99733 src=mcu type=0x01 len=16 data=aaa801801b000000400052a8194013c9
WFI t=99754 a=-1647,-3851,-80 g=2,-18,8
WFR t=99773 src=mcu type=0x01 len=16 data=aaa9028288135c4488132400ec02f999
WFR t=99794 src=mcu type=0x01 len=16 data=aaaa01180080000000000000ffff4617
WFI t=99804 a=-1634,-3847,-76 g=-1,2,-2
WFR t=99833 src=mcu type=0x01 len=16 data=aaab2d042f000000000000000000ef85
WFR t=99853 src=mcu type=0x01 len=16 data=aaac232c00000000000000000000bdef
WFI t=99855 a=-1659,-3853,-76 g=-2,7,-13
WFR t=99873 src=mcu type=0x01 len=16 data=aaad0048005f00021000000100801d27
WFI t=99904 a=-1655,-3842,-95 g=-2,-13,1
WFR t=99913 src=mcu type=0x01 len=16 data=aaae55f04b0b18000000803a40005cef
WFR t=99933 src=mcu type=0x01 len=16 data=aaaf08610005460c2f78a00f090076a9
WFI t=99954 a=-1647,-3850,-92 g=-1,-4,1
WFR t=99974 src=mcu type=0x01 len=16 data=aab001180080000000000000feff611d
WFR t=99994 src=mcu type=0x01 len=16 data=aab12d042f000000000000000000c91f
WFI t=100004 a=-1648,-3864,-66 g=-3,6,-9
WFR t=100008 src=bms type=0x02 len=129 data=d2037c0eed0eec0eed0eed0eed0eec0eed0eed0eec0eec0eed0eee0ef10ef00ef10ef00ef10ef10ef20ef20ef20ef20ef30ef30ef10ef20ef20ef20000000000000000003d0000000000000000000000000000042e753002ae0ef30eec003d003d00000157001c0001001d0000000100010eef0007000000000000000000006ec4
WFR t=100013 src=mcu type=0x01 len=16 data=aab2232c0000000000000000000095f1
WFR t=100053 src=mcu type=0x01 len=16 data=aab3014a02050030000488001b007188
WFI t=100054 a=-1659,-3848,-78 g=-3,0,-7
WFR t=100073 src=mcu type=0x01 len=16 data=aab400009f0ca90c9a0c540600001589
WFI t=100104 a=-1660,-3859,-82 g=-4,-24,6
WFR t=100113 src=mcu type=0x01 len=16 data=aab51b00e8517918060e370bb000e308
WFR t=100133 src=mcu type=0x01 len=16 data=aab6050804080080cb020122f13fc622
WFR t=100154 src=mcu type=0x01 len=16 data=aa8001180080000000000000ffff217d
WFI t=100154 a=-1647,-3855,-98 g=-2,0,4
WFR t=100194 src=mcu type=0x01 len=16 data=aa812d042f00000000000000000088ef
WFI t=100204 a=-1640,-3849,-93 g=-1,28,-25
WFR t=100213 src=mcu type=0x01 len=16 data=aa82232c00000000000000000000d401
WFR t=100253 src=mcu type=0x01 len=16 data=aa83000100011101b70111019f00058c
WFI t=100254 a=-1685,-3855,-85 g=-7,1,-7
WFR t=100273 src=mcu type=0x01 len=16 data=aa840000090a10560001310051c45a55
WFR t=100293 src=mcu type=0x01 len=16 data=aa8513088003e204080b1000507864d4
WFI t=100304 a=-1651,-3847,-91 g=-5,-62,24
WFR t=100333 src=mcu type=0x01 len=16 data=aa868403f4010400a00f8813c003f9eb
WFR t=100354 src=mcu type=0x01 len=16 data=aa8701180080000000000000ffff2a3a
WFI t=100354 a=-1628,-3840,-102 g=17,53,17
WFR t=100394 src=mcu type=0x01 len=16 data=aa882d042f0000000000000000009526
WFR t=100399 src=bms type=0x02 len=129 data=d2037c0eed0eec0eed0eed0eed0eec0eed0eed0eec0eec0eed0eee0ef10ef10ef10ef00ef10ef10ef20ef20ef20ef20ef30ef30ef10ef20ef20ef20000000000000000003d0000000000000000000000000000042e752f02ae0ef30eec003d003d00000157001c0001001d0000000100010eef0007000a00000000000000004502
WFR t=100540 src=mcu type=0x01 len=16 data=aa89232c00000000000000000000ce8a
WFR t=100540 src=mcu type=0x01 len=16 data=aa8a480c1c0207284901230020001521
WFI t=100555 a=-1681,-3874,-85 g=5,11,2
WFR t=100555 src=mcu type=0x01 len=16 data=aa8b40005c03474c775419031a0e80f3
WFR t=100555 src=mcu type=0x01 len=16 data=aa8c2225bf0420034006b80b3e02672c
WFR t=100556 src=mcu type=0x01 len=16 data=aa8d800c800000006c07102780008244
WFR t=100556 src=mcu type=0x01 len=16 data=aa8e01180080000000000000ffff37f3
WFI t=100557 a=-1630,-3846,-52 g=-4,15,-34
WFI t=100559 a=-1638,-3864,-64 g=3,29,-29
WFI t=100561 a=-1638,-3864,-64 g=3,29,-29
WFR t=100609 src=mcu type=0x01 len=16 data=aa8f2d042f0000000000000000009e61
WFI t=100697 a=-1689,-3866,-71 g=-4,-18,7
WFR t=100697 src=mcu type=0x01 len=16 data=aa90232c00000000000000000000edd3
WFR t=100697 src=mcu type=0x01 len=16 data=aa910b000f00465a667332000b9ed1a0
WFR t=100697 src=mcu type=0x01 len=16 data=aa92000000000000000000000000fbba
WFR t=100698 src=mcu type=0x01 len=16 data=aa93d804480804242c01c003214fe1ad
WFI t=100699 a=-1644,-3843,-75 g=-3,34,-38
WFI t=100704 a=-1660,-3865,-52 g=1,40,-39
WFR t=100733 src=mcu type=0x01 len=16 data=aa94f0f465fffffff8080d00412af645
WFR t=100754 src=mcu type=0x01 len=16 data=aa9501180080000000000000ffff13e8
WFI t=100754 a=-1703,-3874,-97 g=0,-26,9
WFR t=100774 src=mcu type=0x01 len=16 data=aa962d042f000000000000000000bd38
WFI t=100804 a=-1625,-3844,-63 g=-4,-37,36
WFR t=100813 src=mcu type=0x01 len=16 data=aa97232c00000000000000000000e694
WFR t=100818 src=bms type=0x02 len=129 data=d2037c0eed0eec0eed0eed0eed0eec0eed0eed0eec0eec0eed0eee0ef10ef10ef10ef00ef10ef10ef20ef20ef20ef20ef30ef30ef10ef20ef20ef20000000000000000003d0000000000000000000000000000042e752f02ae0ef30eec003d003d00000157001c0001001d0000000100010eef0007000a00000000000000004502
WFR t=100833 src=mcu type=0x01 len=16 data=aa9807010200000056117eea00007aa4
WFI t=100854 a=-1599,-3843,-100 g=0,34,2
WFR t=100873 src=mcu type=0x01 len=16 data=aa991d00ab04a08c64502748395e1e28
WFR t=100893 src=mcu type=0x01 len=16 data=aa9a646464625f5d5b5955010101d546
WFI t=100904 a=-1604,-3859,-57 g=-15,0,-70
WFR t=100933 src=mcu type=0x01 len=16 data=aa9b0101010100000000fbfbecd30e91
WFR t=100954 src=mcu type=0x01 len=16 data=aa9c01180080000000000000ffff0e21
WFI t=100954 a=-1706,-3833,-122 g=-2,64,-40
WFR t=100974 src=mcu type=0x01 len=16 data=aa9d2d042f000000000000000000a7b3
WFI t=101004 a=-1660,-3836,-112 g=-1,-4,14
WFR t=101013 src=mcu type=0x01 len=16 data=aa9e232c00000000000000000000fb5d
WFR t=101033 src=mcu type=0x01 len=16 data=aa9fb5a1b0bfd800000000000000dfe1
WFI t=101054 a=-1650,-3852,-83 g=-12,-59,13
WFR t=101073 src=mcu type=0x01 len=16 data=aaa000000000020c000035006a00d1bd
WFR t=101093 src=mcu type=0x01 len=16 data=aaa188044a5357583036323430360894
WFI t=101104 a=-1649,-3870,-68 g=-7,-52,31
WFR t=101113 src=mcu type=0x01 len=16 data=aaa231344e4242463930333500005e71
WFR t=101154 src=mcu type=0x01 len=16 data=aaa30118008000000000ffffffff5bfa
WFI t=101154 a=-1606,-3848,-109 g=-6,10,-1
WFR t=101173 src=mcu type=0x01 len=16 data=aaa42d042f000000000000000000fb8a
WFI t=101204 a=-1654,-3877,-63 g=4,87,-61
WFR t=101213 src=mcu type=0x01 len=16 data=aaa5232c00000000000000000000a026
WFR t=101223 src=bms type=0x02 len=129 data=d2037c0eed0eec0eed0eed0eed0eec0eed0eed0eec0eec0eed0eee0ef10ef10ef10ef00ef10ef10ef20ef20ef20ef20ef30ef30ef10ef20ef20ef20000000000000000003d0000000000000000000000000000042e752f02ae0ef30eec003d003d00000157001c0001001d0000000100010eef0007000a00000000000000004502
WFR t=101233 src=mcu type=0x01 len=16 data=aaa6000000000000000000000000b4ce
WFR t=101253 src=mcu type=0x01 len=16 data=aaa7000000000000000000000000b64f
WFI t=101254 a=-1700,-3866,-82 g=-9,6,-27
WFR t=101293 src=mcu type=0x01 len=16 data=aaa801801b000000400052a8194013c9
WFI t=101304 a=-1649,-3840,-97 g=-6,-77,35
WFR t=101313 src=mcu type=0x01 len=16 data=aaa9028288135c4488132400ec02f999
WFR t=101354 src=mcu type=0x01 len=16 data=aaaa01180080000000000000ffff4617
WFI t=101354 a=-1595,-3854,-108 g=-2,-7,7
WFR t=101374 src=mcu type=0x01 len=16 data=aaab2d042f000000000000000000ef85
WFR t=101393 src=mcu type=0x01 len=16 data=aaac232c00000000000000000000bdef
WFI t=101404 a=-1648,-3860,-86 g=-2,51,-30
WFR t=101433 src=mcu type=0x01 len=16 data=aaad0048005f00021000000100801d27
WFR t=101453 src=mcu type=0x01 len=16 data=aaae55f04b0b18000000803a40005cef
WFI t=101454 a=-1690,-3854,-80 g=-4,-4,0
WFR t=101493 src=mcu type=0x01 len=16 data=aaaf08610005460c2f78a00f090076a9
WFI t=101504 a=-1618,-3864,-93 g=-8,-26,11
WFR t=101514 src=mcu type=0x01 len=16 data=aab001180080000000000000ffff608d
WFR t=101554 src=mcu type=0x01 len=16 data=aab12d042f000000000000000000c91f
WFI t=101554 a=-1631,-3856,-81 g=0,9,-22
WFR t=101573 src=mcu type=0x01 len=16 data=aab2232c0000000000000000000095f1
WFR t=101593 src=mcu type=0x01 len=16 data=aab3014a02050030000488001b007188
WFI t=101604 a=-1670,-3847,-82 g=-6,9,-7
WFR t=101633 src=mcu type=0x01 len=16 data=aab400009f0ca90c9a0c540600001589
WFR t=101643 src=bms type=0x02 len=129 data=d2037c0eed0eec0eed0eed0eed0eec0eed0eed0eec0eec0eed0eee0ef10ef10ef10ef00ef10ef10ef20ef20ef20ef30ef30ef30ef10ef20ef20ef20000000000000000003d0000000000000000000000000000042e752f02ae0ef30eec003d003d00000157001c0001001d0000000100010eef0007000a000000000000000000ea
WFR t=101653 src=mcu type=0x01 len=16 data=aab51b00e8517918060ead0ab0009c10
WFI t=101654 a=-1632,-3869,-91 g=-4,-11,5
WFR t=101693 src=mcu type=0x01 len=16 data=aab6050804080080cb020122f13fc622
WFI t=101704 a=-1631,-3861,-98 g=2,10,-6
WFR t=101714 src=mcu type=0x01 len=16 data=aa800118008000000000ffffffff2159
WFR t=101734 src=mcu type=0x01 len=16 data=aa812d042f00000000000000000088ef
WFI t=101754 a=-1683,-3841,-103 g=-7,-20,-8
WFR t=101773 src=mcu type=0x01 len=16 data=aa82232c00000000000000000000d401
WFR t=101793 src=mcu type=0x01 len=16 data=aa83000100011101b70111019f00058c
WFI t=101805 a=-1635,-3846,-86 g=-5,-22,13
WFR t=101833 src=mcu type=0x01 len=16 data=aa840000090a10560001310051c45a55
WFR t=101853 src=mcu type=0x01 len=16 data=aa8513088003e204080b1000507864d4
WFI t=101854 a=-1619,-3855,-101 g=1,19,-19
WFR t=101873 src=mcu type=0x01 len=16 data=aa868403f4010400a00f8813c003f9eb
WFI t=101904 a=-1687,-3855,-85 g=-4,17,-17
WFR t=101914 src=mcu type=0x01 len=16 data=aa8701180080000000000000feff2baa
WFR t=101933 src=mcu type=0x01 len=16 data=aa882d042f0000000000000000009526
WFI t=101954 a=-1658,-3844,-94 g=-1,-24,17
WFR t=101973 src=mcu type=0x01 len=16 data=aa89232c00000000000000000000ce8a
WFR t=101993 src=mcu type=0x01 len=16 data=aa8a480c1c0207284901230020001521
WFI t=102004 a=-1624,-3856,-93 g=-5,-9,-6
WFR t=102019 src=bms type=0x02 len=129 data=d2037c0eed0eec0eed0eed0eed0eec0eed0eed0eec0eec0eed0eee0ef10ef10ef10ef00ef10ef10ef20ef20ef20ef30ef30ef30ef10ef20ef20ef20000000000000000003d0000000000000000000000000000042e752f02ae0ef30eec003d003d00000157001c0001001d0000000100010eef0007000a000000000000000000ea
WFR t=102033 src=mcu type=0x01 len=16 data=aa8b40005c03474c775419031a0e80f3
WFR t=102053 src=mcu type=0x01 len=16 data=aa8c2225bf0420034006b80b3e02672c
WFI t=102054 a=-1652,-3841,-87 g=-2,21,-22
WFR t=102073 src=mcu type=0x01 len=16 data=aa8d800c800000006c07102780008244
WFI t=102104 a=-1670,-3853,-79 g=-2,-15,2
WFR t=102114 src=mcu type=0x01 len=16 data=aa8e01180080000000000000ffff37f3
WFR t=102134 src=mcu type=0x01 len=16 data=aa8f2d042f0000000000000000009e61
WFI t=102154 a=-1619,-3852,-96 g=3,4,1
WFR t=102202 src=mcu type=0x01 len=16 data=aa90232c00000000000000000000edd3
WFR t=102202 src=mcu type=0x01 len=16 data=aa910b000f00465a667332000b9ed1a0
WFI t=102204 a=-1681,-3858,-82 g=-11,-25,-6
WFR t=102213 src=mcu type=0x01 len=16 data=aa92000000000000000000000000fbba
WFR t=102254 src=mcu type=0x01 len=16 data=aa93d804480804242c01c003214fe1ad
WFI t=102254 a=-1627,-3846,-84 g=0,-10,16
WFR t=102273 src=mcu type=0x01 len=16 data=aa94f0f465fffffff8080d00412af645
WFI t=102304 a=-1639,-3861,-70 g=-12,6,-22
WFR t=102314 src=mcu type=0x01 len=16 data=aa9501180080000000000000feff1278
WFR t=102334 src=mcu type=0x01 len=16 data=aa962d042f000000000000000000bd38
WFR t=102353 src=mcu type=0x01 len=16 data=aa97232c00000000000000000000e694
WFI t=102354 a=-1656,-3849,-95 g=9,36,-17
WFR t=102393 src=mcu type=0x01 len=16 data=aa9807010200000056117eea00007aa4
WFI t=102404 a=-1674,-3853,-95 g=-3,-20,-2
WFR t=102413 src=mcu type=0x01 len=16 data=aa991d00ab04a08c64502748395e1e28
WFR t=102423 src=bms type=0x02 len=129 data=d2037c0eed0eec0eed0eed0eed0eec0eed0eed0eeb0eed0eed0eee0ef10ef10ef10eef0ef10ef10ef20ef20ef20ef20ef30ef30ef10ef20ef20ef20000000000000000003d0000000000000000000000000000042e752f02ae0ef30eeb003d003d00000157001c0001001d0000000100010eef0008000a0000000000000000daba
WFR t=102454 src=mcu type=0x01 len=16 data=aa9a646464625f5d5b5955010101d546
WFI t=102454 a=-1645,-3851,-100 g=-1,-18,12
WFR t=102473 src=mcu type=0x01 len=16 data=aa9b0101010100000000fbfbecd30e91
WFR t=102494 src=mcu type=0x01 len=16 data=aa9c01180080000000000000ffff0e21
WFI t=102504 a=-1646,-3870,-92 g=0,-5,-6
WFR t=102534 src=mcu type=0x01 len=16 data=aa9d2d042f000000000000000000a7b3
WFR t=102553 src=mcu type=0x01 len=16 data=aa9e232c00000000000000000000fb5d
WFI t=102554 a=-1657,-3845,-92 g=-5,-10,-2
WFR t=102695 src=mcu type=0x01 len=16 data=aa9fb5a1b0bfd800000000000000dfe1
WFR t=102696 src=mcu type=0x01 len=16 data=aaa000000000020c000035006a00d1bd
WFI t=102696 a=-1622,-3852,-96 g=-1,-4,4
WFR t=102770 src=mcu type=0x01 len=16 data=aaa188044a5357583036323430360894
WFR t=102770 src=mcu type=0x01 len=16 data=aaa231344e4242463930333500005e71
WFI t=102771 a=-1679,-3851,-80 g=-1,36,-20
WFR t=102771 src=mcu type=0x01 len=16 data=aaa301180080000000000000feff5a4e
WFR t=102786 src=mcu type=0x01 len=16 data=aaa42d042f000000000000000000fb8a
WFI t=102848 a=-1667,-3853,-86 g=-5,-37,8
WFT t=102848 batt_mv=4194 rssi_mcu=-71 rssi_bms=-82 mcu=3646 bms=187 dropped=0
WFR t=102864 src=mcu type=0x01 len=16 data=aaa5232c00000000000000000000a026
WFR t=102864 src=mcu type=0x01 len=16 data=aaa6000000000000000000000000b4ce
WFR t=102864 src=mcu type=0x01 len=16 data=aaa7000000000000000000000000b64f
WFR t=102865 src=mcu type=0x01 len=16 data=aaa801801b000000400052a8194013c9
WFI t=102865 a=-1632,-3864,-89 g=0,0,-8
WFI t=102867 a=-1630,-3844,-91 g=-3,-4,-10
WFI t=102869 a=-1630,-3844,-91 g=-3,-4,-10
WFR t=102874 src=mcu type=0x01 len=16 data=aaa9028288135c4488132400ec02f999
WFR t=102894 src=mcu type=0x01 len=16 data=aaaa01180080000000000000ffff4617
WFR t=102904 src=bms type=0x02 len=129 data=d2037c0eed0eec0eed0eed0eed0eec0eed0eed0eeb0eed0eed0eee0ef10ef10ef10eef0ef10ef10ef20ef20ef20ef20ef30ef30ef10ef20ef20ef20000000000000000003d0000000000000000000000000000042e752f02ae0ef30eeb003d003d00000157001c0001001d0000000100010eef0008000a0000000000000000daba
WFI t=102904 a=-1637,-3859,-76 g=3,29,-20
WFR t=102934 src=mcu type=0x01 len=16 data=aaab2d042f000000000000000000ef85
WFR t=102953 src=mcu type=0x01 len=16 data=aaac232c00000000000000000000bdef
WFI t=102954 a=-1644,-3857,-71 g=-3,18,-13
WFR t=102973 src=mcu type=0x01 len=16 data=aaad0048005f00021000000100801d27
WFI t=103004 a=-1660,-3857,-91 g=1,4,-8
WFR t=103013 src=mcu type=0x01 len=16 data=aaae55f04b0b18000000803a40005cef
WFR t=103033 src=mcu type=0x01 len=16 data=aaaf08610005460c2f78a00f090076a9
WFI t=103054 a=-1646,-3859,-84 g=-8,-24,2
WFR t=103074 src=mcu type=0x01 len=16 data=aab001180080000000000000ffff608d
WFR t=103094 src=mcu type=0x01 len=16 data=aab12d042f000000000000000000c91f
WFI t=103104 a=-1627,-3845,-87 g=-2,-12,7
WFR t=103114 src=mcu type=0x01 len=16 data=aab2232c0000000000000000000095f1
WFR t=103153 src=mcu type=0x01 len=16 data=aab3014a02050030000488001b007188
WFI t=103154 a=-1644,-3852,-75 g=-4,1,-6
WFR t=103173 src=mcu type=0x01 len=16 data=aab400009f0ca90c9a0c540600001589
WFI t=103204 a=-1631,-3852,-103 g=-5,22,-14
WFR t=103213 src=mcu type=0x01 len=16 data=aab51b00e8517918060e950ab0009170
WFR t=103233 src=mcu type=0x01 len=16 data=aab6050804080080cb020122f13fc622
WFI t=103254 a=-1674,-3863,-105 g=-9,-7,-10
WFR t=103264 src=bms type=0x02 len=129 data=d2037c0eed0eec0eed0eed0eed0eec0eed0eed0eeb0eed0eed0eee0ef10ef10ef10eef0ef10ef10ef20ef20ef20ef20ef30ef30ef10ef20ef20ef20000000000000000003d0000000000000000000000000000042e752f02ae0ef30eeb003d003d00000157001c0001001d0000000100010eef0008000a0000000000000000daba
WFR t=103274 src=mcu type=0x01 len=16 data=aa8001180080000000000000feff20ed
WFR t=103294 src=mcu type=0x01 len=16 data=aa812d042f00000000000000000088ef
WFI t=103305 a=-1647,-3836,-99 g=4,-18,7
WFR t=103313 src=mcu type=0x01 len=16 data=aa82232c00000000000000000000d401
WFR t=103354 src=mcu type=0x01 len=16 data=aa83000100011101b70111019f00058c
WFI t=103354 a=-1640,-3855,-65 g=-6,-2,-3
WFR t=103373 src=mcu type=0x01 len=16 data=aa840000090a10560001310051c45a55
WFI t=103404 a=-1640,-3850,-98 g=3,22,-18
WFR t=103414 src=mcu type=0x01 len=16 data=aa8513088003e204080b1000507864d4
WFR t=103433 src=mcu type=0x01 len=16 data=aa868403f4010400a00f8813c003f9eb
WFR t=103454 src=mcu type=0x01 len=16 data=aa8701180080000000000000ffff2a3a
WFI t=103456 a=-1677,-3854,-99 g=-3,-7,-3
WFR t=103494 src=mcu type=0x01 len=16 data=aa882d042f0000000000000000009526
WFI t=103504 a=-1646,-3847,-99 g=-5,-29,11
WFR t=103514 src=mcu type=0x01 len=16 data=aa89232c00000000000000000000ce8a
WFR t=103553 src=mcu type=0x01 len=16 data=aa8a480c1c0207284901230020001521
WFI t=103554 a=-1629,-3849,-96 g=-6,16,-15
WFR t=103573 src=mcu type=0x01 len=16 data=aa8b40005c03474c775419031a0e80f3
WFR t=103593 src=mcu type=0x01 len=16 data=aa8c2225bf0420034006b80b3e02672c
WFI t=103604 a=-1668,-3852,-89 g=-3,20,-19
WFR t=103633 src=mcu type=0x01 len=16 data=aa8d800c800000006c07102780008244
WFR t=103654 src=mcu type=0x01 len=16 data=aa8e01180080000000000000ffff37f3
WFI t=103654 a=-1660,-3861,-92 g=-2,-11,9
WFR t=103694 src=mcu type=0x01 len=16 data=aa8f2d042f0000000000000000009e61
WFR t=103699 src=bms type=0x02 len=129 data=d2037c0eed0eec0eed0eec0eed0eec0eed0eed0eec0eed0eed0eee0ef10ef10ef10ef00ef10ef10ef20ef20ef20ef30ef30ef30ef10ef20ef20ef20000000000000000003d0000000000000000000000000000042e752f02ae0ef30eec003d003d00000157001c0001001d0000000100010eef0007000a00000000000000007fd4
WFI t=103704 a=-1637,-3853,-95 g=-11,-24,2
WFR t=103714 src=mcu type=0x01 len=16 data=aa90232c00000000000000000000edd3
WFR t=103753 src=mcu type=0x01 len=16 data=aa910b000f00465a667332000b9ed1a0
WFI t=103754 a=-1648,-3849,-79 g=-2,2,-4
WFR t=103774 src=mcu type=0x01 len=16 data=aa92000000000000000000000000fbba
WFR t=103793 src=mcu type=0x01 len=16 data=aa93d804480804242c01c003214fe1ad
WFI t=103804 a=-1641,-3848,-96 g=-5,11,-14
WFR t=103834 src=mcu type=0x01 len=16 data=aa94f0f465fffffff8080d00412af645
WFR t=103854 src=mcu type=0x01 len=16 data=aa9501180080000000000000ffff13e8
WFI t=103854 a=-1657,-3857,-83 g=4,19,-12
WFR t=103894 src=mcu type=0x01 len=16 data=aa962d042f000000000000000000bd38
WFI t=103904 a=-1649,-3860,-98 g=-4,1,-7
WFR t=103914 src=mcu type=0x01 len=16 data=aa97232c00000000000000000000e694
WFR t=103933 src=mcu type=0x01 len=16 data=aa9807010200000056117eea00007aa4
WFI t=103954 a=-1657,-3870,-88 g=-12,-44,11
WFR t=103973 src=mcu type=0x01 len=16 data=aa991d00ab04a08c64502748395e1e28
WFR t=103993 src=mcu type=0x01 len=16 data=aa9a646464625f5d5b5955010101d546
WFI t=104004 a=-1615,-3869,-78 g=0,-17,18
WFR t=104033 src=mcu type=0x01 len=16 data=aa9b0101010100000000fbfbecd30e91
WFR t=104054 src=mcu type=0x01 len=16 data=aa9c01180080000000000000ffff0e21
WFI t=104054 a=-1639,-3860,-85 g=-1,34,-34
WFR t=104059 src=bms type=0x02 len=129 data=d2037c0eed0eec0eed0eec0eed0eec0eed0eed0eec0eed0eed0eee0ef10ef10ef10ef00ef10ef10ef20ef20ef20ef30ef30ef30ef10ef20ef20ef20000000000000000003d0000000000000000000000000000042e752f02ae0ef30eec003d003d00000157001c0001001d0000000100010eef0007000a00000000000000007fd4
WFR t=104074 src=mcu type=0x01 len=16 data=aa9d2d042f000000000000000000a7b3
WFI t=104104 a=-1688,-3856,-108 g=0,37,-23
WFR t=104114 src=mcu type=0x01 len=16 data=aa9e232c00000000000000000000fb5d
WFR t=104134 src=mcu type=0x01 len=16 data=aa9fb5a1b0bfd800000000000000dfe1
WFI t=104154 a=-1672,-3862,-94 g=-6,-38,12
WFR t=104173 src=mcu type=0x01 len=16 data=aaa000000000020c000035006a00d1bd
WFR t=104194 src=mcu type=0x01 len=16 data=aaa188044a5357583036323430360894
WFI t=104204 a=-1631,-3860,-87 g=-3,-24,12
WFR t=104213 src=mcu type=0x01 len=16 data=aaa231344e4242463930333500005e71
WFR t=104254 src=mcu type=0x01 len=16 data=aaa301180080000000000000ffff5bde
WFI t=104254 a=-1630,-3866,-99 g=-4,15,-14
WFR t=104274 src=mcu type=0x01 len=16 data=aaa42d042f000000000000000000fb8a
WFI t=104304 a=-1664,-3864,-100 g=-2,13,-11
WFR t=104314 src=mcu type=0x01 len=16 data=aaa5232c00000000000000000000a026
WFR t=104334 src=mcu type=0x01 len=16 data=aaa6000000000000000000000000b4ce
WFI t=104354 a=-1641,-3851,-111 g=-4,-13,4
WFR t=104374 src=mcu type=0x01 len=16 data=aaa7000000000000000000000000b64f
WFR t=104393 src=mcu type=0x01 len=16 data=aaa801801b000000400052a8194013c9
WFI t=104404 a=-1637,-3856,-96 g=-5,-1,-8
WFR t=104413 src=mcu type=0x01 len=16 data=aaa9028288135c4488132400ec02f999
WFR t=104454 src=mcu type=0x01 len=16 data=aaaa01180080000000000000feff4787
WFI t=104454 a=-1653,-3844,-79 g=-7,2,-9
WFR t=104464 src=bms type=0x02 len=129 data=d2037c0eec0eec0eed0eed0eed0eec0eed0eed0eec0eec0eed0eee0ef10ef10ef10ef00ef10ef10ef20ef20ef20ef20ef30ef30ef10ef20ef20ef20000000000000000003d0000000000000000000000000000042e752f02ae0ef30eec003d003d00000157001c0001001d0000000100010eef0007000a000000000000000011fe
WFR t=104473 src=mcu type=0x01 len=16 data=aaab2d042f000000000000000000ef85
WFI t=104504 a=-1652,-3848,-97 g=-2,-1,2
WFR t=104513 src=mcu type=0x01 len=16 data=aaac232c00000000000000000000bdef
WFR t=104534 src=mcu type=0x01 len=16 data=aaad0048005f00021000000100801d27
WFR t=104554 src=mcu type=0x01 len=16 data=aaae55f04b0b18000000803a40005cef
WFI t=104554 a=-1642,-3846,-94 g=-6,-4,-7
WFR t=104689 src=mcu type=0x01 len=16 data=aaaf08610005460c2f78a00f090076a9
WFR t=104690 src=mcu type=0x01 len=16 data=aab001180080000000000000feff611d
WFR t=104690 src=mcu type=0x01 len=16 data=aab12d042f000000000000000000c91f
WFR t=104690 src=mcu type=0x01 len=16 data=aab2232c0000000000000000000095f1
WFI t=104705 a=-1650,-3865,-81 g=-1,-7,6
WFR t=104706 src=mcu type=0x01 len=16 data=aab3014a02050030000488001b007188
WFI t=104708 a=-1656,-3854,-80 g=-3,15,-19
WFI t=104710 a=-1663,-3854,-88 g=1,18,-18
WFR t=104734 src=mcu type=0x01 len=16 data=aab400009f0ca90c9a0c540600001589
WFR t=104754 src=mcu type=0x01 len=16 data=aab51b00e8517918060e030bb000ed38
WFI t=104754 a=-1656,-3853,-96 g=2,-6,4
WFR t=104794 src=mcu type=0x01 len=16 data=aab6050804080080cb020122f13fc622
WFI t=104804 a=-1653,-3859,-116 g=1,-7,1
WFR t=104814 src=mcu type=0x01 len=16 data=aa8001180080000000000000ffff217d
WFR t=104854 src=mcu type=0x01 len=16 data=aa812d042f00000000000000000088ef
WFI t=104854 a=-1673,-3859,-93 g=-9,-14,-3
WFR t=104873 src=mcu type=0x01 len=16 data=aa82232c00000000000000000000d401
WFR t=104893 src=mcu type=0x01 len=16 data=aa83000100011101b70111019f00058c
WFI t=104904 a=-1616,-3861,-86 g=-4,11,2
WFR t=104929 src=bms type=0x02 len=129 data=d2037c0eec0eec0eed0eed0eed0eec0eed0eed0eec0eec0eed0eee0ef10ef10ef10ef00ef10ef10ef20ef20ef20ef20ef30ef30ef10ef20ef20ef20000000000000000003d0000000000000000000000000000042e752f02ae0ef30eec003d003d00000157001c0001001d0000000100010eef0007000a000000000000000011fe
WFR t=104933 src=mcu type=0x01 len=16 data=aa840000090a10560001310051c45a55
WFI t=104991 a=-1690,-3859,-90 g=2,0,-2
WFR t=104994 src=mcu type=0x01 len=16 data=aa8513088003e204080b1000507864d4
WFR t=104995 src=mcu type=0x01 len=16 data=aa868403f4010400a00f8813c003f9eb
WFI t=105004 a=-1679,-3856,-85 g=2,-8,13
WFR t=105014 src=mcu type=0x01 len=16 data=aa8701180080000000000000feff2baa
WFR t=105034 src=mcu type=0x01 len=16 data=aa882d042f0000000000000000009526
WFI t=105054 a=-1637,-3846,-97 g=-7,-36,8
WFR t=105074 src=mcu type=0x01 len=16 data=aa89232c00000000000000000000ce8a
WFR t=105094 src=mcu type=0x01 len=16 data=aa8a480c1c0207284901230020001521
WFI t=105104 a=-1653,-3862,-66 g=0,7,-3
WFR t=105134 src=mcu type=0x01 len=16 data=aa8b40005c03474c775419031a0e80f3
WFR t=105154 src=mcu type=0x01 len=16 data=aa8c2225bf0420034006b80b3e02672c
WFI t=105154 a=-1631,-3860,-100 g=2,31,-19
WFR t=105173 src=mcu type=0x01 len=16 data=aa8d800c800000006c07102780008244
WFI t=105204 a=-1673,-3868,-93 g=-4,14,-18
WFR t=105214 src=mcu type=0x01 len=16 data=aa8e01180080000000000000feff3663
WFR t=105234 src=mcu type=0x01 len=16 data=aa8f2d042f0000000000000000009e61
WFI t=105254 a=-1646,-3860,-100 g=-6,-23,18
WFR t=105274 src=mcu type=0x01 len=16 data=aa90232c00000000000000000000edd3
WFR t=105293 src=mcu type=0x01 len=16 data=aa910b000f00465a667332000b9ed1a0
WFI t=105304 a=-1623,-3860,-90 g=5,-16,6
WFR t=105314 src=mcu type=0x01 len=16 data=aa92000000000000000000000000fbba
WFR t=105319 src=bms type=0x02 len=129 data=d2037c0eec0eec0eed0eed0eed0eec0eed0eed0eec0eec0eed0eee0ef10ef10ef10ef00ef10ef10ef20ef20ef20ef20ef30ef30ef10ef20ef20ef20000000000000000003d0000000000000000000000000000042e752f02ae0ef30eec003d003d00000157001c0001001d0000000100010eef0007000a000000000000000011fe
WFR t=105354 src=mcu type=0x01 len=16 data=aa93d804480804242c01c003214fe1ad
WFI t=105354 a=-1666,-3851,-84 g=-2,-6,-3
WFR t=105374 src=mcu type=0x01 len=16 data=aa94f0f465fffffff8080d00412af645
WFI t=105404 a=-1627,-3850,-100 g=-2,7,2
WFR t=105414 src=mcu type=0x01 len=16 data=aa9501180080000000000000feff1278
WFR t=105434 src=mcu type=0x01 len=16 data=aa962d042f000000000000000000bd38
WFI t=105454 a=-1651,-3858,-98 g=0,33,-31
WFR t=105474 src=mcu type=0x01 len=16 data=aa97232c00000000000000000000e694
WFR t=105493 src=mcu type=0x01 len=16 data=aa9807010200000056117eea00007aa4
WFI t=105504 a=-1673,-3852,-70 g=-9,-1,-4
WFR t=105514 src=mcu type=0x01 len=16 data=aa991d00ab04a08c64502748395e1e28
WFR t=105554 src=mcu type=0x01 len=16 data=aa9a646464625f5d5b5955010101d546
WFI t=105554 a=-1637,-3883,-88 g=-3,-25,15
WFR t=105574 src=mcu type=0x01 len=16 data=aa9b0101010100000000fbfbecd30e91
WFI t=105604 a=-1622,-3854,-93 g=-6,-11,-8
WFR t=105614 src=mcu type=0x01 len=16 data=aa9c01180080000000000000ffff0e21
WFR t=105634 src=mcu type=0x01 len=16 data=aa9d2d042f000000000000000000a7b3
WFR t=105654 src=mcu type=0x01 len=16 data=aa9e232c00000000000000000000fb5d
WFI t=105654 a=-1666,-3851,-88 g=2,11,-5
WFR t=105694 src=mcu type=0x01 len=16 data=aa9fb5a1b0bfd800000000000000dfe1
WFI t=105704 a=-1630,-3839,-105 g=-3,12,-8
WFR t=105714 src=mcu type=0x01 len=16 data=aaa000000000020c000035006a00d1bd
WFR t=105724 src=bms type=0x02 len=129 data=d2037c0eed0eec0eed0eec0eed0eec0eed0eed0eeb0eec0eed0eed0ef10ef10ef10eef0ef10ef10ef20ef20ef20ef20ef30ef20ef10ef20ef20ef20000000000000000003d0000000000000000000000000000042e752f02ae0ef30eeb003d003d00000157001c0001001d0000000100010eef0008000a00000000000000005c73
WFR t=105754 src=mcu type=0x01 len=16 data=aaa188044a5357583036323430360894
WFI t=105754 a=-1652,-3842,-88 g=-11,-23,-11
WFR t=105774 src=mcu type=0x01 len=16 data=aaa231344e4242463930333500005e71
WFR t=105794 src=mcu type=0x01 len=16 data=aaa301180080000000000000feff5a4e
WFI t=105804 a=-1630,-3857,-76 g=-1,-15,19
WFR t=105834 src=mcu type=0x01 len=16 data=aaa42d042f000000000000000000fb8a
WFR t=105854 src=mcu type=0x01 len=16 data=aaa5232c00000000000000000000a026
WFI t=105854 a=-1639,-3848,-95 g=-6,4,-24
WFR t=105894 src=mcu type=0x01 len=16 data=aaa6000000000000000000000000b4ce
WFI t=105904 a=-1658,-3852,-85 g=-4,16,-4
WFR t=105914 src=mcu type=0x01 len=16 data=aaa7000000000000000000000000b64f
WFR t=105954 src=mcu type=0x01 len=16 data=aaa801801b000000400052a8194013c9
WFI t=105954 a=-1621,-3852,-87 g=-3,-3,-4
WFR t=105974 src=mcu type=0x01 len=16 data=aaa9028288135c4488132400ec02f999
WFR t=105994 src=mcu type=0x01 len=16 data=aaaa01180080000000000000feff4787
WFI t=106004 a=-1666,-3851,-84 g=-12,-22,-10
WFR t=106034 src=mcu type=0x01 len=16 data=aaab2d042f000000000000000000ef85
WFI t=106078 a=-1618,-3863,-79 g=-3,4,-6
WFR t=106097 src=mcu type=0x01 len=16 data=aaac232c00000000000000000000bdef
WFR t=106098 src=mcu type=0x01 len=16 data=aaad0048005f00021000000100801d27
WFI t=106105 a=-1640,-3839,-108 g=-3,8,-20
WFR t=106115 src=mcu type=0x01 len=16 data=aaae55f04b0b18000000803a40005cef
WFI t=106273 a=-1635,-3861,-91 g=-4,-5,-2
WFR t=106274 src=mcu type=0x01 len=16 data=aaaf08610005460c2f78a00f090076a9
WFR t=106274 src=bms type=0x02 len=129 data=d2037c0eed0eec0eed0eec0eed0eec0eed0eed0eeb0eec0eed0eed0ef10ef10ef10eef0ef10ef10ef20ef20ef20ef20ef30ef20ef10ef20ef20ef20000000000000000003d0000000000000000000000000000042e752f02ae0ef30eeb003d003d00000157001c0001001d0000000100010eef0008000a00000000000000005c73
WFR t=106275 src=mcu type=0x01 len=16 data=aab001180080000000000000ffff608d
WFR t=106275 src=mcu type=0x01 len=16 data=aab12d042f000000000000000000c91f
WFI t=106276 a=-1647,-3850,-78 g=-2,-11,8
WFR t=106276 src=mcu type=0x01 len=16 data=aab2232c0000000000000000000095f1
WFR t=106276 src=mcu type=0x01 len=16 data=aab3014a02050030000488001b007188
WFR t=106277 src=mcu type=0x01 len=16 data=aab400009f0ca90c9a0c540600001589
WFI t=106278 a=-1634,-3850,-86 g=3,-7,9
WFI t=106304 a=-1626,-3849,-92 g=0,9,0
WFR t=106314 src=mcu type=0x01 len=16 data=aab51b00e8517918060e030bb000ed38
WFR t=106334 src=mcu type=0x01 len=16 data=aab6050804080080cb020122f13fc622
WFI t=106354 a=-1650,-3847,-100 g=-7,17,-26
WFR t=106374 src=mcu type=0x01 len=16 data=aa800118008000000000ffffffff2159
WFR t=106394 src=mcu type=0x01 len=16 data=aa812d042f00000000000000000088ef
WFI t=106404 a=-1661,-3850,-92 g=-3,-7,9
WFR t=106414 src=mcu type=0x01 len=16 data=aa82232c00000000000000000000d401
WFR t=106454 src=mcu type=0x01 len=16 data=aa83000100011101b70111019f00058c
WFI t=106454 a=-1644,-3848,-91 g=-4,-25,2
WFR t=106474 src=mcu type=0x01 len=16 data=aa840000090a10560001310051c45a55
WFI t=106504 a=-1653,-3863,-93 g=-6,-12,-3
WFR t=106514 src=mcu type=0x01 len=16 data=aa8513088003e204080b1000507864d4
WFR t=106519 src=bms type=0x02 len=129 data=d2037c0eed0eec0eed0eed0eed0eec0eed0eed0eec0eec0eed0eee0ef10ef10ef10ef00ef10ef10ef20ef20ef20ef20ef30ef20ef10ef20ef20ef20000000000000000003d0000000000000000000000000000042e752f02ae0ef30eec003d003d00000157001c0001001d0000000100010eef0007000a00000000000000000583
WFR t=106534 src=mcu type=0x01 len=16 data=aa868403f4010400a00f8813c003f9eb
WFI t=106554 a=-1634,-3846,-86 g=2,20,-7
WFR t=106574 src=mcu type=0x01 len=16 data=aa8701180080000000000000feff2baa
WFR t=106594 src=mcu type=0x01 len=16 data=aa882d042f0000000000000000009526
WFI t=106704 a=-1685,-3848,-88 g=-9,-8,-5
WFR t=106719 src=mcu type=0x01 len=16 data=aa89232c00000000000000000000ce8a
WFR t=106719 src=mcu type=0x01 len=16 data=aa8a480c1c0207284901230020001521
WFR t=106719 src=mcu type=0x01 len=16 data=aa8b40005c03474c775419031a0e80f3
WFR t=106720 src=mcu type=0x01 len=16 data=aa8c2225bf0420034006b80b3e02672c
WFI t=106722 a=-1606,-3848,-109 g=-2,-25,9
WFI t=106724 a=-1614,-3869,-96 g=1,-2,-8
WFR t=106734 src=mcu type=0x01 len=16 data=aa8d800c800000006c07102780008244
WFR t=106754 src=mcu type=0x01 len=16 data=aa8e01180080000000000000ffff37f3
WFI t=106754 a=-1649,-3862,-100 g=-4,12,-20
WFR t=106794 src=mcu type=0x01 len=16 data=aa8f2d042f0000000000000000009e61
WFI t=106804 a=-1652,-3859,-92 g=2,29,-8
WFR t=106814 src=mcu type=0x01 len=16 data=aa90232c00000000000000000000edd3
WFR t=106854 src=mcu type=0x01 len=16 data=aa910b000f00465a667332000b9ed1a0
WFI t=106854 a=-1666,-3854,-102 g=-14,-11,-11
WFR t=106874 src=mcu type=0x01 len=16 data=aa92000000000000000000000000fbba
WFR t=106894 src=mcu type=0x01 len=16 data=aa93d804480804242c01c003214fe1ad
WFI t=106904 a=-1656,-3849,-96 g=-1,-20,14
WFR t=106924 src=bms type=0x02 len=129 data=d2037c0eed0eec0eed0eed0eed0eec0eed0eed0eec0eec0eed0eee0ef10ef10ef10ef00ef10ef10ef20ef20ef20ef20ef30ef20ef10ef20ef20ef20000000000000000003d0000000000000000000000000000042e752f02ae0ef30eec003d003d00000157001c0001001d0000000100010eef0007000a00000000000000000583
WFR t=106934 src=mcu type=0x01 len=16 data=aa94f0f465fffffff8080d00412af645
WFR t=106954 src=mcu type=0x01 len=16 data=aa9501180080000000000000ffff13e8
WFI t=106954 a=-1632,-3847,-104 g=-6,-11,-8
WFR t=106994 src=mcu type=0x01 len=16 data=aa962d042f000000000000000000bd38
WFI t=107004 a=-1659,-3852,-79 g=1,14,-6
WFR t=107014 src=mcu type=0x01 len=16 data=aa97232c00000000000000000000e694
WFR t=107054 src=mcu type=0x01 len=16 data=aa9807010200000056117eea00007aa4
WFI t=107055 a=-1615,-3843,-104 g=-1,22,-13
WFR t=107074 src=mcu type=0x01 len=16 data=aa991d00ab04a08c64502748395e1e28
WFR t=107094 src=mcu type=0x01 len=16 data=aa9a646464625f5d5b5955010101d546
WFI t=107104 a=-1682,-3849,-84 g=-3,-5,-11
WFR t=107134 src=mcu type=0x01 len=16 data=aa9b0101010100000000fbfbecd30e91
WFR t=107154 src=mcu type=0x01 len=16 data=aa9c01180080000000000000ffff0e21
WFI t=107154 a=-1642,-3849,-109 g=-1,-18,10
WFR t=107194 src=mcu type=0x01 len=16 data=aa9d2d042f000000000000000000a7b3
WFI t=107204 a=-1623,-3863,-81 g=-4,-13,-5
WFR t=107214 src=mcu type=0x01 len=16 data=aa9e232c00000000000000000000fb5d
WFR t=107234 src=mcu type=0x01 len=16 data=aa9fb5a1b0bfd800000000000000dfe1
WFI t=107254 a=-1644,-3859,-98 g=0,5,-1
WFR t=107274 src=mcu type=0x01 len=16 data=aaa000000000020c000035006a00d1bd
WFR t=107294 src=mcu type=0x01 len=16 data=aaa188044a5357583036323430360894
WFI t=107304 a=-1638,-3867,-90 g=3,21,-13
WFR t=107334 src=mcu type=0x01 len=16 data=aaa231344e4242463930333500005e71
WFR t=107354 src=mcu type=0x01 len=16 data=aaa301180080000000000000ffff5bde
WFI t=107354 a=-1652,-3853,-97 g=-5,-9,-5
WFR t=107374 src=mcu type=0x01 len=16 data=aaa42d042f000000000000000000fb8a
WFI t=107404 a=-1628,-3856,-108 g=2,6,1
WFR t=107414 src=mcu type=0x01 len=16 data=aaa5232c00000000000000000000a026
WFR t=107434 src=mcu type=0x01 len=16 data=aaa6000000000000000000000000b4ce
WFI t=107454 a=-1653,-3862,-90 g=-8,-3,-18
WFR t=107474 src=mcu type=0x01 len=16 data=aaa7000000000000000000000000b64f
WFR t=107494 src=mcu type=0x01 len=16 data=aaa801801b000000400052a8194013c9
WFI t=107504 a=-1664,-3860,-91 g=-6,-16,17
WFR t=107514 src=mcu type=0x01 len=16 data=aaa9028288135c4488132400ec02f999
WFR t=107554 src=mcu type=0x01 len=16 data=aaaa0118008000000000ffffffff4633
WFI t=107555 a=-1616,-3846,-100 g=-5,-7,0
WFR t=107574 src=mcu type=0x01 len=16 data=aaab2d042f000000000000000000ef85
WFI t=107604 a=-1664,-3852,-87 g=0,33,-27
WFR t=107614 src=mcu type=0x01 len=16 data=aaac232c00000000000000000000bdef
WFR t=107634 src=mcu type=0x01 len=16 data=aaad0048005f00021000000100801d27
WFI t=107654 a=-1670,-3848,-85 g=-9,-12,-3
WFR t=107674 src=mcu type=0x01 len=16 data=aaae55f04b0b18000000803a40005cef
WFR t=107694 src=mcu type=0x01 len=16 data=aaaf08610005460c2f78a00f090076a9
WFI t=107704 a=-1638,-3846,-87 g=-6,-34,15
WFR t=107714 src=mcu type=0x01 len=16 data=aab001180080000000000000ffff608d
WFT t=107730 batt_mv=4184 rssi_mcu=-72 rssi_bms=-81 mcu=3823 bms=198 dropped=0
WFR t=107754 src=mcu type=0x01 len=16 data=aab12d042f000000000000000000c91f
WFI t=107754 a=-1603,-3860,-93 g=2,38,-16
WFR t=107794 src=mcu type=0x01 len=16 data=aab2232c0000000000000000000095f1
WFI t=107804 a=-1689,-3844,-98 g=-7,18,-31
WFR t=107814 src=mcu type=0x01 len=16 data=aab3014a02050030000488001b007188
WFR t=107834 src=mcu type=0x01 len=16 data=aab400009f0ca90c9a0c540600001589
WFR t=107854 src=mcu type=0x01 len=16 data=aab51b00e8517918060e800ab000957c
WFI t=107855 a=-1672,-3852,-97 g=-2,-48,38
WFR t=107894 src=mcu type=0x01 len=16 data=aab6050804080080cb020122f13fc622
WFI t=107904 a=-1574,-3856,-105 g=-1,-15,1
WFR t=107914 src=mcu type=0x01 len=16 data=aa8001180080000000000000ffff217d
WFR t=107954 src=mcu type=0x01 len=16 data=aa812d042f00000000000000000088ef
WFI t=107955 a=-1660,-3861,-87 g=-2,47,-37
WFI t=108011 a=-1681,-3858,-99 g=1,-5,1
WFR t=108015 src=mcu type=0x01 len=16 data=aa82232c00000000000000000000d401
WFR t=108015 src=mcu type=0x01 len=16 data=aa83000100011101b70111019f00058c
WFR t=108034 src=mcu type=0x01 len=16 data=aa840000090a10560001310051c45a55
WFR t=108054 src=mcu type=0x01 len=16 data=aa8513088003e204080b1000507864d4
WFI t=108055 a=-1639,-3871,-88 g=3,-29,16
WFR t=108094 src=mcu type=0x01 len=16 data=aa868403f4010400a00f8813c003f9eb
WFI t=108104 a=-1622,-3856,-100 g=-5,9,-11
WFR t=108114 src=mcu type=0x01 len=16 data=aa8701180080000000000000ffff2a3a
WFR t=108134 src=mcu type=0x01 len=16 data=aa882d042f0000000000000000009526
WFI t=108154 a=-1678,-3865,-88 g=-1,12,-13
WFR t=108174 src=mcu type=0x01 len=16 data=aa89232c00000000000000000000ce8a
WFR t=108194 src=mcu type=0x01 len=16 data=aa8a480c1c0207284901230020001521
WFI t=108204 a=-1646,-3847,-102 g=-5,-15,5
WFR t=108234 src=mcu type=0x01 len=16 data=aa8b40005c03474c775419031a0e80f3
WFR t=108254 src=mcu type=0x01 len=16 data=aa8c2225bf0420034006b80b3e02672c
WFI t=108255 a=-1638,-3847,-87 g=-4,-2,-8
WFR t=108294 src=mcu type=0x01 len=16 data=aa8d800c800000006c07102780008244
WFI t=108304 a=-1640,-3864,-89 g=-2,11,-9
WFR t=108314 src=mcu type=0x01 len=16 data=aa8e01180080000000000000ffff37f3
WFR t=108334 src=mcu type=0x01 len=16 data=aa8f2d042f0000000000000000009e61
WFI t=108354 a=-1646,-3855,-91 g=-3,-6,-4
WFR t=108374 src=mcu type=0x01 len=16 data=aa90232c00000000000000000000edd3
WFR t=108394 src=mcu type=0x01 len=16 data=aa910b000f00465a667332000b9ed1a0
WFI t=108404 a=-1646,-3863,-102 g=-1,-19,2
WFR t=108434 src=mcu type=0x01 len=16 data=aa92000000000000000000000000fbba
WFR t=108454 src=mcu type=0x01 len=16 data=aa93d804480804242c01c003214fe1ad
WFI t=108455 a=-1632,-3847,-97 g=-3,2,-5
WFR t=108474 src=mcu type=0x01 len=16 data=aa94f0f465fffffff8080d00412af645
WFI t=108504 a=-1662,-3875,-84 g=-9,2,-12
WFR t=108514 src=mcu type=0x01 len=16 data=aa9501180080000000000000ffff13e8
WFR t=108534 src=mcu type=0x01 len=16 data=aa962d042f000000000000000000bd38
WFI t=108554 a=-1630,-3857,-86 g=2,10,-1
WFR t=108574 src=mcu type=0x01 len=16 data=aa97232c00000000000000000000e694
WFR t=108594 src=mcu type=0x01 len=16 data=aa9807010200000056117eea00007aa4
WFI t=108604 a=-1650,-3844,-79 g=-8,-16,-9
WFR t=108799 src=mcu type=0x01 len=16 data=aa991d00ab04a08c64502748395e1e28
WFR t=108800 src=mcu type=0x01 len=16 data=aa9a646464625f5d5b5955010101d546
WFR t=108800 src=mcu type=0x01 len=16 data=aa9b0101010100000000fbfbecd30e91
WFR t=108800 src=mcu type=0x01 len=16 data=aa9c01180080000000000000ffff0e21
WFR t=108800 src=mcu type=0x01 len=16 data=aa9d2d042f000000000000000000a7b3
WFR t=108800 src=mcu type=0x01 len=16 data=aa9e232c00000000000000000000fb5d
WFR t=108801 src=mcu type=0x01 len=16 data=aa9fb5a1b0bfd800000000000000dfe1
WFI t=108891 a=-1662,-3844,-88 g=-3,-1,-14
WFR t=108892 src=mcu type=0x01 len=16 data=aaa000000000020c000035006a00d1bd
WFR t=108892 src=mcu type=0x01 len=16 data=aaa188044a5357583036323430360894
WFR t=108892 src=mcu type=0x01 len=16 data=aaa231344e4242463930333500005e71
WFI t=108894 a=-1662,-3839,-86 g=-3,-17,9
WFI t=108897 a=-1666,-3857,-103 g=0,-20,13
WFI t=108898 a=-1666,-3857,-103 g=0,-20,13
WFI t=108900 a=-1657,-3861,-94 g=0,-22,14
WFI t=108904 a=-1657,-3861,-94 g=0,-22,14
WFR t=108914 src=mcu type=0x01 len=16 data=aaa301180080000000000000ffff5bde
WFR t=108934 src=mcu type=0x01 len=16 data=aaa42d042f000000000000000000fb8a
WFR t=108954 src=mcu type=0x01 len=16 data=aaa5232c00000000000000000000a026
WFI t=108955 a=-1625,-3858,-99 g=-4,-8,-1
WFR t=108994 src=mcu type=0x01 len=16 data=aaa6000000000000000000000000b4ce
WFI t=109004 a=-1662,-3859,-100 g=-9,16,-20
WFR t=109014 src=mcu type=0x01 len=16 data=aaa7000000000000000000000000b64f
WFR t=109054 src=mcu type=0x01 len=16 data=aaa801801b000000400052a8194013c9
WFI t=109055 a=-1662,-3856,-92 g=-3,0,1
WFR t=109074 src=mcu type=0x01 len=16 data=aaa9028288135c4488132400ec02f999
WFR t=109094 src=mcu type=0x01 len=16 data=aaaa01180080000000000000feff4787
WFI t=109105 a=-1643,-3864,-99 g=-2,-11,-2
WFR t=109134 src=mcu type=0x01 len=16 data=aaab2d042f000000000000000000ef85
WFR t=109154 src=mcu type=0x01 len=16 data=aaac232c00000000000000000000bdef
WFI t=109155 a=-1654,-3859,-92 g=-4,6,-6
WFR t=109194 src=mcu type=0x01 len=16 data=aaad0048005f00021000000100801d27
WFI t=109204 a=-1638,-3848,-110 g=1,-2,-7
WFR t=109214 src=mcu type=0x01 len=16 data=aaae55f04b0b18000000803a40005cef
WFR t=109234 src=mcu type=0x01 len=16 data=aaaf08610005460c2f78a00f090076a9
WFI t=109254 a=-1654,-3862,-78 g=-8,-18,5
WFR t=109274 src=mcu type=0x01 len=16 data=aab001180080000000000000ffff608d
WFR t=109294 src=mcu type=0x01 len=16 data=aab12d042f000000000000000000c91f
WFI t=109304 a=-1628,-3863,-112 g=4,13,-7
WFR t=109334 src=mcu type=0x01 len=16 data=aab2232c0000000000000000000095f1
WFR t=109354 src=mcu type=0x01 len=16 data=aab3014a02050030000488001b007188
WFI t=109355 a=-1675,-3864,-94 g=-3,9,-20
WFR t=109394 src=mcu type=0x01 len=16 data=aab400009f0ca90c9a0c540600001589
WFI t=109404 a=-1647,-3859,-94 g=1,-9,11
WFR t=109414 src=mcu type=0x01 len=16 data=aab51b00e8517918060ec60ab0008034
WFR t=109434 src=mcu type=0x01 len=16 data=aab6050804080080cb020122f13fc622
WFI t=109454 a=-1634,-3858,-93 g=-8,-12,-11
WFR t=109474 src=mcu type=0x01 len=16 data=aa8001180080000000000000ffff217d
WFR t=109494 src=mcu type=0x01 len=16 data=aa812d042f00000000000000000088ef
WFI t=109504 a=-1654,-3837,-117 g=-2,8,-4
WFR t=109534 src=mcu type=0x01 len=16 data=aa82232c00000000000000000000d401
WFR t=109554 src=mcu type=0x01 len=16 data=aa83000100011101b70111019f00058c
WFI t=109555 a=-1646,-3845,-103 g=-6,-20,3
WFR t=109574 src=mcu type=0x01 len=16 data=aa840000090a10560001310051c45a55
WFI t=109604 a=-1626,-3847,-92 g=-1,18,-8
WFR t=109614 src=mcu type=0x01 len=16 data=aa8513088003e204080b1000507864d4
WFR t=109634 src=mcu type=0x01 len=16 data=aa868403f4010400a00f8813c003f9eb
WFI t=109654 a=-1645,-3848,-86 g=0,15,-23
WFR t=109674 src=mcu type=0x01 len=16 data=aa8701180080000000000000ffff2a3a
WFR t=109694 src=mcu type=0x01 len=16 data=aa882d042f0000000000000000009526
WFI t=109704 a=-1659,-3842,-111 g=-4,-24,9
WFR t=109714 src=mcu type=0x01 len=16 data=aa89232c00000000000000000000ce8a
WFR t=109754 src=mcu type=0x01 len=16 data=aa8a480c1c0207284901230020001521
WFI t=109754 a=-1608,-3839,-91 g=-4,-20,14
WFR t=109774 src=mcu type=0x01 len=16 data=aa8b40005c03474c775419031a0e80f3
WFI t=109804 a=-1631,-3860,-111 g=2,36,-30
WFR t=109814 src=mcu type=0x01 len=16 data=aa8c2225bf0420034006b80b3e02672c
WFR t=109834 src=mcu type=0x01 len=16 data=aa8d800c800000006c07102780008244
WFR t=109854 src=mcu type=0x01 len=16 data=aa8e01180080000000000000ffff37f3
WFI t=109854 a=-1683,-3850,-83 g=0,9,-5
WFR t=109894 src=mcu type=0x01 len=16 data=aa8f2d042f0000000000000000009e61
WFI t=109904 a=-1620,-3858,-95 g=-1,-7,7
WFR t=109914 src=mcu type=0x01 len=16 data=aa90232c00000000000000000000edd3
WFR t=109954 src=mcu type=0x01 len=16 data=aa910b000f00465a667332000b9ed1a0
WFI t=109954 a=-1646,-3864,-101 g=-6,7,-18
WFR t=109974 src=mcu type=0x01 len=16 data=aa92000000000000000000000000fbba
WFI t=110004 a=-1655,-3846,-107 g=3,6,0
WFR t=110014 src=mcu type=0x01 len=16 data=aa93d804480804242c01c003214fe1ad
WFR t=110034 src=mcu type=0x01 len=16 data=aa94f0f465fffffff8080d00412af645
WFR t=110054 src=mcu type=0x01 len=16 data=aa9501180080000000000000feff1278
WFI t=110054 a=-1633,-3866,-88 g=-3,-10,2
WFR t=110094 src=mcu type=0x01 len=16 data=aa962d042f000000000000000000bd38
WFI t=110104 a=-1632,-3875,-78 g=-4,3,-7
WFR t=110114 src=mcu type=0x01 len=16 data=aa97232c00000000000000000000e694
WFR t=110154 src=mcu type=0x01 len=16 data=aa9807010200000056117eea00007aa4
WFI t=110154 a=-1653,-3854,-96 g=-4,2,-6
WFR t=110174 src=mcu type=0x01 len=16 data=aa991d00ab04a08c64502748395e1e28
WFR t=110194 src=mcu type=0x01 len=16 data=aa9a646464625f5d5b5955010101d546
WFI t=110204 a=-1634,-3852,-94 g=-5,-9,-3
WFR t=110234 src=mcu type=0x01 len=16 data=aa9b0101010100000000fbfbecd30e91
WFR t=110254 src=mcu type=0x01 len=16 data=aa9c01180080000000000000feff0fb1
WFI t=110254 a=-1645,-3860,-82 g=-2,1,0
WFR t=110294 src=mcu type=0x01 len=16 data=aa9d2d042f000000000000000000a7b3
WFI t=110304 a=-1628,-3867,-86 g=0,5,-10
WFR t=110314 src=mcu type=0x01 len=16 data=aa9e232c00000000000000000000fb5d
WFR t=110334 src=mcu type=0x01 len=16 data=aa9fb5a1b0bfd800000000000000dfe1
WFI t=110354 a=-1652,-3863,-98 g=-5,-6,-6
WFR t=110374 src=mcu type=0x01 len=16 data=aaa000000000020c000035006a00d1bd
WFR t=110394 src=mcu type=0x01 len=16 data=aaa188044a5357583036323430360894
WFI t=110404 a=-1641,-3855,-107 g=-6,-17,9
WFR t=110434 src=mcu type=0x01 len=16 data=aaa231344e4242463930333500005e71
WFR t=110454 src=mcu type=0x01 len=16 data=aaa301180080000000000000ffff5bde
WFI t=110454 a=-1631,-3848,-97 g=2,10,-8
WFR t=110494 src=mcu type=0x01 len=16 data=aaa42d042f000000000000000000fb8a
WFI t=110504 a=-1666,-3844,-75 g=-4,-21,4
WFR t=110514 src=mcu type=0x01 len=16 data=aaa5232c00000000000000000000a026
WFR t=110534 src=mcu type=0x01 len=16 data=aaa6000000000000000000000000b4ce
WFI t=110554 a=-1631,-3854,-83 g=-2,-33,15
WFR t=110574 src=mcu type=0x01 len=16 data=aaa7000000000000000000000000b64f
WFR t=110594 src=mcu type=0x01 len=16 data=aaa801801b000000400052a8194013c9
WFI t=110604 a=-1613,-3859,-105 g=-3,34,-21
WFR t=110645 src=mcu type=0x01 len=16 data=aaa9028288135c4488132400ec02f999
WFR t=110734 src=mcu type=0x01 len=16 data=aaaa01180080000000000000feff4787
WFR t=110735 src=mcu type=0x01 len=16 data=aaab2d042f000000000000000000ef85
WFR t=110735 src=mcu type=0x01 len=16 data=aaac232c00000000000000000000bdef
WFR t=110735 src=mcu type=0x01 len=16 data=aaad0048005f00021000000100801d27
WFI t=110735 a=-1683,-3856,-97 g=-6,-51,27
WFI t=110737 a=-1671,-3856,-92 g=-9,-80,41
WFI t=110754 a=-1632,-3851,-83 g=-9,-89,46
WFR t=110774 src=mcu type=0x01 len=16 data=aaae55f04b0b18000000803a40005cef
WFR t=110794 src=mcu type=0x01 len=16 data=aaaf08610005460c2f78a00f090076a9
WFI t=110804 a=-1597,-3856,-84 g=-2,-26,7
WFR t=110814 src=mcu type=0x01 len=16 data=aab001180080000000000000ffff608d
WFR t=110854 src=mcu type=0x01 len=16 data=aab12d042f000000000000000000c91f
WFI t=110854 a=-1636,-3871,-79 g=-2,40,-29
WFR t=110874 src=mcu type=0x01 len=16 data=aab2232c0000000000000000000095f1
WFI t=110904 a=-1651,-3862,-102 g=9,70,-31
WFR t=110914 src=mcu type=0x01 len=16 data=aab3014a02050030000488001b007188
WFR t=110934 src=mcu type=0x01 len=16 data=aab400009f0ca90c9a0c540600001589
WFR t=110954 src=mcu type=0x01 len=16 data=aab51b00e8517918060ee10ab0008a80
WFI t=110954 a=-1690,-3852,-97 g=-2,9,-25
WFR t=110994 src=mcu type=0x01 len=16 data=aab6050804080080cb020122f13fc622
WFI t=111004 a=-1663,-3859,-89 g=-7,-65,33
WFR t=111014 src=mcu type=0x01 len=16 data=aa800118008000000000ffffffff2159
WFR t=111054 src=mcu type=0x01 len=16 data=aa812d042f00000000000000000088ef
WFI t=111054 a=-1610,-3862,-86 g=-2,-53,20
WFR t=111074 src=mcu type=0x01 len=16 data=aa82232c00000000000000000000d401
WFI t=111104 a=-1636,-3850,-104 g=-3,30,-19
WFR t=111114 src=mcu type=0x01 len=16 data=aa83000100011101b70111019f00058c
WFR t=111134 src=mcu type=0x01 len=16 data=aa840000090a10560001310051c45a55
WFR t=111154 src=mcu type=0x01 len=16 data=aa8513088003e204080b1000507864d4
WFI t=111154 a=-1651,-3854,-101 g=1,54,-30
WFR t=111194 src=mcu type=0x01 len=16 data=aa868403f4010400a00f8813c003f9eb
WFI t=111204 a=-1678,-3851,-108 g=-4,5,-16
WFR t=111214 src=mcu type=0x01 len=16 data=aa8701180080000000000000feff2baa
WFR t=111254 src=mcu type=0x01 len=16 data=aa882d042f0000000000000000009526
WFI t=111254 a=-1674,-3843,-87 g=-6,-70,20
WFR t=111274 src=mcu type=0x01 len=16 data=aa89232c00000000000000000000ce8a
WFR t=111294 src=mcu type=0x01 len=16 data=aa8a480c1c0207284901230020001521
WFI t=111304 a=-1595,-3847,-104 g=0,-15,16
WFR t=111334 src=mcu type=0x01 len=16 data=aa8b40005c03474c775419031a0e80f3
WFR t=111354 src=mcu type=0x01 len=16 data=aa8c2225bf0420034006b80b3e02672c
WFI t=111354 a=-1637,-3851,-97 g=-2,46,-37
WFR t=111394 src=mcu type=0x01 len=16 data=aa8d800c800000006c07102780008244
WFI t=111404 a=-1677,-3848,-106 g=0,30,-12
WFR t=111414 src=mcu type=0x01 len=16 data=aa8e01180080000000000000ffff37f3
WFR t=111435 src=mcu type=0x01 len=16 data=aa8f2d042f0000000000000000009e61
WFI t=111478 a=-1636,-3854,-98 g=-12,-58,14
WFR t=111478 src=mcu type=0x01 len=16 data=aa90232c00000000000000000000edd3
WFR t=111494 src=mcu type=0x01 len=16 data=aa910b000f00465a667332000b9ed1a0
WFI t=111504 a=-1621,-3860,-94 g=-1,-30,15
WFR t=111534 src=mcu type=0x01 len=16 data=aa92000000000000000000000000fbba
WFR t=111554 src=mcu type=0x01 len=16 data=aa93d804480804242c01c003214fe1ad
WFI t=111554 a=-1636,-3866,-104 g=2,29,-19
WFR t=111594 src=mcu type=0x01 len=16 data=aa94f0f465fffffff8080d00412af645
WFI t=111604 a=-1670,-3840,-96 g=-2,29,-19
WFR t=111614 src=mcu type=0x01 len=16 data=aa9501180080000000000000feff1278
WFR t=111634 src=mcu type=0x01 len=16 data=aa962d042f000000000000000000bd38
WFI t=111654 a=-1649,-3858,-101 g=-3,-3,8
WFR t=111674 src=mcu type=0x01 len=16 data=aa97232c00000000000000000000e694
WFR t=111694 src=mcu type=0x01 len=16 data=aa9807010200000056117eea00007aa4
WFI t=111704 a=-1645,-3862,-99 g=-5,-39,-4
WFR t=111734 src=mcu type=0x01 len=16 data=aa991d00ab04a08c64502748395e1e28
WFR t=111754 src=mcu type=0x01 len=16 data=aa9a646464625f5d5b5955010101d546
WFI t=111754 a=-1638,-3863,-71 g=1,-15,15
WFR t=111774 src=mcu type=0x01 len=16 data=aa9b0101010100000000fbfbecd30e91
WFI t=111804 a=-1602,-3848,-112 g=4,31,-25
WFR t=111814 src=mcu type=0x01 len=16 data=aa9c01180080000000000000ffff0e21
WFI t=111903 a=-1659,-3847,-110 g=3,3,13
WFI t=111964 a=-1639,-3845,-110 g=-6,-29,13
WFR t=111965 src=mcu type=0x01 len=16 data=aa9d2d042f000000000000000000a7b3
WFR t=111965 src=mcu type=0x01 len=16 data=aa9e232c00000000000000000000fb5d
WFR t=111965 src=mcu type=0x01 len=16 data=aa9fb5a1b0bfd800000000000000dfe1
WFR t=111965 src=mcu type=0x01 len=16 data=aaa000000000020c000035006a00d1bd
WFR t=111965 src=mcu type=0x01 len=16 data=aaa188044a5357583036323430360894
WFI t=111979 a=-1648,-3859,-84 g=-5,-35,14
WFR t=111981 src=mcu type=0x01 len=16 data=aaa231344e4242463930333500005e71
WFI t=112004 a=-1610,-3843,-88 g=2,11,-1
WFR t=112014 src=mcu type=0x01 len=16 data=aaa301180080000000000000feff5a4e
WFR t=112034 src=mcu type=0x01 len=16 data=aaa42d042f000000000000000000fb8a
WFR t=112054 src=mcu type=0x01 len=16 data=aaa5232c00000000000000000000a026
WFI t=112054 a=-1644,-3841,-91 g=-4,43,-37
WFR t=112094 src=mcu type=0x01 len=16 data=aaa6000000000000000000000000b4ce
WFI t=112104 a=-1694,-3843,-91 g=-1,9,-7
WFR t=112114 src=mcu type=0x01 len=16 data=aaa7000000000000000000000000b64f
WFR t=112154 src=mcu type=0x01 len=16 data=aaa801801b000000400052a8194013c9
WFI t=112154 a=-1653,-3853,-95 g=-4,-37,18
WFR t=112174 src=mcu type=0x01 len=16 data=aaa9028288135c4488132400ec02f999
WFI t=112204 a=-1640,-3861,-87 g=-4,-10,-3
WFR t=112214 src=mcu type=0x01 len=16 data=aaaa01180080000000000000ffff4617
WFR t=112234 src=mcu type=0x01 len=16 data=aaab2d042f000000000000000000ef85
WFR t=112254 src=mcu type=0x01 len=16 data=aaac232c00000000000000000000bdef
WFI t=112254 a=-1646,-3855,-96 g=2,21,-12
WFR t=112294 src=mcu type=0x01 len=16 data=aaad0048005f00021000000100801d27
WFI t=112304 a=-1656,-3849,-76 g=-8,1,-9
WFR t=112314 src=mcu type=0x01 len=16 data=aaae55f04b0b18000000803a40005cef
WFR t=112354 src=mcu type=0x01 len=16 data=aaaf08610005460c2f78a00f090076a9
WFI t=112354 a=-1633,-3853,-106 g=-4,5,-3
WFR t=112374 src=mcu type=0x01 len=16 data=aab001180080000000000000feff611d
WFR t=112394 src=mcu type=0x01 len=16 data=aab12d042f000000000000000000c91f
WFI t=112404 a=-1646,-3856,-93 g=-8,-3,-9
WFR t=112434 src=mcu type=0x01 len=16 data=aab2232c0000000000000000000095f1
WFR t=112454 src=mcu type=0x01 len=16 data=aab3014a02050030000488001b007188
WFI t=112454 a=-1660,-3842,-103 g=-5,-16,7
WFR t=112494 src=mcu type=0x01 len=16 data=aab400009f0ca90c9a0c540600001589
WFI t=112504 a=-1633,-3860,-89 g=-3,-10,3
WFR t=112514 src=mcu type=0x01 len=16 data=aab51b00e8517918060ee10ab0008a80
WFR t=112534 src=mcu type=0x01 len=16 data=aab6050804080080cb020122f13fc622
WFI t=112554 a=-1635,-3847,-83 g=1,15,-13
WFR t=112574 src=mcu type=0x01 len=16 data=aa8001180080000000000000feff20ed
WFR t=112594 src=mcu type=0x01 len=16 data=aa812d042f00000000000000000088ef
WFI t=112604 a=-1664,-3851,-87 g=4,7,-8
WFI t=112744 a=-1642,-3853,-107 g=-7,-11,-2
WFR t=112744 src=mcu type=0x01 len=16 data=aa82232c00000000000000000000d401
WFR t=112745 src=mcu type=0x01 len=16 data=aa83000100011101b70111019f00058c
WFR t=112745 src=mcu type=0x01 len=16 data=aa840000090a10560001310051c45a55
WFR t=112745 src=mcu type=0x01 len=16 data=aa8513088003e204080b1000507864d4
WFT t=112746 batt_mv=4190 rssi_mcu=-69 rssi_bms=-83 mcu=4000 bms=198 dropped=0
WFI t=112746 a=-1645,-3851,-85 g=-3,-6,-1
WFR t=112747 src=mcu type=0x01 len=16 data=aa868403f4010400a00f8813c003f9eb
WFI t=112754 a=-1651,-3853,-89 g=-3,-4,-2
WFR t=112774 src=mcu type=0x01 len=16 data=aa8701180080000000000000ffff2a3a
WFR t=112794 src=mcu type=0x01 len=16 data=aa882d042f0000000000000000009526
WFI t=112804 a=-1640,-3848,-96 g=-6,4,-8
WFR t=112834 src=mcu type=0x01 len=16 data=aa89232c00000000000000000000ce8a
WFR t=112854 src=mcu type=0x01 len=16 data=aa8a480c1c0207284901230020001521
WFI t=112854 a=-1641,-3848,-93 g=-5,5,-7
WFR t=112874 src=mcu type=0x01 len=16 data=aa8b40005c03474c775419031a0e80f3
WFI t=112904 a=-1649,-3858,-104 g=-2,7,-10
WFR t=112914 src=mcu type=0x01 len=16 data=aa8c2225bf0420034006b80b3e02672c
WFR t=112934 src=mcu type=0x01 len=16 data=aa8d800c800000006c07102780008244
WFI t=112955 a=-1661,-3867,-86 g=-7,-16,2
WFR t=112974 src=mcu type=0x01 len=16 data=aa8e01180080000000000000feff3663
WFR t=112994 src=mcu type=0x01 len=16 data=aa8f2d042f0000000000000000009e61
WFI t=113004 a=-1619,-3856,-100 g=2,-8,7
WFR t=113014 src=mcu type=0x01 len=16 data=aa90232c00000000000000000000edd3
WFR t=113054 src=mcu type=0x01 len=16 data=aa910b000f00465a667332000b9ed1a0
WFI t=113054 a=-1636,-3868,-91 g=-1,10,-14
WFR t=113074 src=mcu type=0x01 len=16 data=aa92000000000000000000000000fbba
WFI t=113104 a=-1662,-3864,-103 g=1,14,-6
WFR t=113114 src=mcu type=0x01 len=16 data=aa93d804480804242c01c003214fe1ad
WFR t=113134 src=mcu type=0x01 len=16 data=aa94f0f465fffffff8080d00412af645
WFR t=113154 src=mcu type=0x01 len=16 data=aa9501180080000000000000ffff13e8
WFI t=113154 a=-1635,-3861,-102 g=-1,-9,0
WFR t=113194 src=mcu type=0x01 len=16 data=aa962d042f000000000000000000bd38
WFI t=113204 a=-1635,-3866,-94 g=-6,-4,-2
WFR t=113214 src=mcu type=0x01 len=16 data=aa97232c00000000000000000000e694
WFI t=113254 a=-1650,-3870,-87 g=-2,7,-12
WFR t=113254 src=mcu type=0x01 len=16 data=aa9807010200000056117eea00007aa4
WFR t=113274 src=mcu type=0x01 len=16 data=aa991d00ab04a08c64502748395e1e28
WFI t=113304 a=-1672,-3861,-97 g=-3,-19,0
WFR t=113314 src=mcu type=0x01 len=16 data=aa9a646464625f5d5b5955010101d546
WFR t=113334 src=mcu type=0x01 len=16 data=aa9b0101010100000000fbfbecd30e91
WFR t=113354 src=mcu type=0x01 len=16 data=aa9c01180080000000000000ffff0e21
WFI t=113354 a=-1627,-3861,-89 g=2,-11,10
WFR t=113394 src=mcu type=0x01 len=16 data=aa9d2d042f000000000000000000a7b3
WFI t=113404 a=-1636,-3850,-91 g=-1,23,-22
WFR t=113414 src=mcu type=0x01 len=16 data=aa9e232c00000000000000000000fb5d
WFR t=113454 src=mcu type=0x01 len=16 data=aa9fb5a1b0bfd800000000000000dfe1
WFI t=113454 a=-1666,-3858,-91 g=-2,17,-13
WFR t=113474 src=mcu type=0x01 len=16 data=aaa000000000020c000035006a00d1bd
WFR t=113494 src=mcu type=0x01 len=16 data=aaa188044a5357583036323430360894
WFI t=113504 a=-1656,-3864,-97 g=-5,-35,11
WFR t=113534 src=mcu type=0x01 len=16 data=aaa231344e4242463930333500005e71
WFR t=113554 src=mcu type=0x01 len=16 data=aaa301180080000000000000ffff5bde
WFI t=113554 a=-1616,-3850,-96 g=-3,-14,4
WFR t=113594 src=mcu type=0x01 len=16 data=aaa42d042f000000000000000000fb8a
WFI t=113604 a=-1656,-3846,-89 g=-5,23,-20
WFR t=113614 src=mcu type=0x01 len=16 data=aaa5232c00000000000000000000a026
WFR t=113634 src=mcu type=0x01 len=16 data=aaa6000000000000000000000000b4ce
WFI t=113654 a=-1654,-3836,-87 g=-2,-2,-4
WFR t=113674 src=mcu type=0x01 len=16 data=aaa7000000000000000000000000b64f
WFR t=113694 src=mcu type=0x01 len=16 data=aaa801801b000000400052a8194013c9
WFI t=113704 a=-1638,-3855,-94 g=1,-8,3
WFR t=113734 src=mcu type=0x01 len=16 data=aaa9028288135c4488132400ec02f999
WFR t=113754 src=mcu type=0x01 len=16 data=aaaa01180080000000000000ffff4617
WFI t=113755 a=-1638,-3869,-93 g=0,6,-14
WFR t=113774 src=mcu type=0x01 len=16 data=aaab2d042f000000000000000000ef85
WFI t=113804 a=-1656,-3847,-82 g=-3,-10,0
WFR t=113814 src=mcu type=0x01 len=16 data=aaac232c00000000000000000000bdef
WFR t=113834 src=mcu type=0x01 len=16 data=aaad0048005f00021000000100801d27
WFI t=113854 a=-1623,-3850,-105 g=3,9,3
WFR t=113874 src=mcu type=0x01 len=16 data=aaae55f04b0b18000000803a40005cef
WFR t=113894 src=mcu type=0x01 len=16 data=aaaf08610005460c2f78a00f090076a9
WFI t=113904 a=-1649,-3851,-84 g=-6,11,-21
WFR t=113934 src=mcu type=0x01 len=16 data=aab001180080000000000000ffff608d
WFR t=113954 src=mcu type=0x01 len=16 data=aab12d042f000000000000000000c91f
WFI t=113954 a=-1664,-3857,-93 g=-1,-4,5
WFR t=113974 src=mcu type=0x01 len=16 data=aab2232c0000000000000000000095f1
WFI t=114004 a=-1645,-3859,-82 g=-7,-26,0
WFR t=114014 src=mcu type=0x01 len=16 data=aab3014a02050030000488011b002048
WFR t=114034 src=mcu type=0x01 len=16 data=aab400009f0ca90c9a0c540600001589
WFI t=114054 a=-1629,-3846,-90 g=-2,14,-3
WFR t=114074 src=mcu type=0x01 len=16 data=aab51b00e8517918060e350bb000e2b0
WFR t=114094 src=mcu type=0x01 len=16 data=aab6050804080080cb020122f13fc622
WFI t=114104 a=-1653,-3847,-86 g=-3,15,-19
WFR t=114114 src=mcu type=0x01 len=16 data=aa8001180080000000000000feff20ed
WFR t=114154 src=mcu type=0x01 len=16 data=aa812d042f00000000000000000088ef
WFI t=114154 a=-1673,-3862,-98 g=-7,-16,8
WFR t=114174 src=mcu type=0x01 len=16 data=aa82232c00000000000000000000d401
WFI t=114204 a=-1622,-3862,-96 g=-5,-14,5
WFR t=114214 src=mcu type=0x01 len=16 data=aa83000100011101b70111019f00058c
WFR t=114234 src=mcu type=0x01 len=16 data=aa840000090a10560001310051c45a55
WFR t=114254 src=mcu type=0x01 len=16 data=aa8513088003e204080b1000507864d4
WFI t=114254 a=-1646,-3860,-97 g=-6,5,-19
WFR t=114294 src=mcu type=0x01 len=16 data=aa868403f4010400a00f8813c003f9eb
WFI t=114304 a=-1662,-3846,-85 g=2,4,2
WFR t=114314 src=mcu type=0x01 len=16 data=aa8701180080000000000000ffff2a3a
WFR t=114354 src=mcu type=0x01 len=16 data=aa882d042f0000000000000000009526
WFI t=114354 a=-1635,-3853,-95 g=-5,-12,-5
WFR t=114374 src=mcu type=0x01 len=16 data=aa89232c00000000000000000000ce8a
WFI t=114404 a=-1638,-3865,-91 g=-3,11,-7
WFR t=114414 src=mcu type=0x01 len=16 data=aa8a480c1c0207284901230020001521
WFR t=114434 src=mcu type=0x01 len=16 data=aa8b40005c03474c775419031a0e80f3
WFI t=114454 a=-1644,-3859,-91 g=-5,-8,-5
WFR t=114454 src=mcu type=0x01 len=16 data=aa8c2225bf0420034006b80b3e02672c
WFR t=114494 src=mcu type=0x01 len=16 data=aa8d800c800000006c07102780008244
WFI t=114504 a=-1632,-3871,-92 g=-3,-1,2
WFR t=114514 src=mcu type=0x01 len=16 data=aa8e01180080000000000000feff3663
WFR t=114554 src=mcu type=0x01 len=16 data=aa8f2d042f0000000000000000009e61
WFI t=114554 a=-1642,-3870,-92 g=-2,8,-10
WFR t=114574 src=mcu type=0x01 len=16 data=aa90232c00000000000000000000edd3
WFR t=114594 src=mcu type=0x01 len=16 data=aa910b000f00465a667332000b9ed1a0
WFI t=114604 a=-1654,-3851,-88 g=4,14,-9
WFI t=114661 a=-1643,-3866,-101 g=-3,-8,0
WFR t=114678 src=mcu type=0x01 len=16 data=aa92000000000000000000000000fbba
WFR t=114679 src=mcu type=0x01 len=16 data=aa93d804480804242c01c003214fe1ad
WFR t=114699 src=mcu type=0x01 len=16 data=aa94f0f465fffffff8080d00412af645
WFI t=114706 a=-1635,-3872,-95 g=-3,-7,0
WFR t=114828 src=mcu type=0x01 len=16 data=aa9501180080000000000000ffff13e8
WFR t=114828 src=mcu type=0x01 len=16 data=aa962d042f000000000000000000bd38
WFR t=114829 src=mcu type=0x01 len=16 data=aa97232c00000000000000000000e694
WFR t=114829 src=mcu type=0x01 len=16 data=aa9807010200000056117eea00007aa4
WFI t=114829 a=-1666,-3866,-73 g=-2,10,-12
WFI t=114831 a=-1650,-3851,-92 g=0,11,-11
WFR t=114834 src=mcu type=0x01 len=16 data=aa991d00ab04a08c64502748395e1e28
WFR t=114854 src=mcu type=0x01 len=16 data=aa9a646464625f5d5b5955010101d546
WFI t=114854 a=-1663,-3853,-99 g=-7,-1,-6
WFR t=114874 src=mcu type=0x01 len=16 data=aa9b0101010100000000fbfbecd30e91
WFI t=114904 a=-1642,-3848,-90 g=0,-12,4
WFR t=114914 src=mcu type=0x01 len=16 data=aa9c01180080000000000000feff0fb1
WFR t=114934 src=mcu type=0x01 len=16 data=aa9d2d042f000000000000000000a7b3
WFI t=114954 a=-1630,-3857,-102 g=2,13,-9
WFR t=114974 src=mcu type=0x01 len=16 data=aa9e232c00000000000000000000fb5d
WFR t=114994 src=mcu type=0x01 len=16 data=aa9fb5a1b0bfd800000000000000dfe1
WFI t=115004 a=-1662,-3857,-97 g=-2,3,-11
WFR t=115034 src=mcu type=0x01 len=16 data=aaa000000000020c000035006a00d1bd
WFR t=115054 src=mcu type=0x01 len=16 data=aaa188044a5357583036323430360894
WFI t=115054 a=-1637,-3853,-89 g=-3,-17,10
WFR t=115112 src=mcu type=0x01 len=16 data=aaa231344e4242463930333500005e71
WFI t=115113 a=-1634,-3854,-105 g=-11,-6,-9
WFR t=115114 src=mcu type=0x01 len=16 data=aaa301180080000000000000ffff5bde
WFR t=115134 src=mcu type=0x01 len=16 data=aaa42d042f000000000000000000fb8a
WFI t=115154 a=-1652,-3866,-100 g=0,17,-9
WFR t=115174 src=mcu type=0x01 len=16 data=aaa5232c00000000000000000000a026
WFR t=115194 src=mcu type=0x01 len=16 data=aaa6000000000000000000000000b4ce
WFI t=115204 a=-1657,-3849,-97 g=-3,4,-7
WFR t=115214 src=mcu type=0x01 len=16 data=aaa7000000000000000000000000b64f
WFR t=115254 src=mcu type=0x01 len=16 data=aaa801801b000000400052a8194013c9
WFI t=115254 a=-1671,-3855,-102 g=-5,-21,1
WFR t=115274 src=mcu type=0x01 len=16 data=aaa9028288135c4488132400ec02f999
WFI t=115304 a=-1639,-3858,-100 g=3,-13,8
WFR t=115314 src=mcu type=0x01 len=16 data=aaaa01180080000000000000ffff4617
WFR t=115334 src=mcu type=0x01 len=16 data=aaab2d042f000000000000000000ef85
WFI t=115354 a=-1635,-3847,-100 g=3,29,-22
WFR t=115354 src=mcu type=0x01 len=16 data=aaac232c00000000000000000000bdef
WFR t=115394 src=mcu type=0x01 len=16 data=aaad0048005f00021000000100801d27
WFI t=115404 a=-1682,-3858,-97 g=-8,3,-16
WFR t=115414 src=mcu type=0x01 len=16 data=aaae55f04b0b18000000803a40005cef
WFR t=115454 src=mcu type=0x01 len=16 data=aaaf08610005460c2f78a00f090076a9
WFI t=115454 a=-1642,-3844,-90 g=-5,-21,16
WFR t=115474 src=mcu type=0x01 len=16 data=aab001180080000000000000ffff608d
WFR t=115494 src=mcu type=0x01 len=16 data=aab12d042f000000000000000000c91f
WFI t=115504 a=-1625,-3859,-90 g=-4,2,-15
WFR t=115534 src=mcu type=0x01 len=16 data=aab2232c0000000000000000000095f1
WFI t=115554 a=-1662,-3849,-99 g=1,23,-9
WFR t=115554 src=mcu type=0x01 len=16 data=aab3014a02050030000488001b007188
WFR t=115594 src=mcu type=0x01 len=16 data=aab400009f0ca90c9a0c540600001589
WFI t=115604 a=-1676,-3852,-96 g=-11,-35,4
WFR t=115614 src=mcu type=0x01 len=16 data=aab51b00e8517918060e190bb000ea20
WFI t=115654 a=-1617,-3861,-83 g=0,-2,9
WFR t=115654 src=mcu type=0x01 len=16 data=aab6050804080080cb020122f13fc622
WFR t=115674 src=mcu type=0x01 len=16 data=aa8001180080000000000100feff2111
WFR t=115694 src=mcu type=0x01 len=16 data=aa812d042f00000000000000000088ef
WFI t=115704 a=-1639,-3846,-89 g=-6,19,-24
WFR t=115734 src=mcu type=0x01 len=16 data=aa82232c00000000000000000000d401
WFI t=115754 a=-1657,-3855,-82 g=0,7,-2
WFR t=115754 src=mcu type=0x01 len=16 data=aa83000100011101b70111019f00058c
WFR t=115794 src=mcu type=0x01 len=16 data=aa840000090a10560001310051c45a55
WFI t=115804 a=-1615,-3851,-97 g=2,1,-2
WFR t=115814 src=mcu type=0x01 len=16 data=aa8513088003e204080b1000507864d4
WFR t=115834 src=mcu type=0x01 len=16 data=aa868403f4010400a00f8813c003f9eb
WFI t=115854 a=-1679,-3857,-99 g=-5,-10,-13
WFR t=115874 src=mcu type=0x01 len=16 data=aa8701180080000000000000ffff2a3a
WFR t=115894 src=mcu type=0x01 len=16 data=aa882d042f0000000000000000009526
WFI t=115904 a=-1644,-3861,-87 g=3,-28,23
WFR t=115934 src=mcu type=0x01 len=16 data=aa89232c00000000000000000000ce8a
WFI t=115954 a=-1598,-3859,-107 g=7,30,-20
WFR t=115954 src=mcu type=0x01 len=16 data=aa8a480c1c0207284901230020001521
WFR t=115974 src=mcu type=0x01 len=16 data=aa8b40005c03474c775419031a0e80f3
WFI t=116004 a=-1697,-3863,-89 g=-7,20,-26
WFR t=116014 src=mcu type=0x01 len=16 data=aa8c2225bf0420034006b80b3e02672c
WFR t=116034 src=mcu type=0x01 len=16 data=aa8d800c800000006c07102780008244
WFI t=116054 a=-1636,-3858,-104 g=3,-26,23
WFR t=116074 src=mcu type=0x01 len=16 data=aa8e01180080000000000000ffff37f3
WFR t=116094 src=mcu type=0x01 len=16 data=aa8f2d042f0000000000000000009e61
WFI t=116104 a=-1611,-3870,-75 g=-11,-19,-7
WFR t=116134 src=mcu type=0x01 len=16 data=aa90232c00000000000000000000edd3
WFR t=116154 src=mcu type=0x01 len=16 data=aa910b000f00465a667332000b9ed1a0
WFI t=116154 a=-1641,-3851,-86 g=5,31,-13
WFR t=116174 src=mcu type=0x01 len=16 data=aa92000000000000000000000000fbba
WFI t=116204 a=-1660,-3840,-106 g=1,-11,-4
WFR t=116214 src=mcu type=0x01 len=16 data=aa93d804480804242c01c003214fe1ad
WFR t=116234 src=mcu type=0x01 len=16 data=aa94f0f465fffffff8080d00412af645
WFI t=116254 a=-1629,-3866,-90 g=-2,-7,8
WFR t=116274 src=mcu type=0x01 len=16 data=aa9501180080000000000000ffff13e8
WFR t=116294 src=mcu type=0x01 len=16 data=aa962d042f000000000000000000bd38
WFI t=116304 a=-1632,-3853,-87 g=-2,10,-20
WFR t=116314 src=mcu type=0x01 len=16 data=aa97232c00000000000000000000e694
WFI t=116354 a=-1667,-3855,-94 g=-9,-8,-4
WFR t=116354 src=mcu type=0x01 len=16 data=aa9807010200000056117eea00007aa4
WFR t=116374 src=mcu type=0x01 len=16 data=aa991d00ab04a08c64502748395e1e28
WFI t=116404 a=-1621,-3868,-100 g=-3,-4,9
WFR t=116414 src=mcu type=0x01 len=16 data=aa9a646464625f5d5b5955010101d546
WFR t=116434 src=mcu type=0x01 len=16 data=aa9b0101010100000000fbfbecd30e91
WFR t=116454 src=mcu type=0x01 len=16 data=aa9c01180080000000000000ffff0e21
WFI t=116454 a=-1644,-3867,-102 g=-7,16,-26
WFR t=116494 src=mcu type=0x01 len=16 data=aa9d2d042f000000000000000000a7b3
WFI t=116504 a=-1678,-3869,-87 g=-3,-17,11
WFR t=116514 src=mcu type=0x01 len=16 data=aa9e232c00000000000000000000fb5d
WFI t=116554 a=-1602,-3858,-94 g=-5,-3,2
WFR t=116554 src=mcu type=0x01 len=16 data=aa9fb5a1b0bfd800000000000000dfe1
WFR t=116574 src=mcu type=0x01 len=16 data=aaa000000000020c000035006a00d1bd
WFR t=116594 src=mcu type=0x01 len=16 data=aaa188044a5357583036323430360894
WFI t=116604 a=-1666,-3874,-81 g=-5,37,-35
WFR t=116664 src=mcu type=0x01 len=16 data=aaa231344e4242463930333500005e71
WFI t=116818 a=-1670,-3849,-90 g=-8,-46,20
WFR t=116819 src=mcu type=0x01 len=16 data=aaa301180080000000000000ffff5bde
WFR t=116819 src=mcu type=0x01 len=16 data=aaa42d042f000000000000000000fb8a
WFR t=116819 src=mcu type=0x01 len=16 data=aaa5232c00000000000000000000a026
WFR t=116834 src=mcu type=0x01 len=16 data=aaa6000000000000000000000000b4ce
WFI t=116894 a=-1680,-3848,-106 g=-1,17,-7
WFR t=116909 src=mcu type=0x01 len=16 data=aaa7000000000000000000000000b64f
WFR t=116909 src=mcu type=0x01 len=16 data=aaa801801b000000400052a8194013c9
WFR t=116909 src=mcu type=0x01 len=16 data=aaa9028288135c4488132400ec02f999
WFR t=116909 src=mcu type=0x01 len=16 data=aaaa01180080000000000000ffff4617
WFR t=116910 src=mcu type=0x01 len=16 data=aaab2d042f000000000000000000ef85
WFI t=116910 a=-1634,-3870,-83 g=1,-12,5
WFI t=116913 a=-1644,-3851,-93 g=-2,-11,2
WFR t=116914 src=mcu type=0x01 len=16 data=aaac232c00000000000000000000bdef
WFI t=116916 a=-1644,-3851,-93 g=-2,-11,2
WFI t=116918 a=-1649,-3847,-97 g=0,-11,2
WFR t=116934 src=mcu type=0x01 len=16 data=aaad0048005f00021000000100801d27
WFI t=116954 a=-1650,-3864,-83 g=-10,-22,-3
WFR t=116974 src=mcu type=0x01 len=16 data=aaae55f04b0b18000000803a40005cef
WFR t=116994 src=mcu type=0x01 len=16 data=aaaf08610005460c2f78a00f090076a9
WFI t=117004 a=-1634,-3861,-90 g=2,17,0
WFR t=117034 src=mcu type=0x01 len=16 data=aab001180080000000000000feff611d
WFE t=117035 bms stale, no frame for 10110 ms, dropping link
WFE t=117048 bms link down (stale) after 66 answers in 37217 ms, writes=90 err=0 silent=24 bytes=8514
WFR t=117054 src=mcu type=0x01 len=16 data=aab12d042f000000000000000000c91f
WFI t=117054 a=-1639,-3865,-104 g=-5,29,-29
WFE t=117064 bms disconnected reason=534
WFR t=117094 src=mcu type=0x01 len=16 data=aab2232c0000000000000000000095f1
WFI t=117104 a=-1689,-3860,-92 g=-3,-14,1
WFR t=117114 src=mcu type=0x01 len=16 data=aab3014a02050030000488001b007188
WFR t=117134 src=mcu type=0x01 len=16 data=aab400009f0ca90c9a0c540600001589
WFI t=117154 a=-1621,-3855,-93 g=-10,-49,22
WFR t=117174 src=mcu type=0x01 len=16 data=aab51b00e8517918060ede0ab0008694
WFR t=117194 src=mcu type=0x01 len=16 data=aab6050804080080cb020122f13fc622
WFI t=117204 a=-1605,-3844,-101 g=1,25,-15
WFR t=117234 src=mcu type=0x01 len=16 data=aa8001180080000000000000ffff217d
WFR t=117254 src=mcu type=0x01 len=16 data=aa812d042f00000000000000000088ef
WFI t=117254 a=-1680,-3854,-85 g=-4,18,-22
WFR t=117274 src=mcu type=0x01 len=16 data=aa82232c00000000000000000000d401
WFI t=117304 a=-1652,-3857,-104 g=0,1,8
WFR t=117314 src=mcu type=0x01 len=16 data=aa83000100011101b70111019f00058c
WFR t=117334 src=mcu type=0x01 len=16 data=aa840000090a10560001310051c45a55
WFI t=117354 a=-1656,-3856,-83 g=-13,-31,-7
WFR t=117374 src=mcu type=0x01 len=16 data=aa8513088003e204080b1000507864d4
WFR t=117394 src=mcu type=0x01 len=16 data=aa868403f4010400a00f8813c003f9eb
WFI t=117404 a=-1645,-3849,-91 g=0,0,8
WFR t=117414 src=mcu type=0x01 len=16 data=aa8701180080000000000000ffff2a3a
WFR t=117454 src=mcu type=0x01 len=16 data=aa882d042f0000000000000000009526
WFI t=117454 a=-1637,-3851,-93 g=-4,-4,-13
WFR t=117474 src=mcu type=0x01 len=16 data=aa89232c00000000000000000000ce8a
WFI t=117504 a=-1658,-3849,-100 g=4,28,-8
WFR t=117514 src=mcu type=0x01 len=16 data=aa8a480c1c0207284901230020001521
WFR t=117534 src=mcu type=0x01 len=16 data=aa8b40005c03474c775419031a0e80f3
WFI t=117554 a=-1649,-3861,-102 g=-3,-8,-9
WFR t=117554 src=mcu type=0x01 len=16 data=aa8c2225bf0420034006b80b3e02672c
WFR t=117594 src=mcu type=0x01 len=16 data=aa8d800c800000006c07102780008244
WFI t=117604 a=-1649,-3853,-93 g=0,-26,12
WFR t=117614 src=mcu type=0x01 len=16 data=aa8e01180080000000000000ffff37f3
WFI t=117654 a=-1627,-3862,-89 g=-5,-1,1
WFR t=117654 src=mcu type=0x01 len=16 data=aa8f2d042f0000000000000000009e61
WFR t=117695 src=mcu type=0x01 len=16 data=aa90232c00000000000000000000edd3
WFR t=117695 src=mcu type=0x01 len=16 data=aa910b000f00465a667332000b9ed1a0
WFI t=117704 a=-1641,-3857,-112 g=5,47,-32
WFR t=117734 src=mcu type=0x01 len=16 data=aa92000000000000000000000000fbba
WFI t=117754 a=-1686,-3877,-83 g=-3,-7,-3
WFR t=117754 src=mcu type=0x01 len=16 data=aa93d804480804242c01c003214fe1ad
WFR t=117794 src=mcu type=0x01 len=16 data=aa94f0f465fffffff8080d00412af645
WFI t=117804 a=-1629,-3857,-110 g=-3,-37,20
WFR t=117814 src=mcu type=0x01 len=16 data=aa9501180080000000000000ffff13e8
WFI t=117854 a=-1653,-3859,-73 g=-5,-15,-9
WFR t=117854 src=mcu type=0x01 len=16 data=aa962d042f000000000000000000bd38
WFR t=117874 src=mcu type=0x01 len=16 data=aa97232c00000000000000000000e694
WFR t=117894 src=mcu type=0x01 len=16 data=aa9807010200000056117eea00007aa4
WFI t=117904 a=-1620,-3849,-105 g=0,36,-12
WFR t=117934 src=mcu type=0x01 len=16 data=aa991d00ab04a08c64502748395e1e28
WFI t=117954 a=-1669,-3858,-88 g=-5,5,-21
WFR t=117954 src=mcu type=0x01 len=16 data=aa9a646464625f5d5b5955010101d546
WFR t=117994 src=mcu type=0x01 len=16 data=aa9b0101010100000000fbfbecd30e91
WFI t=118004 a=-1657,-3846,-103 g=1,-18,15
WFR t=118014 src=mcu type=0x01 len=16 data=aa9c01180080000000000000ffff0e21
WFR t=118034 src=mcu type=0x01 len=16 data=aa9d2d042f000000000000000000a7b3
WFI t=118054 a=-1626,-3861,-87 g=-6,-10,-5
WFR t=118074 src=mcu type=0x01 len=16 data=aa9e232c00000000000000000000fb5d
WFR t=118094 src=mcu type=0x01 len=16 data=aa9fb5a1b0bfd800000000000000dfe1
WFI t=118104 a=-1659,-3855,-86 g=-7,-11,-8
WFR t=118134 src=mcu type=0x01 len=16 data=aaa000000000020c000035006a00d1bd
WFI t=118154 a=-1612,-3851,-88 g=1,12,5
WFR t=118154 src=mcu type=0x01 len=16 data=aaa188044a5357583036323430360894
WFR t=118174 src=mcu type=0x01 len=16 data=aaa231344e4242463930333500005e71
WFI t=118204 a=-1648,-3846,-101 g=-7,18,-30
WFR t=118214 src=mcu type=0x01 len=16 data=aaa301180080000000000000ffff5bde
WFR t=118234 src=mcu type=0x01 len=16 data=aaa42d042f000000000000000000fb8a
WFI t=118254 a=-1676,-3862,-77 g=0,-13,13
WFR t=118274 src=mcu type=0x01 len=16 data=aaa5232c00000000000000000000a026
WFR t=118294 src=mcu type=0x01 len=16 data=aaa6000000000000000000000000b4ce
WFI t=118304 a=-1616,-3842,-118 g=-3,-22,8
WFR t=118334 src=mcu type=0x01 len=16 data=aaa7000000000000000000000000b64f
WFI t=118354 a=-1652,-3855,-88 g=-3,24,-22
WFR t=118354 src=mcu type=0x01 len=16 data=aaa801801b000000400052a8194013c9
WFR t=118375 src=mcu type=0x01 len=16 data=aaa9028288135c4488132400ec02f999
WFI t=118404 a=-1670,-3846,-100 g=-4,8,-6
WFR t=118414 src=mcu type=0x01 len=16 data=aaaa01180080000000000000ffff4617
WFR t=118434 src=mcu type=0x01 len=16 data=aaab2d042f000000000000000000ef85
WFI t=118454 a=-1654,-3850,-96 g=-5,-30,3
WFR t=118474 src=mcu type=0x01 len=16 data=aaac232c00000000000000000000bdef
WFR t=118523 src=mcu type=0x01 len=16 data=aaad0048005f00021000000100801d27
WFR t=118523 src=mcu type=0x01 len=16 data=aaae55f04b0b18000000803a40005cef
WFI t=118535 a=-1616,-3855,-90 g=-3,5,1
WFI t=118554 a=-1626,-3855,-93 g=0,30,-21
WFR t=118554 src=mcu type=0x01 len=16 data=aaaf08610005460c2f78a00f090076a9
WFR t=118574 src=mcu type=0x01 len=16 data=aab001180080000000000000feff611d
WFI t=118604 a=-1683,-3865,-86 g=-12,2,-17
WFR t=118635 src=mcu type=0x01 len=16 data=aab12d042f000000000000000000c91f
WFR t=118635 src=mcu type=0x01 len=16 data=aab2232c0000000000000000000095f1
WFR t=118756 src=mcu type=0x01 len=16 data=aab3014a02050030000488001b007188
WFR t=118756 src=mcu type=0x01 len=16 data=aab400009f0ca90c9a0c540600001589
WFR t=118756 src=mcu type=0x01 len=16 data=aab51b00e8517918060ede0ab0008694
WFI t=118834 a=-1628,-3849,-98 g=-8,-19,9
WFR t=118835 src=mcu type=0x01 len=16 data=aab6050804080080cb020122f13fc622
WFR t=118836 src=mcu type=0x01 len=16 data=aa8001180080000000000000ffff217d
WFR t=118836 src=mcu type=0x01 len=16 data=aa812d042f00000000000000000088ef
WFR t=118836 src=mcu type=0x01 len=16 data=aa82232c00000000000000000000d401
WFI t=118913 a=-1655,-3858,-89 g=-3,2,-8
WFR t=118915 src=mcu type=0x01 len=16 data=aa83000100011101b70111019f00058c
WFI t=118915 a=-1638,-3859,-90 g=2,-12,-4
WFR t=118915 src=mcu type=0x01 len=16 data=aa840000090a10560001310051c45a55
WFR t=118915 src=mcu type=0x01 len=16 data=aa8513088003e204080b1000507864d4
WFI t=118917 a=-1638,-3859,-90 g=2,-12,-4
WFI t=118920 a=-1641,-3855,-92 g=-3,-12,-2
WFI t=118923 a=-1641,-3855,-92 g=-3,-12,-2
WFI t=118954 a=-1659,-3846,-91 g=-7,-16,-1
WFR t=118954 src=mcu type=0x01 len=16 data=aa868403f4010400a00f8813c003f9eb
WFR t=118974 src=mcu type=0x01 len=16 data=aa8701180080000000000000ffff2a3a
WFR t=118994 src=mcu type=0x01 len=16 data=aa882d042f0000000000000000009526
WFI t=119004 a=-1637,-3848,-103 g=-3,9,-7
WFR t=119034 src=mcu type=0x01 len=16 data=aa89232c00000000000000000000ce8a
WFI t=119054 a=-1657,-3841,-93 g=-6,10,-16
WFR t=119054 src=mcu type=0x01 len=16 data=aa8a480c1c0207284901230020001521
WFR t=119094 src=mcu type=0x01 len=16 data=aa8b40005c03474c775419031a0e80f3
WFI t=119104 a=-1655,-3843,-103 g=-5,-28,10
WFR t=119114 src=mcu type=0x01 len=16 data=aa8c2225bf0420034006b80b3e02672c
WFR t=119135 src=mcu type=0x01 len=16 data=aa8d800c800000006c07102780008244
WFI t=119154 a=-1600,-3844,-94 g=3,4,0
WFR t=119174 src=mcu type=0x01 len=16 data=aa8e01180080000000000000feff3663
WFR t=119194 src=mcu type=0x01 len=16 data=aa8f2d042f0000000000000000009e61
WFI t=119204 a=-1652,-3860,-86 g=-1,21,-27
WFR t=119234 src=mcu type=0x01 len=16 data=aa90232c00000000000000000000edd3
WFI t=119254 a=-1667,-3853,-82 g=1,-10,8
WFR t=119254 src=mcu type=0x01 len=16 data=aa910b000f00465a667332000b9ed1a0
WFR t=119274 src=mcu type=0x01 len=16 data=aa92000000000000000000000000fbba
WFI t=119304 a=-1623,-3853,-89 g=-10,-26,7
WFR t=119314 src=mcu type=0x01 len=16 data=aa93d804480804242c01c003214fe1ad
WFR t=119334 src=mcu type=0x01 len=16 data=aa94f0f465fffffff8080d00412af645
WFI t=119354 a=-1640,-3863,-92 g=5,19,-16
WFR t=119375 src=mcu type=0x01 len=16 data=aa9501180080000000000100feff1384
WFR t=119394 src=mcu type=0x01 len=16 data=aa962d042f000000000000000000bd38
WFI t=119404 a=-1666,-3861,-101 g=-3,2,-9
WFR t=119434 src=mcu type=0x01 len=16 data=aa97232c00000000000000000000e694
WFI t=119454 a=-1616,-3856,-98 g=-3,-6,6
WFR t=119454 src=mcu type=0x01 len=16 data=aa9807010200000056117eea00007aa4
WFR t=119474 src=mcu type=0x01 len=16 data=aa991d00ab04a08c64502748395e1e28
WFI t=119504 a=-1640,-3858,-93 g=0,6,-17
WFR t=119514 src=mcu type=0x01 len=16 data=aa9a646464625f5d5b5955010101d546
WFR t=119534 src=mcu type=0x01 len=16 data=aa9b0101010100000000fbfbecd30e91
WFI t=119554 a=-1670,-3857,-91 g=-3,-11,2
WFR t=119575 src=mcu type=0x01 len=16 data=aa9c01180080000000000000ffff0e21
WFR t=119594 src=mcu type=0x01 len=16 data=aa9d2d042f000000000000000000a7b3
WFI t=119604 a=-1623,-3857,-80 g=-5,-14,9
WFR t=119614 src=mcu type=0x01 len=16 data=aa9e232c00000000000000000000fb5d
WFI t=119654 a=-1643,-3858,-76 g=-5,17,-21
WFR t=119654 src=mcu type=0x01 len=16 data=aa9fb5a1b0bfd800000000000000dfe1
WFR t=119674 src=mcu type=0x01 len=16 data=aaa000000000020c000035006a00d1bd
WFI t=119704 a=-1664,-3854,-83 g=-2,2,-4
WFR t=119714 src=mcu type=0x01 len=16 data=aaa188044a5357583036323430360894
WFR t=119734 src=mcu type=0x01 len=16 data=aaa231344e4242463930333500005e71
WFI t=119754 a=-1646,-3860,-90 g=-4,-11,3
WFR t=119755 src=mcu type=0x01 len=16 data=aaa301180080000000000000feff5a4e
WFR t=119794 src=mcu type=0x01 len=16 data=aaa42d042f000000000000000000fb8a
WFI t=119804 a=-1641,-3865,-80 g=-9,2,-12
WFR t=119814 src=mcu type=0x01 len=16 data=aaa5232c00000000000000000000a026
WFI t=119854 a=-1652,-3853,-90 g=-5,-9,2
WFR t=119854 src=mcu type=0x01 len=16 data=aaa6000000000000000000000000b4ce
WFR t=119874 src=mcu type=0x01 len=16 data=aaa7000000000000000000000000b64f
WFR t=119894 src=mcu type=0x01 len=16 data=aaa801801b000000400052a8194013c9
WFI t=119904 a=-1617,-3858,-86 g=3,0,0
WFR t=119934 src=mcu type=0x01 len=16 data=aaa9028288135c4488132400ec02f999
WFI t=119954 a=-1657,-3855,-97 g=1,15,-20
WFR t=119955 src=mcu type=0x01 len=16 data=aaaa01180080000000000000ffff4617
WFR t=119994 src=mcu type=0x01 len=16 data=aaab2d042f000000000000000000ef85
WFI t=120004 a=-1669,-3862,-91 g=-4,-9,4
WFR t=120014 src=mcu type=0x01 len=16 data=aaac232c00000000000000000000bdef
WFE t=120020 bms subscribed val=0x0010 cccd=0x0011 ctrl=0x0014 mtu=512 regs=62
WFE t=120021 bms conn itvl=80 latency=0 timeout=600
WFE t=120033 bms reconnected (attempt 3)
WFT t=120042 batt_mv=4184 rssi_mcu=-71 rssi_bms=-81 mcu=4259 bms=198 dropped=0
WFE t=120043 bms mtu event mtu=512
WFI t=120054 a=-1638,-3863,-89 g=-7,-13,2
WFR t=120054 src=mcu type=0x01 len=16 data=aaad0048005f00021000000100801d27
WFR t=120074 src=mcu type=0x01 len=16 data=aaae55f04b0b18000000803a40005cef
WFR t=120094 src=mcu type=0x01 len=16 data=aaaf08610005460c2f78a00f090076a9
WFI t=120104 a=-1653,-3854,-92 g=0,1,-12
WFR t=120134 src=mcu type=0x01 len=16 data=aab00118008000000000fffffeff6139
WFI t=120154 a=-1637,-3850,-97 g=-5,-17,9
WFR t=120154 src=mcu type=0x01 len=16 data=aab12d042f000000000000000000c91f
WFR t=120194 src=mcu type=0x01 len=16 data=aab2232c0000000000000000000095f1
WFI t=120204 a=-1604,-3854,-102 g=1,5,-5
WFR t=120214 src=mcu type=0x01 len=16 data=aab3014a02050030000488001b007188
WFR t=120234 src=mcu type=0x01 len=16 data=aab400009f0ca90c9a0c540600001589
WFI t=120254 a=-1668,-3858,-106 g=-1,29,-25
WFR t=120274 src=mcu type=0x01 len=16 data=aab51b00e8517918060ebf0ab0009968
WFR t=120294 src=mcu type=0x01 len=16 data=aab6050804080080cb020122f13fc622
WFI t=120304 a=-1670,-3854,-83 g=-7,-30,8
WFR t=120320 src=bms type=0x02 len=129 data=d2037c0eed0eec0eed0eed0eec0eec0eed0eed0eec0eec0eed0eee0ef10ef10ef10ef00ef10ef10ef20ef20ef20ef20ef30ef20ef10ef20ef20ef20000000000000000003d0000000000000000000000000000042e752f02ae0ef30eeb003d003d00000157001c0001001d0000000100010eef0008000a00000000000000000d2d
WFE t=120321 bms conn update status=0 itvl=12 latency=0 timeout=400
WFR t=120335 src=mcu type=0x01 len=16 data=aa8001180080000000000000ffff217d
WFI t=120354 a=-1613,-3859,-91 g=-8,-29,18
WFR t=120354 src=mcu type=0x01 len=16 data=aa812d042f00000000000000000088ef
WFR t=120374 src=mcu type=0x01 len=16 data=aa82232c00000000000000000000d401
WFI t=120404 a=-1627,-3839,-91 g=-7,28,-26
WFR t=120414 src=mcu type=0x01 len=16 data=aa83000100011101b70111019f00058c
WFR t=120434 src=mcu type=0x01 len=16 data=aa840000090a10560001310051c45a55
WFI t=120454 a=-1679,-3842,-77 g=-1,12,-10
WFR t=120474 src=mcu type=0x01 len=16 data=aa8513088003e204080b1000507864d4
WFR t=120494 src=mcu type=0x01 len=16 data=aa868403f4010400a00f8813c003f9eb
WFI t=120504 a=-1641,-3846,-106 g=-9,-28,12
WFR t=120515 src=mcu type=0x01 len=16 data=aa8701180080000000000000ffff2a3a
WFI t=120554 a=-1625,-3848,-81 g=-1,5,-12
WFR t=120555 src=mcu type=0x01 len=16 data=aa882d042f0000000000000000009526
WFR t=120574 src=mcu type=0x01 len=16 data=aa89232c00000000000000000000ce8a
WFI t=120604 a=-1666,-3854,-90 g=-3,1,-8
WFR t=120614 src=mcu type=0x01 len=16 data=aa8a480c1c0207284901230020001521
WFR t=120634 src=mcu type=0x01 len=16 data=aa8b40005c03474c775419031a0e80f3
WFI t=120689 a=-1633,-3849,-86 g=-1,-2,5
WFR t=120689 src=mcu type=0x01 len=16 data=aa8c2225bf0420034006b80b3e02672c
WFR t=120766 src=mcu type=0x01 len=16 data=aa8d800c800000006c07102780008244
WFR t=120766 src=mcu type=0x01 len=16 data=aa8e01180080000000000000feff3663
WFI t=120781 a=-1655,-3853,-75 g=-6,-17,7
WFR t=120781 src=bms type=0x02 len=129 data=d2037c0eed0eec0eed0eed0eed0eec0eed0eed0eec0eec0eed0eee0ef10ef10ef10ef00ef10ef10ef20ef20ef10ef20ef30ef20ef10ef20ef20ef20000000000000000003d0000000000000000000000000000042e752e02ae0ef30eeb003d003d00000157001c0001001d0000000100010eef00080015000000000000000029f8
WFR t=120782 src=mcu type=0x01 len=16 data=aa8f2d042f0000000000000000009e61
WFR t=120782 src=mcu type=0x01 len=16 data=aa90232c00000000000000000000edd3
WFI t=120783 a=-1640,-3863,-77 g=-6,-14,10
WFI t=120804 a=-1611,-3844,-96 g=1,-1,2
WFR t=120814 src=mcu type=0x01 len=16 data=aa910b000f00465a667332000b9ed1a0
WFR t=120834 src=mcu type=0x01 len=16 data=aa92000000000000000000000000fbba
WFI t=120854 a=-1649,-3840,-97 g=-2,21,-26
WFR t=120854 src=mcu type=0x01 len=16 data=aa93d804480804242c01c003214fe1ad
WFR t=120894 src=mcu type=0x01 len=16 data=aa94f0f465fffffff8080d00412af645
WFI t=120904 a=-1678,-3863,-81 g=-4,-5,5
WFR t=120914 src=mcu type=0x01 len=16 data=aa9501180080000000000000feff1278
WFI t=120954 a=-1631,-3855,-84 g=-5,-31,8
WFR t=120954 src=mcu type=0x01 len=16 data=aa962d042f000000000000000000bd38
WFR t=120974 src=mcu type=0x01 len=16 data=aa97232c00000000000000000000e694
WFR t=120994 src=mcu type=0x01 len=16 data=aa9807010200000056117eea00007aa4
WFI t=121004 a=-1649,-3863,-79 g=-4,11,-8
WFR t=121034 src=mcu type=0x01 len=16 data=aa991d00ab04a08c64502748395e1e28
WFI t=121054 a=-1649,-3844,-86 g=-2,9,-15
WFR t=121054 src=mcu type=0x01 len=16 data=aa9a646464625f5d5b5955010101d546
WFR t=121094 src=mcu type=0x01 len=16 data=aa9b0101010100000000fbfbecd30e91
WFI t=121104 a=-1651,-3862,-75 g=0,3,1
WFR t=121115 src=mcu type=0x01 len=16 data=aa9c01180080000000000000ffff0e21
WFI t=121154 a=-1626,-3868,-101 g=-6,-1,-9
WFR t=121154 src=mcu type=0x01 len=16 data=aa9d2d042f000000000000000000a7b3
WFR t=121174 src=mcu type=0x01 len=16 data=aa9e232c00000000000000000000fb5d
WFR t=121189 src=bms type=0x02 len=129 data=d2037c0eed0eec0eed0eed0eed0eec0eed0eed0eec0eec0eed0eee0ef10ef10ef10ef00ef10ef10ef20ef20ef10ef20ef30ef20ef10ef20ef20ef20000000000000000003d0000000000000000000000000000042e752e02ae0ef30eeb003d003d00000157001c0001001d0000000100010eef00080015000000000000000029f8
WFR t=121194 src=mcu type=0x01 len=16 data=aa9fb5a1b0bfd800000000000000dfe1
WFI t=121204 a=-1676,-3863,-78 g=-6,-20,3
WFR t=121234 src=mcu type=0x01 len=16 data=aaa000000000020c000035006a00d1bd
WFI t=121254 a=-1604,-3871,-95 g=0,5,4
WFR t=121254 src=mcu type=0x01 len=16 data=aaa188044a5357583036323430360894
WFR t=121294 src=mcu type=0x01 len=16 data=aaa231344e4242463930333500005e71
WFI t=121304 a=-1667,-3861,-83 g=-9,27,-36
WFR t=121314 src=mcu type=0x01 len=16 data=aaa301180080000000000000ffff5bde
WFR t=121334 src=mcu type=0x01 len=16 data=aaa42d042f000000000000000000fb8a
WFI t=121354 a=-1678,-3859,-89 g=-5,-13,9
WFR t=121374 src=mcu type=0x01 len=16 data=aaa5232c00000000000000000000a026
WFR t=121394 src=mcu type=0x01 len=16 data=aaa6000000000000000000000000b4ce
WFI t=121404 a=-1618,-3853,-90 g=-8,-26,8
WFR t=121434 src=mcu type=0x01 len=16 data=aaa7000000000000000000000000b64f
WFI t=121454 a=-1653,-3849,-88 g=-1,14,-19
WFR t=121454 src=mcu type=0x01 len=16 data=aaa801801b000000400052a8194013c9
WFR t=121474 src=mcu type=0x01 len=16 data=aaa9028288135c4488132400ec02f999
WFI t=121504 a=-1666,-3847,-95 g=-2,-4,0
WFR t=121514 src=mcu type=0x01 len=16 data=aaaa01180080000000000000ffff4617
WFR t=121534 src=mcu type=0x01 len=16 data=aaab2d042f000000000000000000ef85
WFI t=121589 a=-1633,-3859,-83 g=-2,6,-11
WFR t=121595 src=mcu type=0x01 len=16 data=aaac232c00000000000000000000bdef
WFR t=121595 src=mcu type=0x01 len=16 data=aaad0048005f00021000000100801d27
WFI t=121604 a=-1656,-3853,-93 g=-1,14,-16
WFR t=121609 src=bms type=0x02 len=129 data=d2037c0eed0eec0eed0eec0eec0eec0eed0eed0eec0eec0eed0eed0ef10ef10ef10ef00ef10ef10ef20ef20ef20ef20ef30ef30ef10ef20ef20ef20000000000000000003d0000000000000000000000000000042e752f02ae0ef30eec003d003d00000157001c0001001d0000000100010eef0007000a0000000000000000c54d
WFR t=121614 src=mcu type=0x01 len=16 data=aaae55f04b0b18000000803a40005cef
WFI t=121654 a=-1666,-3868,-94 g=3,-6,0
WFR t=121655 src=mcu type=0x01 len=16 data=aaaf08610005460c2f78a00f090076a9
WFR t=121674 src=mcu type=0x01 len=16 data=aab001180080000000000000feff611d
WFI t=121704 a=-1651,-3855,-91 g=-11,-32,7
WFR t=121714 src=mcu type=0x01 len=16 data=aab12d042f000000000000000000c91f
WFR t=121734 src=mcu type=0x01 len=16 data=aab2232c0000000000000000000095f1
WFI t=121754 a=-1608,-3860,-87 g=5,22,-5
WFR t=121774 src=mcu type=0x01 len=16 data=aab3014a02050030000488001b007188
WFR t=121794 src=mcu type=0x01 len=16 data=aab400009f0ca90c9a0c540600001589
WFI t=121804 a=-1670,-3854,-85 g=-5,14,-28
WFR t=121814 src=mcu type=0x01 len=16 data=aab51b00e8517918060ec00ab00080bc
WFI t=121854 a=-1666,-3849,-84 g=-6,-10,15
WFR t=121854 src=mcu type=0x01 len=16 data=aab6050804080080cb020122f13fc622
WFR t=121874 src=mcu type=0x01 len=16 data=aa8001180080000000000000ffff217d
WFI t=121904 a=-1634,-3867,-92 g=-5,-25,-1
WFR t=121914 src=mcu type=0x01 len=16 data=aa812d042f00000000000000000088ef
WFR t=121934 src=mcu type=0x01 len=16 data=aa82232c00000000000000000000d401
WFI t=121954 a=-1651,-3854,-79 g=4,19,-11
WFR t=121954 src=mcu type=0x01 len=16 data=aa83000100011101b70111019f00058c
WFR t=121994 src=mcu type=0x01 len=16 data=aa840000090a10560001310051c45a55
WFR t=121999 src=bms type=0x02 len=129 data=d2037c0eed0eec0eed0eec0eec0eec0eed0eed0eec0eec0eed0eed0ef10ef10ef10ef00ef10ef10ef20ef20ef20ef20ef30ef30ef10ef20ef20ef20000000000000000003d0000000000000000000000000000042e752f02ae0ef30eec003d003d00000157001c0001001d0000000100010eef0007000a0000000000000000c54d
WFI t=122004 a=-1652,-3851,-84 g=-6,0,-8
WFR t=122014 src=mcu type=0x01 len=16 data=aa8513088003e204080b1000507864d4
WFI t=122054 a=-1639,-3856,-102 g=-2,1,-2
WFR t=122054 src=mcu type=0x01 len=16 data=aa868403f4010400a00f8813c003f9eb
WFR t=122075 src=mcu type=0x01 len=16 data=aa8701180080000000000000ffff2a3a
WFR t=122094 src=mcu type=0x01 len=16 data=aa882d042f0000000000000000009526
WFI t=122104 a=-1641,-3853,-97 g=-6,-3,-10
WFR t=122134 src=mcu type=0x01 len=16 data=aa89232c00000000000000000000ce8a
WFI t=122154 a=-1651,-3850,-75 g=0,4,-3
WFR t=122154 src=mcu type=0x01 len=16 data=aa8a480c1c0207284901230020001521
WFR t=122194 src=mcu type=0x01 len=16 data=aa8b40005c03474c775419031a0e80f3
WFI t=122204 a=-1650,-3858,-87 g=-5,-20,0
WFR t=122214 src=mcu type=0x01 len=16 data=aa8c2225bf0420034006b80b3e02672c
WFI t=122254 a=-1624,-3864,-77 g=1,6,-1
WFR t=122255 src=mcu type=0x01 len=16 data=aa8d800c800000006c07102780008244
WFR t=122274 src=mcu type=0x01 len=16 data=aa8e01180080000000000000ffff37f3
WFR t=122294 src=mcu type=0x01 len=16 data=aa8f2d042f0000000000000000009e61
WFI t=122304 a=-1659,-3855,-91 g=-1,6,-18
WFR t=122334 src=mcu type=0x01 len=16 data=aa90232c00000000000000000000edd3
WFI t=122354 a=-1656,-3844,-89 g=1,-9,7
WFR t=122354 src=mcu type=0x01 len=16 data=aa910b000f00465a667332000b9ed1a0
WFR t=122394 src=mcu type=0x01 len=16 data=aa92000000000000000000000000fbba
WFI t=122404 a=-1609,-3852,-77 g=1,-1,-4
WFR t=122404 src=bms type=0x02 len=129 data=d2037c0eed0eec0eed0eed0eed0eec0eed0eed0eec0eec0eed0eee0ef10ef10ef10ef00ef10ef10ef20ef20ef20ef20ef30ef30ef10ef20ef20ef20000000000000000003d0000000000000000000000000000042e752f02ae0ef30eec003d003d00000157001c0001001d0000000100010eef0007000a00000000000000004502
WFR t=122414 src=mcu type=0x01 len=16 data=aa93d804480804242c01c003214fe1ad
WFR t=122434 src=mcu type=0x01 len=16 data=aa94f0f465fffffff8080d00412af645
WFI t=122454 a=-1659,-3861,-88 g=-2,8,-17
WFR t=122475 src=mcu type=0x01 len=16 data=aa9501180080000000000000ffff13e8
WFR t=122494 src=mcu type=0x01 len=16 data=aa962d042f000000000000000000bd38
WFI t=122504 a=-1662,-3852,-88 g=-1,-25,14
WFR t=122534 src=mcu type=0x01 len=16 data=aa97232c00000000000000000000e694
WFI t=122554 a=-1608,-3848,-96 g=3,11,-8
WFR t=122555 src=mcu type=0x01 len=16 data=aa9807010200000056117eea00007aa4
WFR t=122574 src=mcu type=0x01 len=16 data=aa991d00ab04a08c64502748395e1e28
WFI t=122604 a=-1680,-3845,-85 g=0,11,-24
WFR t=122614 src=mcu type=0x01 len=16 data=aa9a646464625f5d5b5955010101d546
WFR t=122634 src=mcu type=0x01 len=16 data=aa9b0101010100000000fbfbecd30e91
WFI t=122654 a=-1650,-3859,-102 g=0,-17,17
WFI t=122793 a=-1645,-3857,-85 g=-1,27,-13
WFR t=122797 src=mcu type=0x01 len=16 data=aa9c01180080000000000000ffff0e21
WFR t=122798 src=mcu type=0x01 len=16 data=aa9d2d042f000000000000000000a7b3
WFR t=122798 src=mcu type=0x01 len=16 data=aa9e232c00000000000000000000fb5d
WFR t=122799 src=mcu type=0x01 len=16 data=aa9fb5a1b0bfd800000000000000dfe1
WFR t=122799 src=mcu type=0x01 len=16 data=aaa000000000020c000035006a00d1bd
WFI t=122801 a=-1667,-3847,-82 g=-6,-2,-8
WFI t=122805 a=-1674,-3848,-78 g=-3,-4,-7
WFR t=122812 src=bms type=0x02 len=129 data=d2037c0eed0eec0eed0eed0eed0eec0eed0eed0eec0eec0eed0eee0ef10ef10ef10ef00ef10ef10ef20ef20ef20ef20ef30ef30ef10ef20ef20ef20000000000000000003d0000000000000000000000000000042e752f02ae0ef30eec003d003d00000157001c0001001d0000000100010eef0007000a00000000000000004502
WFR t=122814 src=mcu type=0x01 len=16 data=aaa188044a5357583036323430360894
WFR t=122835 src=mcu type=0x01 len=16 data=aaa231344e4242463930333500005e71
WFI t=122946 a=-1651,-3851,-85 g=-10,-13,-7
WFR t=122947 src=mcu type=0x01 len=16 data=aaa301180080000000000000ffff5bde
WFR t=122947 src=mcu type=0x01 len=16 data=aaa42d042f000000000000000000fb8a
WFR t=123026 src=mcu type=0x01 len=16 data=aaa5232c00000000000000000000a026
WFI t=123029 a=-1649,-3856,-83 g=0,6,-3
WFR t=123029 src=mcu type=0x01 len=16 data=aaa6000000000000000000000000b4ce
WFI t=123044 a=-1666,-3858,-100 g=-4,14,-17
WFR t=123045 src=mcu type=0x01 len=16 data=aaa7000000000000000000000000b64f
WFR t=123045 src=mcu type=0x01 len=16 data=aaa801801b000000400052a8194013c9
WFR t=123045 src=mcu type=0x01 len=16 data=aaa9028288135c4488132400ec02f999
WFI t=123046 a=-1672,-3850,-90 g=-6,-2,-9
WFI t=123054 a=-1673,-3866,-83 g=-5,-9,-6
WFR t=123055 src=mcu type=0x01 len=16 data=aaaa01180080000000000000feff4787
WFR t=123095 src=mcu type=0x01 len=16 data=aaab2d042f000000000000000000ef85
WFI t=123104 a=-1635,-3862,-83 g=-7,-40,19
WFR t=123114 src=mcu type=0x01 len=16 data=aaac232c00000000000000000000bdef
WFI t=123154 a=-1602,-3858,-92 g=2,18,-15
WFR t=123154 src=mcu type=0x01 len=16 data=aaad0048005f00021000000100801d27
WFR t=123174 src=mcu type=0x01 len=16 data=aaae55f04b0b18000000803a40005cef
WFR t=123194 src=mcu type=0x01 len=16 data=aaaf08610005460c2f78a00f090076a9
WFI t=123204 a=-1663,-3854,-96 g=1,31,-26
WFR t=123235 src=mcu type=0x01 len=16 data=aab001180080000000000000feff611d
WFI t=123254 a=-1663,-3855,-82 g=-2,-16,9
WFR t=123255 src=mcu type=0x01 len=16 data=aab12d042f000000000000000000c91f
WFR t=123260 src=bms type=0x02 len=129 data=d2037c0eed0eec0eed0eed0eed0eec0eed0eed0eec0eec0eed0eee0ef10ef10ef10ef00ef10ef10ef20ef20ef20ef20ef30ef30ef10ef20ef20ef20000000000000000003d0000000000000000000000000000042e752f02ae0ef30eec003d003d00000157001c0001001d0000000100010eef0007000a00000000000000004502
WFR t=123294 src=mcu type=0x01 len=16 data=aab2232c0000000000000000000095f1
WFI t=123304 a=-1623,-3859,-93 g=-1,-19,3
WFR t=123314 src=mcu type=0x01 len=16 data=aab3014a02050030000488001b007188
WFI t=123354 a=-1657,-3873,-64 g=-13,-6,-7
WFR t=123354 src=mcu type=0x01 len=16 data=aab400009f0ca90c9a0c540600001589
WFR t=123374 src=mcu type=0x01 len=16 data=aab51b00e8517918060e950ab0009170
WFR t=123394 src=mcu type=0x01 len=16 data=aab6050804080080cb020122f13fc622
WFI t=123404 a=-1632,-3854,-97 g=-3,12,-3
WFR t=123435 src=mcu type=0x01 len=16 data=aa8001180080000000000000ffff217d
WFI t=123454 a=-1652,-3856,-93 g=-1,5,-18
WFR t=123455 src=mcu type=0x01 len=16 data=aa812d042f00000000000000000088ef
WFR t=123494 src=mcu type=0x01 len=16 data=aa82232c00000000000000000000d401
WFI t=123504 a=-1660,-3853,-95 g=-3,-12,6
WFR t=123514 src=mcu type=0x01 len=16 data=aa83000100011101b70111019f00058c
WFR t=123534 src=mcu type=0x01 len=16 data=aa840000090a10560001310051c45a55
WFI t=123554 a=-1631,-3843,-94 g=-7,-17,0
WFR t=123574 src=mcu type=0x01 len=16 data=aa8513088003e204080b1000507864d4
WFR t=123594 src=mcu type=0x01 len=16 data=aa868403f4010400a00f8813c003f9eb
WFI t=123604 a=-1639,-3864,-91 g=1,8,-7
WFR t=123635 src=mcu type=0x01 len=16 data=aa8701180080000000000000ffff2a3a
WFR t=123649 src=bms type=0x02 len=129 data=d2037c0eed0eec0eed0eed0eed0eec0eed0eed0eec0eec0eed0eee0ef10ef10ef10ef00ef10ef10ef20ef20ef20ef30ef30ef30ef10ef20ef20ef20000000000000000003d0000000000000000000000000000042e752f02ae0ef30eec003d003d00000157001c0001001d0000000100010eef0007000a000000000000000000ea
WFI t=123654 a=-1637,-3855,-100 g=1,15,-10
WFR t=123654 src=mcu type=0x01 len=16 data=aa882d042f0000000000000000009526
WFR t=123675 src=mcu type=0x01 len=16 data=aa89232c00000000000000000000ce8a
WFI t=123704 a=-1675,-3863,-84 g=-7,-18,-2
WFR t=123714 src=mcu type=0x01 len=16 data=aa8a480c1c0207284901230020001521
WFR t=123734 src=mcu type=0x01 len=16 data=aa8b40005c03474c775419031a0e80f3
WFI t=123754 a=-1618,-3849,-93 g=0,3,7
WFR t=123774 src=mcu type=0x01 len=16 data=aa8c2225bf0420034006b80b3e02672c
WFR t=123794 src=mcu type=0x01 len=16 data=aa8d800c800000006c07102780008244
WFI t=123804 a=-1642,-3855,-90 g=-4,9,-25
WFR t=123815 src=mcu type=0x01 len=16 data=aa8e01180080000000000000feff3663
WFI t=123854 a=-1654,-3861,-91 g=-2,-11,11
WFR t=123855 src=mcu type=0x01 len=16 data=aa8f2d042f0000000000000000009e61
WFR t=123874 src=mcu type=0x01 len=16 data=aa90232c00000000000000000000edd3
WFI t=123904 a=-1613,-3855,-102 g=-1,0,-3
WFR t=123914 src=mcu type=0x01 len=16 data=aa910b000f00465a667332000b9ed1a0
WFR t=123934 src=mcu type=0x01 len=16 data=aa92000000000000000000000000fbba
WFI t=123954 a=-1663,-3856,-90 g=-4,24,-27
WFR t=123974 src=mcu type=0x01 len=16 data=aa93d804480804242c01c003214fe1ad
WFR t=123994 src=mcu type=0x01 len=16 data=aa94f0f465fffffff8080d00412af645
WFI t=124004 a=-1658,-3863,-85 g=-1,-12,8
WFR t=124015 src=mcu type=0x01 len=16 data=aa9501180080000000000000ffff13e8
WFR t=124024 src=bms type=0x02 len=129 data=d2037c0eed0eec0eed0eed0eed0eec0eed0eed0eec0eec0eed0eee0ef10ef10ef10ef00ef10ef10ef20ef20ef20ef30ef30ef30ef10ef20ef20ef20000000000000000003d0000000000000000000000000000042e752f02ae0ef30eec003d003d00000157001c0001001d0000000100010eef0007000a000000000000000000ea
WFI t=124054 a=-1633,-3867,-104 g=-5,-14,-1
WFR t=124055 src=mcu type=0x01 len=16 data=aa962d042f000000000000000000bd38
WFR t=124074 src=mcu type=0x01 len=16 data=aa97232c00000000000000000000e694
WFI t=124104 a=-1660,-3867,-84 g=-7,-4,-9
WFR t=124115 src=mcu type=0x01 len=16 data=aa9807010200000056117eea00007aa4
WFR t=124134 src=mcu type=0x01 len=16 data=aa991d00ab04a08c64502748395e1e28
WFI t=124154 a=-1633,-3854,-99 g=0,14,-1
WFR t=124154 src=mcu type=0x01 len=16 data=aa9a646464625f5d5b5955010101d546
WFR t=124194 src=mcu type=0x01 len=16 data=aa9b0101010100000000fbfbecd30e91
WFI t=124204 a=-1657,-3864,-85 g=-6,-12,-15
WFR t=124215 src=mcu type=0x01 len=16 data=aa9c01180080000000000000ffff0e21
WFI t=124254 a=-1635,-3866,-108 g=5,3,9
WFR t=124255 src=mcu type=0x01 len=16 data=aa9d2d042f000000000000000000a7b3
WFI t=124309 a=-1646,-3853,-87 g=-11,-30,-7
WFR t=124315 src=mcu type=0x01 len=16 data=aa9e232c00000000000000000000fb5d
WFR t=124316 src=mcu type=0x01 len=16 data=aa9fb5a1b0bfd800000000000000dfe1
WFR t=124334 src=mcu type=0x01 len=16 data=aaa000000000020c000035006a00d1bd
WFI t=124354 a=-1621,-3850,-97 g=3,27,4
WFR t=124355 src=mcu type=0x01 len=16 data=aaa188044a5357583036323430360894
WFR t=124394 src=mcu type=0x01 len=16 data=aaa231344e4242463930333500005e71
WFI t=124404 a=-1635,-3862,-111 g=-7,16,-33
WFR t=124415 src=mcu type=0x01 len=16 data=aaa301180080000000000000feff5a4e
WFR t=124445 src=bms type=0x02 len=129 data=d2037c0eed0eec0eed0eec0eed0eec0eed0eed0eec0eec0eed0eee0ef10ef10ef10ef00ef10ef10ef20ef20ef20ef30ef30ef30ef10ef20ef20ef20000000000000000003d0000000000000000000000000000042e752f02ae0ef30eec003d003d00000157001c0001001d0000000100010eef0007000a0000000000000000c3a9
WFI t=124454 a=-1693,-3852,-90 g=-2,-18,16
WFR t=124455 src=mcu type=0x01 len=16 data=aaa42d042f000000000000000000fb8a
WFR t=124474 src=mcu type=0x01 len=16 data=aaa5232c00000000000000000000a026
WFR t=124494 src=mcu type=0x01 len=16 data=aaa6000000000000000000000000b4ce
WFI t=124504 a=-1613,-3858,-99 g=-8,-31,8
WFR t=124535 src=mcu type=0x01 len=16 data=aaa7000000000000000000000000b64f
WFI t=124554 a=-1655,-3854,-90 g=0,11,-15
WFR t=124554 src=mcu type=0x01 len=16 data=aaa801801b000000400052a8194013c9
WFR t=124594 src=mcu type=0x01 len=16 data=aaa9028288135c4488132400ec02f999
WFI t=124604 a=-1648,-3855,-98 g=4,12,-3
WFR t=124615 src=mcu type=0x01 len=16 data=aaaa01180080000000000000feff4787
WFR t=124635 src=mcu type=0x01 len=16 data=aaab2d042f000000000000000000ef85
WFI t=124654 a=-1647,-3845,-89 g=-3,11,-16
WFR t=124674 src=mcu type=0x01 len=16 data=aaac232c00000000000000000000bdef
WFR t=124694 src=mcu type=0x01 len=16 data=aaad0048005f00021000000100801d27
WFI t=124704 a=-1682,-3854,-104 g=0,-10,1
WFR t=124734 src=mcu type=0x01 len=16 data=aaae55f04b0b18000000803a40005cef
WFI t=124862 a=-1627,-3866,-90 g=-9,-33,7
WFR t=124926 src=mcu type=0x01 len=16 data=aaaf08610005460c2f78a00f090076a9
WFI t=125024 a=-1654,-3844,-105 g=-1,38,-32
WFR t=125025 src=mcu type=0x01 len=16 data=aab001180080000000000000ffff608d
WFR t=125025 src=mcu type=0x01 len=16 data=aab12d042f000000000000000000c91f
WFR t=125025 src=mcu type=0x01 len=16 data=aab2232c0000000000000000000095f1
WFR t=125025 src=mcu type=0x01 len=16 data=aab3014a02050030000488001b007188
WFI t=125026 a=-1655,-3867,-79 g=-6,5,-10
WFR t=125026 src=bms type=0x02 len=129 data=d2037c0eed0eec0eed0eec0eed0eec0eed0eed0eec0eec0eed0eee0ef10ef10ef10ef00ef10ef10ef20ef20ef20ef30ef30ef30ef10ef20ef20ef20000000000000000003d0000000000000000000000000000042e752f02ae0ef30eec003d003d00000157001c0001001d0000000100010eef0007000a0000000000000000c3a9
WFR t=125026 src=mcu type=0x01 len=16 data=aab400009f0ca90c9a0c540600001589
WFR t=125026 src=mcu type=0x01 len=16 data=aab51b00e8517918060e660ab000a234
WFR t=125026 src=mcu type=0x01 len=16 data=aab6050804080080cb020122f13fc622
WFR t=125026 src=mcu type=0x01 len=16 data=aa8001180080000000000000feff20ed
WFR t=125027 src=mcu type=0x01 len=16 data=aa812d042f00000000000000000088ef
WFI t=125027 a=-1655,-3867,-79 g=-6,5,-10
WFI t=125030 a=-1660,-3842,-90 g=0,9,-8
WFI t=125033 a=-1660,-3842,-90 g=0,9,-8
WFR t=125035 src=mcu type=0x01 len=16 data=aa82232c00000000000000000000d401
WFI t=125054 a=-1644,-3854,-98 g=5,11,-4
WFT t=125067 batt_mv=4182 rssi_mcu=-72 rssi_bms=-81 mcu=4437 bms=210 dropped=0
WFR t=125075 src=mcu type=0x01 len=16 data=aa83000100011101b70111019f00058c
WFR t=125094 src=mcu type=0x01 len=16 data=aa840000090a10560001310051c45a55
WFI t=125104 a=-1629,-3858,-89 g=-1,10,-5
WFR t=125114 src=mcu type=0x01 len=16 data=aa8513088003e204080b1000507864d4
WFI t=125154 a=-1651,-3843,-112 g=2,5,-12
WFR t=125154 src=mcu type=0x01 len=16 data=aa868403f4010400a00f8813c003f9eb
WFR t=125175 src=mcu type=0x01 len=16 data=aa8701180080000000000000feff2baa
WFI t=125204 a=-1674,-3857,-66 g=-3,-27,8
WFR t=125215 src=mcu type=0x01 len=16 data=aa882d042f0000000000000000009526
WFR t=125234 src=mcu type=0x01 len=16 data=aa89232c00000000000000000000ce8a
WFI t=125254 a=-1609,-3851,-102 g=-4,-23,9
WFR t=125255 src=mcu type=0x01 len=16 data=aa8a480c1c0207284901230020001521
WFR t=125285 src=bms type=0x02 len=129 data=d2037c0eed0eec0eed0eec0eed0eec0eed0eed0eec0eec0eed0eee0ef10ef10ef10ef00ef10ef10ef20ef20ef20ef30ef30ef30ef10ef20ef20ef20000000000000000003d0000000000000000000000000000042e752f02ae0ef30eec003d003d00000157001c0001001d0000000100010eef0007000a0000000000000000c3a9
WFR t=125294 src=mcu type=0x01 len=16 data=aa8b40005c03474c775419031a0e80f3
WFI t=125304 a=-1638,-3854,-85 g=0,25,-18
WFR t=125315 src=mcu type=0x01 len=16 data=aa8c2225bf0420034006b80b3e02672c
WFI t=125354 a=-1656,-3856,-113 g=-5,29,-19
WFR t=125354 src=mcu type=0x01 len=16 data=aa8d800c800000006c07102780008244
WFR t=125375 src=mcu type=0x01 len=16 data=aa8e01180080000000000000ffff37f3
WFI t=125404 a=-1664,-3848,-106 g=-6,-22,5
WFR t=125415 src=mcu type=0x01 len=16 data=aa8f2d042f0000000000000000009e61
WFR t=125434 src=mcu type=0x01 len=16 data=aa90232c00000000000000000000edd3
WFI t=125454 a=-1633,-3858,-96 g=-7,-41,15
WFR t=125455 src=mcu type=0x01 len=16 data=aa910b000f00465a667332000b9ed1a0
WFR t=125495 src=mcu type=0x01 len=16 data=aa92000000000000000000000000fbba
WFI t=125504 a=-1619,-3855,-92 g=3,22,-13
WFR t=125514 src=mcu type=0x01 len=16 data=aa93d804480804242c01c003214fe1ad
WFI t=125554 a=-1666,-3861,-96 g=2,36,-31
WFR t=125555 src=mcu type=0x01 len=16 data=aa94f0f465fffffff8080d00412af645
WFR t=125575 src=mcu type=0x01 len=16 data=aa9501180080000000000000feff1278
WFR t=125595 src=mcu type=0x01 len=16 data=aa962d042f000000000000000000bd38
WFI t=125604 a=-1669,-3849,-98 g=3,-13,11
WFR t=125634 src=mcu type=0x01 len=16 data=aa97232c00000000000000000000e694
WFI t=125654 a=-1638,-3861,-89 g=-7,-42,9
WFR t=125655 src=mcu type=0x01 len=16 data=aa9807010200000056117eea00007aa4
WFR t=125690 src=bms type=0x02 len=129 data=d2037c0eed0eec0eed0eec0eed0eec0eed0eed0eec0eec0eed0eee0ef10ef10ef10ef00ef10ef10ef20ef20ef20ef20ef30ef30ef10ef20ef20ef20000000000000000003d0000000000000000000000000000042e752f02ae0ef30eec003d003d00000157001c0001001d0000000100010eef0007000a00000000000000008641
WFR t=125694 src=mcu type=0x01 len=16 data=aa991d00ab04a08c64502748395e1e28
WFI t=125704 a=-1635,-3855,-86 g=-6,4,-4
WFR t=125714 src=mcu type=0x01 len=16 data=aa9a646464625f5d5b5955010101d546
WFR t=125734 src=mcu type=0x01 len=16 data=aa9b0101010100000000fbfbecd30e91
WFI t=125754 a=-1646,-3847,-100 g=-2,5,-15
WFR t=125775 src=mcu type=0x01 len=16 data=aa9c01180080000000000000ffff0e21
WFR t=125795 src=mcu type=0x01 len=16 data=aa9d2d042f000000000000000000a7b3
WFI t=125804 a=-1646,-3855,-104 g=3,9,2
WFR t=125834 src=mcu type=0x01 len=16 data=aa9e232c00000000000000000000fb5d
WFI t=125854 a=-1651,-3846,-111 g=-12,-9,-8
WFR t=125855 src=mcu type=0x01 len=16 data=aa9fb5a1b0bfd800000000000000dfe1
WFR t=125874 src=mcu type=0x01 len=16 data=aaa000000000020c000035006a00d1bd
WFI t=125904 a=-1653,-3865,-87 g=3,-9,5
WFR t=125915 src=mcu type=0x01 len=16 data=aaa188044a5357583036323430360894
WFR t=125934 src=mcu type=0x01 len=16 data=aaa231344e4242463930333500005e71
WFI t=125954 a=-1623,-3869,-106 g=-5,0,-6
WFR t=125975 src=mcu type=0x01 len=16 data=aaa301180080000000000000ffff5bde
WFR t=125995 src=mcu type=0x01 len=16 data=aaa42d042f000000000000000000fb8a
WFI t=126004 a=-1625,-3856,-94 g=1,31,-19
WFR t=126014 src=mcu type=0x01 len=16 data=aaa5232c00000000000000000000a026
WFI t=126054 a=-1674,-3855,-98 g=-1,-8,-4
WFR t=126054 src=mcu type=0x01 len=16 data=aaa6000000000000000000000000b4ce
WFR t=126064 src=bms type=0x02 len=129 data=d2037c0eed0eec0eed0eec0eed0eec0eed0eed0eec0eec0eed0eee0ef10ef10ef10ef00ef10ef10ef20ef20ef20ef20ef30ef30ef10ef20ef20ef20000000000000000003d0000000000000000000000000000042e752f02ae0ef30eec003d003d00000157001c0001001d0000000100010eef0007000a00000000000000008641
WFR t=126074 src=mcu type=0x01 len=16 data=aaa7000000000000000000000000b64f
WFI t=126104 a=-1649,-3852,-85 g=-7,-45,21
WFR t=126115 src=mcu type=0x01 len=16 data=aaa801801b000000400052a8194013c9
WFR t=126134 src=mcu type=0x01 len=16 data=aaa9028288135c4488132400ec02f999
WFI t=126154 a=-1602,-3863,-75 g=-2,-4,1
WFR t=126175 src=mcu type=0x01 len=16 data=aaaa01180080000000000000ffff4617
WFR t=126195 src=mcu type=0x01 len=16 data=aaab2d042f000000000000000000ef85
WFI t=126204 a=-1640,-3857,-97 g=5,47,-35
WFR t=126215 src=mcu type=0x01 len=16 data=aaac232c00000000000000000000bdef
WFI t=126254 a=-1689,-3858,-82 g=-9,-11,-2
WFR t=126254 src=mcu type=0x01 len=16 data=aaad0048005f00021000000100801d27
WFR t=126275 src=mcu type=0x01 len=16 data=aaae55f04b0b18000000803a40005cef
WFI t=126304 a=-1617,-3865,-100 g=-4,-32,20
WFR t=126315 src=mcu type=0x01 len=16 data=aaaf08610005460c2f78a00f090076a9
WFR t=126335 src=mcu type=0x01 len=16 data=aab001180080000000000000ffff608d
WFI t=126354 a=-1626,-3854,-86 g=-7,12,-23
WFR t=126355 src=mcu type=0x01 len=16 data=aab12d042f000000000000000000c91f
WFR t=126394 src=mcu type=0x01 len=16 data=aab2232c0000000000000000000095f1
WFI t=126404 a=-1651,-3850,-92 g=0,10,-7
WFR t=126414 src=mcu type=0x01 len=16 data=aab3014a02050030000488001b007188
WFI t=126454 a=-1633,-3842,-85 g=1,-19,5
WFR t=126455 src=mcu type=0x01 len=16 data=aab400009f0ca90c9a0c540600001589
WFR t=126474 src=mcu type=0x01 len=16 data=aab51b00e8517918060e660ab000a234
WFR t=126484 src=bms type=0x02 len=129 data=d2037c0eed0eec0eed0eed0eed0eec0eed0eed0eec0eec0eed0eee0ef10ef10ef10ef00ef10ef10ef20ef20ef20ef30ef30ef30ef10ef20ef20ef20000000000000000003d0000000000000000000000000000042e752f02ae0ef30eec003d003d00000157001c0001001d0000000100010eef0007000a000000000000000000ea
WFR t=126495 src=mcu type=0x01 len=16 data=aab6050804080080cb020122f13fc622
WFI t=126504 a=-1632,-3849,-101 g=-6,3,-10
WFR t=126535 src=mcu type=0x01 len=16 data=aa8001180080000000000000ffff217d
WFI t=126554 a=-1666,-3871,-96 g=0,6,-9
WFR t=126555 src=mcu type=0x01 len=16 data=aa812d042f00000000000000000088ef
WFR t=126594 src=mcu type=0x01 len=16 data=aa82232c00000000000000000000d401
WFI t=126604 a=-1644,-3854,-95 g=-4,-13,1
WFR t=126614 src=mcu type=0x01 len=16 data=aa83000100011101b70111019f00058c
WFR t=126635 src=mcu type=0x01 len=16 data=aa840000090a10560001310051c45a55
WFI t=126654 a=-1653,-3858,-84 g=-3,-4,1
WFR t=126674 src=mcu type=0x01 len=16 data=aa8513088003e204080b1000507864d4
WFR t=126695 src=mcu type=0x01 len=16 data=aa868403f4010400a00f8813c003f9eb
WFI t=126704 a=-1643,-3852,-87 g=0,1,-10
WFR t=126735 src=mcu type=0x01 len=16 data=aa8701180080000000000000feff2baa
WFI t=126754 a=-1648,-3856,-95 g=-5,4,-3
WFR t=126755 src=mcu type=0x01 len=16 data=aa882d042f0000000000000000009526
WFR t=126809 src=mcu type=0x01 len=16 data=aa89232c00000000000000000000ce8a
WFR t=126886 src=mcu type=0x01 len=16 data=aa8a480c1c0207284901230020001521
WFR t=126886 src=mcu type=0x01 len=16 data=aa8b40005c03474c775419031a0e80f3
WFR t=126886 src=mcu type=0x01 len=16 data=aa8c2225bf0420034006b80b3e02672c
WFI t=126887 a=-1650,-3865,-93 g=3,0,3
WFI t=126889 a=-1630,-3859,-90 g=0,1,4
WFR t=126894 src=mcu type=0x01 len=16 data=aa8d800c800000006c07102780008244
WFI t=126904 a=-1633,-3852,-103 g=-6,0,-2
WFR t=126905 src=bms type=0x02 len=129 data=d2037c0eed0eec0eed0eed0eed0eec0eed0eed0eec0eec0eed0eee0ef10ef10ef10ef00ef10ef10ef20ef20ef20ef30ef30ef30ef10ef20ef20ef20000000000000000003d0000000000000000000000000000042e752f02ae0ef30eec003d003d00000157001c0001001d0000000100010eef0007000a000000000000000000ea
WFR t=126935 src=mcu type=0x01 len=16 data=aa8e01180080000000000000ffff37f3
WFI t=126954 a=-1668,-3864,-94 g=-3,-6,-6
WFR t=126955 src=mcu type=0x01 len=16 data=aa8f2d042f0000000000000000009e61
WFR t=126974 src=mcu type=0x01 len=16 data=aa90232c00000000000000000000edd3
WFI t=127004 a=-1633,-3843,-97 g=-3,-2,0
WFR t=127015 src=mcu type=0x01 len=16 data=aa910b000f00465a667332000b9ed1a0
WFR t=127034 src=mcu type=0x01 len=16 data=aa92000000000000000000000000fbba
WFI t=127091 a=-1658,-3867,-94 g=-2,4,-7
WFR t=127095 src=mcu type=0x01 len=16 data=aa93d804480804242c01c003214fe1ad
WFR t=127095 src=mcu type=0x01 len=16 data=aa94f0f465fffffff8080d00412af645
WFI t=127104 a=-1656,-3863,-101 g=-7,1,-3
WFR t=127115 src=mcu type=0x01 len=16 data=aa9501180080000000000000ffff13e8
WFI t=127154 a=-1645,-3848,-86 g=-5,-4,-3
WFR t=127155 src=mcu type=0x01 len=16 data=aa962d042f000000000000000000bd38
WFR t=127175 src=mcu type=0x01 len=16 data=aa97232c00000000000000000000e694
WFI t=127204 a=-1636,-3857,-92 g=-2,3,-6
WFR t=127214 src=mcu type=0x01 len=16 data=aa9807010200000056117eea00007aa4
WFR t=127235 src=mcu type=0x01 len=16 data=aa991d00ab04a08c64502748395e1e28
WFI t=127254 a=-1655,-3852,-93 g=-4,-1,-5
WFR t=127275 src=mcu type=0x01 len=16 data=aa9a646464625f5d5b5955010101d546
WFR t=127295 src=mcu type=0x01 len=16 data=aa9b0101010100000000fbfbecd30e91
WFI t=127304 a=-1649,-3852,-82 g=-4,-10,-2
WFR t=127310 src=bms type=0x02 len=129 data=d2037c0eed0eec0eed0eed0eed0eec0eed0eed0eec0eec0eed0eee0ef10ef10ef10ef00ef10ef10ef20ef20ef20ef30ef30ef30ef10ef20ef20ef20000000000000000003d0000000000000000000000000000042e752f02ae0ef30eec003d003d00000157001c0001001d0000000100010eef0007000a000000000000000000ea
WFR t=127315 src=mcu type=0x01 len=16 data=aa9c01180080000000000000ffff0e21
WFI t=127354 a=-1638,-3850,-96 g=-1,6,-2
WFR t=127355 src=mcu type=0x01 len=16 data=aa9d2d042f000000000000000000a7b3
WFR t=127374 src=mcu type=0x01 len=16 data=aa9e232c00000000000000000000fb5d
WFI t=127404 a=-1639,-3848,-94 g=-6,-1,-10
WFR t=127415 src=mcu type=0x01 len=16 data=aa9fb5a1b0bfd800000000000000dfe1
WFR t=127434 src=mcu type=0x01 len=16 data=aaa000000000020c000035006a00d1bd
WFI t=127454 a=-1658,-3850,-96 g=-3,-6,5
WFR t=127455 src=mcu type=0x01 len=16 data=aaa188044a5357583036323430360894
WFI t=127504 a=-1639,-3864,-84 g=-2,-3,-7
WFR t=127515 src=mcu type=0x01 len=16 data=aaa231344e4242463930333500005e71
WFR t=127515 src=mcu type=0x01 len=16 data=aaa301180080000000000000feff5a4e
WFI t=127554 a=-1647,-3851,-92 g=-4,19,-14
WFR t=127555 src=mcu type=0x01 len=16 data=aaa42d042f000000000000000000fb8a
WFR t=127575 src=mcu type=0x01 len=16 data=aaa5232c00000000000000000000a026
WFR t=127595 src=mcu type=0x01 len=16 data=aaa6000000000000000000000000b4ce
WFI t=127604 a=-1674,-3847,-86 g=-9,-22,2
WFR t=127635 src=mcu type=0x01 len=16 data=aaa7000000000000000000000000b64f
WFI t=127654 a=-1616,-3865,-76 g=2,1,7
WFR t=127655 src=mcu type=0x01 len=16 data=aaa801801b000000400052a8194013c9
WFR t=127685 src=bms type=0x02 len=129 data=d2037c0eec0eec0eed0eec0eed0eec0eed0eed0eeb0eec0eed0eee0ef10ef10ef10ef00ef10ef10ef20ef20ef20ef20ef30ef30ef10ef20ef20ef20000000000000000003d0000000000000000000000000000042e753002ae0ef30eeb003d003d00000157001c0001001d0000000100010eef0008000000000000000000000766
WFR t=127694 src=mcu type=0x01 len=16 data=aaa9028288135c4488132400ec02f999
WFI t=127704 a=-1638,-3854,-95 g=-5,17,-28
WFR t=127715 src=mcu type=0x01 len=16 data=aaaa01180080000000000000feff4787
WFR t=127735 src=mcu type=0x01 len=16 data=aaab2d042f000000000000000000ef85
WFI t=127754 a=-1686,-3850,-90 g=1,-5,6
WFR t=127775 src=mcu type=0x01 len=16 data=aaac232c00000000000000000000bdef
WFR t=127794 src=mcu type=0x01 len=16 data=aaad0048005f00021000000100801d27
WFI t=127804 a=-1621,-3861,-92 g=-10,-34,8
WFR t=127835 src=mcu type=0x01 len=16 data=aaae55f04b0b18000000803a40005cef
WFI t=127854 a=-1640,-3862,-89 g=3,31,-16
WFR t=127855 src=mcu type=0x01 len=16 data=aaaf08610005460c2f78a00f090076a9
WFR t=127895 src=mcu type=0x01 len=16 data=aab001180080000000000000feff611d
WFI t=127904 a=-1672,-3855,-90 g=-8,11,-22
WFR t=127915 src=mcu type=0x01 len=16 data=aab12d042f000000000000000000c91f
WFR t=127935 src=mcu type=0x01 len=16 data=aab2232c0000000000000000000095f1
WFI t=127954 a=-1645,-3854,-89 g=-2,-25,20
WFR t=127975 src=mcu type=0x01 len=16 data=aab3014a02050030000488001b007188
WFR t=127995 src=mcu type=0x01 len=16 data=aab400009f0ca90c9a0c540600001589
WFI t=128004 a=-1598,-3848,-110 g=-3,6,-11
WFR t=128035 src=mcu type=0x01 len=16 data=aab51b00e8517918060e920ab0009004
WFI t=128054 a=-1683,-3838,-92 g=-4,1,-15
WFR t=128055 src=mcu type=0x01 len=16 data=aab6050804080080cb020122f13fc622
WFR t=128075 src=mcu type=0x01 len=16 data=aa8001180080000000000000ffff217d
WFI t=128104 a=-1646,-3850,-86 g=1,-30,31
WFR t=128105 src=bms type=0x02 len=129 data=d2037c0eec0eec0eed0eec0eed0eec0eed0eed0eeb0eec0eed0eee0ef10ef10ef10ef00ef10ef10ef20ef20ef20ef20ef30ef30ef10ef20ef20ef20000000000000000003d0000000000000000000000000000042e753002ae0ef30eeb003d003d00000157001c0001001d0000000100010eef0008000000000000000000000766
WFR t=128115 src=mcu type=0x01 len=16 data=aa812d042f00000000000000000088ef
WFR t=128135 src=mcu type=0x01 len=16 data=aa82232c00000000000000000000d401
WFI t=128155 a=-1605,-3851,-92 g=-1,16,-21
WFR t=128175 src=mcu type=0x01 len=16 data=aa83000100011101b70111019f00058c
WFR t=128195 src=mcu type=0x01 len=16 data=aa840000090a10560001310051c45a55
WFI t=128204 a=-1689,-3864,-99 g=2,40,-27
WFR t=128215 src=mcu type=0x01 len=16 data=aa8513088003e204080b1000507864d4
WFI t=128254 a=-1671,-3852,-107 g=-11,-28,8
WFR t=128255 src=mcu type=0x01 len=16 data=aa868403f4010400a00f8813c003f9eb
WFR t=128275 src=mcu type=0x01 len=16 data=aa8701180080000000000100feff2a56
WFI t=128305 a=-1634,-3858,-82 g=-7,-25,14
WFR t=128315 src=mcu type=0x01 len=16 data=aa882d042f0000000000000000009526
WFR t=128335 src=mcu type=0x01 len=16 data=aa89232c00000000000000000000ce8a
WFI t=128354 a=-1636,-3862,-88 g=-10,2,-14
WFI t=128502 a=-1649,-3854,-92 g=-1,0,-1
WFI t=128516 a=-1639,-3848,-87 g=0,19,-15
WFR t=128518 src=mcu type=0x01 len=16 data=aa8a480c1c0207284901230020001521
WFR t=128518 src=mcu type=0x01 len=16 data=aa8b40005c03474c775419031a0e80f3
WFR t=128518 src=mcu type=0x01 len=16 data=aa8c2225bf0420034006b80b3e02672c
WFR t=128518 src=mcu type=0x01 len=16 data=aa8d800c800000006c07102780008244
WFI t=128519 a=-1639,-3853,-97 g=-2,20,-19
WFR t=128519 src=mcu type=0x01 len=16 data=aa8e01180080000000000000feff3663
WFR t=128520 src=mcu type=0x01 len=16 data=aa8f2d042f0000000000000000009e61
WFR t=128525 src=bms type=0x02 len=129 data=d2037c0eed0eec0eed0eed0eed0eec0eed0eed0eec0eec0eed0eed0ef10ef10ef10ef00ef10ef10ef20ef20ef20ef20ef30ef30ef10ef20ef20ef20000000000000000003d0000000000000000000000000000042e752f02ae0ef30eeb003d003d00000157001c0001001d0000000100010eef0008000a00000000000000000ea0
WFR t=128534 src=mcu type=0x01 len=16 data=aa90232c00000000000000000000edd3
WFI t=128554 a=-1675,-3861,-74 g=-5,-18,-6
WFR t=128555 src=mcu type=0x01 len=16 data=aa910b000f00465a667332000b9ed1a0
WFR t=128595 src=mcu type=0x01 len=16 data=aa92000000000000000000000000fbba
WFI t=128604 a=-1631,-3856,-93 g=-3,-25,21
WFR t=128615 src=mcu type=0x01 len=16 data=aa93d804480804242c01c003214fe1ad
WFI t=128654 a=-1623,-3849,-95 g=-2,20,-23
WFR t=128655 src=mcu type=0x01 len=16 data=aa94f0f465fffffff8080d00412af645
WFR t=128675 src=mcu type=0x01 len=16 data=aa9501180080000000000000feff1278
WFR t=128695 src=mcu type=0x01 len=16 data=aa962d042f000000000000000000bd38
WFI t=128705 a=-1680,-3851,-99 g=1,20,-14
WFR t=128735 src=mcu type=0x01 len=16 data=aa97232c00000000000000000000e694
WFI t=128754 a=-1639,-3861,-96 g=-8,-29,13
WFR t=128755 src=mcu type=0x01 len=16 data=aa9807010200000056117eea00007aa4
WFI t=128827 a=-1633,-3854,-103 g=-7,7,-10
WFI t=128904 a=-1675,-3844,-83 g=-2,7,-10
WFR t=128905 src=mcu type=0x01 len=16 data=aa991d00ab04a08c64502748395e1e28
WFR t=128905 src=mcu type=0x01 len=16 data=aa9a646464625f5d5b5955010101d546
WFR t=128905 src=mcu type=0x01 len=16 data=aa9b0101010100000000fbfbecd30e91
WFR t=128905 src=mcu type=0x01 len=16 data=aa9c01180080000000000000ffff0e21
WFR t=128906 src=mcu type=0x01 len=16 data=aa9d2d042f000000000000000000a7b3
WFI t=128906 a=-1672,-3846,-95 g=-2,-8,-3
WFR t=128930 src=bms type=0x02 len=129 data=d2037c0eed0eec0eed0eed0eed0eec0eed0eed0eec0eec0eed0eed0ef10ef10ef10ef00ef10ef10ef20ef20ef20ef20ef30ef30ef10ef20ef20ef20000000000000000003d0000000000000000000000000000042e752f02ae0ef30eeb003d003d00000157001c0001001d0000000100010eef0008000a00000000000000000ea0
WFR t=128935 src=mcu type=0x01 len=16 data=aa9e232c00000000000000000000fb5d
WFI t=128954 a=-1640,-3855,-86 g=-5,-29,14
WFR t=128955 src=mcu type=0x01 len=16 data=aa9fb5a1b0bfd800000000000000dfe1
WFR t=128995 src=mcu type=0x01 len=16 data=aaa000000000020c000035006a00d1bd
WFI t=129004 a=-1611,-3855,-90 g=-4,9,-13
WFR t=129015 src=mcu type=0x01 len=16 data=aaa188044a5357583036323430360894
WFR t=129035 src=mcu type=0x01 len=16 data=aaa231344e4242463930333500005e71
WFI t=129054 a=-1668,-3863,-90 g=0,20,-15
WFR t=129075 src=mcu type=0x01 len=16 data=aaa301180080000000000000feff5a4e
WFR t=129095 src=mcu type=0x01 len=16 data=aaa42d042f000000000000000000fb8a
WFI t=129104 a=-1632,-3860,-99 g=-2,4,-2
WFR t=129135 src=mcu type=0x01 len=16 data=aaa5232c00000000000000000000a026
WFI t=129154 a=-1645,-3866,-107 g=-5,-12,-4
WFR t=129155 src=mcu type=0x01 len=16 data=aaa6000000000000000000000000b4ce
WFR t=129175 src=mcu type=0x01 len=16 data=aaa7000000000000000000000000b64f
WFI t=129204 a=-1655,-3863,-77 g=-5,-20,9
WFR t=129215 src=mcu type=0x01 len=16 data=aaa801801b000000400052a8194013c9
WFR t=129235 src=mcu type=0x01 len=16 data=aaa9028288135c4488132400ec02f999
WFI t=129254 a=-1608,-3848,-93 g=-6,-1,-3
WFR t=129275 src=mcu type=0x01 len=16 data=aaaa01180080000000000000feff4787
WFR t=129295 src=mcu type=0x01 len=16 data=aaab2d042f000000000000000000ef85
WFI t=129304 a=-1656,-3863,-97 g=2,34,-25
WFR t=129305 src=bms type=0x02 len=129 data=d2037c0eed0eec0eed0eed0eed0eec0eed0eed0eec0eec0eed0eed0ef10ef10ef10ef00ef10ef10ef20ef20ef20ef20ef30ef30ef10ef20ef20ef20000000000000000003d0000000000000000000000000000042e752f02ae0ef30eeb003d003d00000157001c0001001d0000000100010eef0008000a00000000000000000ea0
WFR t=129315 src=mcu type=0x01 len=16 data=aaac232c00000000000000000000bdef
WFI t=129354 a=-1680,-3850,-88 g=-5,-4,-8
WFR t=129355 src=mcu type=0x01 len=16 data=aaad0048005f00021000000100801d27
WFR t=129375 src=mcu type=0x01 len=16 data=aaae55f04b0b18000000803a40005cef
WFI t=129404 a=-1651,-3842,-99 g=0,-36,19
WFR t=129415 src=mcu type=0x01 len=16 data=aaaf08610005460c2f78a00f090076a9
WFR t=129435 src=mcu type=0x01 len=16 data=aab001180080000000000000feff611d
WFI t=129454 a=-1609,-3865,-81 g=-2,3,-5
WFR t=129475 src=mcu type=0x01 len=16 data=aab12d042f000000000000000000c91f
WFR t=129495 src=mcu type=0x01 len=16 data=aab2232c0000000000000000000095f1
WFI t=129504 a=-1640,-3862,-87 g=-6,38,-29
WFR t=129515 src=mcu type=0x01 len=16 data=aab3014a02050030000488001b007188
WFI t=129554 a=-1678,-3848,-80 g=-5,-14,-1
WFR t=129555 src=mcu type=0x01 len=16 data=aab400009f0ca90c9a0c540600001589
WFR t=129575 src=mcu type=0x01 len=16 data=aab51b00e8517918060e180bb000ebdc
WFI t=129604 a=-1612,-3851,-86 g=-4,-10,7
WFR t=129615 src=mcu type=0x01 len=16 data=aab6050804080080cb020122f13fc622
WFR t=129635 src=mcu type=0x01 len=16 data=aa8001180080000000000000feff20ed
WFI t=129654 a=-1661,-3853,-85 g=-11,-4,-20
WFR t=129655 src=mcu type=0x01 len=16 data=aa812d042f00000000000000000088ef
WFR t=129695 src=mcu type=0x01 len=16 data=aa82232c00000000000000000000d401
WFI t=129704 a=-1653,-3857,-80 g=-2,-7,17
WFR t=129715 src=mcu type=0x01 len=16 data=aa83000100011101b70111019f00058c
WFR t=129725 src=bms type=0x02 len=129 data=d2037c0eed0eec0eed0eed0eed0eec0eed0eed0eec0eec0eed0eee0ef10ef10ef10ef00ef10ef20ef20ef20ef10ef30ef30ef30ef10ef20ef20ef20000000000000000003d0000000000000000000000000000042e752f02ae0ef30eec003d003d00000157001c0001001d0000000100010eef0007000a0000000000000000a1ca
WFI t=129793 a=-1651,-3860,-107 g=0,27,-24
WFR t=129796 src=mcu type=0x01 len=16 data=aa840000090a10560001310051c45a55
WFR t=129796 src=mcu type=0x01 len=16 data=aa8513088003e204080b1000507864d4
WFR t=129796 src=mcu type=0x01 len=16 data=aa868403f4010400a00f8813c003f9eb
WFI t=129804 a=-1661,-3851,-89 g=-3,15,-16
WFR t=129835 src=mcu type=0x01 len=16 data=aa8701180080000000000000feff2baa
WFI t=129854 a=-1653,-3848,-99 g=-4,-24,9
WFR t=129855 src=mcu type=0x01 len=16 data=aa882d042f0000000000000000009526
WFR t=129895 src=mcu type=0x01 len=16 data=aa89232c00000000000000000000ce8a
WFI t=129904 a=-1625,-3841,-92 g=-1,-2,-5
WFR t=129915 src=mcu type=0x01 len=16 data=aa8a480c1c0207284901230020001521
WFR t=129935 src=mcu type=0x01 len=16 data=aa8b40005c03474c775419031a0e80f3
WFI t=129954 a=-1668,-3852,-94 g=-2,11,-7
WFR t=129975 src=mcu type=0x01 len=16 data=aa8c2225bf0420034006b80b3e02672c
WFR t=129995 src=mcu type=0x01 len=16 data=aa8d800c800000006c07102780008244
WFI t=130005 a=-1657,-3844,-96 g=-1,-15,10
WFR t=130035 src=mcu type=0x01 len=16 data=aa8e01180080000000000000feff3663
WFI t=130054 a=-1626,-3851,-91 g=-7,-2,-2
WFR t=130055 src=mcu type=0x01 len=16 data=aa8f2d042f0000000000000000009e61
WFR t=130095 src=mcu type=0x01 len=16 data=aa90232c00000000000000000000edd3
WFI t=130104 a=-1648,-3868,-84 g=-3,14,-17
WFR t=130115 src=mcu type=0x01 len=16 data=aa910b000f00465a667332000b9ed1a0
WFT t=130119 batt_mv=4200 rssi_mcu=-71 rssi_bms=-81 mcu=4617 bms=222 dropped=0
WFR t=130135 src=mcu type=0x01 len=16 data=aa92000000000000000000000000fbba
WFR t=130145 src=bms type=0x02 len=129 data=d2037c0eed0eec0eed0eed0eed0eec0eed0eed0eec0eec0eed0eee0ef10ef10ef10ef00ef10ef20ef20ef20ef10ef30ef30ef30ef10ef20ef20ef20000000000000000003d0000000000000000000000000000042e752f02ae0ef30eec003d003d00000157001c0001001d0000000100010eef0007000a0000000000000000a1ca
WFI t=130154 a=-1649,-3864,-94 g=1,-11,1
WFR t=130175 src=mcu type=0x01 len=16 data=aa93d804480804242c01c003214fe1ad
WFR t=130195 src=mcu type=0x01 len=16 data=aa94f0f465fffffff8080d00412af645
WFI t=130204 a=-1650,-3855,-98 g=-8,-21,9
WFR t=130235 src=mcu type=0x01 len=16 data=aa9501180080000000000000feff1278
WFI t=130254 a=-1624,-3845,-94 g=6,25,-14
WFR t=130255 src=mcu type=0x01 len=16 data=aa962d042f000000000000000000bd38
WFR t=130275 src=mcu type=0x01 len=16 data=aa97232c00000000000000000000e694
WFI t=130304 a=-1686,-3851,-82 g=-5,2,-13
WFR t=130315 src=mcu type=0x01 len=16 data=aa9807010200000056117eea00007aa4
WFR t=130335 src=mcu type=0x01 len=16 data=aa991d00ab04a08c64502748395e1e28
WFI t=130354 a=-1639,-3868,-100 g=-3,-24,16
WFR t=130375 src=mcu type=0x01 len=16 data=aa9a646464625f5d5b5955010101d546
WFR t=130395 src=mcu type=0x01 len=16 data=aa9b0101010100000000fbfbecd30e91
WFI t=130404 a=-1615,-3842,-102 g=-3,21,-18
WFR t=130415 src=mcu type=0x01 len=16 data=aa9c01180080000000000000feff0fb1
WFI t=130454 a=-1679,-3854,-97 g=-5,24,-27
WFR t=130455 src=mcu type=0x01 len=16 data=aa9d2d042f000000000000000000a7b3
WFR t=130475 src=mcu type=0x01 len=16 data=aa9e232c00000000000000000000fb5d
WFI t=130504 a=-1673,-3858,-81 g=-3,-48,26
WFR t=130535 src=mcu type=0x01 len=16 data=aa9fb5a1b0bfd800000000000000dfe1
WFR t=130536 src=mcu type=0x01 len=16 data=aaa000000000020c000035006a00d1bd
WFR t=130550 src=bms type=0x02 len=129 data=d2037c0eed0eec0eed0eec0eed0eec0eed0eed0eec0eec0eed0eee0ef10ef10ef10ef00ef10ef10ef20ef20ef20ef20ef30ef30ef10ef20ef20ef20000000000000000003d0000000000000000000000000000042e752f02ae0ef30eec003d003d00000157001c0001001d0000000100010eef0007000a00000000000000008641
WFI t=130554 a=-1599,-3854,-92 g=1,-19,8
WFR t=130575 src=mcu type=0x01 len=16 data=aaa188044a5357583036323430360894
WFR t=130595 src=mcu type=0x01 len=16 data=aaa231344e4242463930333500005e71
WFI t=130604 a=-1647,-3863,-82 g=-6,30,-30
WFR t=130615 src=mcu type=0x01 len=16 data=aaa301180080000000000000feff5a4e
WFI t=130654 a=-1655,-3852,-97 g=2,27,-8
WFR t=130655 src=mcu type=0x01 len=16 data=aaa42d042f000000000000000000fb8a
WFR t=130675 src=mcu type=0x01 len=16 data=aaa5232c00000000000000000000a026
WFI t=130704 a=-1655,-3855,-81 g=-10,-26,-4
WFR t=130715 src=mcu type=0x01 len=16 data=aaa6000000000000000000000000b4ce
WFR t=130735 src=mcu type=0x01 len=16 data=aaa7000000000000000000000000b64f
WFI t=130754 a=-1637,-3859,-85 g=-4,-21,12
WFR t=130755 src=mcu type=0x01 len=16 data=aaa801801b000000400052a8194013c9
WFR t=130826 src=mcu type=0x01 len=16 data=aaa9028288135c4488132400ec02f999
WFR t=130826 src=mcu type=0x01 len=16 data=aaaa01180080000000000100ffff47eb
WFI t=130827 a=-1641,-3855,-82 g=-1,9,-7
WFR t=130857 src=mcu type=0x01 len=16 data=aaab2d042f000000000000000000ef85
WFI t=130858 a=-1647,-3856,-103 g=7,37,-8
WFR t=130920 src=mcu type=0x01 len=16 data=aaac232c00000000000000000000bdef
WFR t=130920 src=mcu type=0x01 len=16 data=aaad0048005f00021000000100801d27
WFI t=131000 a=-1678,-3856,-82 g=-7,2,-18
WFI t=131158 a=-1613,-3846,-103 g=-6,-25,7
WFR t=131159 src=mcu type=0x01 len=16 data=aaae55f04b0b18000000803a40005cef
WFR t=131159 src=bms type=0x02 len=129 data=d2037c0eed0eec0eed0eec0eed0eec0eed0eed0eec0eec0eed0eee0ef10ef10ef10ef00ef10ef10ef20ef20ef20ef20ef30ef30ef10ef20ef20ef20000000000000000003d0000000000000000000000000000042e752f02ae0ef30eec003d003d00000157001c0001001d0000000100010eef0007000a00000000000000008641
WFR t=131159 src=mcu type=0x01 len=16 data=aaaf08610005460c2f78a00f090076a9
WFI t=131174 a=-1648,-3859,-90 g=-1,-22,0
WFR t=131175 src=mcu type=0x01 len=16 data=aab001180080000000000000feff611d
WFR t=131176 src=mcu type=0x01 len=16 data=aab12d042f000000000000000000c91f
WFI t=131176 a=-1653,-3851,-85 g=-7,-25,4
WFR t=131176 src=mcu type=0x01 len=16 data=aab2232c0000000000000000000095f1
WFR t=131176 src=mcu type=0x01 len=16 data=aab3014a02050030000488001b007188
WFR t=131176 src=mcu type=0x01 len=16 data=aab400009f0ca90c9a0c540600001589
WFI t=131178 a=-1655,-3861,-88 g=-4,-25,4
WFI t=131180 a=-1655,-3861,-88 g=-4,-25,4
WFR t=131181 src=mcu type=0x01 len=16 data=aab51b00e8517918060eb80ab000981c
WFR t=131181 src=mcu type=0x01 len=16 data=aab6050804080080cb020122f13fc622
WFR t=131195 src=mcu type=0x01 len=16 data=aa8001180080000000000000feff20ed
WFI t=131204 a=-1649,-3871,-88 g=-8,-18,8
WFR t=131215 src=mcu type=0x01 len=16 data=aa812d042f00000000000000000088ef
WFR t=131235 src=mcu type=0x01 len=16 data=aa82232c00000000000000000000d401
WFI t=131254 a=-1637,-3854,-97 g=-9,-13,-6
WFR t=131275 src=mcu type=0x01 len=16 data=aa83000100011101b70111019f00058c
WFR t=131295 src=mcu type=0x01 len=16 data=aa840000090a10560001310051c45a55
WFI t=131304 a=-1641,-3847,-102 g=3,14,-4
WFR t=131335 src=mcu type=0x01 len=16 data=aa8513088003e204080b1000507864d4
WFI t=131354 a=-1644,-3851,-117 g=0,26,-20
WFR t=131355 src=mcu type=0x01 len=16 data=aa868403f4010400a00f8813c003f9eb
WFR t=131375 src=mcu type=0x01 len=16 data=aa8701180080000000000000feff2baa
WFI t=131404 a=-1685,-3867,-75 g=-9,-28,1
WFR t=131405 src=bms type=0x02 len=129 data=d2037c0eed0eec0eed0eed0eed0eec0eed0eed0eec0eec0eed0eee0ef10ef10ef10ef00ef10ef10ef20ef20ef20ef20ef30ef30ef10ef20ef20ef20000000000000000003d0000000000000000000000000000042e752f02ae0ef30eec003d003d00000157001c0001001d0000000100010eef0007000a00000000000000004502
WFR t=131415 src=mcu type=0x01 len=16 data=aa882d042f0000000000000000009526
WFR t=131435 src=mcu type=0x01 len=16 data=aa89232c00000000000000000000ce8a
WFI t=131454 a=-1626,-3871,-99 g=-1,-26,27
WFR t=131475 src=mcu type=0x01 len=16 data=aa8a480c1c0207284901230020001521
WFR t=131495 src=mcu type=0x01 len=16 data=aa8b40005c03474c775419031a0e80f3
WFI t=131504 a=-1619,-3862,-92 g=-2,-3,-18
WFR t=131515 src=mcu type=0x01 len=16 data=aa8c2225bf0420034006b80b3e02672c
WFI t=131554 a=-1662,-3849,-79 g=3,35,-11
WFR t=131555 src=mcu type=0x01 len=16 data=aa8d800c800000006c07102780008244
WFR t=131575 src=mcu type=0x01 len=16 data=aa8e01180080000000000000feff3663
WFI t=131604 a=-1637,-3844,-101 g=-9,-21,-1
WFR t=131615 src=mcu type=0x01 len=16 data=aa8f2d042f0000000000000000009e61
WFR t=131635 src=mcu type=0x01 len=16 data=aa90232c00000000000000000000edd3
WFI t=131654 a=-1628,-3859,-93 g=0,2,6
WFR t=131655 src=mcu type=0x01 len=16 data=aa910b000f00465a667332000b9ed1a0
WFR t=131695 src=mcu type=0x01 len=16 data=aa92000000000000000000000000fbba
WFI t=131704 a=-1651,-3854,-111 g=-7,1,-19
WFR t=131715 src=mcu type=0x01 len=16 data=aa93d804480804242c01c003214fe1ad
WFI t=131754 a=-1673,-3848,-92 g=-2,-13,5
WFR t=131755 src=mcu type=0x01 len=16 data=aa94f0f465fffffff8080d00412af645
WFR t=131775 src=mcu type=0x01 len=16 data=aa9501180080000000000000ffff13e8
WFI t=131804 a=-1609,-3859,-93 g=4,5,5
WFR t=131815 src=mcu type=0x01 len=16 data=aa962d042f000000000000000000bd38
WFR t=131825 src=bms type=0x02 len=129 data=d2037c0eed0eec0eed0eed0eed0eec0eed0eed0eec0eec0eed0eee0ef10ef10ef10ef00ef10ef10ef20ef20ef20ef20ef30ef30ef10ef20ef20ef20000000000000000003d0000000000000000000000000000042e752f02ae0ef30eec003d003d00000157001c0001001d0000000100010eef0007000a00000000000000004502
WFR t=131835 src=mcu type=0x01 len=16 data=aa97232c00000000000000000000e694
WFI t=131854 a=-1666,-3867,-101 g=2,18,-29
WFR t=131855 src=mcu type=0x01 len=16 data=aa9807010200000056117eea00007aa4
WFR t=131895 src=mcu type=0x01 len=16 data=aa991d00ab04a08c64502748395e1e28
WFI t=131904 a=-1681,-3847,-94 g=-2,-14,14
WFR t=131915 src=mcu type=0x01 len=16 data=aa9a646464625f5d5b5955010101d546
WFI t=131954 a=-1617,-3849,-100 g=-3,-4,-3
WFR t=131955 src=mcu type=0x01 len=16 data=aa9b0101010100000000fbfbecd30e91
WFR t=131975 src=mcu type=0x01 len=16 data=aa9c01180080000000000100feff0e4d
WFR t=131995 src=mcu type=0x01 len=16 data=aa9d2d042f000000000000000000a7b3
WFI t=132004 a=-1661,-3846,-82 g=-4,10,-14
WFR t=132035 src=mcu type=0x01 len=16 data=aa9e232c00000000000000000000fb5d
WFI t=132054 a=-1648,-3844,-96 g=-5,-3,3
WFR t=132055 src=mcu type=0x01 len=16 data=aa9fb5a1b0bfd800000000000000dfe1
WFR t=132095 src=mcu type=0x01 len=16 data=aaa000000000020c000035006a00d1bd
WFI t=132104 a=-1650,-3847,-86 g=-6,-15,-2
WFR t=132115 src=mcu type=0x01 len=16 data=aaa188044a5357583036323430360894
WFR t=132135 src=mcu type=0x01 len=16 data=aaa231344e4242463930333500005e71
WFI t=132154 a=-1636,-3857,-100 g=-1,5,-1
WFR t=132175 src=mcu type=0x01 len=16 data=aaa301180080000000000000feff5a4e
WFR t=132195 src=mcu type=0x01 len=16 data=aaa42d042f000000000000000000fb8a
WFI t=132204 a=-1651,-3854,-83 g=-1,-5,-10
WFR t=132230 src=bms type=0x02 len=129 data=d2037c0eed0eec0eed0eed0eed0eec0eed0eed0eec0eec0eed0eee0ef10ef10ef10ef00ef10ef10ef20ef20ef20ef20ef30ef30ef10ef20ef20ef20000000000000000003d0000000000000000000000000000042e752f02ae0ef30eec003d003d00000157001c0001001d0000000100010eef0007000a00000000000000004502
WFR t=132235 src=mcu type=0x01 len=16 data=aaa5232c00000000000000000000a026
WFI t=132254 a=-1643,-3861,-87 g=-3,7,-1
WFR t=132275 src=mcu type=0x01 len=16 data=aaa6000000000000000000000000b4ce
WFR t=132295 src=mcu type=0x01 len=16 data=aaa7000000000000000000000000b64f
WFI t=132304 a=-1640,-3860,-93 g=-5,1,-8
WFR t=132315 src=mcu type=0x01 len=16 data=aaa801801b000000400052a8194013c9
WFR t=132335 src=mcu type=0x01 len=16 data=aaa9028288135c4488132400ec02f999
WFI t=132354 a=-1667,-3867,-86 g=-8,-8,0
WFR t=132375 src=mcu type=0x01 len=16 data=aaaa01180080000000000000ffff4617
WFR t=132395 src=mcu type=0x01 len=16 data=aaab2d042f000000000000000000ef85
WFI t=132404 a=-1636,-3872,-102 g=-5,-3,1
WFR t=132435 src=mcu type=0x01 len=16 data=aaac232c00000000000000000000bdef
WFI t=132454 a=-1645,-3851,-73 g=0,21,-20
WFR t=132455 src=mcu type=0x01 len=16 data=aaad0048005f00021000000100801d27
WFR t=132475 src=mcu type=0x01 len=16 data=aaae55f04b0b18000000803a40005cef
WFI t=132504 a=-1658,-3847,-96 g=0,18,-17
WFR t=132515 src=mcu type=0x01 len=16 data=aaaf08610005460c2f78a00f090076a9
WFR t=132535 src=mcu type=0x01 len=16 data=aab001180080000000000000ffff608d
WFI t=132554 a=-1661,-3856,-99 g=-5,-9,-1
WFR t=132575 src=mcu type=0x01 len=16 data=aab12d042f000000000000000000c91f
WFR t=132595 src=mcu type=0x01 len=16 data=aab2232c0000000000000000000095f1
WFI t=132604 a=-1660,-3868,-108 g=-4,-26,7
WFR t=132605 src=bms type=0x02 len=129 data=d2037c0eed0eec0eed0eed0eed0eec0eed0eed0eec0eec0eed0eee0ef10ef10ef10ef00ef10ef10ef20ef20ef20ef20ef30ef20ef10ef20ef20ef20000000000000000003d0000000000000000000000000000042e753002ae0ef30eec003d003d00000157001c0001001d0000000100010eef00070000000000000000000034a8
WFR t=132615 src=mcu type=0x01 len=16 data=aab3014a02050030000488001b007188
WFR t=132671 src=mcu type=0x01 len=16 data=aab400009f0ca90c9a0c540600001589
WFI t=132673 a=-1607,-3858,-80 g=-7,-9,-8
WFR t=132675 src=mcu type=0x01 len=16 data=aab51b00e8517918060eb80ab000981c
WFI t=132704 a=-1629,-3850,-75 g=-3,16,-18
WFR t=132715 src=mcu type=0x01 len=16 data=aab6050804080080cb020122f13fc622
WFR t=132735 src=mcu type=0x01 len=16 data=aa8001180080000000000000feff20ed
WFI t=132754 a=-1675,-3842,-110 g=-1,-6,-1
WFR t=132775 src=mcu type=0x01 len=16 data=aa812d042f00000000000000000088ef
WFR t=132795 src=mcu type=0x01 len=16 data=aa82232c00000000000000000000d401
WFI t=132804 a=-1626,-3836,-109 g=-5,-6,5
WFR t=132849 src=mcu type=0x01 len=16 data=aa83000100011101b70111019f00058c
WFI t=133004 a=-1661,-3857,-83 g=-7,-6,-5
WFI t=133089 a=-1652,-3841,-109 g=-4,23,-21
WFR t=133104 src=mcu type=0x01 len=16 data=aa840000090a10560001310051c45a55
WFR t=133104 src=mcu type=0x01 len=16 data=aa8513088003e204080b1000507864d4
WFR t=133105 src=mcu type=0x01 len=16 data=aa868403f4010400a00f8813c003f9eb
WFI t=133105 a=-1644,-3861,-90 g=2,-14,15
WFI t=133107 a=-1621,-3846,-96 g=3,-7,9
WFR t=133110 src=mcu type=0x01 len=16 data=aa8701180080000000000000feff2baa
WFI t=133110 a=-1621,-3846,-96 g=3,-7,9
WFR t=133110 src=mcu type=0x01 len=16 data=aa882d042f0000000000000000009526
WFR t=133110 src=mcu type=0x01 len=16 data=aa89232c00000000000000000000ce8a
WFI t=133112 a=-1622,-3843,-93 g=-1,-5,8
WFR t=133115 src=mcu type=0x01 len=16 data=aa8a480c1c0207284901230020001521
WFR t=133115 src=mcu type=0x01 len=16 data=aa8b40005c03474c775419031a0e80f3
WFR t=133117 src=mcu type=0x01 len=16 data=aa8c2225bf0420034006b80b3e02672c
WFR t=133117 src=mcu type=0x01 len=16 data=aa8d800c800000006c07102780008244
WFR t=133135 src=mcu type=0x01 len=16 data=aa8e01180080000000000000ffff37f3
WFR t=133145 src=bms type=0x02 len=129 data=d2037c0eed0eec0eed0eed0eed0eec0eed0eed0eec0eec0eed0eee0ef10ef10ef10ef00ef10ef10ef20ef20ef20ef20ef30ef20ef10ef20ef20ef20000000000000000003d0000000000000000000000000000042e753002ae0ef30eec003d003d00000157001c0001001d0000000100010eef00070000000000000000000034a8
WFI t=133154 a=-1639,-3846,-92 g=-5,5,-17
WFR t=133155 src=mcu type=0x01 len=16 data=aa8f2d042f0000000000000000009e61
WFR t=133195 src=mcu type=0x01 len=16 data=aa90232c00000000000000000000edd3
WFI t=133204 a=-1667,-3847,-100 g=6,14,-1
WFR t=133215 src=mcu type=0x01 len=16 data=aa910b000f00465a667332000b9ed1a0
WFR t=133235 src=mcu type=0x01 len=16 data=aa92000000000000000000000000fbba
WFI t=133254 a=-1643,-3852,-84 g=-8,-18,0
WFR t=133275 src=mcu type=0x01 len=16 data=aa93d804480804242c01c003214fe1ad
WFR t=133295 src=mcu type=0x01 len=16 data=aa94f0f465fffffff8080d00412af645
WFI t=133304 a=-1623,-3858,-81 g=-3,5,-1
WFR t=133335 src=mcu type=0x01 len=16 data=aa9501180080000000000000feff1278
WFI t=133354 a=-1646,-3850,-76 g=-8,-7,-11
WFR t=133355 src=mcu type=0x01 len=16 data=aa962d042f000000000000000000bd38
WFR t=133395 src=mcu type=0x01 len=16 data=aa97232c00000000000000000000e694
WFI t=133404 a=-1659,-3863,-99 g=-2,-1,3
WFR t=133415 src=mcu type=0x01 len=16 data=aa9807010200000056117eea00007aa4
WFR t=133435 src=mcu type=0x01 len=16 data=aa991d00ab04a08c64502748395e1e28
WFI t=133454 a=-1657,-3852,-94 g=-2,4,-10
WFR t=133475 src=mcu type=0x01 len=16 data=aa9a646464625f5d5b5955010101d546
WFR t=133495 src=mcu type=0x01 len=16 data=aa9b0101010100000000fbfbecd30e91
WFI t=133504 a=-1648,-3843,-96 g=-3,0,-2
WFR t=133535 src=mcu type=0x01 len=16 data=aa9c01180080000000000000ffff0e21
WFR t=133550 src=bms type=0x02 len=129 data=d2037c0eed0eec0eed0eec0eed0eec0eed0eed0eec0eec0eed0eed0ef10ef10ef10ef00ef10ef10ef20ef20ef10ef20ef20ef30ef10ef20ef20ef20000000000000000003d0000000000000000000000000000042e752f02ae0ef30eec003d003d00000157001c0001001d0000000100010eef0007000a00000000000000009bb5
WFI t=133554 a=-1648,-3855,-90 g=-6,-22,5
WFR t=133555 src=mcu type=0x01 len=16 data=aa9d2d042f000000000000000000a7b3
WFR t=133575 src=mcu type=0x01 len=16 data=aa9e232c00000000000000000000fb5d
WFI t=133604 a=-1638,-3842,-87 g=-3,0,-5
WFR t=133615 src=mcu type=0x01 len=16 data=aa9fb5a1b0bfd800000000000000dfe1
WFR t=133635 src=mcu type=0x01 len=16 data=aaa000000000020c000035006a00d1bd
WFI t=133654 a=-1656,-3858,-104 g=-1,24,-20
WFR t=133675 src=mcu type=0x01 len=16 data=aaa188044a5357583036323430360894
WFR t=133695 src=mcu type=0x01 len=16 data=aaa231344e4242463930333500005e71
WFI t=133704 a=-1661,-3854,-91 g=-6,4,-7
WFR t=133715 src=mcu type=0x01 len=16 data=aaa301180080000000000100ffff5a22
WFI t=133754 a=-1652,-3857,-89 g=-8,-27,7
WFR t=133755 src=mcu type=0x01 len=16 data=aaa42d042f000000000000000000fb8a
WFR t=133775 src=mcu type=0x01 len=16 data=aaa5232c00000000000000000000a026
WFI t=133804 a=-1632,-3864,-101 g=-2,-3,-6
WFR t=133815 src=mcu type=0x01 len=16 data=aaa6000000000000000000000000b4ce
WFR t=133835 src=mcu type=0x01 len=16 data=aaa7000000000000000000000000b64f
WFI t=133854 a=-1660,-3856,-80 g=-1,6,-11
WFR t=133875 src=mcu type=0x01 len=16 data=aaa801801b000000400052a8194013c9
WFR t=133895 src=mcu type=0x01 len=16 data=aaa9028288135c4488132400ec02f999
WFI t=133904 a=-1642,-3844,-101 g=3,12,-5
WFR t=133915 src=mcu type=0x01 len=16 data=aaaa01180080000000000000ffff4617
WFR t=133925 src=bms type=0x02 len=129 data=d2037c0eed0eec0eed0eec0eed0eec0eed0eed0eec0eec0eed0eed0ef10ef10ef10ef00ef10ef10ef20ef20ef10ef20ef20ef30ef10ef20ef20ef20000000000000000003d0000000000000000000000000000042e752f02ae0ef30eec003d003d00000157001c0001001d0000000100010eef0007000a00000000000000009bb5
WFI t=133954 a=-1648,-3855,-98 g=1,0,-6
WFR t=133955 src=mcu type=0x01 len=16 data=aaab2d042f000000000000000000ef85
WFR t=133975 src=mcu type=0x01 len=16 data=aaac232c00000000000000000000bdef
WFI t=134004 a=-1660,-3860,-80 g=-3,-20,7
WFR t=134015 src=mcu type=0x01 len=16 data=aaad0048005f00021000000100801d27
WFR t=134035 src=mcu type=0x01 len=16 data=aaae55f04b0b18000000803a40005cef
WFI t=134054 a=-1619,-3863,-91 g=-3,-13,2
WFR t=134055 src=mcu type=0x01 len=16 data=aaaf08610005460c2f78a00f090076a9
WFR t=134095 src=mcu type=0x01 len=16 data=aab001180080000000000000feff611d
WFI t=134104 a=-1638,-3857,-93 g=-2,9,-12
WFR t=134115 src=mcu type=0x01 len=16 data=aab12d042f000000000000000000c91f
WFI t=134154 a=-1652,-3857,-93 g=-4,13,-10
WFR t=134155 src=mcu type=0x01 len=16 data=aab2232c0000000000000000000095f1
WFR t=134175 src=mcu type=0x01 len=16 data=aab3014a02050030000488001b007188
WFR t=134195 src=mcu type=0x01 len=16 data=aab400009f0ca90c9a0c540600001589
WFI t=134204 a=-1666,-3854,-91 g=-5,-16,0
WFR t=134235 src=mcu type=0x01 len=16 data=aab51b00e8517918060ed30ab0008438
WFI t=134254 a=-1640,-3851,-90 g=3,-7,3
WFR t=134255 src=mcu type=0x01 len=16 data=aab6050804080080cb020122f13fc622
WFR t=134295 src=mcu type=0x01 len=16 data=aa8001180080000000000000ffff217d
WFI t=134304 a=-1658,-3854,-98 g=-7,1,-12
WFR t=134315 src=mcu type=0x01 len=16 data=aa812d042f00000000000000000088ef
WFR t=134335 src=mcu type=0x01 len=16 data=aa82232c00000000000000000000d401
WFR t=134345 src=bms type=0x02 len=129 data=d2037c0eed0eec0eed0eec0eed0eec0eed0eed0eec0eec0eed0eed0ef10ef10ef10ef00ef10ef10ef20ef20ef10ef20ef20ef30ef10ef20ef20ef20000000000000000003d0000000000000000000000000000042e752f02ae0ef30eec003d003d00000157001c0001001d0000000100010eef0007000a00000000000000009bb5
WFI t=134354 a=-1664,-3852,-100 g=3,12,-5
WFR t=134375 src=mcu type=0x01 len=16 data=aa83000100011101b70111019f00058c
WFR t=134395 src=mcu type=0x01 len=16 data=aa840000090a10560001310051c45a55
WFI t=134404 a=-1652,-3868,-92 g=-5,-7,-5
WFR t=134435 src=mcu type=0x01 len=16 data=aa8513088003e204080b1000507864d4
WFI t=134454 a=-1659,-3856,-89 g=1,-15,3
WFR t=134455 src=mcu type=0x01 len=16 data=aa868403f4010400a00f8813c003f9eb
WFR t=134495 src=mcu type=0x01 len=16 data=aa8701180080000000000000feff2baa
WFI t=134504 a=-1635,-3848,-98 g=-2,5,-4
WFR t=134515 src=mcu type=0x01 len=16 data=aa882d042f0000000000000000009526
WFR t=134535 src=mcu type=0x01 len=16 data=aa89232c00000000000000000000ce8a
WFI t=134554 a=-1657,-3850,-99 g=-6,-1,-9
WFR t=134575 src=mcu type=0x01 len=16 data=aa8a480c1c0207284901230020001521
WFR t=134595 src=mcu type=0x01 len=16 data=aa8b40005c03474c775419031a0e80f3
WFI t=134604 a=-1655,-3866,-93 g=1,2,4
WFR t=134635 src=mcu type=0x01 len=16 data=aa8c2225bf0420034006b80b3e02672c
WFI t=134654 a=-1644,-3847,-97 g=-8,-8,-13
WFR t=134655 src=mcu type=0x01 len=16 data=aa8d800c800000006c07102780008244
WFR t=134675 src=mcu type=0x01 len=16 data=aa8e01180080000000000000feff3663
WFI t=134704 a=-1666,-3851,-90 g=-2,0,2
WFR t=134715 src=mcu type=0x01 len=16 data=aa8f2d042f0000000000000000009e61
WFR t=134735 src=mcu type=0x01 len=16 data=aa90232c00000000000000000000edd3
WFI t=134754 a=-1637,-3839,-89 g=-5,-9,-7
WFR t=134775 src=mcu type=0x01 len=16 data=aa910b000f00465a667332000b9ed1a0
WFR t=134795 src=mcu type=0x01 len=16 data=aa92000000000000000000000000fbba
WFI t=134804 a=-1664,-3853,-94 g=-5,10,-8
WFR t=134810 src=bms type=0x02 len=129 data=d2037c0eed0eec0eed0eed0eed0eec0eed0eed0eec0eec0eed0eed0ef10ef10ef10ef00ef10ef10ef20ef20ef20ef20ef20ef30ef10ef20ef20ef20000000000000000003d0000000000000000000000000000042e752f02ae0ef30eec003d003d00000157001c0001001d0000000100010eef0007000a00000000000000000dd4
WFI t=134872 a=-1655,-3847,-89 g=-1,-2,-2
WFR t=134949 src=mcu type=0x01 len=16 data=aa93d804480804242c01c003214fe1ad
WFR t=134950 src=mcu type=0x01 len=16 data=aa94f0f465fffffff8080d00412af645
WFR t=134950 src=mcu type=0x01 len=16 data=aa9501180080000000000000ffff13e8
WFR t=134950 src=mcu type=0x01 len=16 data=aa962d042f000000000000000000bd38
WFI t=134951 a=-1657,-3852,-106 g=-2,-10,-4
WFI t=134954 a=-1661,-3862,-87 g=-9,-12,-3
WFR t=134955 src=mcu type=0x01 len=16 data=aa97232c00000000000000000000e694
WFR t=134955 src=mcu type=0x01 len=16 data=aa9807010200000056117eea00007aa4
WFR t=134995 src=mcu type=0x01 len=16 data=aa991d00ab04a08c64502748395e1e28
WFI t=135004 a=-1631,-3865,-87 g=-1,-2,0
WFR t=135015 src=mcu type=0x01 len=16 data=aa9a646464625f5d5b5955010101d546
WFI t=135054 a=-1644,-3855,-85 g=-2,10,-16
WFR t=135055 src=mcu type=0x01 len=16 data=aa9b0101010100000000fbfbecd30e91
WFR t=135075 src=mcu type=0x01 len=16 data=aa9c01180080000000000100feff0e4d
WFI t=135104 a=-1659,-3844,-110 g=-5,17,-14
WFR t=135115 src=mcu type=0x01 len=16 data=aa9d2d042f000000000000000000a7b3
WFR t=135135 src=mcu type=0x01 len=16 data=aa9e232c00000000000000000000fb5d
WFT t=135153 batt_mv=4184 rssi_mcu=-71 rssi_bms=-83 mcu=4795 bms=234 dropped=0
WFI t=135155 a=-1667,-3851,-90 g=-11,-29,3
WFR t=135155 src=mcu type=0x01 len=16 data=aa9fb5a1b0bfd800000000000000dfe1
WFR t=135170 src=bms type=0x02 len=129 data=d2037c0eed0eec0eed0eed0eed0eec0eed0eed0eec0eec0eed0eed0ef10ef10ef10ef00ef10ef10ef20ef20ef20ef20ef20ef30ef10ef20ef20ef20000000000000000003d0000000000000000000000000000042e752f02ae0ef30eec003d003d00000157001c0001001d0000000100010eef0007000a00000000000000000dd4
WFR t=135195 src=mcu type=0x01 len=16 data=aaa000000000020c000035006a00d1bd
WFI t=135204 a=-1630,-3844,-86 g=-7,-23,13
WFR t=135215 src=mcu type=0x01 len=16 data=aaa188044a5357583036323430360894
WFI t=135254 a=-1625,-3853,-83 g=1,21,-20
WFR t=135255 src=mcu type=0x01 len=16 data=aaa231344e4242463930333500005e71
WFR t=135275 src=mcu type=0x01 len=16 data=aaa301180080000000000100feff5bb2
WFR t=135295 src=mcu type=0x01 len=16 data=aaa42d042f000000000000000000fb8a
WFI t=135304 a=-1684,-3854,-103 g=-6,17,-20
WFR t=135335 src=mcu type=0x01 len=16 data=aaa5232c00000000000000000000a026
WFR t=135355 src=mcu type=0x01 len=16 data=aaa6000000000000000000000000b4ce
WFI t=135355 a=-1644,-3856,-90 g=-3,-14,11
WFR t=135395 src=mcu type=0x01 len=16 data=aaa7000000000000000000000000b64f
WFI t=135404 a=-1637,-3852,-94 g=-5,-11,-10
WFR t=135460 src=mcu type=0x01 len=16 data=aaa801801b000000400052a8194013c9
WFR t=135461 src=mcu type=0x01 len=16 data=aaa9028288135c4488132400ec02f999
WFI t=135462 a=-1660,-3866,-82 g=0,-5,0
WFR t=135475 src=mcu type=0x01 len=16 data=aaaa01180080000000000000feff4787
WFR t=135495 src=mcu type=0x01 len=16 data=aaab2d042f000000000000000000ef85
WFI t=135504 a=-1629,-3850,-101 g=-4,-6,-2
WFR t=135535 src=mcu type=0x01 len=16 data=aaac232c00000000000000000000bdef
WFR t=135545 src=bms type=0x02 len=129 data=d2037c0eed0eec0eed0eed0eed0eec0eed0eed0eec0eec0eed0eee0ef10ef10ef10ef00ef10ef10ef20ef20ef20ef30ef30ef30ef10ef20ef20ef20000000000000000003d0000000000000000000000000000042e752f02ae0ef30eec003d003d00000157001c0001001d0000000100010eef0007000a000000000000000000ea
WFI t=135554 a=-1639,-3852,-83 g=-4,22,-21
WFR t=135555 src=mcu type=0x01 len=16 data=aaad0048005f00021000000100801d27
WFR t=135595 src=mcu type=0x01 len=16 data=aaae55f04b0b18000000803a40005cef
WFI t=135604 a=-1660,-3851,-88 g=-2,10,-13
WFR t=135615 src=mcu type=0x01 len=16 data=aaaf08610005460c2f78a00f090076a9
WFR t=135635 src=mcu type=0x01 len=16 data=aab00118008000000000ffffffff60a9
WFI t=135654 a=-1664,-3856,-81 g=-8,-28,4
WFR t=135675 src=mcu type=0x01 len=16 data=aab12d042f000000000000000000c91f
WFR t=135695 src=mcu type=0x01 len=16 data=aab2232c0000000000000000000095f1
WFI t=135704 a=-1630,-3863,-94 g=2,3,2
WFR t=135735 src=mcu type=0x01 len=16 data=aab3014a02050030000488001b007188
WFI t=135754 a=-1660,-3850,-91 g=-1,2,-10
WFR t=135755 src=mcu type=0x01 len=16 data=aab400009f0ca90c9a0c540600001589
WFR t=135775 src=mcu type=0x01 len=16 data=aab51b00e8517918060e780ab000a41c
WFI t=135804 a=-1658,-3848,-102 g=-6,-15,9
WFR t=135815 src=mcu type=0x01 len=16 data=aab6050804080080cb020122f13fc622
WFR t=135835 src=mcu type=0x01 len=16 data=aa8001180080000000000000ffff217d
WFI t=135854 a=-1625,-3848,-89 g=-6,-11,-3
WFR t=135875 src=mcu type=0x01 len=16 data=aa812d042f00000000000000000088ef
WFR t=135895 src=mcu type=0x01 len=16 data=aa82232c00000000000000000000d401
WFI t=135904 a=-1660,-3853,-98 g=3,12,-10
WFR t=135915 src=mcu type=0x01 len=16 data=aa83000100011101b70111019f00058c
WFI t=135954 a=-1656,-3845,-102 g=-3,8,-6
WFR t=135955 src=mcu type=0x01 len=16 data=aa840000090a10560001310051c45a55
WFR t=135975 src=mcu type=0x01 len=16 data=aa8513088003e204080b1000507864d4
WFR t=135980 src=bms type=0x02 len=129 data=d2037c0eed0eec0eed0eed0eed0eec0eed0eed0eec0eec0eed0eee0ef10ef10ef10ef00ef10ef10ef20ef20ef20ef30ef30ef30ef10ef20ef20ef20000000000000000003d0000000000000000000000000000042e752f02ae0ef30eec003d003d00000157001c0001001d0000000100010eef0007000a000000000000000000ea
WFI t=136004 a=-1666,-3848,-98 g=-7,-14,-1
WFR t=136015 src=mcu type=0x01 len=16 data=aa868403f4010400a00f8813c003f9eb
WFR t=136035 src=mcu type=0x01 len=16 data=aa8701180080000000000000feff2baa
WFI t=136054 a=-1638,-3866,-93 g=-3,-17,10
WFR t=136055 src=mcu type=0x01 len=16 data=aa882d042f0000000000000000009526
WFR t=136095 src=mcu type=0x01 len=16 data=aa89232c00000000000000000000ce8a
WFI t=136104 a=-1641,-3858,-91 g=-5,4,-8
WFR t=136115 src=mcu type=0x01 len=16 data=aa8a480c1c0207284901230020001521
WFI t=136154 a=-1658,-3850,-98 g=1,14,-15
WFR t=136155 src=mcu type=0x01 len=16 data=aa8b40005c03474c775419031a0e80f3
WFR t=136175 src=mcu type=0x01 len=16 data=aa8c2225bf0420034006b80b3e02672c
WFI t=136205 a=-1662,-3845,-93 g=-4,-10,3
WFR t=136215 src=mcu type=0x01 len=16 data=aa8d800c800000006c07102780008244
WFR t=136235 src=mcu type=0x01 len=16 data=aa8e01180080000000000000ffff37f3
WFI t=136254 a=-1636,-3866,-85 g=1,-1,-3
WFR t=136255 src=mcu type=0x01 len=16 data=aa8f2d042f0000000000000000009e61
WFR t=136295 src=mcu type=0x01 len=16 data=aa90232c00000000000000000000edd3
WFI t=136304 a=-1659,-3851,-87 g=-4,3,-11
WFR t=136315 src=mcu type=0x01 len=16 data=aa910b000f00465a667332000b9ed1a0
WFI t=136354 a=-1658,-3858,-98 g=-4,-4,1
WFR t=136355 src=mcu type=0x01 len=16 data=aa92000000000000000000000000fbba
WFR t=136375 src=mcu type=0x01 len=16 data=aa93d804480804242c01c003214fe1ad
WFR t=136395 src=mcu type=0x01 len=16 data=aa94f0f465fffffff8080d00412af645
WFR t=136400 src=bms type=0x02 len=129 data=d2037c0eed0eec0eed0eed0eed0eec0eed0eed0eeb0eec0eed0eee0ef10ef10ef10ef00ef10ef10ef20ef20ef10ef20ef30ef30ef10ef20ef20ef20000000000000000003d0000000000000000000000000000042e752f02ae0ef30eeb003d003d00000157001c0001001d0000000100010eef0008000a0000000000000000f4d0
WFI t=136404 a=-1654,-3865,-87 g=-5,-11,-4
WFR t=136435 src=mcu type=0x01 len=16 data=aa9501180080000000000000ffff13e8
WFI t=136454 a=-1650,-3845,-90 g=2,1,-5
WFR t=136455 src=mcu type=0x01 len=16 data=aa962d042f000000000000000000bd38
WFR t=136495 src=mcu type=0x01 len=16 data=aa97232c00000000000000000000e694
WFI t=136504 a=-1649,-3856,-82 g=-11,-2,-6
WFR t=136515 src=mcu type=0x01 len=16 data=aa9807010200000056117eea00007aa4
WFR t=136535 src=mcu type=0x01 len=16 data=aa991d00ab04a08c64502748395e1e28
WFI t=136554 a=-1641,-3844,-90 g=3,11,-6
WFR t=136575 src=mcu type=0x01 len=16 data=aa9a646464625f5d5b5955010101d546
WFR t=136595 src=mcu type=0x01 len=16 data=aa9b0101010100000000fbfbecd30e91
WFI t=136604 a=-1663,-3858,-88 g=-6,-4,-7
WFR t=136635 src=mcu type=0x01 len=16 data=aa9c01180080000000000000feff0fb1
WFI t=136654 a=-1664,-3847,-90 g=-3,-19,5
WFR t=136655 src=mcu type=0x01 len=16 data=aa9d2d042f000000000000000000a7b3
WFR t=136695 src=mcu type=0x01 len=16 data=aa9e232c00000000000000000000fb5d
WFI t=136704 a=-1636,-3853,-91 g=-1,-8,-4
WFR t=136715 src=mcu type=0x01 len=16 data=aa9fb5a1b0bfd800000000000000dfe1
WFR t=136735 src=mcu type=0x01 len=16 data=aaa000000000020c000035006a00d1bd
WFI t=136754 a=-1651,-3859,-102 g=-1,29,-17
WFR t=136775 src=mcu type=0x01 len=16 data=aaa188044a5357583036323430360894
WFR t=136790 src=bms type=0x02 len=129 data=d2037c0eed0eec0eed0eed0eed0eec0eed0eed0eeb0eec0eed0eee0ef10ef10ef10ef00ef10ef10ef20ef20ef10ef20ef30ef30ef10ef20ef20ef20000000000000000003d0000000000000000000000000000042e752f02ae0ef30eeb003d003d00000157001c0001001d0000000100010eef0008000a0000000000000000f4d0
WFR t=136795 src=mcu type=0x01 len=16 data=aaa231344e4242463930333500005e71
WFI t=136804 a=-1674,-3849,-98 g=-4,9,-9
WFR t=136835 src=mcu type=0x01 len=16 data=aaa301180080000000000000feff5a4e
WFI t=136955 a=-1649,-3863,-76 g=-8,-39,12
WFR t=137028 src=mcu type=0x01 len=16 data=aaa42d042f000000000000000000fb8a
WFR t=137028 src=mcu type=0x01 len=16 data=aaa5232c00000000000000000000a026
WFR t=137029 src=mcu type=0x01 len=16 data=aaa6000000000000000000000000b4ce
WFR t=137029 src=mcu type=0x01 len=16 data=aaa7000000000000000000000000b64f
WFR t=137029 src=mcu type=0x01 len=16 data=aaa801801b000000400052a8194013c9
WFR t=137029 src=mcu type=0x01 len=16 data=aaa9028288135c4488132400ec02f999
WFR t=137029 src=mcu type=0x01 len=16 data=aaaa01180080000000000000feff4787
WFI t=137107 a=-1638,-3845,-100 g=-3,31,-24
WFI t=137123 a=-1634,-3875,-76 g=-7,-25,8
WFR t=137124 src=mcu type=0x01 len=16 data=aaab2d042f000000000000000000ef85
WFR t=137124 src=mcu type=0x01 len=16 data=aaac232c00000000000000000000bdef
WFR t=137124 src=mcu type=0x01 len=16 data=aaad0048005f00021000000100801d27
WFI t=137125 a=-1626,-3858,-90 g=-7,-15,6
WFI t=137127 a=-1641,-3858,-86 g=-4,-12,6
WFI t=137129 a=-1641,-3858,-86 g=-4,-12,6
WFR t=137135 src=mcu type=0x01 len=16 data=aaae55f04b0b18000000803a40005cef
WFI t=137154 a=-1621,-3850,-99 g=0,1,-2
WFR t=137155 src=mcu type=0x01 len=16 data=aaaf08610005460c2f78a00f090076a9
WFR t=137195 src=mcu type=0x01 len=16 data=aab001180080000000000000feff611d
WFI t=137204 a=-1661,-3853,-85 g=1,15,-16
WFR t=137215 src=mcu type=0x01 len=16 data=aab12d042f000000000000000000c91f
WFR t=137225 src=bms type=0x02 len=129 data=d2037c0eed0eec0eed0eed0eed0eec0eed0eed0eeb0eec0eed0eee0ef10ef10ef10ef00ef10ef10ef20ef20ef10ef20ef30ef30ef10ef20ef20ef20000000000000000003d0000000000000000000000000000042e752f02ae0ef30eeb003d003d00000157001c0001001d0000000100010eef0008000a0000000000000000f4d0
WFI t=137254 a=-1656,-3872,-97 g=3,8,-10
WFR t=137255 src=mcu type=0x01 len=16 data=aab2232c0000000000000000000095f1
WFR t=137275 src=mcu type=0x01 len=16 data=aab3014a02050030000488001b007188
WFI t=137304 a=-1640,-3863,-86 g=-4,-6,-4
WFR t=137315 src=mcu type=0x01 len=16 data=aab400009f0ca90c9a0c540600001589
WFR t=137335 src=mcu type=0x01 len=16 data=aab51b00e8517918060ef70ab0008ec8
WFI t=137354 a=-1644,-3850,-79 g=2,-8,-1
WFR t=137355 src=mcu type=0x01 len=16 data=aab6050804080080cb020122f13fc622
WFR t=137395 src=mcu type=0x01 len=16 data=aa8001180080000000000000ffff217d
WFI t=137404 a=-1648,-3865,-88 g=3,-7,0
WFR t=137415 src=mcu type=0x01 len=16 data=aa812d042f00000000000000000088ef
WFI t=137454 a=-1643,-3858,-101 g=1,11,-9
WFR t=137455 src=mcu type=0x01 len=16 data=aa82232c00000000000000000000d401
WFR t=137475 src=mcu type=0x01 len=16 data=aa83000100011101b70111019f00058c
WFR t=137495 src=mcu type=0x01 len=16 data=aa840000090a10560001310051c45a55
WFI t=137504 a=-1678,-3865,-95 g=-4,-7,-1
WFR t=137535 src=mcu type=0x01 len=16 data=aa8513088003e204080b1000507864d4
WFI t=137554 a=-1637,-3863,-85 g=-4,-12,0
WFR t=137555 src=mcu type=0x01 len=16 data=aa868403f4010400a00f8813c003f9eb
WFR t=137595 src=mcu type=0x01 len=16 data=aa8701180080000000000000ffff2a3a
WFI t=137604 a=-1634,-3854,-88 g=-4,2,-13
WFR t=137615 src=mcu type=0x01 len=16 data=aa882d042f0000000000000000009526
WFR t=137635 src=mcu type=0x01 len=16 data=aa89232c00000000000000000000ce8a
WFR t=137645 src=bms type=0x02 len=129 data=d2037c0eed0eec0eed0eed0eed0eec0eed0eed0eec0eec0eed0eee0ef10ef10ef10ef00ef10ef10ef20ef20ef20ef20ef30ef20ef10ef20ef20ef20000000000000000003d0000000000000000000000000000042e752f02ae0ef30eec003d003d00000157001c0001001d0000000100010eef0007000a00000000000000000583
WFI t=137654 a=-1652,-3840,-107 g=-3,5,-12
WFR t=137675 src=mcu type=0x01 len=16 data=aa8a480c1c0207284901230020001521
WFR t=137695 src=mcu type=0x01 len=16 data=aa8b40005c03474c775419031a0e80f3
WFI t=137704 a=-1663,-3840,-112 g=-6,-20,5
WFR t=137735 src=mcu type=0x01 len=16 data=aa8c2225bf0420034006b80b3e02672c
WFI t=137754 a=-1624,-3848,-89 g=-4,-19,13
WFR t=137755 src=mcu type=0x01 len=16 data=aa8d800c800000006c07102780008244
WFR t=137795 src=mcu type=0x01 len=16 data=aa8e01180080000000000000ffff37f3
WFI t=137804 a=-1635,-3858,-94 g=0,24,-20
WFR t=137815 src=mcu type=0x01 len=16 data=aa8f2d042f0000000000000000009e61
WFR t=137835 src=mcu type=0x01 len=16 data=aa90232c00000000000000000000edd3
WFI t=137854 a=-1667,-3844,-94 g=-7,16,-31
WFR t=137875 src=mcu type=0x01 len=16 data=aa910b000f00465a667332000b9ed1a0
WFR t=137895 src=mcu type=0x01 len=16 data=aa92000000000000000000000000fbba
WFI t=137904 a=-1649,-3869,-84 g=2,0,8
WFR t=137935 src=mcu type=0x01 len=16 data=aa93d804480804242c01c003214fe1ad
WFI t=137954 a=-1645,-3873,-96 g=-12,-43,2
WFR t=137955 src=mcu type=0x01 len=16 data=aa94f0f465fffffff8080d00412af645
WFR t=137975 src=mcu type=0x01 len=16 data=aa9501180080000000000000feff1278
WFI t=138005 a=-1638,-3827,-96 g=-2,-11,0
WFR t=138015 src=mcu type=0x01 len=16 data=aa962d042f000000000000000000bd38
WFR t=138035 src=mcu type=0x01 len=16 data=aa97232c00000000000000000000e694
WFR t=138050 src=bms type=0x02 len=129 data=d2037c0eed0eec0eed0eed0eed0eec0eed0eed0eec0eec0eed0eee0ef10ef10ef10ef00ef10ef10ef20ef20ef20ef20ef30ef20ef10ef20ef20ef20000000000000000003d0000000000000000000000000000042e752f02ae0ef30eec003d003d00000157001c0001001d0000000100010eef0007000a00000000000000000583
WFI t=138054 a=-1635,-3844,-110 g=-6,4,-8
WFR t=138075 src=mcu type=0x01 len=16 data=aa9807010200000056117eea00007aa4
WFR t=138095 src=mcu type=0x01 len=16 data=aa991d00ab04a08c64502748395e1e28
WFI t=138104 a=-1647,-3829,-114 g=-2,29,-18
WFR t=138115 src=mcu type=0x01 len=16 data=aa9a646464625f5d5b5955010101d546
WFI t=138154 a=-1669,-3838,-95 g=-1,9,3
WFR t=138155 src=mcu type=0x01 len=16 data=aa9b0101010100000000fbfbecd30e91
WFR t=138175 src=mcu type=0x01 len=16 data=aa9c01180080000000000000feff0fb1
WFI t=138224 a=-1654,-3849,-96 g=-7,-23,13
WFR t=138236 src=mcu type=0x01 len=16 data=aa9d2d042f000000000000000000a7b3
WFR t=138237 src=mcu type=0x01 len=16 data=aa9e232c00000000000000000000fb5d
WFR t=138257 src=mcu type=0x01 len=16 data=aa9fb5a1b0bfd800000000000000dfe1
WFI t=138259 a=-1646,-3856,-95 g=-5,-20,8
WFI t=138314 a=-1641,-3856,-94 g=-2,-1,-9
WFR t=138336 src=mcu type=0x01 len=16 data=aaa000000000020c000035006a00d1bd
WFR t=138336 src=mcu type=0x01 len=16 data=aaa188044a5357583036323430360894
WFI t=138354 a=-1638,-3856,-84 g=2,15,-9
WFR t=138355 src=mcu type=0x01 len=16 data=aaa231344e4242463930333500005e71
WFR t=138375 src=mcu type=0x01 len=16 data=aaa301180080000000000100feff5bb2
WFI t=138404 a=-1641,-3860,-102 g=3,18,-15
WFR t=138415 src=mcu type=0x01 len=16 data=aaa42d042f000000000000000000fb8a
WFR t=138425 src=bms type=0x02 len=129 data=d2037c0eed0eec0eed0eed0eed0eec0eed0eed0eec0eec0eed0eee0ef10ef10ef10ef00ef10ef10ef20ef20ef20ef20ef30ef30ef10ef20ef20ef20000000000000000003d0000000000000000000000000000042e752f02ae0ef30eec003d003d00000157001c0001001d0000000100010eef0007000a00000000000000004502
WFR t=138435 src=mcu type=0x01 len=16 data=aaa5232c00000000000000000000a026
WFI t=138454 a=-1664,-3866,-96 g=-2,2,-4
WFR t=138455 src=mcu type=0x01 len=16 data=aaa6000000000000000000000000b4ce
WFR t=138495 src=mcu type=0x01 len=16 data=aaa7000000000000000000000000b64f
WFI t=138504 a=-1647,-3859,-94 g=-6,-21,12
WFR t=138515 src=mcu type=0x01 len=16 data=aaa801801b000000400052a8194013c9
WFI t=138554 a=-1629,-3864,-81 g=-3,-9,1
WFR t=138555 src=mcu type=0x01 len=16 data=aaa9028288135c4488132400ec02f999
WFR t=138575 src=mcu type=0x01 len=16 data=aaaa01180080000000000000feff4787
WFI t=138604 a=-1640,-3859,-89 g=-4,15,-20
WFR t=138615 src=mcu type=0x01 len=16 data=aaab2d042f000000000000000000ef85
WFR t=138635 src=mcu type=0x01 len=16 data=aaac232c00000000000000000000bdef
WFI t=138654 a=-1651,-3838,-91 g=-7,-3,-6
WFR t=138655 src=mcu type=0x01 len=16 data=aaad0048005f00021000000100801d27
WFR t=138695 src=mcu type=0x01 len=16 data=aaae55f04b0b18000000803a40005cef
WFI t=138704 a=-1639,-3862,-82 g=0,-7,-6
WFR t=138715 src=mcu type=0x01 len=16 data=aaaf08610005460c2f78a00f090076a9
WFR t=138735 src=mcu type=0x01 len=16 data=aab001180080000000000100feff60e1
WFI t=138754 a=-1667,-3845,-85 g=-5,11,-16
WFR t=138775 src=mcu type=0x01 len=16 data=aab12d042f000000000000000000c91f
WFR t=138795 src=mcu type=0x01 len=16 data=aab2232c0000000000000000000095f1
WFI t=138804 a=-1663,-3845,-98 g=0,-15,11
WFR t=138835 src=mcu type=0x01 len=16 data=aab3014a02050030000488001b007188
WFR t=138845 src=bms type=0x02 len=129 data=d2037c0eed0eec0eed0eed0eed0eec0eed0eed0eec0eec0eed0eee0ef10ef10ef10ef00ef10ef10ef20ef20ef20ef20ef30ef30ef10ef20ef20ef20000000000000000003d0000000000000000000000000000042e752f02ae0ef30eec003d003d00000157001c0001001d0000000100010eef0007000a00000000000000004502
WFI t=138887 a=-1607,-3849,-97 g=-3,-9,8
WFR t=138887 src=mcu type=0x01 len=16 data=aab400009f0ca90c9a0c540600001589
WFR t=139033 src=mcu type=0x01 len=16 data=aab51b00e8517918060ef70ab0008ec8
WFI t=139033 a=-1646,-3872,-79 g=-7,-8,3
WFR t=139033 src=mcu type=0x01 len=16 data=aab6050804080080cb020122f13fc622
WFR t=139048 src=mcu type=0x01 len=16 data=aa8001180080000000000000feff20ed
WFR t=139049 src=mcu type=0x01 len=16 data=aa812d042f00000000000000000088ef
WFR t=139049 src=mcu type=0x01 len=16 data=aa82232c00000000000000000000d401
WFR t=139049 src=mcu type=0x01 len=16 data=aa83000100011101b70111019f00058c
WFI t=139112 a=-1660,-3851,-82 g=-2,22,-14
WFR t=139127 src=mcu type=0x01 len=16 data=aa840000090a10560001310051c45a55
WFR t=139127 src=mcu type=0x01 len=16 data=aa8513088003e204080b1000507864d4
WFI t=139128 a=-1650,-3844,-98 g=-5,-35,19
WFI t=139130 a=-1631,-3857,-76 g=-3,-24,17
WFI t=139133 a=-1631,-3857,-76 g=-3,-24,17
WFR t=139136 src=mcu type=0x01 len=16 data=aa868403f4010400a00f8813c003f9eb
WFR t=139136 src=mcu type=0x01 len=16 data=aa8701180080000000000000ffff2a3a
WFI t=139154 a=-1609,-3867,-81 g=-3,-9,1
WFR t=139175 src=mcu type=0x01 len=16 data=aa882d042f0000000000000000009526
WFR t=139195 src=mcu type=0x01 len=16 data=aa89232c00000000000000000000ce8a
WFI t=139204 a=-1668,-3859,-88 g=-10,7,-20
WFR t=139215 src=mcu type=0x01 len=16 data=aa8a480c1c0207284901230020001521
WFI t=139255 a=-1649,-3857,-85 g=-3,8,-3
WFR t=139255 src=mcu type=0x01 len=16 data=aa8b40005c03474c775419031a0e80f3
WFR t=139275 src=mcu type=0x01 len=16 data=aa8c2225bf0420034006b80b3e02672c
WFI t=139304 a=-1645,-3857,-107 g=-1,23,-22
WFR t=139315 src=mcu type=0x01 len=16 data=aa8d800c800000006c07102780008244
WFR t=139325 src=bms type=0x02 len=129 data=d2037c0eed0eec0eed0eed0eed0eec0eed0eed0eec0eec0eed0eee0ef10ef10ef10ef00ef10ef10ef20ef20ef20ef20ef30ef30ef10ef20ef20ef20000000000000000003d0000000000000000000000000000042e752f02ae0ef30eec003d003d00000157001c0001001d0000000100010eef0007000a00000000000000004502
WFR t=139335 src=mcu type=0x01 len=16 data=aa8e01180080000000000000feff3663
WFI t=139354 a=-1678,-3838,-95 g=-5,-9,-3
WFR t=139355 src=mcu type=0x01 len=16 data=aa8f2d042f0000000000000000009e61
WFR t=139395 src=mcu type=0x01 len=16 data=aa90232c00000000000000000000edd3
WFI t=139404 a=-1642,-3858,-95 g=-12,-43,24
WFR t=139415 src=mcu type=0x01 len=16 data=aa910b000f00465a667332000b9ed1a0
WFI t=139455 a=-1621,-3863,-95 g=0,-4,-3
WFR t=139455 src=mcu type=0x01 len=16 data=aa92000000000000000000000000fbba
WFR t=139475 src=mcu type=0x01 len=16 data=aa93d804480804242c01c003214fe1ad
WFI t=139504 a=-1644,-3849,-94 g=0,23,-26
WFR t=139515 src=mcu type=0x01 len=16 data=aa94f0f465fffffff8080d00412af645
WFR t=139535 src=mcu type=0x01 len=16 data=aa9501180080000000000000ffff13e8
WFI t=139554 a=-1664,-3846,-93 g=-2,13,-10
WFR t=139555 src=mcu type=0x01 len=16 data=aa962d042f000000000000000000bd38
WFR t=139595 src=mcu type=0x01 len=16 data=aa97232c00000000000000000000e694
WFI t=139604 a=-1643,-3846,-98 g=-3,-3,5
WFR t=139615 src=mcu type=0x01 len=16 data=aa9807010200000056117eea00007aa4
WFI t=139655 a=-1661,-3848,-94 g=-10,-25,1
WFR t=139655 src=mcu type=0x01 len=16 data=aa991d00ab04a08c64502748395e1e28
WFR t=139675 src=mcu type=0x01 len=16 data=aa9a646464625f5d5b5955010101d546
WFR t=139695 src=mcu type=0x01 len=16 data=aa9b0101010100000000fbfbecd30e91
WFI t=139704 a=-1637,-3842,-92 g=2,-23,17
WFR t=139735 src=mcu type=0x01 len=16 data=aa9c01180080000000000000ffff0e21
WFR t=139745 src=bms type=0x02 len=129 data=d2037c0eed0eec0eed0eed0eed0eec0eed0eed0eec0eec0eed0eee0ef10ef10ef10ef00ef10ef10ef20ef20ef20ef30ef30ef30ef10ef20ef20ef30000000000000000003d0000000000000000000000000000042e753002ae0ef30eec003d003d00000157001c0001001d0000000100010eef0007000000000000000000003f10
WFI t=139754 a=-1632,-3843,-88 g=-2,23,-22
WFR t=139755 src=mcu type=0x01 len=16 data=aa9d2d042f000000000000000000a7b3
WFR t=139795 src=mcu type=0x01 len=16 data=aa9e232c00000000000000000000fb5d
WFI t=139804 a=-1696,-3843,-96 g=-2,15,-14
WFR t=139815 src=mcu type=0x01 len=16 data=aa9fb5a1b0bfd800000000000000dfe1
WFR t=139835 src=mcu type=0x01 len=16 data=aaa000000000020c000035006a00d1bd
WFI t=139854 a=-1637,-3850,-102 g=2,-9,9
WFR t=139875 src=mcu type=0x01 len=16 data=aaa188044a5357583036323430360894
WFR t=139895 src=mcu type=0x01 len=16 data=aaa231344e4242463930333500005e71
WFI t=139904 a=-1646,-3867,-90 g=2,-7,-6
WFI t=139954 a=-1669,-3856,-77 g=-5,-20,5
WFR t=139956 src=mcu type=0x01 len=16 data=aaa301180080000000000000feff5a4e
WFR t=139956 src=mcu type=0x01 len=16 data=aaa42d042f000000000000000000fb8a
WFR t=139995 src=mcu type=0x01 len=16 data=aaa5232c00000000000000000000a026
WFI t=140004 a=-1629,-3852,-97 g=-4,-10,-1
WFR t=140015 src=mcu type=0x01 len=16 data=aaa6000000000000000000000000b4ce
WFR t=140035 src=mcu type=0x01 len=16 data=aaa7000000000000000000000000b64f
WFI t=140054 a=-1652,-3858,-96 g=-3,31,-21
WFR t=140075 src=mcu type=0x01 len=16 data=aaa801801b000000400052a8194013c9
WFR t=140095 src=mcu type=0x01 len=16 data=aaa9028288135c4488132400ec02f999
WFI t=140104 a=-1679,-3851,-96 g=-3,6,-13
WFR t=140135 src=mcu type=0x01 len=16 data=aaaa01180080000000000000ffff4617
WFR t=140150 src=bms type=0x02 len=129 data=d2037c0eed0eec0eed0eed0eed0eec0eed0eed0eec0eec0eed0eee0ef10ef10ef10ef00ef10ef10ef20ef20ef20ef30ef30ef30ef10ef20ef20ef30000000000000000003d0000000000000000000000000000042e753002ae0ef30eec003d003d00000157001c0001001d0000000100010eef0007000000000000000000003f10
WFI t=140154 a=-1656,-3858,-79 g=-2,-32,20
WFR t=140155 src=mcu type=0x01 len=16 data=aaab2d042f000000000000000000ef85
WFR t=140175 src=mcu type=0x01 len=16 data=aaac232c00000000000000000000bdef
WFI t=140204 a=-1623,-3851,-93 g=-4,-1,-9
WFR t=140215 src=mcu type=0x01 len=16 data=aaad0048005f00021000000100801d27
WFR t=140235 src=mcu type=0x01 len=16 data=aaae55f04b0b18000000803a40005cef
WFI t=140254 a=-1675,-3844,-102 g=-3,6,-12
WFR t=140275 src=mcu type=0x01 len=16 data=aaaf08610005460c2f78a00f090076a9
WFR t=140295 src=mcu type=0x01 len=16 data=aab001180080000000000000feff611d
WFI t=140304 a=-1637,-3849,-98 g=-1,10,5
WFR t=140315 src=mcu type=0x01 len=16 data=aab12d042f000000000000000000c91f
WFT t=140338 batt_mv=4192 rssi_mcu=-70 rssi_bms=-82 mcu=4979 bms=247 dropped=0
WFI t=140355 a=-1651,-3857,-84 g=3,13,-18
WFR t=140355 src=mcu type=0x01 len=16 data=aab2232c0000000000000000000095f1
WFR t=140375 src=mcu type=0x01 len=16 data=aab3014a02050030000488011b002048
WFI t=140405 a=-1659,-3860,-91 g=-6,-15,4
WFR t=140415 src=mcu type=0x01 len=16 data=aab400009f0ca90c9a0c540600001589
WFR t=140435 src=mcu type=0x01 len=16 data=aab51b00e8517918060eab0ab0009c98
WFI t=140454 a=-1622,-3865,-93 g=0,-16,7
WFR t=140475 src=mcu type=0x01 len=16 data=aab6050804080080cb020122f13fc622
WFR t=140495 src=mcu type=0x01 len=16 data=aa8001180080000000000100feff2111
WFI t=140504 a=-1654,-3859,-84 g=-2,10,-15
WFR t=140515 src=mcu type=0x01 len=16 data=aa812d042f00000000000000000088ef
WFR t=140525 src=bms type=0x02 len=129 data=d2037c0eed0eec0eed0eec0eed0eec0eed0eed0eec0eec0eed0eee0ef10ef10ef10ef00ef10ef10ef20ef20ef20ef20ef20ef30ef10ef20ef20ef20000000000000000003d0000000000000000000000000000042e752f02ae0ef30eec003d003d00000157001c0001001d0000000100010eef0007000a000000000000000077e1
WFI t=140554 a=-1675,-3845,-96 g=1,9,-7
WFR t=140555 src=mcu type=0x01 len=16 data=aa82232c00000000000000000000d401
WFR t=140575 src=mcu type=0x01 len=16 data=aa83000100011101b70111019f00058c
WFI t=140604 a=-1645,-3847,-100 g=-4,-23,4
WFR t=140615 src=mcu type=0x01 len=16 data=aa840000090a10560001310051c45a55
WFR t=140635 src=mcu type=0x01 len=16 data=aa8513088003e204080b1000507864d4
WFI t=140654 a=-1638,-3848,-98 g=2,3,-3
WFR t=140655 src=mcu type=0x01 len=16 data=aa868403f4010400a00f8813c003f9eb
WFR t=140695 src=mcu type=0x01 len=16 data=aa8701180080000000000100feff2a56
WFI t=140705 a=-1666,-3843,-71 g=-1,12,-16
WFR t=140715 src=mcu type=0x01 len=16 data=aa882d042f0000000000000000009526
WFI t=140755 a=-1646,-3853,-99 g=-5,-4,1
WFR t=140755 src=mcu type=0x01 len=16 data=aa89232c00000000000000000000ce8a
WFR t=140775 src=mcu type=0x01 len=16 data=aa8a480c1c0207284901230020001521
WFR t=140795 src=mcu type=0x01 len=16 data=aa8b40005c03474c775419031a0e80f3
WFI t=140804 a=-1638,-3846,-84 g=-6,-14,1
WFR t=140835 src=mcu type=0x01 len=16 data=aa8c2225bf0420034006b80b3e02672c
WFI t=140854 a=-1647,-3853,-93 g=-8,-7,-5
WFR t=140855 src=mcu type=0x01 len=16 data=aa8d800c800000006c07102780008244
WFI t=140992 a=-1653,-3854,-91 g=-2,5,-2
WFR t=140992 src=mcu type=0x01 len=16 data=aa8e01180080000000000000feff3663
WFR t=140993 src=mcu type=0x01 len=16 data=aa8f2d042f0000000000000000009e61
WFR t=140993 src=mcu type=0x01 len=16 data=aa90232c00000000000000000000edd3
WFR t=140993 src=bms type=0x02 len=129 data=d2037c0eed0eec0eed0eec0eed0eec0eed0eed0eec0eec0eed0eee0ef10ef10ef10ef00ef10ef10ef20ef20ef20ef20ef20ef30ef10ef20ef20ef20000000000000000003d0000000000000000000000000000042e752f02ae0ef30eec003d003d00000157001c0001001d0000000100010eef0007000a000000000000000077e1
WFR t=140993 src=mcu type=0x01 len=16 data=aa910b000f00465a667332000b9ed1a0
WFI t=140994 a=-1662,-3859,-85 g=-5,-1,-13
WFR t=140995 src=mcu type=0x01 len=16 data=aa92000000000000000000000000fbba
WFI t=141005 a=-1686,-3848,-84 g=-8,-5,-3
WFR t=141059 src=mcu type=0x01 len=16 data=aa93d804480804242c01c003214fe1ad
WFR t=141059 src=mcu type=0x01 len=16 data=aa94f0f465fffffff8080d00412af645
WFI t=141060 a=-1621,-3865,-97 g=-1,-18,11
WFR t=141095 src=mcu type=0x01 len=16 data=aa9501180080000000000000ffff13e8
WFI t=141104 a=-1639,-3848,-81 g=-9,1,-14
WFR t=141115 src=mcu type=0x01 len=16 data=aa962d042f000000000000000000bd38
WFR t=141135 src=mcu type=0x01 len=16 data=aa97232c00000000000000000000e694
WFI t=141154 a=-1655,-3856,-101 g=2,11,-4
WFR t=141175 src=mcu type=0x01 len=16 data=aa9807010200000056117eea00007aa4
WFR t=141195 src=mcu type=0x01 len=16 data=aa991d00ab04a08c64502748395e1e28
WFI t=141204 a=-1642,-3838,-97 g=2,-3,-5
WFR t=141235 src=mcu type=0x01 len=16 data=aa9a646464625f5d5b5955010101d546
WFI t=141254 a=-1659,-3846,-87 g=-4,6,-7
WFR t=141255 src=mcu type=0x01 len=16 data=aa9b0101010100000000fbfbecd30e91
WFR t=141276 src=mcu type=0x01 len=16 data=aa9c01180080000000000000ffff0e21
WFI t=141305 a=-1654,-3855,-93 g=2,-8,0
WFR t=141315 src=mcu type=0x01 len=16 data=aa9d2d042f000000000000000000a7b3
WFR t=141335 src=mcu type=0x01 len=16 data=aa9e232c00000000000000000000fb5d
WFI t=141354 a=-1647,-3853,-94 g=-4,-9,4
WFR t=141375 src=mcu type=0x01 len=16 data=aa9fb5a1b0bfd800000000000000dfe1
WFR t=141395 src=mcu type=0x01 len=16 data=aaa000000000020c000035006a00d1bd
WFI t=141404 a=-1636,-3870,-99 g=-3,16,-11
WFR t=141410 src=bms type=0x02 len=129 data=d2037c0eed0eec0eed0eed0eed0eec0eed0eed0eec0eec0eed0eee0ef10ef10ef10ef00ef10ef10ef20ef20ef20ef30ef30ef30ef10ef20ef20ef20000000000000000003d0000000000000000000000000000042e752f02ae0ef30eec003d003d00000157001c0001001d0000000100010eef0007000a000000000000000000ea
WFR t=141415 src=mcu type=0x01 len=16 data=aaa188044a5357583036323430360894
WFI t=141454 a=-1673,-3850,-93 g=-5,-2,-10
WFR t=141455 src=mcu type=0x01 len=16 data=aaa231344e4242463930333500005e71
WFR t=141476 src=mcu type=0x01 len=16 data=aaa301180080000000000000feff5a4e
WFI t=141504 a=-1652,-3861,-89 g=-4,-10,9
WFR t=141515 src=mcu type=0x01 len=16 data=aaa42d042f000000000000000000fb8a
WFR t=141535 src=mcu type=0x01 len=16 data=aaa5232c00000000000000000000a026
WFI t=141554 a=-1636,-3849,-84 g=-6,4,-15
WFR t=141555 src=mcu type=0x01 len=16 data=aaa6000000000000000000000000b4ce
WFR t=141595 src=mcu type=0x01 len=16 data=aaa7000000000000000000000000b64f
WFI t=141605 a=-1682,-3844,-87 g=-4,-3,-2
WFR t=141615 src=mcu type=0x01 len=16 data=aaa801801b000000400052a8194013c9
WFI t=141654 a=-1633,-3857,-85 g=-5,-15,7
WFR t=141655 src=mcu type=0x01 len=16 data=aaa9028288135c4488132400ec02f999
WFR t=141696 src=mcu type=0x01 len=16 data=aaaa01180080000000000000ffff4617
WFI t=141704 a=-1643,-3852,-82 g=-4,10,-14
WFR t=141715 src=mcu type=0x01 len=16 data=aaab2d042f000000000000000000ef85
WFR t=141735 src=mcu type=0x01 len=16 data=aaac232c00000000000000000000bdef
WFI t=141754 a=-1669,-3842,-100 g=-4,-5,-6
WFR t=141755 src=mcu type=0x01 len=16 data=aaad0048005f00021000000100801d27
WFR t=141785 src=bms type=0x02 len=129 data=d2037c0eed0eec0eed0eed0eed0eec0eed0eed0eec0eec0eed0eee0ef10ef10ef10ef00ef10ef10ef20ef20ef20ef30ef30ef30ef10ef20ef20ef20000000000000000003d0000000000000000000000000000042e752f02ae0ef30eec003d003d00000157001c0001001d0000000100010eef0007000a000000000000000000ea
WFR t=141795 src=mcu type=0x01 len=16 data=aaae55f04b0b18000000803a40005cef
WFI t=141804 a=-1642,-3843,-93 g=-9,-10,6
WFR t=141815 src=mcu type=0x01 len=16 data=aaaf08610005460c2f78a00f090076a9
WFI t=141854 a=-1644,-3856,-105 g=-1,8,-15
WFR t=141855 src=mcu type=0x01 len=16 data=aab001180080000000000000ffff608d
WFR t=141875 src=mcu type=0x01 len=16 data=aab12d042f000000000000000000c91f
WFR t=141895 src=mcu type=0x01 len=16 data=aab2232c0000000000000000000095f1
WFI t=141905 a=-1670,-3851,-91 g=-6,0,-2
WFR t=141935 src=mcu type=0x01 len=16 data=aab3014a02050030000488001b007188
WFI t=141954 a=-1633,-3846,-89 g=1,-13,3
WFR t=141955 src=mcu type=0x01 len=16 data=aab400009f0ca90c9a0c540600001589
WFR t=141995 src=mcu type=0x01 len=16 data=aab51b00e8517918060eb80ab000981c
WFI t=142004 a=-1651,-3854,-94 g=-3,10,-14
WFR t=142015 src=mcu type=0x01 len=16 data=aab6050804080080cb020122f13fc622
WFR t=142035 src=mcu type=0x01 len=16 data=aa8001180080000000000100feff2111
WFI t=142054 a=-1667,-3851,-95 g=-6,-5,-5
WFR t=142075 src=mcu type=0x01 len=16 data=aa812d042f00000000000000000088ef
WFR t=142096 src=mcu type=0x01 len=16 data=aa82232c00000000000000000000d401
WFI t=142104 a=-1637,-3850,-85 g=-2,-11,6
WFR t=142135 src=mcu type=0x01 len=16 data=aa83000100011101b70111019f00058c
WFI t=142154 a=-1634,-3854,-100 g=-2,20,-19
WFR t=142155 src=mcu type=0x01 len=16 data=aa840000090a10560001310051c45a55
WFR t=142175 src=mcu type=0x01 len=16 data=aa8513088003e204080b1000507864d4
WFI t=142204 a=-1692,-3860,-78 g=-5,-10,-7
WFR t=142205 src=bms type=0x02 len=129 data=d2037c0eed0eec0eed0eed0eed0eec0eed0eed0eec0eec0eed0eee0ef10ef10ef10ef00ef10ef10ef20ef20ef20ef30ef30ef30ef10ef20ef20ef20000000000000000003d0000000000000000000000000000042e752f02ae0ef30eec003d003d00000157001c0001001d0000000100010eef0007000a000000000000000000ea
WFR t=142215 src=mcu type=0x01 len=16 data=aa868403f4010400a00f8813c003f9eb
WFR t=142235 src=mcu type=0x01 len=16 data=aa8701180080000000000000feff2baa
WFI t=142254 a=-1633,-3837,-90 g=1,-22,17
WFR t=142275 src=mcu type=0x01 len=16 data=aa882d042f0000000000000000009526
WFR t=142295 src=mcu type=0x01 len=16 data=aa89232c00000000000000000000ce8a
WFI t=142305 a=-1640,-3864,-84 g=-4,16,-21
WFR t=142335 src=mcu type=0x01 len=16 data=aa8a480c1c0207284901230020001521
WFI t=142354 a=-1687,-3861,-86 g=-5,15,-13
WFR t=142355 src=mcu type=0x01 len=16 data=aa8b40005c03474c775419031a0e80f3
WFR t=142375 src=mcu type=0x01 len=16 data=aa8c2225bf0420034006b80b3e02672c
WFI t=142404 a=-1661,-3858,-88 g=-1,-21,10
WFR t=142415 src=mcu type=0x01 len=16 data=aa8d800c800000006c07102780008244
WFR t=142435 src=mcu type=0x01 len=16 data=aa8e01180080000000000000ffff37f3
WFI t=142454 a=-1631,-3858,-92 g=-8,-7,-3
WFR t=142475 src=mcu type=0x01 len=16 data=aa8f2d042f0000000000000000009e61
WFR t=142495 src=mcu type=0x01 len=16 data=aa90232c00000000000000000000edd3
WFI t=142504 a=-1657,-3850,-96 g=1,13,-12
WFR t=142515 src=mcu type=0x01 len=16 data=aa910b000f00465a667332000b9ed1a0
WFI t=142554 a=-1663,-3861,-87 g=-1,-8,1
WFR t=142555 src=mcu type=0x01 len=16 data=aa92000000000000000000000000fbba
WFR t=142575 src=mcu type=0x01 len=16 data=aa93d804480804242c01c003214fe1ad
WFI t=142604 a=-1633,-3847,-97 g=-3,2,-3
WFR t=142615 src=mcu type=0x01 len=16 data=aa94f0f465fffffff8080d00412af645
WFR t=142625 src=bms type=0x02 len=129 data=d2037c0eed0eec0eed0eed0eed0eec0eed0eed0eec0eec0eed0eed0ef10ef10ef10ef00ef10ef10ef20ef20ef20ef30ef30ef30ef10ef20ef20ef20000000000000000003d0000000000000000000000000000042e752f02ae0ef30eeb003d003d00000157001c0001001d0000000100010eef0008000a00000000000000004b48
WFR t=142635 src=mcu type=0x01 len=16 data=aa9501180080000000000000feff1278
WFI t=142655 a=-1661,-3848,-96 g=-5,0,-11
WFR t=142655 src=mcu type=0x01 len=16 data=aa962d042f000000000000000000bd38
WFR t=142695 src=mcu type=0x01 len=16 data=aa97232c00000000000000000000e694
WFI t=142704 a=-1648,-3862,-84 g=-3,-4,6
WFR t=142715 src=mcu type=0x01 len=16 data=aa9807010200000056117eea00007aa4
WFI t=142754 a=-1632,-3852,-92 g=-5,0,-8
WFR t=142755 src=mcu type=0x01 len=16 data=aa991d00ab04a08c64502748395e1e28
WFR t=142775 src=mcu type=0x01 len=16 data=aa9a646464625f5d5b5955010101d546
WFI t=142804 a=-1656,-3847,-98 g=5,10,-8
WFR t=142815 src=mcu type=0x01 len=16 data=aa9b0101010100000000fbfbecd30e91
WFR t=142835 src=mcu type=0x01 len=16 data=aa9c01180080000000000000ffff0e21
WFI t=142854 a=-1642,-3861,-98 g=-4,-11,1
WFR t=142855 src=mcu type=0x01 len=16 data=aa9d2d042f000000000000000000a7b3
WFR t=142914 src=mcu type=0x01 len=16 data=aa9e232c00000000000000000000fb5d
WFI t=142989 a=-1636,-3853,-95 g=-3,4,-10
WFR t=142990 src=mcu type=0x01 len=16 data=aa9fb5a1b0bfd800000000000000dfe1
WFR t=142990 src=mcu type=0x01 len=16 data=aaa000000000020c000035006a00d1bd
WFR t=142990 src=mcu type=0x01 len=16 data=aaa188044a5357583036323430360894
WFI t=143060 a=-1657,-3861,-79 g=-1,4,-1
WFR t=143061 src=bms type=0x02 len=129 data=d2037c0eed0eec0eed0eed0eed0eec0eed0eed0eec0eec0eed0eed0ef10ef10ef10ef00ef10ef10ef20ef20ef20ef30ef30ef30ef10ef20ef20ef20000000000000000003d0000000000000000000000000000042e752f02ae0ef30eeb003d003d00000157001c0001001d0000000100010eef0008000a00000000000000004b48
WFR t=143061 src=mcu type=0x01 len=16 data=aaa231344e4242463930333500005e71
WFI t=143147 a=-1657,-3870,-88 g=-4,-9,-6
WFR t=143147 src=mcu type=0x01 len=16 data=aaa301180080000000000000feff5a4e
WFI t=143162 a=-1648,-3864,-85 g=-3,-7,-6
WFR t=143162 src=mcu type=0x01 len=16 data=aaa42d042f000000000000000000fb8a
WFR t=143163 src=mcu type=0x01 len=16 data=aaa5232c00000000000000000000a026
WFI t=143164 a=-1654,-3854,-85 g=-1,-8,-4
WFR t=143164 src=mcu type=0x01 len=16 data=aaa6000000000000000000000000b4ce
WFR t=143164 src=mcu type=0x01 len=16 data=aaa7000000000000000000000000b64f
WFI t=143166 a=-1658,-3841,-97 g=-9,-9,-3
WFR t=143175 src=mcu type=0x01 len=16 data=aaa801801b000000400052a8194013c9
WFR t=143195 src=mcu type=0x01 len=16 data=aaa9028288135c4488132400ec02f999
WFI t=143204 a=-1644,-3870,-86 g=2,8,-2
WFR t=143235 src=mcu type=0x01 len=16 data=aaaa01180080000000000000ffff4617
WFI t=143254 a=-1655,-3869,-93 g=-6,12,-20
WFR t=143255 src=mcu type=0x01 len=16 data=aaab2d042f000000000000000000ef85
WFR t=143295 src=mcu type=0x01 len=16 data=aaac232c00000000000000000000bdef
WFI t=143304 a=-1664,-3850,-84 g=1,-10,3
WFR t=143315 src=mcu type=0x01 len=16 data=aaad0048005f00021000000100801d27
WFR t=143335 src=mcu type=0x01 len=16 data=aaae55f04b0b18000000803a40005cef
WFI t=143354 a=-1622,-3850,-96 g=1,-18,6
WFR t=143376 src=mcu type=0x01 len=16 data=aaaf08610005460c2f78a00f090076a9
WFR t=143395 src=mcu type=0x01 len=16 data=aab00118008000000000ffffffff60a9
WFI t=143404 a=-1643,-3865,-94 g=0,11,-12
WFR t=143435 src=mcu type=0x01 len=16 data=aab12d042f000000000000000000c91f
WFI t=143454 a=-1678,-3858,-96 g=-6,-1,-6
WFR t=143455 src=mcu type=0x01 len=16 data=aab2232c0000000000000000000095f1
WFR t=143465 src=bms type=0x02 len=129 data=d2037c0eed0eec0eed0eed0eed0eec0eed0eed0eeb0eec0eed0eee0ef10ef10ef10ef00ef10ef10ef20ef20ef20ef20ef30ef30ef10ef20ef20ef20000000000000000003d0000000000000000000000000000042e752f02ae0ef30eeb003d003d00000157001c0001001d0000000100010eef0008000a0000000000000000a1f2
WFR t=143475 src=mcu type=0x01 len=16 data=aab3014a02050030000488001b007188
WFI t=143504 a=-1627,-3855,-105 g=2,-2,3
WFR t=143515 src=mcu type=0x01 len=16 data=aab400009f0ca90c9a0c540600001589
WFR t=143535 src=mcu type=0x01 len=16 data=aab51b00e8517918060ef60ab0008f34
WFI t=143554 a=-1640,-3852,-86 g=-2,5,-17
WFR t=143575 src=mcu type=0x01 len=16 data=aab6050804080080cb020122f13fc622
WFR t=143596 src=mcu type=0x01 len=16 data=aa8001180080000000000100ffff2081
WFI t=143604 a=-1666,-3845,-96 g=-2,-10,3
WFR t=143615 src=mcu type=0x01 len=16 data=aa812d042f00000000000000000088ef
WFI t=143654 a=-1624,-3857,-98 g=-3,-8,-2
WFR t=143655 src=mcu type=0x01 len=16 data=aa82232c00000000000000000000d401
WFR t=143675 src=mcu type=0x01 len=16 data=aa83000100011101b70111019f00058c
WFI t=143704 a=-1647,-3857,-109 g=-6,22,-18
WFR t=143715 src=mcu type=0x01 len=16 data=aa840000090a10560001310051c45a55
WFI t=143771 a=-1689,-3860,-93 g=-5,-12,5
WFR t=143776 src=mcu type=0x01 len=16 data=aa8513088003e204080b1000507864d4
WFR t=143776 src=mcu type=0x01 len=16 data=aa868403f4010400a00f8813c003f9eb
WFR t=143796 src=mcu type=0x01 len=16 data=aa8701180080000000000000ffff2a3a
WFI t=143804 a=-1635,-3856,-101 g=-4,-15,10
WFR t=143815 src=mcu type=0x01 len=16 data=aa882d042f0000000000000000009526
WFI t=143854 a=-1631,-3854,-106 g=-4,1,-16
WFR t=143855 src=mcu type=0x01 len=16 data=aa89232c00000000000000000000ce8a
WFR t=143875 src=mcu type=0x01 len=16 data=aa8a480c1c0207284901230020001521
WFR t=143885 src=bms type=0x02 len=129 data=d2037c0eed0eec0eed0eed0eed0eec0eed0eed0eeb0eec0eed0eee0ef10ef10ef10ef00ef10ef10ef20ef20ef20ef20ef30ef30ef10ef20ef20ef20000000000000000003d0000000000000000000000000000042e752f02ae0ef30eeb003d003d00000157001c0001001d0000000100010eef0008000a0000000000000000a1f2
WFI t=143904 a=-1675,-3850,-97 g=0,-2,-1
WFR t=143915 src=mcu type=0x01 len=16 data=aa8b40005c03474c775419031a0e80f3
WFR t=143935 src=mcu type=0x01 len=16 data=aa8c2225bf0420034006b80b3e02672c
WFI t=143954 a=-1625,-3863,-90 g=-3,0,1
WFR t=143955 src=mcu type=0x01 len=16 data=aa8d800c800000006c07102780008244
WFR t=143995 src=mcu type=0x01 len=16 data=aa8e01180080000000000000feff3663
WFI t=144004 a=-1642,-3847,-84 g=-2,19,-17
WFR t=144015 src=mcu type=0x01 len=16 data=aa8f2d042f0000000000000000009e61
WFI t=144054 a=-1682,-3858,-92 g=-3,-14,5
WFR t=144055 src=mcu type=0x01 len=16 data=aa90232c00000000000000000000edd3
WFR t=144075 src=mcu type=0x01 len=16 data=aa910b000f00465a667332000b9ed1a0
WFR t=144095 src=mcu type=0x01 len=16 data=aa92000000000000000000000000fbba
WFI t=144104 a=-1625,-3864,-91 g=-2,-27,13
WFR t=144135 src=mcu type=0x01 len=16 data=aa93d804480804242c01c003214fe1ad
WFI t=144154 a=-1627,-3859,-101 g=-3,27,-24
WFR t=144155 src=mcu type=0x01 len=16 data=aa94f0f465fffffff8080d00412af645
WFR t=144195 src=mcu type=0x01 len=16 data=aa9501180080000000000000feff1278
WFI t=144204 a=-1677,-3851,-107 g=-2,7,-12
WFR t=144216 src=mcu type=0x01 len=16 data=aa962d042f000000000000000000bd38
WFI t=144254 a=-1650,-3858,-96 g=-1,-29,25
WFR t=144255 src=mcu type=0x01 len=16 data=aa97232c00000000000000000000e694
WFR t=144275 src=mcu type=0x01 len=16 data=aa9807010200000056117eea00007aa4
WFR t=144290 src=bms type=0x02 len=129 data=d2037c0eed0eec0eed0eed0eed0eec0eed0eed0eeb0eec0eed0eee0ef10ef10ef10ef00ef10ef10ef20ef20ef20ef20ef30ef30ef10ef20ef20ef20000000000000000003d0000000000000000000000000000042e752f02ae0ef30eeb003d003d00000157001c0001001d0000000100010eef0008000a0000000000000000a1f2
WFR t=144295 src=mcu type=0x01 len=16 data=aa991d00ab04a08c64502748395e1e28
WFI t=144304 a=-1621,-3851,-98 g=1,11,-17
WFR t=144335 src=mcu type=0x01 len=16 data=aa9a646464625f5d5b5955010101d546
WFI t=144354 a=-1683,-3854,-96 g=-7,2,-12
WFR t=144355 src=mcu type=0x01 len=16 data=aa9b0101010100000000fbfbecd30e91
WFR t=144375 src=mcu type=0x01 len=16 data=aa9c01180080000000000000ffff0e21
WFI t=144404 a=-1637,-3860,-100 g=-1,-28,18
WFR t=144415 src=mcu type=0x01 len=16 data=aa9d2d042f000000000000000000a7b3
WFR t=144435 src=mcu type=0x01 len=16 data=aa9e232c00000000000000000000fb5d
WFI t=144454 a=-1617,-3859,-94 g=1,25,-24
WFR t=144475 src=mcu type=0x01 len=16 data=aa9fb5a1b0bfd800000000000000dfe1
WFR t=144495 src=mcu type=0x01 len=16 data=aaa000000000020c000035006a00d1bd
WFI t=144504 a=-1680,-3853,-94 g=4,34,-22
WFR t=144535 src=mcu type=0x01 len=16 data=aaa188044a5357583036323430360894
WFI t=144554 a=-1679,-3845,-103 g=-6,-47,18
WFR t=144555 src=mcu type=0x01 len=16 data=aaa231344e4242463930333500005e71
WFR t=144576 src=mcu type=0x01 len=16 data=aaa301180080000000000000feff5a4e
WFI t=144604 a=-1626,-3851,-89 g=-9,-36,21
WFR t=144615 src=mcu type=0x01 len=16 data=aaa42d042f000000000000000000fb8a
WFR t=144635 src=mcu type=0x01 len=16 data=aaa5232c00000000000000000000a026
WFI t=144654 a=-1618,-3850,-98 g=1,35,-27
WFR t=144665 src=bms type=0x02 len=129 data=d2037c0eed0eec0eed0eed0eed0eec0eed0eed0eec0eec0eed0eee0ef10ef10ef10ef00ef10ef10ef20ef20ef20ef20ef30ef30ef10ef20ef20ef20000000000000000003d0000000000000000000000000000042e752f02ae0ef30eec003d003d00000157001c0001001d0000000100010eef0007000a00000000000000004502
WFR t=144675 src=mcu type=0x01 len=16 data=aaa6000000000000000000000000b4ce
WFR t=144695 src=mcu type=0x01 len=16 data=aaa7000000000000000000000000b64f
WFI t=144704 a=-1687,-3853,-94 g=-1,32,-24
WFR t=144715 src=mcu type=0x01 len=16 data=aaa801801b000000400052a8194013c9
WFI t=144754 a=-1664,-3850,-106 g=-5,-22,10
WFR t=144755 src=mcu type=0x01 len=16 data=aaa9028288135c4488132400ec02f999
WFR t=144775 src=mcu type=0x01 len=16 data=aaaa01180080000000000000feff4787
WFI t=144804 a=-1626,-3857,-85 g=1,-23,5
WFR t=144815 src=mcu type=0x01 len=16 data=aaab2d042f000000000000000000ef85
WFR t=144835 src=mcu type=0x01 len=16 data=aaac232c00000000000000000000bdef
WFI t=144854 a=-1639,-3856,-91 g=-3,8,-7
WFR t=144855 src=mcu type=0x01 len=16 data=aaad0048005f00021000000100801d27
WFR t=144924 src=mcu type=0x01 len=16 data=aaae55f04b0b18000000803a40005cef
WFR t=144924 src=mcu type=0x01 len=16 data=aaaf08610005460c2f78a00f090076a9
WFI t=144995 a=-1666,-3857,-93 g=-7,2,-12
WFR t=145082 src=mcu type=0x01 len=16 data=aab00118008000000000ffffffff60a9
WFI t=145118 a=-1617,-3849,-91 g=4,1,6
WFR t=145118 src=mcu type=0x01 len=16 data=aab12d042f000000000000000000c91f
WFR t=145119 src=mcu type=0x01 len=16 data=aab2232c0000000000000000000095f1
WFR t=145119 src=mcu type=0x01 len=16 data=aab3014a02050030000488001b007188
WFR t=145120 src=mcu type=0x01 len=16 data=aab400009f0ca90c9a0c540600001589
WFR t=145121 src=bms type=0x02 len=129 data=d2037c0eed0eec0eed0eed0eed0eec0eed0eed0eec0eec0eed0eee0ef10ef10ef10ef00ef10ef10ef20ef20ef20ef20ef30ef30ef10ef20ef20ef20000000000000000003d0000000000000000000000000000042e752f02ae0ef30eec003d003d00000157001c0001001d0000000100010eef0007000a00000000000000004502
WFR t=145121 src=mcu type=0x01 len=16 data=aab51b00e8517918060eb30ab0009a38
WFR t=145122 src=mcu type=0x01 len=16 data=aab6050804080080cb020122f13fc622
WFI t=145123 a=-1645,-3856,-92 g=0,-17,10
WFI t=145127 a=-1645,-3846,-97 g=-3,-18,11
WFI t=145132 a=-1639,-3838,-98 g=-7,-20,10
WFR t=145159 src=mcu type=0x01 len=16 data=aa8001180080000000000000feff20ed
WFI t=145160 a=-1639,-3845,-92 g=-3,-17,-1
WFI t=145244 a=-1645,-3849,-93 g=0,15,-11
WFR t=145245 src=mcu type=0x01 len=16 data=aa812d042f00000000000000000088ef
WFR t=145245 src=mcu type=0x01 len=16 data=aa82232c00000000000000000000d401
WFR t=145245 src=mcu type=0x01 len=16 data=aa83000100011101b70111019f00058c
WFI t=145254 a=-1643,-3854,-92 g=-2,10,-13
WFR t=145255 src=mcu type=0x01 len=16 data=aa840000090a10560001310051c45a55
WFR t=145295 src=mcu type=0x01 len=16 data=aa8513088003e204080b1000507864d4
WFI t=145304 a=-1659,-3853,-100 g=-5,-1,-3
WFR t=145315 src=mcu type=0x01 len=16 data=aa868403f4010400a00f8813c003f9eb
WFR t=145335 src=mcu type=0x01 len=16 data=aa8701180080000000000000feff2baa
WFI t=145354 a=-1652,-3850,-112 g=-1,-17,4
WFR t=145375 src=mcu type=0x01 len=16 data=aa882d042f0000000000000000009526
WFR t=145395 src=mcu type=0x01 len=16 data=aa89232c00000000000000000000ce8a
WFI t=145404 a=-1647,-3841,-107 g=-3,-5,0
WFR t=145435 src=mcu type=0x01 len=16 data=aa8a480c1c0207284901230020001521
WFI t=145454 a=-1653,-3862,-103 g=-3,7,-11
WFR t=145455 src=mcu type=0x01 len=16 data=aa8b40005c03474c775419031a0e80f3
WFR t=145475 src=mcu type=0x01 len=16 data=aa8c2225bf0420034006b80b3e02672c
WFT t=145487 batt_mv=4188 rssi_mcu=-70 rssi_bms=-81 mcu=5162 bms=259 dropped=0
WFI t=145504 a=-1666,-3859,-90 g=0,6,-8
WFR t=145505 src=bms type=0x02 len=129 data=d2037c0eed0eec0eed0eed0eed0eec0eed0eed0eec0eec0eed0eee0ef10ef00ef10ef00ef10ef10ef20ef20ef20ef20ef30ef30ef10ef20ef20ef20000000000000000003d0000000000000000000000000000042e752f02ae0ef30eec003d003d00000157001c0001001d0000000100010eef0007000a00000000000000005fef
WFR t=145515 src=mcu type=0x01 len=16 data=aa8d800c800000006c07102780008244
WFR t=145536 src=mcu type=0x01 len=16 data=aa8e01180080000000000000ffff37f3
WFI t=145554 a=-1644,-3860,-95 g=-5,-7,-1
WFR t=145576 src=mcu type=0x01 len=16 data=aa8f2d042f0000000000000000009e61
WFR t=145595 src=mcu type=0x01 len=16 data=aa90232c00000000000000000000edd3
WFI t=145604 a=-1653,-3861,-105 g=-3,2,-8
WFR t=145635 src=mcu type=0x01 len=16 data=aa910b000f00465a667332000b9ed1a0
WFI t=145654 a=-1648,-3856,-98 g=1,0,-3
WFR t=145655 src=mcu type=0x01 len=16 data=aa92000000000000000000000000fbba
WFR t=145675 src=mcu type=0x01 len=16 data=aa93d804480804242c01c003214fe1ad
WFI t=145704 a=-1652,-3855,-101 g=-6,-5,0
WFR t=145715 src=mcu type=0x01 len=16 data=aa94f0f465fffffff8080d00412af645
WFR t=145735 src=mcu type=0x01 len=16 data=aa9501180080000000000000ffff13e8
WFI t=145754 a=-1655,-3858,-97 g=-4,-2,-4
WFR t=145776 src=mcu type=0x01 len=16 data=aa962d042f000000000000000000bd38
WFR t=145795 src=mcu type=0x01 len=16 data=aa97232c00000000000000000000e694
WFI t=145804 a=-1660,-3860,-110 g=2,7,-10
WFR t=145815 src=mcu type=0x01 len=16 data=aa9807010200000056117eea00007aa4
WFI t=145854 a=-1659,-3842,-99 g=1,-10,-4
WFR t=145855 src=mcu type=0x01 len=16 data=aa991d00ab04a08c64502748395e1e28
WFR t=145875 src=mcu type=0x01 len=16 data=aa9a646464625f5d5b5955010101d546
WFI t=145904 a=-1633,-3856,-99 g=1,-4,6
WFR t=145910 src=bms type=0x02 len=129 data=d2037c0eed0eec0eed0eed0eed0eec0eed0eed0eec0eec0eed0eee0ef10ef00ef10ef00ef10ef10ef20ef20ef20ef20ef30ef30ef10ef20ef20ef20000000000000000003d0000000000000000000000000000042e752f02ae0ef30eec003d003d00000157001c0001001d0000000100010eef0007000a00000000000000005fef
WFR t=145915 src=mcu type=0x01 len=16 data=aa9b0101010100000000fbfbecd30e91
WFR t=145936 src=mcu type=0x01 len=16 data=aa9c01180080000000000000feff0fb1
WFI t=145954 a=-1658,-3860,-100 g=-4,5,-15
WFR t=145956 src=mcu type=0x01 len=16 data=aa9d2d042f000000000000000000a7b3
WFR t=145995 src=mcu type=0x01 len=16 data=aa9e232c00000000000000000000fb5d
WFI t=146004 a=-1674,-3849,-105 g=-2,-3,2
WFR t=146015 src=mcu type=0x01 len=16 data=aa9fb5a1b0bfd800000000000000dfe1
WFI t=146054 a=-1630,-3858,-98 g=-1,-9,4
WFR t=146055 src=mcu type=0x01 len=16 data=aaa000000000020c000035006a00d1bd
WFR t=146075 src=mcu type=0x01 len=16 data=aaa188044a5357583036323430360894
WFI t=146104 a=-1635,-3853,-91 g=-1,16,-18
WFR t=146115 src=mcu type=0x01 len=16 data=aaa231344e4242463930333500005e71
WFR t=146136 src=mcu type=0x01 len=16 data=aaa301180080000000000000ffff5bde
WFI t=146154 a=-1659,-3856,-101 g=-4,1,-4
WFR t=146155 src=mcu type=0x01 len=16 data=aaa42d042f000000000000000000fb8a
WFR t=146196 src=mcu type=0x01 len=16 data=aaa5232c00000000000000000000a026
WFI t=146205 a=-1656,-3854,-94 g=-7,-26,10
WFR t=146215 src=mcu type=0x01 len=16 data=aaa6000000000000000000000000b4ce
WFI t=146254 a=-1628,-3863,-96 g=-1,6,-5
WFR t=146255 src=mcu type=0x01 len=16 data=aaa7000000000000000000000000b64f
WFR t=146275 src=mcu type=0x01 len=16 data=aaa801801b000000400052a8194013c9
WFR t=146295 src=mcu type=0x01 len=16 data=aaa9028288135c4488132400ec02f999
WFR t=146300 src=bms type=0x02 len=129 data=d2037c0eed0eec0eed0eed0eed0eec0eed0eed0eec0eec0eed0eee0ef10ef00ef10ef00ef10ef10ef20ef20ef20ef20ef30ef30ef10ef20ef20ef20000000000000000003d0000000000000000000000000000042e752f02ae0ef30eec003d003d00000157001c0001001d0000000100010eef0007000a00000000000000005fef
WFI t=146304 a=-1650,-3861,-99 g=0,19,-21
WFR t=146336 src=mcu type=0x01 len=16 data=aaaa01180080000000000000ffff4617
WFI t=146354 a=-1667,-3856,-88 g=-3,-16,4
WFR t=146355 src=mcu type=0x01 len=16 data=aaab2d042f000000000000000000ef85
WFR t=146395 src=mcu type=0x01 len=16 data=aaac232c00000000000000000000bdef
WFI t=146404 a=-1617,-3847,-81 g=-4,-21,9
WFR t=146415 src=mcu type=0x01 len=16 data=aaad0048005f00021000000100801d27
WFR t=146435 src=mcu type=0x01 len=16 data=aaae55f04b0b18000000803a40005cef
WFI t=146454 a=-1629,-3852,-95 g=-1,22,-18
WFR t=146475 src=mcu type=0x01 len=16 data=aaaf08610005460c2f78a00f090076a9
WFR t=146497 src=mcu type=0x01 len=16 data=aab001180080000000000000feff611d
WFI t=146504 a=-1682,-3855,-92 g=1,8,-10
WFR t=146535 src=mcu type=0x01 len=16 data=aab12d042f000000000000000000c91f
WFI t=146589 a=-1619,-3870,-88 g=-2,-16,3
WFR t=146596 src=mcu type=0x01 len=16 data=aab2232c0000000000000000000095f1
WFR t=146596 src=mcu type=0x01 len=16 data=aab3014a02050030000488001b007188
WFI t=146604 a=-1629,-3852,-97 g=-1,-1,-9
WFR t=146616 src=mcu type=0x01 len=16 data=aab400009f0ca90c9a0c540600001589
WFR t=146635 src=mcu type=0x01 len=16 data=aab51b00e8517918060eb30ab0009a38
WFI t=146654 a=-1652,-3868,-88 g=0,14,-11
WFR t=146675 src=mcu type=0x01 len=16 data=aab6050804080080cb020122f13fc622
WFR t=146696 src=mcu type=0x01 len=16 data=aa8001180080000000000000feff20ed
WFI t=146704 a=-1653,-3845,-90 g=-1,-11,4
WFR t=146705 src=bms type=0x02 len=129 data=d2037c0eed0eec0eed0eed0eed0eec0eed0eed0eec0eec0eed0eee0ef10ef10ef10ef00ef10ef10ef20ef20ef20ef20ef30ef20ef10ef20ef20ef20000000000000000003d0000000000000000000000000000042e752f02ae0ef30eec003d003d00000157001c0001001d0000000100010eef0007000a00000000000000000583
WFR t=146736 src=mcu type=0x01 len=16 data=aa812d042f00000000000000000088ef
WFI t=146754 a=-1630,-3849,-90 g=-4,-3,-2
WFR t=146755 src=mcu type=0x01 len=16 data=aa82232c00000000000000000000d401
WFR t=146775 src=mcu type=0x01 len=16 data=aa83000100011101b70111019f00058c
WFI t=146804 a=-1645,-3852,-99 g=-2,9,-15
WFR t=146815 src=mcu type=0x01 len=16 data=aa840000090a10560001310051c45a55
WFR t=146835 src=mcu type=0x01 len=16 data=aa8513088003e204080b1000507864d4
WFI t=146854 a=-1671,-3859,-95 g=-6,-15,2
WFR t=146875 src=mcu type=0x01 len=16 data=aa868403f4010400a00f8813c003f9eb
WFR t=146896 src=mcu type=0x01 len=16 data=aa8701180080000000000000ffff2a3a
WFI t=146904 a=-1641,-3856,-94 g=-5,-18,8
WFR t=147094 src=mcu type=0x01 len=16 data=aa882d042f0000000000000000009526
WFI t=147158 a=-1677,-3855,-91 g=-4,-2,-7
WFR t=147159 src=mcu type=0x01 len=16 data=aa89232c00000000000000000000ce8a
WFR t=147159 src=mcu type=0x01 len=16 data=aa8a480c1c0207284901230020001521
WFR t=147159 src=mcu type=0x01 len=16 data=aa8b40005c03474c775419031a0e80f3
WFI t=147174 a=-1649,-3858,-97 g=4,24,-11
WFR t=147174 src=mcu type=0x01 len=16 data=aa8c2225bf0420034006b80b3e02672c
WFR t=147176 src=mcu type=0x01 len=16 data=aa8d800c800000006c07102780008244
WFI t=147176 a=-1657,-3848,-99 g=1,16,-10
WFR t=147176 src=mcu type=0x01 len=16 data=aa8e01180080000000000000ffff37f3
WFR t=147177 src=mcu type=0x01 len=16 data=aa8f2d042f0000000000000000009e61
WFR t=147177 src=bms type=0x02 len=129 data=d2037c0eed0eec0eed0eed0eed0eec0eed0eed0eec0eec0eed0eee0ef10ef10ef10ef00ef10ef10ef20ef20ef20ef20ef30ef20ef10ef20ef20ef20000000000000000003d0000000000000000000000000000042e752f02ae0ef30eec003d003d00000157001c0001001d0000000100010eef0007000a00000000000000000583
WFI t=147178 a=-1657,-3848,-99 g=1,16,-10
WFI t=147180 a=-1657,-3848,-99 g=1,16,-10
WFR t=147196 src=mcu type=0x01 len=16 data=aa90232c00000000000000000000edd3
WFR t=147197 src=mcu type=0x01 len=16 data=aa910b000f00465a667332000b9ed1a0
WFR t=147197 src=mcu type=0x01 len=16 data=aa92000000000000000000000000fbba
WFI t=147204 a=-1661,-3843,-111 g=-5,-3,-9
WFR t=147235 src=mcu type=0x01 len=16 data=aa93d804480804242c01c003214fe1ad
WFI t=147254 a=-1657,-3855,-85 g=0,-7,5
WFR t=147255 src=mcu type=0x01 len=16 data=aa94f0f465fffffff8080d00412af645
WFR t=147296 src=mcu type=0x01 len=16 data=aa950118008000000000ffffffff13cc
WFI t=147304 a=-1641,-3862,-93 g=-3,-14,-3
WFR t=147315 src=mcu type=0x01 len=16 data=aa962d042f000000000000000000bd38
WFI t=147354 a=-1643,-3851,-94 g=-2,9,-7
WFR t=147355 src=mcu type=0x01 len=16 data=aa97232c00000000000000000000e694
WFR t=147375 src=mcu type=0x01 len=16 data=aa9807010200000056117eea00007aa4
WFR t=147396 src=mcu type=0x01 len=16 data=aa991d00ab04a08c64502748395e1e28
WFI t=147404 a=-1658,-3853,-93 g=-1,15,-15
WFR t=147435 src=mcu type=0x01 len=16 data=aa9a646464625f5d5b5955010101d546
WFI t=147454 a=-1669,-3854,-108 g=-1,-6,-1
WFR t=147455 src=mcu type=0x01 len=16 data=aa9b0101010100000000fbfbecd30e91
WFR t=147496 src=mcu type=0x01 len=16 data=aa9c0118008000000000ffffffff0e05
WFI t=147504 a=-1646,-3849,-94 g=-11,-22,8
WFR t=147516 src=mcu type=0x01 len=16 data=aa9d2d042f000000000000000000a7b3
WFR t=147535 src=mcu type=0x01 len=16 data=aa9e232c00000000000000000000fb5d
WFI t=147555 a=-1642,-3856,-102 g=-2,9,-9
WFR t=147575 src=mcu type=0x01 len=16 data=aa9fb5a1b0bfd800000000000000dfe1
WFR t=147595 src=mcu type=0x01 len=16 data=aaa000000000020c000035006a00d1bd
WFI t=147604 a=-1666,-3854,-103 g=-1,11,-12
WFR t=147636 src=mcu type=0x01 len=16 data=aaa188044a5357583036323430360894
WFI t=147654 a=-1650,-3837,-85 g=-2,-10,2
WFR t=147655 src=mcu type=0x01 len=16 data=aaa231344e4242463930333500005e71
WFR t=147676 src=mcu type=0x01 len=16 data=aaa301180080000000000000feff5a4e
WFI t=147704 a=-1645,-3858,-92 g=-2,-4,-2
WFR t=147716 src=mcu type=0x01 len=16 data=aaa42d042f000000000000000000fb8a
WFR t=147735 src=mcu type=0x01 len=16 data=aaa5232c00000000000000000000a026
WFI t=147755 a=-1648,-3851,-96 g=-3,15,-10
WFR t=147775 src=mcu type=0x01 len=16 data=aaa6000000000000000000000000b4ce
WFR t=147795 src=mcu type=0x01 len=16 data=aaa7000000000000000000000000b64f
WFI t=147804 a=-1663,-3861,-94 g=-2,-6,-5
WFR t=147835 src=mcu type=0x01 len=16 data=aaa801801b000000400052a8194013c9
WFI t=147854 a=-1651,-3846,-100 g=5,-12,5
WFR t=147855 src=mcu type=0x01 len=16 data=aaa9028288135c4488132400ec02f999
WFR t=147876 src=mcu type=0x01 len=16 data=aaaa01180080000000000000ffff4617
WFI t=147904 a=-1649,-3851,-106 g=-6,-1,-8
WFR t=147916 src=mcu type=0x01 len=16 data=aaab2d042f000000000000000000ef85
WFR t=147935 src=mcu type=0x01 len=16 data=aaac232c00000000000000000000bdef
WFI t=147954 a=-1656,-3851,-94 g=4,11,-10
WFR t=147975 src=mcu type=0x01 len=16 data=aaad0048005f00021000000100801d27
WFR t=147995 src=mcu type=0x01 len=16 data=aaae55f04b0b18000000803a40005cef
WFI t=148004 a=-1651,-3864,-99 g=-2,3,-6
WFR t=148036 src=mcu type=0x01 len=16 data=aaaf08610005460c2f78a00f090076a9
WFI t=148054 a=-1659,-3840,-101 g=-11,-16,1
WFR t=148056 src=mcu type=0x01 len=16 data=aab001180080000000000000feff611d
WFR t=148076 src=mcu type=0x01 len=16 data=aab12d042f000000000000000000c91f
WFI t=148104 a=-1641,-3852,-107 g=1,-16,6
WFR t=148115 src=mcu type=0x01 len=16 data=aab2232c0000000000000000000095f1
WFR t=148135 src=mcu type=0x01 len=16 data=aab3014a02050030000488001b007188
WFI t=148154 a=-1633,-3838,-97 g=0,18,-16
WFR t=148155 src=mcu type=0x01 len=16 data=aab400009f0ca90c9a0c540600001589
WFR t=148195 src=mcu type=0x01 len=16 data=aab51b00e8517918060e750ab000a6b0
WFI t=148204 a=-1666,-3849,-96 g=1,15,-14
WFR t=148215 src=mcu type=0x01 len=16 data=aab6050804080080cb020122f13fc622
WFI t=148254 a=-1648,-3860,-103 g=-9,-21,7
WFR t=148256 src=mcu type=0x01 len=16 data=aa8001180080000000000000ffff217d
WFR t=148276 src=mcu type=0x01 len=16 data=aa812d042f00000000000000000088ef
WFR t=148295 src=mcu type=0x01 len=16 data=aa82232c00000000000000000000d401
WFI t=148304 a=-1638,-3857,-99 g=-3,-22,5
WFR t=148335 src=mcu type=0x01 len=16 data=aa83000100011101b70111019f00058c
WFI t=148354 a=-1636,-3838,-85 g=6,18,-8
WFR t=148356 src=mcu type=0x01 len=16 data=aa840000090a10560001310051c45a55
WFR t=148395 src=mcu type=0x01 len=16 data=aa8513088003e204080b1000507864d4
WFI t=148404 a=-1653,-3848,-97 g=2,20,-19
WFR t=148416 src=mcu type=0x01 len=16 data=aa868403f4010400a00f8813c003f9eb
WFI t=148454 a=-1669,-3852,-95 g=-2,-13,8
WFR t=148456 src=mcu type=0x01 len=16 data=aa8701180080000000000000ffff2a3a
WFR t=148476 src=mcu type=0x01 len=16 data=aa882d042f0000000000000000009526
WFR t=148495 src=mcu type=0x01 len=16 data=aa89232c00000000000000000000ce8a
WFI t=148504 a=-1645,-3853,-96 g=-5,-28,9
WFI t=148554 a=-1636,-3860,-99 g=0,6,-7
WFR t=148556 src=mcu type=0x01 len=16 data=aa8a480c1c0207284901230020001521
WFR t=148556 src=mcu type=0x01 len=16 data=aa8b40005c03474c775419031a0e80f3
WFR t=148596 src=mcu type=0x01 len=16 data=aa8c2225bf0420034006b80b3e02672c
WFI t=148604 a=-1651,-3857,-100 g=-6,21,-17
WFR t=148615 src=mcu type=0x01 len=16 data=aa8d800c800000006c07102780008244
WFR t=148636 src=mcu type=0x01 len=16 data=aa8e01180080000000000000ffff37f3
WFI t=148654 a=-1686,-3860,-85 g=-10,-11,-1
WFR t=148676 src=mcu type=0x01 len=16 data=aa8f2d042f0000000000000000009e61
WFR t=148695 src=mcu type=0x01 len=16 data=aa90232c00000000000000000000edd3
WFI t=148704 a=-1642,-3854,-85 g=-1,-14,5
WFR t=148735 src=mcu type=0x01 len=16 data=aa910b000f00465a667332000b9ed1a0
WFI t=148754 a=-1652,-3853,-94 g=-5,-2,-11
WFR t=148755 src=mcu type=0x01 len=16 data=aa92000000000000000000000000fbba
WFR t=148775 src=mcu type=0x01 len=16 data=aa93d804480804242c01c003214fe1ad
WFI t=148804 a=-1656,-3854,-94 g=-2,7,-1
WFR t=148815 src=mcu type=0x01 len=16 data=aa94f0f465fffffff8080d00412af645
WFR t=148836 src=mcu type=0x01 len=16 data=aa9501180080000000000000feff1278
WFI t=148854 a=-1647,-3855,-92 g=-1,6,-11
WFR t=148876 src=mcu type=0x01 len=16 data=aa962d042f000000000000000000bd38
WFR t=148895 src=mcu type=0x01 len=16 data=aa97232c00000000000000000000e694
WFI t=148904 a=-1672,-3854,-91 g=0,-6,-4
WFR t=148949 src=mcu type=0x01 len=16 data=aa9807010200000056117eea00007aa4
WFR t=148960 src=mcu type=0x01 len=16 data=aa991d00ab04a08c64502748395e1e28
WFR t=149022 src=mcu type=0x01 len=16 data=aa9a646464625f5d5b5955010101d546
WFR t=149022 src=mcu type=0x01 len=16 data=aa9b0101010100000000fbfbecd30e91
WFR t=149038 src=mcu type=0x01 len=16 data=aa9c01180080000000000000feff0fb1
WFI t=149039 a=-1633,-3858,-90 g=-9,-20,7
WFI t=149041 a=-1647,-3862,-102 g=0,21,-18
WFI t=149054 a=-1672,-3860,-104 g=-4,17,-17
WFR t=149076 src=mcu type=0x01 len=16 data=aa9d2d042f000000000000000000a7b3
WFR t=149095 src=mcu type=0x01 len=16 data=aa9e232c00000000000000000000fb5d
WFI t=149104 a=-1657,-3847,-92 g=-2,-14,5
WFR t=149115 src=mcu type=0x01 len=16 data=aa9fb5a1b0bfd800000000000000dfe1
WFI t=149154 a=-1633,-3852,-97 g=-5,-20,6
WFR t=149155 src=mcu type=0x01 len=16 data=aaa000000000020c000035006a00d1bd
WFR t=149175 src=mcu type=0x01 len=16 data=aaa188044a5357583036323430360894
WFI t=149205 a=-1636,-3864,-96 g=2,15,-12
WFR t=149215 src=mcu type=0x01 len=16 data=aaa231344e4242463930333500005e71
WFR t=149236 src=mcu type=0x01 len=16 data=aaa301180080000000000000ffff5bde
WFI t=149254 a=-1679,-3846,-108 g=-2,7,-12
WFR t=149256 src=mcu type=0x01 len=16 data=aaa42d042f000000000000000000fb8a
WFR t=149296 src=mcu type=0x01 len=16 data=aaa5232c00000000000000000000a026
WFI t=149304 a=-1643,-3848,-92 g=0,-5,2
WFR t=149316 src=mcu type=0x01 len=16 data=aaa6000000000000000000000000b4ce
WFI t=149354 a=-1653,-3863,-87 g=-2,-12,-5
WFR t=149355 src=mcu type=0x01 len=16 data=aaa7000000000000000000000000b64f
WFR t=149375 src=mcu type=0x01 len=16 data=aaa801801b000000400052a8194013c9
WFR t=149395 src=mcu type=0x01 len=16 data=aaa9028288135c4488132400ec02f999
WFI t=149404 a=-1662,-3850,-90 g=0,-7,2
WFR t=149436 src=mcu type=0x01 len=16 data=aaaa01180080000000000000feff4787
WFI t=149454 a=-1641,-3841,-103 g=2,6,-8
WFR t=149456 src=mcu type=0x01 len=16 data=aaab2d042f000000000000000000ef85
WFR t=149496 src=mcu type=0x01 len=16 data=aaac232c00000000000000000000bdef
WFI t=149505 a=-1658,-3856,-104 g=-3,15,-15
WFR t=149515 src=mcu type=0x01 len=16 data=aaad0048005f00021000000100801d27
WFI t=149554 a=-1652,-3862,-95 g=-4,-13,3
WFR t=149556 src=mcu type=0x01 len=16 data=aaae55f04b0b18000000803a40005cef
WFR t=149575 src=mcu type=0x01 len=16 data=aaaf08610005460c2f78a00f090076a9
WFR t=149596 src=mcu type=0x01 len=16 data=aab001180080000000000000feff611d
WFI t=149604 a=-1649,-3864,-92 g=-5,-19,6
WFR t=149636 src=mcu type=0x01 len=16 data=aab12d042f000000000000000000c91f
WFI t=149654 a=-1648,-3844,-86 g=-4,10,-9
WFR t=149656 src=mcu type=0x01 len=16 data=aab2232c0000000000000000000095f1
WFR t=149696 src=mcu type=0x01 len=16 data=aab3014a02050030000488001b007188
WFI t=149704 a=-1674,-3865,-102 g=-1,9,-13
WFR t=149715 src=mcu type=0x01 len=16 data=aab400009f0ca90c9a0c540600001589
WFR t=149736 src=mcu type=0x01 len=16 data=aab51b00e8517918060eb00ab0009a7c
WFI t=149754 a=-1666,-3848,-95 g=-1,-9,4
WFR t=149775 src=mcu type=0x01 len=16 data=aab6050804080080cb020122f13fc622
WFR t=149796 src=mcu type=0x01 len=16 data=aa8001180080000000000000ffff217d
WFI t=149804 a=-1647,-3851,-94 g=-10,-10,-1
WFR t=149836 src=mcu type=0x01 len=16 data=aa812d042f00000000000000000088ef
WFI t=149854 a=-1642,-3844,-85 g=-6,6,-7
WFR t=149856 src=mcu type=0x01 len=16 data=aa82232c00000000000000000000d401
WFI t=149907 a=-1656,-3857,-95 g=-4,3,-7
WFR t=149916 src=mcu type=0x01 len=16 data=aa83000100011101b70111019f00058c
WFR t=149917 src=mcu type=0x01 len=16 data=aa840000090a10560001310051c45a55
WFR t=149935 src=mcu type=0x01 len=16 data=aa8513088003e204080b1000507864d4
WFI t=149954 a=-1657,-3853,-93 g=0,-6,-2
WFR t=149976 src=mcu type=0x01 len=16 data=aa868403f4010400a00f8813c003f9eb
WFR t=149996 src=mcu type=0x01 len=16 data=aa8701180080000000000100feff2a56
WFI t=150004 a=-1642,-3853,-88 g=-2,-5,-3
WFR t=150036 src=mcu type=0x01 len=16 data=aa882d042f0000000000000000009526
WFI t=150054 a=-1653,-3861,-80 g=-3,2,-7
WFR t=150055 src=mcu type=0x01 len=16 data=aa89232c00000000000000000000ce8a
WFR t=150075 src=mcu type=0x01 len=16 data=aa8a480c1c0207284901230020001521
WFI t=150104 a=-1666,-3870,-101 g=-3,-1,-5
WFR t=150116 src=mcu type=0x01 len=16 data=aa8b40005c03474c775419031a0e80f3
WFR t=150136 src=mcu type=0x01 len=16 data=aa8c2225bf0420034006b80b3e02672c
WFI t=150154 a=-1643,-3855,-96 g=1,-3,-2
WFR t=150175 src=mcu type=0x01 len=16 data=aa8d800c800000006c07102780008244
WFR t=150196 src=mcu type=0x01 len=16 data=aa8e01180080000000000000feff3663
WFI t=150204 a=-1657,-3858,-84 g=0,-4,-5
WFR t=150216 src=mcu type=0x01 len=16 data=aa8f2d042f0000000000000000009e61
WFI t=150254 a=-1651,-3853,-101 g=-8,-8,-1
WFR t=150256 src=mcu type=0x01 len=16 data=aa90232c00000000000000000000edd3
WFR t=150276 src=mcu type=0x01 len=16 data=aa910b000f00465a667332000b9ed1a0
WFI t=150304 a=-1642,-3849,-92 g=-4,0,-5
WFR t=150316 src=mcu type=0x01 len=16 data=aa92000000000000000000000000fbba
WFR t=150336 src=mcu type=0x01 len=16 data=aa93d804480804242c01c003214fe1ad
WFI t=150354 a=-1651,-3853,-107 g=-5,10,-10
WFR t=150356 src=mcu type=0x01 len=16 data=aa94f0f465fffffff8080d00412af645
WFR t=150396 src=mcu type=0x01 len=16 data=aa9501180080000000000000ffff13e8
WFI t=150404 a=-1660,-3850,-82 g=-8,-9,2
WFR t=150416 src=mcu type=0x01 len=16 data=aa962d042f000000000000000000bd38
WFI t=150454 a=-1642,-3856,-101 g=1,1,0
WFR t=150456 src=mcu type=0x01 len=16 data=aa97232c00000000000000000000e694
WFR t=150475 src=mcu type=0x01 len=16 data=aa9807010200000056117eea00007aa4
WFR t=150495 src=mcu type=0x01 len=16 data=aa991d00ab04a08c64502748395e1e28
WFI t=150504 a=-1647,-3876,-89 g=-2,7,-12
WFR t=150536 src=mcu type=0x01 len=16 data=aa9a646464625f5d5b5955010101d546
WFI t=150554 a=-1659,-3856,-98 g=-3,-2,0
WFR t=150556 src=mcu type=0x01 len=16 data=aa9b0101010100000000fbfbecd30e91
WFR t=150596 src=mcu type=0x01 len=16 data=aa9c01180080000000000000ffff0e21
WFI t=150604 a=-1644,-3859,-93 g=-5,-3,-5
WFR t=150616 src=mcu type=0x01 len=16 data=aa9d2d042f000000000000000000a7b3
WFT t=150655 batt_mv=4188 rssi_mcu=-73 rssi_bms=-81 mcu=5344 bms=264 dropped=0
WFI t=150656 a=-1639,-3846,-90 g=-4,0,-9
WFR t=150656 src=mcu type=0x01 len=16 data=aa9e232c00000000000000000000fb5d
WFR t=150676 src=mcu type=0x01 len=16 data=aa9fb5a1b0bfd800000000000000dfe1
WFR t=150696 src=mcu type=0x01 len=16 data=aaa000000000020c000035006a00d1bd
WFI t=150704 a=-1650,-3848,-91 g=-5,-8,1
WFR t=150736 src=mcu type=0x01 len=16 data=aaa188044a5357583036323430360894
WFI t=150821 a=-1674,-3852,-98 g=-6,0,-9
WFI t=150880 a=-1670,-3853,-103 g=-1,-6,-1
WFI t=150894 a=-1632,-3853,-83 g=-2,-18,8
WFR t=150896 src=mcu type=0x01 len=16 data=aaa231344e4242463930333500005e71
WFR t=150896 src=mcu type=0x01 len=16 data=aaa301180080000000000000ffff5bde
WFR t=150897 src=mcu type=0x01 len=16 data=aaa42d042f000000000000000000fb8a
WFR t=150897 src=mcu type=0x01 len=16 data=aaa5232c00000000000000000000a026
WFR t=150897 src=mcu type=0x01 len=16 data=aaa6000000000000000000000000b4ce
WFR t=150897 src=mcu type=0x01 len=16 data=aaa7000000000000000000000000b64f
WFI t=150904 a=-1640,-3851,-75 g=0,-3,0
WFI t=151039 a=-1655,-3869,-94 g=2,23,-21
WFR t=151039 src=mcu type=0x01 len=16 data=aaa801801b000000400052a8194013c9
WFR t=151040 src=mcu type=0x01 len=16 data=aaa9028288135c4488132400ec02f999
WFR t=151040 src=mcu type=0x01 len=16 data=aaaa01180080000000000000ffff4617
WFR t=151040 src=mcu type=0x01 len=16 data=aaab2d042f000000000000000000ef85
WFR t=151040 src=mcu type=0x01 len=16 data=aaac232c00000000000000000000bdef
WFI t=151041 a=-1653,-3850,-103 g=-3,-19,7
WFI t=151054 a=-1644,-3844,-105 g=-7,-22,5
WFR t=151076 src=mcu type=0x01 len=16 data=aaad0048005f00021000000100801d27
WFR t=151096 src=mcu type=0x01 len=16 data=aaae55f04b0b18000000803a40005cef
WFI t=151104 a=-1661,-3865,-79 g=-6,-8,-1
WFR t=151136 src=mcu type=0x01 len=16 data=aaaf08610005460c2f78a00f090076a9
WFI t=151154 a=-1632,-3855,-87 g=-3,11,-10
WFR t=151156 src=mcu type=0x01 len=16 data=aab001180080000000000000feff611d
WFR t=151176 src=mcu type=0x01 len=16 data=aab12d042f000000000000000000c91f
WFI t=151204 a=-1670,-3841,-101 g=-1,12,-12
WFR t=151216 src=mcu type=0x01 len=16 data=aab2232c0000000000000000000095f1
WFR t=151236 src=mcu type=0x01 len=16 data=aab3014a02050030000488001b007188
WFI t=151254 a=-1664,-3845,-101 g=6,-8,0
WFR t=151276 src=mcu type=0x01 len=16 data=aab400009f0ca90c9a0c540600001589
WFR t=151296 src=mcu type=0x01 len=16 data=aab51b00e8517918060eca0ab0008364
WFI t=151305 a=-1646,-3856,-82 g=-1,-20,4
WFR t=151316 src=mcu type=0x01 len=16 data=aab6050804080080cb020122f13fc622
WFI t=151354 a=-1648,-3863,-90 g=-1,7,-6
WFR t=151356 src=mcu type=0x01 len=16 data=aa800118008000000000ffffffff2159
WFR t=151376 src=mcu type=0x01 len=16 data=aa812d042f00000000000000000088ef
WFI t=151404 a=-1680,-3859,-113 g=0,14,-15
WFR t=151416 src=mcu type=0x01 len=16 data=aa82232c00000000000000000000d401
WFR t=151436 src=mcu type=0x01 len=16 data=aa83000100011101b70111019f00058c
WFI t=151454 a=-1671,-3858,-96 g=-5,-11,6
WFR t=151456 src=mcu type=0x01 len=16 data=aa840000090a10560001310051c45a55
WFR t=151496 src=mcu type=0x01 len=16 data=aa8513088003e204080b1000507864d4
WFI t=151504 a=-1622,-3852,-94 g=-9,-3,-4
WFR t=151516 src=mcu type=0x01 len=16 data=aa868403f4010400a00f8813c003f9eb
WFI t=151554 a=-1655,-3846,-95 g=0,0,-14
WFR t=151556 src=mcu type=0x01 len=16 data=aa870118008000000000ffffffff2a1e
WFR t=151576 src=mcu type=0x01 len=16 data=aa882d042f0000000000000000009526
WFR t=151596 src=mcu type=0x01 len=16 data=aa89232c00000000000000000000ce8a
WFI t=151605 a=-1649,-3856,-87 g=-9,-13,9
WFR t=151636 src=mcu type=0x01 len=16 data=aa8a480c1c0207284901230020001521
WFI t=151654 a=-1629,-3847,-103 g=-3,10,-10
WFR t=151656 src=mcu type=0x01 len=16 data=aa8b40005c03474c775419031a0e80f3
WFR t=151696 src=mcu type=0x01 len=16 data=aa8c2225bf0420034006b80b3e02672c
WFI t=151704 a=-1660,-3851,-101 g=2,23,-17
WFR t=151716 src=mcu type=0x01 len=16 data=aa8d800c800000006c07102780008244
WFI t=151754 a=-1666,-3850,-94 g=-3,-24,7
WFR t=151756 src=mcu type=0x01 len=16 data=aa8e01180080000000000000feff3663
WFR t=151776 src=mcu type=0x01 len=16 data=aa8f2d042f0000000000000000009e61
WFR t=151796 src=mcu type=0x01 len=16 data=aa90232c00000000000000000000edd3
WFI t=151804 a=-1640,-3855,-89 g=1,-26,9
WFR t=151836 src=mcu type=0x01 len=16 data=aa910b000f00465a667332000b9ed1a0
WFI t=151854 a=-1647,-3848,-104 g=1,23,-14
WFR t=151856 src=mcu type=0x01 len=16 data=aa92000000000000000000000000fbba
WFR t=151896 src=mcu type=0x01 len=16 data=aa93d804480804242c01c003214fe1ad
WFI t=151905 a=-1674,-3844,-102 g=-2,22,-19
WFR t=151916 src=mcu type=0x01 len=16 data=aa94f0f465fffffff8080d00412af645
WFR t=151936 src=mcu type=0x01 len=16 data=aa9501180080000000000000ffff13e8
WFI t=151954 a=-1667,-3862,-98 g=2,-14,6
WFR t=151976 src=mcu type=0x01 len=16 data=aa962d042f000000000000000000bd38
WFR t=151996 src=mcu type=0x01 len=16 data=aa97232c00000000000000000000e694
WFI t=152004 a=-1643,-3845,-92 g=-6,-25,5
WFR t=152036 src=mcu type=0x01 len=16 data=aa9807010200000056117eea00007aa4
WFI t=152054 a=-1651,-3850,-99 g=-3,0,-6
WFR t=152056 src=mcu type=0x01 len=16 data=aa991d00ab04a08c64502748395e1e28
WFR t=152076 src=mcu type=0x01 len=16 data=aa9a646464625f5d5b5955010101d546
WFI t=152104 a=-1657,-3856,-110 g=-1,21,-14
WFR t=152116 src=mcu type=0x01 len=16 data=aa9b0101010100000000fbfbecd30e91
WFR t=152136 src=mcu type=0x01 len=16 data=aa9c01180080000000000000feff0fb1
WFI t=152154 a=-1666,-3852,-92 g=-3,8,-9
WFR t=152176 src=mcu type=0x01 len=16 data=aa9d2d042f000000000000000000a7b3
WFR t=152196 src=mcu type=0x01 len=16 data=aa9e232c00000000000000000000fb5d
WFI t=152204 a=-1652,-3856,-97 g=-4,-20,6
WFR t=152216 src=mcu type=0x01 len=16 data=aa9fb5a1b0bfd800000000000000dfe1
WFI t=152254 a=-1637,-3867,-97 g=-4,-14,1
WFR t=152256 src=mcu type=0x01 len=16 data=aaa000000000020c000035006a00d1bd
WFR t=152276 src=mcu type=0x01 len=16 data=aaa188044a5357583036323430360894
WFI t=152304 a=-1645,-3851,-97 g=-3,3,-8
WFR t=152316 src=mcu type=0x01 len=16 data=aaa231344e4242463930333500005e71
WFR t=152336 src=mcu type=0x01 len=16 data=aaa301180080000000000000feff5a4e
WFI t=152355 a=-1659,-3854,-100 g=-2,18,-8
WFR t=152376 src=mcu type=0x01 len=16 data=aaa42d042f000000000000000000fb8a
WFR t=152396 src=mcu type=0x01 len=16 data=aaa5232c00000000000000000000a026
WFI t=152404 a=-1650,-3856,-97 g=-4,8,-14
WFR t=152416 src=mcu type=0x01 len=16 data=aaa6000000000000000000000000b4ce
WFI t=152454 a=-1667,-3857,-87 g=-9,-17,4
WFR t=152456 src=mcu type=0x01 len=16 data=aaa7000000000000000000000000b64f
WFR t=152476 src=mcu type=0x01 len=16 data=aaa801801b000000400052a8194013c9
WFI t=152504 a=-1632,-3850,-93 g=-8,-26,8
WFR t=152516 src=mcu type=0x01 len=16 data=aaa9028288135c4488132400ec02f999
WFR t=152536 src=mcu type=0x01 len=16 data=aaaa01180080000000000000ffff4617
WFI t=152554 a=-1642,-3854,-93 g=-4,12,-11
WFR t=152556 src=mcu type=0x01 len=16 data=aaab2d042f000000000000000000ef85
WFR t=152596 src=mcu type=0x01 len=16 data=aaac232c00000000000000000000bdef
WFI t=152604 a=-1649,-3845,-97 g=0,27,-21
WFR t=152616 src=mcu type=0x01 len=16 data=aaad0048005f00021000000100801d27
WFI t=152654 a=-1670,-3855,-102 g=-6,-10,-2
WFR t=152656 src=mcu type=0x01 len=16 data=aaae55f04b0b18000000803a40005cef
WFR t=152676 src=mcu type=0x01 len=16 data=aaaf08610005460c2f78a00f090076a9
WFR t=152696 src=mcu type=0x01 len=16 data=aab001180080000000000000ffff608d
WFI t=152704 a=-1659,-3845,-99 g=-5,-38,16
WFR t=152736 src=mcu type=0x01 len=16 data=aab12d042f000000000000000000c91f
WFI t=152754 a=-1625,-3854,-97 g=4,3,-6
WFR t=152756 src=mcu type=0x01 len=16 data=aab2232c0000000000000000000095f1
WFR t=152796 src=mcu type=0x01 len=16 data=aab3014a02050030000488001b007188
WFI t=152804 a=-1659,-3849,-93 g=-4,24,-19
WFR t=152816 src=mcu type=0x01 len=16 data=aab400009f0ca90c9a0c540600001589
WFI t=152854 a=-1657,-3844,-99 g=-4,3,-3
WFR t=152856 src=mcu type=0x01 len=16 data=aab51b00e8517918060eca0ab0008364
WFR t=152876 src=mcu type=0x01 len=16 data=aab6050804080080cb020122f13fc622
WFR t=152896 src=mcu type=0x01 len=16 data=aa8001180080000000000000feff20ed
WFI t=152904 a=-1654,-3846,-98 g=-5,-22,2
WFR t=152936 src=mcu type=0x01 len=16 data=aa812d042f00000000000000000088ef
WFR t=152974 src=mcu type=0x01 len=16 data=aa82232c00000000000000000000d401
WFI t=153044 a=-1639,-3854,-104 g=-2,-1,-6
WFI t=153059 a=-1648,-3847,-105 g=2,8,-3
WFR t=153059 src=mcu type=0x01 len=16 data=aa83000100011101b70111019f00058c
WFR t=153060 src=mcu type=0x01 len=16 data=aa840000090a10560001310051c45a55
WFR t=153060 src=mcu type=0x01 len=16 data=aa8513088003e204080b1000507864d4
WFI t=153061 a=-1658,-3864,-92 g=-3,6,-4
WFR t=153076 src=mcu type=0x01 len=16 data=aa868403f4010400a00f8813c003f9eb
WFR t=153096 src=mcu type=0x01 len=16 data=aa8701180080000000000000ffff2a3a
WFI t=153104 a=-1657,-3853,-87 g=-7,-1,-8
WFR t=153136 src=mcu type=0x01 len=16 data=aa882d042f0000000000000000009526
WFI t=153154 a=-1658,-3841,-96 g=-3,-2,-2
WFR t=153156 src=mcu type=0x01 len=16 data=aa89232c00000000000000000000ce8a
WFR t=153176 src=mcu type=0x01 len=16 data=aa8a480c1c0207284901230020001521
WFI t=153204 a=-1664,-3864,-89 g=-6,-12,-2
WFR t=153216 src=mcu type=0x01 len=16 data=aa8b40005c03474c775419031a0e80f3
WFR t=153236 src=mcu type=0x01 len=16 data=aa8c2225bf0420034006b80b3e02672c
WFI t=153254 a=-1636,-3865,-97 g=-3,1,-1
WFR t=153276 src=mcu type=0x01 len=16 data=aa8d800c800000006c07102780008244
WFR t=153296 src=mcu type=0x01 len=16 data=aa8e01180080000000000000ffff37f3
WFI t=153304 a=-1650,-3840,-109 g=1,9,-12
WFR t=153316 src=mcu type=0x01 len=16 data=aa8f2d042f0000000000000000009e61
WFI t=153354 a=-1666,-3856,-96 g=-2,-3,-4
WFR t=153356 src=mcu type=0x01 len=16 data=aa90232c00000000000000000000edd3
WFR t=153376 src=mcu type=0x01 len=16 data=aa910b000f00465a667332000b9ed1a0
WFI t=153404 a=-1654,-3848,-94 g=-1,-12,4
WFR t=153416 src=mcu type=0x01 len=16 data=aa92000000000000000000000000fbba
WFR t=153453 src=mcu type=0x01 len=16 data=aa93d804480804242c01c003214fe1ad
WFI t=153464 a=-1648,-3849,-88 g=-2,7,-13
WFR t=153476 src=mcu type=0x01 len=16 data=aa94f0f465fffffff8080d00412af645
WFR t=153496 src=mcu type=0x01 len=16 data=aa9501180080000000000000ffff13e8
WFI t=153505 a=-1660,-3858,-98 g=0,7,-7
WFR t=153516 src=mcu type=0x01 len=16 data=aa962d042f000000000000000000bd38
WFI t=153554 a=-1656,-3864,-96 g=-8,-16,1
WFR t=153556 src=mcu type=0x01 len=16 data=aa97232c00000000000000000000e694
WFR t=153576 src=mcu type=0x01 len=16 data=aa9807010200000056117eea00007aa4
WFI t=153604 a=-1638,-3846,-94 g=-11,-6,-1
WFR t=153616 src=mcu type=0x01 len=16 data=aa991d00ab04a08c64502748395e1e28
WFR t=153636 src=mcu type=0x01 len=16 data=aa9a646464625f5d5b5955010101d546
WFI t=153654 a=-1648,-3854,-105 g=0,6,-11
WFR t=153676 src=mcu type=0x01 len=16 data=aa9b0101010100000000fbfbecd30e91
WFR t=153696 src=mcu type=0x01 len=16 data=aa9c01180080000000000000ffff0e21
WFI t=153705 a=-1668,-3856,-94 g=-2,1,-6
WFR t=153716 src=mcu type=0x01 len=16 data=aa9d2d042f000000000000000000a7b3
WFI t=153754 a=-1648,-3862,-97 g=-3,-6,-2
WFR t=153756 src=mcu type=0x01 len=16 data=aa9e232c00000000000000000000fb5d
WFR t=153776 src=mcu type=0x01 len=16 data=aa9fb5a1b0bfd800000000000000dfe1
WFR t=153796 src=mcu type=0x01 len=16 data=aaa000000000020c000035006a00d1bd
WFI t=153804 a=-1645,-3843,-102 g=0,0,-7
WFR t=153836 src=mcu type=0x01 len=16 data=aaa188044a5357583036323430360894
WFI t=153854 a=-1657,-3848,-108 g=-3,0,-2
WFR t=153856 src=mcu type=0x01 len=16 data=aaa231344e4242463930333500005e71
WFR t=153896 src=mcu type=0x01 len=16 data=aaa301180080000000000000ffff5bde
WFI t=153904 a=-1660,-3854,-94 g=-3,-5,-5
WFR t=153916 src=mcu type=0x01 len=16 data=aaa42d042f000000000000000000fb8a
WFI t=153954 a=-1658,-3842,-93 g=-2,6,-4
WFR t=153956 src=mcu type=0x01 len=16 data=aaa5232c00000000000000000000a026
WFR t=153976 src=mcu type=0x01 len=16 data=aaa6000000000000000000000000b4ce
WFR t=153996 src=mcu type=0x01 len=16 data=aaa7000000000000000000000000b64f
WFI t=154004 a=-1645,-3852,-98 g=-9,-2,-7
WFR t=154036 src=mcu type=0x01 len=16 data=aaa801801b000000400052a8194013c9
WFI t=154054 a=-1666,-3858,-97 g=0,-12,2
WFR t=154056 src=mcu type=0x01 len=16 data=aaa9028288135c4488132400ec02f999
WFR t=154096 src=mcu type=0x01 len=16 data=aaaa01180080000000000000ffff4617
WFI t=154104 a=-1621,-3855,-100 g=-5,1,-7
WFR t=154116 src=mcu type=0x01 len=16 data=aaab2d042f000000000000000000ef85
WFR t=154136 src=mcu type=0x01 len=16 data=aaac232c00000000000000000000bdef
WFI t=154154 a=-1671,-3849,-90 g=0,9,-10
WFR t=154176 src=mcu type=0x01 len=16 data=aaad0048005f00021000000100801d27
WFR t=154196 src=mcu type=0x01 len=16 data=aaae55f04b0b18000000803a40005cef
WFI t=154204 a=-1658,-3839,-96 g=4,-3,5
WFR t=154236 src=mcu type=0x01 len=16 data=aaaf08610005460c2f78a00f090076a9
WFI t=154254 a=-1653,-3864,-99 g=-3,-1,-12
WFR t=154256 src=mcu type=0x01 len=16 data=aab001180080000000000000feff611d
WFR t=154276 src=mcu type=0x01 len=16 data=aab12d042f000000000000000000c91f
WFI t=154304 a=-1669,-3854,-95 g=-6,-6,-3
WFR t=154316 src=mcu type=0x01 len=16 data=aab2232c0000000000000000000095f1
WFR t=154336 src=mcu type=0x01 len=16 data=aab3014a02050030000488001b007188
WFI t=154354 a=-1644,-3850,-90 g=2,-10,2
WFR t=154376 src=mcu type=0x01 len=16 data=aab400009f0ca90c9a0c540600001589
WFR t=154396 src=mcu type=0x01 len=16 data=aab51b00e8517918060e770ab000a708
WFI t=154404 a=-1635,-3855,-94 g=-1,12,-13
WFR t=154416 src=mcu type=0x01 len=16 data=aab6050804080080cb020122f13fc622
WFI t=154454 a=-1676,-3864,-92 g=-1,15,-15
WFR t=154456 src=mcu type=0x01 len=16 data=aa8001180080000000000000feff20ed
WFR t=154476 src=mcu type=0x01 len=16 data=aa812d042f00000000000000000088ef
WFI t=154504 a=-1677,-3847,-93 g=-9,-23,2
WFR t=154516 src=mcu type=0x01 len=16 data=aa82232c00000000000000000000d401
WFR t=154536 src=mcu type=0x01 len=16 data=aa83000100011101b70111019f00058c
WFI t=154554 a=-1637,-3857,-105 g=-4,-20,11
WFR t=154576 src=mcu type=0x01 len=16 data=aa840000090a10560001310051c45a55
WFR t=154596 src=mcu type=0x01 len=16 data=aa8513088003e204080b1000507864d4
WFI t=154604 a=-1646,-3853,-96 g=-6,18,-17
WFR t=154616 src=mcu type=0x01 len=16 data=aa868403f4010400a00f8813c003f9eb
WFI t=154654 a=-1664,-3856,-94 g=-3,19,-12
WFR t=154656 src=mcu type=0x01 len=16 data=aa8701180080000000000000ffff2a3a
WFR t=154676 src=mcu type=0x01 len=16 data=aa882d042f0000000000000000009526
WFI t=154704 a=-1650,-3845,-102 g=-9,-17,2
WFR t=154716 src=mcu type=0x01 len=16 data=aa89232c00000000000000000000ce8a
WFR t=154736 src=mcu type=0x01 len=16 data=aa8a480c1c0207284901230020001521
WFI t=154754 a=-1636,-3844,-89 g=-1,-19,2
WFR t=154756 src=mcu type=0x01 len=16 data=aa8b40005c03474c775419031a0e80f3
WFR t=154796 src=mcu type=0x01 len=16 data=aa8c2225bf0420034006b80b3e02672c
WFI t=154804 a=-1641,-3850,-102 g=1,1,-6
WFR t=154816 src=mcu type=0x01 len=16 data=aa8d800c800000006c07102780008244
WFI t=154854 a=-1657,-3857,-104 g=-7,14,-11
WFR t=154856 src=mcu type=0x01 len=16 data=aa8e01180080000000000000ffff37f3
WFR t=154896 src=mcu type=0x01 len=16 data=aa8f2d042f0000000000000000009e61
WFR t=154897 src=mcu type=0x01 len=16 data=aa90232c00000000000000000000edd3
WFI t=154904 a=-1666,-3841,-95 g=0,7,-9
WFR t=154936 src=mcu type=0x01 len=16 data=aa910b000f00465a667332000b9ed1a0
WFI t=154981 a=-1657,-3848,-94 g=-3,-21,7
WFR t=155000 src=mcu type=0x01 len=16 data=aa92000000000000000000000000fbba
WFR t=155000 src=mcu type=0x01 len=16 data=aa93d804480804242c01c003214fe1ad
WFI t=155005 a=-1646,-3852,-87 g=-2,-15,5
WFR t=155018 src=mcu type=0x01 len=16 data=aa94f0f465fffffff8080d00412af645
WFR t=155060 src=mcu type=0x01 len=16 data=aa9501180080000000000100feff1384
WFI t=155132 a=-1645,-3871,-99 g=-1,14,-12
WFI t=155206 a=-1664,-3852,-102 g=-2,0,-5
WFR t=155206 src=mcu type=0x01 len=16 data=aa962d042f000000000000000000bd38
WFR t=155221 src=mcu type=0x01 len=16 data=aa97232c00000000000000000000e694
WFI t=155282 a=-1638,-3850,-93 g=-6,-15,-1
WFR t=155282 src=mcu type=0x01 len=16 data=aa9807010200000056117eea00007aa4
WFI t=155298 a=-1650,-3855,-89 g=4,6,-3
WFR t=155299 src=mcu type=0x01 len=16 data=aa991d00ab04a08c64502748395e1e28
WFR t=155299 src=mcu type=0x01 len=16 data=aa9a646464625f5d5b5955010101d546
WFR t=155299 src=mcu type=0x01 len=16 data=aa9b0101010100000000fbfbecd30e91
WFR t=155300 src=mcu type=0x01 len=16 data=aa9c01180080000000000000ffff0e21
WFR t=155300 src=mcu type=0x01 len=16 data=aa9d2d042f000000000000000000a7b3
WFI t=155300 a=-1646,-3849,-101 g=-1,8,-6
WFR t=155300 src=mcu type=0x01 len=16 data=aa9e232c00000000000000000000fb5d
WFI t=155304 a=-1643,-3845,-93 g=0,7,-7
WFR t=155336 src=mcu type=0x01 len=16 data=aa9fb5a1b0bfd800000000000000dfe1
WFI t=155354 a=-1662,-3851,-83 g=-4,6,-8
WFR t=155356 src=mcu type=0x01 len=16 data=aaa000000000020c000035006a00d1bd
WFR t=155376 src=mcu type=0x01 len=16 data=aaa188044a5357583036323430360894
WFI t=155404 a=-1646,-3863,-91 g=-1,-4,-4
WFR t=155416 src=mcu type=0x01 len=16 data=aaa231344e4242463930333500005e71
WFR t=155436 src=mcu type=0x01 len=16 data=aaa301180080000000000000feff5a4e
WFI t=155454 a=-1654,-3859,-92 g=-5,-14,1
WFR t=155476 src=mcu type=0x01 len=16 data=aaa42d042f000000000000000000fb8a
WFR t=155496 src=mcu type=0x01 len=16 data=aaa5232c00000000000000000000a026
WFI t=155504 a=-1644,-3855,-102 g=3,6,-3
WFR t=155516 src=mcu type=0x01 len=16 data=aaa6000000000000000000000000b4ce
WFI t=155554 a=-1652,-3847,-90 g=-1,10,-14
WFR t=155556 src=mcu type=0x01 len=16 data=aaa7000000000000000000000000b64f
WFR t=155576 src=mcu type=0x01 len=16 data=aaa801801b000000400052a8194013c9
WFI t=155604 a=-1654,-3849,-100 g=-6,-9,4
WFR t=155616 src=mcu type=0x01 len=16 data=aaa9028288135c4488132400ec02f999
WFR t=155636 src=mcu type=0x01 len=16 data=aaaa01180080000000000000feff4787
WFI t=155654 a=-1642,-3846,-97 g=-2,-4,-1
WFR t=155676 src=mcu type=0x01 len=16 data=aaab2d042f000000000000000000ef85
WFR t=155696 src=mcu type=0x01 len=16 data=aaac232c00000000000000000000bdef
WFI t=155704 a=-1666,-3862,-98 g=-6,6,-12
WFR t=155716 src=mcu type=0x01 len=16 data=aaad0048005f00021000000100801d27
WFT t=155752 batt_mv=4188 rssi_mcu=-71 rssi_bms=-81 mcu=5525 bms=264 dropped=0
WFI t=155754 a=-1658,-3853,-98 g=1,0,-1
WFR t=155756 src=mcu type=0x01 len=16 data=aaae55f04b0b18000000803a40005cef
WFR t=155776 src=mcu type=0x01 len=16 data=aaaf08610005460c2f78a00f090076a9
WFI t=155804 a=-1656,-3846,-97 g=-2,-7,-3
WFR t=155816 src=mcu type=0x01 len=16 data=aab001180080000000000000feff611d
WFR t=155836 src=mcu type=0x01 len=16 data=aab12d042f000000000000000000c91f
WFI t=155854 a=-1653,-3867,-109 g=-1,2,-4
WFR t=155856 src=mcu type=0x01 len=16 data=aab2232c0000000000000000000095f1
WFR t=155896 src=mcu type=0x01 len=16 data=aab3014a02050030000488001b007188
WFI t=155904 a=-1649,-3855,-91 g=-5,1,-4
WFR t=155916 src=mcu type=0x01 len=16 data=aab400009f0ca90c9a0c540600001589
WFI t=155954 a=-1655,-3853,-98 g=-2,3,-8
WFR t=155956 src=mcu type=0x01 len=16 data=aab51b00e8517918060e600ab000a2bc
WFR t=155976 src=mcu type=0x01 len=16 data=aab6050804080080cb020122f13fc622
WFR t=155996 src=mcu type=0x01 len=16 data=aa8001180080000000000000ffff217d
WFI t=156004 a=-1653,-3863,-94 g=-4,-4,-2
WFR t=156036 src=mcu type=0x01 len=16 data=aa812d042f00000000000000000088ef
WFI t=156054 a=-1649,-3850,-100 g=-5,-5,-2
WFR t=156056 src=mcu type=0x01 len=16 data=aa82232c00000000000000000000d401
WFR t=156096 src=mcu type=0x01 len=16 data=aa83000100011101b70111019f00058c
WFI t=156104 a=-1661,-3864,-102 g=-6,-5,-4
WFR t=156116 src=mcu type=0x01 len=16 data=aa840000090a10560001310051c45a55
WFR t=156136 src=mcu type=0x01 len=16 data=aa8513088003e204080b1000507864d4
WFI t=156154 a=-1645,-3849,-97 g=-3,-10,2
WFR t=156176 src=mcu type=0x01 len=16 data=aa868403f4010400a00f8813c003f9eb
WFR t=156196 src=mcu type=0x01 len=16 data=aa870118008000000000ffffffff2a1e
WFI t=156204 a=-1633,-3859,-94 g=3,13,-11
WFR t=156236 src=mcu type=0x01 len=16 data=aa882d042f0000000000000000009526
WFI t=156254 a=-1659,-3842,-97 g=-4,9,-15
WFR t=156256 src=mcu type=0x01 len=16 data=aa89232c00000000000000000000ce8a
WFR t=156296 src=mcu type=0x01 len=16 data=aa8a480c1c0207284901230020001521
WFI t=156304 a=-1657,-3855,-107 g=-5,-21,8
WFR t=156316 src=mcu type=0x01 len=16 data=aa8b40005c03474c775419031a0e80f3
WFR t=156336 src=mcu type=0x01 len=16 data=aa8c2225bf0420034006b80b3e02672c
WFI t=156354 a=-1625,-3854,-95 g=-3,-14,4
WFR t=156376 src=mcu type=0x01 len=16 data=aa8d800c800000006c07102780008244
WFR t=156396 src=mcu type=0x01 len=16 data=aa8e01180080000000000000feff3663
WFI t=156404 a=-1645,-3861,-92 g=0,22,-16
WFR t=156436 src=mcu type=0x01 len=16 data=aa8f2d042f0000000000000000009e61
WFI t=156454 a=-1671,-3860,-87 g=-6,8,-8
WFR t=156456 src=mcu type=0x01 len=16 data=aa90232c00000000000000000000edd3
WFR t=156476 src=mcu type=0x01 len=16 data=aa910b000f00465a667332000b9ed1a0
WFI t=156504 a=-1648,-3848,-87 g=-3,-19,4
WFR t=156516 src=mcu type=0x01 len=16 data=aa92000000000000000000000000fbba
WFR t=156536 src=mcu type=0x01 len=16 data=aa93d804480804242c01c003214fe1ad
WFI t=156554 a=-1650,-3841,-100 g=-6,-13,-2
WFR t=156576 src=mcu type=0x01 len=16 data=aa94f0f465fffffff8080d00412af645
WFR t=156596 src=mcu type=0x01 len=16 data=aa9501180080000000000000ffff13e8
WFI t=156604 a=-1639,-3844,-91 g=-2,6,-7
WFR t=156616 src=mcu type=0x01 len=16 data=aa962d042f000000000000000000bd38
WFI t=156654 a=-1651,-3858,-104 g=-2,17,-13
WFR t=156656 src=mcu type=0x01 len=16 data=aa97232c00000000000000000000e694
WFR t=156676 src=mcu type=0x01 len=16 data=aa9807010200000056117eea00007aa4
WFI t=156704 a=-1668,-3850,-94 g=2,-2,-2
WFR t=156716 src=mcu type=0x01 len=16 data=aa991d00ab04a08c64502748395e1e28
WFR t=156736 src=mcu type=0x01 len=16 data=aa9a646464625f5d5b5955010101d546
WFI t=156754 a=-1653,-3859,-94 g=-7,-19,5
WFR t=156776 src=mcu type=0x01 len=16 data=aa9b0101010100000000fbfbecd30e91
WFR t=156796 src=mcu type=0x01 len=16 data=aa9c01180080000000000000feff0fb1
WFI t=156804 a=-1652,-3845,-91 g=-5,-3,-4
WFR t=156816 src=mcu type=0x01 len=16 data=aa9d2d042f000000000000000000a7b3
WFI t=156854 a=-1646,-3844,-93 g=-3,18,-13
WFR t=156856 src=mcu type=0x01 len=16 data=aa9e232c00000000000000000000fb5d
WFR t=156876 src=mcu type=0x01 len=16 data=aa9fb5a1b0bfd800000000000000dfe1
WFI t=156904 a=-1676,-3853,-98 g=-2,0,-7
WFR t=156916 src=mcu type=0x01 len=16 data=aaa000000000020c000035006a00d1bd
WFR t=156936 src=mcu type=0x01 len=16 data=aaa188044a5357583036323430360894
WFI t=156954 a=-1648,-3843,-93 g=-5,-12,4
WFR t=156956 src=mcu type=0x01 len=16 data=aaa231344e4242463930333500005e71
WFR t=157113 src=mcu type=0x01 len=16 data=aaa301180080000000000000feff5a4e
WFI t=157177 a=-1667,-3850,-88 g=-7,2,-7
WFR t=157177 src=mcu type=0x01 len=16 data=aaa42d042f000000000000000000fb8a
WFR t=157192 src=mcu type=0x01 len=16 data=aaa5232c00000000000000000000a026
WFE t=157193 bms stale, no frame for 10015 ms, dropping link
WFR t=157193 src=mcu type=0x01 len=16 data=aaa6000000000000000000000000b4ce
WFR t=157194 src=mcu type=0x01 len=16 data=aaa7000000000000000000000000b64f
WFR t=157194 src=mcu type=0x01 len=16 data=aaa801801b000000400052a8194013c9
WFE t=157257 bms link down (stale) after 66 answers in 37174 ms, writes=90 err=0 silent=24 bytes=8514
WFI t=157257 a=-1634,-3846,-107 g=2,5,-5
WFI t=157273 a=-1655,-3859,-92 g=-8,-6,-6
WFR t=157274 src=mcu type=0x01 len=16 data=aaa9028288135c4488132400ec02f999
WFR t=157274 src=mcu type=0x01 len=16 data=aaaa01180080000000000000feff4787
WFR t=157276 src=mcu type=0x01 len=16 data=aaab2d042f000000000000000000ef85
WFR t=157276 src=mcu type=0x01 len=16 data=aaac232c00000000000000000000bdef
WFR t=157276 src=mcu type=0x01 len=16 data=aaad0048005f00021000000100801d27
WFI t=157277 a=-1664,-3848,-96 g=-2,-6,-1
WFI t=157279 a=-1664,-3848,-96 g=-2,-6,-1
WFI t=157281 a=-1650,-3845,-96 g=-1,-5,1
WFE t=157284 bms disconnected reason=534
WFI t=157304 a=-1649,-3860,-98 g=-3,-3,0
WFR t=157313 src=mcu type=0x01 len=16 data=aaae55f04b0b18000000803a40005cef
WFR t=157335 src=mcu type=0x01 len=16 data=aaaf08610005460c2f78a00f090076a9
WFI t=157354 a=-1650,-3850,-80 g=-2,1,-9
WFR t=157356 src=mcu type=0x01 len=16 data=aab001180080000000000000feff611d
WFR t=157395 src=mcu type=0x01 len=16 data=aab12d042f000000000000000000c91f
WFI t=157404 a=-1666,-3857,-100 g=-6,-2,-1
WFR t=157415 src=mcu type=0x01 len=16 data=aab2232c0000000000000000000095f1
WFR t=157435 src=mcu type=0x01 len=16 data=aab3014a02050030000488001b007188
WFI t=157454 a=-1640,-3856,-109 g=-5,-2,-5
WFR t=157475 src=mcu type=0x01 len=16 data=aab400009f0ca90c9a0c540600001589
WFR t=157496 src=mcu type=0x01 len=16 data=aab51b00e8517918060ed40ab000854c
WFI t=157504 a=-1647,-3849,-94 g=-3,5,-10
WFR t=157535 src=mcu type=0x01 len=16 data=aab6050804080080cb020122f13fc622
WFI t=157554 a=-1649,-3844,-105 g=-8,-10,-1
WFR t=157556 src=mcu type=0x01 len=16 data=aa8001180080000000000000ffff217d
WFR t=157575 src=mcu type=0x01 len=16 data=aa812d042f00000000000000000088ef
WFI t=157604 a=-1641,-3841,-100 g=-4,0,-2
WFR t=157615 src=mcu type=0x01 len=16 data=aa82232c00000000000000000000d401
WFR t=157635 src=mcu type=0x01 len=16 data=aa83000100011101b70111019f00058c
WFI t=157654 a=-1649,-3845,-101 g=-3,10,-11
WFR t=157675 src=mcu type=0x01 len=16 data=aa840000090a10560001310051c45a55
WFR t=157696 src=mcu type=0x01 len=16 data=aa8513088003e204080b1000507864d4
WFI t=157704 a=-1678,-3842,-105 g=-1,-11,2
WFR t=157716 src=mcu type=0x01 len=16 data=aa868403f4010400a00f8813c003f9eb
WFI t=157754 a=-1654,-3847,-93 g=1,-15,5
WFR t=157756 src=mcu type=0x01 len=16 data=aa8701180080000000000000ffff2a3a
WFR t=157776 src=mcu type=0x01 len=16 data=aa882d042f0000000000000000009526
WFI t=157804 a=-1637,-3854,-97 g=2,16,-14
WFR t=157816 src=mcu type=0x01 len=16 data=aa89232c00000000000000000000ce8a
WFR t=157836 src=mcu type=0x01 len=16 data=aa8a480c1c0207284901230020001521
WFI t=157854 a=-1667,-3847,-104 g=0,14,-15
WFR t=157876 src=mcu type=0x01 len=16 data=aa8b40005c03474c775419031a0e80f3
WFR t=157896 src=mcu type=0x01 len=16 data=aa8c2225bf0420034006b80b3e02672c
WFI t=157904 a=-1649,-3841,-98 g=-5,-21,8
WFR t=157916 src=mcu type=0x01 len=16 data=aa8d800c800000006c07102780008244
WFI t=157954 a=-1633,-3859,-106 g=-8,-16,4
WFR t=157977 src=mcu type=0x01 len=16 data=aa8e01180080000000000000ffff37f3
WFR t=157977 src=mcu type=0x01 len=16 data=aa8f2d042f0000000000000000009e61
WFI t=158004 a=-1652,-3850,-88 g=-6,9,-12
WFR t=158016 src=mcu type=0x01 len=16 data=aa90232c00000000000000000000edd3
WFR t=158036 src=mcu type=0x01 len=16 data=aa910b000f00465a667332000b9ed1a0
WFI t=158054 a=-1647,-3846,-98 g=0,16,-8
WFR t=158056 src=mcu type=0x01 len=16 data=aa92000000000000000000000000fbba
WFR t=158096 src=mcu type=0x01 len=16 data=aa93d804480804242c01c003214fe1ad
WFI t=158104 a=-1662,-3843,-96 g=-3,-4,-9
WFR t=158116 src=mcu type=0x01 len=16 data=aa94f0f465fffffff8080d00412af645
WFI t=158154 a=-1653,-3861,-104 g=-3,-16,7
WFR t=158156 src=mcu type=0x01 len=16 data=aa9501180080000000000000ffff13e8
WFR t=158176 src=mcu type=0x01 len=16 data=aa962d042f000000000000000000bd38
WFR t=158196 src=mcu type=0x01 len=16 data=aa97232c00000000000000000000e694
WFI t=158204 a=-1647,-3849,-102 g=-8,-9,-3
WFR t=158236 src=mcu type=0x01 len=16 data=aa9807010200000056117eea00007aa4
WFI t=158254 a=-1645,-3850,-97 g=0,11,-10
WFR t=158256 src=mcu type=0x01 len=16 data=aa991d00ab04a08c64502748395e1e28
WFR t=158296 src=mcu type=0x01 len=16 data=aa9a646464625f5d5b5955010101d546
WFI t=158304 a=-1654,-3850,-94 g=5,-4,-4
WFR t=158316 src=mcu type=0x01 len=16 data=aa9b0101010100000000fbfbecd30e91
WFR t=158336 src=mcu type=0x01 len=16 data=aa9c01180080000000000000ffff0e21
WFI t=158354 a=-1648,-3855,-100 g=-3,-1,-3
WFR t=158376 src=mcu type=0x01 len=16 data=aa9d2d042f000000000000000000a7b3
WFR t=158396 src=mcu type=0x01 len=16 data=aa9e232c00000000000000000000fb5d
WFI t=158404 a=-1650,-3858,-91 g=1,2,-8
WFR t=158436 src=mcu type=0x01 len=16 data=aa9fb5a1b0bfd800000000000000dfe1
WFI t=158454 a=-1653,-3860,-94 g=0,-9,1
WFR t=158456 src=mcu type=0x01 len=16 data=aaa000000000020c000035006a00d1bd
WFR t=158496 src=mcu type=0x01 len=16 data=aaa188044a5357583036323430360894
WFI t=158504 a=-1651,-3854,-91 g=-7,-13,9
WFR t=158516 src=mcu type=0x01 len=16 data=aaa231344e4242463930333500005e71
WFR t=158536 src=mcu type=0x01 len=16 data=aaa301180080000000000000feff5a4e
WFI t=158554 a=-1632,-3852,-109 g=-2,7,-8
WFR t=158576 src=mcu type=0x01 len=16 data=aaa42d042f000000000000000000fb8a
WFR t=158596 src=mcu type=0x01 len=16 data=aaa5232c00000000000000000000a026
WFI t=158604 a=-1673,-3849,-93 g=-1,6,-10
WFR t=158636 src=mcu type=0x01 len=16 data=aaa6000000000000000000000000b4ce
WFI t=158654 a=-1661,-3847,-106 g=-8,-12,3
WFR t=158656 src=mcu type=0x01 len=16 data=aaa7000000000000000000000000b64f
WFR t=158676 src=mcu type=0x01 len=16 data=aaa801801b000000400052a8194013c9
WFI t=158704 a=-1641,-3844,-95 g=1,0,1
WFR t=158716 src=mcu type=0x01 len=16 data=aaa9028288135c4488132400ec02f999
WFR t=158736 src=mcu type=0x01 len=16 data=aaaa01180080000000000000ffff4617
WFI t=158754 a=-1654,-3865,-87 g=-4,1,-4
WFR t=158776 src=mcu type=0x01 len=16 data=aaab2d042f000000000000000000ef85
WFR t=158796 src=mcu type=0x01 len=16 data=aaac232c00000000000000000000bdef
WFI t=158804 a=-1657,-3852,-92 g=-6,-16,3
WFR t=158816 src=mcu type=0x01 len=16 data=aaad0048005f00021000000100801d27
WFI t=158854 a=-1629,-3862,-85 g=1,-11,3
WFR t=158856 src=mcu type=0x01 len=16 data=aaae55f04b0b18000000803a40005cef
WFR t=158876 src=mcu type=0x01 len=16 data=aaaf08610005460c2f78a00f090076a9
WFI t=158904 a=-1655,-3857,-104 g=0,20,-18
WFR t=158916 src=mcu type=0x01 len=16 data=aab001180080000000000000ffff608d
WFR t=158936 src=mcu type=0x01 len=16 data=aab12d042f000000000000000000c91f
WFI t=158954 a=-1687,-3854,-74 g=-3,10,-9
WFR t=159012 src=mcu type=0x01 len=16 data=aab2232c0000000000000000000095f1
WFR t=159012 src=mcu type=0x01 len=16 data=aab3014a02050030000488001b007188
WFI t=159082 a=-1648,-3851,-98 g=-7,-25,10
WFR t=159098 src=mcu type=0x01 len=16 data=aab400009f0ca90c9a0c540600001589
WFR t=159098 src=mcu type=0x01 len=16 data=aab51b00e8517918060ed40ab000854c
WFR t=159098 src=mcu type=0x01 len=16 data=aab6050804080080cb020122f13fc622
WFI t=159098 a=-1671,-3860,-108 g=-3,10,-13
WFI t=159104 a=-1648,-3846,-95 g=-2,10,-15
WFR t=159116 src=mcu type=0x01 len=16 data=aa8001180080000000000000feff20ed
WFR t=159136 src=mcu type=0x01 len=16 data=aa812d042f00000000000000000088ef
WFI t=159154 a=-1657,-3855,-88 g=5,8,-2
WFR t=159156 src=mcu type=0x01 len=16 data=aa82232c00000000000000000000d401
WFR t=159196 src=mcu type=0x01 len=16 data=aa83000100011101b70111019f00058c
WFI t=159204 a=-1645,-3866,-81 g=-3,-3,-6
WFR t=159216 src=mcu type=0x01 len=16 data=aa840000090a10560001310051c45a55
WFI t=159254 a=-1655,-3860,-86 g=0,-4,-2
WFR t=159256 src=mcu type=0x01 len=16 data=aa8513088003e204080b1000507864d4
WFR t=159276 src=mcu type=0x01 len=16 data=aa868403f4010400a00f8813c003f9eb
WFR t=159296 src=mcu type=0x01 len=16 data=aa870118008000000000ffffffff2a1e
WFI t=159304 a=-1636,-3852,-82 g=-2,-11,-1
WFR t=159336 src=mcu type=0x01 len=16 data=aa882d042f0000000000000000009526
WFI t=159354 a=-1647,-3861,-89 g=1,17,-9
WFR t=159356 src=mcu type=0x01 len=16 data=aa89232c00000000000000000000ce8a
WFR t=159396 src=mcu type=0x01 len=16 data=aa8a480c1c0207284901230020001521
WFI t=159404 a=-1677,-3848,-101 g=-4,5,-15
WFR t=159416 src=mcu type=0x01 len=16 data=aa8b40005c03474c775419031a0e80f3
WFR t=159436 src=mcu type=0x01 len=16 data=aa8c2225bf0420034006b80b3e02672c
WFI t=159454 a=-1652,-3857,-72 g=-2,-21,18
WFR t=159476 src=mcu type=0x01 len=16 data=aa8d800c800000006c07102780008244
WFR t=159496 src=mcu type=0x01 len=16 data=aa8e01180080000000000000ffff37f3
WFI t=159504 a=-1614,-3863,-102 g=-4,7,-11
WFR t=159536 src=mcu type=0x01 len=16 data=aa8f2d042f0000000000000000009e61
WFI t=159554 a=-1685,-3860,-94 g=-3,27,-21
WFR t=159556 src=mcu type=0x01 len=16 data=aa90232c00000000000000000000edd3
WFR t=159596 src=mcu type=0x01 len=16 data=aa910b000f00465a667332000b9ed1a0
WFI t=159604 a=-1657,-3854,-103 g=-6,-14,6
WFR t=159616 src=mcu type=0x01 len=16 data=aa92000000000000000000000000fbba
WFR t=159636 src=mcu type=0x01 len=16 data=aa93d804480804242c01c003214fe1ad
WFI t=159654 a=-1645,-3865,-77 g=-7,-19,1
WFR t=159676 src=mcu type=0x01 len=16 data=aa94f0f465fffffff8080d00412af645
WFR t=159696 src=mcu type=0x01 len=16 data=aa9501180080000000000000ffff13e8
WFI t=159704 a=-1664,-3861,-92 g=2,7,-9
WFR t=159742 src=mcu type=0x01 len=16 data=aa962d042f000000000000000000bd38
WFI t=159754 a=-1659,-3858,-95 g=-3,10,-8
WFR t=159756 src=mcu type=0x01 len=16 data=aa97232c00000000000000000000e694
WFR t=159776 src=mcu type=0x01 len=16 data=aa9807010200000056117eea00007aa4
WFI t=159804 a=-1648,-3858,-90 g=0,-2,-7
WFR t=159816 src=mcu type=0x01 len=16 data=aa991d00ab04a08c64502748395e1e28
WFR t=159836 src=mcu type=0x01 len=16 data=aa9a646464625f5d5b5955010101d546
WFI t=159854 a=-1662,-3856,-91 g=-4,-6,-2
WFR t=159876 src=mcu type=0x01 len=16 data=aa9b0101010100000000fbfbecd30e91
WFR t=159896 src=mcu type=0x01 len=16 data=aa9c01180080000000000000ffff0e21
WFI t=159904 a=-1654,-3849,-79 g=-3,-5,0
WFR t=159916 src=mcu type=0x01 len=16 data=aa9d2d042f000000000000000000a7b3
WFI t=159954 a=-1643,-3849,-85 g=-6,-6,-8
WFR t=159956 src=mcu type=0x01 len=16 data=aa9e232c00000000000000000000fb5d
WFR t=159976 src=mcu type=0x01 len=16 data=aa9fb5a1b0bfd800000000000000dfe1
WFI t=160004 a=-1666,-3855,-99 g=1,19,-10
WFR t=160016 src=mcu type=0x01 len=16 data=aaa000000000020c000035006a00d1bd
WFR t=160036 src=mcu type=0x01 len=16 data=aaa188044a5357583036323430360894
WFI t=160054 a=-1659,-3852,-94 g=-9,2,-13
WFR t=160076 src=mcu type=0x01 len=16 data=aaa231344e4242463930333500005e71
WFR t=160096 src=mcu type=0x01 len=16 data=aaa301180080000000000000ffff5bde
WFI t=160104 a=-1678,-3832,-94 g=-6,-24,14
WFR t=160116 src=mcu type=0x01 len=16 data=aaa42d042f000000000000000000fb8a
WFI t=160154 a=-1640,-3855,-75 g=-7,-23,6
WFR t=160156 src=mcu type=0x01 len=16 data=aaa5232c00000000000000000000a026
WFR t=160176 src=mcu type=0x01 len=16 data=aaa6000000000000000000000000b4ce
WFI t=160204 a=-1647,-3861,-100 g=0,27,-19
WFR t=160216 src=mcu type=0x01 len=16 data=aaa7000000000000000000000000b64f
WFE t=160221 bms subscribed val=0x0010 cccd=0x0011 ctrl=0x0014 mtu=512 regs=62
WFE t=160223 bms conn itvl=80 latency=0 timeout=600
WFE t=160235 bms reconnected (attempt 4)
WFR t=160236 src=mcu type=0x01 len=16 data=aaa801801b000000400052a8194013c9
WFE t=160252 stop: user
CAPDUMP_END records=0
wf>  